assignment_id,experiment_id,user_id,variant,assigned_date
9,11,3273,A,02-Oct-25
14,11,5412,A,07-Jul-25
19,11,262,A,18-Dec-25
25,11,7633,A,04-Apr-25
40,11,5811,A,09-Mar-25
55,11,5580,A,10-May-25
82,11,1693,A,08-Mar-25
84,11,6479,A,23-Nov-25
105,11,987,A,09-Oct-25
120,11,2723,A,18-Oct-25
190,11,440,A,07-Jun-25
197,11,2201,A,26-Nov-25
207,11,7596,A,08-Jan-25
221,11,4938,A,24-Nov-25
231,11,5065,A,25-Jun-25
305,11,3676,A,01-Jan-26
311,11,5791,A,23-Jul-25
338,11,575,A,16-Feb-25
364,11,281,A,14-Oct-25
369,11,1376,A,27-Apr-25
378,11,6972,A,19-Feb-25
499,11,484,A,21-Jan-25
543,11,6787,A,01-Aug-25
618,11,4231,A,14-Sep-25
653,11,2327,A,12-Jan-25
661,11,5336,A,23-Aug-25
735,11,1312,A,25-Sep-25
737,11,791,A,29-Aug-25
790,11,4623,A,21-Jun-25
804,11,5188,A,07-Aug-25
836,11,4069,A,25-Jan-25
841,11,5700,A,15-Dec-25
852,11,752,A,10-Nov-25
859,11,5742,A,07-Oct-25
870,11,3751,A,11-Jan-26
891,11,7737,A,05-Jan-25
895,11,4668,A,30-Nov-25
909,11,4955,A,14-Sep-25
936,11,1307,A,29-Sep-25
944,11,7803,A,02-Mar-25
957,11,3987,A,03-Mar-25
980,11,3570,A,09-Aug-25
985,11,4528,A,05-Aug-25
1049,11,1182,A,15-Sep-25
1055,11,3789,A,02-Jan-25
1056,11,7317,A,10-Mar-25
1057,11,2977,A,30-Aug-25
1078,11,4337,A,02-Sep-25
1099,11,4733,A,16-Sep-25
1106,11,422,A,30-Sep-25
1159,11,2906,A,13-Apr-25
1194,11,1567,A,10-Nov-25
1216,11,3558,A,06-Mar-25
1263,11,7926,A,28-Jan-25
1269,11,1005,A,03-Jun-25
1300,11,3041,A,07-Aug-25
1302,11,4831,A,07-Jan-25
1304,11,1115,A,30-Sep-25
1307,11,2924,A,23-Nov-25
1310,11,4420,A,30-Nov-25
1317,11,5962,A,07-Jan-25
1346,11,7798,A,18-Aug-25
1400,11,2933,A,27-Oct-25
1402,11,7013,A,16-Jan-26
1419,11,5219,A,12-Jun-25
1453,11,5274,A,03-Oct-25
1454,11,5344,A,17-May-25
1463,11,6587,A,01-Oct-25
1473,11,3883,A,02-Mar-25
1542,11,2770,A,15-Mar-25
1614,11,6585,A,30-Apr-25
1620,11,6521,A,15-Apr-25
1630,11,958,A,06-Jan-26
1640,11,57,A,09-Apr-25
1648,11,990,A,30-Apr-25
1654,11,7413,A,29-Sep-25
1680,11,4982,A,05-Mar-25
1705,11,3096,A,24-Oct-25
1721,11,1868,A,10-Feb-25
1742,11,2624,A,02-Aug-25
1777,11,3608,A,08-Apr-25
1794,11,6527,A,06-Jan-26
1799,11,1102,A,29-Sep-25
1881,11,2442,A,31-Mar-25
1899,11,6745,A,22-Jan-25
1919,11,3992,A,23-Apr-25
1939,11,2870,A,14-Sep-25
1947,11,863,A,31-Dec-25
1951,11,3126,A,13-Dec-25
1961,11,106,A,28-May-25
1968,11,4725,A,04-Oct-25
2018,11,2268,A,03-Jan-25
2022,11,7883,A,15-Nov-25
2059,11,7828,A,13-Mar-25
2066,11,576,A,26-Jun-25
2070,11,6145,A,08-Dec-25
2107,11,2075,A,25-Jul-25
2117,11,1111,A,08-Apr-25
2136,11,2570,A,08-Jun-25
2147,11,5728,A,02-Jun-25
2179,11,2631,A,12-Jan-26
2215,11,6557,A,01-May-25
2223,11,1988,A,17-Oct-25
2229,11,316,A,04-Jan-25
2241,11,4272,A,13-Jul-25
2248,11,6106,A,16-Aug-25
2307,11,1046,A,24-May-25
2325,11,7094,A,17-Aug-25
2349,11,7058,A,08-Sep-25
2384,11,3722,A,13-Jan-26
2388,11,3602,A,20-Sep-25
2415,11,5090,A,26-Jun-25
2426,11,1191,A,25-Apr-25
2442,11,7812,A,21-Jun-25
2479,11,3107,A,06-Feb-25
2520,11,2320,A,17-Sep-25
2594,11,5965,A,20-Dec-25
2671,11,6498,A,27-Dec-25
2672,11,3825,A,30-Jul-25
2684,11,5648,A,14-Jun-25
2701,11,3838,A,17-Jul-25
2777,11,5080,A,16-Jan-26
2869,11,2260,A,06-Jan-26
2877,11,1190,A,16-Mar-25
2904,11,323,A,29-Mar-25
2910,11,6326,A,24-May-25
2916,11,1663,A,24-Nov-25
2969,11,7510,A,03-Aug-25
2991,11,4101,A,30-Oct-25
3046,11,4088,A,11-Oct-25
3063,11,6057,A,18-Jun-25
3098,11,813,A,29-Jun-25
3135,11,6919,A,25-Dec-25
3146,11,2618,A,30-Oct-25
3191,11,2792,A,18-Apr-25
3192,11,7096,A,31-May-25
3217,11,4121,A,13-Nov-25
3263,11,3264,A,13-Jan-25
3290,11,1643,A,13-Aug-25
3322,11,6691,A,08-Dec-25
3328,11,3877,A,06-Feb-25
3354,11,1592,A,03-May-25
3389,11,4446,A,21-Jan-25
3394,11,1720,A,15-Jan-25
3412,11,7236,A,21-Apr-25
3443,11,3731,A,11-Feb-25
3462,11,7955,A,30-Jan-25
3543,11,6626,A,29-Mar-25
3578,11,5435,A,25-Nov-25
3581,11,6424,A,04-Nov-25
3612,11,349,A,10-Oct-25
3622,11,3648,A,15-Dec-25
3637,11,4426,A,28-May-25
3679,11,6547,A,30-Apr-25
3714,11,7248,A,15-Mar-25
3729,11,2350,A,02-Jun-25
3767,11,630,A,17-Sep-25
3828,11,679,A,04-Oct-25
3836,11,2254,A,07-Dec-25
3842,11,3959,A,27-Nov-25
3868,11,6808,A,10-May-25
3892,11,206,A,30-Aug-25
3916,11,5267,A,30-Apr-25
3926,11,3383,A,21-Nov-25
3927,11,7164,A,11-Jun-25
3957,11,209,A,13-Apr-25
4050,11,7118,A,19-Feb-25
4062,11,987,A,20-Jun-25
4065,11,2954,A,04-Dec-25
4073,11,5239,A,19-Dec-25
4194,11,2899,A,12-Jun-25
4228,11,6101,A,06-May-25
4297,11,7718,A,26-Oct-25
4322,11,7202,A,30-Sep-25
4324,11,5392,A,02-May-25
4333,11,6394,A,21-Jun-25
4338,11,4416,A,10-Oct-25
4384,11,6686,A,09-Jun-25
4391,11,7653,A,26-Nov-25
4404,11,3168,A,06-Sep-25
4410,11,4243,A,06-Sep-25
4434,11,3830,A,07-Jan-25
4460,11,3234,A,27-Apr-25
4470,11,7328,A,25-Nov-25
4477,11,6563,A,23-Jun-25
4486,11,1813,A,04-Nov-25
4494,11,4276,A,23-Oct-25
4539,11,1631,A,20-Aug-25
4547,11,7132,A,04-Oct-25
4548,11,7233,A,20-Feb-25
4559,11,3390,A,13-Feb-25
4592,11,4999,A,25-Nov-25
4601,11,2379,A,09-Dec-25
4624,11,5417,A,12-Jul-25
4626,11,6836,A,04-Jun-25
4695,11,99,A,21-May-25
4705,11,741,A,17-Jan-26
4716,11,582,A,26-Sep-25
4725,11,6932,A,04-Feb-25
4731,11,5934,A,02-Mar-25
4751,11,1002,A,05-Aug-25
4764,11,3622,A,24-Aug-25
4788,11,2550,A,27-Feb-25
4798,11,698,A,14-Apr-25
4804,11,6020,A,21-Jan-25
4830,11,3933,A,12-Jan-26
4835,11,7996,A,27-Feb-25
4871,11,6455,A,28-Nov-25
4919,11,5538,A,05-Apr-25
4931,11,6791,A,06-Aug-25
4954,11,3724,A,16-Jun-25
4972,11,2136,A,18-Dec-25
4975,11,7782,A,14-Apr-25
5009,11,3178,A,05-Dec-25
5045,11,4217,A,19-Sep-25
5083,11,453,A,02-May-25
5091,11,7514,A,31-Aug-25
5119,11,7223,A,20-Feb-25
5132,11,7499,A,12-Sep-25
5223,11,4991,A,01-Dec-25
5233,11,7579,A,16-Aug-25
5241,11,6804,A,15-Feb-25
5268,11,258,A,30-Oct-25
5341,11,4679,A,03-Mar-25
5350,11,5205,A,01-Jan-26
5402,11,5398,A,26-Mar-25
5415,11,1461,A,16-Jan-26
5451,11,884,A,12-Feb-25
5470,11,5806,A,18-Jun-25
5484,11,5136,A,30-Mar-25
5589,11,5262,A,23-Sep-25
5591,11,5573,A,09-Feb-25
5640,11,5629,A,26-Nov-25
5665,11,4883,A,08-Jan-26
5667,11,1135,A,19-Dec-25
5704,11,4769,A,21-Dec-25
5718,11,3934,A,21-May-25
5719,11,3792,A,28-Apr-25
5746,11,3760,A,01-Mar-25
5759,11,7671,A,18-Sep-25
5776,11,3159,A,06-Jul-25
5782,11,603,A,05-Jul-25
5834,11,1704,A,25-Sep-25
5838,11,6260,A,12-Oct-25
5860,11,7074,A,26-Aug-25
5872,11,5723,A,18-May-25
5886,11,3423,A,11-Jan-26
5914,11,6126,A,20-Jan-25
5921,11,7594,A,08-Jan-25
5941,11,1196,A,17-Apr-25
5942,11,7926,A,25-Oct-25
5944,11,6859,A,25-Dec-25
5960,11,2610,A,08-Jul-25
5962,11,1460,A,03-Sep-25
5993,11,6196,A,08-Jan-26
6057,11,4140,A,01-Apr-25
6080,11,5268,A,03-Mar-25
6174,11,2932,A,09-Apr-25
6207,11,4282,A,21-Jun-25
6284,11,6197,A,18-Apr-25
6292,11,1592,A,13-Mar-25
6329,11,4544,A,20-Nov-25
6331,11,498,A,05-Nov-25
6441,11,7304,A,19-Jun-25
6490,11,7934,A,15-Mar-25
6496,11,4995,A,06-Oct-25
6504,11,5286,A,22-Sep-25
6513,11,3186,A,04-Feb-25
6521,11,5103,A,29-Dec-25
6558,11,3095,A,04-Mar-25
6575,11,5516,A,24-Aug-25
6581,11,2135,A,31-Jul-25
6584,11,1475,A,25-Oct-25
6592,11,5779,A,06-Jan-26
6611,11,2035,A,11-Jan-25
6622,11,6338,A,12-Apr-25
6644,11,7464,A,04-Oct-25
6658,11,5048,A,29-Jan-25
6691,11,4413,A,15-May-25
6735,11,4591,A,08-Jun-25
6740,11,6541,A,12-Dec-25
6769,11,2316,A,31-Aug-25
6773,11,2224,A,31-Mar-25
6814,11,5623,A,24-Apr-25
6832,11,165,A,03-Jun-25
6833,11,6538,A,23-Aug-25
6838,11,5166,A,12-May-25
6882,11,1349,A,03-Jun-25
6892,11,7447,A,22-Mar-25
6903,11,1857,A,12-Apr-25
6918,11,2292,A,27-Mar-25
6947,11,7788,A,03-Oct-25
6949,11,5522,A,03-Sep-25
6984,11,5512,A,06-Mar-25
7002,11,6721,A,06-Aug-25
7007,11,5270,A,29-Sep-25
7019,11,3197,A,15-Feb-25
7042,11,4181,A,30-Oct-25
7070,11,1268,A,27-Apr-25
7098,11,3896,A,02-Jun-25
7110,11,603,A,08-Sep-25
7118,11,683,A,09-Nov-25
7144,11,3591,A,09-Aug-25
7157,11,5164,A,12-Sep-25
7173,11,5600,A,05-Mar-25
7221,11,3266,A,11-Jan-26
7276,11,6321,A,30-Sep-25
7290,11,908,A,12-Oct-25
7340,11,1514,A,07-Apr-25
7344,11,648,A,20-Apr-25
7354,11,166,A,18-Jun-25
7421,11,3057,A,24-Feb-25
7427,11,3140,A,12-Jan-26
7435,11,1062,A,29-Jul-25
7465,11,5147,A,06-Nov-25
7507,11,5476,A,02-Jul-25
7529,11,7924,A,12-May-25
7536,11,1998,A,20-Jan-25
7551,11,6382,A,12-Jan-25
7567,11,4425,A,23-Dec-25
7568,11,4627,A,04-Nov-25
7597,11,6253,A,12-Mar-25
7680,11,1709,A,29-Jul-25
7736,11,6166,A,14-Jan-26
7749,11,3908,A,02-Jul-25
7771,11,7757,A,01-Aug-25
7818,11,4796,A,16-May-25
7820,11,7528,A,22-Mar-25
7836,11,5286,A,23-Jun-25
7837,11,4184,A,29-Sep-25
7893,11,1346,A,14-Dec-25
7927,11,6986,A,15-Jan-26
7938,11,7908,A,22-Jul-25
7957,11,4756,A,02-Jan-25
8009,11,942,A,25-Jul-25
8019,11,3925,A,06-Jun-25
8085,11,7867,A,12-Sep-25
8101,11,7190,A,07-Jan-25
8107,11,6408,A,31-Oct-25
8113,11,2418,A,23-Dec-25
8127,11,7054,A,09-Nov-25
8160,11,5665,A,15-Feb-25
8175,11,4835,A,02-Jan-26
8197,11,4680,A,21-Dec-25
8285,11,3637,A,10-Mar-25
8299,11,7687,A,21-Aug-25
8300,11,6734,A,11-Sep-25
8321,11,4270,A,21-Mar-25
8337,11,5769,A,19-Feb-25
8352,11,1744,A,03-Sep-25
8359,11,1616,A,14-Apr-25
8360,11,6750,A,07-Sep-25
8363,11,7434,A,11-May-25
8380,11,7484,A,26-Nov-25
8457,11,587,A,03-Jul-25
8504,11,6323,A,10-Dec-25
8509,11,4310,A,09-Aug-25
8577,11,4307,A,03-Sep-25
8583,11,5191,A,07-Jul-25
8601,11,7047,A,21-Oct-25
8626,11,2407,A,26-Mar-25
8639,11,2222,A,16-May-25
8660,11,6090,A,09-Apr-25
8679,11,7272,A,22-Feb-25
8696,11,7920,A,26-Mar-25
8707,11,2893,A,20-Jun-25
8714,11,6664,A,05-Jul-25
8739,11,7884,A,21-Mar-25
8768,11,3198,A,04-May-25
8790,11,6897,A,17-Jan-25
8880,11,1737,A,11-Jun-25
8898,11,4866,A,09-Feb-25
8922,11,5229,A,13-Jun-25
8925,11,346,A,03-Dec-25
8928,11,1762,A,21-Apr-25
8944,11,949,A,16-Feb-25
8967,11,2620,A,17-Feb-25
9040,11,276,A,09-Oct-25
9041,11,3410,A,13-Jul-25
9059,11,394,A,20-Oct-25
9075,11,3274,A,11-Nov-25
9084,11,2242,A,14-Nov-25
9090,11,3314,A,10-Jan-26
9098,11,3876,A,22-Dec-25
9133,11,6107,A,13-May-25
9191,11,1051,A,06-Apr-25
9195,11,4550,A,14-Jun-25
9213,11,738,A,04-Feb-25
9216,11,5513,A,06-Jan-26
9280,11,7093,A,17-Aug-25
9287,11,2873,A,09-Jul-25
9307,11,4414,A,11-Nov-25
9323,11,561,A,27-Nov-25
9366,11,4698,A,21-Jan-25
9394,11,6913,A,20-Oct-25
9444,11,387,A,11-Feb-25
9465,11,3249,A,24-Dec-25
9467,11,812,A,18-Jul-25
9487,11,3161,A,31-Aug-25
9519,11,5914,A,21-Jul-25
9520,11,565,A,13-Oct-25
9537,11,2210,A,12-Dec-25
9573,11,2036,A,21-May-25
9575,11,519,A,08-May-25
9581,11,2598,A,11-Mar-25
9597,11,2038,A,16-Sep-25
9644,11,7958,A,31-Oct-25
9648,11,7831,A,19-Jun-25
9670,11,4237,A,13-Sep-25
9679,11,7492,A,23-Oct-25
9687,11,4756,A,18-Dec-25
9723,11,412,A,09-Mar-25
9736,11,2083,A,31-Dec-25
9750,11,7419,A,06-Feb-25
9759,11,4986,A,17-Sep-25
9793,11,3876,A,30-Apr-25
9804,11,6934,A,03-Aug-25
9807,11,6694,A,03-Oct-25
9820,11,3986,A,05-Nov-25
9832,11,5335,A,21-May-25
9859,11,20,A,30-Jan-25
9882,11,6191,A,08-Mar-25
9886,11,4927,A,10-May-25
9918,11,4984,A,21-Jun-25
9926,11,336,A,27-Sep-25
9941,11,3321,A,09-Oct-25
9947,11,137,A,24-Jun-25
9973,11,3795,A,04-Jan-25
9999,11,267,A,19-Jan-25
10008,11,4338,A,21-May-25
10020,11,7737,A,03-Jan-26
10024,11,7515,A,23-Nov-25
10062,11,7397,A,24-Jan-25
10084,11,1074,A,08-Sep-25
10087,11,7577,A,05-Jun-25
10102,11,2359,A,03-Jan-26
10108,11,3006,A,14-Jun-25
10121,11,3623,A,08-Nov-25
10138,11,378,A,25-Jun-25
10185,11,7129,A,24-Feb-25
10203,11,1734,A,27-Feb-25
10209,11,1592,A,06-Mar-25
10237,11,2908,A,30-Mar-25
10247,11,282,A,23-May-25
10253,11,5575,A,13-Aug-25
10257,11,5545,A,07-Oct-25
10265,11,6750,A,01-Sep-25
10281,11,1954,A,06-Dec-25
10290,11,1475,A,02-Nov-25
10344,11,6515,A,12-Sep-25
10365,11,2423,A,05-Jan-25
10396,11,1742,A,27-Jan-25
10412,11,3631,A,03-Apr-25
10467,11,4560,A,23-Oct-25
10489,11,6408,A,02-Sep-25
10493,11,3879,A,25-Apr-25
10504,11,4327,A,17-May-25
10516,11,6378,A,08-Aug-25
10526,11,3259,A,23-Nov-25
10551,11,4812,A,31-Aug-25
10622,11,3469,A,11-Jun-25
10678,11,6840,A,31-Jan-25
10681,11,5645,A,05-Jan-25
10707,11,2127,A,02-Sep-25
10760,11,3782,A,19-May-25
10762,11,4792,A,20-Dec-25
10796,11,6386,A,20-Jan-25
10839,11,2621,A,02-Jan-25
10847,11,1188,A,23-Dec-25
10854,11,4472,A,05-Aug-25
10875,11,3653,A,25-Jul-25
10887,11,6245,A,24-Mar-25
10910,11,2682,A,13-Aug-25
10952,11,2512,A,01-Jan-26
10960,11,7728,A,23-Jun-25
11033,11,6806,A,18-Jan-25
11037,11,462,A,17-May-25
11112,11,6908,A,30-Sep-25
11119,11,7386,A,12-Aug-25
11130,11,6669,A,01-Feb-25
11152,11,996,A,01-Dec-25
11160,11,6781,A,15-Jan-26
11165,11,1790,A,11-Nov-25
11166,11,5727,A,18-Nov-25
11174,11,1919,A,10-Feb-25
11183,11,1574,A,22-Oct-25
11184,11,424,A,18-Jul-25
11189,11,2928,A,23-Jan-25
11203,11,6797,A,09-Sep-25
11247,11,4219,A,17-Jan-26
11253,11,4696,A,28-Dec-25
11272,11,3569,A,10-Jan-25
11283,11,909,A,11-Oct-25
11310,11,2690,A,17-Dec-25
11322,11,7130,A,23-Mar-25
11341,11,838,A,01-Nov-25
11346,11,894,A,27-Feb-25
11354,11,4992,A,09-Jun-25
11384,11,1477,A,21-Nov-25
11392,11,649,A,24-Apr-25
11399,11,28,A,15-Oct-25
11405,11,6025,A,04-Aug-25
11457,11,1645,A,08-Dec-25
11474,11,6605,A,27-Jul-25
11492,11,4478,A,23-Sep-25
11546,11,5224,A,07-Sep-25
11594,11,62,A,04-Apr-25
11631,11,470,A,31-May-25
11663,11,2888,A,09-Mar-25
11680,11,5293,A,05-Sep-25
11705,11,7048,A,24-Feb-25
11712,11,5858,A,22-Oct-25
11723,11,5384,A,17-Jan-26
11730,11,6840,A,04-Jun-25
11735,11,7180,A,09-Oct-25
11762,11,5359,A,10-May-25
11783,11,7095,A,26-Feb-25
11808,11,5497,A,24-Jan-25
11832,11,6803,A,29-Mar-25
11847,11,5996,A,05-Jun-25
11860,11,5677,A,04-Jul-25
11877,11,2117,A,18-Jan-26
11892,11,4475,A,11-Oct-25
11953,11,7875,A,28-Sep-25
11963,11,3738,A,16-Sep-25
11970,11,2439,A,05-Jul-25
12008,11,7440,A,21-Apr-25
12010,11,4685,A,10-Oct-25
12015,11,2134,A,01-Apr-25
12100,11,6318,A,06-Nov-25
12124,11,6065,A,10-Sep-25
12125,11,5154,A,17-Jun-25
12142,11,4028,A,02-Mar-25
12154,11,3192,A,20-Jun-25
12191,11,2251,A,01-Jul-25
12249,11,4136,A,27-Jul-25
12253,11,6541,A,02-May-25
12281,11,6608,A,16-Aug-25
12305,11,7158,A,27-Jan-25
12316,11,6096,A,20-Dec-25
12340,11,3185,A,02-Jul-25
12396,11,1672,A,16-Dec-25
12431,11,4900,A,10-Jan-26
12444,11,6162,A,31-Aug-25
12447,11,6722,A,30-May-25
12493,11,3765,A,19-Nov-25
12568,11,3721,A,31-Dec-25
12631,11,7776,A,17-Feb-25
12677,11,7533,A,19-Apr-25
12691,11,2319,A,22-Jun-25
12699,11,390,A,07-Sep-25
12704,11,5303,A,11-Nov-25
12745,11,1029,A,11-Dec-25
12764,11,866,A,23-Mar-25
12785,11,2205,A,10-Jun-25
12786,11,5192,A,18-Aug-25
12844,11,6441,A,01-Jul-25
12890,11,5763,A,25-Dec-25
12903,11,4382,A,18-Apr-25
12912,11,3423,A,02-Apr-25
12914,11,409,A,17-May-25
12918,11,202,A,12-Mar-25
12929,11,5035,A,14-May-25
12965,11,6029,A,13-Jun-25
12990,11,4194,A,08-May-25
13022,11,7433,A,21-May-25
13027,11,6958,A,18-Feb-25
13041,11,4070,A,21-Nov-25
13068,11,6006,A,18-Jun-25
13072,11,6497,A,18-Nov-25
13076,11,4023,A,30-May-25
13111,11,7398,A,23-Jun-25
13128,11,3820,A,24-Feb-25
13144,11,3848,A,05-Mar-25
13157,11,4500,A,18-Mar-25
13214,11,5621,A,29-Nov-25
13224,11,6320,A,25-Aug-25
13240,11,6035,A,28-Oct-25
13244,11,6300,A,18-Oct-25
13255,11,7506,A,23-Jan-25
13311,11,5449,A,18-Dec-25
13320,11,855,A,23-Jun-25
13330,11,4869,A,06-Sep-25
13365,11,5793,A,22-Jun-25
13396,11,3699,A,11-Jan-26
13426,11,2996,A,11-Jun-25
13445,11,4119,A,08-Nov-25
13448,11,2534,A,12-Mar-25
13503,11,6219,A,30-Sep-25
13517,11,3854,A,17-May-25
13524,11,7878,A,19-Oct-25
13554,11,2686,A,12-Feb-25
13555,11,1387,A,30-Aug-25
13564,11,6695,A,17-Feb-25
13593,11,1420,A,14-Jul-25
13609,11,4086,A,14-Jul-25
13663,11,5736,A,03-Mar-25
13674,11,6395,A,30-Sep-25
13738,11,646,A,30-May-25
13746,11,544,A,14-Oct-25
13789,11,5080,A,14-Jan-26
13836,11,4233,A,09-Apr-25
13839,11,4465,A,29-Sep-25
13858,11,93,A,09-Nov-25
13888,11,6237,A,16-Aug-25
13924,11,6342,A,06-Oct-25
14003,11,6934,A,18-Dec-25
14094,11,4325,A,08-Jun-25
14139,11,5334,A,27-Feb-25
14164,11,3918,A,27-Mar-25
14224,11,6203,A,25-Aug-25
14225,11,3272,A,18-Apr-25
14226,11,4300,A,09-Jan-25
14227,11,2377,A,19-Dec-25
14276,11,2867,A,07-Aug-25
14284,11,6802,A,03-Dec-25
14294,11,6490,A,16-Jun-25
14341,11,3363,A,13-Jan-25
14372,11,7060,A,08-Apr-25
14412,11,3397,A,16-Sep-25
14430,11,7885,A,12-Sep-25
14465,11,3467,A,14-Nov-25
14492,11,7409,A,11-Oct-25
14518,11,5595,A,26-May-25
14519,11,4139,A,27-May-25
14522,11,5367,A,29-Jun-25
14534,11,5524,A,13-Apr-25
14568,11,6238,A,16-Sep-25
14630,11,4970,A,19-Aug-25
14648,11,7709,A,07-Nov-25
14703,11,604,A,25-Oct-25
14708,11,3055,A,18-Jan-26
14721,11,2674,A,21-Apr-25
14734,11,6633,A,10-Jan-25
14741,11,6843,A,18-Jun-25
14754,11,2670,A,27-Jul-25
14774,11,6906,A,01-May-25
14785,11,2145,A,13-Jan-25
14836,11,4802,A,14-Feb-25
14837,11,5065,A,15-Jan-25
14847,11,198,A,15-Jan-25
14882,11,5791,A,26-Oct-25
14883,11,810,A,16-Jun-25
14886,11,5900,A,25-Dec-25
14893,11,6175,A,17-Apr-25
14904,11,546,A,26-Aug-25
14922,11,4302,A,02-May-25
14932,11,4175,A,03-Aug-25
15000,11,5927,A,17-Nov-25
15007,11,1209,A,12-Jun-25
15086,11,4500,A,12-Mar-25
15087,11,6352,A,03-Dec-25
15096,11,3749,A,24-May-25
15107,11,649,A,02-Aug-25
15125,11,4565,A,23-Apr-25
15155,11,4807,A,04-May-25
15163,11,530,A,09-Dec-25
15167,11,4082,A,03-Jan-26
15171,11,4435,A,22-May-25
15230,11,1383,A,01-Sep-25
15291,11,7384,A,30-Sep-25
15298,11,1017,A,20-Jun-25
15299,11,3595,A,26-Feb-25
15336,11,1789,A,06-Aug-25
15373,11,4916,A,14-Oct-25
15380,11,7376,A,05-Dec-25
15414,11,3149,A,26-Jul-25
15430,11,5763,A,02-Jan-26
15436,11,5157,A,16-Dec-25
15446,11,5701,A,18-Feb-25
15451,11,3378,A,01-Oct-25
15487,11,1064,A,31-Mar-25
15553,11,5139,A,24-Apr-25
15598,11,3196,A,06-Jan-25
15613,11,6321,A,02-Jul-25
15640,11,6040,A,28-Sep-25
15657,11,1658,A,05-Sep-25
15709,11,415,A,04-Apr-25
15737,11,1413,A,13-Nov-25
15774,11,7133,A,06-Jan-25
15819,11,2222,A,18-May-25
15824,11,824,A,29-Jul-25
15852,11,7747,A,12-Jan-26
15867,11,6350,A,24-Jul-25
15902,11,877,A,18-Feb-25
15928,11,4155,A,10-Jul-25
15953,11,604,A,25-Nov-25
15988,11,7001,A,02-Jul-25
16007,11,4110,A,03-Feb-25
16029,11,606,A,26-Jan-25
16092,11,2982,A,26-Jun-25
16123,11,1850,A,21-Feb-25
16139,11,166,A,10-Apr-25
16178,11,1637,A,11-Mar-25
16217,11,5606,A,11-Aug-25
16271,11,2312,A,02-Jul-25
16278,11,4585,A,21-Nov-25
16297,11,879,A,14-Jun-25
16311,11,6737,A,16-Mar-25
16329,11,2566,A,08-Dec-25
16338,11,4212,A,11-Jun-25
16363,11,439,A,18-Nov-25
16377,11,3320,A,12-May-25
16409,11,4544,A,21-Mar-25
16421,11,4071,A,04-Aug-25
16441,11,5229,A,17-Sep-25
16461,11,4476,A,29-Jun-25
16470,11,6905,A,03-Nov-25
16479,11,2292,A,04-Jul-25
16498,11,7851,A,30-Nov-25
16499,11,6272,A,11-Nov-25
16558,11,5322,A,15-Jun-25
16583,11,6994,A,24-May-25
16600,11,1957,A,25-Jan-25
16604,11,4031,A,09-Sep-25
16614,11,2051,A,22-Dec-25
16622,11,5057,A,02-Jul-25
16632,11,5612,A,22-May-25
16657,11,2366,A,07-Nov-25
16661,11,4914,A,27-Apr-25
16669,11,3934,A,27-Aug-25
16670,11,1773,A,21-Jun-25
16687,11,7370,A,20-Jun-25
16724,11,6692,A,29-Mar-25
16813,11,2086,A,22-Aug-25
16822,11,1252,A,22-Sep-25
16832,11,3537,A,28-Mar-25
16841,11,7231,A,26-Jan-25
16854,11,4734,A,14-Jan-26
16860,11,4505,A,10-May-25
16872,11,6463,A,14-Jul-25
16900,11,6423,A,01-Oct-25
16906,11,3174,A,02-May-25
16928,11,1767,A,14-Jan-25
16931,11,6500,A,15-Dec-25
16954,11,3442,A,04-May-25
16959,11,4240,A,16-Dec-25
16994,11,3483,A,18-Aug-25
17001,11,1917,A,20-Sep-25
17023,11,6874,A,13-Apr-25
17050,11,6648,A,05-Aug-25
17075,11,5107,A,06-Jan-26
17090,11,2658,A,10-Nov-25
17117,11,4545,A,18-Oct-25
17137,11,1429,A,02-Nov-25
17166,11,7049,A,12-Dec-25
17233,11,5893,A,31-Dec-25
17238,11,829,A,29-Jul-25
17245,11,6689,A,02-Jan-25
17259,11,5355,A,05-Oct-25
17262,11,7537,A,15-Nov-25
17299,11,6482,A,27-Feb-25
17301,11,1844,A,15-Sep-25
17311,11,3196,A,16-May-25
17316,11,3529,A,27-Oct-25
17350,11,2316,A,22-Dec-25
17360,11,4820,A,02-Mar-25
17407,11,2960,A,19-Mar-25
17417,11,5517,A,23-May-25
17418,11,3384,A,10-Jun-25
17420,11,5776,A,26-May-25
17424,11,7816,A,28-Jun-25
17426,11,3649,A,03-Mar-25
17441,11,640,A,30-Apr-25
17446,11,1432,A,18-Dec-25
17510,11,1316,A,17-Dec-25
17549,11,2500,A,04-Mar-25
17553,11,249,A,29-Apr-25
17563,11,6314,A,02-Aug-25
17566,11,7191,A,10-Apr-25
17573,11,7912,A,12-May-25
17621,11,4919,A,12-Dec-25
17626,11,136,A,28-May-25
17634,11,3304,A,08-Feb-25
17670,11,3249,A,02-Feb-25
17694,11,3463,A,28-May-25
17751,11,4651,A,19-Dec-25
17785,11,5570,A,14-Jan-25
17801,11,5884,A,28-Jun-25
17802,11,6249,A,05-Jan-26
17805,11,6536,A,27-Feb-25
17823,11,1807,A,18-Jul-25
17848,11,4378,A,29-Jul-25
17887,11,887,A,23-Feb-25
17899,11,4666,A,08-May-25
17908,11,3442,A,22-Jun-25
17931,11,2831,A,22-Jun-25
17989,11,3820,A,06-Jan-26
18021,11,1980,A,12-Sep-25
18041,11,6746,A,14-Nov-25
18055,11,7889,A,08-Oct-25
18070,11,3330,A,16-Feb-25
18092,11,1580,A,13-Oct-25
18101,11,6544,A,08-Feb-25
18111,11,5289,A,13-Dec-25
18160,11,7835,A,09-Jul-25
18181,11,4474,A,02-Jan-25
18183,11,6314,A,26-Jul-25
18201,11,3929,A,31-Jan-25
18237,11,2251,A,01-Sep-25
18272,11,4634,A,19-Jan-25
18309,11,73,A,17-Mar-25
18334,11,7427,A,13-Dec-25
18346,11,779,A,06-Jan-26
18371,11,6535,A,28-Dec-25
18386,11,754,A,16-May-25
18412,11,3774,A,29-May-25
18414,11,4928,A,16-Jun-25
18454,11,7477,A,14-Jun-25
18461,11,7665,A,03-Jan-25
18514,11,3544,A,09-Mar-25
18586,11,7417,A,19-Oct-25
18589,11,1901,A,12-Jul-25
18610,11,49,A,23-Feb-25
18615,11,7621,A,10-Oct-25
18623,11,4056,A,02-Mar-25
18657,11,3822,A,01-Jan-25
18662,11,1440,A,20-May-25
18675,11,5669,A,07-Dec-25
18688,11,3612,A,30-Jan-25
18707,11,27,A,02-Jun-25
18717,11,5866,A,05-Dec-25
18725,11,464,A,16-Apr-25
18726,11,1279,A,17-Dec-25
18731,11,3982,A,11-Aug-25
18738,11,6977,A,07-May-25
18785,11,7062,A,21-Aug-25
18824,11,3215,A,30-Sep-25
18839,11,4918,A,21-Apr-25
18886,11,1528,A,01-Oct-25
18929,11,5883,A,20-Sep-25
18984,11,393,A,26-Apr-25
19036,11,4090,A,27-Sep-25
19039,11,3250,A,24-Jan-25
19057,11,4261,A,17-Jan-26
19167,11,3344,A,09-Nov-25
19168,11,814,A,21-Jan-25
19189,11,5825,A,28-Jan-25
19231,11,1270,A,13-Jun-25
19232,11,4333,A,20-Nov-25
19234,11,1728,A,13-Dec-25
19278,11,6984,A,13-Mar-25
19284,11,6227,A,21-Sep-25
19287,11,2658,A,27-Feb-25
19310,11,5630,A,21-Dec-25
19312,11,4061,A,13-Jan-26
19335,11,1580,A,25-Oct-25
19368,11,7251,A,17-Sep-25
19398,11,5838,A,28-Jan-25
19410,11,2197,A,14-Mar-25
19479,11,7140,A,22-Jul-25
19486,11,6486,A,22-Jul-25
19555,11,5239,A,14-Jan-25
19556,11,976,A,08-Oct-25
19581,11,3015,A,24-Jun-25
19585,11,1853,A,13-Jan-25
19595,11,1889,A,17-Mar-25
19611,11,3469,A,22-Mar-25
19619,11,456,A,08-Aug-25
19632,11,6983,A,04-May-25
19652,11,2830,A,15-May-25
19721,11,649,A,18-Oct-25
19752,11,1488,A,02-Jun-25
19757,11,2135,A,17-Jul-25
19760,11,5391,A,19-Feb-25
19786,11,1558,A,07-Oct-25
19805,11,2598,A,08-Jun-25
19854,11,5209,A,18-Oct-25
19865,11,7524,A,14-Feb-25
19884,11,4215,A,04-Jan-26
19893,11,6206,A,01-Feb-25
19921,11,6398,A,31-Dec-25
19932,11,6996,A,16-Sep-25
19948,11,4713,A,06-Aug-25
19987,11,5437,A,19-Jul-25
63,2,7826,A,12-Mar-25
73,2,5718,A,02-Dec-25
132,2,417,A,04-Aug-25
146,2,3267,A,03-Dec-25
153,2,873,A,13-Aug-25
188,2,4149,A,04-Oct-25
213,2,406,A,04-Jul-25
314,2,5717,A,02-Jun-25
321,2,7680,A,11-Sep-25
350,2,7255,A,16-Feb-25
356,2,4444,A,12-Jul-25
368,2,3909,A,12-Mar-25
373,2,1853,A,09-Sep-25
383,2,3776,A,08-Jun-25
392,2,1280,A,11-Oct-25
422,2,6683,A,19-Apr-25
426,2,4673,A,07-May-25
429,2,6772,A,04-Mar-25
432,2,498,A,19-Apr-25
451,2,5512,A,15-May-25
500,2,4618,A,13-Jan-26
527,2,1032,A,03-Nov-25
528,2,6500,A,24-Nov-25
559,2,7642,A,11-Jan-26
612,2,7983,A,07-Jul-25
657,2,7365,A,12-Apr-25
684,2,6171,A,13-Jun-25
703,2,3965,A,25-Jun-25
738,2,1453,A,21-Jun-25
743,2,4866,A,09-Jan-26
752,2,1638,A,20-May-25
760,2,3532,A,10-Jul-25
781,2,6544,A,19-Aug-25
873,2,549,A,09-Apr-25
887,2,7282,A,21-Aug-25
889,2,7064,A,17-Feb-25
926,2,3663,A,04-May-25
938,2,1761,A,21-Dec-25
973,2,7744,A,12-Dec-25
976,2,833,A,28-Dec-25
1004,2,2178,A,21-Aug-25
1005,2,5975,A,27-May-25
1052,2,3535,A,20-Dec-25
1066,2,6704,A,19-Sep-25
1122,2,4887,A,10-Oct-25
1146,2,7406,A,21-Jan-25
1178,2,4104,A,25-Jan-25
1231,2,5279,A,22-Sep-25
1241,2,7203,A,15-Oct-25
1266,2,3031,A,22-Sep-25
1275,2,6958,A,11-May-25
1301,2,6457,A,25-Apr-25
1322,2,977,A,18-Oct-25
1336,2,1658,A,12-Nov-25
1352,2,6086,A,06-Jul-25
1370,2,4045,A,20-Dec-25
1391,2,3682,A,08-Sep-25
1392,2,2343,A,03-Oct-25
1418,2,2303,A,06-Dec-25
1429,2,658,A,25-May-25
1432,2,5832,A,29-Jul-25
1433,2,3548,A,31-Jul-25
1475,2,683,A,13-Apr-25
1523,2,6273,A,23-Mar-25
1537,2,1806,A,08-Dec-25
1539,2,2337,A,01-Nov-25
1544,2,219,A,18-Apr-25
1550,2,6821,A,03-Jun-25
1565,2,3698,A,03-Jan-25
1566,2,3673,A,27-Oct-25
1576,2,267,A,20-May-25
1587,2,2570,A,24-Dec-25
1611,2,6746,A,17-May-25
1621,2,4211,A,11-Jan-26
1649,2,2774,A,29-May-25
1661,2,1498,A,19-Jan-25
1676,2,2945,A,25-Dec-25
1686,2,3130,A,30-Aug-25
1708,2,5434,A,21-Jun-25
1731,2,1178,A,16-May-25
1758,2,3619,A,01-Jul-25
1767,2,3809,A,16-Jul-25
1769,2,1547,A,29-Oct-25
1788,2,1734,A,05-Aug-25
1801,2,5789,A,09-Jul-25
1807,2,7969,A,15-Feb-25
1837,2,3906,A,19-Mar-25
1840,2,4336,A,08-Jan-26
1848,2,3784,A,05-Jul-25
1853,2,1645,A,04-Nov-25
1892,2,5275,A,18-Jul-25
1914,2,7721,A,01-Jul-25
1924,2,1761,A,03-Oct-25
1930,2,5638,A,19-Mar-25
1964,2,2052,A,30-Nov-25
1989,2,4041,A,27-Feb-25
2020,2,1582,A,16-Jan-26
2031,2,1087,A,06-Aug-25
2040,2,5375,A,07-Oct-25
2076,2,3296,A,06-Dec-25
2105,2,6076,A,14-Mar-25
2120,2,4434,A,25-Jul-25
2139,2,1665,A,03-Sep-25
2155,2,7233,A,13-Feb-25
2183,2,736,A,13-May-25
2201,2,3050,A,31-Jul-25
2249,2,4297,A,04-Apr-25
2292,2,930,A,01-Feb-25
2321,2,2554,A,29-Jan-25
2322,2,6149,A,21-May-25
2331,2,5221,A,24-Aug-25
2348,2,841,A,10-Mar-25
2385,2,3020,A,04-Feb-25
2429,2,2776,A,16-Feb-25
2436,2,2404,A,23-Jul-25
2440,2,6356,A,01-Aug-25
2453,2,2731,A,25-Sep-25
2472,2,7691,A,22-Jun-25
2474,2,2289,A,04-Sep-25
2495,2,2168,A,02-Jan-26
2517,2,5173,A,25-Jul-25
2565,2,5738,A,19-May-25
2605,2,4894,A,09-Jan-25
2668,2,1681,A,08-Jun-25
2675,2,5766,A,20-Mar-25
2693,2,2754,A,04-Nov-25
2716,2,5211,A,11-Nov-25
2765,2,7951,A,26-Jul-25
2772,2,1912,A,13-May-25
2774,2,2170,A,14-May-25
2787,2,5107,A,13-Feb-25
2795,2,7450,A,30-Jun-25
2799,2,4018,A,19-Dec-25
2871,2,6474,A,15-Jan-26
2879,2,7605,A,13-Oct-25
2894,2,2137,A,25-Dec-25
2932,2,4843,A,13-Aug-25
2947,2,6969,A,19-Jul-25
2949,2,6128,A,25-Nov-25
2956,2,1810,A,29-Nov-25
2979,2,3480,A,13-Jun-25
2985,2,1368,A,07-Mar-25
2994,2,3747,A,25-Jan-25
3013,2,5422,A,18-Sep-25
3041,2,7513,A,08-Feb-25
3057,2,595,A,09-Aug-25
3069,2,3226,A,06-Oct-25
3071,2,435,A,02-Oct-25
3078,2,3580,A,19-Nov-25
3091,2,4970,A,03-Jan-25
3100,2,590,A,29-Jan-25
3114,2,6330,A,01-Jan-25
3119,2,506,A,23-Nov-25
3122,2,6757,A,09-Oct-25
3138,2,3724,A,06-Jul-25
3154,2,347,A,16-Nov-25
3186,2,2672,A,08-Jun-25
3221,2,7621,A,06-Jul-25
3233,2,5504,A,18-Dec-25
3270,2,2623,A,02-Dec-25
3295,2,3694,A,24-Jan-25
3319,2,5839,A,12-Jan-26
3340,2,3054,A,11-May-25
3347,2,7495,A,03-Mar-25
3349,2,4766,A,15-Nov-25
3437,2,56,A,23-Apr-25
3441,2,427,A,17-Feb-25
3478,2,123,A,15-Sep-25
3519,2,7686,A,18-May-25
3520,2,5227,A,18-Jan-25
3535,2,883,A,05-Jan-26
3550,2,248,A,23-Feb-25
3551,2,6863,A,31-Oct-25
3567,2,6653,A,13-Apr-25
3580,2,4139,A,05-Jun-25
3594,2,783,A,09-Oct-25
3621,2,105,A,24-Jul-25
3643,2,1785,A,26-Jul-25
3682,2,6670,A,19-Jul-25
3747,2,3987,A,14-Jan-26
3825,2,4518,A,21-Mar-25
3883,2,1163,A,16-Jun-25
3917,2,85,A,01-Feb-25
4001,2,4546,A,21-Oct-25
4003,2,5447,A,10-Oct-25
4023,2,4972,A,09-Sep-25
4027,2,2380,A,14-Jan-25
4054,2,2697,A,06-Jan-25
4064,2,2562,A,21-Nov-25
4114,2,6085,A,13-Jan-25
4137,2,2946,A,12-Feb-25
4152,2,3028,A,24-Sep-25
4164,2,7060,A,09-Mar-25
4180,2,6012,A,24-Sep-25
4190,2,2272,A,14-Jan-26
4205,2,4797,A,06-Apr-25
4222,2,4228,A,15-Jul-25
4252,2,5652,A,03-Jun-25
4254,2,22,A,04-Jan-26
4265,2,2704,A,29-Nov-25
4286,2,5364,A,04-Jul-25
4299,2,2942,A,02-Jul-25
4315,2,1462,A,04-Oct-25
4331,2,7510,A,18-May-25
4350,2,6336,A,14-Jan-25
4379,2,7955,A,25-Sep-25
4380,2,908,A,16-Feb-25
4388,2,7693,A,29-May-25
4471,2,4714,A,15-May-25
4500,2,7301,A,29-Nov-25
4506,2,5352,A,05-Oct-25
4530,2,6499,A,20-Feb-25
4561,2,1855,A,12-Feb-25
4591,2,3278,A,05-Aug-25
4596,2,1145,A,04-Jun-25
4597,2,7603,A,15-May-25
4648,2,6207,A,10-Jul-25
4650,2,2167,A,28-Nov-25
4682,2,7453,A,13-Jul-25
4718,2,337,A,05-Dec-25
4749,2,3520,A,21-Mar-25
4755,2,2846,A,11-Aug-25
4759,2,6461,A,07-Jun-25
4809,2,2450,A,14-Jan-25
4823,2,2854,A,02-Jan-26
4857,2,6668,A,18-Jan-26
4864,2,4906,A,16-Jan-26
4866,2,4421,A,16-Feb-25
4875,2,6044,A,01-Apr-25
4913,2,4154,A,21-May-25
4924,2,3907,A,14-Jul-25
4988,2,1524,A,22-Dec-25
5018,2,5441,A,30-Oct-25
5035,2,7284,A,15-Sep-25
5048,2,1467,A,15-Mar-25
5051,2,4619,A,15-Jun-25
5089,2,2879,A,27-Sep-25
5108,2,2254,A,19-May-25
5118,2,15,A,11-Nov-25
5130,2,3262,A,03-Jan-25
5131,2,4877,A,18-Jan-25
5170,2,7910,A,14-Aug-25
5182,2,7517,A,25-Jul-25
5192,2,6677,A,26-Jul-25
5279,2,1769,A,29-Aug-25
5280,2,4484,A,17-Jul-25
5287,2,3931,A,11-Mar-25
5290,2,5439,A,30-Apr-25
5353,2,5171,A,30-Apr-25
5397,2,3297,A,11-Jan-25
5425,2,7436,A,11-Jan-25
5431,2,5422,A,03-Dec-25
5452,2,2748,A,22-Apr-25
5495,2,4977,A,29-Jun-25
5501,2,7401,A,15-Jun-25
5512,2,1512,A,27-Apr-25
5565,2,3448,A,23-Feb-25
5579,2,1484,A,19-Apr-25
5585,2,1498,A,12-May-25
5590,2,6333,A,08-Mar-25
5604,2,3331,A,17-Jan-26
5623,2,2194,A,18-Sep-25
5658,2,5484,A,31-Jan-25
5668,2,5803,A,11-Mar-25
5720,2,514,A,29-Jun-25
5757,2,1483,A,07-Jan-26
5851,2,5192,A,22-Aug-25
5867,2,7130,A,06-Mar-25
5880,2,7382,A,27-Dec-25
5887,2,7893,A,08-Nov-25
5901,2,1983,A,21-Mar-25
5907,2,45,A,17-May-25
5928,2,3541,A,28-Apr-25
5934,2,7983,A,04-Feb-25
5935,2,210,A,16-May-25
5950,2,6874,A,08-May-25
5977,2,1609,A,01-Jun-25
5983,2,5176,A,23-Oct-25
6018,2,6631,A,23-Jul-25
6053,2,5345,A,20-Jan-25
6056,2,7378,A,01-Jan-25
6097,2,3453,A,05-Jul-25
6101,2,4681,A,28-Jun-25
6108,2,6388,A,14-Apr-25
6118,2,2081,A,07-May-25
6151,2,4905,A,08-Jul-25
6184,2,1718,A,30-Nov-25
6189,2,4573,A,30-Aug-25
6256,2,2359,A,19-Feb-25
6275,2,2435,A,02-Mar-25
6276,2,4769,A,06-Sep-25
6280,2,7308,A,22-Aug-25
6318,2,6814,A,18-Dec-25
6348,2,2050,A,08-Nov-25
6370,2,2950,A,19-Jul-25
6378,2,4760,A,09-Jan-26
6420,2,7684,A,12-Jan-25
6422,2,4084,A,18-May-25
6431,2,3869,A,20-May-25
6446,2,4323,A,12-Jan-26
6452,2,5521,A,13-May-25
6509,2,266,A,22-Jun-25
6517,2,7278,A,01-Jul-25
6561,2,4447,A,09-Nov-25
6594,2,981,A,11-Mar-25
6595,2,3983,A,17-Jul-25
6599,2,2933,A,17-Apr-25
6623,2,6901,A,09-Oct-25
6656,2,110,A,14-Mar-25
6725,2,2249,A,29-May-25
6752,2,1268,A,02-Nov-25
6776,2,4027,A,25-Oct-25
6785,2,7898,A,15-Sep-25
6808,2,3942,A,09-Aug-25
6830,2,3446,A,18-Oct-25
6849,2,5963,A,26-Sep-25
6867,2,5743,A,14-Sep-25
6924,2,6780,A,03-May-25
6939,2,1784,A,25-Mar-25
6948,2,1985,A,20-Apr-25
6967,2,7241,A,07-Aug-25
6990,2,1470,A,09-Mar-25
7001,2,6460,A,23-Nov-25
7008,2,1889,A,07-Jan-25
7046,2,659,A,05-Jul-25
7050,2,3252,A,06-Aug-25
7058,2,6987,A,11-Sep-25
7075,2,82,A,08-Jan-25
7086,2,1586,A,22-Apr-25
7096,2,2170,A,13-Sep-25
7127,2,2085,A,18-Mar-25
7149,2,38,A,13-Jun-25
7164,2,7954,A,15-Mar-25
7170,2,7488,A,25-May-25
7183,2,4347,A,15-Jan-26
7185,2,6603,A,16-Jun-25
7187,2,3985,A,27-Nov-25
7190,2,6276,A,15-Feb-25
7191,2,5804,A,19-Jul-25
7196,2,2312,A,24-Feb-25
7261,2,5853,A,10-Sep-25
7269,2,6950,A,17-Jan-25
7393,2,3864,A,19-Jun-25
7434,2,5801,A,02-Jun-25
7445,2,164,A,11-Jan-25
7453,2,510,A,07-Mar-25
7464,2,6975,A,03-May-25
7478,2,153,A,25-Mar-25
7480,2,150,A,01-Jul-25
7487,2,866,A,15-Jan-25
7509,2,1227,A,14-Nov-25
7539,2,1627,A,25-Nov-25
7571,2,6712,A,26-May-25
7583,2,4705,A,08-Jan-26
7598,2,5011,A,03-Oct-25
7626,2,3595,A,31-Jan-25
7653,2,5651,A,06-Jul-25
7677,2,4575,A,26-Feb-25
7695,2,2434,A,12-May-25
7717,2,7527,A,20-Jan-25
7770,2,6479,A,01-Aug-25
7802,2,6217,A,02-Feb-25
7816,2,7721,A,18-Mar-25
7840,2,827,A,05-Jan-26
7862,2,5173,A,08-Oct-25
7980,2,5039,A,25-Jul-25
7994,2,4989,A,28-Oct-25
7999,2,1041,A,18-Aug-25
8074,2,61,A,29-Mar-25
8103,2,1720,A,13-Mar-25
8117,2,6146,A,18-Jun-25
8153,2,7187,A,25-Aug-25
8198,2,1026,A,13-Sep-25
8200,2,599,A,26-Jan-25
8227,2,2859,A,07-Oct-25
8237,2,531,A,13-Apr-25
8271,2,368,A,03-Mar-25
8353,2,5734,A,25-Feb-25
8367,2,6713,A,17-Dec-25
8381,2,4476,A,16-Mar-25
8391,2,6787,A,26-Jun-25
8402,2,2346,A,12-Oct-25
8443,2,7368,A,02-May-25
8453,2,34,A,26-Nov-25
8455,2,5323,A,08-Aug-25
8489,2,5388,A,09-Aug-25
8490,2,4506,A,16-Sep-25
8500,2,1911,A,31-Aug-25
8541,2,2263,A,09-Mar-25
8566,2,3216,A,10-Mar-25
8568,2,409,A,09-Feb-25
8571,2,3469,A,15-Jan-26
8590,2,2036,A,17-Feb-25
8598,2,1428,A,14-Sep-25
8640,2,7974,A,12-Dec-25
8691,2,7031,A,02-Feb-25
8702,2,151,A,11-Sep-25
8705,2,3105,A,30-Dec-25
8717,2,5636,A,20-May-25
8794,2,7116,A,25-Sep-25
8811,2,5976,A,12-Oct-25
8822,2,5456,A,22-Nov-25
8872,2,3734,A,07-Dec-25
8888,2,639,A,18-Feb-25
8911,2,5702,A,07-Nov-25
8918,2,2693,A,14-Dec-25
8923,2,132,A,24-Mar-25
8958,2,4778,A,01-Nov-25
8965,2,754,A,06-Jan-25
8980,2,5867,A,05-Apr-25
9028,2,6727,A,05-Jan-26
9061,2,1093,A,16-Sep-25
9082,2,1626,A,14-Jul-25
9101,2,6892,A,05-Nov-25
9129,2,2906,A,14-Jul-25
9135,2,287,A,06-May-25
9136,2,4795,A,09-Nov-25
9137,2,35,A,29-Jul-25
9143,2,21,A,17-Apr-25
9185,2,1102,A,05-Jan-25
9193,2,7243,A,08-Oct-25
9197,2,5099,A,01-Dec-25
9200,2,4214,A,03-Oct-25
9263,2,6796,A,27-Oct-25
9271,2,3966,A,25-Sep-25
9275,2,7313,A,28-Sep-25
9288,2,3633,A,08-Mar-25
9298,2,4136,A,11-Nov-25
9304,2,2605,A,14-Nov-25
9306,2,5818,A,19-Jul-25
9375,2,6635,A,08-Nov-25
9391,2,655,A,19-Mar-25
9436,2,5911,A,22-May-25
9439,2,1979,A,16-Apr-25
9452,2,733,A,17-Mar-25
9534,2,2810,A,02-Dec-25
9639,2,6079,A,05-Jun-25
9663,2,1017,A,27-May-25
9683,2,1748,A,27-Dec-25
9691,2,3782,A,18-Aug-25
9694,2,4984,A,25-Jun-25
9695,2,4278,A,02-Oct-25
9703,2,5200,A,30-Apr-25
9721,2,4066,A,06-Oct-25
9733,2,6319,A,11-Nov-25
9776,2,425,A,09-Aug-25
9781,2,1725,A,31-Dec-25
9792,2,115,A,21-Jun-25
9845,2,2962,A,12-Jul-25
9849,2,7740,A,10-Jan-25
9852,2,4229,A,12-Feb-25
9856,2,5570,A,22-Aug-25
9858,2,4527,A,20-Feb-25
9867,2,3188,A,05-Aug-25
9909,2,7057,A,02-Jun-25
9943,2,7179,A,09-Oct-25
9954,2,898,A,30-Mar-25
9982,2,6626,A,20-Feb-25
10055,2,7255,A,09-Aug-25
10075,2,2525,A,14-Jan-26
10124,2,6566,A,01-Aug-25
10142,2,2012,A,01-Aug-25
10154,2,1341,A,02-Aug-25
10177,2,1957,A,26-Jul-25
10251,2,444,A,29-Nov-25
10258,2,1236,A,24-Feb-25
10325,2,211,A,13-May-25
10327,2,5085,A,19-Mar-25
10332,2,5164,A,23-Feb-25
10352,2,812,A,14-Jul-25
10353,2,2447,A,31-Aug-25
10373,2,4706,A,01-May-25
10376,2,3291,A,25-Dec-25
10380,2,7036,A,27-Aug-25
10410,2,6613,A,06-May-25
10419,2,6121,A,10-Oct-25
10474,2,632,A,01-Jan-26
10491,2,5625,A,04-Oct-25
10496,2,3590,A,29-Mar-25
10501,2,5541,A,20-Aug-25
10540,2,2519,A,03-Jul-25
10558,2,2306,A,08-Jul-25
10582,2,3828,A,11-Jul-25
10612,2,3825,A,18-Mar-25
10616,2,2503,A,03-Dec-25
10625,2,1741,A,22-Oct-25
10670,2,5709,A,24-Nov-25
10731,2,6848,A,01-Mar-25
10770,2,4552,A,05-Jan-25
10800,2,2393,A,29-Oct-25
10821,2,5597,A,25-Feb-25
10841,2,4367,A,10-Oct-25
10882,2,3810,A,01-Jan-25
10896,2,4689,A,09-Mar-25
10915,2,284,A,06-Sep-25
10947,2,2977,A,01-Feb-25
10948,2,2327,A,20-May-25
10950,2,4163,A,21-Jun-25
10953,2,2052,A,20-May-25
10984,2,7949,A,14-Sep-25
10985,2,7201,A,05-Feb-25
11010,2,3511,A,26-Feb-25
11017,2,397,A,11-Sep-25
11018,2,2864,A,31-Jan-25
11026,2,2137,A,01-Jan-25
11035,2,1655,A,15-May-25
11081,2,741,A,21-Oct-25
11106,2,333,A,28-Apr-25
11109,2,1372,A,12-Mar-25
11111,2,972,A,16-May-25
11117,2,2627,A,22-May-25
11122,2,548,A,28-Mar-25
11148,2,7538,A,10-Jan-26
11161,2,2315,A,05-Nov-25
11172,2,2157,A,22-Apr-25
11220,2,7449,A,01-Oct-25
11265,2,347,A,18-Apr-25
11304,2,6003,A,29-Jun-25
11334,2,4588,A,08-Jan-25
11339,2,141,A,15-Jan-26
11385,2,7433,A,25-Aug-25
11437,2,4456,A,24-Feb-25
11442,2,4837,A,02-Aug-25
11465,2,7552,A,26-May-25
11511,2,2229,A,18-Jul-25
11539,2,1174,A,12-Oct-25
11635,2,7298,A,12-Aug-25
11651,2,2243,A,20-Jan-25
11689,2,2991,A,03-Oct-25
11706,2,7018,A,24-Feb-25
11732,2,7401,A,14-Oct-25
11736,2,3418,A,09-Sep-25
11797,2,4651,A,21-Feb-25
11798,2,3843,A,14-Oct-25
11837,2,3478,A,29-Aug-25
11853,2,6134,A,07-Jan-26
11875,2,6055,A,11-May-25
11880,2,7331,A,02-Sep-25
11899,2,3563,A,11-Sep-25
11912,2,1276,A,16-May-25
11930,2,186,A,21-Dec-25
11962,2,4837,A,20-Jun-25
11980,2,3925,A,10-Apr-25
12021,2,7092,A,17-Aug-25
12038,2,3328,A,06-May-25
12040,2,6161,A,25-Oct-25
12053,2,1598,A,03-Jun-25
12060,2,7327,A,16-Jun-25
12063,2,4695,A,30-Jan-25
12073,2,137,A,26-Mar-25
12122,2,5095,A,12-Jul-25
12128,2,1650,A,25-Apr-25
12165,2,1110,A,15-Nov-25
12182,2,4052,A,20-Dec-25
12194,2,3485,A,23-Jan-25
12209,2,3326,A,28-Aug-25
12211,2,6214,A,04-Mar-25
12216,2,1205,A,18-Apr-25
12235,2,2706,A,16-Jan-26
12240,2,4676,A,27-Sep-25
12273,2,4901,A,20-Dec-25
12290,2,1098,A,24-Jul-25
12298,2,4605,A,07-Oct-25
12309,2,2495,A,09-Oct-25
12319,2,6593,A,03-Jan-25
12335,2,6929,A,17-Sep-25
12367,2,1456,A,23-Oct-25
12427,2,3867,A,18-Nov-25
12430,2,4347,A,02-Feb-25
12437,2,701,A,16-Jul-25
12446,2,3045,A,04-Apr-25
12517,2,1441,A,26-Jun-25
12536,2,7431,A,03-Dec-25
12558,2,3366,A,17-Jan-25
12566,2,3766,A,14-Jan-25
12592,2,4027,A,17-Nov-25
12614,2,1743,A,19-Sep-25
12662,2,4114,A,12-Feb-25
12665,2,1618,A,19-Apr-25
12674,2,4627,A,28-Aug-25
12676,2,3539,A,24-Feb-25
12684,2,4711,A,04-Aug-25
12686,2,2487,A,11-Dec-25
12689,2,334,A,08-Jun-25
12706,2,5420,A,22-May-25
12719,2,3768,A,27-Aug-25
12744,2,7610,A,04-Oct-25
12774,2,4127,A,09-Jul-25
12795,2,3275,A,07-Apr-25
12805,2,295,A,14-May-25
12887,2,6737,A,15-Jan-26
12909,2,5911,A,05-Dec-25
12922,2,4341,A,13-Mar-25
12923,2,7831,A,07-Jul-25
12926,2,1946,A,12-Aug-25
12946,2,6409,A,13-Feb-25
12999,2,3568,A,07-Apr-25
13009,2,4343,A,09-Jan-26
13060,2,2738,A,02-Nov-25
13081,2,7648,A,19-May-25
13086,2,4288,A,26-Sep-25
13119,2,5158,A,17-Jan-25
13120,2,7658,A,05-Dec-25
13131,2,1070,A,03-Oct-25
13135,2,3179,A,20-Mar-25
13143,2,7558,A,25-Jan-25
13153,2,7218,A,13-Nov-25
13169,2,7563,A,20-Apr-25
13178,2,7296,A,20-Oct-25
13199,2,3667,A,11-Jan-25
13210,2,3575,A,09-Jan-26
13233,2,7785,A,22-Sep-25
13274,2,6441,A,02-Jan-26
13292,2,4065,A,12-Mar-25
13334,2,5862,A,17-Oct-25
13335,2,5134,A,29-Sep-25
13350,2,5384,A,10-Mar-25
13360,2,7934,A,21-Mar-25
13379,2,1080,A,18-Feb-25
13410,2,6622,A,19-Apr-25
13412,2,1073,A,25-Apr-25
13527,2,1529,A,12-Apr-25
13535,2,5846,A,13-Dec-25
13612,2,5930,A,12-Feb-25
13678,2,5069,A,05-Nov-25
13688,2,4937,A,06-Jan-25
13752,2,3612,A,13-Oct-25
13759,2,5547,A,01-Oct-25
13781,2,5479,A,28-Aug-25
13795,2,1553,A,22-Aug-25
13798,2,5515,A,24-Jan-25
13927,2,3983,A,29-Dec-25
13953,2,6703,A,07-Dec-25
13965,2,7849,A,20-Jan-25
13989,2,1102,A,27-Aug-25
13990,2,3545,A,25-Nov-25
14007,2,2812,A,05-May-25
14018,2,7897,A,18-Oct-25
14029,2,5246,A,10-Sep-25
14045,2,5589,A,05-Sep-25
14089,2,684,A,16-Oct-25
14095,2,4588,A,27-Nov-25
14097,2,3791,A,09-Dec-25
14107,2,5248,A,18-Jan-25
14108,2,1531,A,11-Jan-26
14199,2,7666,A,04-Jan-25
14247,2,7642,A,24-Aug-25
14310,2,2258,A,02-Nov-25
14314,2,6689,A,10-Jan-26
14393,2,2874,A,11-Aug-25
14419,2,210,A,28-Oct-25
14422,2,4501,A,29-Apr-25
14448,2,1278,A,22-Feb-25
14527,2,1548,A,05-Oct-25
14555,2,3302,A,22-Apr-25
14646,2,4961,A,03-Jul-25
14681,2,2153,A,04-Jan-26
14692,2,3080,A,23-Mar-25
14694,2,996,A,29-Mar-25
14699,2,3334,A,14-Oct-25
14707,2,3029,A,06-Jul-25
14719,2,7903,A,10-Dec-25
14735,2,2435,A,03-Mar-25
14802,2,37,A,08-Jul-25
14860,2,3719,A,01-Oct-25
14906,2,7518,A,18-Jan-26
14934,2,2560,A,05-Oct-25
14969,2,6669,A,07-Jul-25
15020,2,7188,A,22-Nov-25
15090,2,4737,A,19-Jun-25
15098,2,4046,A,07-Jan-25
15119,2,6152,A,01-Feb-25
15120,2,6448,A,09-Jan-25
15180,2,3032,A,24-Aug-25
15186,2,4646,A,25-Nov-25
15240,2,2647,A,22-Sep-25
15275,2,3944,A,17-Jan-26
15288,2,6925,A,19-Apr-25
15381,2,7157,A,14-Jan-26
15405,2,259,A,02-Dec-25
15418,2,7682,A,21-Jun-25
15442,2,1333,A,09-Apr-25
15450,2,1041,A,13-Sep-25
15483,2,5151,A,03-Aug-25
15493,2,3492,A,14-Sep-25
15525,2,260,A,22-Sep-25
15556,2,1371,A,25-Nov-25
15585,2,5206,A,03-Nov-25
15621,2,1854,A,06-Jan-25
15675,2,6853,A,30-Apr-25
15687,2,5514,A,31-Mar-25
15699,2,3370,A,01-Oct-25
15711,2,939,A,17-Jan-25
15721,2,1366,A,16-Jan-25
15758,2,6681,A,27-Apr-25
15769,2,436,A,08-Sep-25
15840,2,5375,A,10-Nov-25
15947,2,2754,A,14-Jun-25
15961,2,5692,A,30-Mar-25
15992,2,2729,A,10-Mar-25
16030,2,2413,A,01-Dec-25
16045,2,2346,A,27-Sep-25
16054,2,229,A,16-Dec-25
16062,2,2351,A,24-Aug-25
16069,2,6912,A,20-Jul-25
16175,2,4462,A,09-Aug-25
16177,2,7787,A,07-Sep-25
16193,2,6453,A,08-Feb-25
16263,2,5986,A,26-Oct-25
16298,2,4561,A,12-Sep-25
16304,2,7843,A,11-Jun-25
16332,2,2686,A,28-Oct-25
16359,2,611,A,11-Apr-25
16361,2,1512,A,30-Mar-25
16365,2,3072,A,10-Mar-25
16390,2,6019,A,04-Jan-25
16408,2,3588,A,07-Jun-25
16410,2,785,A,12-Mar-25
16417,2,7129,A,23-Feb-25
16420,2,5649,A,29-Jun-25
16454,2,3937,A,25-Jan-25
16455,2,749,A,16-Mar-25
16503,2,6158,A,16-May-25
16530,2,6670,A,21-Mar-25
16541,2,7248,A,04-Apr-25
16544,2,6353,A,31-Jul-25
16556,2,2507,A,28-Feb-25
16591,2,5238,A,07-Feb-25
16598,2,788,A,08-Jan-26
16618,2,4793,A,11-Aug-25
16626,2,6360,A,20-Apr-25
16635,2,2047,A,14-Apr-25
16653,2,7009,A,11-Apr-25
16665,2,537,A,01-Oct-25
16667,2,6482,A,07-Apr-25
16672,2,1418,A,07-Sep-25
16697,2,5069,A,18-Jan-25
16704,2,4343,A,10-Sep-25
16712,2,7642,A,04-Jan-26
16823,2,6760,A,14-Jan-26
16844,2,4392,A,02-Dec-25
16915,2,3964,A,02-Nov-25
16923,2,2909,A,12-Jun-25
16927,2,7367,A,12-Jun-25
16952,2,6999,A,08-Sep-25
17024,2,5669,A,08-Oct-25
17038,2,4989,A,04-Mar-25
17077,2,2489,A,12-May-25
17079,2,4264,A,13-Oct-25
17121,2,4790,A,27-Jul-25
17127,2,5261,A,10-Oct-25
17154,2,7520,A,11-Feb-25
17229,2,5862,A,05-Nov-25
17292,2,121,A,04-Aug-25
17370,2,2260,A,29-May-25
17387,2,1152,A,09-Mar-25
17392,2,1832,A,23-Jul-25
17521,2,3418,A,15-Dec-25
17532,2,4265,A,15-Oct-25
17550,2,3452,A,03-Jun-25
17551,2,874,A,22-Aug-25
17598,2,6248,A,28-Feb-25
17617,2,2134,A,04-Feb-25
17676,2,4125,A,01-Jun-25
17680,2,4072,A,13-Jan-25
17693,2,615,A,24-Mar-25
17705,2,3723,A,20-May-25
17708,2,4472,A,28-Apr-25
17710,2,2419,A,16-Jan-25
17726,2,6169,A,26-Aug-25
17757,2,2676,A,30-Dec-25
17772,2,2727,A,06-Feb-25
17773,2,6719,A,20-Apr-25
17782,2,7070,A,30-Dec-25
17797,2,3354,A,30-Oct-25
17808,2,7563,A,06-Jan-26
17821,2,4687,A,15-Oct-25
17888,2,7009,A,08-Mar-25
17915,2,2165,A,06-May-25
17936,2,7068,A,26-Jun-25
17942,2,744,A,09-Sep-25
17956,2,7627,A,20-Mar-25
18010,2,3919,A,25-Jul-25
18050,2,5356,A,20-Jan-25
18052,2,2828,A,06-Jul-25
18059,2,7719,A,30-Jun-25
18060,2,712,A,13-May-25
18064,2,4537,A,27-Feb-25
18078,2,5476,A,26-Nov-25
18098,2,5650,A,30-Jul-25
18108,2,2382,A,08-Jun-25
18122,2,5566,A,07-Jan-26
18167,2,6634,A,16-Oct-25
18194,2,1617,A,06-Nov-25
18224,2,6212,A,18-May-25
18249,2,640,A,30-Nov-25
18254,2,5790,A,10-Sep-25
18301,2,3611,A,08-Aug-25
18328,2,4106,A,02-Feb-25
18343,2,1564,A,18-Jul-25
18365,2,3236,A,25-Nov-25
18428,2,6663,A,22-Sep-25
18457,2,1708,A,17-Jan-26
18459,2,7299,A,10-Mar-25
18495,2,125,A,02-May-25
18513,2,4642,A,22-Mar-25
18548,2,1841,A,25-Aug-25
18569,2,6616,A,03-Oct-25
18592,2,3971,A,18-Apr-25
18620,2,5938,A,16-Apr-25
18640,2,6916,A,07-Feb-25
18682,2,3191,A,02-Nov-25
18691,2,7688,A,16-Apr-25
18699,2,72,A,07-Jul-25
18719,2,2368,A,25-Jul-25
18735,2,1105,A,24-Sep-25
18747,2,4363,A,24-Sep-25
18749,2,4443,A,01-Jun-25
18753,2,2591,A,08-Feb-25
18761,2,2588,A,22-Dec-25
18788,2,5140,A,29-Apr-25
18802,2,4287,A,28-Feb-25
18840,2,47,A,26-Mar-25
18845,2,6988,A,22-Oct-25
18861,2,3146,A,09-Oct-25
18875,2,1782,A,17-Jan-25
18917,2,5130,A,05-Dec-25
18964,2,6581,A,11-Jun-25
18976,2,5734,A,11-Jul-25
18988,2,5548,A,11-Jun-25
18997,2,5258,A,10-Aug-25
19002,2,1708,A,07-Sep-25
19059,2,5659,A,23-Dec-25
19209,2,7380,A,10-Mar-25
19211,2,7797,A,16-Dec-25
19230,2,5518,A,30-May-25
19255,2,7539,A,12-Jan-25
19289,2,4634,A,01-Feb-25
19299,2,2975,A,03-May-25
19311,2,533,A,09-Nov-25
19315,2,849,A,20-Feb-25
19337,2,4025,A,17-Sep-25
19355,2,2259,A,02-Feb-25
19385,2,6267,A,13-Mar-25
19396,2,1284,A,09-Jul-25
19417,2,4321,A,16-Apr-25
19466,2,1271,A,12-Oct-25
19490,2,4366,A,12-Jul-25
19519,2,5758,A,05-Dec-25
19562,2,6784,A,26-Jun-25
19579,2,6705,A,16-Dec-25
19586,2,2516,A,17-Jul-25
19610,2,2511,A,19-Dec-25
19614,2,2228,A,19-Oct-25
19637,2,5754,A,10-Nov-25
19656,2,1731,A,10-Oct-25
19658,2,5150,A,01-Jul-25
19688,2,5323,A,14-Jan-26
19689,2,7645,A,04-Feb-25
19754,2,7001,A,16-May-25
19794,2,1266,A,30-Nov-25
19796,2,7171,A,20-Nov-25
19832,2,5423,A,29-Mar-25
19899,2,1235,A,15-Aug-25
19936,2,7436,A,22-Sep-25
19956,2,176,A,02-Feb-25
19973,2,1948,A,13-Aug-25
19983,2,6136,A,17-May-25
10,10,4732,A,30-Jan-25
30,10,2854,A,14-Sep-25
34,10,4198,A,17-Jun-25
35,10,312,A,20-May-25
52,10,3017,A,08-Jan-26
53,10,4691,A,07-Nov-25
94,10,4730,A,28-Nov-25
96,10,7426,A,25-May-25
121,10,291,A,07-Aug-25
138,10,309,A,03-Nov-25
169,10,4504,A,18-Dec-25
184,10,2584,A,15-Jul-25
234,10,5145,A,16-Mar-25
237,10,5321,A,23-Dec-25
254,10,1351,A,04-Oct-25
267,10,6502,A,02-Dec-25
325,10,3170,A,18-Aug-25
370,10,847,A,10-Aug-25
389,10,2718,A,23-Feb-25
395,10,5434,A,29-Nov-25
413,10,6657,A,02-Jun-25
457,10,2052,A,21-May-25
479,10,4751,A,13-Jan-26
487,10,1171,A,10-Apr-25
558,10,7557,A,23-Dec-25
561,10,4609,A,26-Sep-25
568,10,7356,A,18-Jun-25
575,10,2533,A,16-Jan-26
626,10,1973,A,19-Dec-25
659,10,6914,A,16-Sep-25
701,10,6134,A,24-Mar-25
704,10,5887,A,21-Oct-25
707,10,7664,A,13-Oct-25
721,10,2298,A,22-May-25
723,10,334,A,10-Jan-25
729,10,5929,A,13-Dec-25
789,10,6715,A,08-Mar-25
795,10,1744,A,23-May-25
799,10,4449,A,08-Nov-25
844,10,1896,A,21-Jul-25
845,10,259,A,17-Jun-25
878,10,2950,A,13-Jul-25
886,10,229,A,13-Oct-25
903,10,660,A,30-Sep-25
904,10,1088,A,31-Mar-25
907,10,1832,A,10-Nov-25
968,10,4028,A,15-Oct-25
987,10,1924,A,21-Feb-25
994,10,2882,A,01-Jan-26
1007,10,5100,A,05-Feb-25
1050,10,4081,A,23-Jul-25
1065,10,595,A,12-Aug-25
1069,10,1656,A,27-Nov-25
1102,10,403,A,26-Jan-25
1111,10,5720,A,03-Aug-25
1128,10,3597,A,28-Sep-25
1137,10,5376,A,27-Jun-25
1201,10,643,A,10-Apr-25
1203,10,3254,A,26-Jul-25
1257,10,28,A,11-Jun-25
1326,10,4619,A,24-Oct-25
1371,10,5565,A,08-Mar-25
1424,10,7261,A,31-Mar-25
1430,10,7326,A,19-Feb-25
1493,10,1963,A,15-Jan-26
1524,10,7064,A,31-Dec-25
1527,10,6857,A,22-Aug-25
1555,10,2504,A,09-May-25
1592,10,2840,A,16-Nov-25
1642,10,6325,A,21-Oct-25
1672,10,2587,A,20-Jul-25
1790,10,6327,A,23-Jan-25
1810,10,3318,A,30-Nov-25
1888,10,6620,A,13-Jan-26
1927,10,6924,A,08-Dec-25
1945,10,7112,A,05-Aug-25
1953,10,4686,A,08-Sep-25
2078,10,5617,A,01-Feb-25
2106,10,3443,A,15-Nov-25
2118,10,27,A,05-Jan-25
2126,10,1155,A,16-Dec-25
2164,10,3485,A,07-Feb-25
2166,10,3184,A,05-Jun-25
2171,10,872,A,24-Jul-25
2177,10,2139,A,14-Sep-25
2202,10,653,A,13-Dec-25
2205,10,7376,A,07-Dec-25
2208,10,773,A,31-Mar-25
2214,10,5111,A,19-Feb-25
2217,10,6048,A,24-Dec-25
2242,10,4111,A,08-Jan-26
2296,10,948,A,13-Oct-25
2330,10,508,A,07-Jun-25
2380,10,2997,A,17-Feb-25
2400,10,7870,A,28-May-25
2416,10,2712,A,17-Jun-25
2422,10,543,A,20-Dec-25
2434,10,2368,A,13-Sep-25
2467,10,6499,A,17-Aug-25
2557,10,7795,A,16-May-25
2583,10,2262,A,06-Dec-25
2648,10,4620,A,18-Sep-25
2654,10,5389,A,28-Dec-25
2658,10,7486,A,02-Oct-25
2708,10,874,A,09-Nov-25
2728,10,376,A,18-Sep-25
2781,10,5123,A,21-Feb-25
2790,10,1599,A,01-Jan-26
2793,10,6025,A,16-Mar-25
2803,10,3842,A,11-Mar-25
2825,10,4859,A,01-Nov-25
2851,10,2302,A,25-Oct-25
2874,10,1068,A,05-Jan-25
2923,10,2116,A,02-Apr-25
2924,10,6432,A,28-May-25
2925,10,1243,A,16-Nov-25
2972,10,3830,A,27-Jun-25
2977,10,1880,A,05-Jul-25
2997,10,2521,A,23-Dec-25
3035,10,7983,A,22-Jan-25
3055,10,4023,A,17-Feb-25
3058,10,6389,A,10-Jun-25
3111,10,6554,A,03-Jun-25
3124,10,4307,A,05-Jan-26
3133,10,155,A,07-Jan-26
3142,10,4963,A,02-Aug-25
3153,10,86,A,20-May-25
3156,10,2236,A,09-Oct-25
3171,10,5754,A,18-Dec-25
3172,10,1408,A,20-Jan-25
3188,10,2965,A,13-Jun-25
3199,10,994,A,02-Jan-26
3222,10,6775,A,29-May-25
3231,10,4518,A,10-Jul-25
3253,10,3574,A,07-Feb-25
3254,10,3735,A,30-Jan-25
3274,10,7525,A,21-Aug-25
3288,10,4652,A,08-Jun-25
3296,10,7262,A,08-Jun-25
3333,10,7708,A,13-Mar-25
3342,10,5354,A,18-Jul-25
3357,10,1331,A,26-Mar-25
3359,10,4059,A,21-Mar-25
3414,10,4393,A,20-May-25
3452,10,6928,A,05-Jan-26
3454,10,605,A,03-Jun-25
3458,10,6081,A,06-Mar-25
3500,10,6997,A,13-Jul-25
3532,10,7443,A,05-Mar-25
3538,10,3142,A,27-Jun-25
3561,10,7888,A,10-Jun-25
3572,10,7390,A,02-Sep-25
3592,10,1311,A,09-Jun-25
3601,10,621,A,02-Apr-25
3607,10,7494,A,13-Sep-25
3628,10,3486,A,08-Jul-25
3639,10,6711,A,30-Dec-25
3666,10,5424,A,17-Jun-25
3689,10,3403,A,14-May-25
3723,10,2281,A,31-Aug-25
3759,10,7400,A,05-Jul-25
3765,10,267,A,03-Jun-25
3793,10,7888,A,08-Aug-25
3794,10,2928,A,30-Aug-25
3795,10,6851,A,09-Jul-25
3805,10,6979,A,12-Feb-25
3810,10,1573,A,14-Sep-25
3818,10,1156,A,27-Sep-25
3864,10,6071,A,29-Mar-25
3929,10,2606,A,25-Jan-25
3958,10,6011,A,16-Jan-25
3963,10,7333,A,20-Aug-25
3970,10,3362,A,11-Dec-25
3973,10,2621,A,15-Nov-25
3989,10,891,A,15-Jun-25
4032,10,6947,A,10-Jul-25
4047,10,1774,A,09-Aug-25
4049,10,720,A,24-Jun-25
4141,10,5590,A,03-Feb-25
4150,10,4778,A,30-Apr-25
4160,10,2585,A,23-Jul-25
4187,10,2259,A,18-Jan-25
4214,10,2080,A,13-Nov-25
4236,10,361,A,18-Mar-25
4258,10,2791,A,19-Dec-25
4285,10,3247,A,01-Jan-25
4288,10,3611,A,13-Aug-25
4308,10,5991,A,10-Jan-26
4316,10,4347,A,11-Apr-25
4337,10,488,A,12-Mar-25
4371,10,1472,A,10-May-25
4392,10,7396,A,08-Jul-25
4403,10,4401,A,27-Mar-25
4424,10,4872,A,04-Apr-25
4448,10,7249,A,22-Apr-25
4462,10,4093,A,14-Mar-25
4473,10,5162,A,06-May-25
4478,10,4909,A,19-Dec-25
4481,10,7935,A,04-Jan-25
4501,10,6671,A,13-Sep-25
4510,10,4611,A,20-Jun-25
4531,10,4690,A,16-Dec-25
4568,10,6063,A,26-Mar-25
4569,10,6057,A,21-May-25
4574,10,2945,A,24-May-25
4587,10,5713,A,04-Nov-25
4611,10,5209,A,11-May-25
4623,10,612,A,27-Sep-25
4627,10,6071,A,06-Dec-25
4639,10,3208,A,05-Jan-26
4640,10,3396,A,10-Aug-25
4676,10,3769,A,17-Oct-25
4678,10,4325,A,10-Jan-26
4683,10,5854,A,25-Jul-25
4720,10,698,A,29-Mar-25
4736,10,693,A,16-Jul-25
4791,10,6773,A,12-Jun-25
4843,10,2096,A,06-Apr-25
4858,10,7312,A,23-Aug-25
4862,10,129,A,20-Aug-25
4869,10,5701,A,10-May-25
4898,10,4076,A,13-May-25
4899,10,481,A,20-Dec-25
4902,10,7442,A,19-Aug-25
4933,10,2346,A,12-May-25
4948,10,376,A,24-Dec-25
4991,10,7815,A,03-Nov-25
5000,10,874,A,06-Mar-25
5005,10,6679,A,23-May-25
5031,10,1897,A,16-Jun-25
5042,10,3086,A,01-Mar-25
5056,10,7813,A,06-Jan-25
5069,10,6154,A,12-Oct-25
5073,10,130,A,01-Jun-25
5085,10,3270,A,10-Dec-25
5172,10,2295,A,09-Oct-25
5177,10,6348,A,28-Nov-25
5187,10,5944,A,14-Feb-25
5221,10,4945,A,19-May-25
5324,10,569,A,12-Feb-25
5344,10,1775,A,22-Sep-25
5376,10,572,A,27-Sep-25
5385,10,571,A,07-Oct-25
5393,10,4886,A,10-Aug-25
5407,10,1328,A,04-Dec-25
5412,10,7469,A,19-Oct-25
5439,10,1576,A,09-Feb-25
5486,10,5916,A,01-May-25
5494,10,2037,A,22-Jan-25
5536,10,5684,A,09-Jun-25
5542,10,7321,A,20-Feb-25
5551,10,1439,A,21-Oct-25
5561,10,3194,A,13-Aug-25
5601,10,256,A,31-Oct-25
5613,10,1502,A,11-Jun-25
5617,10,566,A,04-Apr-25
5632,10,269,A,07-Jun-25
5666,10,2435,A,06-Oct-25
5682,10,4939,A,19-Oct-25
5688,10,6410,A,28-Oct-25
5730,10,2300,A,01-Jun-25
5758,10,7112,A,16-Aug-25
5764,10,119,A,22-Sep-25
5792,10,5094,A,11-Dec-25
5795,10,1284,A,13-Sep-25
5800,10,2587,A,31-Mar-25
5801,10,6763,A,27-Oct-25
5813,10,4684,A,13-Jul-25
5830,10,7763,A,08-Jul-25
5836,10,1124,A,16-May-25
5902,10,5955,A,16-Apr-25
5911,10,5116,A,15-Jun-25
5930,10,5390,A,18-Jan-25
5952,10,5204,A,07-Nov-25
5994,10,5343,A,30-Sep-25
6036,10,3034,A,15-Feb-25
6050,10,6638,A,31-Jan-25
6060,10,539,A,05-Jan-25
6061,10,6406,A,14-Jul-25
6109,10,1953,A,10-Apr-25
6115,10,3604,A,25-Feb-25
6135,10,5418,A,27-Feb-25
6144,10,3710,A,04-Jan-25
6169,10,3912,A,21-Feb-25
6227,10,5610,A,13-Nov-25
6254,10,2275,A,20-Jul-25
6285,10,2202,A,17-Nov-25
6311,10,2967,A,22-Oct-25
6327,10,1644,A,20-Nov-25
6330,10,5618,A,17-Apr-25
6352,10,561,A,27-Nov-25
6392,10,5090,A,06-Jan-25
6451,10,1098,A,02-Dec-25
6456,10,523,A,06-Apr-25
6474,10,4128,A,26-Jun-25
6501,10,4198,A,11-Nov-25
6543,10,5972,A,24-Mar-25
6609,10,3468,A,27-Apr-25
6625,10,1058,A,21-Jan-25
6678,10,7657,A,16-Jul-25
6686,10,6254,A,14-May-25
6800,10,1735,A,27-Feb-25
6824,10,7030,A,05-May-25
6826,10,3799,A,23-Oct-25
6843,10,5091,A,06-Jul-25
6855,10,1779,A,03-Sep-25
6930,10,3477,A,23-Jan-25
6933,10,6369,A,08-Dec-25
6999,10,610,A,17-Oct-25
7000,10,6062,A,07-Apr-25
7030,10,1325,A,14-Jan-25
7045,10,1163,A,29-Sep-25
7066,10,237,A,06-Apr-25
7067,10,7695,A,09-Jan-26
7089,10,927,A,06-May-25
7128,10,738,A,22-Dec-25
7145,10,3652,A,29-Dec-25
7162,10,7924,A,21-Oct-25
7189,10,3102,A,23-Jun-25
7243,10,2278,A,13-Jan-25
7248,10,5323,A,17-Apr-25
7265,10,4353,A,29-Jan-25
7283,10,1093,A,27-Dec-25
7303,10,2433,A,22-Dec-25
7321,10,4890,A,02-Aug-25
7330,10,6601,A,19-Nov-25
7339,10,5899,A,19-Oct-25
7366,10,4714,A,29-Aug-25
7447,10,4086,A,08-Mar-25
7457,10,6418,A,29-Jul-25
7510,10,7702,A,06-Nov-25
7511,10,3555,A,05-May-25
7521,10,7669,A,14-Apr-25
7554,10,2591,A,06-Sep-25
7561,10,7326,A,18-Sep-25
7570,10,7546,A,17-Oct-25
7590,10,1304,A,10-Dec-25
7616,10,3347,A,18-Mar-25
7690,10,6780,A,14-May-25
7704,10,899,A,01-Apr-25
7705,10,7286,A,26-Mar-25
7726,10,7142,A,22-Mar-25
7730,10,638,A,26-Feb-25
7734,10,1265,A,14-Jan-26
7744,10,7735,A,09-Jul-25
7751,10,5447,A,15-Oct-25
7826,10,3063,A,30-Jun-25
7845,10,586,A,28-Aug-25
7881,10,1780,A,01-Jan-25
7899,10,2286,A,11-Oct-25
8021,10,2755,A,06-Jan-25
8029,10,16,A,18-Jan-26
8037,10,452,A,06-May-25
8059,10,2066,A,11-Sep-25
8060,10,116,A,12-Apr-25
8064,10,3731,A,14-Nov-25
8091,10,337,A,06-Jan-26
8121,10,4183,A,10-Feb-25
8128,10,1291,A,21-Mar-25
8131,10,7436,A,06-Jul-25
8228,10,5048,A,29-Sep-25
8232,10,2472,A,22-Dec-25
8253,10,5105,A,13-Jan-26
8270,10,6755,A,11-Mar-25
8287,10,494,A,04-Jan-26
8298,10,4414,A,11-Oct-25
8332,10,2871,A,16-Feb-25
8369,10,3456,A,06-Mar-25
8475,10,4845,A,08-Sep-25
8523,10,894,A,16-Feb-25
8539,10,7923,A,15-Oct-25
8540,10,2119,A,25-Jun-25
8654,10,6601,A,02-Mar-25
8728,10,1697,A,12-Aug-25
8735,10,1836,A,09-Dec-25
8737,10,5536,A,13-Apr-25
8740,10,1646,A,13-Aug-25
8795,10,1837,A,18-Jan-26
8852,10,3448,A,12-Dec-25
8883,10,4870,A,28-Jan-25
8924,10,4615,A,25-Jul-25
8930,10,6234,A,30-Apr-25
9024,10,5726,A,25-Mar-25
9037,10,3172,A,27-Jul-25
9043,10,2700,A,06-Apr-25
9095,10,2642,A,02-May-25
9122,10,1880,A,25-Jul-25
9130,10,3441,A,22-Oct-25
9152,10,6891,A,10-Nov-25
9161,10,2005,A,08-Nov-25
9190,10,1929,A,09-Jan-25
9199,10,1085,A,09-Jan-26
9245,10,1766,A,10-Jun-25
9252,10,970,A,06-Oct-25
9268,10,409,A,30-May-25
9279,10,3236,A,12-Mar-25
9312,10,5121,A,07-May-25
9317,10,2678,A,16-Oct-25
9333,10,5228,A,05-Aug-25
9348,10,7259,A,09-Feb-25
9389,10,2154,A,09-Feb-25
9429,10,4841,A,24-Jun-25
9461,10,1758,A,03-Jan-26
9472,10,6830,A,24-Feb-25
9493,10,5188,A,25-Aug-25
9515,10,6608,A,18-Mar-25
9545,10,1444,A,10-Dec-25
9583,10,3599,A,14-Jan-25
9608,10,3105,A,24-Aug-25
9609,10,3186,A,19-Dec-25
9626,10,6110,A,30-Nov-25
9629,10,4843,A,27-Apr-25
9647,10,416,A,31-Dec-25
9658,10,479,A,11-Nov-25
9676,10,3764,A,15-Mar-25
9706,10,3825,A,10-Nov-25
9729,10,5007,A,17-Jun-25
9741,10,3931,A,03-Sep-25
9742,10,7050,A,30-Oct-25
9770,10,4494,A,11-Feb-25
9818,10,1517,A,03-Sep-25
9865,10,3774,A,02-Sep-25
9875,10,7264,A,26-Jan-25
9904,10,2793,A,05-Jan-26
9911,10,6884,A,03-Nov-25
10011,10,2806,A,04-Apr-25
10120,10,3421,A,24-Apr-25
10146,10,3235,A,08-Apr-25
10148,10,5256,A,01-Oct-25
10152,10,2993,A,31-Jan-25
10219,10,1409,A,11-Jul-25
10228,10,7114,A,11-Mar-25
10233,10,6285,A,01-Jul-25
10250,10,3347,A,16-Aug-25
10254,10,446,A,27-Mar-25
10272,10,6333,A,20-Oct-25
10288,10,7371,A,18-Aug-25
10297,10,3207,A,03-Aug-25
10329,10,3008,A,27-Jul-25
10341,10,4816,A,11-May-25
10377,10,1927,A,28-Aug-25
10382,10,638,A,12-Jan-25
10398,10,6002,A,02-Dec-25
10430,10,7788,A,23-Dec-25
10440,10,5583,A,10-Jul-25
10472,10,7212,A,08-May-25
10473,10,3040,A,10-Jan-26
10498,10,2588,A,17-Apr-25
10511,10,3416,A,19-Jun-25
10519,10,7572,A,02-Dec-25
10523,10,1081,A,24-Jan-25
10581,10,3600,A,13-Mar-25
10589,10,6526,A,28-Feb-25
10611,10,3034,A,26-Dec-25
10614,10,7960,A,07-Sep-25
10634,10,6827,A,29-Jul-25
10639,10,2203,A,16-Jan-25
10682,10,2380,A,17-Apr-25
10688,10,6490,A,19-Nov-25
10717,10,6219,A,09-Sep-25
10722,10,6597,A,15-May-25
10780,10,6466,A,20-Sep-25
10797,10,595,A,13-Mar-25
10836,10,892,A,04-Mar-25
10893,10,5222,A,24-Jun-25
10898,10,6350,A,13-Feb-25
10917,10,3859,A,16-Jan-26
10930,10,6609,A,06-Jul-25
10931,10,4005,A,28-Nov-25
10967,10,4828,A,07-Oct-25
10992,10,3451,A,10-Nov-25
11004,10,7974,A,27-Jan-25
11054,10,3985,A,01-Nov-25
11068,10,32,A,28-Jan-25
11116,10,6375,A,19-Mar-25
11129,10,4912,A,23-Jul-25
11139,10,1239,A,09-Nov-25
11177,10,6979,A,18-Sep-25
11208,10,5656,A,20-Apr-25
11221,10,3918,A,15-Jan-25
11258,10,828,A,17-Jan-26
11279,10,2466,A,01-Jul-25
11312,10,7419,A,06-Jun-25
11318,10,3180,A,30-Jul-25
11401,10,5965,A,24-Oct-25
11424,10,6237,A,03-Mar-25
11458,10,4116,A,31-Aug-25
11471,10,2450,A,24-Nov-25
11477,10,1823,A,06-Apr-25
11478,10,4765,A,27-Nov-25
11526,10,6016,A,06-May-25
11537,10,3638,A,22-May-25
11543,10,5715,A,14-Jun-25
11549,10,4839,A,16-Aug-25
11552,10,3537,A,12-Mar-25
11559,10,4327,A,23-Aug-25
11569,10,1218,A,16-Aug-25
11580,10,7099,A,28-Apr-25
11585,10,2191,A,17-Apr-25
11620,10,2765,A,03-May-25
11638,10,4090,A,23-Sep-25
11650,10,2392,A,19-Mar-25
11660,10,505,A,03-Jun-25
11669,10,2707,A,17-Dec-25
11702,10,4908,A,18-Sep-25
11708,10,615,A,10-May-25
11771,10,166,A,14-May-25
11785,10,2323,A,17-Feb-25
11807,10,4062,A,01-Sep-25
11842,10,2856,A,11-Mar-25
11866,10,6994,A,01-Jan-26
11889,10,6373,A,23-Jul-25
11922,10,657,A,21-Sep-25
11934,10,7214,A,21-Aug-25
11941,10,6559,A,17-Jul-25
11957,10,7720,A,21-Aug-25
11969,10,6352,A,17-Jun-25
12030,10,3661,A,02-May-25
12041,10,644,A,10-May-25
12067,10,18,A,24-May-25
12070,10,7262,A,08-Apr-25
12078,10,7644,A,19-May-25
12082,10,1916,A,18-Jan-26
12137,10,7211,A,04-Jul-25
12170,10,1907,A,23-Mar-25
12175,10,1865,A,09-Jun-25
12190,10,3479,A,04-Sep-25
12230,10,3848,A,26-Jan-25
12276,10,6072,A,05-Jun-25
12312,10,7949,A,26-Dec-25
12341,10,3631,A,15-Aug-25
12346,10,2757,A,15-Jan-25
12366,10,5831,A,08-Aug-25
12369,10,5283,A,18-Jan-26
12370,10,7910,A,26-Oct-25
12399,10,6345,A,09-Dec-25
12454,10,4055,A,02-Jan-25
12457,10,2268,A,04-Apr-25
12477,10,3049,A,28-Mar-25
12533,10,1677,A,12-Dec-25
12615,10,5590,A,07-Jul-25
12637,10,2867,A,31-Oct-25
12640,10,3311,A,29-Oct-25
12656,10,2366,A,25-Nov-25
12658,10,1742,A,04-Dec-25
12672,10,6522,A,28-Nov-25
12756,10,7549,A,08-Dec-25
12779,10,7537,A,02-Feb-25
12809,10,1714,A,04-Apr-25
12839,10,1182,A,28-Dec-25
12841,10,1344,A,04-Jul-25
12850,10,1740,A,10-Jan-26
12878,10,3964,A,24-May-25
12896,10,7744,A,20-Jun-25
12917,10,4965,A,09-Aug-25
12944,10,5411,A,11-May-25
12947,10,940,A,17-Sep-25
13012,10,1464,A,14-Feb-25
13030,10,4384,A,18-Jul-25
13033,10,768,A,31-Dec-25
13101,10,2756,A,27-Sep-25
13155,10,7647,A,15-Mar-25
13170,10,5706,A,08-Jun-25
13181,10,4598,A,19-Dec-25
13198,10,5717,A,06-Nov-25
13201,10,700,A,25-Sep-25
13208,10,7479,A,14-Nov-25
13211,10,6065,A,25-Oct-25
13228,10,399,A,03-Jun-25
13254,10,6469,A,26-Sep-25
13257,10,3348,A,17-Jul-25
13271,10,7066,A,07-Jan-25
13276,10,613,A,01-Apr-25
13279,10,5668,A,21-May-25
13298,10,264,A,26-Oct-25
13306,10,7871,A,03-Mar-25
13343,10,3795,A,20-Aug-25
13345,10,3893,A,02-Jul-25
13407,10,6362,A,25-Sep-25
13429,10,5855,A,12-May-25
13434,10,5272,A,20-Jun-25
13449,10,7927,A,23-Jan-25
13450,10,1187,A,11-Apr-25
13452,10,7682,A,28-Jan-25
13514,10,5088,A,10-Oct-25
13536,10,852,A,03-Jun-25
13602,10,1221,A,11-Jan-25
13638,10,3366,A,19-May-25
13653,10,7702,A,12-Dec-25
13682,10,2190,A,07-Aug-25
13698,10,6989,A,31-Jul-25
13712,10,5390,A,31-May-25
13713,10,2083,A,04-May-25
13741,10,4027,A,15-Jun-25
13743,10,5504,A,13-Jun-25
13755,10,2934,A,17-Jan-26
13793,10,4520,A,10-Apr-25
13803,10,5524,A,17-Oct-25
13810,10,2633,A,26-Apr-25
13842,10,5426,A,27-Nov-25
13883,10,4432,A,26-Dec-25
13890,10,1033,A,19-Feb-25
13940,10,4783,A,24-Oct-25
13959,10,1422,A,24-Aug-25
13964,10,1806,A,17-Jul-25
13979,10,7597,A,15-Mar-25
14019,10,4153,A,08-Jul-25
14023,10,3492,A,02-Mar-25
14050,10,6956,A,25-Oct-25
14070,10,1216,A,07-Oct-25
14088,10,1160,A,07-Nov-25
14101,10,5571,A,24-Apr-25
14106,10,7723,A,17-Mar-25
14116,10,5556,A,22-Jun-25
14166,10,530,A,04-Apr-25
14228,10,7647,A,27-Oct-25
14261,10,5072,A,04-Aug-25
14267,10,2091,A,11-Mar-25
14269,10,5911,A,21-Aug-25
14285,10,5161,A,19-Oct-25
14312,10,7820,A,23-Apr-25
14316,10,586,A,27-Jan-25
14320,10,3831,A,20-Jun-25
14371,10,2412,A,12-Jun-25
14431,10,6875,A,26-Oct-25
14437,10,1430,A,23-Jan-25
14470,10,6496,A,12-Feb-25
14474,10,5830,A,27-Sep-25
14528,10,7611,A,04-Jan-26
14559,10,2079,A,20-Sep-25
14571,10,4220,A,19-Jul-25
14613,10,1056,A,03-Feb-25
14654,10,7152,A,27-Dec-25
14720,10,7168,A,01-Apr-25
14752,10,4680,A,21-Dec-25
14803,10,2364,A,13-Jan-26
14818,10,7162,A,16-Jan-26
14831,10,2208,A,10-Jul-25
14857,10,383,A,04-Jan-26
14917,10,6339,A,08-Apr-25
14929,10,7583,A,01-Feb-25
14931,10,5021,A,09-Dec-25
14937,10,6291,A,25-Jan-25
14945,10,2229,A,09-Jun-25
14947,10,1354,A,30-Aug-25
14964,10,4892,A,30-Nov-25
14976,10,1943,A,24-Feb-25
14995,10,6136,A,14-Jul-25
15056,10,4978,A,09-Jan-26
15216,10,3078,A,14-Apr-25
15238,10,5962,A,09-Aug-25
15243,10,5752,A,05-Apr-25
15264,10,6356,A,02-Jun-25
15265,10,1139,A,14-Mar-25
15287,10,8,A,16-Jan-26
15301,10,7173,A,23-Mar-25
15305,10,269,A,20-May-25
15337,10,6193,A,09-Jan-25
15367,10,1958,A,13-Sep-25
15402,10,1790,A,27-Jun-25
15439,10,3044,A,02-Dec-25
15474,10,6119,A,28-Nov-25
15485,10,2941,A,13-Oct-25
15563,10,7840,A,01-May-25
15586,10,1585,A,03-Jun-25
15633,10,7226,A,07-Sep-25
15653,10,5766,A,11-Aug-25
15661,10,1037,A,27-Feb-25
15667,10,7734,A,14-Sep-25
15669,10,240,A,05-Feb-25
15671,10,6342,A,13-Mar-25
15672,10,5587,A,27-Oct-25
15712,10,3828,A,11-Jul-25
15713,10,1932,A,11-May-25
15740,10,935,A,15-May-25
15744,10,5702,A,07-Jul-25
15843,10,3234,A,06-Nov-25
15863,10,5696,A,17-May-25
15868,10,1643,A,24-Apr-25
15898,10,2293,A,13-Dec-25
15918,10,4704,A,07-Mar-25
15949,10,3014,A,25-Feb-25
15956,10,1733,A,12-Mar-25
15962,10,1107,A,10-Feb-25
15966,10,2309,A,22-Jul-25
16006,10,7935,A,21-Sep-25
16011,10,1786,A,16-Nov-25
16035,10,5089,A,12-Nov-25
16046,10,1872,A,23-Aug-25
16050,10,7582,A,01-Jan-26
16094,10,2062,A,18-Nov-25
16096,10,473,A,20-Nov-25
16113,10,1754,A,19-Jan-25
16120,10,7967,A,27-Dec-25
16129,10,5806,A,16-Oct-25
16152,10,7577,A,03-Jun-25
16160,10,6802,A,22-Sep-25
16162,10,4039,A,11-Dec-25
16196,10,1180,A,23-Apr-25
16241,10,6349,A,31-Jul-25
16288,10,362,A,15-May-25
16373,10,840,A,26-Sep-25
16374,10,5201,A,23-Jun-25
16399,10,7218,A,26-Dec-25
16401,10,411,A,04-Jan-25
16419,10,2317,A,27-Feb-25
16446,10,4326,A,27-May-25
16459,10,6250,A,30-Oct-25
16483,10,1335,A,02-May-25
16550,10,429,A,21-May-25
16554,10,7577,A,10-May-25
16595,10,3478,A,23-Jan-25
16606,10,3773,A,03-Oct-25
16639,10,7775,A,12-Jun-25
16694,10,5026,A,25-Sep-25
16702,10,2774,A,07-Aug-25
16771,10,5272,A,19-Jul-25
16772,10,796,A,22-May-25
16807,10,5009,A,24-Mar-25
16809,10,5564,A,21-Feb-25
16843,10,2631,A,26-Sep-25
16869,10,6214,A,30-Sep-25
16888,10,4768,A,22-Apr-25
16894,10,7174,A,21-Aug-25
16907,10,116,A,20-Jun-25
16909,10,3283,A,02-Dec-25
16922,10,5029,A,05-Jan-25
16939,10,4382,A,29-Jun-25
16948,10,4672,A,04-Apr-25
16987,10,6445,A,25-Mar-25
16990,10,1403,A,21-Jul-25
17003,10,7293,A,07-Jan-26
17032,10,3740,A,12-Jun-25
17039,10,7689,A,05-Aug-25
17058,10,1272,A,18-Jun-25
17062,10,7937,A,26-Sep-25
17064,10,223,A,30-Sep-25
17087,10,6133,A,09-Feb-25
17089,10,6688,A,04-Feb-25
17124,10,7029,A,29-Mar-25
17138,10,5433,A,04-Aug-25
17159,10,1881,A,13-Feb-25
17172,10,2569,A,10-Dec-25
17178,10,5982,A,27-Aug-25
17207,10,7249,A,19-Jun-25
17214,10,2167,A,27-Mar-25
17272,10,4602,A,09-Jun-25
17289,10,5429,A,03-Jan-25
17321,10,1617,A,08-Dec-25
17347,10,4281,A,22-Sep-25
17354,10,633,A,23-Oct-25
17359,10,6641,A,08-Jan-25
17379,10,4494,A,23-Feb-25
17388,10,7473,A,05-Mar-25
17468,10,3954,A,05-Jan-26
17528,10,3651,A,14-Nov-25
17552,10,4341,A,29-Apr-25
17592,10,7471,A,01-Oct-25
17629,10,345,A,13-Apr-25
17630,10,7553,A,11-Jun-25
17684,10,2961,A,24-Aug-25
17698,10,2894,A,16-Apr-25
17766,10,2930,A,18-Nov-25
17833,10,5780,A,03-Feb-25
17839,10,1923,A,10-Sep-25
17867,10,231,A,06-Jul-25
17880,10,7503,A,17-Nov-25
17891,10,3789,A,07-May-25
17895,10,7083,A,11-Apr-25
17912,10,7175,A,17-Oct-25
17955,10,6395,A,28-Sep-25
17968,10,343,A,04-Jun-25
17974,10,3188,A,16-Sep-25
17977,10,3996,A,27-Jul-25
17995,10,2628,A,01-Mar-25
18022,10,7325,A,29-Apr-25
18032,10,3158,A,27-Dec-25
18048,10,6152,A,01-Oct-25
18105,10,6821,A,25-Sep-25
18141,10,2542,A,04-Jan-26
18208,10,4256,A,17-Mar-25
18215,10,6379,A,03-Jul-25
18223,10,1592,A,16-Dec-25
18268,10,6647,A,02-Jan-25
18320,10,6370,A,20-Aug-25
18323,10,6454,A,21-Dec-25
18357,10,6677,A,06-Aug-25
18379,10,7561,A,21-Oct-25
18403,10,916,A,05-Jan-25
18419,10,85,A,25-Nov-25
18431,10,72,A,28-Dec-25
18535,10,11,A,22-Apr-25
18542,10,5043,A,07-Mar-25
18612,10,1943,A,06-Jan-25
18628,10,5990,A,01-Sep-25
18686,10,7062,A,07-Feb-25
18692,10,7531,A,02-Dec-25
18739,10,2478,A,05-Aug-25
18789,10,1801,A,10-May-25
18823,10,4,A,31-Dec-25
18825,10,4134,A,11-Apr-25
18827,10,1059,A,12-Sep-25
18952,10,7505,A,27-Feb-25
19013,10,2429,A,12-Sep-25
19027,10,5969,A,08-Dec-25
19033,10,2309,A,10-Dec-25
19041,10,4259,A,22-Apr-25
19067,10,2958,A,11-May-25
19095,10,6045,A,31-May-25
19137,10,3544,A,01-Jan-25
19152,10,2972,A,03-Feb-25
19177,10,7776,A,01-Oct-25
19188,10,3118,A,12-Oct-25
19201,10,2046,A,12-Jul-25
19225,10,7292,A,30-May-25
19245,10,852,A,14-Jul-25
19263,10,5985,A,01-Feb-25
19292,10,3119,A,27-Dec-25
19323,10,1693,A,12-Jan-26
19367,10,5918,A,09-Feb-25
19401,10,1692,A,09-Feb-25
19412,10,3875,A,12-Apr-25
19419,10,4525,A,01-Jan-26
19428,10,862,A,21-Aug-25
19457,10,1757,A,14-Oct-25
19485,10,363,A,18-Sep-25
19567,10,7711,A,23-Nov-25
19589,10,110,A,25-Jun-25
19607,10,3008,A,01-Nov-25
19644,10,6630,A,29-Nov-25
19690,10,4672,A,10-Jul-25
19693,10,4246,A,21-Jan-25
19707,10,4552,A,16-Jun-25
19719,10,5099,A,24-Nov-25
19749,10,785,A,31-Mar-25
19791,10,1082,A,30-Dec-25
19824,10,3319,A,18-Jun-25
19826,10,7599,A,05-Oct-25
19828,10,3675,A,23-Aug-25
19862,10,4724,A,12-Feb-25
19892,10,7714,A,19-Jul-25
19910,10,1837,A,06-Dec-25
19922,10,944,A,28-May-25
19938,10,3900,A,19-Dec-25
19943,10,6824,A,13-Oct-25
19946,10,6447,A,07-Mar-25
19960,10,415,A,18-Dec-25
19977,10,2785,A,30-Jun-25
19988,10,1232,A,11-Jan-25
19992,10,37,A,04-Dec-25
17,6,1996,A,19-Oct-25
54,6,4396,A,12-Nov-25
70,6,913,A,14-Oct-25
75,6,5993,A,27-Dec-25
80,6,1028,A,14-Aug-25
91,6,1154,A,22-Apr-25
162,6,5764,A,27-Jun-25
187,6,391,A,05-Jul-25
215,6,1599,A,28-Aug-25
228,6,468,A,27-Mar-25
257,6,702,A,28-Oct-25
260,6,5442,A,13-Mar-25
263,6,5148,A,09-Aug-25
264,6,6630,A,14-Apr-25
270,6,614,A,02-Jan-25
275,6,1356,A,12-Apr-25
300,6,2171,A,13-Jul-25
340,6,4537,A,07-Mar-25
359,6,443,A,28-Mar-25
388,6,4380,A,02-Mar-25
400,6,3220,A,22-Feb-25
403,6,3108,A,27-Sep-25
409,6,3304,A,24-Jun-25
416,6,4710,A,21-Feb-25
419,6,1761,A,20-May-25
424,6,7673,A,14-Nov-25
434,6,5410,A,03-Nov-25
438,6,116,A,28-Feb-25
439,6,7769,A,05-Jan-25
495,6,1698,A,06-Mar-25
507,6,3051,A,26-Nov-25
594,6,6165,A,18-Mar-25
671,6,37,A,23-Mar-25
679,6,2684,A,07-Jul-25
745,6,1485,A,18-Oct-25
747,6,5704,A,09-Nov-25
750,6,6475,A,06-Nov-25
753,6,789,A,18-Mar-25
757,6,6693,A,19-Nov-25
763,6,4043,A,17-Nov-25
775,6,1046,A,02-Nov-25
880,6,7205,A,04-Jul-25
885,6,208,A,12-Oct-25
930,6,6093,A,21-Sep-25
984,6,7051,A,02-Jan-25
989,6,466,A,11-Nov-25
997,6,6747,A,22-Jan-25
1002,6,4340,A,24-Nov-25
1009,6,2695,A,12-Jan-25
1014,6,7263,A,23-Oct-25
1022,6,181,A,23-Feb-25
1032,6,7083,A,08-Dec-25
1132,6,4617,A,17-Feb-25
1149,6,7189,A,03-Sep-25
1151,6,5990,A,15-Jan-26
1174,6,1558,A,24-Nov-25
1190,6,5681,A,09-Dec-25
1195,6,4966,A,25-Jul-25
1200,6,1787,A,29-Nov-25
1351,6,7761,A,22-Apr-25
1359,6,4249,A,08-Aug-25
1409,6,7744,A,05-Apr-25
1422,6,1771,A,22-Aug-25
1435,6,4394,A,15-Jan-26
1445,6,3312,A,24-Jul-25
1451,6,4257,A,09-Jun-25
1456,6,6056,A,13-Nov-25
1476,6,6318,A,14-Jan-26
1507,6,3472,A,05-Sep-25
1518,6,2514,A,01-Jan-26
1535,6,7594,A,22-Jul-25
1560,6,2548,A,09-Mar-25
1583,6,1337,A,03-Sep-25
1635,6,643,A,26-Feb-25
1644,6,5761,A,21-Mar-25
1702,6,2229,A,05-Sep-25
1751,6,5089,A,02-Mar-25
1753,6,2084,A,23-Mar-25
1822,6,210,A,21-May-25
1836,6,7924,A,18-Nov-25
1909,6,492,A,01-Jan-26
1954,6,1228,A,09-Jan-25
2023,6,389,A,10-Feb-25
2046,6,6667,A,27-May-25
2048,6,3079,A,24-Nov-25
2080,6,4545,A,01-Jan-26
2083,6,6617,A,15-Oct-25
2086,6,625,A,19-Oct-25
2092,6,5985,A,22-Apr-25
2096,6,1266,A,09-Jan-25
2112,6,456,A,10-Oct-25
2130,6,152,A,16-Mar-25
2146,6,5455,A,08-Jun-25
2281,6,6343,A,03-Jan-25
2285,6,1463,A,01-Dec-25
2288,6,7994,A,31-Mar-25
2289,6,7649,A,08-Apr-25
2305,6,2487,A,14-Mar-25
2355,6,4983,A,30-Jun-25
2403,6,6402,A,04-May-25
2438,6,2281,A,09-Feb-25
2446,6,4328,A,12-Dec-25
2456,6,3847,A,07-Jun-25
2469,6,5213,A,07-Nov-25
2481,6,6407,A,30-Jul-25
2491,6,4172,A,09-Sep-25
2496,6,1118,A,06-Apr-25
2506,6,5167,A,04-Jul-25
2509,6,2401,A,20-Mar-25
2519,6,4779,A,17-Jul-25
2521,6,6218,A,26-Nov-25
2563,6,3421,A,28-Mar-25
2617,6,4115,A,31-May-25
2623,6,4539,A,13-Jun-25
2638,6,4750,A,17-Aug-25
2639,6,951,A,18-Jul-25
2691,6,5184,A,20-Mar-25
2697,6,577,A,10-Jan-25
2707,6,6245,A,03-Sep-25
2732,6,928,A,11-Oct-25
2736,6,4374,A,06-Sep-25
2778,6,4004,A,21-Oct-25
2806,6,7771,A,15-Aug-25
2817,6,2201,A,10-Dec-25
2830,6,1874,A,07-Aug-25
2875,6,5816,A,13-Mar-25
2899,6,4576,A,31-Aug-25
2911,6,7856,A,01-Aug-25
2913,6,1195,A,30-Apr-25
2917,6,3581,A,01-Jan-26
2959,6,815,A,18-Feb-25
3000,6,3701,A,10-Mar-25
3004,6,6731,A,12-Jan-25
3014,6,3768,A,02-Sep-25
3018,6,7251,A,03-Feb-25
3020,6,2271,A,04-Feb-25
3022,6,5368,A,05-Jan-25
3036,6,5633,A,11-Dec-25
3044,6,4332,A,08-Mar-25
3131,6,7015,A,17-Jan-26
3143,6,6435,A,10-May-25
3195,6,467,A,27-Jan-25
3208,6,2656,A,13-Aug-25
3214,6,2651,A,01-Dec-25
3227,6,2804,A,26-Jul-25
3228,6,4513,A,30-Nov-25
3237,6,7379,A,31-Dec-25
3316,6,3200,A,13-Jan-25
3335,6,2478,A,24-Aug-25
3336,6,1152,A,02-May-25
3337,6,6051,A,25-Jan-25
3353,6,4553,A,01-Jan-26
3361,6,779,A,17-Jan-25
3365,6,5738,A,15-Jan-25
3386,6,2313,A,13-Jan-25
3395,6,1645,A,22-Jun-25
3399,6,6224,A,25-Sep-25
3450,6,2743,A,06-Sep-25
3492,6,4215,A,26-Jul-25
3493,6,3905,A,30-Oct-25
3542,6,5307,A,24-May-25
3548,6,4638,A,29-Dec-25
3556,6,3774,A,03-Jan-26
3586,6,1691,A,01-Jun-25
3605,6,1170,A,05-Aug-25
3611,6,5520,A,12-Dec-25
3616,6,3095,A,08-Apr-25
3624,6,7461,A,14-Dec-25
3634,6,3753,A,06-Jun-25
3640,6,6518,A,08-May-25
3680,6,5345,A,18-Jan-26
3709,6,5326,A,01-Feb-25
3748,6,4326,A,13-Oct-25
3750,6,2804,A,09-Jan-26
3784,6,2656,A,06-Feb-25
3814,6,6897,A,16-Jul-25
3843,6,287,A,14-Feb-25
3890,6,1388,A,19-Jan-25
3894,6,3715,A,27-Apr-25
3903,6,2598,A,13-Dec-25
3907,6,4655,A,11-May-25
3919,6,7969,A,01-Dec-25
3942,6,4073,A,23-Jun-25
3946,6,6790,A,21-Oct-25
3953,6,5445,A,13-Apr-25
3978,6,5577,A,19-May-25
4041,6,1125,A,18-Nov-25
4051,6,5498,A,05-Mar-25
4103,6,963,A,19-Apr-25
4133,6,5514,A,13-Apr-25
4142,6,6210,A,28-Aug-25
4176,6,703,A,24-Mar-25
4203,6,6181,A,19-Jul-25
4270,6,3237,A,10-May-25
4357,6,246,A,04-Aug-25
4365,6,4271,A,24-Apr-25
4373,6,2993,A,07-Oct-25
4382,6,5363,A,30-Jun-25
4385,6,484,A,15-May-25
4436,6,6674,A,07-Apr-25
4488,6,4605,A,19-Sep-25
4489,6,6251,A,04-Jan-26
4558,6,7695,A,20-May-25
4612,6,4364,A,14-Oct-25
4628,6,5673,A,22-Apr-25
4631,6,1163,A,02-Mar-25
4633,6,3566,A,17-Jan-26
4638,6,5004,A,22-Apr-25
4713,6,3954,A,12-Apr-25
4741,6,55,A,21-Jul-25
4748,6,7616,A,18-Aug-25
4765,6,3316,A,02-Apr-25
4795,6,150,A,01-Jan-25
4815,6,1144,A,02-Nov-25
4846,6,3469,A,17-Oct-25
4939,6,3210,A,23-Jun-25
4946,6,2610,A,08-May-25
4979,6,6023,A,11-Jan-25
4984,6,1514,A,02-Jan-26
4985,6,7242,A,29-Oct-25
4996,6,1588,A,15-Jun-25
4999,6,6882,A,12-Jun-25
5012,6,7935,A,31-Jul-25
5026,6,2936,A,21-Aug-25
5037,6,7131,A,14-Nov-25
5102,6,3018,A,21-Feb-25
5114,6,1591,A,15-Feb-25
5123,6,3639,A,03-Mar-25
5128,6,683,A,06-Dec-25
5171,6,2296,A,07-Mar-25
5183,6,3751,A,09-Dec-25
5198,6,4358,A,12-Oct-25
5200,6,2291,A,19-Jul-25
5209,6,4524,A,12-Apr-25
5239,6,4984,A,13-Jan-26
5319,6,288,A,20-May-25
5334,6,5622,A,16-Sep-25
5354,6,314,A,09-Oct-25
5453,6,7930,A,25-Jan-25
5458,6,1953,A,12-Oct-25
5475,6,7883,A,03-Oct-25
5507,6,6906,A,25-Nov-25
5553,6,3640,A,25-Apr-25
5555,6,6423,A,17-Mar-25
5593,6,5783,A,23-Nov-25
5650,6,5030,A,16-Apr-25
5698,6,2305,A,26-Jan-25
5707,6,7154,A,16-May-25
5742,6,932,A,25-Mar-25
5775,6,4606,A,27-Dec-25
5796,6,1231,A,06-Nov-25
5848,6,2318,A,01-Apr-25
5873,6,2224,A,03-Aug-25
5882,6,5639,A,23-Apr-25
5908,6,3649,A,25-Dec-25
5915,6,6486,A,01-Jun-25
5940,6,2975,A,22-Nov-25
5959,6,5462,A,14-Jan-26
5965,6,558,A,06-Apr-25
5970,6,1381,A,28-Jul-25
5986,6,4990,A,15-Sep-25
5999,6,7860,A,03-Jan-26
6022,6,2882,A,21-Sep-25
6028,6,651,A,28-Jan-25
6045,6,6095,A,07-Apr-25
6091,6,4954,A,13-Mar-25
6107,6,6902,A,23-Jul-25
6114,6,35,A,19-Apr-25
6232,6,6560,A,04-Jan-26
6234,6,4761,A,27-Aug-25
6237,6,6955,A,15-Jan-26
6283,6,5203,A,02-Dec-25
6295,6,2450,A,21-Apr-25
6301,6,1757,A,25-Dec-25
6310,6,6562,A,07-Jan-25
6317,6,6283,A,28-Jan-25
6398,6,3765,A,14-Aug-25
6399,6,6143,A,30-Mar-25
6421,6,3338,A,22-May-25
6430,6,2506,A,24-Oct-25
6448,6,2881,A,20-Jul-25
6459,6,6570,A,21-Jun-25
6477,6,4568,A,10-Mar-25
6505,6,7840,A,15-Jun-25
6512,6,2007,A,03-Mar-25
6533,6,2555,A,21-Jun-25
6535,6,4025,A,05-Mar-25
6536,6,500,A,28-Nov-25
6570,6,5508,A,11-Nov-25
6610,6,6022,A,25-Aug-25
6640,6,1429,A,18-Sep-25
6673,6,1168,A,01-Jul-25
6675,6,1812,A,10-Dec-25
6679,6,6007,A,08-Jun-25
6702,6,3205,A,15-Mar-25
6739,6,160,A,19-Oct-25
6744,6,3046,A,03-Sep-25
6868,6,2941,A,19-Nov-25
6885,6,6748,A,11-Aug-25
6900,6,5741,A,06-Oct-25
6960,6,4067,A,18-Oct-25
6977,6,2463,A,23-Feb-25
6991,6,6165,A,08-Feb-25
6994,6,849,A,10-Jan-25
7011,6,2698,A,05-Apr-25
7072,6,4460,A,20-Jun-25
7104,6,364,A,29-Jan-25
7109,6,6642,A,11-Apr-25
7112,6,5098,A,07-Dec-25
7166,6,6557,A,17-Nov-25
7179,6,2297,A,22-Aug-25
7195,6,2118,A,03-Jul-25
7206,6,7157,A,28-Jan-25
7287,6,2069,A,03-Aug-25
7288,6,5086,A,28-Mar-25
7293,6,5714,A,24-Mar-25
7301,6,3215,A,03-Oct-25
7318,6,7989,A,17-Feb-25
7375,6,6709,A,10-Dec-25
7381,6,5824,A,09-Oct-25
7388,6,7084,A,24-Feb-25
7420,6,5018,A,09-Dec-25
7449,6,2837,A,10-Mar-25
7468,6,5538,A,10-Dec-25
7514,6,1750,A,17-Mar-25
7580,6,4972,A,20-Apr-25
7581,6,4327,A,24-Dec-25
7596,6,5965,A,10-May-25
7603,6,5849,A,23-Apr-25
7623,6,725,A,10-Aug-25
7637,6,2393,A,10-May-25
7641,6,7619,A,21-Jan-25
7663,6,7028,A,17-Apr-25
7689,6,5532,A,02-May-25
7740,6,4023,A,27-Dec-25
7760,6,3023,A,10-Aug-25
7779,6,5450,A,13-Jun-25
7804,6,4994,A,22-Mar-25
7819,6,4625,A,18-May-25
7827,6,1653,A,27-Aug-25
7853,6,5151,A,13-Sep-25
7888,6,5879,A,23-Jun-25
7908,6,2797,A,21-Mar-25
7929,6,6114,A,27-Feb-25
7935,6,3365,A,14-Mar-25
7976,6,4987,A,13-Oct-25
7989,6,621,A,14-Dec-25
7997,6,6447,A,11-Mar-25
8014,6,2311,A,04-Dec-25
8026,6,2376,A,13-Aug-25
8034,6,2868,A,12-May-25
8063,6,2698,A,12-Oct-25
8088,6,333,A,01-Feb-25
8097,6,1268,A,02-Aug-25
8102,6,3025,A,31-Aug-25
8104,6,7894,A,20-Mar-25
8126,6,5425,A,01-Oct-25
8148,6,3461,A,14-Sep-25
8168,6,5659,A,25-Dec-25
8202,6,879,A,13-Nov-25
8214,6,7131,A,18-Sep-25
8234,6,4708,A,04-Nov-25
8236,6,776,A,21-Oct-25
8248,6,2102,A,05-Jun-25
8291,6,6249,A,05-Jan-25
8335,6,883,A,20-Jan-25
8389,6,354,A,19-Aug-25
8396,6,895,A,19-Jul-25
8399,6,4872,A,09-Jun-25
8425,6,4782,A,29-Nov-25
8428,6,560,A,06-Jun-25
8508,6,2420,A,16-Jul-25
8533,6,5273,A,19-Sep-25
8596,6,874,A,30-Jul-25
8632,6,4682,A,10-May-25
8647,6,1486,A,13-Dec-25
8661,6,7230,A,10-Aug-25
8683,6,8000,A,06-Jul-25
8684,6,2609,A,02-Dec-25
8706,6,3691,A,17-Apr-25
8726,6,4139,A,07-Jul-25
8758,6,5658,A,07-Dec-25
8762,6,4668,A,09-Oct-25
8806,6,2904,A,27-Aug-25
8851,6,1813,A,14-May-25
8863,6,5317,A,29-Aug-25
8867,6,2886,A,12-Aug-25
8900,6,6835,A,10-Jan-26
8905,6,4839,A,13-Feb-25
8985,6,1084,A,18-May-25
8994,6,7315,A,29-Jun-25
8997,6,7209,A,14-Mar-25
8998,6,1503,A,15-Nov-25
9057,6,116,A,12-Oct-25
9064,6,2624,A,20-Jun-25
9100,6,875,A,06-Jan-25
9179,6,1628,A,29-Apr-25
9210,6,1153,A,10-Mar-25
9265,6,2174,A,13-Mar-25
9278,6,688,A,16-Jul-25
9334,6,6947,A,15-Oct-25
9340,6,7012,A,03-Jun-25
9350,6,1791,A,01-Jan-26
9356,6,1684,A,28-Aug-25
9390,6,2365,A,26-Aug-25
9401,6,2372,A,22-Dec-25
9421,6,7999,A,22-May-25
9434,6,7289,A,03-Nov-25
9437,6,638,A,01-Feb-25
9440,6,327,A,14-Nov-25
9455,6,4139,A,14-Aug-25
9464,6,5250,A,09-Nov-25
9481,6,1265,A,25-Sep-25
9486,6,7235,A,23-Nov-25
9492,6,924,A,01-Apr-25
9500,6,1123,A,01-Jan-25
9511,6,7907,A,26-May-25
9536,6,1356,A,09-Apr-25
9540,6,2436,A,05-May-25
9657,6,7324,A,18-Jul-25
9705,6,3181,A,23-Jun-25
9711,6,3273,A,15-Mar-25
9717,6,2317,A,25-Feb-25
9719,6,6496,A,11-Apr-25
9783,6,1856,A,13-Jan-25
9786,6,3042,A,19-Oct-25
9810,6,6148,A,03-Jan-25
9814,6,5901,A,16-Apr-25
9817,6,7866,A,14-Nov-25
9840,6,6728,A,05-Apr-25
9869,6,2034,A,06-Jan-25
9876,6,6109,A,05-Jan-25
9891,6,6701,A,20-Apr-25
9898,6,2804,A,11-Oct-25
9912,6,6308,A,03-Dec-25
9966,6,7228,A,16-Apr-25
9993,6,6067,A,14-Sep-25
10034,6,669,A,13-Feb-25
10035,6,1899,A,16-Oct-25
10039,6,1538,A,10-Feb-25
10044,6,6420,A,14-Jun-25
10057,6,4506,A,03-Nov-25
10098,6,3307,A,05-Apr-25
10106,6,1259,A,16-Apr-25
10114,6,3509,A,26-Jun-25
10117,6,4436,A,08-Aug-25
10123,6,2279,A,08-Jan-26
10160,6,937,A,14-Apr-25
10267,6,7276,A,30-Jun-25
10283,6,5511,A,12-Sep-25
10331,6,6874,A,07-Apr-25
10337,6,2765,A,07-Dec-25
10339,6,2166,A,08-Jan-25
10355,6,734,A,31-Aug-25
10366,6,2051,A,14-Apr-25
10400,6,1112,A,10-Aug-25
10402,6,948,A,15-Sep-25
10426,6,2935,A,03-Feb-25
10468,6,51,A,27-Dec-25
10481,6,7625,A,30-Dec-25
10534,6,1866,A,21-Jun-25
10544,6,4589,A,08-Jan-26
10569,6,1828,A,24-Mar-25
10608,6,5879,A,29-Nov-25
10626,6,1665,A,01-Nov-25
10643,6,2697,A,06-Apr-25
10646,6,1070,A,24-May-25
10691,6,1739,A,16-Dec-25
10739,6,5213,A,19-Oct-25
10749,6,1373,A,31-Oct-25
10761,6,5442,A,27-Aug-25
10776,6,4447,A,20-Jan-25
10787,6,1700,A,14-Oct-25
10792,6,1610,A,14-Sep-25
10804,6,1926,A,05-Jul-25
10918,6,4586,A,27-Apr-25
10932,6,3930,A,14-Oct-25
10989,6,1477,A,07-Jun-25
11093,6,4134,A,06-Jul-25
11096,6,6667,A,05-Jan-26
11105,6,945,A,30-May-25
11150,6,6687,A,15-Sep-25
11162,6,419,A,21-Jun-25
11241,6,4646,A,30-Oct-25
11267,6,3536,A,28-Aug-25
11299,6,66,A,05-Sep-25
11302,6,3948,A,07-Nov-25
11336,6,7367,A,27-Mar-25
11382,6,5283,A,03-Aug-25
11387,6,7922,A,26-Jun-25
11391,6,6124,A,11-Apr-25
11426,6,3482,A,08-Jun-25
11443,6,6015,A,22-May-25
11460,6,5452,A,16-Apr-25
11486,6,2432,A,05-Feb-25
11499,6,6825,A,13-Jan-26
11505,6,5088,A,11-Jul-25
11510,6,6054,A,29-Jun-25
11533,6,5340,A,02-Jun-25
11555,6,4597,A,03-Dec-25
11576,6,695,A,09-Jul-25
11591,6,3303,A,03-Nov-25
11624,6,5774,A,11-Sep-25
11627,6,5621,A,01-Mar-25
11658,6,4707,A,10-Jan-25
11695,6,419,A,06-May-25
11713,6,1534,A,22-Aug-25
11721,6,4713,A,10-Apr-25
11737,6,1042,A,18-Mar-25
11739,6,6957,A,28-Jul-25
11786,6,1813,A,30-Apr-25
11821,6,5280,A,05-Aug-25
11849,6,2179,A,16-May-25
11873,6,5590,A,17-Mar-25
11949,6,3876,A,22-Dec-25
11968,6,949,A,27-Jan-25
12001,6,1782,A,30-Jun-25
12036,6,6290,A,13-Apr-25
12058,6,2708,A,14-May-25
12097,6,7700,A,12-Jan-25
12109,6,3446,A,27-May-25
12159,6,4528,A,26-Jul-25
12177,6,1616,A,11-Feb-25
12225,6,3555,A,18-Jan-25
12231,6,5771,A,17-Mar-25
12248,6,7815,A,12-Mar-25
12256,6,4536,A,01-Jul-25
12262,6,209,A,20-Jun-25
12286,6,1261,A,15-Apr-25
12294,6,5750,A,14-May-25
12301,6,1398,A,28-Mar-25
12347,6,5621,A,01-Jun-25
12375,6,7492,A,11-Jan-25
12381,6,2405,A,24-Nov-25
12390,6,1260,A,22-Feb-25
12413,6,2314,A,02-Dec-25
12415,6,190,A,05-Nov-25
12439,6,7519,A,18-Jan-26
12451,6,892,A,01-May-25
12455,6,7939,A,13-Oct-25
12524,6,3078,A,29-Jan-25
12532,6,7905,A,29-Jul-25
12538,6,2316,A,28-Sep-25
12552,6,445,A,20-Sep-25
12556,6,4630,A,23-May-25
12569,6,4068,A,07-Jul-25
12630,6,5857,A,07-Sep-25
12646,6,2088,A,21-Jan-25
12700,6,4350,A,08-Mar-25
12702,6,2469,A,19-Jun-25
12723,6,7790,A,11-Nov-25
12724,6,4297,A,30-Aug-25
12725,6,1257,A,03-Apr-25
12770,6,4031,A,04-Nov-25
12800,6,839,A,07-Jul-25
12801,6,127,A,02-Jan-25
12807,6,7835,A,02-Feb-25
12823,6,6283,A,08-Aug-25
12870,6,7873,A,10-May-25
12874,6,955,A,30-Jul-25
12916,6,2785,A,30-Mar-25
12919,6,3275,A,16-Sep-25
12921,6,1754,A,23-Jun-25
12936,6,4068,A,12-Jan-25
12959,6,1672,A,14-Jan-25
12996,6,4116,A,17-Feb-25
13001,6,5641,A,12-Dec-25
13043,6,3854,A,22-Aug-25
13054,6,5177,A,30-Mar-25
13055,6,7685,A,07-May-25
13077,6,5278,A,18-May-25
13097,6,2754,A,06-Oct-25
13126,6,2106,A,06-Aug-25
13188,6,7016,A,20-Jan-25
13209,6,4445,A,21-Jul-25
13264,6,7584,A,01-Apr-25
13278,6,2218,A,13-Sep-25
13321,6,1572,A,17-Feb-25
13325,6,7030,A,13-Jul-25
13348,6,5754,A,05-Jan-26
13377,6,1281,A,07-Dec-25
13436,6,5254,A,05-Dec-25
13451,6,3517,A,06-Sep-25
13466,6,3504,A,26-Nov-25
13468,6,621,A,11-Jan-26
13471,6,4168,A,17-Jun-25
13472,6,1708,A,08-Dec-25
13487,6,2140,A,27-Dec-25
13513,6,7734,A,13-Feb-25
13523,6,3143,A,24-Sep-25
13546,6,6272,A,18-May-25
13548,6,7260,A,01-Jan-25
13611,6,4462,A,24-Jun-25
13616,6,3824,A,02-Dec-25
13631,6,6305,A,15-Oct-25
13717,6,3174,A,12-Sep-25
13731,6,1170,A,27-Nov-25
13822,6,2711,A,05-Nov-25
13837,6,872,A,18-Jan-26
13843,6,2625,A,27-Sep-25
13849,6,3963,A,15-Apr-25
13873,6,6110,A,05-Sep-25
13886,6,4596,A,20-May-25
13889,6,4658,A,07-Jun-25
13954,6,2369,A,16-Dec-25
13992,6,6344,A,09-Nov-25
14017,6,4649,A,14-Nov-25
14059,6,5560,A,07-Mar-25
14065,6,7645,A,10-Dec-25
14117,6,2138,A,25-Aug-25
14119,6,488,A,20-Feb-25
14149,6,576,A,31-Mar-25
14160,6,3391,A,13-May-25
14237,6,267,A,20-Feb-25
14242,6,3654,A,03-May-25
14246,6,808,A,04-Oct-25
14390,6,160,A,10-Aug-25
14394,6,1801,A,16-Nov-25
14398,6,7991,A,03-Aug-25
14421,6,894,A,15-Nov-25
14434,6,6772,A,07-May-25
14455,6,2468,A,30-Nov-25
14468,6,2688,A,30-Oct-25
14554,6,5696,A,20-Jan-25
14557,6,5183,A,23-Apr-25
14581,6,1706,A,23-Jun-25
14597,6,2821,A,17-Dec-25
14609,6,6533,A,22-Jun-25
14610,6,2294,A,20-Apr-25
14617,6,4792,A,07-Jun-25
14664,6,4324,A,28-Jun-25
14688,6,3340,A,20-Oct-25
14745,6,5018,A,04-Jan-26
14755,6,3083,A,12-Feb-25
14769,6,7195,A,04-Sep-25
14817,6,1654,A,18-Nov-25
14850,6,5113,A,17-Mar-25
14870,6,1245,A,28-Jun-25
14876,6,1621,A,10-Mar-25
14921,6,7806,A,15-Oct-25
14923,6,7350,A,24-Aug-25
14980,6,5158,A,20-Oct-25
15003,6,5423,A,25-Oct-25
15022,6,4648,A,20-Nov-25
15024,6,836,A,06-Mar-25
15061,6,7228,A,09-Dec-25
15114,6,6602,A,18-Jan-25
15116,6,6555,A,04-May-25
15124,6,5672,A,22-Jan-25
15136,6,1130,A,12-Apr-25
15141,6,5180,A,22-Nov-25
15169,6,7826,A,04-Feb-25
15179,6,3689,A,31-Jul-25
15183,6,4662,A,23-Feb-25
15202,6,5126,A,17-Apr-25
15224,6,5147,A,20-Jan-25
15244,6,3099,A,21-Jun-25
15248,6,899,A,01-Dec-25
15302,6,3750,A,30-Jan-25
15311,6,4118,A,29-May-25
15313,6,6674,A,19-Sep-25
15317,6,1754,A,21-Jun-25
15341,6,5725,A,02-Apr-25
15354,6,2341,A,02-Jan-25
15397,6,6355,A,05-Aug-25
15454,6,6018,A,18-Jan-25
15455,6,3050,A,27-Feb-25
15459,6,3592,A,01-Oct-25
15470,6,1302,A,31-Dec-25
15476,6,4941,A,06-Nov-25
15516,6,4716,A,10-Apr-25
15537,6,6935,A,09-Dec-25
15557,6,7352,A,27-Jan-25
15606,6,3630,A,06-Feb-25
15668,6,6331,A,10-Jan-25
15700,6,4388,A,08-Mar-25
15706,6,7164,A,09-Oct-25
15719,6,1816,A,26-Feb-25
15729,6,4385,A,12-Feb-25
15731,6,5639,A,17-Jan-25
15733,6,1423,A,20-Oct-25
15793,6,4500,A,17-Feb-25
15808,6,2523,A,09-Apr-25
15886,6,6208,A,07-Feb-25
15894,6,5162,A,22-Sep-25
15903,6,4951,A,20-Sep-25
15955,6,3748,A,11-Jan-25
15967,6,3282,A,20-Apr-25
15984,6,1085,A,13-Sep-25
15991,6,6946,A,30-Aug-25
16003,6,1733,A,13-Nov-25
16014,6,2867,A,31-Aug-25
16089,6,4593,A,13-Apr-25
16102,6,60,A,06-Jan-25
16114,6,3650,A,13-Sep-25
16115,6,1896,A,25-Feb-25
16127,6,2898,A,11-Jun-25
16153,6,4425,A,05-Mar-25
16156,6,4902,A,06-Jan-25
16192,6,137,A,02-Jul-25
16231,6,6974,A,09-Feb-25
16254,6,2857,A,13-Feb-25
16295,6,2046,A,24-Oct-25
16316,6,5194,A,12-Oct-25
16319,6,1808,A,15-Mar-25
16328,6,6823,A,31-Jan-25
16343,6,1292,A,16-Jun-25
16353,6,653,A,08-Jul-25
16387,6,5950,A,29-Nov-25
16494,6,4520,A,29-Jul-25
16531,6,4240,A,30-Jul-25
16553,6,4625,A,02-Apr-25
16560,6,4698,A,04-Jun-25
16586,6,614,A,31-Mar-25
16592,6,5870,A,21-May-25
16596,6,6204,A,13-Jul-25
16617,6,6640,A,10-Apr-25
16650,6,3610,A,07-Oct-25
16701,6,7310,A,04-Sep-25
16710,6,2131,A,19-Dec-25
16716,6,268,A,03-Jul-25
16738,6,1906,A,05-Jun-25
16740,6,6697,A,08-Mar-25
16751,6,3234,A,07-Jun-25
16833,6,3797,A,11-Oct-25
16839,6,3922,A,01-Sep-25
16885,6,7188,A,17-Feb-25
16890,6,5144,A,18-Apr-25
16961,6,1081,A,16-Oct-25
16967,6,5581,A,27-Mar-25
16969,6,7011,A,22-Aug-25
16972,6,365,A,07-Jul-25
16979,6,3698,A,09-Mar-25
16997,6,5451,A,10-Mar-25
17004,6,1877,A,10-Jul-25
17047,6,3489,A,04-Jul-25
17057,6,3823,A,31-Dec-25
17095,6,335,A,16-May-25
17108,6,534,A,01-Jan-26
17144,6,7240,A,11-May-25
17145,6,7199,A,18-May-25
17163,6,7756,A,29-Mar-25
17165,6,1220,A,15-Sep-25
17184,6,724,A,16-Jul-25
17197,6,6071,A,11-Jan-25
17206,6,3696,A,28-Feb-25
17269,6,6956,A,20-Jul-25
17282,6,5286,A,03-Jan-25
17290,6,4004,A,01-Nov-25
17331,6,3736,A,10-Aug-25
17332,6,3772,A,07-Mar-25
17338,6,7955,A,25-Nov-25
17356,6,4113,A,13-Jul-25
17357,6,6859,A,13-Apr-25
17363,6,1728,A,06-Jul-25
17366,6,1305,A,04-Jul-25
17380,6,6422,A,19-Apr-25
17404,6,6070,A,11-Mar-25
17422,6,6329,A,18-Nov-25
17429,6,3342,A,12-Nov-25
17438,6,7824,A,11-Aug-25
17463,6,7107,A,14-Feb-25
17496,6,6228,A,13-Mar-25
17501,6,1711,A,12-Aug-25
17537,6,5126,A,09-Mar-25
17546,6,6622,A,19-Dec-25
17561,6,6027,A,01-Jan-25
17596,6,4049,A,03-Jan-25
17691,6,5879,A,10-Apr-25
17697,6,5845,A,03-Nov-25
17722,6,5860,A,15-Dec-25
17732,6,7476,A,01-Jan-25
17738,6,4140,A,12-Jul-25
17780,6,121,A,01-Jan-26
17795,6,1039,A,08-Jul-25
17799,6,6848,A,27-Aug-25
17812,6,5737,A,27-Mar-25
17841,6,3569,A,17-Feb-25
17855,6,6216,A,24-Feb-25
17885,6,6687,A,25-Jan-25
17922,6,1985,A,02-Jan-26
17933,6,726,A,25-Nov-25
17950,6,5007,A,20-May-25
17965,6,7079,A,19-Jun-25
18016,6,776,A,13-Jul-25
18047,6,3046,A,18-Mar-25
18056,6,3707,A,20-Jan-25
18125,6,7318,A,14-Jan-26
18170,6,1879,A,17-Oct-25
18177,6,238,A,17-May-25
18178,6,3782,A,26-Sep-25
18179,6,7088,A,25-Apr-25
18275,6,7528,A,15-Dec-25
18366,6,3508,A,13-Mar-25
18376,6,7625,A,15-May-25
18389,6,6186,A,08-Jan-25
18458,6,1828,A,08-Dec-25
18483,6,2560,A,10-Oct-25
18484,6,6880,A,15-Nov-25
18496,6,1016,A,04-Aug-25
18499,6,4579,A,14-Jan-25
18528,6,1087,A,15-Sep-25
18638,6,4518,A,25-Feb-25
18664,6,3831,A,19-Feb-25
18698,6,7043,A,12-May-25
18715,6,2713,A,06-Oct-25
18748,6,5701,A,07-Sep-25
18764,6,6828,A,26-Sep-25
18786,6,5699,A,22-May-25
18914,6,913,A,16-Oct-25
18931,6,7365,A,17-Aug-25
18937,6,2868,A,01-Nov-25
18951,6,3809,A,06-Nov-25
18973,6,186,A,17-Nov-25
18991,6,3528,A,04-Mar-25
19010,6,6920,A,04-May-25
19017,6,6886,A,15-Feb-25
19132,6,7895,A,03-Sep-25
19170,6,6804,A,21-Aug-25
19202,6,5898,A,01-Dec-25
19248,6,3946,A,16-Aug-25
19259,6,729,A,03-Jan-26
19262,6,1787,A,22-Jun-25
19283,6,1440,A,23-Jan-25
19320,6,7633,A,26-Nov-25
19327,6,5867,A,19-Jan-25
19331,6,7754,A,30-Jul-25
19361,6,3795,A,23-May-25
19366,6,6080,A,06-Aug-25
19372,6,5034,A,10-May-25
19397,6,3129,A,04-Mar-25
19416,6,3536,A,14-Feb-25
19439,6,4077,A,28-Jun-25
19509,6,4693,A,20-Jan-25
19521,6,1886,A,16-Apr-25
19540,6,1083,A,23-May-25
19552,6,641,A,01-May-25
19565,6,3012,A,05-Jun-25
19604,6,5023,A,19-Sep-25
19657,6,3533,A,29-Jan-25
19686,6,3490,A,15-Jun-25
19712,6,7713,A,20-Oct-25
19739,6,6411,A,15-Apr-25
19850,6,5974,A,21-Oct-25
19890,6,7753,A,07-Apr-25
19923,6,2044,A,09-Jun-25
19927,6,1704,A,14-Dec-25
19935,6,16,A,24-Jun-25
19951,6,1699,A,20-Dec-25
1,12,4026,A,28-Jan-25
4,12,7423,A,29-Jul-25
18,12,3365,A,10-Aug-25
39,12,7875,A,20-Oct-25
47,12,7771,A,15-Mar-25
83,12,2551,A,22-Feb-25
87,12,4590,A,05-Nov-25
95,12,5521,A,31-Oct-25
140,12,985,A,20-Jul-25
181,12,3661,A,28-Dec-25
209,12,5210,A,03-Jan-25
244,12,4221,A,13-Feb-25
250,12,6987,A,01-Aug-25
255,12,3991,A,19-Oct-25
326,12,6911,A,05-Jul-25
379,12,161,A,12-Dec-25
382,12,2716,A,14-Jul-25
447,12,5184,A,10-Jan-26
462,12,6479,A,04-Aug-25
464,12,5806,A,18-May-25
467,12,2566,A,30-May-25
478,12,3347,A,30-Apr-25
490,12,1769,A,21-Jul-25
496,12,3434,A,24-Nov-25
512,12,4756,A,04-Feb-25
525,12,6793,A,01-Sep-25
533,12,7598,A,16-Feb-25
535,12,2484,A,03-Jan-26
539,12,6998,A,17-Dec-25
565,12,6715,A,10-Oct-25
614,12,1787,A,20-Oct-25
636,12,99,A,15-Aug-25
643,12,485,A,14-May-25
665,12,6059,A,25-Apr-25
682,12,6774,A,10-Sep-25
689,12,148,A,27-Jun-25
698,12,7938,A,20-Nov-25
708,12,5308,A,19-Jul-25
764,12,1363,A,15-Aug-25
767,12,5419,A,20-Apr-25
776,12,6899,A,18-Aug-25
793,12,6557,A,11-Oct-25
837,12,6860,A,28-May-25
861,12,156,A,30-Apr-25
866,12,3488,A,19-May-25
892,12,5016,A,19-Jun-25
932,12,6822,A,19-Aug-25
939,12,2587,A,30-Jan-25
1041,12,1948,A,16-Jun-25
1060,12,5956,A,07-Dec-25
1181,12,1056,A,20-Sep-25
1189,12,5168,A,07-Jul-25
1226,12,5283,A,05-Feb-25
1248,12,5128,A,11-Apr-25
1309,12,4062,A,25-Dec-25
1312,12,3884,A,23-Sep-25
1321,12,7270,A,20-Aug-25
1338,12,6037,A,02-Jan-26
1365,12,3508,A,09-Dec-25
1377,12,3926,A,01-Aug-25
1450,12,3606,A,30-Jul-25
1510,12,6471,A,17-Aug-25
1512,12,16,A,04-Nov-25
1526,12,3307,A,16-Jan-25
1551,12,4103,A,21-May-25
1553,12,7306,A,18-Dec-25
1581,12,3198,A,26-Jul-25
1602,12,6374,A,18-Feb-25
1618,12,4538,A,14-May-25
1647,12,6598,A,28-Jan-25
1656,12,6598,A,23-Aug-25
1659,12,6525,A,01-Nov-25
1689,12,2376,A,03-Oct-25
1691,12,1818,A,06-Mar-25
1707,12,7005,A,16-Oct-25
1712,12,3635,A,08-Dec-25
1716,12,3812,A,20-Sep-25
1763,12,477,A,09-Feb-25
1768,12,3239,A,21-Dec-25
1814,12,7958,A,30-Apr-25
1816,12,1583,A,26-Apr-25
1820,12,4817,A,07-Jun-25
1857,12,3707,A,30-Jan-25
1943,12,1060,A,22-May-25
2041,12,6941,A,10-Apr-25
2091,12,3158,A,16-Sep-25
2095,12,3942,A,18-Mar-25
2108,12,5589,A,07-Nov-25
2128,12,1365,A,03-Jan-25
2129,12,4075,A,28-Oct-25
2152,12,3503,A,05-Jan-26
2174,12,1319,A,29-Jun-25
2197,12,5475,A,22-Aug-25
2203,12,5518,A,26-Apr-25
2230,12,1181,A,01-Jun-25
2234,12,928,A,23-Jul-25
2270,12,2479,A,30-Dec-25
2278,12,507,A,11-Dec-25
2343,12,4121,A,12-Nov-25
2359,12,7411,A,22-Jan-25
2389,12,1909,A,01-Jun-25
2398,12,1343,A,22-Sep-25
2421,12,7930,A,12-Apr-25
2458,12,2619,A,24-Mar-25
2507,12,7036,A,14-Oct-25
2524,12,4518,A,09-Nov-25
2530,12,4316,A,29-Jun-25
2546,12,4820,A,26-Feb-25
2564,12,5273,A,14-Nov-25
2566,12,1318,A,21-Mar-25
2611,12,3372,A,09-Jan-26
2636,12,3469,A,12-Nov-25
2673,12,6515,A,03-Aug-25
2681,12,1097,A,28-Feb-25
2743,12,4548,A,19-Nov-25
2858,12,1627,A,25-Oct-25
2890,12,3864,A,15-Aug-25
2954,12,751,A,12-Jan-26
2965,12,5969,A,11-Aug-25
2975,12,4009,A,14-Jun-25
3070,12,5349,A,03-Apr-25
3079,12,5625,A,25-Dec-25
3085,12,6671,A,31-Oct-25
3090,12,6230,A,30-Sep-25
3125,12,1128,A,12-Apr-25
3139,12,7598,A,11-Sep-25
3173,12,3536,A,07-Nov-25
3193,12,207,A,09-Feb-25
3196,12,6576,A,13-Dec-25
3232,12,5935,A,18-Jan-25
3236,12,6309,A,18-Nov-25
3251,12,1199,A,17-Dec-25
3266,12,4028,A,02-Apr-25
3273,12,1015,A,03-May-25
3283,12,831,A,22-Nov-25
3299,12,956,A,16-Dec-25
3318,12,1542,A,02-Jun-25
3366,12,4377,A,17-Jul-25
3380,12,6232,A,19-Nov-25
3385,12,2948,A,04-May-25
3425,12,3650,A,20-Jun-25
3475,12,2005,A,08-Apr-25
3480,12,1155,A,23-Jan-25
3498,12,1979,A,11-Oct-25
3527,12,336,A,08-Sep-25
3558,12,4227,A,26-Oct-25
3591,12,1385,A,26-Aug-25
3641,12,2270,A,17-Jul-25
3650,12,2210,A,02-Jun-25
3652,12,4152,A,20-Aug-25
3676,12,6064,A,25-May-25
3678,12,144,A,15-Dec-25
3684,12,3000,A,12-Aug-25
3696,12,2817,A,27-Dec-25
3771,12,7567,A,30-Oct-25
3774,12,4136,A,28-Aug-25
3853,12,5392,A,14-Mar-25
3858,12,4902,A,24-Oct-25
3878,12,561,A,05-Nov-25
3898,12,1316,A,14-Sep-25
3904,12,7454,A,18-Nov-25
3915,12,7010,A,06-Dec-25
3918,12,1353,A,23-Oct-25
3959,12,5072,A,19-Mar-25
3967,12,169,A,21-Dec-25
4012,12,297,A,03-Aug-25
4014,12,3340,A,12-Jul-25
4045,12,5965,A,14-Oct-25
4063,12,7914,A,04-Jun-25
4070,12,7481,A,13-May-25
4071,12,1663,A,29-Sep-25
4093,12,5376,A,25-Oct-25
4100,12,1294,A,25-Jul-25
4197,12,4185,A,21-Nov-25
4221,12,6919,A,23-Oct-25
4235,12,3931,A,21-Feb-25
4239,12,4391,A,02-Mar-25
4249,12,724,A,15-Dec-25
4339,12,87,A,09-Jul-25
4369,12,6122,A,01-Jan-26
4387,12,209,A,20-Mar-25
4418,12,851,A,18-Feb-25
4464,12,338,A,26-Jan-25
4483,12,5268,A,25-Jan-25
4567,12,6641,A,07-May-25
4571,12,4565,A,17-Sep-25
4614,12,5547,A,10-Jan-25
4634,12,2460,A,28-May-25
4653,12,689,A,07-Jun-25
4659,12,3297,A,05-Apr-25
4662,12,4099,A,27-Nov-25
4663,12,3149,A,21-Nov-25
4671,12,4666,A,17-Apr-25
4674,12,7960,A,05-Oct-25
4710,12,28,A,12-Jan-26
4714,12,758,A,25-Oct-25
4750,12,5864,A,21-Oct-25
4754,12,5020,A,15-Jul-25
4758,12,7931,A,04-Dec-25
4778,12,652,A,20-Sep-25
4814,12,7422,A,23-Apr-25
4891,12,7973,A,16-Jun-25
4935,12,6275,A,22-Apr-25
4957,12,7671,A,21-May-25
4989,12,6834,A,01-Mar-25
5140,12,3615,A,02-Nov-25
5144,12,3535,A,14-Jun-25
5189,12,2608,A,30-Nov-25
5196,12,1686,A,31-Aug-25
5291,12,6033,A,28-Apr-25
5311,12,1431,A,19-Dec-25
5405,12,396,A,11-Oct-25
5427,12,7112,A,01-Mar-25
5447,12,3551,A,31-Aug-25
5459,12,7928,A,23-May-25
5482,12,4890,A,20-Jul-25
5538,12,3630,A,22-Jan-25
5540,12,936,A,28-Aug-25
5559,12,2038,A,12-Oct-25
5571,12,3738,A,18-Oct-25
5602,12,7077,A,05-Aug-25
5630,12,4715,A,12-Dec-25
5639,12,3059,A,24-Jul-25
5692,12,2287,A,05-Jul-25
5789,12,3249,A,13-Jan-25
5809,12,3230,A,14-Sep-25
5856,12,4631,A,29-Jul-25
5871,12,4698,A,12-Sep-25
5893,12,3435,A,02-Oct-25
5933,12,6281,A,28-Jun-25
5989,12,132,A,12-Jan-26
5992,12,5662,A,15-Nov-25
6031,12,4735,A,04-Sep-25
6040,12,1509,A,12-Aug-25
6065,12,7466,A,02-Nov-25
6105,12,4834,A,06-Mar-25
6112,12,6361,A,08-Apr-25
6123,12,7079,A,16-Nov-25
6178,12,414,A,02-Sep-25
6183,12,6528,A,03-Jun-25
6197,12,6583,A,10-Sep-25
6220,12,1589,A,27-Apr-25
6235,12,1783,A,09-Oct-25
6261,12,1502,A,23-Jan-25
6265,12,1305,A,23-Oct-25
6277,12,5236,A,05-Mar-25
6297,12,4578,A,19-Oct-25
6335,12,313,A,09-Mar-25
6354,12,1555,A,17-Jan-25
6368,12,1666,A,04-Jan-26
6387,12,4666,A,17-Jan-26
6425,12,1702,A,03-Jan-25
6473,12,5213,A,12-Aug-25
6486,12,5691,A,26-Aug-25
6525,12,822,A,07-Dec-25
6528,12,2566,A,22-May-25
6540,12,7519,A,12-May-25
6567,12,2692,A,29-Dec-25
6577,12,2375,A,12-Jul-25
6580,12,2858,A,07-Jan-26
6597,12,593,A,05-Oct-25
6613,12,1639,A,06-Sep-25
6614,12,6840,A,05-Sep-25
6620,12,2807,A,20-Oct-25
6654,12,3345,A,21-Mar-25
6659,12,4942,A,30-Mar-25
6672,12,3196,A,10-Jun-25
6690,12,2852,A,06-Mar-25
6692,12,6278,A,04-Oct-25
6731,12,7294,A,10-Oct-25
6734,12,7075,A,07-Feb-25
6774,12,3376,A,14-Jan-25
6791,12,7720,A,30-Nov-25
6796,12,1096,A,31-Mar-25
6821,12,2885,A,23-Jun-25
6825,12,2610,A,24-Jun-25
6834,12,1150,A,18-Mar-25
6845,12,2878,A,31-Jul-25
6943,12,6202,A,14-Aug-25
6965,12,7579,A,16-Jul-25
6971,12,3711,A,09-Apr-25
7056,12,5273,A,15-Jan-25
7057,12,3511,A,07-Feb-25
7071,12,3934,A,19-May-25
7087,12,6276,A,05-Oct-25
7095,12,7514,A,09-Dec-25
7099,12,5574,A,17-Apr-25
7119,12,5116,A,23-Nov-25
7192,12,3302,A,04-Mar-25
7211,12,6579,A,16-Feb-25
7225,12,4874,A,24-Feb-25
7306,12,4589,A,04-Feb-25
7345,12,352,A,02-Jul-25
7347,12,7218,A,29-Dec-25
7362,12,6619,A,21-Oct-25
7404,12,3145,A,08-May-25
7419,12,7118,A,11-Apr-25
7430,12,6274,A,01-Apr-25
7446,12,1340,A,24-Apr-25
7472,12,6778,A,04-Jan-25
7503,12,3777,A,17-Jan-25
7520,12,557,A,02-Feb-25
7528,12,3555,A,08-Mar-25
7549,12,632,A,10-Nov-25
7588,12,4609,A,24-Feb-25
7604,12,6381,A,18-Nov-25
7611,12,2027,A,10-Sep-25
7618,12,5431,A,18-Sep-25
7672,12,3274,A,25-Feb-25
7674,12,318,A,03-Apr-25
7691,12,4068,A,02-Aug-25
7722,12,2278,A,28-Dec-25
7727,12,3271,A,26-Dec-25
7735,12,5458,A,21-May-25
7806,12,2195,A,05-Nov-25
7810,12,511,A,05-Jan-26
7835,12,690,A,22-Aug-25
7843,12,845,A,06-Apr-25
7887,12,2482,A,06-May-25
7898,12,4962,A,04-Oct-25
7906,12,5454,A,31-May-25
7922,12,7392,A,23-May-25
8005,12,1679,A,09-Dec-25
8020,12,1726,A,21-Feb-25
8120,12,2033,A,17-Jan-26
8129,12,4254,A,04-Jul-25
8144,12,1983,A,06-Jan-25
8177,12,3926,A,06-Feb-25
8187,12,1682,A,08-Jan-26
8212,12,3057,A,01-Nov-25
8240,12,5942,A,31-May-25
8259,12,894,A,13-Jul-25
8268,12,1068,A,20-Jan-25
8293,12,5179,A,15-Jun-25
8294,12,705,A,11-Jan-25
8307,12,2347,A,07-Nov-25
8376,12,4616,A,26-Apr-25
8395,12,1872,A,02-Jun-25
8408,12,2388,A,20-Feb-25
8438,12,5815,A,28-Oct-25
8439,12,2381,A,28-Dec-25
8448,12,4516,A,01-Jul-25
8449,12,607,A,22-Feb-25
8471,12,6028,A,08-Oct-25
8498,12,2027,A,13-Nov-25
8507,12,6074,A,08-Sep-25
8513,12,106,A,22-Dec-25
8515,12,2223,A,09-Oct-25
8532,12,6810,A,25-Dec-25
8552,12,3106,A,09-Jan-26
8642,12,262,A,15-Apr-25
8667,12,3014,A,29-Nov-25
8677,12,3593,A,23-Nov-25
8688,12,5214,A,03-Aug-25
8689,12,7734,A,28-Jan-25
8710,12,7994,A,04-Mar-25
8721,12,1869,A,09-Aug-25
8725,12,370,A,01-Jan-25
8729,12,4093,A,22-Feb-25
8734,12,4127,A,18-Mar-25
8803,12,4089,A,20-Oct-25
8828,12,2752,A,23-Apr-25
8875,12,3716,A,25-Jan-25
8895,12,3608,A,12-Jun-25
8901,12,5250,A,03-Aug-25
8917,12,381,A,27-Jul-25
8932,12,5722,A,28-Aug-25
8977,12,3662,A,18-Sep-25
8979,12,5323,A,14-Sep-25
8982,12,3920,A,26-Oct-25
8992,12,373,A,22-Jun-25
9016,12,873,A,28-Jun-25
9023,12,3641,A,16-Jul-25
9047,12,382,A,24-Oct-25
9077,12,220,A,16-Dec-25
9109,12,3129,A,04-Aug-25
9111,12,4424,A,08-Jul-25
9116,12,3068,A,23-Dec-25
9118,12,1034,A,27-Sep-25
9134,12,4447,A,20-Sep-25
9158,12,5076,A,27-Jul-25
9172,12,5261,A,26-Sep-25
9178,12,3187,A,11-Oct-25
9221,12,3988,A,18-Jan-26
9224,12,4269,A,13-Feb-25
9277,12,2935,A,31-Mar-25
9285,12,5460,A,14-Apr-25
9313,12,7967,A,04-Sep-25
9327,12,6666,A,11-Nov-25
9338,12,2066,A,10-Aug-25
9373,12,3847,A,11-Mar-25
9403,12,3317,A,27-Nov-25
9485,12,2412,A,08-Nov-25
9524,12,2760,A,19-Aug-25
9554,12,5587,A,13-Oct-25
9605,12,930,A,17-Dec-25
9610,12,1537,A,14-Jun-25
9612,12,2057,A,31-May-25
9621,12,6539,A,20-Apr-25
9672,12,7323,A,04-Dec-25
9702,12,4378,A,16-Jun-25
9769,12,3639,A,18-Sep-25
9775,12,3787,A,15-Jan-26
9778,12,5160,A,15-Mar-25
9784,12,1538,A,03-Mar-25
9790,12,3821,A,18-Jan-25
9794,12,1382,A,25-Oct-25
9801,12,797,A,17-May-25
9846,12,2828,A,20-Oct-25
9851,12,399,A,07-Jul-25
9864,12,2245,A,09-May-25
9880,12,3272,A,16-Sep-25
9895,12,4225,A,22-Nov-25
9902,12,7463,A,05-Oct-25
9907,12,5227,A,23-Jul-25
9936,12,955,A,16-Apr-25
9944,12,2211,A,04-Oct-25
9952,12,2638,A,05-Oct-25
9984,12,3950,A,23-Oct-25
10028,12,4181,A,03-Jun-25
10037,12,1411,A,19-Dec-25
10056,12,4868,A,01-Jan-26
10079,12,6118,A,04-Apr-25
10107,12,3361,A,10-Sep-25
10159,12,6873,A,04-Mar-25
10165,12,3272,A,19-Mar-25
10168,12,171,A,19-Dec-25
10179,12,1976,A,25-May-25
10204,12,1978,A,26-Feb-25
10271,12,6175,A,18-Mar-25
10278,12,4832,A,08-Mar-25
10313,12,1261,A,30-Jul-25
10323,12,7148,A,08-Apr-25
10393,12,6459,A,15-Jan-25
10418,12,342,A,18-Sep-25
10420,12,4004,A,10-Jul-25
10435,12,4700,A,15-Sep-25
10445,12,7658,A,26-Aug-25
10446,12,7444,A,02-May-25
10465,12,2465,A,16-Oct-25
10466,12,1635,A,08-May-25
10471,12,3370,A,06-Dec-25
10531,12,3805,A,06-Oct-25
10549,12,1783,A,21-Sep-25
10574,12,4032,A,05-Jul-25
10598,12,2964,A,15-Aug-25
10619,12,2904,A,19-Jun-25
10630,12,3888,A,26-Jan-25
10638,12,5070,A,02-Jan-25
10657,12,7579,A,03-Jun-25
10665,12,1340,A,06-Jan-26
10704,12,3232,A,30-May-25
10732,12,5840,A,26-Jan-25
10735,12,7922,A,26-Sep-25
10817,12,2636,A,14-Feb-25
10866,12,526,A,09-Apr-25
10868,12,7800,A,16-Nov-25
10870,12,7809,A,28-Jun-25
10885,12,7605,A,25-May-25
10891,12,4238,A,07-May-25
10897,12,6499,A,22-Jan-25
10939,12,6582,A,22-Oct-25
10946,12,6959,A,28-Sep-25
10949,12,6616,A,16-Sep-25
10959,12,4624,A,20-Dec-25
11007,12,6564,A,11-Jun-25
11008,12,7763,A,08-Jan-25
11047,12,5804,A,09-Oct-25
11050,12,2065,A,11-Jun-25
11080,12,7253,A,11-Apr-25
11090,12,60,A,17-Jul-25
11104,12,6954,A,04-May-25
11110,12,2045,A,19-May-25
11121,12,4437,A,17-Jun-25
11123,12,11,A,24-Apr-25
11155,12,7487,A,26-Jun-25
11158,12,7055,A,20-Oct-25
11175,12,3834,A,11-Oct-25
11212,12,1724,A,07-Jan-25
11233,12,5318,A,09-Apr-25
11262,12,6380,A,25-Oct-25
11266,12,3074,A,27-Aug-25
11280,12,261,A,23-Feb-25
11294,12,4137,A,11-Jun-25
11306,12,5473,A,18-Aug-25
11316,12,4263,A,19-Oct-25
11337,12,895,A,07-Aug-25
11366,12,6817,A,18-May-25
11414,12,927,A,31-Oct-25
11434,12,6919,A,29-Oct-25
11444,12,6182,A,20-Nov-25
11449,12,4907,A,29-Oct-25
11455,12,629,A,31-Oct-25
11475,12,4594,A,03-Oct-25
11489,12,1703,A,18-Dec-25
11517,12,1397,A,25-Jun-25
11565,12,3230,A,19-Aug-25
11573,12,831,A,10-Aug-25
11597,12,4777,A,02-Jan-26
11605,12,4782,A,23-Jun-25
11640,12,4627,A,24-Jan-25
11647,12,3530,A,28-Jun-25
11782,12,3378,A,08-Jun-25
11793,12,1213,A,09-Dec-25
11815,12,1779,A,17-Mar-25
11826,12,5073,A,10-Oct-25
11924,12,3451,A,12-Jan-26
11964,12,4750,A,09-May-25
11965,12,7818,A,28-Feb-25
11984,12,6398,A,14-May-25
11987,12,4842,A,14-Apr-25
11990,12,5174,A,06-Jun-25
11997,12,5237,A,23-Nov-25
12009,12,2536,A,16-Jan-26
12011,12,3906,A,16-Mar-25
12016,12,6404,A,21-Oct-25
12035,12,4230,A,21-Sep-25
12039,12,4148,A,08-Nov-25
12048,12,6304,A,13-Jun-25
12051,12,4497,A,05-Oct-25
12099,12,4648,A,20-Feb-25
12108,12,6224,A,28-Jan-25
12111,12,6716,A,12-Jul-25
12119,12,7133,A,10-Apr-25
12132,12,6296,A,16-Jun-25
12150,12,7673,A,12-Feb-25
12192,12,7982,A,30-Aug-25
12202,12,6877,A,01-Aug-25
12269,12,4475,A,25-Jul-25
12283,12,2894,A,27-Sep-25
12303,12,7642,A,04-May-25
12332,12,646,A,16-Feb-25
12351,12,5366,A,18-Nov-25
12352,12,7886,A,10-Jan-26
12440,12,4400,A,28-Nov-25
12472,12,4750,A,23-Sep-25
12496,12,18,A,23-Oct-25
12595,12,6664,A,05-Aug-25
12622,12,5946,A,04-Sep-25
12626,12,6511,A,06-Jul-25
12647,12,6545,A,16-Mar-25
12671,12,1212,A,03-Mar-25
12673,12,7940,A,25-Jan-25
12711,12,7752,A,16-Nov-25
12720,12,4401,A,26-Dec-25
12750,12,6287,A,20-May-25
12766,12,2485,A,14-Jun-25
12802,12,1820,A,23-Mar-25
12858,12,7883,A,01-Aug-25
12859,12,7497,A,03-Mar-25
12866,12,2341,A,07-Mar-25
12867,12,2446,A,21-Nov-25
12883,12,5548,A,05-Mar-25
12892,12,7210,A,11-Jun-25
12905,12,6247,A,01-Feb-25
12937,12,1984,A,25-Sep-25
13000,12,7055,A,09-Jul-25
13010,12,3719,A,27-Sep-25
13023,12,6940,A,18-Jan-25
13038,12,5567,A,21-May-25
13058,12,7628,A,20-Apr-25
13061,12,2784,A,16-Sep-25
13063,12,2377,A,22-Feb-25
13127,12,6486,A,18-Sep-25
13145,12,724,A,02-Jul-25
13185,12,7266,A,27-Oct-25
13219,12,2196,A,07-Aug-25
13225,12,7500,A,30-Sep-25
13270,12,2830,A,06-Nov-25
13305,12,3615,A,18-Dec-25
13316,12,6832,A,14-Nov-25
13346,12,1846,A,21-Sep-25
13388,12,4727,A,27-Nov-25
13420,12,4459,A,21-Aug-25
13456,12,2723,A,27-May-25
13470,12,1142,A,04-Jan-26
13483,12,2220,A,30-Sep-25
13522,12,5415,A,19-Dec-25
13561,12,4977,A,11-Oct-25
13563,12,2336,A,19-Aug-25
13566,12,7185,A,04-Aug-25
13587,12,3753,A,08-Jul-25
13625,12,5072,A,10-Mar-25
13641,12,6661,A,21-Sep-25
13651,12,1738,A,25-Jun-25
13656,12,3725,A,23-Jan-25
13671,12,39,A,05-Jun-25
13680,12,6878,A,08-Jun-25
13685,12,3876,A,25-Mar-25
13702,12,1665,A,15-Feb-25
13725,12,3393,A,16-Oct-25
13751,12,3142,A,10-Jan-25
13762,12,7659,A,20-Apr-25
13768,12,2032,A,16-Jan-26
13830,12,5360,A,14-Apr-25
13862,12,923,A,10-Nov-25
13865,12,2737,A,11-Nov-25
13878,12,1552,A,18-Feb-25
13941,12,2667,A,26-Oct-25
13947,12,6773,A,17-Apr-25
14028,12,6317,A,09-Apr-25
14110,12,5236,A,18-Jun-25
14134,12,7184,A,26-Dec-25
14148,12,6407,A,29-Jan-25
14159,12,2950,A,29-Jun-25
14168,12,1646,A,23-Jul-25
14184,12,7413,A,30-Dec-25
14190,12,2790,A,19-Jul-25
14231,12,7589,A,30-Nov-25
14240,12,322,A,30-Jun-25
14334,12,6239,A,22-Jun-25
14461,12,3104,A,09-May-25
14480,12,4328,A,22-Sep-25
14500,12,2739,A,16-Oct-25
14512,12,3308,A,10-Apr-25
14517,12,4153,A,21-Nov-25
14530,12,3798,A,28-Jan-25
14545,12,2959,A,20-Dec-25
14548,12,5728,A,14-Sep-25
14550,12,4933,A,14-Jan-25
14552,12,7098,A,22-Oct-25
14584,12,2151,A,07-Jun-25
14602,12,3918,A,18-Jan-25
14633,12,4644,A,19-Feb-25
14705,12,780,A,25-Sep-25
14709,12,6590,A,11-Oct-25
14718,12,3724,A,15-Mar-25
14726,12,6117,A,24-Nov-25
14779,12,512,A,30-Jun-25
14790,12,1927,A,22-Jun-25
14793,12,3202,A,27-Jun-25
14797,12,4743,A,01-Apr-25
14829,12,7434,A,13-Mar-25
14835,12,7362,A,01-Nov-25
14849,12,813,A,21-Aug-25
14874,12,2611,A,07-Feb-25
14902,12,7012,A,31-Mar-25
14914,12,6367,A,19-Jun-25
14999,12,1483,A,01-Nov-25
15013,12,685,A,13-Sep-25
15060,12,934,A,11-Jul-25
15137,12,7149,A,01-Apr-25
15152,12,5419,A,30-Aug-25
15182,12,4809,A,03-Feb-25
15210,12,2928,A,25-May-25
15242,12,3254,A,10-Dec-25
15252,12,4322,A,23-Oct-25
15256,12,2352,A,06-Mar-25
15286,12,1371,A,08-Jul-25
15303,12,6118,A,15-Apr-25
15319,12,692,A,28-Mar-25
15346,12,5991,A,10-May-25
15360,12,4021,A,30-Nov-25
15372,12,4768,A,25-Jun-25
15392,12,3078,A,16-Dec-25
15428,12,947,A,17-Oct-25
15473,12,5037,A,20-Apr-25
15484,12,3512,A,06-Jul-25
15486,12,2847,A,01-May-25
15522,12,3491,A,07-Nov-25
15526,12,618,A,17-Sep-25
15544,12,477,A,03-Dec-25
15571,12,3649,A,13-Feb-25
15715,12,2538,A,30-Jun-25
15765,12,3792,A,22-May-25
15797,12,1366,A,07-May-25
15861,12,1783,A,11-Jul-25
15865,12,2506,A,18-Sep-25
15883,12,1946,A,12-Oct-25
15913,12,1487,A,21-Dec-25
15916,12,6202,A,30-Jul-25
15920,12,2120,A,07-Mar-25
15970,12,2337,A,11-Sep-25
15973,12,2488,A,11-Nov-25
16026,12,6023,A,15-Nov-25
16065,12,6199,A,18-Jan-26
16077,12,3034,A,12-May-25
16095,12,1290,A,20-Jun-25
16109,12,6249,A,29-Jul-25
16142,12,7138,A,21-Apr-25
16186,12,875,A,11-Sep-25
16187,12,6885,A,06-Apr-25
16220,12,555,A,18-Aug-25
16258,12,6452,A,30-Oct-25
16281,12,1862,A,27-Nov-25
16378,12,1173,A,12-Jul-25
16432,12,6818,A,11-May-25
16445,12,2364,A,16-Apr-25
16449,12,7753,A,24-Feb-25
16475,12,7029,A,23-Aug-25
16481,12,4556,A,22-Jun-25
16486,12,6735,A,18-Feb-25
16495,12,2053,A,25-Sep-25
16505,12,5038,A,25-Jun-25
16506,12,6873,A,29-Jan-25
16545,12,531,A,20-Mar-25
16551,12,5352,A,17-May-25
16557,12,6210,A,11-Sep-25
16621,12,1459,A,06-Jun-25
16623,12,5489,A,05-Feb-25
16638,12,4536,A,10-Jan-25
16739,12,7966,A,02-Apr-25
16746,12,559,A,28-Aug-25
16758,12,740,A,24-Jul-25
16768,12,4018,A,01-May-25
16838,12,4253,A,09-Mar-25
16842,12,4013,A,01-Mar-25
16903,12,5214,A,29-May-25
16946,12,4268,A,04-Nov-25
16980,12,4119,A,18-Apr-25
16991,12,7412,A,06-Mar-25
17005,12,4388,A,31-May-25
17016,12,7722,A,26-Jul-25
17021,12,1558,A,28-Dec-25
17082,12,5690,A,06-Jan-26
17098,12,5485,A,18-Feb-25
17112,12,5642,A,02-Jul-25
17131,12,3026,A,20-Apr-25
17139,12,5475,A,26-Oct-25
17149,12,5842,A,10-Sep-25
17151,12,4215,A,31-May-25
17164,12,4945,A,04-Nov-25
17180,12,2508,A,09-Jun-25
17187,12,483,A,02-Oct-25
17234,12,2581,A,03-Jan-25
17247,12,4958,A,29-Oct-25
17271,12,6044,A,06-Dec-25
17294,12,2988,A,13-Apr-25
17320,12,5929,A,18-Jan-25
17326,12,5832,A,02-Mar-25
17327,12,6643,A,08-Jan-26
17344,12,2005,A,14-Jul-25
17394,12,6604,A,22-Nov-25
17395,12,3979,A,08-Oct-25
17433,12,1246,A,27-Nov-25
17473,12,1976,A,08-Sep-25
17476,12,953,A,15-Dec-25
17490,12,3031,A,22-Feb-25
17512,12,5447,A,31-Oct-25
17536,12,7505,A,18-Feb-25
17560,12,356,A,19-Jun-25
17595,12,1500,A,04-Apr-25
17601,12,3745,A,06-Apr-25
17632,12,6834,A,02-Feb-25
17658,12,849,A,25-Feb-25
17662,12,5757,A,27-May-25
17689,12,4651,A,20-Aug-25
17743,12,6879,A,11-May-25
17777,12,4459,A,11-Jun-25
17791,12,5307,A,21-Jul-25
17803,12,7575,A,20-Nov-25
17806,12,3242,A,22-Nov-25
17824,12,5802,A,12-Sep-25
17847,12,1754,A,26-Apr-25
17871,12,7816,A,17-Jul-25
17875,12,6451,A,24-Jun-25
17905,12,5960,A,22-Aug-25
17910,12,3868,A,05-Jun-25
17926,12,6686,A,11-Feb-25
17939,12,7483,A,17-Jun-25
17941,12,6929,A,06-Dec-25
17985,12,6736,A,21-Sep-25
17996,12,1419,A,16-Oct-25
17998,12,6272,A,13-Sep-25
18034,12,7908,A,01-Mar-25
18148,12,7396,A,29-Jan-25
18164,12,4900,A,07-Sep-25
18182,12,1855,A,03-Jun-25
18184,12,906,A,09-May-25
18292,12,958,A,19-Apr-25
18368,12,1787,A,10-Oct-25
18385,12,4550,A,06-Jan-25
18388,12,7273,A,22-Apr-25
18418,12,4056,A,10-Oct-25
18435,12,5479,A,26-Apr-25
18437,12,1596,A,08-Mar-25
18451,12,112,A,03-Feb-25
18470,12,2662,A,19-Jan-25
18474,12,7478,A,19-Apr-25
18482,12,6744,A,18-Apr-25
18494,12,7492,A,20-Aug-25
18541,12,2229,A,18-Sep-25
18572,12,6009,A,13-May-25
18591,12,2531,A,20-Nov-25
18624,12,5501,A,10-May-25
18633,12,750,A,13-Jul-25
18661,12,33,A,23-Apr-25
18677,12,527,A,30-May-25
18679,12,4754,A,25-Mar-25
18724,12,5270,A,18-Oct-25
18737,12,3287,A,22-Sep-25
18750,12,2653,A,09-Sep-25
18757,12,1701,A,22-Aug-25
18801,12,7275,A,20-Oct-25
18803,12,5784,A,28-Jul-25
18818,12,4373,A,18-Apr-25
18857,12,7640,A,21-Apr-25
18866,12,2602,A,26-Nov-25
18871,12,40,A,11-Mar-25
18873,12,1834,A,14-Mar-25
18879,12,1045,A,17-Apr-25
18880,12,2344,A,19-Sep-25
18902,12,4125,A,27-Sep-25
18918,12,1444,A,13-Sep-25
18930,12,13,A,23-May-25
18933,12,236,A,17-May-25
19028,12,5480,A,28-Feb-25
19046,12,5116,A,12-Mar-25
19049,12,5464,A,04-Nov-25
19063,12,5143,A,12-Apr-25
19066,12,4965,A,14-Jan-25
19078,12,2359,A,12-Dec-25
19150,12,6075,A,20-Jul-25
19173,12,6405,A,10-Jul-25
19184,12,4356,A,16-Oct-25
19240,12,5488,A,16-Jan-25
19252,12,1193,A,21-Aug-25
19324,12,7932,A,08-Dec-25
19334,12,1458,A,10-Nov-25
19378,12,3248,A,12-Jun-25
19403,12,7140,A,19-Nov-25
19407,12,6775,A,21-Dec-25
19415,12,3615,A,20-Sep-25
19421,12,2862,A,13-Oct-25
19443,12,2121,A,13-Aug-25
19492,12,404,A,10-Aug-25
19548,12,5952,A,09-Feb-25
19612,12,7676,A,21-Nov-25
19624,12,2513,A,27-Jul-25
19636,12,7754,A,28-Sep-25
19691,12,340,A,07-Feb-25
19727,12,864,A,05-Jan-25
19728,12,3133,A,12-Feb-25
19735,12,3506,A,16-Feb-25
19755,12,1425,A,10-Nov-25
19758,12,813,A,21-Jan-25
19769,12,3243,A,06-Jan-25
19774,12,2860,A,15-Feb-25
19781,12,1591,A,06-Apr-25
19803,12,7483,A,20-May-25
19813,12,53,A,12-Sep-25
19814,12,1998,A,19-Nov-25
19880,12,6183,A,28-Jan-25
19885,12,7598,A,20-Jan-25
19888,12,5869,A,01-Feb-25
19912,12,2386,A,14-Aug-25
19962,12,7630,A,15-Aug-25
19989,12,1716,A,23-Aug-25
19996,12,1811,A,11-Jun-25
15,4,4265,A,25-Jan-25
43,4,7009,A,15-May-25
61,4,6440,A,03-Feb-25
72,4,1543,A,28-May-25
108,4,2016,A,26-Nov-25
195,4,2765,A,18-Sep-25
216,4,2096,A,13-Apr-25
268,4,6651,A,14-Jan-25
390,4,5154,A,17-Jul-25
423,4,6634,A,09-Feb-25
453,4,6542,A,18-May-25
471,4,237,A,11-Feb-25
474,4,371,A,03-Jul-25
481,4,6276,A,27-Nov-25
483,4,3814,A,14-Jan-25
485,4,62,A,26-Dec-25
523,4,4427,A,06-Sep-25
562,4,89,A,16-Jul-25
563,4,4318,A,09-Feb-25
655,4,3699,A,05-Jul-25
694,4,774,A,16-Sep-25
741,4,3713,A,20-Mar-25
748,4,6449,A,31-Jan-25
766,4,3110,A,12-Mar-25
777,4,600,A,22-Sep-25
792,4,7459,A,23-Aug-25
821,4,7720,A,16-Sep-25
843,4,7951,A,27-Apr-25
888,4,7676,A,13-Jan-25
896,4,2040,A,15-Oct-25
900,4,7830,A,12-Aug-25
911,4,7489,A,08-Dec-25
923,4,4073,A,07-Nov-25
927,4,1117,A,03-Jan-25
945,4,1448,A,27-Jul-25
958,4,869,A,23-Jun-25
992,4,1888,A,24-Dec-25
1024,4,2107,A,18-May-25
1030,4,3156,A,09-Jan-26
1073,4,4013,A,19-Nov-25
1083,4,6446,A,22-Sep-25
1085,4,6044,A,11-May-25
1095,4,5208,A,13-Nov-25
1134,4,6179,A,15-Apr-25
1188,4,7561,A,27-Aug-25
1249,4,2147,A,24-Feb-25
1254,4,2331,A,23-Dec-25
1258,4,1886,A,19-Jul-25
1272,4,4887,A,02-Oct-25
1306,4,318,A,24-Jan-25
1313,4,4576,A,03-Jan-26
1316,4,4443,A,25-Mar-25
1329,4,3026,A,03-Sep-25
1337,4,4437,A,23-Apr-25
1360,4,7121,A,13-May-25
1406,4,6281,A,06-May-25
1410,4,6595,A,08-Jan-26
1466,4,2916,A,04-May-25
1482,4,606,A,11-Nov-25
1503,4,2484,A,16-Dec-25
1516,4,1205,A,10-Apr-25
1549,4,4874,A,05-Jan-26
1569,4,6989,A,15-Mar-25
1578,4,3117,A,05-Oct-25
1593,4,3234,A,08-Dec-25
1606,4,7566,A,12-May-25
1655,4,7276,A,24-Aug-25
1666,4,2256,A,24-Jun-25
1679,4,1416,A,24-Oct-25
1710,4,4869,A,15-Sep-25
1791,4,3716,A,15-Jul-25
1797,4,431,A,13-Dec-25
1817,4,7408,A,02-Mar-25
1868,4,2113,A,08-Jan-25
1871,4,2022,A,27-Apr-25
1874,4,6904,A,09-Jul-25
1913,4,1691,A,14-Jan-25
1946,4,5944,A,21-Dec-25
1971,4,7930,A,21-May-25
1974,4,3307,A,09-Feb-25
1975,4,6411,A,21-Sep-25
1995,4,6754,A,24-May-25
2055,4,3424,A,30-Aug-25
2067,4,5579,A,22-Jul-25
2113,4,2527,A,08-Jun-25
2115,4,5444,A,08-Jul-25
2116,4,2114,A,14-Oct-25
2124,4,4735,A,31-May-25
2220,4,1567,A,08-Apr-25
2225,4,2405,A,15-Oct-25
2268,4,6677,A,12-Jan-26
2277,4,7490,A,13-Jun-25
2291,4,7496,A,24-Jan-25
2382,4,4099,A,10-Jan-25
2394,4,3120,A,13-Nov-25
2425,4,7609,A,12-Mar-25
2431,4,6717,A,21-Mar-25
2470,4,233,A,22-May-25
2486,4,709,A,30-Jan-25
2499,4,857,A,15-Nov-25
2511,4,941,A,23-Nov-25
2555,4,7172,A,27-Oct-25
2572,4,1674,A,14-Apr-25
2577,4,5339,A,03-Jul-25
2586,4,1354,A,30-Mar-25
2595,4,772,A,25-Jul-25
2641,4,7081,A,09-Jul-25
2645,4,7252,A,08-Jul-25
2661,4,7086,A,05-Dec-25
2677,4,5670,A,01-Jan-26
2688,4,395,A,26-Jun-25
2700,4,2607,A,15-Oct-25
2725,4,2468,A,13-Nov-25
2761,4,5687,A,04-Feb-25
2767,4,1508,A,09-Jan-25
2808,4,2840,A,27-Oct-25
2809,4,1337,A,17-Jul-25
2826,4,5942,A,21-Sep-25
2836,4,3689,A,13-Jul-25
2849,4,4189,A,10-Jan-26
2852,4,3974,A,12-Feb-25
2861,4,3316,A,23-Jun-25
2876,4,4868,A,02-Sep-25
2887,4,2435,A,21-Mar-25
2889,4,6104,A,12-May-25
2936,4,1982,A,15-Oct-25
2942,4,719,A,05-Jan-25
2944,4,5236,A,14-Jan-26
3042,4,7572,A,14-Apr-25
3072,4,5775,A,12-May-25
3081,4,3429,A,25-Sep-25
3084,4,7136,A,22-Jul-25
3086,4,4072,A,26-May-25
3104,4,2441,A,02-Aug-25
3126,4,5121,A,14-Jan-26
3128,4,4865,A,30-Aug-25
3136,4,4491,A,01-Jan-26
3164,4,1625,A,04-Mar-25
3167,4,5463,A,26-Nov-25
3177,4,6206,A,13-Jul-25
3239,4,4118,A,14-Mar-25
3284,4,5062,A,18-Oct-25
3444,4,2475,A,26-Dec-25
3459,4,3106,A,04-Jan-26
3476,4,7989,A,12-Jul-25
3544,4,4046,A,13-Jun-25
3564,4,4081,A,09-Jan-25
3576,4,6141,A,04-Oct-25
3584,4,7001,A,26-Jan-25
3593,4,4128,A,01-Nov-25
3595,4,2421,A,17-Feb-25
3667,4,6598,A,07-May-25
3686,4,1784,A,13-Jul-25
3694,4,5741,A,20-Sep-25
3745,4,1257,A,05-May-25
3786,4,6090,A,21-Mar-25
3837,4,365,A,07-May-25
3844,4,2221,A,19-Jun-25
3866,4,2604,A,26-Jan-25
3911,4,1307,A,22-May-25
3935,4,1638,A,20-Dec-25
3936,4,1806,A,05-Jun-25
3948,4,5237,A,20-Apr-25
3965,4,7702,A,19-Oct-25
3968,4,2410,A,15-Aug-25
3990,4,1821,A,01-Jan-25
3991,4,5336,A,12-Aug-25
4122,4,2598,A,10-May-25
4168,4,1787,A,05-May-25
4189,4,1751,A,07-Jan-25
4231,4,1043,A,13-Jan-25
4233,4,5476,A,06-Sep-25
4253,4,7463,A,29-Sep-25
4255,4,2109,A,09-Oct-25
4268,4,5368,A,17-Jun-25
4274,4,2319,A,26-Mar-25
4305,4,6690,A,09-Jan-25
4343,4,5660,A,17-Aug-25
4433,4,5688,A,26-Nov-25
4459,4,5107,A,09-May-25
4479,4,6873,A,17-Jun-25
4480,4,7356,A,23-Feb-25
4514,4,6640,A,20-Aug-25
4522,4,1350,A,17-Mar-25
4525,4,4565,A,23-May-25
4566,4,2945,A,26-Jun-25
4572,4,1420,A,13-Jul-25
4573,4,1644,A,02-Jun-25
4577,4,5275,A,27-Aug-25
4618,4,7958,A,16-Jul-25
4708,4,5406,A,17-Nov-25
4724,4,943,A,13-Nov-25
4727,4,5636,A,20-Sep-25
4742,4,7359,A,16-Aug-25
4745,4,3511,A,13-Dec-25
4796,4,1995,A,15-Oct-25
4817,4,4540,A,12-Dec-25
4865,4,2598,A,16-Aug-25
4910,4,2106,A,16-Dec-25
4927,4,48,A,28-Jul-25
4961,4,2847,A,11-Aug-25
4992,4,2536,A,04-Mar-25
5023,4,3036,A,12-Apr-25
5039,4,7037,A,06-Oct-25
5041,4,591,A,14-Jan-25
5111,4,3643,A,24-Jan-25
5181,4,7887,A,13-Feb-25
5214,4,5707,A,05-Aug-25
5220,4,7843,A,14-Mar-25
5235,4,6206,A,18-Feb-25
5237,4,4909,A,16-Jun-25
5269,4,1805,A,04-Feb-25
5271,4,2315,A,19-Sep-25
5301,4,7546,A,25-Nov-25
5325,4,3655,A,15-Jan-25
5335,4,1744,A,14-Jul-25
5338,4,1914,A,29-Oct-25
5369,4,1123,A,01-May-25
5373,4,5000,A,05-Aug-25
5382,4,3204,A,24-Jul-25
5423,4,299,A,28-Feb-25
5426,4,6637,A,02-Jan-26
5443,4,5909,A,01-Oct-25
5467,4,3348,A,18-Sep-25
5529,4,1102,A,27-Aug-25
5541,4,2681,A,22-Oct-25
5562,4,6276,A,01-Jul-25
5575,4,223,A,01-Mar-25
5595,4,5581,A,16-Jan-25
5626,4,5579,A,12-Jan-25
5655,4,5062,A,08-Jan-26
5672,4,2195,A,04-Sep-25
5687,4,2474,A,26-Mar-25
5691,4,5009,A,14-May-25
5737,4,1624,A,29-Jun-25
5754,4,7843,A,27-Feb-25
5755,4,3788,A,04-Oct-25
5760,4,4290,A,14-Jul-25
5784,4,1402,A,10-Apr-25
5854,4,4781,A,05-Feb-25
5884,4,2013,A,19-Aug-25
5895,4,4407,A,17-Sep-25
5896,4,1270,A,09-Jan-26
5949,4,7720,A,01-Nov-25
5972,4,7448,A,28-Oct-25
5997,4,6134,A,11-Mar-25
6027,4,624,A,18-Sep-25
6029,4,5564,A,05-Oct-25
6034,4,2168,A,10-Oct-25
6067,4,5171,A,23-Jul-25
6078,4,6044,A,29-May-25
6120,4,3017,A,01-May-25
6150,4,1810,A,12-Dec-25
6168,4,4195,A,08-Dec-25
6170,4,6609,A,24-Feb-25
6203,4,6016,A,10-Apr-25
6208,4,1389,A,02-May-25
6242,4,884,A,09-Jun-25
6296,4,1987,A,30-Mar-25
6325,4,1290,A,16-Oct-25
6357,4,7405,A,01-May-25
6389,4,4617,A,30-Apr-25
6393,4,5537,A,18-Aug-25
6405,4,1420,A,22-Dec-25
6438,4,1712,A,18-Jan-26
6479,4,2956,A,22-Oct-25
6520,4,1814,A,04-Nov-25
6522,4,3856,A,23-Dec-25
6555,4,5915,A,04-Sep-25
6579,4,2257,A,13-Jan-26
6596,4,4781,A,01-Sep-25
6619,4,6869,A,24-Nov-25
6631,4,7373,A,16-Apr-25
6661,4,769,A,26-Jul-25
6676,4,3051,A,28-Jul-25
6677,4,6991,A,02-May-25
6700,4,2763,A,24-Oct-25
6736,4,4341,A,01-Jan-25
6742,4,4415,A,10-Nov-25
6751,4,7661,A,25-May-25
6772,4,4190,A,11-Apr-25
6783,4,431,A,08-Jun-25
6809,4,7388,A,19-Mar-25
6846,4,3097,A,09-Aug-25
6853,4,3254,A,10-Dec-25
6883,4,5050,A,19-Feb-25
6909,4,3388,A,16-Jun-25
6982,4,4832,A,13-Jan-25
7012,4,4465,A,15-Sep-25
7025,4,2897,A,13-Nov-25
7047,4,5998,A,13-Apr-25
7197,4,1084,A,03-Oct-25
7198,4,4719,A,08-Nov-25
7296,4,3848,A,29-Jan-25
7308,4,3383,A,29-Jan-25
7314,4,5683,A,26-Oct-25
7333,4,2317,A,14-Sep-25
7378,4,593,A,31-Mar-25
7389,4,5023,A,23-Jan-25
7405,4,3565,A,13-Jan-26
7492,4,2340,A,23-Oct-25
7512,4,3429,A,20-Jun-25
7513,4,4315,A,03-Dec-25
7537,4,3605,A,02-May-25
7579,4,6675,A,03-Jan-26
7634,4,3752,A,16-Mar-25
7649,4,1864,A,07-May-25
7664,4,4114,A,10-Sep-25
7667,4,484,A,04-Dec-25
7688,4,3286,A,09-Jan-26
7692,4,236,A,19-Feb-25
7703,4,2436,A,11-Jun-25
7752,4,5518,A,21-Oct-25
7756,4,7040,A,25-May-25
7824,4,4777,A,23-Feb-25
7830,4,2240,A,07-Jul-25
7833,4,263,A,31-Mar-25
7841,4,4010,A,22-Feb-25
7850,4,4445,A,12-Mar-25
7856,4,5887,A,22-Jul-25
7866,4,1529,A,19-Jun-25
7933,4,4403,A,13-Dec-25
7958,4,4400,A,06-May-25
7963,4,5346,A,26-Jan-25
8035,4,3188,A,22-Oct-25
8050,4,6673,A,10-Sep-25
8051,4,6336,A,31-Jul-25
8094,4,3162,A,11-Aug-25
8114,4,7639,A,18-Aug-25
8133,4,2441,A,15-Aug-25
8158,4,2712,A,20-Aug-25
8164,4,3798,A,10-Jan-26
8180,4,2510,A,09-Sep-25
8192,4,1664,A,05-Jan-25
8193,4,6213,A,12-Jun-25
8229,4,7314,A,24-Dec-25
8251,4,4160,A,27-Jun-25
8262,4,3487,A,05-Jan-25
8308,4,733,A,01-Sep-25
8317,4,1666,A,03-Jul-25
8318,4,4778,A,21-Dec-25
8325,4,4097,A,25-Sep-25
8400,4,6718,A,17-Feb-25
8469,4,4463,A,24-Sep-25
8482,4,500,A,02-Jun-25
8524,4,2002,A,16-Mar-25
8593,4,1790,A,30-Jun-25
8608,4,7744,A,10-Feb-25
8609,4,3884,A,01-May-25
8612,4,1802,A,27-Oct-25
8613,4,973,A,06-Jul-25
8615,4,4325,A,12-Jun-25
8658,4,7303,A,02-Nov-25
8678,4,5227,A,01-May-25
8693,4,2746,A,18-Jan-26
8715,4,6849,A,19-Mar-25
8738,4,2462,A,27-Mar-25
8777,4,7395,A,11-Jul-25
8787,4,969,A,01-Sep-25
8810,4,685,A,09-Apr-25
8821,4,5050,A,16-Dec-25
8825,4,446,A,15-Sep-25
8853,4,4428,A,23-Mar-25
8871,4,531,A,02-Mar-25
8893,4,4733,A,13-Dec-25
8912,4,5276,A,10-Jul-25
8960,4,7259,A,20-May-25
9007,4,5968,A,16-Oct-25
9056,4,5885,A,17-Jul-25
9093,4,1314,A,24-Apr-25
9105,4,3770,A,28-Jul-25
9131,4,7066,A,21-Jul-25
9153,4,3258,A,08-Aug-25
9168,4,2454,A,14-Apr-25
9183,4,2054,A,10-Feb-25
9222,4,4413,A,07-Nov-25
9349,4,372,A,15-Aug-25
9351,4,318,A,17-Oct-25
9365,4,4458,A,30-May-25
9377,4,4730,A,15-Jul-25
9405,4,1377,A,26-Jan-25
9409,4,5514,A,05-Sep-25
9433,4,7130,A,12-Aug-25
9480,4,734,A,07-May-25
9483,4,7311,A,16-Dec-25
9506,4,5845,A,01-Jan-26
9521,4,1605,A,01-Jun-25
9527,4,7836,A,24-Mar-25
9541,4,7478,A,22-Sep-25
9659,4,7995,A,10-Jan-25
9685,4,4763,A,18-Jan-26
9698,4,5536,A,24-Jan-25
9732,4,2150,A,01-Jul-25
9745,4,740,A,14-Sep-25
9756,4,3747,A,22-Feb-25
9785,4,4046,A,07-Jul-25
9791,4,5567,A,08-Nov-25
9795,4,7212,A,14-Jun-25
9808,4,7807,A,28-Dec-25
9874,4,2291,A,20-Apr-25
9879,4,4192,A,03-Mar-25
9884,4,4156,A,02-Feb-25
9885,4,1315,A,12-Sep-25
9901,4,6602,A,23-Dec-25
9927,4,3167,A,16-Nov-25
9964,4,3103,A,06-Jan-25
9971,4,7961,A,22-Dec-25
9992,4,2139,A,01-Aug-25
10064,4,2770,A,26-Mar-25
10069,4,1795,A,24-Jul-25
10113,4,6246,A,07-Jan-26
10155,4,5959,A,12-Jun-25
10186,4,5654,A,05-Jun-25
10211,4,2500,A,03-Jun-25
10284,4,769,A,12-Jan-25
10286,4,4502,A,13-Jul-25
10298,4,2925,A,22-Nov-25
10304,4,1374,A,13-Feb-25
10311,4,6703,A,02-Jun-25
10333,4,274,A,14-May-25
10338,4,2301,A,16-Aug-25
10361,4,430,A,31-May-25
10394,4,3382,A,16-Mar-25
10433,4,2467,A,08-Jan-26
10436,4,2943,A,11-Sep-25
10507,4,2952,A,16-Mar-25
10557,4,4231,A,20-Jul-25
10583,4,7432,A,05-Dec-25
10637,4,2763,A,01-Sep-25
10661,4,1627,A,23-Dec-25
10662,4,6712,A,02-Aug-25
10705,4,7527,A,22-Aug-25
10781,4,7680,A,10-Feb-25
10798,4,2998,A,12-Jul-25
10814,4,4370,A,14-Jun-25
10834,4,7162,A,26-Feb-25
10869,4,1876,A,01-Aug-25
10874,4,1281,A,24-Apr-25
10876,4,1157,A,20-Jan-25
10909,4,5537,A,31-Jul-25
10966,4,1753,A,23-Mar-25
10973,4,6294,A,12-Nov-25
11064,4,908,A,14-Jan-25
11099,4,5905,A,16-Oct-25
11145,4,2499,A,19-Feb-25
11149,4,4826,A,13-May-25
11154,4,1894,A,23-Jan-25
11157,4,2316,A,30-Oct-25
11176,4,2121,A,27-Jan-25
11178,4,7832,A,17-Jan-25
11228,4,5345,A,15-Jun-25
11229,4,1242,A,23-May-25
11269,4,3865,A,17-Nov-25
11275,4,1922,A,22-Jul-25
11289,4,6554,A,03-Apr-25
11293,4,6575,A,13-Jun-25
11313,4,2053,A,13-Feb-25
11340,4,6958,A,31-Jan-25
11358,4,6814,A,04-Jan-25
11368,4,4212,A,27-Aug-25
11400,4,3336,A,30-Mar-25
11431,4,4490,A,24-Dec-25
11450,4,6144,A,09-Mar-25
11462,4,7194,A,16-Jun-25
11463,4,7161,A,23-Mar-25
11504,4,1696,A,15-Apr-25
11520,4,2258,A,01-Nov-25
11529,4,1503,A,22-Feb-25
11534,4,1474,A,03-Jun-25
11553,4,6258,A,15-Oct-25
11561,4,1748,A,09-Jan-25
11567,4,1477,A,24-Mar-25
11577,4,5150,A,11-Jan-25
11610,4,2442,A,01-Mar-25
11666,4,7614,A,05-Jul-25
11670,4,4451,A,23-May-25
11679,4,3096,A,18-Feb-25
11692,4,5792,A,16-Jul-25
11694,4,7469,A,27-Jun-25
11707,4,1803,A,13-May-25
11738,4,5537,A,20-Nov-25
11741,4,3865,A,04-Dec-25
11757,4,7115,A,24-Feb-25
11784,4,7215,A,01-Jan-26
11792,4,2425,A,18-Dec-25
11827,4,2584,A,16-Feb-25
11840,4,2158,A,18-May-25
11852,4,339,A,19-Jun-25
11868,4,2827,A,20-Jan-25
11884,4,372,A,31-Mar-25
11945,4,6363,A,06-Sep-25
11975,4,114,A,02-Mar-25
11998,4,7754,A,08-Jul-25
12018,4,2578,A,11-Jun-25
12019,4,6567,A,14-Oct-25
12045,4,6571,A,03-Mar-25
12077,4,2253,A,09-Jul-25
12117,4,2408,A,18-Jan-25
12224,4,5828,A,08-Jul-25
12287,4,7709,A,16-Apr-25
12297,4,7561,A,01-Jan-26
12333,4,3571,A,09-Jul-25
12339,4,7145,A,27-Feb-25
12362,4,7155,A,01-Jan-25
12374,4,1475,A,01-Jan-25
12397,4,1701,A,30-Jul-25
12424,4,4896,A,29-Jun-25
12460,4,3763,A,08-Aug-25
12480,4,264,A,13-Jul-25
12498,4,4744,A,03-Jan-25
12515,4,796,A,05-Oct-25
12553,4,972,A,25-Jan-25
12616,4,2146,A,09-May-25
12634,4,3756,A,17-Jul-25
12663,4,5893,A,12-Aug-25
12710,4,2823,A,20-Jan-25
12727,4,7519,A,06-Aug-25
12730,4,4254,A,10-Sep-25
12731,4,6380,A,27-Mar-25
12735,4,3358,A,30-Aug-25
12742,4,4335,A,08-Jan-25
12747,4,4258,A,13-May-25
12752,4,1996,A,13-Feb-25
12753,4,132,A,13-Apr-25
12777,4,7093,A,24-Apr-25
12820,4,5608,A,16-Jun-25
12835,4,185,A,01-Sep-25
12875,4,2006,A,14-Aug-25
12882,4,1116,A,05-May-25
12908,4,6025,A,30-Aug-25
12928,4,2450,A,28-Aug-25
12949,4,5910,A,13-Jun-25
12962,4,7750,A,20-Mar-25
12970,4,4138,A,25-Jun-25
12979,4,3796,A,20-Oct-25
13045,4,3937,A,27-Jun-25
13069,4,2343,A,28-Dec-25
13082,4,4506,A,08-Dec-25
13093,4,2093,A,26-Oct-25
13098,4,2990,A,29-Sep-25
13122,4,3067,A,09-Aug-25
13142,4,2121,A,24-May-25
13167,4,379,A,22-May-25
13183,4,6076,A,06-Jun-25
13204,4,5479,A,13-Feb-25
13235,4,1712,A,17-Aug-25
13253,4,3875,A,23-Oct-25
13265,4,1701,A,08-Jul-25
13280,4,3305,A,29-Sep-25
13294,4,6177,A,21-Jun-25
13308,4,4081,A,25-Dec-25
13336,4,5292,A,04-Sep-25
13369,4,854,A,04-Jul-25
13373,4,2017,A,29-Dec-25
13490,4,1990,A,29-Dec-25
13526,4,7212,A,08-Apr-25
13537,4,2244,A,10-Jul-25
13551,4,7398,A,01-Dec-25
13594,4,103,A,17-Feb-25
13683,4,7385,A,03-Dec-25
13686,4,6227,A,07-Nov-25
13701,4,7519,A,08-Nov-25
13710,4,1367,A,22-Oct-25
13735,4,6214,A,21-Nov-25
13756,4,7548,A,14-Jun-25
13772,4,1211,A,31-Oct-25
13792,4,6220,A,09-Aug-25
13800,4,4592,A,17-Mar-25
13816,4,5895,A,13-Jul-25
13823,4,4837,A,27-Apr-25
13872,4,5975,A,04-Feb-25
13900,4,870,A,17-Apr-25
13916,4,7233,A,30-Apr-25
13920,4,4094,A,02-Oct-25
13921,4,3177,A,06-Jul-25
13948,4,6983,A,01-Apr-25
13955,4,3381,A,09-Jan-25
13963,4,342,A,11-Aug-25
13967,4,7950,A,21-Jun-25
13988,4,3878,A,22-Mar-25
14015,4,4905,A,30-Sep-25
14033,4,5171,A,22-Jun-25
14060,4,3553,A,23-Jun-25
14075,4,5426,A,02-Oct-25
14112,4,6524,A,19-Apr-25
14129,4,5033,A,26-Apr-25
14130,4,1482,A,03-Oct-25
14138,4,870,A,12-Jan-26
14141,4,3833,A,20-May-25
14215,4,132,A,15-Jan-25
14270,4,2181,A,10-Feb-25
14317,4,5068,A,07-Sep-25
14352,4,6241,A,02-Jan-26
14369,4,31,A,07-Dec-25
14386,4,4769,A,25-May-25
14396,4,1352,A,05-Aug-25
14399,4,7859,A,10-Oct-25
14416,4,7692,A,13-Jan-26
14420,4,1879,A,22-Jan-25
14502,4,3046,A,05-Dec-25
14506,4,5856,A,14-Jun-25
14514,4,1821,A,24-Jul-25
14570,4,1592,A,17-Mar-25
14593,4,665,A,29-Oct-25
14606,4,7515,A,18-Apr-25
14684,4,7885,A,21-Sep-25
14700,4,6454,A,04-Dec-25
14736,4,22,A,30-Aug-25
14757,4,3761,A,26-Nov-25
14773,4,3080,A,24-Apr-25
14814,4,2110,A,07-Mar-25
14838,4,2715,A,12-Nov-25
14844,4,3215,A,08-Nov-25
14900,4,221,A,27-Jan-25
14935,4,5017,A,14-Feb-25
14985,4,3427,A,22-Feb-25
15009,4,1004,A,02-Sep-25
15027,4,6047,A,21-Sep-25
15029,4,2457,A,05-May-25
15042,4,5187,A,15-May-25
15068,4,3585,A,23-Feb-25
15069,4,7307,A,20-May-25
15209,4,2327,A,28-Mar-25
15232,4,4661,A,22-Nov-25
15234,4,3981,A,28-Jul-25
15259,4,5994,A,27-Jun-25
15331,4,6835,A,26-Aug-25
15348,4,5260,A,17-Nov-25
15406,4,4175,A,29-Jul-25
15415,4,3944,A,25-Nov-25
15422,4,4821,A,28-Aug-25
15443,4,2289,A,15-Jun-25
15444,4,4415,A,14-Jan-25
15445,4,6200,A,17-May-25
15466,4,4589,A,19-Aug-25
15521,4,1269,A,06-Jul-25
15527,4,664,A,14-May-25
15550,4,3444,A,02-Jan-25
15552,4,6400,A,24-Mar-25
15566,4,4893,A,07-Apr-25
15570,4,497,A,28-Feb-25
15575,4,1150,A,18-Apr-25
15620,4,2638,A,18-Jan-25
15646,4,3843,A,03-Dec-25
15659,4,2157,A,16-Jun-25
15663,4,5306,A,01-Aug-25
15664,4,2754,A,16-Sep-25
15684,4,6196,A,02-Oct-25
15707,4,4037,A,10-Dec-25
15745,4,2445,A,02-Jul-25
15746,4,5945,A,20-Nov-25
15749,4,474,A,12-Jan-25
15771,4,1544,A,25-Oct-25
15806,4,4453,A,14-Oct-25
15822,4,572,A,30-Dec-25
15842,4,2161,A,31-Dec-25
15877,4,4098,A,04-Jul-25
15891,4,3554,A,21-Dec-25
15933,4,3978,A,25-Dec-25
15960,4,7281,A,17-Aug-25
15964,4,5289,A,06-Jan-25
16017,4,3660,A,09-Jun-25
16020,4,2743,A,08-Mar-25
16027,4,7253,A,25-Nov-25
16033,4,5717,A,27-Dec-25
16051,4,7844,A,14-Jan-25
16080,4,3158,A,13-Jul-25
16147,4,4340,A,01-Feb-25
16148,4,3257,A,18-Feb-25
16163,4,495,A,28-Sep-25
16191,4,1546,A,11-Mar-25
16202,4,3960,A,26-Apr-25
16206,4,6682,A,21-Nov-25
16268,4,3246,A,04-Nov-25
16270,4,7385,A,27-Feb-25
16276,4,2188,A,28-Sep-25
16277,4,724,A,18-Nov-25
16302,4,661,A,15-Mar-25
16327,4,4488,A,26-Mar-25
16382,4,4737,A,15-Mar-25
16392,4,3589,A,29-Aug-25
16427,4,4348,A,04-Jul-25
16429,4,3216,A,16-Mar-25
16452,4,6196,A,02-Jul-25
16462,4,771,A,22-Nov-25
16468,4,4107,A,31-Mar-25
16472,4,5394,A,19-Aug-25
16485,4,5935,A,26-Jan-25
16493,4,6260,A,04-Oct-25
16535,4,1136,A,04-Feb-25
16565,4,4022,A,21-Oct-25
16610,4,5885,A,22-Jun-25
16649,4,4984,A,21-Oct-25
16659,4,502,A,06-Apr-25
16664,4,2612,A,22-Apr-25
16666,4,1763,A,21-Apr-25
16693,4,4308,A,09-Nov-25
16695,4,3916,A,12-Dec-25
16778,4,5838,A,26-Sep-25
16798,4,1458,A,12-Dec-25
16878,4,90,A,12-Jun-25
16899,4,4575,A,01-Jul-25
16905,4,5603,A,27-Feb-25
16926,4,6325,A,29-Apr-25
16934,4,4795,A,16-Nov-25
16968,4,6202,A,14-May-25
16973,4,5166,A,03-Nov-25
16982,4,7155,A,10-Nov-25
16984,4,722,A,14-Sep-25
17031,4,1922,A,10-Jun-25
17071,4,231,A,02-Oct-25
17152,4,4742,A,09-Oct-25
17194,4,4910,A,06-Aug-25
17204,4,7043,A,05-Jan-26
17225,4,5144,A,14-Oct-25
17249,4,1806,A,05-Nov-25
17303,4,4069,A,22-Aug-25
17315,4,541,A,06-May-25
17322,4,2949,A,22-Apr-25
17415,4,2334,A,12-Jun-25
17449,4,7696,A,11-Jan-26
17506,4,205,A,24-Oct-25
17508,4,437,A,23-Sep-25
17517,4,994,A,12-Jun-25
17539,4,6482,A,27-Mar-25
17554,4,4854,A,31-May-25
17579,4,7311,A,30-May-25
17585,4,2547,A,08-Dec-25
17620,4,4920,A,23-Jan-25
17625,4,1786,A,08-Jan-25
17627,4,6977,A,27-Apr-25
17666,4,5340,A,14-Nov-25
17718,4,3111,A,21-Nov-25
17770,4,7733,A,05-Mar-25
17778,4,3215,A,15-Aug-25
17789,4,177,A,14-Jan-26
17798,4,3692,A,06-Apr-25
17844,4,6259,A,23-Feb-25
17856,4,4316,A,05-Jan-25
17869,4,4424,A,28-Apr-25
17894,4,6391,A,28-Oct-25
17904,4,3370,A,28-Dec-25
17917,4,5097,A,29-Sep-25
17918,4,4658,A,08-Nov-25
17923,4,7274,A,20-Apr-25
17928,4,336,A,18-Dec-25
17961,4,1358,A,03-Oct-25
17992,4,6451,A,02-May-25
18076,4,3887,A,31-Mar-25
18089,4,61,A,12-Oct-25
18097,4,766,A,07-Dec-25
18216,4,1232,A,18-Jan-26
18251,4,1039,A,10-Jan-26
18252,4,1365,A,01-May-25
18260,4,7318,A,28-Jun-25
18300,4,5532,A,06-Mar-25
18315,4,5230,A,17-Mar-25
18321,4,1051,A,30-May-25
18377,4,4291,A,21-Jun-25
18444,4,2463,A,13-Aug-25
18449,4,5674,A,10-Oct-25
18463,4,2156,A,09-Sep-25
18559,4,5198,A,14-Dec-25
18571,4,3638,A,06-Oct-25
18593,4,265,A,10-Jul-25
18597,4,5727,A,20-Dec-25
18616,4,4540,A,30-Dec-25
18642,4,2971,A,26-May-25
18648,4,6238,A,15-Jun-25
18652,4,2877,A,19-May-25
18653,4,1954,A,25-Mar-25
18672,4,1336,A,03-Mar-25
18683,4,2673,A,17-Jan-25
18714,4,2851,A,13-Mar-25
18730,4,132,A,21-Oct-25
18746,4,1191,A,07-Jan-26
18766,4,4118,A,20-May-25
18783,4,4342,A,25-Jan-25
18816,4,4474,A,23-Aug-25
18833,4,2202,A,02-Jul-25
18849,4,3161,A,28-Sep-25
18893,4,5016,A,11-Nov-25
18934,4,4847,A,08-Nov-25
18957,4,2781,A,22-Jan-25
18962,4,4545,A,12-Feb-25
18995,4,5675,A,04-Jan-26
19011,4,7736,A,14-Apr-25
19032,4,6697,A,12-Jan-25
19047,4,4454,A,15-Oct-25
19053,4,4334,A,18-Jan-26
19077,4,1916,A,29-Dec-25
19100,4,5402,A,26-Dec-25
19119,4,7761,A,23-Mar-25
19124,4,5500,A,13-Jan-25
19126,4,1843,A,04-Feb-25
19148,4,1288,A,13-Jan-26
19171,4,6868,A,12-Sep-25
19191,4,7379,A,25-Apr-25
19206,4,2671,A,14-Jun-25
19249,4,7083,A,20-Feb-25
19256,4,6364,A,15-Sep-25
19258,4,2228,A,14-Jan-26
19411,4,5840,A,16-Mar-25
19425,4,3171,A,18-Sep-25
19446,4,1061,A,07-Jan-26
19451,4,4574,A,28-Oct-25
19461,4,4939,A,01-Sep-25
19465,4,6015,A,01-Sep-25
19472,4,1828,A,01-Dec-25
19475,4,2125,A,13-Jun-25
19484,4,7970,A,17-Feb-25
19496,4,4561,A,01-Oct-25
19523,4,2826,A,30-Dec-25
19525,4,419,A,23-Feb-25
19530,4,6176,A,08-Dec-25
19537,4,6614,A,22-Apr-25
19568,4,5848,A,18-May-25
19597,4,7547,A,19-Sep-25
19602,4,4055,A,09-Nov-25
19606,4,6135,A,12-Apr-25
19684,4,6479,A,03-Sep-25
19710,4,4829,A,11-May-25
19762,4,4494,A,06-Jan-25
19776,4,5326,A,09-Aug-25
19801,4,6145,A,18-Dec-25
19804,4,6287,A,29-Jun-25
19810,4,2267,A,15-Dec-25
19820,4,5146,A,27-Oct-25
19821,4,7014,A,04-Apr-25
19833,4,43,A,18-Mar-25
19836,4,1465,A,13-Sep-25
19874,4,2925,A,28-Jan-25
19881,4,6498,A,13-Jul-25
19903,4,3853,A,11-Apr-25
19907,4,3317,A,09-Mar-25
19961,4,2777,A,03-Mar-25
19970,4,3774,A,11-Oct-25
19979,4,4056,A,14-Apr-25
19990,4,2483,A,25-Jan-25
8,9,179,A,06-Apr-25
33,9,100,A,14-Nov-25
69,9,3039,A,26-Oct-25
102,9,5085,A,27-Sep-25
163,9,4048,A,30-Jun-25
224,9,4580,A,15-Jun-25
227,9,7294,A,27-Jun-25
293,9,7325,A,07-Sep-25
306,9,7045,A,29-Jun-25
360,9,6578,A,03-Apr-25
399,9,2877,A,13-Nov-25
425,9,6222,A,24-Aug-25
428,9,5333,A,19-Nov-25
456,9,1738,A,09-May-25
477,9,7191,A,02-Aug-25
508,9,2725,A,04-Oct-25
514,9,3181,A,12-Jan-26
518,9,4494,A,10-Nov-25
556,9,2175,A,09-Oct-25
591,9,284,A,13-Jul-25
597,9,2337,A,05-Jun-25
617,9,6007,A,17-Feb-25
664,9,7474,A,16-Jul-25
686,9,6886,A,21-Feb-25
709,9,227,A,26-Feb-25
744,9,1160,A,15-Jan-25
787,9,218,A,23-Mar-25
800,9,6061,A,15-Jul-25
815,9,5552,A,22-Oct-25
879,9,3667,A,26-Jul-25
881,9,3137,A,12-Jan-25
899,9,2956,A,05-Oct-25
922,9,3285,A,06-Nov-25
975,9,986,A,24-Dec-25
979,9,4201,A,09-Aug-25
991,9,765,A,01-Feb-25
998,9,4263,A,20-Jan-25
1003,9,3366,A,06-Jan-25
1010,9,5388,A,31-Dec-25
1068,9,4809,A,22-Aug-25
1101,9,6698,A,29-Jan-25
1114,9,1156,A,15-Nov-25
1157,9,3899,A,22-Apr-25
1184,9,304,A,08-Sep-25
1192,9,5054,A,06-May-25
1197,9,1134,A,06-Jan-25
1214,9,7615,A,08-Dec-25
1279,9,567,A,19-Jan-25
1389,9,4054,A,29-Mar-25
1398,9,3584,A,09-May-25
1403,9,7888,A,17-Jun-25
1423,9,842,A,17-May-25
1439,9,4374,A,20-Mar-25
1497,9,7402,A,03-May-25
1532,9,1091,A,03-Oct-25
1613,9,7800,A,02-Sep-25
1622,9,2114,A,02-Sep-25
1632,9,5130,A,01-Sep-25
1657,9,3605,A,13-Nov-25
1704,9,5155,A,05-Jan-26
1715,9,797,A,16-Jul-25
1724,9,983,A,26-Jan-25
1838,9,5618,A,27-Jan-25
1875,9,2297,A,16-Mar-25
1890,9,1013,A,01-Feb-25
1906,9,6277,A,19-Feb-25
1918,9,1202,A,08-Jan-25
1977,9,5885,A,23-May-25
1985,9,3077,A,28-Sep-25
2011,9,1426,A,18-Mar-25
2014,9,1442,A,18-Dec-25
2030,9,1626,A,28-Dec-25
2035,9,6246,A,20-Nov-25
2053,9,6935,A,19-Dec-25
2065,9,5813,A,23-Aug-25
2090,9,685,A,27-Oct-25
2093,9,5943,A,25-Aug-25
2165,9,2581,A,18-May-25
2176,9,1831,A,23-May-25
2190,9,6062,A,14-Mar-25
2226,9,5339,A,17-Sep-25
2244,9,7519,A,22-May-25
2259,9,1661,A,11-Jan-25
2261,9,2103,A,27-Mar-25
2283,9,4438,A,05-Dec-25
2310,9,6132,A,15-Mar-25
2333,9,1636,A,15-Mar-25
2391,9,7136,A,30-Aug-25
2430,9,1920,A,14-Feb-25
2433,9,5672,A,20-Apr-25
2445,9,6236,A,17-Mar-25
2454,9,6430,A,16-Dec-25
2455,9,7364,A,18-Jun-25
2475,9,1349,A,17-Feb-25
2498,9,4394,A,06-Sep-25
2518,9,2353,A,26-Feb-25
2529,9,7439,A,10-Apr-25
2558,9,357,A,15-Nov-25
2560,9,2297,A,17-Feb-25
2593,9,3850,A,16-Sep-25
2610,9,4914,A,05-Dec-25
2633,9,6609,A,14-Mar-25
2699,9,6481,A,08-Nov-25
2709,9,7435,A,23-Oct-25
2711,9,6170,A,26-Jul-25
2717,9,3134,A,01-Oct-25
2741,9,5662,A,25-Jul-25
2764,9,4880,A,03-Nov-25
2766,9,5681,A,16-Mar-25
2789,9,6729,A,10-May-25
2816,9,2193,A,06-Dec-25
2829,9,199,A,01-Sep-25
2847,9,6791,A,03-Dec-25
2866,9,7295,A,18-Oct-25
2900,9,3135,A,21-Sep-25
2918,9,7194,A,15-Jan-25
2952,9,6493,A,18-Aug-25
2961,9,7569,A,22-Nov-25
2962,9,3359,A,27-Dec-25
3002,9,7610,A,09-Jun-25
3006,9,6535,A,09-May-25
3008,9,2338,A,20-Mar-25
3010,9,338,A,03-Oct-25
3015,9,3921,A,02-Apr-25
3017,9,2020,A,30-Mar-25
3043,9,3089,A,13-Feb-25
3051,9,7616,A,27-Sep-25
3087,9,5942,A,01-Mar-25
3092,9,7021,A,22-Dec-25
3099,9,5772,A,05-Jan-26
3113,9,1737,A,03-Jul-25
3117,9,1006,A,28-Dec-25
3185,9,6439,A,09-Feb-25
3256,9,1448,A,04-Jan-25
3267,9,4393,A,17-Nov-25
3282,9,2856,A,18-Jan-26
3306,9,7015,A,24-Nov-25
3311,9,5520,A,22-Mar-25
3323,9,1136,A,09-Sep-25
3345,9,4787,A,17-Aug-25
3351,9,2152,A,18-Jan-25
3391,9,710,A,24-Jul-25
3418,9,3713,A,08-Feb-25
3431,9,4907,A,15-Sep-25
3432,9,6455,A,02-Aug-25
3455,9,4234,A,19-Oct-25
3472,9,7980,A,07-Jan-26
3502,9,3227,A,22-Jan-25
3512,9,2827,A,24-Jul-25
3526,9,1369,A,08-Sep-25
3557,9,5346,A,05-Jun-25
3559,9,6798,A,12-Nov-25
3614,9,3026,A,07-Jul-25
3633,9,3084,A,28-Nov-25
3662,9,5615,A,22-Feb-25
3671,9,5190,A,13-Feb-25
3735,9,3528,A,28-May-25
3746,9,3309,A,02-Sep-25
3761,9,6724,A,28-Aug-25
3773,9,2222,A,24-Mar-25
3834,9,3892,A,19-Nov-25
3840,9,2251,A,08-Jun-25
3848,9,6187,A,02-Jul-25
3851,9,886,A,07-Jan-25
3859,9,3677,A,18-Jul-25
3869,9,6707,A,17-Mar-25
3882,9,5936,A,19-Feb-25
3895,9,4321,A,22-Jun-25
3914,9,885,A,17-Mar-25
3982,9,3723,A,17-Mar-25
4010,9,4417,A,14-Aug-25
4035,9,6399,A,16-Mar-25
4037,9,3946,A,02-Nov-25
4044,9,3796,A,23-Jan-25
4052,9,5455,A,25-Oct-25
4053,9,3303,A,07-Jun-25
4061,9,484,A,11-Mar-25
4079,9,4839,A,07-Jan-26
4092,9,7646,A,19-Aug-25
4102,9,2104,A,22-Feb-25
4107,9,3850,A,19-Sep-25
4116,9,4313,A,14-Jul-25
4161,9,7841,A,25-Jan-25
4179,9,5154,A,25-Apr-25
4232,9,6400,A,23-May-25
4242,9,2970,A,18-Jan-25
4250,9,7963,A,15-Sep-25
4261,9,183,A,14-Jan-25
4273,9,6711,A,01-Aug-25
4281,9,916,A,10-May-25
4293,9,3425,A,24-Apr-25
4318,9,2756,A,01-Feb-25
4356,9,4581,A,26-Apr-25
4362,9,6474,A,01-Jul-25
4368,9,2263,A,23-Nov-25
4374,9,5113,A,17-Oct-25
4428,9,2497,A,11-Sep-25
4439,9,5615,A,30-Sep-25
4440,9,4342,A,27-Dec-25
4465,9,4949,A,29-Dec-25
4482,9,3306,A,26-Jan-25
4497,9,3477,A,14-Apr-25
4503,9,7576,A,13-Jan-25
4518,9,5163,A,24-Jun-25
4542,9,5010,A,01-Feb-25
4552,9,3773,A,28-Oct-25
4600,9,4592,A,22-Dec-25
4664,9,5534,A,05-Mar-25
4700,9,6141,A,15-Feb-25
4715,9,2258,A,15-Jan-26
4768,9,4187,A,13-Sep-25
4811,9,1806,A,01-Dec-25
4831,9,147,A,07-Jun-25
4851,9,6057,A,19-Nov-25
4895,9,6570,A,04-Nov-25
4900,9,7653,A,20-Feb-25
4904,9,4434,A,01-Jul-25
4906,9,3346,A,20-Feb-25
4914,9,1560,A,31-Dec-25
4978,9,1569,A,09-Jul-25
4990,9,5675,A,07-May-25
4998,9,3030,A,11-May-25
5011,9,3116,A,17-May-25
5021,9,2734,A,28-Jul-25
5053,9,7007,A,14-Aug-25
5081,9,1221,A,24-Apr-25
5120,9,7723,A,22-Aug-25
5126,9,378,A,13-Mar-25
5129,9,4051,A,24-Apr-25
5168,9,4571,A,10-Jan-26
5173,9,3268,A,03-Jan-26
5216,9,1493,A,14-Aug-25
5259,9,7934,A,30-Jan-25
5274,9,1898,A,09-Oct-25
5278,9,2006,A,11-Dec-25
5283,9,4757,A,28-Dec-25
5285,9,7215,A,24-Sep-25
5292,9,4659,A,22-Dec-25
5318,9,6328,A,04-Sep-25
5322,9,5148,A,27-Mar-25
5367,9,2433,A,07-Oct-25
5372,9,7199,A,03-Jan-26
5462,9,1661,A,05-Dec-25
5497,9,4822,A,11-Apr-25
5535,9,3665,A,08-Dec-25
5558,9,6245,A,22-Feb-25
5564,9,4902,A,26-Apr-25
5574,9,7681,A,14-Jan-26
5576,9,4798,A,24-Apr-25
5603,9,4971,A,22-Aug-25
5615,9,1947,A,14-Sep-25
5616,9,6753,A,25-Sep-25
5652,9,7178,A,10-Apr-25
5661,9,2265,A,01-Jan-26
5738,9,3316,A,13-Oct-25
5787,9,4863,A,20-Oct-25
5803,9,3925,A,02-Sep-25
5812,9,4966,A,09-Oct-25
5816,9,5755,A,12-May-25
5826,9,3947,A,13-Nov-25
5827,9,130,A,14-Dec-25
5842,9,1681,A,10-Sep-25
5877,9,7644,A,14-Aug-25
5894,9,1498,A,04-Jun-25
5900,9,1301,A,30-Jul-25
5912,9,4118,A,17-Sep-25
5924,9,5174,A,29-Apr-25
5954,9,5544,A,16-May-25
5961,9,4227,A,22-May-25
5980,9,1739,A,23-Sep-25
6005,9,7188,A,08-Jan-25
6063,9,2360,A,10-Nov-25
6073,9,387,A,20-Jun-25
6084,9,3122,A,20-Jul-25
6132,9,7383,A,06-Aug-25
6136,9,6539,A,26-Jan-25
6142,9,3489,A,15-Jan-25
6153,9,7737,A,30-Jul-25
6164,9,4383,A,27-Aug-25
6175,9,6785,A,26-Jun-25
6177,9,134,A,25-Feb-25
6222,9,6760,A,10-Oct-25
6228,9,693,A,01-Jan-25
6255,9,348,A,29-Dec-25
6294,9,700,A,29-Mar-25
6309,9,2588,A,01-Apr-25
6312,9,6855,A,04-Aug-25
6383,9,4310,A,11-Nov-25
6437,9,7584,A,04-Aug-25
6460,9,5771,A,14-Mar-25
6548,9,925,A,22-Dec-25
6648,9,7667,A,15-Jan-25
6652,9,2043,A,21-Jun-25
6721,9,140,A,12-Mar-25
6760,9,2223,A,18-Jul-25
6779,9,7354,A,29-May-25
6784,9,5759,A,02-Jul-25
6788,9,2587,A,12-Jan-25
6790,9,1518,A,26-Jul-25
6816,9,1627,A,27-May-25
6819,9,1746,A,13-Mar-25
6872,9,4731,A,28-Dec-25
6881,9,3306,A,19-Oct-25
6896,9,6684,A,27-Sep-25
6898,9,3019,A,18-Dec-25
6902,9,2149,A,24-Apr-25
6913,9,2711,A,18-Feb-25
6914,9,1149,A,24-Oct-25
6917,9,762,A,25-Sep-25
6958,9,5497,A,17-Aug-25
7004,9,2670,A,20-Jan-25
7036,9,3140,A,16-Dec-25
7059,9,1609,A,18-Jun-25
7068,9,1321,A,29-Jul-25
7094,9,2978,A,11-Dec-25
7137,9,1424,A,19-Apr-25
7160,9,7622,A,14-Jun-25
7201,9,1410,A,14-Sep-25
7312,9,2591,A,03-Nov-25
7323,9,6884,A,20-Apr-25
7328,9,4306,A,02-Feb-25
7338,9,1396,A,05-May-25
7356,9,3402,A,05-Oct-25
7406,9,7068,A,04-Feb-25
7409,9,279,A,11-Jun-25
7429,9,2770,A,18-Sep-25
7452,9,690,A,18-Jul-25
7473,9,6455,A,27-Jun-25
7491,9,704,A,11-Nov-25
7496,9,3670,A,12-Nov-25
7538,9,2808,A,25-Oct-25
7543,9,2191,A,10-Jan-25
7612,9,5753,A,11-Dec-25
7625,9,5854,A,03-Dec-25
7627,9,867,A,18-Aug-25
7658,9,3577,A,22-Jan-25
7683,9,3846,A,26-Aug-25
7699,9,5386,A,27-Dec-25
7706,9,5721,A,15-Nov-25
7733,9,5974,A,10-Mar-25
7774,9,7288,A,03-Aug-25
7777,9,4128,A,06-Oct-25
7788,9,4310,A,24-Mar-25
7790,9,229,A,24-Jun-25
7798,9,448,A,08-Sep-25
7857,9,285,A,14-Mar-25
7860,9,3699,A,18-Apr-25
7877,9,3481,A,07-Jan-26
7894,9,6670,A,04-Mar-25
7912,9,6121,A,15-May-25
7930,9,149,A,31-Aug-25
7961,9,3964,A,12-Jan-25
7970,9,4379,A,09-Jan-26
8011,9,1176,A,13-Apr-25
8062,9,4701,A,02-Nov-25
8068,9,6957,A,13-Mar-25
8077,9,3604,A,21-Oct-25
8081,9,3573,A,19-Feb-25
8098,9,6579,A,09-Jun-25
8116,9,7961,A,23-Sep-25
8123,9,2734,A,18-Jun-25
8156,9,7444,A,29-Aug-25
8161,9,5572,A,03-Apr-25
8204,9,6418,A,01-Jan-25
8211,9,4557,A,09-Oct-25
8274,9,2981,A,17-Nov-25
8292,9,5745,A,17-Apr-25
8320,9,6861,A,07-Oct-25
8379,9,5496,A,16-Jan-25
8392,9,5550,A,28-Jan-25
8405,9,2991,A,30-Jan-25
8433,9,4768,A,08-May-25
8488,9,335,A,11-Oct-25
8502,9,6684,A,26-Nov-25
8505,9,5057,A,02-Mar-25
8553,9,4497,A,01-Aug-25
8569,9,3676,A,27-Oct-25
8588,9,5374,A,11-Oct-25
8631,9,7525,A,16-Apr-25
8636,9,576,A,08-Mar-25
8695,9,7888,A,01-Apr-25
8697,9,3261,A,25-Mar-25
8751,9,2609,A,22-Jun-25
8809,9,6872,A,06-Aug-25
8832,9,5371,A,26-Sep-25
8836,9,249,A,05-Oct-25
8919,9,7304,A,02-Jan-26
8937,9,1893,A,10-Aug-25
8939,9,1197,A,29-Mar-25
8943,9,7572,A,29-Aug-25
8955,9,3498,A,21-Oct-25
8972,9,7544,A,27-Mar-25
8987,9,3114,A,08-May-25
8996,9,1325,A,18-Apr-25
9002,9,3685,A,01-Aug-25
9022,9,1132,A,05-Sep-25
9044,9,5088,A,25-Feb-25
9050,9,1089,A,06-Apr-25
9060,9,2988,A,09-Sep-25
9094,9,3842,A,05-Jan-26
9175,9,1604,A,20-Nov-25
9227,9,7431,A,07-Jun-25
9260,9,3535,A,10-Jul-25
9387,9,3672,A,16-Jan-26
9447,9,3098,A,12-Jan-25
9490,9,7,A,14-Jan-26
9514,9,3167,A,16-Apr-25
9535,9,337,A,05-Jul-25
9544,9,1345,A,09-Jun-25
9569,9,3540,A,09-Apr-25
9578,9,6775,A,27-Apr-25
9586,9,2242,A,26-Aug-25
9613,9,6447,A,22-Aug-25
9710,9,604,A,22-Dec-25
9714,9,7078,A,25-Jun-25
9737,9,4241,A,11-May-25
9758,9,6985,A,24-Jun-25
9773,9,6187,A,27-Sep-25
9824,9,3420,A,27-Feb-25
9834,9,6279,A,24-Jun-25
9878,9,5153,A,01-Apr-25
9921,9,1389,A,13-Jul-25
9922,9,1783,A,27-Dec-25
9933,9,1122,A,25-Jun-25
9972,9,2751,A,21-Jul-25
10030,9,5132,A,06-Mar-25
10043,9,471,A,20-May-25
10050,9,4582,A,28-Apr-25
10058,9,5829,A,11-Dec-25
10116,9,7308,A,04-Apr-25
10122,9,5956,A,07-Jul-25
10125,9,5927,A,27-Jun-25
10156,9,2167,A,18-Dec-25
10205,9,4981,A,07-Apr-25
10220,9,3906,A,07-Jun-25
10245,9,664,A,29-May-25
10248,9,7847,A,08-Nov-25
10285,9,5,A,23-Jul-25
10289,9,223,A,25-Dec-25
10302,9,4821,A,23-Apr-25
10321,9,2058,A,22-Feb-25
10343,9,7853,A,09-Jan-25
10368,9,1319,A,09-May-25
10454,9,1848,A,29-Sep-25
10476,9,6190,A,06-Jul-25
10487,9,48,A,27-Jun-25
10500,9,928,A,25-Mar-25
10631,9,2833,A,23-Oct-25
10673,9,3098,A,27-May-25
10693,9,6286,A,10-Jun-25
10699,9,6421,A,27-Aug-25
10718,9,7576,A,15-Aug-25
10724,9,7665,A,20-Aug-25
10727,9,7989,A,28-Oct-25
10736,9,7458,A,11-Dec-25
10744,9,1170,A,07-Jul-25
10790,9,3327,A,20-Nov-25
10835,9,4669,A,30-Jul-25
10855,9,364,A,12-Nov-25
10878,9,940,A,20-Sep-25
10880,9,4768,A,07-Mar-25
10890,9,7766,A,25-Feb-25
10911,9,6393,A,07-Jan-25
10919,9,5696,A,23-Feb-25
10934,9,7951,A,27-Jul-25
10968,9,1086,A,26-Jun-25
10983,9,7851,A,10-Apr-25
11041,9,5512,A,30-Nov-25
11053,9,1962,A,09-Aug-25
11063,9,4018,A,25-Mar-25
11077,9,4322,A,20-Sep-25
11095,9,478,A,10-Jan-26
11168,9,6180,A,19-Dec-25
11181,9,5803,A,07-Nov-25
11214,9,7031,A,10-May-25
11225,9,3246,A,04-Jun-25
11231,9,249,A,28-Jul-25
11248,9,7888,A,13-Jan-25
11263,9,6444,A,14-Jan-26
11286,9,5192,A,27-Jan-25
11326,9,2017,A,20-Jul-25
11330,9,4112,A,10-May-25
11347,9,5984,A,25-Nov-25
11349,9,1903,A,16-Feb-25
11356,9,2101,A,16-Jul-25
11375,9,6288,A,04-Dec-25
11381,9,2644,A,08-May-25
11409,9,7121,A,02-Apr-25
11470,9,5671,A,08-Nov-25
11479,9,2636,A,15-Jan-26
11487,9,3755,A,10-Dec-25
11524,9,4493,A,20-Feb-25
11535,9,988,A,13-Jun-25
11536,9,7108,A,19-Sep-25
11596,9,3354,A,09-Dec-25
11611,9,4742,A,03-Jun-25
11617,9,985,A,29-Jul-25
11652,9,633,A,13-Oct-25
11653,9,7161,A,25-Sep-25
11682,9,35,A,26-Oct-25
11748,9,4740,A,02-Oct-25
11804,9,6070,A,11-Jul-25
11812,9,3499,A,28-Jul-25
11820,9,6727,A,19-Feb-25
11835,9,2912,A,17-Aug-25
11906,9,6568,A,16-Mar-25
11932,9,6898,A,22-Oct-25
11955,9,2333,A,16-Nov-25
11999,9,5924,A,25-Oct-25
12050,9,6936,A,25-Aug-25
12061,9,1362,A,27-Dec-25
12084,9,47,A,09-Jul-25
12092,9,1598,A,24-Mar-25
12135,9,1315,A,07-May-25
12147,9,1807,A,17-Jan-25
12179,9,7762,A,15-Aug-25
12188,9,540,A,09-Oct-25
12217,9,6449,A,12-Mar-25
12237,9,3725,A,26-Jan-25
12255,9,508,A,06-Jun-25
12263,9,4751,A,16-May-25
12271,9,2077,A,25-Nov-25
12284,9,7270,A,25-Mar-25
12285,9,4107,A,13-Sep-25
12292,9,1242,A,02-Apr-25
12307,9,1202,A,26-Jan-25
12358,9,7183,A,18-Jan-26
12378,9,6054,A,05-Jan-25
12419,9,3927,A,21-Feb-25
12432,9,4888,A,24-Oct-25
12435,9,7994,A,21-Feb-25
12445,9,2023,A,20-Jul-25
12466,9,5836,A,18-Aug-25
12506,9,3996,A,20-May-25
12507,9,1677,A,02-Aug-25
12510,9,476,A,24-Jan-25
12549,9,7331,A,08-Jun-25
12557,9,2806,A,26-May-25
12565,9,3113,A,15-Nov-25
12585,9,77,A,15-Dec-25
12619,9,6887,A,29-Sep-25
12623,9,7571,A,02-Aug-25
12650,9,4444,A,02-Jan-25
12651,9,6452,A,11-Mar-25
12696,9,7119,A,11-Jan-25
12707,9,7966,A,03-Dec-25
12738,9,1443,A,13-Dec-25
12762,9,7441,A,25-Sep-25
12768,9,664,A,25-Feb-25
12771,9,1109,A,18-Jul-25
12778,9,1729,A,09-Apr-25
12784,9,4692,A,13-Feb-25
12810,9,7929,A,23-Nov-25
12830,9,2525,A,02-Mar-25
12854,9,5632,A,29-Dec-25
12907,9,3106,A,11-Dec-25
12915,9,2554,A,18-Dec-25
12925,9,5866,A,03-Jan-25
12953,9,434,A,30-May-25
12976,9,4945,A,13-Oct-25
12998,9,2354,A,13-May-25
13049,9,7755,A,14-Sep-25
13050,9,2578,A,31-Jul-25
13099,9,1338,A,22-Feb-25
13136,9,4552,A,21-Dec-25
13220,9,4216,A,23-May-25
13248,9,414,A,29-Jan-25
13290,9,7225,A,05-Feb-25
13293,9,7369,A,20-Mar-25
13301,9,5843,A,16-Apr-25
13304,9,1644,A,27-Apr-25
13337,9,2992,A,15-Nov-25
13353,9,6801,A,10-Jan-25
13386,9,3094,A,11-May-25
13425,9,7165,A,05-Sep-25
13443,9,3986,A,03-Mar-25
13453,9,2484,A,23-Aug-25
13505,9,6194,A,07-Aug-25
13572,9,5521,A,03-Apr-25
13596,9,1680,A,12-Dec-25
13601,9,7341,A,14-Jan-26
13677,9,3019,A,28-Jul-25
13785,9,671,A,07-Apr-25
13852,9,7024,A,23-Dec-25
13855,9,4895,A,04-May-25
13881,9,423,A,05-Sep-25
13896,9,2463,A,13-Jul-25
13905,9,3521,A,15-Feb-25
13919,9,559,A,12-Nov-25
13942,9,94,A,30-Apr-25
13943,9,6259,A,01-Feb-25
13968,9,2666,A,22-Aug-25
13972,9,5282,A,06-Jan-26
14000,9,6795,A,30-Jul-25
14006,9,408,A,29-Jan-25
14014,9,1415,A,18-May-25
14022,9,3650,A,02-Aug-25
14040,9,7619,A,04-Dec-25
14046,9,1170,A,16-Dec-25
14072,9,7227,A,03-Feb-25
14073,9,3061,A,07-Jan-26
14078,9,758,A,18-Aug-25
14092,9,6671,A,08-Feb-25
14105,9,7238,A,17-Nov-25
14109,9,3474,A,20-Nov-25
14123,9,6239,A,16-Jul-25
14171,9,6737,A,04-Oct-25
14203,9,572,A,17-Sep-25
14235,9,7068,A,30-Aug-25
14264,9,3980,A,24-Oct-25
14266,9,6732,A,12-Dec-25
14275,9,4375,A,29-Nov-25
14330,9,5289,A,06-Jun-25
14354,9,2156,A,09-Jul-25
14359,9,7468,A,15-Apr-25
14374,9,1043,A,18-Aug-25
14382,9,3424,A,13-Sep-25
14410,9,5209,A,25-Jul-25
14426,9,6925,A,01-Oct-25
14451,9,7508,A,23-Aug-25
14452,9,7459,A,27-Feb-25
14572,9,2683,A,02-Dec-25
14579,9,1728,A,05-Feb-25
14591,9,6031,A,05-Jun-25
14601,9,1485,A,26-Sep-25
14611,9,1572,A,02-May-25
14647,9,1725,A,23-Aug-25
14650,9,2799,A,12-Jul-25
14679,9,6399,A,11-May-25
14690,9,4174,A,02-Nov-25
14717,9,5624,A,26-Jun-25
14732,9,3037,A,23-Jul-25
14739,9,2713,A,09-Oct-25
14740,9,427,A,03-Apr-25
14768,9,6999,A,08-May-25
14772,9,2923,A,04-Oct-25
14807,9,7257,A,17-Sep-25
14811,9,514,A,30-Mar-25
14827,9,5984,A,18-Jan-26
14858,9,2720,A,12-Apr-25
14862,9,4956,A,13-Sep-25
14885,9,7954,A,10-Jan-25
14892,9,2418,A,31-Dec-25
14894,9,55,A,12-Sep-25
14973,9,2730,A,03-Mar-25
14992,9,3338,A,07-Jun-25
14994,9,5119,A,18-Dec-25
14997,9,909,A,15-Dec-25
15014,9,1038,A,21-Nov-25
15080,9,1004,A,25-Oct-25
15148,9,4918,A,06-Apr-25
15160,9,1448,A,18-May-25
15193,9,4147,A,20-Aug-25
15213,9,2833,A,17-Nov-25
15281,9,1473,A,19-Feb-25
15318,9,1008,A,03-Aug-25
15327,9,28,A,03-Jan-26
15393,9,6275,A,16-Jul-25
15400,9,2149,A,15-Dec-25
15441,9,4556,A,09-Mar-25
15502,9,7102,A,02-Apr-25
15506,9,2898,A,07-Jun-25
15564,9,4106,A,23-Feb-25
15568,9,6485,A,08-Jun-25
15604,9,1590,A,10-Aug-25
15647,9,7651,A,02-Jul-25
15666,9,2276,A,05-Jan-26
15723,9,7837,A,02-Jan-25
15753,9,6547,A,08-Aug-25
15759,9,5684,A,17-Nov-25
15766,9,4147,A,20-Nov-25
15784,9,3748,A,26-May-25
15817,9,209,A,01-Apr-25
15823,9,4123,A,27-Jan-25
15835,9,6422,A,02-Jan-26
15879,9,6451,A,03-Sep-25
15914,9,6461,A,09-Jun-25
15958,9,3406,A,08-May-25
15959,9,7717,A,06-Jul-25
16012,9,397,A,16-Oct-25
16036,9,6069,A,08-Jul-25
16053,9,6208,A,18-Sep-25
16072,9,7936,A,19-Aug-25
16073,9,7265,A,18-Jan-26
16108,9,7672,A,12-Aug-25
16128,9,7441,A,12-Mar-25
16171,9,7171,A,06-Jul-25
16228,9,4615,A,21-Jan-25
16242,9,4965,A,28-Sep-25
16274,9,1444,A,21-Aug-25
16318,9,2184,A,27-Sep-25
16322,9,3104,A,16-May-25
16334,9,935,A,05-Mar-25
16385,9,6160,A,11-Oct-25
16391,9,7245,A,24-Mar-25
16416,9,3219,A,13-Apr-25
16435,9,2251,A,13-May-25
16439,9,7204,A,22-Nov-25
16467,9,2709,A,03-Jan-25
16473,9,4673,A,02-May-25
16536,9,1629,A,24-Sep-25
16599,9,3236,A,04-Jan-26
16628,9,3664,A,11-Feb-25
16679,9,348,A,27-Apr-25
16703,9,6280,A,23-Nov-25
16706,9,4236,A,27-Mar-25
16728,9,2600,A,06-Dec-25
16745,9,6488,A,25-Feb-25
16750,9,3912,A,26-Oct-25
16753,9,2245,A,11-Mar-25
16755,9,4469,A,02-Jun-25
16765,9,6687,A,11-Aug-25
16784,9,3160,A,29-May-25
16804,9,3160,A,25-Jul-25
16868,9,3936,A,05-May-25
16875,9,1424,A,06-Jan-26
16879,9,782,A,17-May-25
16936,9,7570,A,10-Nov-25
16950,9,257,A,02-Aug-25
16983,9,2766,A,10-May-25
17025,9,3646,A,12-Oct-25
17060,9,3953,A,13-Feb-25
17067,9,2992,A,14-Mar-25
17219,9,7985,A,24-Jan-25
17358,9,4626,A,09-Jan-25
17416,9,1711,A,12-Apr-25
17467,9,7673,A,11-Nov-25
17485,9,6801,A,28-Nov-25
17489,9,2475,A,17-Feb-25
17529,9,4355,A,10-Jul-25
17555,9,2554,A,30-May-25
17559,9,5182,A,02-Dec-25
17615,9,4862,A,04-Apr-25
17703,9,5647,A,15-Apr-25
17712,9,7411,A,27-May-25
17752,9,4381,A,30-Mar-25
17764,9,7140,A,05-Jul-25
17792,9,973,A,02-Nov-25
17814,9,7804,A,17-Feb-25
17818,9,4902,A,03-May-25
17837,9,5283,A,01-Jan-26
17838,9,1522,A,16-Mar-25
17851,9,4148,A,29-Jun-25
17909,9,3951,A,18-Aug-25
17916,9,2320,A,19-Aug-25
17932,9,6568,A,24-Aug-25
17963,9,117,A,22-May-25
17979,9,7541,A,05-Aug-25
17981,9,374,A,02-Jan-25
18051,9,7832,A,15-May-25
18057,9,1514,A,11-Oct-25
18077,9,625,A,17-Jul-25
18119,9,3360,A,13-Dec-25
18151,9,3853,A,28-Mar-25
18175,9,1565,A,05-May-25
18197,9,2291,A,25-May-25
18200,9,127,A,22-Aug-25
18213,9,4919,A,28-May-25
18221,9,2102,A,30-Sep-25
18306,9,7832,A,28-Sep-25
18326,9,3732,A,06-Jun-25
18349,9,5316,A,15-Jan-26
18400,9,6422,A,04-Jun-25
18436,9,6411,A,02-Sep-25
18441,9,2831,A,02-Sep-25
18448,9,1799,A,15-Jan-26
18462,9,5993,A,02-Jan-26
18497,9,3013,A,01-Apr-25
18504,9,4347,A,03-Aug-25
18510,9,6116,A,09-Oct-25
18550,9,81,A,03-Dec-25
18565,9,2246,A,03-Dec-25
18601,9,1707,A,30-May-25
18606,9,5447,A,25-Feb-25
18647,9,5263,A,18-May-25
18660,9,4851,A,20-Nov-25
18668,9,862,A,24-Apr-25
18695,9,2490,A,30-Jan-25
18751,9,4034,A,16-Dec-25
18768,9,388,A,29-Jul-25
18782,9,3307,A,29-Mar-25
18792,9,5077,A,17-Jun-25
18821,9,7503,A,22-May-25
18830,9,4835,A,31-May-25
18836,9,2128,A,02-Mar-25
18843,9,2621,A,25-May-25
18855,9,2092,A,13-May-25
18888,9,6635,A,09-Dec-25
18905,9,6029,A,12-Jun-25
18908,9,978,A,04-Jul-25
18909,9,3279,A,11-Jul-25
18913,9,2069,A,04-Aug-25
18916,9,4542,A,22-May-25
18922,9,6304,A,17-Mar-25
18963,9,571,A,22-Apr-25
18967,9,3014,A,04-May-25
18993,9,1943,A,10-Jul-25
19019,9,3933,A,15-Mar-25
19034,9,4524,A,24-May-25
19062,9,2900,A,20-Jul-25
19076,9,2173,A,13-Nov-25
19111,9,975,A,03-Feb-25
19144,9,3066,A,10-Sep-25
19175,9,3538,A,30-Jan-25
19204,9,1372,A,08-Nov-25
19221,9,5681,A,28-Oct-25
19265,9,6810,A,17-Jan-25
19322,9,5905,A,06-Sep-25
19328,9,12,A,09-Aug-25
19332,9,1096,A,18-Jan-25
19345,9,6238,A,31-Jan-25
19346,9,4729,A,11-Dec-25
19350,9,2997,A,26-Jan-25
19384,9,4879,A,16-Jun-25
19393,9,890,A,02-Apr-25
19409,9,5354,A,05-Apr-25
19489,9,5592,A,31-Aug-25
19500,9,3887,A,06-Jan-25
19522,9,3592,A,01-Nov-25
19551,9,7888,A,11-Jul-25
19580,9,339,A,20-Oct-25
19588,9,3647,A,13-May-25
19651,9,2743,A,17-Mar-25
19673,9,1899,A,19-Feb-25
19680,9,2139,A,06-Apr-25
19761,9,5273,A,06-Jan-26
19812,9,102,A,26-Mar-25
19837,9,2879,A,07-Oct-25
19839,9,3783,A,19-Jan-25
19860,9,4907,A,16-Jul-25
19944,9,7394,A,13-Jun-25
19949,9,7090,A,03-Oct-25
19968,9,4530,A,22-Feb-25
3,8,4609,A,26-Jun-25
28,8,790,A,11-Aug-25
65,8,5817,A,30-Dec-25
135,8,4384,A,01-Jun-25
160,8,7683,A,21-Sep-25
174,8,664,A,21-Jan-25
240,8,4649,A,25-Nov-25
241,8,4826,A,31-Jul-25
252,8,4071,A,09-Mar-25
269,8,2111,A,30-May-25
298,8,2146,A,22-Feb-25
304,8,7393,A,05-May-25
342,8,1681,A,08-Jan-26
345,8,2708,A,05-Nov-25
347,8,922,A,10-Nov-25
354,8,1647,A,05-Sep-25
363,8,5004,A,12-Aug-25
386,8,3487,A,09-May-25
405,8,1554,A,08-Sep-25
415,8,4078,A,07-Apr-25
459,8,5723,A,20-Jun-25
472,8,4303,A,22-Aug-25
473,8,4663,A,11-Jul-25
491,8,4421,A,13-Nov-25
530,8,7606,A,18-May-25
552,8,950,A,13-Jan-25
583,8,5002,A,15-Feb-25
601,8,1130,A,16-Jul-25
639,8,1283,A,16-Jan-25
645,8,7272,A,27-May-25
649,8,1347,A,04-Jan-25
656,8,6109,A,29-Aug-25
666,8,3292,A,03-Jun-25
670,8,4854,A,25-Mar-25
685,8,5196,A,27-Jan-25
702,8,3659,A,29-Sep-25
716,8,3003,A,09-Aug-25
728,8,3543,A,17-Feb-25
779,8,2228,A,01-Apr-25
840,8,2337,A,03-Jan-26
882,8,1430,A,11-May-25
884,8,1195,A,21-Aug-25
918,8,3338,A,12-Jan-25
919,8,2399,A,04-Oct-25
940,8,6051,A,29-Mar-25
959,8,4675,A,31-Dec-25
995,8,4455,A,18-Apr-25
1015,8,6740,A,25-Nov-25
1025,8,359,A,12-Sep-25
1054,8,6174,A,16-Nov-25
1071,8,6799,A,07-Jan-25
1075,8,6338,A,28-Sep-25
1082,8,4841,A,26-Apr-25
1084,8,241,A,03-Jun-25
1125,8,281,A,17-Dec-25
1127,8,1597,A,30-Aug-25
1177,8,239,A,29-Mar-25
1196,8,6986,A,28-Dec-25
1255,8,7997,A,13-Jul-25
1293,8,400,A,03-Mar-25
1319,8,7353,A,17-Apr-25
1328,8,50,A,01-Aug-25
1388,8,91,A,23-Apr-25
1443,8,2963,A,29-Jan-25
1462,8,6653,A,31-May-25
1479,8,3277,A,12-Nov-25
1488,8,5640,A,17-Jan-25
1505,8,1987,A,18-Apr-25
1517,8,3550,A,23-Jun-25
1554,8,7640,A,22-Feb-25
1596,8,5394,A,03-Dec-25
1619,8,3716,A,29-May-25
1639,8,6383,A,06-Jan-25
1660,8,1714,A,18-Jan-26
1667,8,4397,A,12-Aug-25
1669,8,2525,A,24-Aug-25
1683,8,3701,A,20-Jun-25
1685,8,3941,A,20-May-25
1697,8,7989,A,22-Jun-25
1706,8,7525,A,23-May-25
1738,8,16,A,08-Sep-25
1740,8,5998,A,12-Jun-25
1746,8,6028,A,09-Aug-25
1756,8,1049,A,16-May-25
1765,8,970,A,31-Dec-25
1772,8,2716,A,14-Jun-25
1774,8,4387,A,24-Oct-25
1776,8,650,A,24-Dec-25
1785,8,5239,A,21-Oct-25
1789,8,1759,A,28-Sep-25
1796,8,6105,A,03-May-25
1824,8,492,A,10-Jun-25
1841,8,1081,A,17-Sep-25
1844,8,2969,A,25-Nov-25
1863,8,5484,A,18-Dec-25
1870,8,392,A,22-Feb-25
1907,8,7367,A,28-Apr-25
1908,8,5491,A,16-Mar-25
1933,8,4248,A,27-Apr-25
1935,8,2167,A,05-Jul-25
1937,8,6020,A,01-Sep-25
1942,8,2510,A,24-Feb-25
1944,8,5040,A,11-Aug-25
1958,8,4707,A,09-Mar-25
1960,8,6765,A,18-Jul-25
1962,8,6529,A,01-Apr-25
1994,8,5734,A,26-Oct-25
2002,8,2451,A,13-Nov-25
2006,8,7712,A,02-May-25
2043,8,4905,A,26-Jun-25
2061,8,4166,A,14-Jun-25
2068,8,1687,A,18-Feb-25
2071,8,5260,A,09-Oct-25
2109,8,491,A,11-Oct-25
2137,8,168,A,06-Apr-25
2308,8,3532,A,10-Mar-25
2313,8,3482,A,18-Aug-25
2315,8,2072,A,27-Sep-25
2339,8,4850,A,18-Oct-25
2347,8,4476,A,31-Jul-25
2356,8,118,A,14-Dec-25
2383,8,4338,A,05-Aug-25
2393,8,2110,A,11-Aug-25
2401,8,1878,A,23-Feb-25
2411,8,5942,A,06-Feb-25
2448,8,5570,A,12-Oct-25
2449,8,6351,A,28-Jul-25
2451,8,2477,A,03-Oct-25
2513,8,2793,A,05-Feb-25
2522,8,2881,A,13-Sep-25
2540,8,4931,A,03-Apr-25
2570,8,4816,A,21-Feb-25
2597,8,7202,A,25-Dec-25
2615,8,414,A,01-May-25
2651,8,3087,A,21-Jul-25
2655,8,4846,A,16-Jul-25
2660,8,5382,A,10-Jun-25
2721,8,7915,A,09-Oct-25
2771,8,2189,A,25-Feb-25
2821,8,3049,A,26-May-25
2837,8,2119,A,06-Sep-25
2839,8,5334,A,15-Dec-25
2846,8,1489,A,02-Oct-25
2873,8,1096,A,08-Mar-25
2935,8,3788,A,04-Jul-25
2940,8,2834,A,15-Mar-25
2958,8,7315,A,22-Apr-25
2971,8,1785,A,18-Dec-25
2988,8,7577,A,10-Mar-25
2996,8,5024,A,15-Jan-25
3033,8,368,A,05-Jun-25
3040,8,6270,A,24-Nov-25
3068,8,2572,A,17-Jan-26
3088,8,3727,A,14-May-25
3096,8,698,A,20-Sep-25
3097,8,5957,A,04-Jan-25
3108,8,3883,A,07-Jan-26
3112,8,6809,A,23-Jun-25
3123,8,2901,A,20-Feb-25
3129,8,2580,A,30-Apr-25
3150,8,7747,A,16-Jun-25
3155,8,487,A,02-May-25
3170,8,1679,A,18-Mar-25
3216,8,6310,A,20-Jun-25
3259,8,168,A,25-May-25
3269,8,4490,A,29-Jun-25
3309,8,1187,A,21-Nov-25
3421,8,4731,A,25-Mar-25
3433,8,2978,A,04-Nov-25
3453,8,3140,A,29-Nov-25
3464,8,1024,A,18-Aug-25
3549,8,2465,A,06-Dec-25
3569,8,4996,A,26-Feb-25
3574,8,7754,A,01-Oct-25
3587,8,5687,A,24-Feb-25
3644,8,7757,A,27-Jul-25
3646,8,6305,A,30-Sep-25
3664,8,4032,A,26-Jul-25
3691,8,1985,A,15-Nov-25
3731,8,2904,A,29-Oct-25
3741,8,7717,A,13-Jul-25
3751,8,5630,A,18-Oct-25
3777,8,5316,A,07-Mar-25
3778,8,2161,A,29-Apr-25
3811,8,2259,A,25-Jan-25
3822,8,4178,A,21-Jan-25
3925,8,2445,A,09-Jan-25
3956,8,4382,A,26-Mar-25
3961,8,1062,A,18-Jun-25
3979,8,5737,A,15-Dec-25
3981,8,5065,A,15-May-25
4004,8,5926,A,27-Apr-25
4087,8,2021,A,25-Feb-25
4089,8,2120,A,23-Jun-25
4127,8,1314,A,06-Apr-25
4128,8,1034,A,20-Sep-25
4151,8,1964,A,16-Apr-25
4167,8,7887,A,06-Aug-25
4172,8,2825,A,01-Sep-25
4175,8,5261,A,02-Nov-25
4177,8,4276,A,25-Jul-25
4200,8,2534,A,13-Aug-25
4301,8,5474,A,27-Apr-25
4317,8,2819,A,06-Aug-25
4372,8,1801,A,23-Sep-25
4415,8,4755,A,23-Apr-25
4444,8,5777,A,19-Jun-25
4450,8,302,A,02-Aug-25
4484,8,983,A,06-May-25
4485,8,2465,A,07-Jan-26
4493,8,1850,A,20-May-25
4517,8,5587,A,07-Aug-25
4523,8,7990,A,21-Apr-25
4535,8,5938,A,24-May-25
4595,8,3152,A,02-Jul-25
4619,8,1589,A,11-Jul-25
4637,8,3696,A,17-Apr-25
4646,8,1043,A,14-Mar-25
4652,8,1046,A,11-Nov-25
4691,8,5379,A,18-Sep-25
4693,8,127,A,04-Aug-25
4694,8,7002,A,08-Jul-25
4717,8,5126,A,22-Jul-25
4746,8,2097,A,05-Jan-25
4771,8,7462,A,15-Jun-25
4813,8,1991,A,27-Sep-25
4872,8,3992,A,28-Nov-25
4874,8,2529,A,14-Nov-25
4883,8,5619,A,08-Aug-25
4890,8,1460,A,18-Oct-25
4909,8,2589,A,30-Jun-25
4941,8,2524,A,21-Apr-25
5004,8,252,A,04-Jan-25
5019,8,1347,A,27-Jun-25
5032,8,6804,A,07-Sep-25
5046,8,2417,A,16-Jan-25
5068,8,1992,A,03-Oct-25
5072,8,7778,A,04-Aug-25
5094,8,6862,A,25-Apr-25
5103,8,7883,A,07-Mar-25
5134,8,3222,A,12-Aug-25
5175,8,7941,A,14-Jul-25
5188,8,1267,A,08-Nov-25
5202,8,7683,A,06-Sep-25
5232,8,4724,A,17-Jul-25
5238,8,1796,A,15-Apr-25
5253,8,448,A,05-Jul-25
5266,8,5724,A,13-May-25
5342,8,4537,A,01-Feb-25
5345,8,3512,A,02-Oct-25
5368,8,7943,A,04-Jan-26
5403,8,7413,A,02-Sep-25
5436,8,6223,A,09-Dec-25
5445,8,3988,A,21-Dec-25
5546,8,6992,A,23-May-25
5563,8,2762,A,27-Sep-25
5584,8,2655,A,16-Jan-26
5637,8,7889,A,21-Dec-25
5645,8,498,A,30-Nov-25
5664,8,4911,A,18-Jan-25
5673,8,7351,A,10-Jan-26
5683,8,3780,A,02-Jul-25
5690,8,5864,A,12-Aug-25
5697,8,5767,A,22-Jun-25
5711,8,3615,A,23-Sep-25
5766,8,7010,A,22-May-25
5779,8,7969,A,14-Jul-25
5786,8,7013,A,30-Apr-25
5802,8,3739,A,14-Apr-25
5808,8,3199,A,24-Aug-25
5810,8,4564,A,08-Jan-26
5888,8,7579,A,26-Oct-25
5899,8,6389,A,05-May-25
5927,8,4050,A,11-Jan-25
5945,8,5308,A,26-Feb-25
5978,8,4084,A,19-Jan-25
6001,8,5807,A,17-Jan-25
6010,8,109,A,07-Apr-25
6058,8,1456,A,16-Aug-25
6075,8,5227,A,10-Jan-25
6079,8,5501,A,18-Jan-26
6083,8,3422,A,23-Nov-25
6089,8,1363,A,21-Mar-25
6113,8,4347,A,26-Sep-25
6128,8,4030,A,20-Jan-25
6137,8,3033,A,03-May-25
6167,8,87,A,12-Jan-26
6176,8,1082,A,02-Dec-25
6182,8,7307,A,19-Jul-25
6236,8,1223,A,06-Mar-25
6259,8,2853,A,14-Feb-25
6262,8,6608,A,07-Jun-25
6270,8,2336,A,17-Jan-25
6282,8,3679,A,31-Dec-25
6304,8,2296,A,30-Jul-25
6346,8,578,A,17-Jun-25
6351,8,2505,A,03-Mar-25
6376,8,1636,A,13-Aug-25
6388,8,4927,A,12-Mar-25
6400,8,3031,A,30-Nov-25
6444,8,342,A,11-Sep-25
6482,8,7657,A,05-Oct-25
6524,8,4826,A,15-Dec-25
6527,8,6447,A,18-Jan-26
6655,8,3330,A,09-Jan-26
6663,8,5582,A,08-Sep-25
6761,8,6953,A,01-Apr-25
6777,8,98,A,26-Nov-25
6795,8,4269,A,28-Mar-25
6839,8,5483,A,05-Oct-25
6859,8,668,A,04-May-25
6950,8,3433,A,02-Oct-25
6955,8,6846,A,27-Jan-25
6959,8,2315,A,04-Jun-25
6964,8,7318,A,16-Jun-25
6979,8,3909,A,24-Dec-25
7080,8,3225,A,07-Nov-25
7100,8,136,A,18-Oct-25
7107,8,6373,A,11-Dec-25
7131,8,3476,A,18-Jan-26
7207,8,3907,A,09-Dec-25
7257,8,903,A,31-May-25
7342,8,1646,A,15-Mar-25
7350,8,5085,A,27-Oct-25
7369,8,1829,A,20-Jun-25
7374,8,1933,A,01-Jan-25
7444,8,6285,A,13-Jan-25
7471,8,2403,A,18-May-25
7522,8,4166,A,18-May-25
7533,8,2633,A,24-Feb-25
7576,8,982,A,12-Sep-25
7586,8,5936,A,25-Aug-25
7655,8,5669,A,18-Oct-25
7676,8,7469,A,26-Nov-25
7709,8,5994,A,05-Apr-25
7741,8,3926,A,04-Aug-25
7761,8,2741,A,30-Oct-25
7763,8,6133,A,13-Dec-25
7768,8,7461,A,17-Jan-25
7799,8,5634,A,11-Feb-25
7811,8,2365,A,02-Jul-25
7885,8,808,A,23-Jun-25
7907,8,5657,A,03-Nov-25
7913,8,4766,A,29-Apr-25
7936,8,2440,A,08-Sep-25
7950,8,4864,A,24-Dec-25
7962,8,6877,A,17-Jul-25
7972,8,2434,A,03-Jan-25
8018,8,2173,A,23-Jan-25
8027,8,2883,A,30-Jan-25
8040,8,3546,A,16-Aug-25
8141,8,5781,A,29-Jun-25
8254,8,2447,A,20-Jun-25
8273,8,5281,A,16-Mar-25
8289,8,7238,A,20-Aug-25
8297,8,960,A,18-Mar-25
8309,8,1313,A,16-Oct-25
8339,8,6057,A,02-Dec-25
8347,8,3304,A,22-Nov-25
8355,8,6816,A,05-Dec-25
8362,8,5272,A,13-Aug-25
8365,8,7039,A,05-Oct-25
8420,8,4916,A,22-May-25
8424,8,6547,A,11-May-25
8435,8,1134,A,04-Jun-25
8496,8,2250,A,15-Oct-25
8512,8,7272,A,19-Aug-25
8529,8,1054,A,20-Dec-25
8591,8,5690,A,14-May-25
8597,8,1936,A,09-Mar-25
8600,8,2768,A,03-Dec-25
8610,8,2618,A,23-Nov-25
8629,8,318,A,29-Mar-25
8641,8,1459,A,21-Aug-25
8644,8,3730,A,29-Jul-25
8649,8,238,A,18-Jan-26
8650,8,4956,A,13-Oct-25
8657,8,2457,A,25-Nov-25
8686,8,4281,A,05-Nov-25
8718,8,673,A,24-May-25
8719,8,7435,A,10-Jan-25
8749,8,3443,A,18-Dec-25
8754,8,3211,A,28-Oct-25
8786,8,4370,A,07-Feb-25
8788,8,2014,A,23-Apr-25
8861,8,2856,A,30-Dec-25
8866,8,7442,A,11-Sep-25
8874,8,4338,A,09-Dec-25
8899,8,6907,A,21-Mar-25
8902,8,5389,A,12-Sep-25
8903,8,5803,A,15-Mar-25
8904,8,6960,A,11-Dec-25
8916,8,2549,A,05-Jan-25
8949,8,3032,A,09-Feb-25
9015,8,1273,A,07-Nov-25
9194,8,804,A,20-Nov-25
9219,8,6960,A,19-Aug-25
9238,8,2599,A,15-Jan-25
9272,8,1517,A,30-Apr-25
9281,8,2956,A,18-Jan-25
9302,8,7484,A,02-Jun-25
9303,8,5105,A,28-May-25
9337,8,3982,A,19-Aug-25
9383,8,2998,A,13-Aug-25
9384,8,1011,A,25-Dec-25
9396,8,6737,A,20-Apr-25
9430,8,5463,A,04-Dec-25
9471,8,4050,A,09-Nov-25
9482,8,5694,A,13-Sep-25
9494,8,3118,A,24-Nov-25
9522,8,1016,A,27-May-25
9539,8,2034,A,05-Dec-25
9562,8,3917,A,13-Jun-25
9598,8,1275,A,06-Jun-25
9606,8,6076,A,22-Apr-25
9623,8,2512,A,25-Mar-25
9634,8,4213,A,01-Dec-25
9675,8,1701,A,10-Aug-25
9743,8,2714,A,22-Jun-25
9760,8,6306,A,13-Feb-25
9821,8,3077,A,12-Nov-25
9830,8,3328,A,16-May-25
9854,8,1295,A,08-Nov-25
9863,8,1523,A,31-Aug-25
9883,8,6328,A,03-Jan-25
9906,8,2286,A,18-Mar-25
9950,8,3178,A,15-Feb-25
10005,8,3802,A,01-Jun-25
10060,8,527,A,10-Dec-25
10090,8,2880,A,25-Jun-25
10091,8,4956,A,28-Aug-25
10100,8,6045,A,06-Feb-25
10105,8,5150,A,17-Oct-25
10129,8,1781,A,02-Jan-25
10178,8,537,A,11-Jul-25
10183,8,1795,A,22-Feb-25
10200,8,5041,A,12-Aug-25
10224,8,2397,A,09-Nov-25
10255,8,234,A,09-Apr-25
10269,8,1514,A,19-Jan-25
10292,8,2559,A,13-Aug-25
10299,8,1220,A,08-May-25
10318,8,6445,A,01-Aug-25
10357,8,3422,A,11-Jan-25
10359,8,3151,A,10-Oct-25
10362,8,4655,A,30-Mar-25
10363,8,4424,A,17-Jan-26
10385,8,7108,A,16-Aug-25
10417,8,7381,A,06-Apr-25
10431,8,805,A,09-Sep-25
10450,8,6109,A,21-Jun-25
10477,8,3013,A,26-Jan-25
10499,8,89,A,02-May-25
10502,8,3289,A,31-Jan-25
10529,8,132,A,25-May-25
10537,8,2311,A,29-Jan-25
10559,8,3161,A,21-Jul-25
10563,8,3090,A,17-Feb-25
10571,8,5990,A,04-Oct-25
10575,8,3553,A,07-Jan-26
10620,8,2045,A,17-Feb-25
10745,8,1802,A,27-Sep-25
10772,8,5023,A,08-May-25
10775,8,5504,A,07-Oct-25
10783,8,2369,A,20-Jun-25
10799,8,6959,A,12-Nov-25
10884,8,3997,A,27-Jul-25
10963,8,1926,A,17-Apr-25
10964,8,6623,A,09-Nov-25
11125,8,3206,A,11-Jul-25
11210,8,6504,A,27-May-25
11222,8,2999,A,20-Oct-25
11281,8,417,A,02-Nov-25
11298,8,6618,A,20-Jun-25
11335,8,4107,A,17-Jul-25
11338,8,4867,A,06-Oct-25
11410,8,5349,A,18-Oct-25
11419,8,2012,A,28-Jan-25
11438,8,1192,A,03-Aug-25
11448,8,208,A,06-Jun-25
11466,8,2758,A,24-Jul-25
11476,8,3040,A,15-Jul-25
11496,8,3240,A,12-Sep-25
11512,8,1115,A,24-Oct-25
11544,8,2570,A,02-Dec-25
11574,8,2496,A,24-Jan-25
11578,8,4254,A,15-Jun-25
11645,8,1205,A,18-Sep-25
11661,8,6878,A,18-Mar-25
11668,8,141,A,07-Apr-25
11678,8,7054,A,23-Jan-25
11740,8,5823,A,12-Aug-25
11774,8,7332,A,08-Jun-25
11818,8,2683,A,09-Aug-25
11846,8,7022,A,23-Jan-25
11869,8,1977,A,05-Sep-25
11907,8,4875,A,08-Jan-26
11913,8,5838,A,17-Apr-25
11917,8,5096,A,24-Mar-25
11938,8,1492,A,03-Sep-25
11943,8,4700,A,08-Feb-25
12004,8,3692,A,10-Sep-25
12118,8,536,A,16-Mar-25
12120,8,648,A,09-Dec-25
12214,8,4907,A,25-Apr-25
12220,8,268,A,13-Oct-25
12247,8,3956,A,25-Mar-25
12261,8,145,A,01-Dec-25
12296,8,6313,A,18-Sep-25
12337,8,1238,A,02-Aug-25
12376,8,5374,A,19-Aug-25
12389,8,410,A,26-Jun-25
12398,8,1302,A,02-Jun-25
12458,8,4201,A,19-Oct-25
12463,8,7140,A,27-Oct-25
12514,8,3192,A,10-Aug-25
12535,8,1835,A,28-May-25
12547,8,6920,A,26-Aug-25
12580,8,2160,A,05-Feb-25
12591,8,3005,A,23-Apr-25
12620,8,1883,A,14-Mar-25
12641,8,11,A,07-May-25
12666,8,6539,A,06-Dec-25
12680,8,4692,A,13-Feb-25
12695,8,5811,A,26-May-25
12712,8,7570,A,12-Jan-26
12773,8,618,A,07-May-25
12781,8,4204,A,11-Jan-25
12794,8,6811,A,19-Mar-25
12804,8,6502,A,27-Feb-25
12851,8,1789,A,14-Sep-25
12852,8,3771,A,22-May-25
12881,8,2902,A,03-Jan-25
12932,8,7176,A,29-Mar-25
12934,8,1901,A,06-Aug-25
12941,8,3355,A,23-Aug-25
12955,8,5388,A,17-Sep-25
12967,8,1881,A,27-Jan-25
12968,8,2840,A,16-Jul-25
12983,8,3641,A,11-Sep-25
13028,8,2918,A,25-Sep-25
13051,8,2422,A,19-Mar-25
13079,8,5508,A,14-Aug-25
13102,8,672,A,16-Jun-25
13132,8,1874,A,24-Apr-25
13146,8,717,A,08-Feb-25
13150,8,6654,A,21-Dec-25
13160,8,4938,A,10-Sep-25
13172,8,3413,A,22-Apr-25
13193,8,2395,A,14-May-25
13202,8,6505,A,29-Sep-25
13207,8,4338,A,23-Feb-25
13267,8,1104,A,30-Jun-25
13295,8,1074,A,08-Aug-25
13300,8,6881,A,26-Oct-25
13332,8,299,A,28-Oct-25
13339,8,2685,A,28-Jan-25
13352,8,6390,A,10-Dec-25
13366,8,2715,A,15-Nov-25
13389,8,3331,A,11-Dec-25
13427,8,5265,A,08-Dec-25
13454,8,3998,A,29-Jan-25
13458,8,6770,A,02-Apr-25
13460,8,133,A,13-Oct-25
13474,8,5189,A,30-Jun-25
13502,8,1994,A,02-May-25
13525,8,4041,A,03-Feb-25
13538,8,1331,A,04-Mar-25
13552,8,2412,A,12-Jan-25
13570,8,481,A,09-May-25
13574,8,6218,A,14-May-25
13618,8,5096,A,04-Oct-25
13642,8,2520,A,27-May-25
13647,8,5513,A,24-Mar-25
13661,8,7704,A,06-Apr-25
13666,8,7493,A,17-Jan-26
13669,8,1229,A,02-Dec-25
13718,8,6255,A,24-Mar-25
13723,8,3093,A,23-Apr-25
13744,8,4099,A,12-Feb-25
13754,8,3280,A,04-May-25
13815,8,3956,A,16-Aug-25
13826,8,487,A,30-Jul-25
13908,8,4967,A,02-Jan-25
14026,8,6354,A,03-Jul-25
14032,8,6649,A,19-Jul-25
14049,8,7413,A,08-Aug-25
14063,8,6944,A,08-Apr-25
14091,8,618,A,21-Aug-25
14136,8,7282,A,12-Jul-25
14147,8,6263,A,31-Aug-25
14202,8,7648,A,08-Mar-25
14210,8,1976,A,30-Sep-25
14211,8,1009,A,11-Dec-25
14213,8,4202,A,25-Aug-25
14248,8,2757,A,14-Aug-25
14295,8,6557,A,23-Sep-25
14301,8,5305,A,18-Jan-26
14306,8,458,A,12-Jun-25
14313,8,461,A,26-Oct-25
14337,8,636,A,16-Jul-25
14378,8,6317,A,06-Feb-25
14380,8,357,A,25-Dec-25
14425,8,791,A,16-Jun-25
14429,8,2589,A,02-Mar-25
14458,8,3531,A,12-May-25
14459,8,1083,A,05-Oct-25
14462,8,4379,A,27-Dec-25
14473,8,7190,A,08-Dec-25
14495,8,868,A,04-Aug-25
14509,8,3016,A,26-Nov-25
14535,8,628,A,24-Jan-25
14549,8,38,A,29-Aug-25
14563,8,1060,A,26-Jun-25
14565,8,2921,A,09-Apr-25
14566,8,7392,A,21-Apr-25
14585,8,1503,A,13-Feb-25
14592,8,4430,A,27-May-25
14604,8,5244,A,05-Oct-25
14634,8,549,A,15-Jun-25
14702,8,6883,A,27-Mar-25
14711,8,2850,A,05-Dec-25
14763,8,4786,A,22-Oct-25
14770,8,7315,A,22-Dec-25
14771,8,1967,A,22-Sep-25
14777,8,4397,A,21-Oct-25
14816,8,5634,A,03-May-25
14824,8,4741,A,20-Sep-25
14825,8,729,A,08-Jan-26
14840,8,5537,A,16-Sep-25
14841,8,7970,A,07-Jul-25
14868,8,4586,A,27-Mar-25
14875,8,1285,A,03-Mar-25
14930,8,4134,A,02-May-25
14986,8,3963,A,11-Jun-25
14988,8,871,A,30-May-25
14991,8,117,A,16-Feb-25
15008,8,4453,A,08-Jan-25
15021,8,6036,A,17-Jul-25
15032,8,5047,A,30-Oct-25
15075,8,6194,A,08-Jan-26
15206,8,195,A,18-Dec-25
15225,8,2138,A,09-Jan-26
15233,8,687,A,31-Aug-25
15258,8,1394,A,30-Jun-25
15289,8,7427,A,26-Nov-25
15306,8,2381,A,29-Jan-25
15326,8,6105,A,25-Oct-25
15352,8,5343,A,27-Nov-25
15356,8,3224,A,01-Oct-25
15361,8,7926,A,23-Oct-25
15382,8,4095,A,18-Mar-25
15464,8,3199,A,25-Mar-25
15481,8,2916,A,13-Apr-25
15488,8,3236,A,22-Jun-25
15538,8,3890,A,19-Dec-25
15555,8,3798,A,04-Mar-25
15559,8,395,A,20-Sep-25
15572,8,7371,A,26-Sep-25
15594,8,3940,A,09-Jul-25
15602,8,2116,A,08-Mar-25
15681,8,6362,A,14-Feb-25
15697,8,2687,A,28-Sep-25
15755,8,7767,A,02-Jul-25
15807,8,1709,A,05-May-25
15850,8,3760,A,23-Sep-25
15873,8,4308,A,12-Mar-25
15905,8,5848,A,09-Aug-25
15917,8,1746,A,20-Jan-25
15922,8,751,A,02-Jul-25
15983,8,6264,A,12-Nov-25
16001,8,7141,A,18-Jan-26
16016,8,3015,A,02-Jan-26
16130,8,6098,A,21-Feb-25
16133,8,4449,A,13-Jan-25
16145,8,3453,A,12-Jun-25
16157,8,4377,A,17-Mar-25
16179,8,3563,A,09-Aug-25
16226,8,4904,A,02-Feb-25
16236,8,5362,A,13-May-25
16286,8,4860,A,26-Jan-25
16333,8,6014,A,16-Aug-25
16369,8,1777,A,20-May-25
16397,8,1715,A,06-Jun-25
16407,8,1542,A,23-Feb-25
16414,8,6666,A,09-Feb-25
16424,8,3095,A,23-Feb-25
16477,8,3179,A,02-Apr-25
16562,8,410,A,07-Jun-25
16624,8,7752,A,24-Sep-25
16651,8,6797,A,01-Apr-25
16742,8,3485,A,19-Nov-25
16792,8,5558,A,07-Jan-25
16799,8,1458,A,10-Oct-25
16808,8,3017,A,20-Dec-25
16817,8,1737,A,06-Jun-25
16865,8,6422,A,30-Mar-25
16901,8,6834,A,10-Sep-25
16917,8,2576,A,08-Aug-25
16918,8,23,A,20-Jan-25
16937,8,5176,A,02-Apr-25
16960,8,7520,A,10-Jan-26
16964,8,4379,A,16-Nov-25
16974,8,7805,A,15-Feb-25
17019,8,786,A,26-Apr-25
17020,8,180,A,08-Dec-25
17034,8,1134,A,25-Feb-25
17081,8,5202,A,21-Aug-25
17120,8,795,A,09-May-25
17132,8,3096,A,06-Dec-25
17143,8,7853,A,05-Jan-26
17148,8,5155,A,21-Jan-25
17168,8,5090,A,31-Aug-25
17186,8,3020,A,22-Nov-25
17222,8,1554,A,27-Jun-25
17231,8,7252,A,23-Aug-25
17288,8,4400,A,29-Sep-25
17305,8,3149,A,23-Dec-25
17329,8,1192,A,29-Jun-25
17341,8,3135,A,20-Feb-25
17353,8,7650,A,01-Apr-25
17371,8,6620,A,27-Nov-25
17385,8,5564,A,19-Mar-25
17391,8,1737,A,06-Jan-25
17396,8,6973,A,05-May-25
17425,8,1352,A,15-Feb-25
17443,8,459,A,16-Oct-25
17469,8,3356,A,02-Jul-25
17524,8,5624,A,15-Jun-25
17564,8,5383,A,10-Jan-26
17570,8,6450,A,14-Jul-25
17591,8,4139,A,26-Nov-25
17631,8,5124,A,20-Sep-25
17675,8,5590,A,03-Dec-25
17735,8,791,A,03-Dec-25
17742,8,3712,A,24-Jun-25
17754,8,2215,A,14-Jun-25
17769,8,3546,A,09-Oct-25
17796,8,7889,A,21-Oct-25
17832,8,5439,A,24-Jun-25
17860,8,5507,A,19-May-25
17930,8,5209,A,13-Oct-25
17945,8,5174,A,07-Dec-25
17958,8,6481,A,18-Jul-25
17984,8,6522,A,07-Feb-25
17987,8,3967,A,17-Mar-25
18019,8,722,A,22-Oct-25
18026,8,7302,A,01-Dec-25
18063,8,4641,A,13-Jul-25
18068,8,6931,A,01-Jun-25
18100,8,3581,A,24-Mar-25
18112,8,6799,A,04-Dec-25
18153,8,2396,A,10-Dec-25
18188,8,7176,A,16-Apr-25
18189,8,3559,A,09-Apr-25
18227,8,3111,A,01-May-25
18325,8,6333,A,22-Dec-25
18350,8,7845,A,19-Jan-25
18367,8,4772,A,05-Apr-25
18406,8,741,A,07-Jun-25
18409,8,2400,A,30-Oct-25
18420,8,6686,A,03-May-25
18424,8,7993,A,14-Aug-25
18432,8,4788,A,14-Apr-25
18434,8,4027,A,26-Dec-25
18512,8,4200,A,30-May-25
18515,8,7714,A,14-Jan-26
18521,8,5422,A,14-Mar-25
18581,8,7257,A,03-Dec-25
18613,8,5667,A,26-Dec-25
18700,8,3912,A,09-May-25
18765,8,87,A,24-Dec-25
18787,8,4055,A,19-Sep-25
18800,8,6239,A,11-Oct-25
18817,8,5003,A,01-Oct-25
18828,8,666,A,14-Nov-25
18850,8,3640,A,14-May-25
18919,8,7400,A,16-Jan-26
18921,8,4508,A,27-May-25
18925,8,865,A,30-Oct-25
18944,8,3925,A,19-Feb-25
18959,8,7489,A,21-Apr-25
18982,8,7284,A,14-Mar-25
18998,8,879,A,12-Apr-25
19021,8,1325,A,08-Sep-25
19040,8,492,A,14-Aug-25
19048,8,5017,A,07-Nov-25
19093,8,7370,A,08-May-25
19097,8,1114,A,19-Jul-25
19187,8,3923,A,03-Oct-25
19236,8,4699,A,28-Jun-25
19247,8,3763,A,14-Dec-25
19269,8,2673,A,22-May-25
19370,8,7940,A,28-Dec-25
19413,8,6359,A,12-Dec-25
19418,8,4473,A,10-Jun-25
19430,8,1893,A,02-Aug-25
19468,8,766,A,04-Feb-25
19480,8,241,A,26-Jul-25
19497,8,3787,A,26-Feb-25
19506,8,1853,A,23-Sep-25
19518,8,1158,A,31-Aug-25
19554,8,4791,A,22-May-25
19616,8,5183,A,21-Jan-25
19626,8,1523,A,14-Sep-25
19646,8,1631,A,04-Nov-25
19654,8,4704,A,28-Oct-25
19722,8,4587,A,07-Sep-25
19723,8,7301,A,24-Jun-25
19745,8,7860,A,23-Apr-25
19764,8,1131,A,15-May-25
19772,8,4565,A,24-May-25
19889,8,3569,A,01-Nov-25
19908,8,6381,A,09-Dec-25
19914,8,6611,A,24-Jul-25
19930,8,934,A,27-Aug-25
19931,8,6983,A,10-Sep-25
19958,8,7697,A,29-Aug-25
19963,8,2500,A,26-Apr-25
19967,8,1031,A,12-May-25
7,3,6668,A,06-Dec-25
13,3,7345,A,24-Aug-25
42,3,5635,A,27-Jun-25
81,3,705,A,18-Sep-25
100,3,6223,A,07-Mar-25
101,3,6096,A,13-Jan-25
113,3,7648,A,31-May-25
119,3,1066,A,29-Dec-25
127,3,3610,A,23-Oct-25
128,3,1950,A,29-May-25
155,3,1071,A,25-Oct-25
191,3,203,A,04-Dec-25
229,3,5690,A,29-May-25
236,3,7954,A,12-Apr-25
245,3,1925,A,13-Jul-25
281,3,977,A,17-Jun-25
286,3,4182,A,16-Apr-25
303,3,5562,A,09-Oct-25
401,3,3123,A,09-Jul-25
406,3,776,A,08-Sep-25
408,3,6903,A,25-Nov-25
412,3,1314,A,21-Feb-25
468,3,7988,A,07-Dec-25
498,3,7738,A,19-Jan-25
580,3,5989,A,18-May-25
596,3,1848,A,19-May-25
609,3,4533,A,26-Jan-25
623,3,7009,A,17-Dec-25
630,3,4698,A,19-Nov-25
658,3,7124,A,14-Jan-25
660,3,362,A,09-Mar-25
710,3,3637,A,04-Jul-25
769,3,7962,A,11-Aug-25
782,3,2391,A,28-Apr-25
784,3,2658,A,10-Jan-25
786,3,6700,A,15-Dec-25
814,3,2197,A,31-Aug-25
826,3,3544,A,28-Feb-25
830,3,5146,A,19-Apr-25
842,3,5611,A,11-Mar-25
858,3,625,A,04-Jan-25
869,3,4257,A,13-Mar-25
874,3,7173,A,09-Nov-25
908,3,6108,A,13-Jan-26
913,3,4849,A,25-Apr-25
928,3,5341,A,12-May-25
949,3,293,A,13-Oct-25
969,3,1397,A,29-Dec-25
983,3,4568,A,28-Jan-25
1029,3,3741,A,24-Sep-25
1044,3,2684,A,31-Jan-25
1062,3,1016,A,14-Apr-25
1103,3,249,A,20-Aug-25
1136,3,1590,A,10-Jan-25
1147,3,4819,A,12-Feb-25
1152,3,4104,A,03-Jan-25
1169,3,1947,A,23-Mar-25
1225,3,7054,A,18-Jun-25
1237,3,451,A,15-Oct-25
1242,3,6938,A,12-Sep-25
1270,3,6058,A,10-Nov-25
1273,3,3129,A,09-Apr-25
1278,3,6429,A,05-Jun-25
1311,3,1375,A,13-Sep-25
1314,3,5867,A,08-Mar-25
1367,3,5256,A,09-Mar-25
1375,3,6949,A,03-Apr-25
1379,3,3150,A,03-Aug-25
1385,3,4235,A,04-Aug-25
1394,3,2156,A,26-Mar-25
1412,3,2744,A,20-Sep-25
1441,3,797,A,03-May-25
1468,3,6180,A,21-Dec-25
1469,3,6899,A,16-Jan-25
1470,3,2184,A,30-Aug-25
1487,3,6192,A,03-Jun-25
1540,3,6421,A,21-Nov-25
1584,3,3443,A,16-Jul-25
1586,3,6228,A,21-May-25
1605,3,5126,A,05-Aug-25
1623,3,6637,A,25-Apr-25
1650,3,314,A,11-Jun-25
1662,3,2152,A,22-Apr-25
1694,3,3228,A,16-Jul-25
1754,3,5533,A,05-Oct-25
1793,3,2508,A,22-May-25
1809,3,5021,A,29-Nov-25
1815,3,2545,A,09-Oct-25
1825,3,5165,A,04-Nov-25
1826,3,3113,A,31-Dec-25
1851,3,1242,A,24-Jun-25
1852,3,1174,A,29-Sep-25
1860,3,3471,A,30-May-25
1861,3,6588,A,10-May-25
1865,3,7259,A,24-Sep-25
1911,3,2327,A,17-Feb-25
1925,3,755,A,07-Jun-25
1929,3,4572,A,13-Feb-25
2052,3,3324,A,07-Oct-25
2094,3,4462,A,25-Nov-25
2102,3,3733,A,14-Jul-25
2209,3,7136,A,25-Apr-25
2240,3,4631,A,18-Dec-25
2323,3,4974,A,16-Feb-25
2341,3,3678,A,08-Jun-25
2409,3,4748,A,15-Nov-25
2413,3,23,A,19-May-25
2534,3,1800,A,10-Dec-25
2584,3,7047,A,05-Apr-25
2592,3,2466,A,21-Feb-25
2618,3,6017,A,27-Nov-25
2627,3,1676,A,19-Mar-25
2678,3,4347,A,03-Mar-25
2694,3,5674,A,15-Aug-25
2756,3,6227,A,29-Jul-25
2785,3,7002,A,23-Feb-25
2841,3,4843,A,25-Jun-25
2868,3,387,A,17-Feb-25
2885,3,3233,A,08-Jan-25
2888,3,4556,A,02-Jul-25
2933,3,7605,A,08-Dec-25
2938,3,3174,A,09-Apr-25
2953,3,2607,A,04-Dec-25
3109,3,2949,A,22-Mar-25
3120,3,118,A,23-May-25
3149,3,5744,A,27-Sep-25
3174,3,5554,A,06-Aug-25
3187,3,1541,A,19-Jun-25
3261,3,324,A,06-Mar-25
3291,3,4979,A,07-Jan-26
3293,3,3441,A,22-Oct-25
3294,3,2223,A,13-Mar-25
3305,3,7301,A,19-Jul-25
3312,3,501,A,21-Aug-25
3321,3,1420,A,23-Sep-25
3334,3,6548,A,10-Jul-25
3406,3,5627,A,23-Jan-25
3417,3,4654,A,02-Aug-25
3460,3,1017,A,06-May-25
3494,3,6190,A,02-Jan-25
3629,3,7016,A,29-May-25
3683,3,3660,A,02-Nov-25
3698,3,288,A,19-Jul-25
3707,3,2637,A,22-May-25
3717,3,3930,A,05-Jul-25
3737,3,7086,A,21-Mar-25
3807,3,2954,A,21-May-25
3872,3,2791,A,03-Jan-26
3884,3,4788,A,21-Aug-25
3901,3,3705,A,04-Apr-25
3939,3,1475,A,16-Feb-25
3969,3,2612,A,12-Oct-25
3971,3,5057,A,11-Jan-25
3987,3,3214,A,04-Jun-25
3997,3,1334,A,21-Aug-25
4098,3,7661,A,15-Jul-25
4109,3,1795,A,17-Oct-25
4125,3,1149,A,19-Jan-25
4134,3,5205,A,17-Jan-26
4135,3,805,A,10-Nov-25
4206,3,7808,A,14-Jan-26
4216,3,7647,A,08-Oct-25
4219,3,6225,A,03-Sep-25
4275,3,6496,A,29-Jun-25
4307,3,908,A,29-Sep-25
4314,3,7143,A,15-May-25
4336,3,268,A,06-Jan-26
4437,3,1539,A,24-Jan-25
4443,3,3511,A,07-Jan-25
4491,3,3820,A,29-Jun-25
4499,3,7755,A,08-Nov-25
4513,3,7283,A,24-Apr-25
4520,3,6100,A,23-Dec-25
4528,3,3226,A,28-Jun-25
4549,3,7015,A,22-Nov-25
4550,3,33,A,09-Aug-25
4562,3,1778,A,28-Jul-25
4581,3,2001,A,30-Nov-25
4615,3,4266,A,22-Oct-25
4635,3,4230,A,18-Apr-25
4665,3,6182,A,11-Dec-25
4735,3,5017,A,19-Apr-25
4740,3,3216,A,10-Jul-25
4744,3,1303,A,18-Jan-25
4787,3,4403,A,18-Jul-25
4820,3,7217,A,11-Jul-25
4826,3,6968,A,27-Jul-25
4849,3,3829,A,28-Apr-25
4886,3,1814,A,25-Apr-25
4918,3,3390,A,15-Apr-25
4940,3,2149,A,04-May-25
4960,3,4742,A,19-Feb-25
4962,3,28,A,06-Dec-25
4965,3,410,A,16-Mar-25
4969,3,4901,A,30-Mar-25
4973,3,2560,A,04-Oct-25
5003,3,4374,A,13-Sep-25
5065,3,577,A,24-Jan-25
5117,3,712,A,22-May-25
5167,3,7405,A,04-Apr-25
5185,3,4368,A,29-Nov-25
5190,3,5691,A,05-Sep-25
5199,3,2538,A,14-Apr-25
5256,3,4465,A,14-Jul-25
5343,3,6021,A,05-Apr-25
5374,3,1151,A,23-Jul-25
5378,3,1816,A,06-Jul-25
5395,3,4268,A,23-Oct-25
5410,3,1918,A,26-Sep-25
5440,3,1833,A,10-Feb-25
5446,3,81,A,05-Feb-25
5502,3,2096,A,08-Jul-25
5554,3,4444,A,17-Apr-25
5600,3,7281,A,06-Jul-25
5642,3,3267,A,06-May-25
5653,3,598,A,25-Apr-25
5663,3,6015,A,02-Dec-25
5729,3,4590,A,24-Mar-25
5740,3,1737,A,30-May-25
5744,3,7675,A,16-Jan-26
5751,3,2606,A,07-Nov-25
5798,3,6638,A,14-Aug-25
5806,3,4022,A,07-Nov-25
5822,3,1654,A,04-May-25
5840,3,2670,A,16-Jan-26
5863,3,5826,A,25-Dec-25
5889,3,1224,A,31-Aug-25
5926,3,5885,A,14-Nov-25
5967,3,6019,A,04-Mar-25
5973,3,4124,A,05-Sep-25
5979,3,3363,A,20-Jan-25
5985,3,5207,A,25-Feb-25
5990,3,3121,A,22-Aug-25
6012,3,7084,A,05-Jan-25
6082,3,1773,A,19-May-25
6087,3,6786,A,08-Dec-25
6133,3,162,A,22-Jun-25
6188,3,609,A,29-Nov-25
6199,3,7053,A,31-May-25
6210,3,1227,A,14-Jul-25
6314,3,7226,A,08-Aug-25
6332,3,1568,A,07-Dec-25
6397,3,4055,A,09-Apr-25
6411,3,2938,A,15-Nov-25
6436,3,7519,A,07-Jan-25
6450,3,1813,A,01-Mar-25
6453,3,4874,A,10-Jun-25
6485,3,1712,A,30-Jun-25
6518,3,356,A,08-Nov-25
6519,3,5803,A,25-May-25
6523,3,6969,A,18-Jun-25
6556,3,7181,A,12-Mar-25
6588,3,3445,A,05-Aug-25
6628,3,1153,A,29-Apr-25
6632,3,7614,A,07-Sep-25
6706,3,4154,A,10-Jul-25
6707,3,7984,A,25-Jul-25
6710,3,3754,A,31-Jul-25
6715,3,5804,A,26-Oct-25
6723,3,1603,A,13-May-25
6750,3,1388,A,19-Aug-25
6775,3,6240,A,05-Oct-25
6803,3,5289,A,27-Jan-25
6805,3,3234,A,07-Jan-26
6806,3,4972,A,20-Jul-25
6842,3,1950,A,10-Sep-25
6844,3,7268,A,03-Jul-25
6856,3,7241,A,04-Feb-25
6863,3,4703,A,27-Nov-25
6929,3,1365,A,21-Jun-25
6938,3,3151,A,23-Oct-25
6952,3,5877,A,31-Aug-25
6968,3,6381,A,10-May-25
7114,3,5566,A,08-Aug-25
7126,3,6734,A,07-Jan-25
7151,3,2572,A,15-Sep-25
7155,3,2395,A,22-Sep-25
7161,3,1714,A,21-Jun-25
7193,3,4452,A,06-Aug-25
7210,3,2180,A,22-Jul-25
7226,3,7681,A,21-May-25
7254,3,5153,A,19-Nov-25
7273,3,6482,A,23-Jul-25
7274,3,5618,A,28-Jan-25
7300,3,7996,A,23-Nov-25
7337,3,6122,A,21-Apr-25
7364,3,5393,A,24-Oct-25
7371,3,4573,A,11-Jun-25
7386,3,3457,A,11-Apr-25
7431,3,7996,A,10-Aug-25
7455,3,5282,A,20-Jun-25
7545,3,6543,A,04-Aug-25
7558,3,4647,A,02-Dec-25
7566,3,7271,A,01-Feb-25
7587,3,6169,A,21-Apr-25
7600,3,5784,A,30-May-25
7633,3,1882,A,27-Oct-25
7638,3,7976,A,07-May-25
7675,3,7991,A,25-Jan-25
7679,3,7125,A,06-Jan-25
7700,3,6699,A,05-Sep-25
7750,3,7102,A,23-Sep-25
7776,3,7818,A,16-Jun-25
7793,3,4651,A,06-Jan-25
7829,3,5767,A,31-Jul-25
7874,3,2309,A,11-Aug-25
7897,3,3539,A,13-Jan-26
7918,3,7410,A,07-Sep-25
7948,3,7264,A,29-Nov-25
7954,3,7581,A,09-Sep-25
7985,3,3838,A,19-May-25
8000,3,276,A,29-Sep-25
8031,3,2802,A,16-Aug-25
8115,3,7371,A,11-Mar-25
8150,3,2984,A,18-Oct-25
8163,3,3707,A,05-Oct-25
8257,3,4171,A,05-Jun-25
8284,3,545,A,28-Oct-25
8326,3,1467,A,04-Oct-25
8327,3,7403,A,11-Jan-26
8341,3,3080,A,28-Oct-25
8342,3,223,A,16-Nov-25
8427,3,54,A,07-Feb-25
8444,3,6999,A,02-Feb-25
8450,3,2158,A,31-Jul-25
8451,3,2908,A,08-Oct-25
8463,3,4819,A,21-Apr-25
8485,3,2866,A,27-Mar-25
8511,3,5238,A,11-Jan-25
8538,3,1702,A,02-Jan-26
8599,3,3583,A,28-May-25
8627,3,1337,A,07-Jan-25
8630,3,4493,A,10-Jan-25
8655,3,873,A,19-Aug-25
8727,3,623,A,24-May-25
8783,3,1883,A,03-Mar-25
8831,3,481,A,15-Oct-25
8837,3,6802,A,06-Jan-26
8891,3,6827,A,16-Jan-25
8921,3,7053,A,12-May-25
8957,3,2178,A,07-Jul-25
8984,3,2765,A,09-Jan-26
9018,3,7524,A,21-Sep-25
9026,3,4939,A,02-Apr-25
9031,3,884,A,31-Jan-25
9063,3,3493,A,28-Apr-25
9079,3,1941,A,21-Nov-25
9080,3,5116,A,17-May-25
9088,3,5377,A,24-Oct-25
9099,3,1445,A,24-Nov-25
9127,3,3984,A,21-Nov-25
9132,3,886,A,19-Apr-25
9174,3,2837,A,01-Sep-25
9186,3,4960,A,13-Oct-25
9188,3,1533,A,16-Dec-25
9202,3,2559,A,13-May-25
9204,3,6064,A,16-Jul-25
9233,3,5795,A,20-Apr-25
9236,3,2041,A,31-Oct-25
9248,3,2931,A,01-Mar-25
9320,3,4533,A,09-Feb-25
9322,3,1612,A,15-Jan-25
9336,3,1845,A,21-Jun-25
9353,3,6194,A,27-Sep-25
9386,3,2988,A,09-Jan-25
9426,3,313,A,13-May-25
9432,3,1109,A,04-May-25
9451,3,3670,A,02-Feb-25
9509,3,3092,A,15-May-25
9510,3,6158,A,20-Mar-25
9542,3,5406,A,16-Aug-25
9576,3,904,A,23-Mar-25
9595,3,5257,A,17-Sep-25
9611,3,7830,A,12-Jul-25
9614,3,4480,A,07-Jan-25
9625,3,7153,A,24-Feb-25
9716,3,7114,A,01-Nov-25
9720,3,4131,A,11-Feb-25
9761,3,7061,A,15-Jan-26
9777,3,4785,A,05-Jun-25
9802,3,7270,A,07-Jun-25
9837,3,4420,A,25-Jun-25
9893,3,367,A,17-Jul-25
9897,3,539,A,09-Mar-25
9908,3,2361,A,26-Jun-25
9988,3,906,A,10-Jan-25
10025,3,225,A,08-Jul-25
10070,3,2241,A,28-Mar-25
10095,3,7722,A,06-Jun-25
10127,3,5229,A,15-Jul-25
10133,3,6339,A,18-Sep-25
10135,3,2073,A,15-Feb-25
10136,3,3436,A,24-Dec-25
10141,3,3970,A,06-Jan-25
10169,3,2802,A,22-May-25
10173,3,3276,A,28-Aug-25
10187,3,2843,A,31-Jan-25
10210,3,3680,A,04-Mar-25
10232,3,6910,A,15-Jun-25
10252,3,7933,A,21-Apr-25
10276,3,3134,A,22-Feb-25
10296,3,2855,A,16-Dec-25
10319,3,880,A,17-Nov-25
10326,3,655,A,20-Apr-25
10367,3,2765,A,13-Jan-26
10414,3,2103,A,27-Nov-25
10437,3,6083,A,16-Aug-25
10439,3,7531,A,07-Sep-25
10486,3,5592,A,14-Jan-26
10490,3,4131,A,05-Oct-25
10508,3,5768,A,10-Mar-25
10521,3,6596,A,29-Jul-25
10535,3,1275,A,19-Jul-25
10538,3,282,A,22-Sep-25
10541,3,3079,A,27-May-25
10543,3,3392,A,09-Mar-25
10547,3,487,A,12-May-25
10550,3,3346,A,11-Oct-25
10579,3,7161,A,20-Apr-25
10580,3,744,A,13-Sep-25
10593,3,6664,A,29-May-25
10629,3,5313,A,13-Aug-25
10649,3,7497,A,07-Jan-26
10671,3,4884,A,19-Jan-25
10680,3,5782,A,11-Dec-25
10685,3,7699,A,22-Apr-25
10703,3,5483,A,17-Dec-25
10742,3,5312,A,21-Oct-25
10808,3,1545,A,04-Jun-25
10811,3,1320,A,02-Jan-26
10815,3,7119,A,02-Oct-25
10816,3,4317,A,27-Jul-25
10840,3,4603,A,16-Jan-25
10906,3,3038,A,13-Aug-25
10914,3,3066,A,26-Dec-25
10929,3,7164,A,09-Oct-25
10936,3,5862,A,01-Mar-25
10957,3,2171,A,02-Jan-26
10958,3,6337,A,05-Nov-25
10977,3,2593,A,11-Aug-25
10978,3,1159,A,25-Nov-25
10987,3,7027,A,25-Apr-25
11009,3,2347,A,28-Oct-25
11024,3,6458,A,19-Feb-25
11025,3,5754,A,21-Mar-25
11046,3,2983,A,27-Jan-25
11048,3,6179,A,20-Mar-25
11065,3,4263,A,15-Jan-25
11072,3,4332,A,04-Nov-25
11074,3,3863,A,10-Dec-25
11079,3,7516,A,01-Apr-25
11107,3,6881,A,14-Sep-25
11120,3,7232,A,25-Sep-25
11135,3,4006,A,26-Mar-25
11182,3,1395,A,10-Apr-25
11191,3,1650,A,16-Nov-25
11192,3,2412,A,18-Jan-26
11200,3,5016,A,01-Sep-25
11202,3,220,A,12-Feb-25
11207,3,1971,A,24-Mar-25
11218,3,217,A,07-Mar-25
11219,3,7534,A,19-Oct-25
11227,3,7971,A,08-Nov-25
11249,3,2605,A,17-Sep-25
11257,3,5474,A,04-Apr-25
11296,3,5832,A,10-Dec-25
11301,3,2497,A,11-Mar-25
11343,3,7605,A,13-Feb-25
11361,3,5049,A,23-Oct-25
11365,3,2315,A,21-Dec-25
11372,3,321,A,26-Jan-25
11390,3,2083,A,04-May-25
11393,3,6989,A,11-Feb-25
11402,3,834,A,09-Feb-25
11413,3,1879,A,09-Dec-25
11436,3,2945,A,22-Aug-25
11441,3,6371,A,12-Feb-25
11480,3,1143,A,21-Sep-25
11490,3,3297,A,17-Sep-25
11589,3,2716,A,27-Apr-25
11593,3,6005,A,02-Apr-25
11599,3,3231,A,24-Feb-25
11602,3,2190,A,03-Nov-25
11609,3,4957,A,04-May-25
11612,3,1445,A,26-Oct-25
11621,3,2947,A,19-Mar-25
11654,3,7560,A,12-Jan-26
11657,3,5144,A,20-Jun-25
11664,3,7309,A,24-Oct-25
11673,3,1186,A,08-Feb-25
11728,3,6052,A,06-May-25
11746,3,1037,A,11-Oct-25
11780,3,4025,A,24-Aug-25
11791,3,3517,A,20-Oct-25
11796,3,5667,A,11-Jul-25
11822,3,3246,A,24-Sep-25
11867,3,5683,A,07-Nov-25
11989,3,4455,A,21-Dec-25
12007,3,3905,A,24-Jan-25
12020,3,4321,A,15-Mar-25
12033,3,3518,A,28-Oct-25
12068,3,3400,A,01-Jul-25
12093,3,6283,A,12-Apr-25
12123,3,2502,A,25-Jul-25
12160,3,1551,A,17-Apr-25
12181,3,5808,A,06-Nov-25
12260,3,3330,A,03-Aug-25
12267,3,4409,A,29-Apr-25
12280,3,7763,A,17-Sep-25
12326,3,7986,A,19-Mar-25
12329,3,5587,A,21-May-25
12336,3,3019,A,04-Jan-26
12338,3,2456,A,08-Jun-25
12368,3,7342,A,21-Feb-25
12384,3,6543,A,17-Dec-25
12409,3,1582,A,14-Jun-25
12426,3,5468,A,20-Feb-25
12429,3,6909,A,15-Jan-26
12481,3,3729,A,10-Sep-25
12502,3,7998,A,25-Jun-25
12531,3,276,A,05-Jul-25
12541,3,2226,A,20-Mar-25
12542,3,2099,A,25-May-25
12586,3,3929,A,19-Aug-25
12594,3,2637,A,11-Jul-25
12608,3,2907,A,04-Jun-25
12613,3,6980,A,14-Mar-25
12679,3,1306,A,05-Apr-25
12701,3,6569,A,15-Jan-25
12734,3,5410,A,21-Oct-25
12736,3,2856,A,04-Dec-25
12754,3,4926,A,10-Oct-25
12755,3,4317,A,16-May-25
12772,3,104,A,25-Jul-25
12780,3,1031,A,10-Sep-25
12787,3,1447,A,15-Dec-25
12811,3,6710,A,27-Apr-25
12821,3,6833,A,30-Jun-25
12837,3,2439,A,16-Feb-25
12838,3,7936,A,19-Aug-25
12845,3,656,A,18-Feb-25
12855,3,7927,A,04-Jun-25
12888,3,3121,A,25-Jun-25
12924,3,3364,A,24-Mar-25
12935,3,944,A,09-Aug-25
12942,3,6146,A,04-Aug-25
12960,3,7601,A,17-Jan-26
12963,3,3231,A,11-Dec-25
13018,3,1042,A,18-Nov-25
13021,3,1654,A,07-Apr-25
13048,3,2168,A,07-May-25
13056,3,7487,A,15-Jan-25
13085,3,5671,A,07-Mar-25
13089,3,3484,A,21-Nov-25
13090,3,1845,A,24-May-25
13121,3,1223,A,23-Dec-25
13173,3,5811,A,18-Oct-25
13246,3,1435,A,02-Mar-25
13277,3,945,A,15-Mar-25
13312,3,999,A,29-Nov-25
13340,3,6894,A,17-Jan-25
13364,3,3809,A,28-May-25
13370,3,633,A,17-Aug-25
13415,3,6623,A,11-Nov-25
13419,3,5498,A,14-Jul-25
13431,3,1950,A,16-Apr-25
13493,3,5291,A,16-Feb-25
13512,3,2522,A,15-Mar-25
13534,3,3197,A,05-Aug-25
13576,3,6110,A,14-Oct-25
13586,3,6665,A,27-Dec-25
13590,3,2914,A,13-Jan-26
13605,3,2916,A,24-Jan-25
13633,3,1330,A,06-Sep-25
13670,3,1596,A,19-Dec-25
13696,3,5423,A,16-Aug-25
13700,3,2086,A,13-Apr-25
13763,3,6098,A,18-Feb-25
13804,3,202,A,07-Sep-25
13821,3,3396,A,06-Oct-25
13867,3,5607,A,18-Sep-25
13869,3,6011,A,08-Oct-25
13880,3,7761,A,22-Feb-25
13893,3,2607,A,23-Jul-25
13930,3,2500,A,20-Oct-25
13981,3,4230,A,14-Jan-25
13985,3,2170,A,07-May-25
14047,3,7034,A,22-Mar-25
14103,3,6387,A,16-Aug-25
14154,3,335,A,02-Jan-25
14193,3,6170,A,09-Nov-25
14209,3,1054,A,16-Oct-25
14230,3,751,A,04-Jan-25
14253,3,942,A,05-Nov-25
14255,3,2573,A,08-Aug-25
14280,3,3030,A,06-Jan-26
14281,3,6543,A,09-May-25
14299,3,7511,A,03-Dec-25
14332,3,3675,A,25-Feb-25
14356,3,3695,A,19-Jan-25
14400,3,2728,A,05-Jan-26
14403,3,2841,A,12-Aug-25
14418,3,633,A,13-Dec-25
14457,3,1887,A,31-May-25
14472,3,5331,A,02-Jan-25
14491,3,6797,A,08-Apr-25
14510,3,5785,A,13-Dec-25
14526,3,6843,A,05-Apr-25
14531,3,3522,A,10-Jun-25
14577,3,1382,A,08-Oct-25
14624,3,702,A,07-Dec-25
14680,3,2196,A,01-Sep-25
14691,3,5968,A,02-Mar-25
14696,3,7386,A,10-Oct-25
14712,3,6394,A,20-Jan-25
14725,3,6520,A,14-Jul-25
14753,3,2371,A,27-Apr-25
14766,3,138,A,31-May-25
14787,3,692,A,19-Jul-25
14812,3,6702,A,09-Dec-25
14819,3,3084,A,21-Feb-25
14861,3,7789,A,22-Feb-25
14888,3,3211,A,14-Mar-25
14946,3,3153,A,24-Nov-25
14951,3,1093,A,12-Feb-25
14967,3,1626,A,20-Jun-25
14970,3,5256,A,11-Feb-25
14979,3,6000,A,24-Mar-25
15006,3,866,A,16-Mar-25
15030,3,6046,A,21-Dec-25
15045,3,3457,A,28-May-25
15047,3,3071,A,18-Aug-25
15050,3,7482,A,01-Dec-25
15084,3,3358,A,29-Aug-25
15121,3,795,A,22-Aug-25
15138,3,1467,A,11-Sep-25
15144,3,5835,A,25-Feb-25
15164,3,4428,A,25-Mar-25
15170,3,2490,A,12-Nov-25
15205,3,450,A,01-Jul-25
15250,3,529,A,19-Mar-25
15268,3,4665,A,19-Dec-25
15285,3,3456,A,16-Jan-26
15322,3,3273,A,26-Jan-25
15332,3,385,A,11-Oct-25
15338,3,4378,A,13-Mar-25
15386,3,1640,A,31-Dec-25
15403,3,6,A,31-Dec-25
15423,3,7561,A,11-Aug-25
15438,3,7277,A,26-May-25
15475,3,4828,A,14-May-25
15479,3,2368,A,04-Sep-25
15518,3,3111,A,25-Dec-25
15528,3,7225,A,29-Jun-25
15534,3,2059,A,07-Jul-25
15540,3,4530,A,05-Sep-25
15617,3,7225,A,18-Sep-25
15637,3,5018,A,17-Jan-26
15670,3,4513,A,05-Sep-25
15688,3,2886,A,04-May-25
15701,3,3903,A,27-Mar-25
15726,3,7401,A,12-Jul-25
15754,3,3685,A,26-Jul-25
15756,3,7641,A,26-Oct-25
15761,3,3951,A,05-Nov-25
15780,3,1622,A,26-Apr-25
15799,3,3096,A,25-Jan-25
15847,3,2880,A,22-Mar-25
15862,3,4352,A,25-Aug-25
15900,3,7198,A,07-Jul-25
15927,3,993,A,16-Jan-25
15934,3,1472,A,09-Nov-25
15936,3,2852,A,25-Oct-25
15937,3,4458,A,04-Feb-25
15968,3,6677,A,20-Sep-25
16002,3,7847,A,28-Nov-25
16008,3,678,A,26-Dec-25
16039,3,1387,A,13-Aug-25
16044,3,6105,A,07-Apr-25
16070,3,5484,A,01-Jun-25
16084,3,4582,A,07-May-25
16091,3,3267,A,16-Jul-25
16131,3,5070,A,08-Jul-25
16176,3,4702,A,03-Feb-25
16184,3,4056,A,07-Nov-25
16310,3,1768,A,14-Aug-25
16466,3,133,A,18-Apr-25
16502,3,727,A,26-Aug-25
16524,3,1070,A,05-Jul-25
16548,3,2058,A,21-Dec-25
16572,3,117,A,24-Sep-25
16589,3,904,A,27-Jun-25
16590,3,1952,A,28-May-25
16680,3,1356,A,24-Aug-25
16733,3,4234,A,25-Sep-25
16735,3,5236,A,07-Apr-25
16788,3,2548,A,15-Jan-26
16814,3,6625,A,22-Jun-25
16902,3,3171,A,07-Jan-25
16935,3,3286,A,22-Aug-25
16986,3,7165,A,19-Aug-25
17107,3,3484,A,19-Sep-25
17160,3,2748,A,31-Mar-25
17170,3,4095,A,08-Apr-25
17173,3,5585,A,17-Jan-26
17185,3,721,A,08-Mar-25
17189,3,5603,A,06-Nov-25
17257,3,3735,A,17-Aug-25
17260,3,3259,A,03-Feb-25
17266,3,518,A,10-Apr-25
17270,3,6923,A,12-Aug-25
17352,3,4324,A,08-Jul-25
17401,3,7867,A,26-Jan-25
17432,3,2308,A,06-Feb-25
17453,3,2268,A,22-Nov-25
17487,3,2118,A,08-Nov-25
17492,3,6882,A,21-Dec-25
17534,3,2020,A,14-Aug-25
17600,3,6472,A,07-Aug-25
17628,3,718,A,11-Jun-25
17636,3,570,A,21-May-25
17641,3,6181,A,10-Aug-25
17650,3,3493,A,18-Nov-25
17652,3,7888,A,27-Oct-25
17733,3,5059,A,25-Apr-25
17741,3,5799,A,27-Mar-25
17745,3,359,A,21-Jul-25
17749,3,375,A,21-Apr-25
17810,3,7898,A,20-Jul-25
17813,3,5567,A,30-Mar-25
17836,3,602,A,11-Jan-25
17843,3,4794,A,18-Dec-25
17850,3,1885,A,14-May-25
17943,3,1815,A,07-Mar-25
17953,3,1371,A,28-Jan-25
17983,3,1621,A,09-Mar-25
18005,3,3373,A,11-Sep-25
18035,3,2418,A,11-Mar-25
18043,3,6056,A,08-Feb-25
18083,3,2901,A,21-Oct-25
18117,3,7945,A,31-Aug-25
18163,3,6183,A,27-May-25
18199,3,7206,A,02-Aug-25
18206,3,6709,A,19-Sep-25
18235,3,7815,A,03-Apr-25
18285,3,1474,A,03-Jan-26
18296,3,3047,A,17-Oct-25
18298,3,5612,A,27-Jul-25
18302,3,5281,A,18-Mar-25
18303,3,4017,A,04-Jan-26
18310,3,7812,A,29-Jun-25
18342,3,5358,A,18-Jan-26
18370,3,5183,A,20-Jan-25
18413,3,1723,A,21-Sep-25
18540,3,4814,A,05-Aug-25
18547,3,1444,A,12-Apr-25
18562,3,1020,A,02-Jun-25
18574,3,5584,A,31-Jan-25
18584,3,6516,A,24-Oct-25
18600,3,4763,A,04-Apr-25
18655,3,349,A,29-Jun-25
18670,3,3942,A,23-Jun-25
18678,3,7218,A,23-Jul-25
18713,3,3814,A,04-Sep-25
18729,3,2320,A,05-Mar-25
18745,3,5351,A,19-Dec-25
18756,3,7457,A,11-May-25
18798,3,7479,A,07-Apr-25
18799,3,3728,A,01-Jan-26
18820,3,1868,A,08-Sep-25
18826,3,2191,A,04-Jan-26
18911,3,6292,A,02-Apr-25
18932,3,4647,A,15-Jul-25
18941,3,6497,A,17-Sep-25
18980,3,7781,A,04-Apr-25
19042,3,1984,A,15-Jul-25
19058,3,2279,A,03-Dec-25
19094,3,3135,A,03-Sep-25
19108,3,3043,A,03-Feb-25
19123,3,6032,A,10-Jun-25
19129,3,5245,A,27-Feb-25
19166,3,7993,A,06-Aug-25
19182,3,4451,A,21-Aug-25
19267,3,6596,A,24-Jan-25
19290,3,925,A,09-Sep-25
19343,3,6574,A,24-Apr-25
19352,3,1669,A,26-Feb-25
19436,3,1594,A,10-Jul-25
19452,3,2501,A,13-Jan-26
19493,3,6352,A,01-Jun-25
19539,3,4812,A,22-Feb-25
19564,3,6696,A,06-Dec-25
19572,3,7136,A,19-Aug-25
19593,3,7754,A,08-Nov-25
19605,3,1907,A,24-Jan-25
19625,3,3105,A,16-Dec-25
19639,3,3,A,29-Jul-25
19642,3,518,A,16-Jun-25
19683,3,5852,A,07-Jun-25
19708,3,6603,A,25-Apr-25
19709,3,2544,A,06-May-25
19737,3,2220,A,19-May-25
19806,3,121,A,26-Jul-25
19851,3,3241,A,28-Nov-25
19853,3,3346,A,12-May-25
19856,3,2984,A,10-Jan-26
19873,3,3145,A,17-Feb-25
19883,3,5133,A,03-Jan-26
19901,3,612,A,09-Jun-25
19933,3,2614,A,24-Feb-25
19934,3,4621,A,25-Sep-25
19965,3,7557,A,03-Jan-25
19971,3,7113,A,12-Sep-25
19981,3,6709,A,23-Dec-25
19991,3,3122,A,19-May-25
5,7,6453,A,28-Jun-25
41,7,3410,A,06-Jun-25
62,7,6240,A,07-Jan-25
67,7,5900,A,21-Feb-25
92,7,6588,A,15-Jan-25
99,7,7826,A,11-Oct-25
165,7,6419,A,23-Aug-25
173,7,4599,A,25-Jan-25
185,7,2344,A,30-Mar-25
249,7,7086,A,12-Jan-25
276,7,2794,A,26-Jun-25
284,7,951,A,22-Jul-25
285,7,5708,A,31-Dec-25
307,7,4388,A,28-Jun-25
349,7,5967,A,21-Aug-25
352,7,3644,A,03-Feb-25
380,7,6913,A,17-Feb-25
381,7,1393,A,29-Dec-25
397,7,354,A,02-Feb-25
411,7,1182,A,27-Jul-25
446,7,7271,A,02-Jan-26
515,7,6641,A,21-Jul-25
548,7,5472,A,03-Nov-25
572,7,3738,A,25-Jan-25
625,7,6305,A,11-Dec-25
631,7,6716,A,08-Jul-25
646,7,1901,A,08-Jan-25
724,7,7734,A,07-Jan-26
725,7,2924,A,01-Nov-25
754,7,7466,A,21-Dec-25
770,7,930,A,13-Jun-25
794,7,685,A,20-Apr-25
802,7,2518,A,10-Aug-25
806,7,886,A,14-Aug-25
822,7,6302,A,13-Dec-25
838,7,1839,A,23-Oct-25
846,7,1822,A,20-Aug-25
853,7,7132,A,30-May-25
855,7,3024,A,08-Sep-25
902,7,714,A,30-May-25
915,7,7640,A,14-Sep-25
933,7,2087,A,31-Jan-25
1006,7,3258,A,11-Sep-25
1045,7,664,A,29-Jan-25
1094,7,4484,A,06-Jan-26
1165,7,3346,A,29-Nov-25
1166,7,40,A,10-Apr-25
1207,7,6484,A,29-Apr-25
1238,7,3075,A,04-Nov-25
1285,7,186,A,16-Aug-25
1366,7,4878,A,15-Jan-26
1382,7,4543,A,04-Jun-25
1415,7,4036,A,20-Apr-25
1420,7,3914,A,11-Jan-25
1457,7,2962,A,02-Jul-25
1478,7,1380,A,02-Jan-25
1513,7,3885,A,01-Jan-26
1577,7,166,A,07-Sep-25
1612,7,3727,A,09-Dec-25
1631,7,162,A,28-May-25
1674,7,1650,A,04-Jul-25
1678,7,7538,A,08-Jun-25
1741,7,2140,A,19-Feb-25
1757,7,3424,A,16-Jul-25
1762,7,6779,A,21-Jun-25
1773,7,6363,A,26-Jun-25
1912,7,4627,A,20-Jul-25
1923,7,1968,A,08-Mar-25
1948,7,3440,A,20-Jan-25
1957,7,4534,A,19-Jun-25
1998,7,6014,A,10-Apr-25
2016,7,594,A,31-Dec-25
2027,7,730,A,15-Jun-25
2036,7,4869,A,01-Sep-25
2084,7,43,A,14-Jul-25
2098,7,2673,A,07-Aug-25
2122,7,4849,A,13-Mar-25
2125,7,5567,A,04-Oct-25
2157,7,5088,A,02-Oct-25
2158,7,998,A,24-Sep-25
2162,7,1984,A,27-Oct-25
2182,7,2957,A,20-Jul-25
2198,7,4866,A,20-Sep-25
2306,7,5733,A,30-Jun-25
2326,7,4563,A,21-Feb-25
2365,7,1937,A,23-Feb-25
2419,7,7501,A,09-Aug-25
2424,7,3080,A,20-Feb-25
2537,7,6597,A,17-Nov-25
2561,7,713,A,12-Aug-25
2571,7,1937,A,24-Sep-25
2590,7,5302,A,11-Apr-25
2647,7,6476,A,30-Sep-25
2674,7,473,A,08-Feb-25
2683,7,7214,A,03-Sep-25
2704,7,2762,A,01-Dec-25
2731,7,6090,A,08-Mar-25
2740,7,5903,A,14-Mar-25
2859,7,64,A,10-Jun-25
2864,7,1138,A,17-Aug-25
2881,7,6377,A,18-Oct-25
2907,7,1973,A,20-Feb-25
3003,7,4596,A,15-Feb-25
3024,7,2651,A,10-Oct-25
3029,7,3926,A,28-Nov-25
3034,7,3654,A,17-Dec-25
3107,7,910,A,18-May-25
3147,7,2632,A,26-Jun-25
3166,7,1031,A,22-Aug-25
3197,7,3949,A,12-Jan-25
3205,7,4314,A,04-Nov-25
3234,7,1961,A,20-Dec-25
3268,7,5977,A,02-Aug-25
3271,7,7585,A,24-Jan-25
3303,7,2318,A,01-Oct-25
3367,7,4853,A,20-Apr-25
3368,7,6121,A,06-Oct-25
3377,7,4324,A,22-Nov-25
3410,7,5249,A,03-Oct-25
3436,7,3167,A,07-Apr-25
3489,7,4353,A,23-Apr-25
3533,7,7674,A,09-Aug-25
3553,7,1472,A,12-Apr-25
3563,7,1820,A,26-Nov-25
3600,7,4974,A,05-Sep-25
3638,7,1507,A,17-Jun-25
3660,7,2795,A,21-Apr-25
3661,7,2295,A,16-Jan-25
3672,7,2219,A,08-Jan-25
3674,7,1619,A,12-Dec-25
3675,7,6813,A,24-Jul-25
3721,7,6905,A,30-Oct-25
3757,7,750,A,16-Dec-25
3787,7,7167,A,13-Jan-25
3796,7,7353,A,21-Feb-25
3800,7,1907,A,16-Oct-25
3817,7,60,A,19-Jul-25
3820,7,1620,A,10-Mar-25
3841,7,2822,A,17-Apr-25
3860,7,5086,A,07-Oct-25
3867,7,3423,A,02-Jul-25
3874,7,1376,A,23-Mar-25
3881,7,5790,A,23-Nov-25
3906,7,5326,A,11-Feb-25
3912,7,4320,A,06-Oct-25
3940,7,1598,A,30-Aug-25
3941,7,3610,A,09-Jun-25
3966,7,2141,A,29-Aug-25
3986,7,7342,A,23-Jul-25
4024,7,1958,A,26-Dec-25
4028,7,6708,A,18-Sep-25
4036,7,1320,A,18-Jan-25
4055,7,1409,A,16-Oct-25
4082,7,5148,A,02-Nov-25
4106,7,5883,A,15-Apr-25
4117,7,5098,A,23-Jun-25
4129,7,7690,A,23-Sep-25
4149,7,4595,A,18-Sep-25
4153,7,7902,A,10-Mar-25
4155,7,785,A,18-Aug-25
4234,7,3488,A,15-Jul-25
4245,7,4415,A,19-Sep-25
4276,7,5640,A,08-Jun-25
4282,7,2573,A,01-Jan-26
4298,7,4943,A,04-Feb-25
4304,7,903,A,16-May-25
4393,7,3806,A,10-Sep-25
4511,7,3854,A,28-Sep-25
4515,7,423,A,09-Nov-25
4521,7,1418,A,27-Jun-25
4546,7,4534,A,11-Jan-25
4551,7,4289,A,12-Apr-25
4556,7,5966,A,09-Jan-25
4621,7,2685,A,29-Nov-25
4711,7,6797,A,04-Oct-25
4776,7,6055,A,03-Sep-25
4892,7,2867,A,12-May-25
4897,7,3867,A,23-Oct-25
4921,7,1761,A,29-Mar-25
4956,7,1429,A,07-Nov-25
4986,7,475,A,06-Jun-25
5030,7,3961,A,24-Oct-25
5059,7,6048,A,20-Mar-25
5067,7,7206,A,29-May-25
5097,7,7649,A,03-Jan-25
5100,7,2078,A,29-Jul-25
5109,7,4765,A,15-Feb-25
5136,7,2957,A,17-Dec-25
5157,7,666,A,29-Nov-25
5208,7,3745,A,25-Jun-25
5213,7,1181,A,10-Jul-25
5245,7,2114,A,24-Aug-25
5252,7,6803,A,24-May-25
5260,7,2004,A,15-Aug-25
5263,7,6649,A,29-Jul-25
5288,7,4340,A,02-Aug-25
5340,7,1330,A,17-Oct-25
5347,7,3783,A,14-Mar-25
5396,7,3668,A,22-May-25
5409,7,3271,A,22-Jan-25
5456,7,4304,A,22-Apr-25
5457,7,615,A,24-Jul-25
5463,7,2910,A,27-Apr-25
5548,7,1694,A,17-Aug-25
5552,7,4573,A,18-Jan-26
5599,7,4018,A,11-Jun-25
5605,7,4779,A,21-Feb-25
5612,7,6068,A,26-Nov-25
5614,7,2938,A,15-Oct-25
5620,7,3147,A,31-Jan-25
5622,7,4559,A,05-Mar-25
5656,7,2586,A,16-Jan-26
5700,7,3748,A,23-Jan-25
5722,7,2849,A,25-May-25
5725,7,143,A,29-Mar-25
5770,7,7248,A,23-Aug-25
5777,7,163,A,18-Jan-26
5791,7,5839,A,08-Jan-26
5823,7,2614,A,12-Feb-25
5833,7,3108,A,22-May-25
5878,7,499,A,13-Oct-25
5913,7,4654,A,01-Jan-26
5963,7,94,A,10-Jan-25
5981,7,6761,A,14-May-25
6013,7,2739,A,27-May-25
6030,7,7111,A,08-Nov-25
6096,7,7107,A,30-Apr-25
6140,7,5714,A,02-Jan-25
6152,7,1548,A,16-Mar-25
6190,7,7214,A,15-Mar-25
6198,7,5565,A,31-Dec-25
6303,7,1994,A,06-Oct-25
6319,7,7503,A,20-Mar-25
6350,7,484,A,18-Nov-25
6386,7,6560,A,12-Nov-25
6426,7,2360,A,01-Feb-25
6440,7,6718,A,06-Nov-25
6458,7,1210,A,03-Jan-26
6467,7,1135,A,13-Nov-25
6483,7,2722,A,09-Aug-25
6508,7,4638,A,09-Aug-25
6526,7,2401,A,06-Oct-25
6568,7,2949,A,25-Aug-25
6587,7,645,A,02-Nov-25
6591,7,1738,A,28-Jan-25
6602,7,6310,A,03-Dec-25
6606,7,3138,A,29-Mar-25
6621,7,950,A,01-Jun-25
6636,7,5217,A,28-Apr-25
6637,7,6077,A,20-Feb-25
6646,7,7590,A,16-Oct-25
6649,7,1520,A,31-Dec-25
6662,7,1428,A,01-Dec-25
6680,7,6419,A,27-Aug-25
6684,7,7132,A,18-Dec-25
6685,7,6570,A,13-Mar-25
6693,7,3431,A,21-Apr-25
6716,7,3599,A,06-Jan-26
6758,7,1604,A,20-Mar-25
6854,7,5440,A,22-Sep-25
6910,7,5871,A,10-Oct-25
6911,7,522,A,07-May-25
6921,7,6418,A,16-Jan-25
6953,7,312,A,19-Jul-25
6956,7,1470,A,10-Jun-25
7009,7,7717,A,23-Jun-25
7020,7,1955,A,28-Sep-25
7021,7,6745,A,16-Jan-26
7088,7,7451,A,21-May-25
7101,7,1897,A,07-Feb-25
7122,7,7551,A,14-Sep-25
7182,7,7855,A,06-Jun-25
7224,7,7165,A,10-Apr-25
7228,7,3174,A,27-Mar-25
7235,7,2110,A,18-Dec-25
7315,7,2418,A,19-Jan-25
7322,7,4060,A,19-Sep-25
7357,7,6333,A,26-Sep-25
7359,7,5704,A,08-Oct-25
7377,7,4456,A,22-Nov-25
7413,7,2590,A,14-May-25
7418,7,5607,A,17-Jan-26
7423,7,1918,A,19-Oct-25
7432,7,4880,A,14-Feb-25
7437,7,7865,A,19-Feb-25
7443,7,2571,A,27-Aug-25
7454,7,7624,A,05-Oct-25
7483,7,2040,A,29-Dec-25
7497,7,6207,A,19-May-25
7502,7,95,A,04-Aug-25
7519,7,3218,A,22-Jan-25
7526,7,2494,A,01-Nov-25
7550,7,241,A,05-Nov-25
7552,7,6515,A,17-Sep-25
7572,7,594,A,30-Mar-25
7621,7,3123,A,10-Aug-25
7656,7,4849,A,25-Nov-25
7665,7,3451,A,07-Jul-25
7685,7,5509,A,27-Nov-25
7711,7,6689,A,06-Apr-25
7712,7,485,A,30-Nov-25
7723,7,5841,A,24-Jul-25
7773,7,1220,A,23-Aug-25
7786,7,3913,A,12-Apr-25
7789,7,2869,A,25-Jul-25
7792,7,5025,A,20-Jan-25
7797,7,7325,A,22-Apr-25
7803,7,1783,A,05-Jul-25
7865,7,6024,A,20-Feb-25
7895,7,5873,A,17-Jan-25
7910,7,4899,A,12-Aug-25
7916,7,3589,A,05-Jan-26
7931,7,1043,A,11-Mar-25
7943,7,7053,A,07-Oct-25
7983,7,3609,A,25-Dec-25
8008,7,796,A,01-Sep-25
8028,7,7654,A,13-Jun-25
8036,7,6180,A,17-Jan-26
8044,7,7379,A,27-Jun-25
8061,7,6556,A,22-Apr-25
8155,7,653,A,12-Mar-25
8169,7,5589,A,30-Jul-25
8280,7,592,A,07-Feb-25
8314,7,1387,A,23-Oct-25
8340,7,5148,A,27-Jan-25
8366,7,5627,A,05-Nov-25
8382,7,6006,A,03-Aug-25
8422,7,6763,A,01-Oct-25
8426,7,555,A,30-Mar-25
8440,7,2820,A,02-Jun-25
8445,7,6763,A,12-Nov-25
8454,7,7723,A,28-Jan-25
8462,7,498,A,21-May-25
8501,7,1341,A,31-Jul-25
8519,7,7876,A,31-Mar-25
8564,7,1619,A,17-Feb-25
8580,7,4951,A,21-Jul-25
8586,7,227,A,19-Nov-25
8604,7,2566,A,14-Aug-25
8611,7,539,A,03-Apr-25
8633,7,3422,A,25-Sep-25
8668,7,4324,A,24-Sep-25
8669,7,2645,A,16-Jul-25
8673,7,3756,A,04-May-25
8704,7,7447,A,01-Apr-25
8720,7,4324,A,31-Oct-25
8730,7,4323,A,21-Dec-25
8731,7,5871,A,04-Jul-25
8748,7,5737,A,23-Oct-25
8753,7,7359,A,10-Jul-25
8759,7,1184,A,20-Aug-25
8779,7,7096,A,02-Jan-25
8802,7,5527,A,13-Oct-25
8845,7,5300,A,16-Dec-25
8846,7,4223,A,30-Jun-25
8847,7,445,A,15-Sep-25
8948,7,3607,A,18-Dec-25
8966,7,7984,A,03-Nov-25
9039,7,3619,A,15-Apr-25
9070,7,153,A,17-Feb-25
9117,7,2461,A,24-Nov-25
9160,7,1070,A,17-Jan-25
9232,7,6370,A,07-Sep-25
9246,7,248,A,24-Nov-25
9290,7,5533,A,30-Dec-25
9296,7,1315,A,10-Apr-25
9301,7,3365,A,03-Aug-25
9305,7,3336,A,07-Sep-25
9311,7,7848,A,19-Jun-25
9318,7,1894,A,01-Jan-25
9367,7,1854,A,24-Dec-25
9380,7,6688,A,03-Nov-25
9428,7,1214,A,01-Feb-25
9441,7,7856,A,25-Dec-25
9458,7,1522,A,14-Jun-25
9552,7,5895,A,25-Jan-25
9593,7,7789,A,01-Dec-25
9635,7,3977,A,29-Apr-25
9638,7,5625,A,19-Oct-25
9642,7,6926,A,21-Nov-25
9651,7,5069,A,15-Nov-25
9674,7,5467,A,05-Jan-25
9696,7,2124,A,07-Oct-25
9699,7,2422,A,15-Feb-25
9796,7,4815,A,13-Jun-25
9805,7,2354,A,30-Jun-25
9813,7,6089,A,08-Jul-25
9815,7,327,A,14-Dec-25
9831,7,324,A,19-May-25
9841,7,3408,A,16-Dec-25
9871,7,7630,A,28-Jan-25
9894,7,5211,A,07-Jul-25
9955,7,5964,A,24-Aug-25
9998,7,6272,A,30-Dec-25
10002,7,2838,A,12-Jan-26
10015,7,620,A,15-May-25
10018,7,3552,A,18-May-25
10022,7,7500,A,04-Jul-25
10068,7,5780,A,05-Apr-25
10093,7,6053,A,03-Mar-25
10111,7,5383,A,25-May-25
10112,7,3315,A,14-Jan-25
10115,7,7449,A,14-May-25
10225,7,293,A,06-Aug-25
10231,7,6159,A,17-Jan-26
10249,7,4217,A,13-Jul-25
10287,7,7045,A,16-Jun-25
10354,7,5056,A,16-Jan-26
10370,7,6346,A,06-Aug-25
10374,7,2920,A,14-Jul-25
10429,7,1568,A,08-May-25
10442,7,488,A,19-Dec-25
10510,7,3240,A,16-Jan-26
10518,7,4861,A,21-Sep-25
10560,7,202,A,19-Sep-25
10570,7,6315,A,20-Mar-25
10617,7,3691,A,13-Jan-25
10623,7,6271,A,15-May-25
10648,7,2954,A,31-Mar-25
10651,7,381,A,29-Mar-25
10677,7,4729,A,07-Oct-25
10698,7,5933,A,11-Mar-25
10701,7,7781,A,24-Jul-25
10702,7,6057,A,28-May-25
10723,7,2909,A,28-Feb-25
10740,7,4370,A,04-Jun-25
10750,7,5271,A,26-Aug-25
10756,7,5936,A,06-Feb-25
10769,7,1253,A,13-May-25
10786,7,4951,A,03-Jun-25
10807,7,1203,A,30-Dec-25
10824,7,831,A,24-Jul-25
10861,7,928,A,18-Aug-25
10903,7,4196,A,19-Feb-25
10904,7,3243,A,01-Jan-26
10922,7,3504,A,03-Aug-25
10938,7,2690,A,02-Nov-25
10972,7,6531,A,03-Apr-25
10994,7,6454,A,04-May-25
11019,7,2518,A,28-Nov-25
11020,7,6274,A,26-Aug-25
11038,7,39,A,06-Jan-25
11042,7,3377,A,28-Dec-25
11044,7,3363,A,15-Oct-25
11057,7,2260,A,11-Jan-25
11073,7,2533,A,05-Jan-26
11075,7,7753,A,24-Apr-25
11082,7,1493,A,29-May-25
11089,7,7149,A,16-Aug-25
11198,7,4425,A,17-Feb-25
11217,7,3290,A,25-Oct-25
11224,7,2490,A,13-Sep-25
11226,7,3147,A,12-Nov-25
11331,7,7759,A,18-Oct-25
11388,7,1134,A,10-Feb-25
11397,7,6851,A,06-May-25
11430,7,5456,A,03-Jun-25
11484,7,1145,A,31-Mar-25
11485,7,86,A,11-Jul-25
11548,7,1732,A,18-Feb-25
11584,7,3967,A,09-Jan-25
11603,7,6639,A,01-Dec-25
11616,7,2489,A,05-Feb-25
11618,7,3537,A,05-Mar-25
11630,7,5374,A,10-Dec-25
11677,7,1809,A,29-Oct-25
11685,7,2812,A,11-Jun-25
11691,7,1215,A,19-Aug-25
11733,7,2411,A,01-Oct-25
11743,7,6087,A,19-May-25
11745,7,6248,A,09-Sep-25
11801,7,1909,A,10-Oct-25
11806,7,5222,A,14-Jan-26
11828,7,954,A,05-Apr-25
11843,7,6538,A,21-Jul-25
11845,7,5733,A,19-Dec-25
11851,7,5788,A,28-Oct-25
11874,7,3478,A,16-Dec-25
11890,7,6084,A,08-Aug-25
11898,7,5853,A,27-Aug-25
11916,7,6784,A,01-Mar-25
11923,7,3684,A,12-May-25
11946,7,6132,A,25-Feb-25
11960,7,2247,A,05-Jan-25
12064,7,2995,A,11-Apr-25
12101,7,5412,A,19-Apr-25
12127,7,16,A,05-Apr-25
12129,7,3438,A,17-Dec-25
12178,7,3174,A,31-Mar-25
12254,7,7064,A,15-Aug-25
12279,7,5172,A,28-Jul-25
12350,7,7953,A,03-Dec-25
12420,7,3837,A,20-Sep-25
12434,7,1458,A,28-Jun-25
12453,7,2687,A,29-Dec-25
12456,7,7927,A,24-Oct-25
12468,7,803,A,03-Nov-25
12469,7,3550,A,13-Apr-25
12522,7,2163,A,22-Oct-25
12530,7,5230,A,07-Aug-25
12551,7,4883,A,08-Sep-25
12564,7,848,A,22-Oct-25
12577,7,6912,A,02-Dec-25
12588,7,5812,A,05-Apr-25
12593,7,7398,A,06-Aug-25
12606,7,2913,A,24-Feb-25
12649,7,1223,A,05-Oct-25
12713,7,4175,A,16-Jan-26
12716,7,5322,A,25-Apr-25
12739,7,4838,A,30-Mar-25
12818,7,6630,A,04-Jul-25
12822,7,6607,A,24-Feb-25
12853,7,1641,A,22-Sep-25
12898,7,4046,A,09-Jan-26
12901,7,2322,A,04-Feb-25
12940,7,3206,A,18-Jan-26
12943,7,4299,A,07-Jan-26
12969,7,6648,A,10-Mar-25
12977,7,4815,A,21-May-25
12995,7,6233,A,22-May-25
13074,7,6548,A,07-Nov-25
13094,7,3782,A,08-May-25
13103,7,5208,A,03-Jan-25
13137,7,5634,A,01-Jul-25
13148,7,4958,A,20-Mar-25
13192,7,2055,A,28-Feb-25
13250,7,6739,A,26-Mar-25
13302,7,5737,A,09-Dec-25
13347,7,1886,A,15-May-25
13355,7,2737,A,02-Jan-26
13362,7,1968,A,20-Nov-25
13372,7,4817,A,22-Feb-25
13380,7,5117,A,29-Oct-25
13390,7,5879,A,07-Feb-25
13393,7,6398,A,22-Apr-25
13402,7,1387,A,10-Apr-25
13413,7,1331,A,22-May-25
13417,7,4004,A,01-Nov-25
13430,7,1893,A,27-Sep-25
13439,7,7096,A,22-Sep-25
13508,7,213,A,25-Aug-25
13511,7,6341,A,22-May-25
13528,7,6104,A,07-Apr-25
13543,7,6101,A,01-Jun-25
13578,7,554,A,16-Mar-25
13597,7,6960,A,18-Nov-25
13599,7,1674,A,01-Feb-25
13726,7,1077,A,28-Jan-25
13733,7,5037,A,01-Jan-26
13739,7,1608,A,06-Aug-25
13747,7,2289,A,23-Nov-25
13770,7,5891,A,29-Apr-25
13827,7,1394,A,04-May-25
13898,7,8000,A,21-Feb-25
13917,7,3499,A,23-Sep-25
13925,7,4672,A,05-May-25
13939,7,7126,A,10-Nov-25
13944,7,2564,A,17-Nov-25
13974,7,6918,A,18-Jan-26
14021,7,7455,A,10-Feb-25
14053,7,4685,A,03-May-25
14077,7,7524,A,21-Oct-25
14142,7,1056,A,30-Jul-25
14151,7,2742,A,02-Oct-25
14152,7,3403,A,24-Jun-25
14181,7,387,A,15-Jan-25
14208,7,5054,A,14-Jan-25
14259,7,4940,A,30-Dec-25
14292,7,5969,A,16-Mar-25
14358,7,1074,A,07-May-25
14360,7,7507,A,31-Mar-25
14361,7,2510,A,30-Aug-25
14368,7,7944,A,28-Aug-25
14377,7,6448,A,29-Apr-25
14405,7,6861,A,31-May-25
14408,7,2768,A,03-Jan-26
14413,7,7905,A,19-Jan-25
14484,7,19,A,02-Jan-25
14501,7,5925,A,27-May-25
14508,7,1729,A,28-Feb-25
14511,7,2336,A,14-Apr-25
14525,7,2485,A,24-Feb-25
14539,7,3981,A,16-Feb-25
14622,7,6725,A,01-Mar-25
14627,7,5626,A,31-Dec-25
14640,7,4401,A,21-Aug-25
14642,7,7341,A,16-Jan-25
14666,7,6352,A,23-Mar-25
14674,7,2898,A,31-Jul-25
14678,7,747,A,03-Jul-25
14687,7,274,A,04-Nov-25
14697,7,170,A,24-Nov-25
14724,7,219,A,10-Sep-25
14737,7,3865,A,28-Jan-25
14751,7,1159,A,07-Mar-25
14767,7,6243,A,22-Nov-25
14786,7,3359,A,05-Aug-25
14813,7,1720,A,22-Mar-25
14855,7,5803,A,17-Jul-25
14871,7,6998,A,15-Jul-25
14887,7,7485,A,12-Mar-25
14903,7,3503,A,18-Jan-25
14955,7,6312,A,12-Feb-25
15012,7,6876,A,19-Mar-25
15035,7,1641,A,22-May-25
15044,7,6036,A,17-Nov-25
15139,7,3403,A,28-Jan-25
15172,7,4618,A,07-Jan-25
15176,7,7887,A,16-Jan-25
15195,7,387,A,28-Oct-25
15197,7,2978,A,28-Oct-25
15215,7,6861,A,13-Apr-25
15227,7,4025,A,23-Nov-25
15273,7,6875,A,17-Jun-25
15292,7,2221,A,01-May-25
15353,7,2756,A,16-Jan-26
15355,7,4557,A,29-Sep-25
15365,7,4911,A,16-Dec-25
15376,7,1066,A,10-Dec-25
15378,7,2900,A,13-Aug-25
15389,7,1826,A,20-Jan-25
15399,7,1180,A,08-Feb-25
15407,7,2596,A,06-Mar-25
15421,7,3643,A,31-Oct-25
15425,7,1776,A,06-Jan-25
15460,7,4847,A,18-Aug-25
15499,7,7290,A,14-Jul-25
15600,7,6287,A,05-May-25
15603,7,6455,A,28-Mar-25
15616,7,2099,A,27-Jul-25
15619,7,4521,A,11-Jul-25
15626,7,4771,A,06-Nov-25
15638,7,3049,A,17-Dec-25
15651,7,3397,A,15-Apr-25
15662,7,2274,A,28-Jul-25
15665,7,2971,A,28-Sep-25
15680,7,3304,A,21-Sep-25
15682,7,7005,A,04-Sep-25
15725,7,637,A,02-Apr-25
15736,7,1585,A,01-Jun-25
15741,7,3745,A,27-Sep-25
15752,7,5274,A,12-Jan-25
15783,7,3716,A,31-Jul-25
15882,7,2150,A,11-Apr-25
15906,7,5856,A,17-Jan-26
15911,7,6973,A,29-Jan-25
15940,7,4984,A,20-Apr-25
15976,7,824,A,16-Sep-25
15999,7,5488,A,15-Feb-25
16076,7,5330,A,25-Jul-25
16087,7,6393,A,06-Jul-25
16098,7,7593,A,13-Jan-26
16100,7,5723,A,24-May-25
16138,7,4501,A,21-Jan-25
16149,7,6350,A,29-Jun-25
16167,7,6355,A,26-Aug-25
16229,7,6727,A,02-Sep-25
16235,7,2972,A,26-Dec-25
16262,7,1293,A,17-Mar-25
16306,7,5923,A,02-Jul-25
16326,7,4274,A,13-Jan-26
16337,7,7173,A,19-Mar-25
16339,7,3716,A,17-Aug-25
16346,7,3622,A,07-Apr-25
16511,7,7498,A,25-Nov-25
16542,7,6806,A,20-Dec-25
16547,7,1194,A,19-Jul-25
16576,7,1683,A,07-May-25
16643,7,7509,A,02-Mar-25
16648,7,5097,A,08-Jul-25
16675,7,1367,A,07-Jan-25
16683,7,2179,A,12-Nov-25
16705,7,1658,A,17-Jan-26
16748,7,4108,A,01-Jun-25
16752,7,1582,A,02-Jul-25
16754,7,167,A,23-Sep-25
16760,7,1143,A,28-Dec-25
16845,7,2177,A,04-Mar-25
16849,7,4234,A,14-Feb-25
16853,7,1023,A,06-Nov-25
16863,7,7033,A,29-Dec-25
16864,7,6090,A,24-Oct-25
16873,7,3618,A,19-Feb-25
16942,7,5321,A,11-Jan-25
17008,7,2593,A,11-Mar-25
17042,7,2476,A,02-Jul-25
17046,7,1697,A,20-Feb-25
17054,7,5204,A,06-Mar-25
17056,7,7814,A,05-Feb-25
17078,7,4545,A,26-Sep-25
17080,7,7228,A,05-Oct-25
17084,7,2299,A,13-Jan-26
17118,7,3132,A,11-Oct-25
17126,7,4819,A,09-Aug-25
17146,7,1737,A,17-Apr-25
17198,7,7027,A,15-May-25
17211,7,4166,A,03-Oct-25
17228,7,6091,A,09-Nov-25
17251,7,7839,A,05-Oct-25
17286,7,4702,A,12-Aug-25
17324,7,577,A,23-Aug-25
17393,7,5697,A,28-Mar-25
17399,7,1237,A,13-Jul-25
17406,7,253,A,04-Jul-25
17444,7,9,A,28-Dec-25
17447,7,3073,A,06-Jul-25
17466,7,2882,A,13-Mar-25
17507,7,1880,A,05-Nov-25
17516,7,6891,A,03-Jun-25
17527,7,4933,A,02-May-25
17608,7,5230,A,14-Apr-25
17616,7,4749,A,25-Jun-25
17637,7,1399,A,07-Nov-25
17651,7,5031,A,27-Oct-25
17660,7,2146,A,24-Jan-25
17661,7,1208,A,03-Oct-25
17665,7,4078,A,16-Apr-25
17696,7,7323,A,17-Feb-25
17699,7,7201,A,29-Jan-25
17702,7,2881,A,26-Jul-25
17734,7,286,A,19-Feb-25
17740,7,3661,A,20-May-25
17746,7,876,A,02-Oct-25
17790,7,7766,A,11-Jan-25
17849,7,1939,A,27-Sep-25
17854,7,2545,A,10-May-25
17857,7,6349,A,20-May-25
17859,7,2636,A,13-Jan-25
17861,7,3483,A,09-Nov-25
17876,7,3287,A,29-Jan-25
17877,7,3000,A,07-Oct-25
17879,7,5181,A,02-Feb-25
17884,7,4089,A,01-Jan-26
17907,7,5515,A,28-Jun-25
17934,7,323,A,21-Dec-25
17980,7,1535,A,03-Nov-25
18007,7,5012,A,30-May-25
18033,7,7655,A,11-Aug-25
18037,7,43,A,02-Jul-25
18040,7,7037,A,26-Feb-25
18075,7,1754,A,26-Jul-25
18132,7,3488,A,11-Sep-25
18150,7,3248,A,21-Apr-25
18166,7,5249,A,24-Mar-25
18173,7,6592,A,05-Jan-26
18261,7,867,A,15-Dec-25
18291,7,4776,A,17-Apr-25
18312,7,4314,A,20-Jan-25
18382,7,5827,A,16-Sep-25
18410,7,6414,A,10-Aug-25
18416,7,520,A,05-Mar-25
18488,7,7002,A,03-Jan-26
18492,7,6261,A,05-Apr-25
18505,7,3991,A,24-Nov-25
18517,7,5525,A,05-Dec-25
18518,7,3743,A,02-Feb-25
18554,7,2704,A,01-Oct-25
18577,7,4465,A,28-May-25
18676,7,7351,A,22-Sep-25
18687,7,7985,A,11-Oct-25
18775,7,1637,A,20-Oct-25
18812,7,2127,A,19-Sep-25
18852,7,4085,A,19-Dec-25
18877,7,7794,A,15-Jan-26
18903,7,3489,A,11-Mar-25
18943,7,4019,A,06-Aug-25
18956,7,2748,A,21-Nov-25
18974,7,4526,A,11-May-25
18994,7,2156,A,18-Jul-25
19014,7,922,A,17-Jan-25
19018,7,7678,A,02-Aug-25
19075,7,3084,A,21-Jun-25
19084,7,48,A,08-Mar-25
19114,7,5546,A,19-Aug-25
19118,7,3710,A,21-Aug-25
19128,7,2355,A,02-Sep-25
19146,7,7434,A,17-Nov-25
19178,7,103,A,20-Oct-25
19181,7,355,A,05-Aug-25
19194,7,744,A,13-Oct-25
19208,7,36,A,03-May-25
19212,7,5833,A,14-Nov-25
19217,7,5020,A,02-Mar-25
19223,7,6570,A,03-Jan-25
19233,7,4340,A,08-Nov-25
19244,7,4022,A,08-May-25
19251,7,333,A,30-Sep-25
19261,7,4454,A,15-Jun-25
19295,7,5486,A,09-Feb-25
19300,7,4835,A,26-Feb-25
19301,7,6066,A,17-Jan-25
19321,7,3107,A,10-Jun-25
19338,7,7981,A,24-Jun-25
19340,7,5844,A,13-Aug-25
19444,7,7223,A,18-Jan-25
19470,7,4511,A,29-Dec-25
19478,7,5398,A,14-May-25
19504,7,5856,A,17-Jun-25
19511,7,6225,A,08-Jul-25
19544,7,3344,A,13-Mar-25
19566,7,4242,A,28-Mar-25
19660,7,5116,A,20-Feb-25
19671,7,5784,A,22-Sep-25
19742,7,1917,A,24-Feb-25
19744,7,2473,A,09-Jan-26
19789,7,3657,A,13-May-25
19795,7,6912,A,17-Nov-25
19808,7,7332,A,03-May-25
19849,7,1323,A,09-Apr-25
19916,7,1615,A,30-May-25
19947,7,6578,A,17-Jun-25
19959,7,3385,A,03-Sep-25
19982,7,6448,A,05-Jan-26
19997,7,6783,A,04-Mar-25
16,5,91,A,26-Aug-25
21,5,6987,A,27-Jun-25
27,5,172,A,27-Jan-25
66,5,1162,A,03-Jan-26
79,5,7569,A,16-May-25
111,5,6610,A,07-Jul-25
123,5,7088,A,11-Jun-25
124,5,4191,A,21-Mar-25
134,5,6862,A,04-Mar-25
137,5,7770,A,08-Nov-25
167,5,1038,A,17-Jun-25
170,5,5823,A,08-Jun-25
201,5,4988,A,16-May-25
247,5,3862,A,19-Sep-25
253,5,5978,A,08-May-25
258,5,4235,A,23-Apr-25
294,5,4726,A,14-Mar-25
331,5,6913,A,11-Apr-25
334,5,2566,A,05-Jan-26
348,5,7258,A,16-Nov-25
377,5,1708,A,01-Feb-25
414,5,1880,A,19-Oct-25
489,5,5707,A,26-May-25
516,5,2492,A,13-Jul-25
517,5,5158,A,17-Jan-26
538,5,201,A,30-May-25
553,5,3172,A,09-Jan-26
567,5,2001,A,16-Jan-26
615,5,5476,A,06-Dec-25
624,5,6730,A,24-Dec-25
647,5,4579,A,12-Aug-25
663,5,794,A,13-Jan-25
699,5,3241,A,20-Nov-25
720,5,7916,A,27-May-25
798,5,2368,A,18-Jul-25
811,5,7046,A,22-Mar-25
819,5,4472,A,04-Dec-25
856,5,5538,A,04-Feb-25
877,5,7329,A,03-Feb-25
916,5,4109,A,24-Jul-25
955,5,1641,A,25-Feb-25
988,5,6401,A,14-Mar-25
1039,5,4916,A,10-Jan-25
1074,5,214,A,16-Jul-25
1090,5,7883,A,05-Nov-25
1129,5,5047,A,19-Feb-25
1141,5,6056,A,14-Jul-25
1145,5,2415,A,02-Feb-25
1154,5,6347,A,20-Jul-25
1164,5,2932,A,29-Jan-25
1167,5,4927,A,28-Jun-25
1176,5,1315,A,04-Feb-25
1210,5,6050,A,17-Feb-25
1220,5,21,A,19-Apr-25
1243,5,3109,A,12-Jan-25
1246,5,2294,A,10-Jun-25
1247,5,790,A,12-Nov-25
1264,5,5838,A,11-Dec-25
1364,5,6645,A,30-Aug-25
1408,5,3062,A,22-Jul-25
1417,5,579,A,04-Sep-25
1427,5,93,A,03-Nov-25
1431,5,6909,A,16-Dec-25
1438,5,4249,A,01-Feb-25
1447,5,2134,A,21-Dec-25
1465,5,7661,A,13-Apr-25
1480,5,3058,A,22-Jan-25
1484,5,5241,A,23-Sep-25
1520,5,4282,A,18-Jul-25
1525,5,5600,A,20-Dec-25
1528,5,6156,A,10-Jan-25
1572,5,1920,A,02-Nov-25
1646,5,7238,A,03-Feb-25
1698,5,5313,A,15-Jun-25
1720,5,2243,A,16-Jun-25
1744,5,1717,A,02-Jun-25
1775,5,1715,A,19-Feb-25
1832,5,1073,A,04-Jan-25
1891,5,2854,A,04-Dec-25
1967,5,4820,A,29-Apr-25
2004,5,3078,A,01-Aug-25
2008,5,1898,A,21-Oct-25
2029,5,7535,A,12-Jan-25
2054,5,4805,A,30-Oct-25
2099,5,4082,A,03-Jan-25
2103,5,1167,A,04-Jul-25
2111,5,1564,A,03-Feb-25
2114,5,2463,A,23-Mar-25
2149,5,1279,A,01-May-25
2175,5,6216,A,22-Sep-25
2228,5,2726,A,10-Jun-25
2235,5,6229,A,21-Aug-25
2238,5,6010,A,26-Nov-25
2245,5,3219,A,14-Dec-25
2271,5,2589,A,07-Feb-25
2316,5,6522,A,01-Sep-25
2342,5,5885,A,07-Aug-25
2372,5,2656,A,17-Jan-25
2374,5,7752,A,05-Oct-25
2397,5,7934,A,02-Feb-25
2423,5,4005,A,17-Feb-25
2468,5,1764,A,02-Oct-25
2473,5,4879,A,22-Apr-25
2501,5,2935,A,12-Aug-25
2505,5,2701,A,22-Apr-25
2533,5,3501,A,17-Sep-25
2543,5,3014,A,10-Feb-25
2550,5,1815,A,02-Jan-25
2582,5,315,A,21-Nov-25
2634,5,1884,A,14-Feb-25
2690,5,490,A,19-Jan-25
2695,5,7072,A,30-Apr-25
2713,5,7745,A,10-Jan-26
2718,5,250,A,27-Aug-25
2722,5,3780,A,14-Dec-25
2729,5,4603,A,29-Nov-25
2737,5,6789,A,04-May-25
2750,5,807,A,26-Jul-25
2813,5,5034,A,09-Apr-25
2863,5,5860,A,18-Feb-25
2867,5,6020,A,10-Apr-25
2870,5,4275,A,10-Jan-26
2895,5,7861,A,18-Aug-25
2928,5,6344,A,03-Dec-25
2945,5,386,A,16-Jun-25
3007,5,1101,A,14-Jun-25
3019,5,1453,A,07-Aug-25
3038,5,7907,A,28-Nov-25
3045,5,7756,A,06-Mar-25
3065,5,1186,A,16-Oct-25
3066,5,2374,A,08-Feb-25
3082,5,1018,A,01-May-25
3219,5,1574,A,17-Feb-25
3223,5,1338,A,23-Mar-25
3244,5,5342,A,21-Feb-25
3327,5,6793,A,11-Apr-25
3339,5,4925,A,30-Jul-25
3344,5,7697,A,13-Jun-25
3378,5,7505,A,06-Feb-25
3397,5,730,A,07-Sep-25
3405,5,7296,A,23-Sep-25
3413,5,7198,A,10-Oct-25
3471,5,7110,A,30-Sep-25
3473,5,6087,A,04-Dec-25
3491,5,4761,A,10-Aug-25
3534,5,6506,A,12-Jan-26
3653,5,1486,A,30-Mar-25
3654,5,6218,A,15-Jan-25
3655,5,7642,A,17-Nov-25
3670,5,591,A,23-Jun-25
3754,5,5916,A,26-Jul-25
3783,5,2620,A,19-Jul-25
3819,5,3248,A,01-May-25
3826,5,7348,A,08-Jan-25
3827,5,5441,A,27-Aug-25
3839,5,7324,A,11-Jan-25
3876,5,3504,A,11-Jun-25
3877,5,113,A,20-Mar-25
3921,5,2627,A,09-Sep-25
3950,5,2916,A,21-Aug-25
3972,5,2203,A,08-Mar-25
3977,5,3904,A,03-Oct-25
3996,5,1795,A,24-Mar-25
4018,5,6963,A,31-Jul-25
4072,5,2759,A,12-Feb-25
4075,5,7327,A,04-Aug-25
4076,5,7674,A,24-May-25
4084,5,6167,A,24-Apr-25
4086,5,7050,A,11-Jan-25
4099,5,6075,A,21-Apr-25
4104,5,7527,A,19-Dec-25
4120,5,1745,A,10-Apr-25
4139,5,7884,A,27-Mar-25
4144,5,3135,A,09-Oct-25
4166,5,727,A,27-Jan-25
4211,5,613,A,19-Dec-25
4212,5,95,A,09-Oct-25
4218,5,2586,A,03-Feb-25
4223,5,5772,A,24-Sep-25
4244,5,5581,A,20-Jan-25
4248,5,2174,A,12-Aug-25
4277,5,5005,A,10-Apr-25
4289,5,3832,A,26-Mar-25
4311,5,478,A,02-Apr-25
4312,5,6455,A,06-May-25
4328,5,4165,A,26-Oct-25
4332,5,104,A,15-Jan-25
4349,5,4772,A,08-Apr-25
4360,5,7151,A,18-Sep-25
4397,5,5336,A,04-Jan-25
4398,5,1958,A,05-Jun-25
4455,5,5144,A,05-Sep-25
4461,5,5681,A,30-Nov-25
4468,5,864,A,13-Dec-25
4474,5,6400,A,10-Feb-25
4504,5,7236,A,21-Oct-25
4509,5,3823,A,27-Aug-25
4533,5,3498,A,08-Feb-25
4584,5,5610,A,25-Feb-25
4585,5,4625,A,25-Feb-25
4598,5,586,A,12-Feb-25
4606,5,3276,A,23-Dec-25
4609,5,1499,A,17-Jul-25
4610,5,3048,A,23-May-25
4630,5,9,A,10-Jan-25
4632,5,7238,A,27-Mar-25
4649,5,1836,A,26-Dec-25
4677,5,4434,A,17-Jul-25
4687,5,4110,A,16-Apr-25
4712,5,7824,A,22-Dec-25
4733,5,5306,A,20-Apr-25
4737,5,6703,A,10-Mar-25
4753,5,6882,A,08-Oct-25
4792,5,4919,A,04-Aug-25
4797,5,4541,A,30-Jan-25
4850,5,6704,A,27-Dec-25
4852,5,3500,A,28-Apr-25
4885,5,1410,A,15-Mar-25
4889,5,7894,A,13-Dec-25
4912,5,1557,A,19-Jan-25
4929,5,5555,A,10-Dec-25
5015,5,5237,A,29-Mar-25
5017,5,5513,A,21-Feb-25
5107,5,6140,A,26-Jan-25
5121,5,2464,A,03-Mar-25
5149,5,7507,A,26-Mar-25
5176,5,6046,A,09-May-25
5179,5,2482,A,08-Dec-25
5211,5,1371,A,25-Dec-25
5247,5,6003,A,02-Aug-25
5276,5,180,A,31-Dec-25
5289,5,1827,A,15-Jun-25
5305,5,1518,A,08-Jul-25
5337,5,6939,A,19-Mar-25
5358,5,180,A,18-Jan-26
5360,5,1570,A,27-Aug-25
5386,5,2249,A,23-Jun-25
5417,5,5248,A,06-Sep-25
5418,5,4788,A,04-Oct-25
5424,5,4427,A,07-Jan-25
5464,5,4184,A,13-May-25
5476,5,4736,A,20-Nov-25
5485,5,1821,A,29-Sep-25
5498,5,3797,A,02-Jun-25
5500,5,3892,A,11-Jun-25
5510,5,6307,A,26-Dec-25
5572,5,853,A,08-Jun-25
5587,5,6652,A,01-Jul-25
5646,5,4507,A,07-Aug-25
5685,5,5249,A,03-Apr-25
5706,5,5755,A,29-Nov-25
5709,5,3501,A,05-Mar-25
5710,5,7831,A,25-Apr-25
5748,5,1986,A,27-Oct-25
5773,5,3186,A,30-Nov-25
5785,5,7229,A,08-Jan-25
5790,5,7839,A,21-Dec-25
5793,5,4712,A,29-Dec-25
5817,5,161,A,05-Jun-25
5825,5,6718,A,05-Nov-25
5881,5,4898,A,02-Jun-25
5897,5,6026,A,30-Nov-25
5898,5,5361,A,08-Jan-25
5991,5,134,A,21-Jan-25
5998,5,7459,A,03-Jan-26
6011,5,4760,A,21-Apr-25
6017,5,6786,A,21-Mar-25
6077,5,3783,A,10-Sep-25
6124,5,81,A,02-Dec-25
6131,5,7655,A,11-Jan-25
6173,5,6646,A,23-Oct-25
6194,5,871,A,04-Jul-25
6205,5,5704,A,11-Apr-25
6215,5,2489,A,18-Nov-25
6224,5,1747,A,20-May-25
6233,5,1725,A,25-Apr-25
6328,5,2094,A,09-Mar-25
6345,5,3570,A,18-Jan-25
6367,5,1292,A,02-Aug-25
6371,5,242,A,06-Apr-25
6395,5,1948,A,29-Aug-25
6408,5,4231,A,04-Oct-25
6439,5,7448,A,13-Dec-25
6498,5,4878,A,24-Feb-25
6499,5,2067,A,18-Jun-25
6557,5,2170,A,19-May-25
6574,5,6024,A,27-Mar-25
6585,5,2585,A,20-Jul-25
6598,5,6663,A,16-Aug-25
6604,5,4853,A,05-Jun-25
6634,5,3677,A,09-Sep-25
6671,5,7023,A,26-Dec-25
6762,5,7164,A,06-Jun-25
6770,5,5455,A,19-Oct-25
6780,5,6100,A,23-May-25
6789,5,6607,A,25-Aug-25
6802,5,6589,A,21-Jun-25
6804,5,4731,A,12-Jul-25
6815,5,5714,A,28-May-25
6850,5,259,A,06-Jul-25
6927,5,6173,A,11-Dec-25
6937,5,2861,A,01-Aug-25
6985,5,7669,A,22-Nov-25
6988,5,874,A,08-Mar-25
6989,5,7535,A,31-Oct-25
7010,5,2993,A,23-Jul-25
7022,5,6093,A,28-Mar-25
7074,5,5206,A,28-Oct-25
7081,5,7499,A,19-Apr-25
7106,5,2232,A,18-Feb-25
7134,5,6390,A,18-Aug-25
7150,5,3775,A,12-Apr-25
7232,5,4305,A,06-Aug-25
7264,5,2241,A,07-Mar-25
7280,5,1514,A,18-Jun-25
7291,5,3800,A,25-Aug-25
7297,5,7607,A,09-Sep-25
7310,5,2088,A,07-Nov-25
7343,5,6746,A,30-Dec-25
7523,5,4270,A,15-May-25
7532,5,5747,A,07-Apr-25
7534,5,1124,A,01-Jul-25
7565,5,5648,A,12-May-25
7573,5,6403,A,22-Jun-25
7608,5,7359,A,13-Apr-25
7628,5,3389,A,25-Jul-25
7643,5,2169,A,07-Nov-25
7644,5,5077,A,29-Jan-25
7782,5,6834,A,02-Sep-25
7809,5,7215,A,09-May-25
7851,5,5056,A,25-Jul-25
7852,5,2669,A,06-Aug-25
7883,5,1130,A,01-May-25
7896,5,6537,A,27-Jun-25
7924,5,5550,A,09-Jan-26
7947,5,1715,A,01-Sep-25
7979,5,5107,A,17-Mar-25
8084,5,4453,A,18-Jun-25
8086,5,311,A,12-Jul-25
8089,5,265,A,05-Feb-25
8092,5,3141,A,14-Feb-25
8125,5,1662,A,20-May-25
8171,5,3508,A,16-Jul-25
8172,5,2630,A,22-Jul-25
8190,5,4024,A,23-Jan-25
8245,5,1370,A,18-Jun-25
8252,5,1899,A,06-Jul-25
8260,5,7278,A,18-Sep-25
8261,5,1769,A,30-Jul-25
8304,5,783,A,16-Dec-25
8329,5,3904,A,22-May-25
8333,5,3735,A,27-Jul-25
8336,5,5741,A,09-Feb-25
8414,5,4300,A,03-Feb-25
8430,5,2376,A,08-Jan-26
8442,5,195,A,15-Jun-25
8458,5,4705,A,12-Jan-26
8536,5,1825,A,15-Jan-25
8565,5,6792,A,04-Apr-25
8614,5,6499,A,11-Oct-25
8700,5,5618,A,23-Jun-25
8711,5,618,A,08-Sep-25
8744,5,974,A,24-May-25
8760,5,4382,A,30-Sep-25
8765,5,5068,A,22-Aug-25
8868,5,4253,A,25-Apr-25
8907,5,6019,A,07-Jan-25
8910,5,5345,A,24-May-25
8983,5,2601,A,11-Aug-25
8986,5,6999,A,06-May-25
8991,5,3900,A,25-Mar-25
8995,5,5387,A,21-Nov-25
9003,5,7280,A,09-May-25
9010,5,5968,A,12-Jan-25
9058,5,5094,A,21-Sep-25
9068,5,7122,A,17-Sep-25
9086,5,5486,A,03-Sep-25
9087,5,5393,A,30-Jun-25
9096,5,2365,A,05-Mar-25
9102,5,4494,A,17-Jan-25
9104,5,1958,A,23-Oct-25
9144,5,5448,A,27-Mar-25
9223,5,6243,A,23-Aug-25
9231,5,6617,A,23-Aug-25
9258,5,6087,A,17-Oct-25
9284,5,6705,A,24-Apr-25
9310,5,637,A,15-Apr-25
9332,5,3948,A,04-Mar-25
9359,5,7255,A,07-Jun-25
9364,5,7957,A,02-Dec-25
9422,5,7893,A,15-Jun-25
9466,5,4422,A,23-Nov-25
9477,5,1931,A,05-Nov-25
9528,5,1901,A,02-May-25
9533,5,829,A,31-Aug-25
9571,5,632,A,17-Dec-25
9577,5,1576,A,29-May-25
9580,5,4202,A,23-Nov-25
9590,5,1764,A,29-Apr-25
9616,5,6681,A,28-Aug-25
9622,5,1989,A,22-Aug-25
9636,5,1541,A,04-Apr-25
9661,5,1706,A,01-Nov-25
9700,5,4965,A,19-May-25
9712,5,5296,A,16-Jun-25
9725,5,6810,A,01-Jun-25
9744,5,3817,A,07-Oct-25
9823,5,1112,A,14-Aug-25
9838,5,3044,A,24-Apr-25
9860,5,3816,A,10-Sep-25
9872,5,2440,A,06-Dec-25
9899,5,2237,A,31-Jan-25
9900,5,3450,A,04-Feb-25
9916,5,3896,A,29-May-25
9942,5,3075,A,09-Mar-25
9957,5,190,A,10-Aug-25
9958,5,7745,A,16-Feb-25
9968,5,3384,A,17-Sep-25
10031,5,131,A,29-Nov-25
10033,5,1780,A,07-Jan-25
10040,5,4365,A,31-Mar-25
10047,5,1778,A,19-Feb-25
10088,5,6234,A,04-Jun-25
10145,5,2672,A,20-Jul-25
10208,5,3838,A,22-May-25
10217,5,322,A,28-Mar-25
10241,5,803,A,17-Jun-25
10308,5,613,A,26-Feb-25
10406,5,6788,A,26-Jan-25
10408,5,1499,A,21-Aug-25
10411,5,2909,A,21-Jul-25
10484,5,2550,A,30-Nov-25
10509,5,2759,A,04-Jan-26
10577,5,1427,A,05-Jun-25
10588,5,7659,A,13-Jan-26
10594,5,615,A,10-May-25
10609,5,3364,A,26-Jun-25
10632,5,4071,A,14-Dec-25
10640,5,5755,A,18-Jul-25
10654,5,5036,A,23-Sep-25
10687,5,4232,A,01-Nov-25
10734,5,2128,A,14-May-25
10788,5,5570,A,14-Dec-25
10820,5,4833,A,27-Sep-25
10849,5,4674,A,11-Dec-25
10852,5,843,A,20-May-25
10859,5,4567,A,23-Mar-25
10865,5,1267,A,12-Sep-25
10895,5,901,A,14-Nov-25
10920,5,5853,A,01-Aug-25
10970,5,504,A,09-May-25
10997,5,1586,A,08-Mar-25
11002,5,6826,A,06-Dec-25
11032,5,6897,A,08-Oct-25
11069,5,2108,A,08-Jan-26
11086,5,2059,A,27-Oct-25
11092,5,6301,A,02-Jul-25
11102,5,5529,A,04-Nov-25
11138,5,4319,A,11-Sep-25
11147,5,5672,A,29-Jul-25
11151,5,3684,A,29-Oct-25
11246,5,4818,A,23-Nov-25
11251,5,7397,A,11-Jan-26
11260,5,3794,A,04-Apr-25
11300,5,1030,A,27-Apr-25
11317,5,3453,A,17-Apr-25
11325,5,6817,A,05-Feb-25
11352,5,1418,A,05-Jan-25
11370,5,7152,A,22-Jun-25
11374,5,7077,A,28-Sep-25
11377,5,5518,A,08-Dec-25
11386,5,7005,A,15-Aug-25
11560,5,7065,A,12-Jul-25
11564,5,6264,A,08-Feb-25
11588,5,3449,A,26-Dec-25
11622,5,6535,A,15-Feb-25
11637,5,5163,A,15-Aug-25
11642,5,123,A,10-Aug-25
11644,5,3948,A,29-Jul-25
11701,5,832,A,28-Apr-25
11729,5,1453,A,11-Jul-25
11754,5,7314,A,24-Aug-25
11775,5,1625,A,27-Aug-25
11789,5,3907,A,19-Jun-25
11794,5,385,A,14-Jan-26
11800,5,499,A,28-Aug-25
11805,5,4537,A,21-Aug-25
11876,5,7900,A,19-May-25
11882,5,6015,A,28-Dec-25
11887,5,5118,A,23-May-25
11911,5,2376,A,24-Nov-25
11940,5,6297,A,08-Feb-25
11942,5,3680,A,31-Aug-25
11951,5,5858,A,29-Jul-25
11967,5,2390,A,22-Oct-25
12006,5,1425,A,23-Nov-25
12034,5,6650,A,08-Jun-25
12094,5,6941,A,25-Jun-25
12095,5,5278,A,14-Nov-25
12098,5,2290,A,23-Mar-25
12104,5,1315,A,09-Jun-25
12234,5,3541,A,13-Sep-25
12243,5,2354,A,02-Feb-25
12313,5,5736,A,26-Sep-25
12323,5,4797,A,10-Mar-25
12325,5,6515,A,26-Aug-25
12371,5,7338,A,13-Apr-25
12417,5,3970,A,20-May-25
12423,5,3517,A,05-May-25
12438,5,916,A,31-Oct-25
12449,5,3706,A,27-May-25
12467,5,4428,A,26-Nov-25
12470,5,7356,A,01-Nov-25
12484,5,6556,A,13-Apr-25
12497,5,750,A,15-Oct-25
12501,5,5872,A,10-Dec-25
12519,5,5836,A,19-Aug-25
12544,5,50,A,11-Jan-26
12582,5,1016,A,11-Jan-26
12604,5,1976,A,03-Mar-25
12605,5,1030,A,31-Mar-25
12609,5,260,A,20-Mar-25
12635,5,6733,A,18-Apr-25
12638,5,6593,A,10-Jan-25
12655,5,5690,A,06-Nov-25
12726,5,4745,A,31-Jul-25
12729,5,514,A,19-Nov-25
12751,5,1076,A,19-Jun-25
12849,5,4477,A,18-Mar-25
12864,5,4682,A,10-Nov-25
12873,5,7709,A,30-Apr-25
12893,5,5058,A,09-Aug-25
12945,5,3118,A,03-Jan-25
12986,5,6620,A,07-May-25
13075,5,7465,A,02-Sep-25
13105,5,2096,A,26-Feb-25
13130,5,2364,A,26-Feb-25
13134,5,5535,A,14-Aug-25
13139,5,5803,A,27-Oct-25
13156,5,2746,A,05-Dec-25
13212,5,7989,A,04-Nov-25
13213,5,6095,A,19-Jan-25
13243,5,4265,A,19-Jul-25
13247,5,2531,A,15-Jan-25
13251,5,4567,A,07-Sep-25
13252,5,4034,A,27-Jun-25
13297,5,1582,A,06-Jan-26
13414,5,5328,A,26-Sep-25
13480,5,1703,A,17-Jan-26
13481,5,7310,A,29-Dec-25
13492,5,1085,A,30-May-25
13495,5,7727,A,23-Oct-25
13497,5,6844,A,23-Jul-25
13515,5,5649,A,20-Jun-25
13518,5,7741,A,06-Nov-25
13533,5,1263,A,28-Oct-25
13553,5,3830,A,04-Oct-25
13575,5,1558,A,13-Nov-25
13598,5,1965,A,04-Jun-25
13603,5,4752,A,15-Oct-25
13630,5,4805,A,06-Jan-25
13659,5,3607,A,13-Jan-25
13668,5,4179,A,10-Jun-25
13729,5,2602,A,18-Feb-25
13737,5,1213,A,20-Dec-25
13761,5,5969,A,23-Oct-25
13848,5,3025,A,14-Feb-25
13860,5,6625,A,19-May-25
13903,5,4617,A,18-Jul-25
13936,5,7700,A,19-Jan-25
13938,5,3402,A,14-Oct-25
13945,5,1211,A,23-Jun-25
13970,5,5922,A,20-Jun-25
14038,5,5418,A,14-Dec-25
14122,5,6070,A,28-Mar-25
14167,5,5252,A,26-Nov-25
14173,5,7696,A,21-May-25
14189,5,2321,A,15-Jun-25
14192,5,1017,A,10-Feb-25
14204,5,1353,A,22-May-25
14238,5,5233,A,24-Apr-25
14249,5,5405,A,26-Aug-25
14302,5,7147,A,05-Oct-25
14364,5,3463,A,30-Apr-25
14414,5,651,A,10-Feb-25
14440,5,169,A,13-Jan-25
14478,5,898,A,10-May-25
14496,5,7507,A,03-Jun-25
14499,5,41,A,06-May-25
14521,5,7209,A,13-Apr-25
14540,5,6087,A,18-Sep-25
14547,5,855,A,02-Jul-25
14574,5,4494,A,21-Aug-25
14616,5,427,A,02-Jan-26
14636,5,489,A,15-Nov-25
14643,5,326,A,15-Oct-25
14658,5,3887,A,16-Nov-25
14710,5,4504,A,29-Jun-25
14716,5,4669,A,10-Mar-25
14781,5,2750,A,26-Jul-25
14810,5,1164,A,24-Oct-25
14815,5,7931,A,15-Mar-25
14833,5,5176,A,07-Feb-25
14851,5,3085,A,08-Oct-25
14884,5,7451,A,24-Mar-25
14895,5,761,A,16-Jun-25
14897,5,7342,A,13-Jan-26
14898,5,3963,A,09-Jan-25
14958,5,1335,A,08-Apr-25
14965,5,1233,A,01-Apr-25
14990,5,3396,A,06-Aug-25
15004,5,2109,A,04-Nov-25
15011,5,7645,A,12-Feb-25
15033,5,1048,A,28-Apr-25
15039,5,3679,A,17-Jan-26
15067,5,6479,A,02-Feb-25
15072,5,6057,A,01-Aug-25
15078,5,1278,A,12-Feb-25
15085,5,4708,A,05-Jan-25
15128,5,377,A,24-Oct-25
15214,5,4510,A,02-Feb-25
15307,5,2321,A,25-Oct-25
15310,5,3641,A,24-Dec-25
15333,5,4582,A,08-Aug-25
15345,5,5490,A,31-Mar-25
15375,5,6537,A,02-Feb-25
15394,5,5422,A,12-Oct-25
15396,5,1421,A,28-Jan-25
15461,5,7521,A,07-Mar-25
15482,5,5290,A,04-Jun-25
15530,5,7607,A,04-Nov-25
15551,5,687,A,16-Aug-25
15562,5,3250,A,27-Nov-25
15573,5,3620,A,27-Dec-25
15576,5,1741,A,09-Sep-25
15587,5,1904,A,03-Nov-25
15590,5,4196,A,15-Jul-25
15615,5,6324,A,01-Jan-26
15618,5,3485,A,08-Feb-25
15635,5,2838,A,21-Mar-25
15641,5,1510,A,18-Nov-25
15696,5,7191,A,31-Jan-25
15702,5,606,A,20-Nov-25
15716,5,3578,A,07-Jul-25
15757,5,6957,A,11-Apr-25
15768,5,6184,A,25-Nov-25
15791,5,6249,A,17-Jun-25
15794,5,2515,A,22-Aug-25
15804,5,854,A,15-Feb-25
15810,5,5725,A,22-Apr-25
15815,5,7860,A,15-Oct-25
15833,5,1837,A,01-Sep-25
15836,5,6456,A,01-Jul-25
15859,5,7584,A,28-Aug-25
15866,5,4622,A,28-Feb-25
15945,5,2232,A,08-Sep-25
15989,5,3682,A,13-Aug-25
16034,5,5191,A,26-Aug-25
16042,5,5873,A,13-May-25
16057,5,643,A,04-Nov-25
16058,5,4481,A,17-Dec-25
16063,5,4277,A,02-Jul-25
16083,5,5191,A,29-May-25
16103,5,712,A,22-Nov-25
16105,5,4721,A,13-Jan-26
16126,5,2014,A,23-Mar-25
16210,5,5354,A,28-Jun-25
16238,5,4023,A,12-Jun-25
16246,5,6503,A,09-May-25
16265,5,460,A,13-Nov-25
16267,5,6984,A,10-Aug-25
16289,5,5558,A,11-Apr-25
16300,5,2451,A,04-Oct-25
16325,5,476,A,28-Nov-25
16341,5,2405,A,14-Nov-25
16348,5,3159,A,01-May-25
16371,5,2590,A,19-May-25
16384,5,2298,A,01-Dec-25
16403,5,4599,A,25-May-25
16434,5,1608,A,25-Jan-25
16450,5,2535,A,13-Feb-25
16513,5,1544,A,21-Apr-25
16518,5,3354,A,25-Aug-25
16602,5,2415,A,18-Apr-25
16608,5,2891,A,30-Aug-25
16615,5,5286,A,12-Nov-25
16640,5,333,A,04-Dec-25
16658,5,2651,A,27-Nov-25
16671,5,5350,A,22-Jul-25
16696,5,721,A,25-May-25
16821,5,6920,A,13-Mar-25
16871,5,6478,A,08-Nov-25
16880,5,6347,A,19-Feb-25
16882,5,4288,A,19-Oct-25
16893,5,426,A,20-Mar-25
16929,5,6466,A,24-Jun-25
17006,5,2544,A,19-Oct-25
17105,5,985,A,03-Jun-25
17150,5,7444,A,09-Aug-25
17167,5,5786,A,07-Jul-25
17174,5,1256,A,12-Aug-25
17210,5,2725,A,05-Mar-25
17240,5,5384,A,15-May-25
17265,5,5676,A,17-Oct-25
17276,5,3670,A,01-Mar-25
17302,5,5662,A,18-Apr-25
17308,5,4804,A,07-Dec-25
17325,5,7224,A,14-May-25
17339,5,2989,A,03-Jan-25
17351,5,4331,A,19-Apr-25
17364,5,6135,A,21-Nov-25
17367,5,5758,A,23-Nov-25
17376,5,4938,A,11-Aug-25
17411,5,5315,A,19-Mar-25
17451,5,5896,A,29-Oct-25
17488,5,612,A,14-Jan-26
17544,5,3124,A,03-Sep-25
17580,5,2529,A,25-May-25
17587,5,3940,A,22-Nov-25
17603,5,2960,A,05-Jan-26
17611,5,4398,A,06-Aug-25
17612,5,4559,A,24-Dec-25
17659,5,5425,A,26-Sep-25
17667,5,1754,A,13-Jul-25
17685,5,114,A,11-Jun-25
17724,5,3579,A,05-Sep-25
17747,5,1125,A,14-May-25
17788,5,6755,A,22-Oct-25
17863,5,7960,A,01-Mar-25
17865,5,1683,A,21-Jan-25
17902,5,3901,A,19-Oct-25
17975,5,1893,A,01-Feb-25
18045,5,6797,A,16-Jun-25
18061,5,7277,A,30-Jul-25
18085,5,6002,A,16-Feb-25
18103,5,7369,A,19-May-25
18131,5,2183,A,26-Sep-25
18136,5,7848,A,25-Feb-25
18165,5,1467,A,20-Feb-25
18169,5,5289,A,25-Sep-25
18225,5,2545,A,15-Mar-25
18226,5,6799,A,22-Nov-25
18256,5,7541,A,08-Mar-25
18258,5,1353,A,17-Nov-25
18259,5,7391,A,27-Jan-25
18277,5,823,A,08-Jun-25
18279,5,5724,A,29-May-25
18290,5,5963,A,25-Apr-25
18294,5,1667,A,24-Sep-25
18319,5,7316,A,17-Oct-25
18329,5,3064,A,16-Jun-25
18332,5,582,A,26-Mar-25
18361,5,3024,A,24-Dec-25
18378,5,97,A,10-Dec-25
18387,5,4146,A,19-May-25
18445,5,3939,A,14-Jul-25
18447,5,2672,A,04-May-25
18523,5,4665,A,13-Jan-25
18524,5,561,A,12-Feb-25
18526,5,6768,A,17-Jan-26
18527,5,1225,A,17-Mar-25
18583,5,3091,A,31-Jan-25
18590,5,4575,A,11-Dec-25
18622,5,59,A,20-Jan-25
18626,5,4729,A,26-Jun-25
18654,5,1101,A,05-Jan-25
18736,5,4254,A,19-Nov-25
18740,5,1629,A,05-Oct-25
18815,5,3775,A,09-Nov-25
18887,5,5109,A,17-Oct-25
18946,5,785,A,25-Aug-25
18975,5,3009,A,06-Nov-25
19031,5,3414,A,27-Jul-25
19098,5,2675,A,18-Jan-25
19104,5,1110,A,04-Dec-25
19139,5,2142,A,05-Dec-25
19222,5,3285,A,19-Aug-25
19224,5,1319,A,20-Nov-25
19228,5,7667,A,08-Apr-25
19317,5,242,A,20-Jan-25
19336,5,4820,A,25-Jul-25
19383,5,7568,A,07-Jun-25
19386,5,6951,A,01-Apr-25
19390,5,7520,A,24-Oct-25
19391,5,6021,A,09-Jun-25
19427,5,5244,A,10-Dec-25
19433,5,2639,A,16-Jul-25
19449,5,6342,A,12-Jan-25
19462,5,4624,A,19-Oct-25
19481,5,1333,A,17-Jul-25
19516,5,5238,A,06-Nov-25
19526,5,4302,A,24-Apr-25
19546,5,4839,A,24-Sep-25
19570,5,4024,A,15-Feb-25
19587,5,1525,A,31-Dec-25
19615,5,2128,A,23-Jan-25
19633,5,4738,A,01-May-25
19647,5,35,A,12-Jan-26
19701,5,7557,A,02-Aug-25
19732,5,1146,A,25-Oct-25
19771,5,6527,A,26-Jul-25
19793,5,452,A,30-Sep-25
19815,5,1003,A,05-Jun-25
19823,5,2272,A,30-Jul-25
19830,5,4232,A,01-Jul-25
19859,5,4146,A,23-Oct-25
19863,5,5579,A,13-Mar-25
19871,5,1611,A,30-Aug-25
19882,5,1802,A,04-Oct-25
19886,5,7050,A,14-Jul-25
19925,5,2463,A,27-Mar-25
19972,5,7152,A,31-Oct-25
19984,5,4454,A,05-Jul-25
24,1,6483,A,23-May-25
36,1,4553,A,03-Jun-25
58,1,5768,A,19-Dec-25
68,1,30,A,24-Jul-25
107,1,2042,A,24-Aug-25
117,1,1173,A,25-Jan-25
136,1,2351,A,06-Oct-25
178,1,7356,A,07-Jan-25
182,1,5008,A,29-Jun-25
199,1,2011,A,17-Jan-25
230,1,2302,A,01-Dec-25
274,1,2968,A,20-Mar-25
282,1,319,A,18-Jul-25
317,1,3638,A,22-Oct-25
371,1,1003,A,09-Sep-25
375,1,2768,A,06-Aug-25
407,1,5890,A,09-May-25
410,1,4042,A,27-Feb-25
440,1,6515,A,21-Aug-25
444,1,5175,A,27-Aug-25
469,1,165,A,01-Oct-25
503,1,4491,A,03-Jun-25
510,1,4772,A,17-Mar-25
573,1,7862,A,08-Jan-25
585,1,4661,A,31-Jul-25
588,1,7456,A,16-Jul-25
600,1,5236,A,03-Jan-26
628,1,5911,A,28-Oct-25
677,1,14,A,08-Sep-25
678,1,1738,A,14-Jan-26
705,1,3604,A,14-Jan-26
828,1,6346,A,05-Jan-26
833,1,5087,A,17-Oct-25
854,1,5521,A,05-Oct-25
867,1,5284,A,09-Jan-25
950,1,6519,A,04-Mar-25
1019,1,5126,A,09-Dec-25
1021,1,5711,A,01-May-25
1028,1,4645,A,17-Aug-25
1067,1,5624,A,17-Nov-25
1113,1,267,A,04-Mar-25
1131,1,6864,A,01-Feb-25
1183,1,421,A,24-Apr-25
1212,1,3623,A,24-Mar-25
1227,1,2396,A,02-Jul-25
1250,1,3008,A,02-Nov-25
1271,1,2035,A,04-Nov-25
1295,1,3968,A,02-Nov-25
1297,1,4647,A,21-Nov-25
1305,1,5357,A,21-Oct-25
1323,1,4122,A,24-Dec-25
1340,1,5024,A,15-Jan-26
1384,1,3412,A,23-Nov-25
1395,1,2387,A,15-Mar-25
1405,1,7999,A,28-Jul-25
1407,1,3903,A,03-Feb-25
1414,1,5875,A,03-Apr-25
1499,1,4049,A,10-May-25
1534,1,5054,A,12-Nov-25
1558,1,7853,A,13-Jul-25
1562,1,7829,A,10-Nov-25
1568,1,5631,A,12-Sep-25
1615,1,1649,A,19-Mar-25
1699,1,4555,A,26-Feb-25
1745,1,6787,A,29-Aug-25
1752,1,1599,A,25-Sep-25
1778,1,5070,A,08-Oct-25
1812,1,2768,A,27-Dec-25
1879,1,2166,A,27-Oct-25
1887,1,6287,A,10-Apr-25
1966,1,4113,A,15-Aug-25
1978,1,2694,A,19-Feb-25
1983,1,6154,A,14-Jan-25
1996,1,4888,A,25-May-25
2005,1,907,A,03-Jun-25
2019,1,6024,A,25-Nov-25
2049,1,1867,A,05-Aug-25
2057,1,4144,A,25-Jun-25
2135,1,2039,A,24-Nov-25
2150,1,4490,A,30-Oct-25
2188,1,1938,A,11-May-25
2212,1,1326,A,06-Jan-26
2255,1,1383,A,28-Aug-25
2282,1,5825,A,19-Nov-25
2312,1,4036,A,18-Nov-25
2334,1,4954,A,03-Oct-25
2379,1,6566,A,05-Jul-25
2420,1,2170,A,28-Jan-25
2437,1,7458,A,06-Aug-25
2465,1,2816,A,15-May-25
2477,1,4777,A,20-Jul-25
2523,1,1096,A,25-Aug-25
2526,1,608,A,31-May-25
2535,1,3474,A,05-Aug-25
2622,1,701,A,21-Oct-25
2625,1,2083,A,14-Oct-25
2628,1,3553,A,31-Oct-25
2632,1,6703,A,05-Jan-25
2635,1,2142,A,28-Apr-25
2642,1,5342,A,16-May-25
2667,1,1881,A,31-Dec-25
2706,1,7007,A,18-Jan-25
2744,1,7986,A,26-Dec-25
2753,1,4303,A,23-Apr-25
2788,1,1676,A,24-Aug-25
2804,1,5350,A,14-Nov-25
2823,1,5803,A,07-Nov-25
2842,1,7035,A,22-Jan-25
2856,1,2334,A,01-Aug-25
2912,1,6918,A,27-Aug-25
2960,1,5508,A,29-May-25
2986,1,4542,A,08-Apr-25
2987,1,7804,A,18-Oct-25
3021,1,1435,A,19-Sep-25
3023,1,4885,A,09-Feb-25
3037,1,773,A,13-May-25
3061,1,1017,A,07-Oct-25
3093,1,5168,A,16-Aug-25
3157,1,258,A,26-Apr-25
3182,1,2963,A,23-Jul-25
3297,1,7375,A,31-Mar-25
3343,1,4836,A,15-Jan-25
3393,1,6876,A,15-Mar-25
3469,1,2550,A,30-Jan-25
3511,1,525,A,14-Feb-25
3540,1,1027,A,24-Dec-25
3566,1,2834,A,02-Apr-25
3606,1,3977,A,16-Jul-25
3635,1,2151,A,10-Nov-25
3688,1,338,A,31-Mar-25
3711,1,753,A,28-Nov-25
3713,1,4696,A,10-Aug-25
3727,1,1255,A,15-Jul-25
3732,1,3581,A,15-Jan-25
3753,1,1238,A,17-Apr-25
3760,1,5043,A,27-Aug-25
3779,1,1894,A,01-Feb-25
3791,1,1057,A,29-Jun-25
3815,1,243,A,19-Aug-25
3887,1,1382,A,01-Nov-25
3897,1,1875,A,21-Mar-25
3905,1,3807,A,10-Jun-25
3934,1,1908,A,26-Sep-25
3943,1,7370,A,10-Oct-25
4016,1,3472,A,04-Oct-25
4038,1,2314,A,07-Sep-25
4043,1,222,A,09-May-25
4058,1,4743,A,02-Jun-25
4067,1,3153,A,19-Feb-25
4108,1,5676,A,25-Oct-25
4115,1,5751,A,14-Mar-25
4132,1,6816,A,26-Mar-25
4143,1,3027,A,22-Feb-25
4147,1,356,A,22-Apr-25
4171,1,6354,A,13-Dec-25
4246,1,7873,A,19-Feb-25
4280,1,1637,A,14-Apr-25
4295,1,1886,A,22-Jan-25
4309,1,1801,A,21-Nov-25
4342,1,6903,A,06-Jun-25
4376,1,3607,A,04-Apr-25
4395,1,3357,A,24-Oct-25
4402,1,7398,A,17-Feb-25
4543,1,190,A,21-Aug-25
4553,1,510,A,12-Oct-25
4555,1,6030,A,07-Jan-25
4583,1,682,A,13-Jan-26
4593,1,4256,A,17-Dec-25
4594,1,5957,A,01-Apr-25
4645,1,3734,A,26-Jan-25
4647,1,3038,A,18-May-25
4660,1,875,A,24-Jun-25
4752,1,5092,A,13-Jul-25
4774,1,975,A,27-Oct-25
4775,1,381,A,25-Apr-25
4794,1,1527,A,10-Dec-25
4803,1,6918,A,03-Sep-25
4805,1,2620,A,22-Jan-25
4832,1,6298,A,21-Jan-25
4877,1,1366,A,28-Apr-25
4880,1,3509,A,13-Jan-25
4893,1,384,A,10-Aug-25
4926,1,4292,A,09-May-25
4936,1,4889,A,26-Sep-25
4951,1,537,A,09-Sep-25
4959,1,3570,A,03-Mar-25
5001,1,1840,A,18-Jan-25
5052,1,5951,A,09-Nov-25
5058,1,602,A,17-Sep-25
5070,1,3421,A,05-Feb-25
5104,1,7737,A,23-Sep-25
5180,1,5948,A,20-Dec-25
5186,1,1454,A,25-Oct-25
5203,1,7188,A,17-Feb-25
5236,1,3965,A,19-Jun-25
5270,1,2670,A,12-Oct-25
5272,1,5855,A,21-Apr-25
5273,1,4994,A,15-Jul-25
5299,1,5750,A,09-Jan-26
5303,1,57,A,17-Jun-25
5306,1,565,A,11-Dec-25
5308,1,3880,A,18-Jun-25
5323,1,3372,A,13-Feb-25
5351,1,2069,A,09-Jan-26
5380,1,438,A,26-Aug-25
5389,1,2365,A,25-Dec-25
5400,1,4934,A,23-Aug-25
5408,1,6114,A,23-Sep-25
5414,1,1360,A,10-Jun-25
5493,1,6663,A,29-Nov-25
5503,1,1778,A,27-Oct-25
5508,1,3045,A,30-Mar-25
5545,1,3874,A,31-Dec-25
5581,1,1890,A,15-Dec-25
5638,1,3134,A,02-Oct-25
5689,1,2576,A,06-May-25
5734,1,5214,A,02-May-25
5736,1,1424,A,26-Sep-25
5745,1,2289,A,26-Sep-25
5778,1,6667,A,23-Oct-25
5794,1,6445,A,03-Oct-25
5829,1,6735,A,07-Nov-25
5846,1,1421,A,08-Mar-25
5869,1,4795,A,20-Sep-25
5910,1,6688,A,29-Aug-25
5957,1,4481,A,03-Aug-25
6035,1,2855,A,16-Jun-25
6064,1,6234,A,16-Mar-25
6086,1,3539,A,12-Apr-25
6145,1,485,A,09-Sep-25
6146,1,5917,A,24-Sep-25
6214,1,463,A,26-Apr-25
6217,1,2706,A,27-Mar-25
6258,1,6040,A,11-Jan-26
6272,1,515,A,25-Dec-25
6281,1,1386,A,05-Oct-25
6288,1,6612,A,05-Jul-25
6337,1,2483,A,28-Sep-25
6343,1,4945,A,03-Dec-25
6356,1,5074,A,22-Sep-25
6358,1,5788,A,19-Nov-25
6362,1,1388,A,17-Apr-25
6390,1,649,A,05-May-25
6402,1,2009,A,07-May-25
6418,1,2061,A,25-May-25
6423,1,1654,A,08-Jul-25
6469,1,1501,A,09-Aug-25
6495,1,3037,A,05-Apr-25
6503,1,1754,A,05-May-25
6510,1,620,A,25-Nov-25
6515,1,5551,A,22-Sep-25
6542,1,5548,A,02-Jul-25
6612,1,1758,A,10-Dec-25
6639,1,5462,A,04-Jan-26
6670,1,6219,A,16-Apr-25
6674,1,3605,A,09-Sep-25
6689,1,4831,A,22-Nov-25
6720,1,7239,A,26-Apr-25
6823,1,1581,A,13-Sep-25
6864,1,7008,A,17-Sep-25
6916,1,2904,A,08-May-25
6935,1,843,A,27-Oct-25
6945,1,800,A,02-Jun-25
6954,1,1959,A,05-Feb-25
6973,1,2674,A,17-Jun-25
7026,1,7327,A,14-Aug-25
7027,1,805,A,26-Oct-25
7029,1,4877,A,18-Oct-25
7035,1,6823,A,10-Jul-25
7040,1,5850,A,14-Jan-25
7053,1,6915,A,06-Sep-25
7062,1,3316,A,05-Feb-25
7063,1,7054,A,07-Dec-25
7069,1,6529,A,16-May-25
7077,1,6587,A,07-Dec-25
7125,1,6681,A,17-Aug-25
7184,1,5835,A,08-Oct-25
7204,1,4268,A,22-May-25
7213,1,1201,A,12-Oct-25
7223,1,6038,A,06-Aug-25
7253,1,6584,A,19-Jun-25
7271,1,2165,A,14-Mar-25
7277,1,7541,A,30-Apr-25
7304,1,3105,A,12-Oct-25
7324,1,261,A,02-Aug-25
7346,1,612,A,16-Feb-25
7355,1,2996,A,06-Jun-25
7361,1,2510,A,22-Dec-25
7376,1,7103,A,07-Apr-25
7410,1,2483,A,10-Oct-25
7425,1,2038,A,13-Dec-25
7474,1,3800,A,01-Mar-25
7489,1,5963,A,14-Jan-25
7501,1,440,A,15-Mar-25
7524,1,3031,A,22-Apr-25
7525,1,3557,A,05-Feb-25
7555,1,7007,A,21-Jul-25
7599,1,6288,A,19-Feb-25
7606,1,3190,A,10-Sep-25
7630,1,2680,A,28-Dec-25
7635,1,3175,A,19-Aug-25
7652,1,3365,A,22-Mar-25
7673,1,2846,A,09-Nov-25
7764,1,4601,A,30-Nov-25
7767,1,1192,A,17-Jan-26
7769,1,1133,A,22-Feb-25
7780,1,4594,A,23-Sep-25
7805,1,935,A,03-Feb-25
7822,1,7236,A,27-Jun-25
7854,1,7140,A,01-Jan-26
7870,1,161,A,16-Jun-25
7891,1,954,A,15-Jul-25
7932,1,7970,A,30-Jan-25
7951,1,7587,A,27-Jul-25
7974,1,1603,A,19-Mar-25
7981,1,80,A,20-Jul-25
7986,1,4470,A,20-Nov-25
7991,1,5776,A,14-Feb-25
7998,1,714,A,08-Aug-25
8045,1,7067,A,06-Nov-25
8071,1,3632,A,26-Oct-25
8118,1,6498,A,03-Dec-25
8146,1,810,A,23-Apr-25
8157,1,3940,A,19-Jun-25
8179,1,7275,A,14-Jul-25
8189,1,2926,A,15-Sep-25
8243,1,7288,A,20-Sep-25
8290,1,7850,A,09-Jan-26
8316,1,1708,A,20-Jul-25
8368,1,1476,A,22-Oct-25
8378,1,7529,A,05-Jan-26
8413,1,6529,A,30-Jan-25
8417,1,2697,A,07-Dec-25
8459,1,4823,A,21-Oct-25
8460,1,1752,A,03-Jan-25
8470,1,6776,A,08-Jun-25
8473,1,7214,A,31-Oct-25
8497,1,3828,A,13-Sep-25
8522,1,2662,A,07-Oct-25
8557,1,2763,A,31-Aug-25
8560,1,3508,A,20-Jan-25
8621,1,2064,A,13-Jan-26
8643,1,1140,A,01-Jul-25
8648,1,1551,A,06-Oct-25
8670,1,6132,A,05-Dec-25
8676,1,6030,A,20-Aug-25
8685,1,100,A,15-Apr-25
8690,1,7294,A,05-Apr-25
8701,1,4826,A,06-Aug-25
8732,1,6053,A,20-Mar-25
8743,1,7469,A,13-Jan-25
8789,1,44,A,01-Dec-25
8813,1,3839,A,12-Jun-25
8814,1,5832,A,27-Oct-25
8860,1,1240,A,22-Jul-25
8876,1,942,A,11-Dec-25
8879,1,3228,A,13-Mar-25
8885,1,2070,A,17-Oct-25
8971,1,5241,A,04-Feb-25
8981,1,3586,A,08-Jun-25
8999,1,6418,A,03-Jan-25
9042,1,4503,A,12-Sep-25
9055,1,3560,A,08-Jun-25
9076,1,4381,A,11-Oct-25
9157,1,5766,A,01-Sep-25
9166,1,7312,A,07-Feb-25
9169,1,1880,A,18-Oct-25
9253,1,546,A,23-Feb-25
9283,1,4378,A,23-Aug-25
9299,1,5776,A,05-Oct-25
9319,1,1677,A,14-Sep-25
9329,1,6592,A,27-Apr-25
9354,1,4036,A,18-Jun-25
9413,1,7583,A,17-Jul-25
9418,1,7606,A,22-Feb-25
9420,1,7874,A,19-Aug-25
9525,1,3523,A,15-Sep-25
9530,1,4262,A,25-Dec-25
9543,1,2949,A,20-May-25
9587,1,3382,A,15-Mar-25
9604,1,774,A,27-Feb-25
9645,1,7130,A,25-Aug-25
9669,1,2396,A,04-Dec-25
9701,1,2428,A,10-Jun-25
9726,1,5095,A,19-Feb-25
9727,1,975,A,28-Jun-25
9735,1,154,A,21-Apr-25
9753,1,3013,A,10-Sep-25
9754,1,2537,A,23-Dec-25
9766,1,2866,A,27-Mar-25
9828,1,6718,A,16-Jan-25
9866,1,4712,A,17-Jun-25
9868,1,7736,A,13-Dec-25
9889,1,6800,A,18-Dec-25
9913,1,720,A,21-Jan-25
9948,1,2823,A,14-Jan-25
9986,1,669,A,05-Nov-25
10007,1,4146,A,29-Mar-25
10014,1,3969,A,18-May-25
10029,1,1411,A,26-Aug-25
10073,1,3108,A,08-Mar-25
10101,1,3793,A,25-Jul-25
10103,1,2290,A,04-Dec-25
10144,1,7352,A,02-Jan-26
10153,1,398,A,10-Jun-25
10164,1,2070,A,29-Jun-25
10170,1,4652,A,05-Jan-25
10181,1,850,A,21-Mar-25
10189,1,5295,A,19-Aug-25
10198,1,2968,A,11-Jan-25
10240,1,2911,A,04-Apr-25
10243,1,7136,A,27-Nov-25
10262,1,5223,A,23-Apr-25
10277,1,4968,A,23-Jan-25
10309,1,968,A,03-Jun-25
10310,1,3854,A,09-Apr-25
10330,1,7976,A,22-Apr-25
10347,1,5845,A,06-Oct-25
10348,1,764,A,23-Mar-25
10350,1,4164,A,20-Jul-25
10381,1,307,A,22-Mar-25
10391,1,5411,A,09-Sep-25
10399,1,4107,A,15-Dec-25
10415,1,1347,A,03-Sep-25
10449,1,5104,A,06-Nov-25
10478,1,2179,A,13-Feb-25
10522,1,6524,A,12-Jan-26
10530,1,6529,A,05-Jan-26
10536,1,6529,A,17-Jan-26
10567,1,4545,A,16-Jan-25
10576,1,6353,A,24-Nov-25
10585,1,5596,A,15-Mar-25
10592,1,1803,A,21-May-25
10605,1,3522,A,03-Nov-25
10610,1,6892,A,21-Jan-25
10676,1,2538,A,15-Dec-25
10690,1,4875,A,14-Aug-25
10719,1,5920,A,23-Mar-25
10752,1,7413,A,06-Oct-25
10805,1,2022,A,04-May-25
10819,1,6016,A,22-Nov-25
10843,1,914,A,07-Jan-25
10858,1,6097,A,18-Nov-25
10894,1,1492,A,11-Dec-25
10901,1,249,A,29-Oct-25
10940,1,3252,A,17-Feb-25
10955,1,1714,A,24-Jan-25
11005,1,567,A,26-Mar-25
11030,1,5439,A,26-Jan-25
11040,1,4946,A,30-Dec-25
11043,1,6981,A,02-Jul-25
11076,1,2680,A,07-Oct-25
11091,1,2978,A,06-Nov-25
11128,1,7835,A,20-Mar-25
11132,1,6660,A,24-Oct-25
11136,1,1305,A,15-Apr-25
11142,1,1206,A,22-Apr-25
11144,1,6211,A,30-Aug-25
11187,1,5707,A,12-Jan-26
11194,1,5194,A,11-Dec-25
11197,1,5402,A,23-Apr-25
11199,1,3357,A,02-Jan-26
11239,1,2234,A,22-Sep-25
11274,1,2032,A,24-Jul-25
11276,1,4564,A,08-Nov-25
11320,1,3387,A,12-Dec-25
11344,1,1282,A,30-Dec-25
11380,1,4514,A,23-Oct-25
11412,1,4284,A,25-Jan-25
11417,1,1930,A,02-Jun-25
11439,1,5963,A,03-Feb-25
11447,1,5588,A,29-Apr-25
11452,1,5270,A,14-Apr-25
11459,1,7220,A,08-Dec-25
11481,1,6562,A,11-Dec-25
11488,1,1645,A,05-Sep-25
11498,1,3782,A,14-Sep-25
11508,1,4990,A,09-Aug-25
11521,1,751,A,28-Oct-25
11525,1,3186,A,10-Feb-25
11563,1,6355,A,12-Jun-25
11583,1,758,A,07-Jun-25
11710,1,843,A,11-Jul-25
11716,1,2218,A,27-May-25
11719,1,1029,A,14-May-25
11777,1,1676,A,01-Jul-25
11802,1,2826,A,21-Dec-25
11844,1,5164,A,25-Apr-25
11858,1,6419,A,04-Aug-25
11926,1,5274,A,15-Sep-25
11933,1,135,A,08-Oct-25
11959,1,4470,A,13-Jan-25
11961,1,7325,A,29-May-25
11972,1,7146,A,15-Sep-25
12028,1,5436,A,24-Jul-25
12145,1,5764,A,12-Mar-25
12169,1,1512,A,10-May-25
12184,1,4215,A,11-Nov-25
12196,1,3365,A,16-Jun-25
12210,1,1993,A,19-Nov-25
12232,1,1698,A,07-Jun-25
12288,1,6033,A,24-Aug-25
12289,1,5368,A,12-Sep-25
12302,1,4375,A,18-Jan-25
12315,1,5884,A,11-Mar-25
12331,1,5084,A,07-Apr-25
12364,1,4367,A,28-Jun-25
12433,1,6143,A,21-Oct-25
12475,1,5305,A,28-Mar-25
12503,1,2318,A,16-Jun-25
12521,1,7440,A,16-Apr-25
12527,1,6484,A,24-Apr-25
12628,1,2132,A,04-May-25
12682,1,6808,A,07-Mar-25
12698,1,6363,A,31-May-25
12705,1,4141,A,19-Jul-25
12714,1,2765,A,20-Nov-25
12721,1,7428,A,21-Sep-25
12790,1,4471,A,12-Aug-25
12803,1,1098,A,14-May-25
12819,1,4988,A,13-Jul-25
12894,1,109,A,26-Apr-25
12985,1,7511,A,02-Dec-25
13015,1,7270,A,13-Nov-25
13044,1,2805,A,27-Jun-25
13047,1,5257,A,30-May-25
13149,1,7914,A,12-Apr-25
13222,1,6006,A,25-Mar-25
13245,1,6847,A,05-Nov-25
13262,1,7886,A,07-Sep-25
13268,1,7390,A,06-Nov-25
13273,1,5706,A,01-Jun-25
13291,1,2437,A,16-Apr-25
13395,1,3615,A,10-Jul-25
13401,1,5921,A,15-Sep-25
13408,1,6070,A,13-Oct-25
13416,1,6248,A,08-Jan-26
13447,1,5599,A,24-May-25
13486,1,6258,A,19-May-25
13496,1,6108,A,01-Oct-25
13499,1,4423,A,21-Apr-25
13562,1,2150,A,28-May-25
13584,1,2521,A,05-Oct-25
13592,1,7750,A,26-Sep-25
13595,1,7489,A,30-Nov-25
13624,1,688,A,19-Apr-25
13640,1,4782,A,10-Oct-25
13749,1,2724,A,26-Feb-25
13757,1,5170,A,13-Jan-26
13758,1,5978,A,22-Aug-25
13766,1,5111,A,19-May-25
13777,1,6037,A,07-Jul-25
13780,1,7787,A,13-Jan-25
13783,1,6757,A,04-Jan-26
13790,1,767,A,20-Jan-25
13791,1,5254,A,31-Aug-25
13887,1,2684,A,18-Sep-25
13899,1,2311,A,06-Oct-25
13957,1,759,A,23-Jul-25
14067,1,5167,A,20-Feb-25
14082,1,7432,A,03-Sep-25
14124,1,6040,A,23-Mar-25
14140,1,3682,A,12-May-25
14161,1,1041,A,25-Feb-25
14195,1,1006,A,28-Nov-25
14258,1,2124,A,21-Oct-25
14297,1,2132,A,30-May-25
14315,1,3563,A,25-Jun-25
14329,1,1878,A,10-Oct-25
14336,1,5340,A,06-Feb-25
14348,1,1932,A,23-Aug-25
14424,1,6053,A,04-Jun-25
14481,1,2777,A,29-Jun-25
14485,1,5997,A,05-Aug-25
14513,1,3135,A,15-Mar-25
14546,1,4278,A,05-Jan-25
14600,1,3757,A,16-Nov-25
14608,1,4958,A,20-Feb-25
14632,1,518,A,22-Sep-25
14706,1,4000,A,29-Nov-25
14731,1,822,A,19-Dec-25
14746,1,4722,A,17-Apr-25
14761,1,4948,A,23-Mar-25
14852,1,887,A,27-Nov-25
14853,1,7312,A,22-Oct-25
14925,1,4071,A,26-Nov-25
14938,1,7284,A,20-Feb-25
14941,1,7581,A,16-Mar-25
14943,1,3840,A,15-Nov-25
14977,1,7318,A,29-Apr-25
14983,1,7753,A,04-Apr-25
15016,1,7232,A,10-Nov-25
15023,1,7258,A,12-May-25
15062,1,31,A,02-Jul-25
15071,1,5605,A,17-May-25
15091,1,204,A,10-Jul-25
15103,1,2119,A,20-Feb-25
15157,1,4484,A,12-Apr-25
15168,1,5268,A,13-May-25
15187,1,6835,A,15-May-25
15189,1,1607,A,14-Nov-25
15201,1,2140,A,25-Jan-25
15220,1,5960,A,18-Mar-25
15222,1,1582,A,04-May-25
15229,1,7873,A,31-May-25
15237,1,2872,A,07-Jan-26
15263,1,2501,A,06-Jun-25
15270,1,4124,A,25-Mar-25
15274,1,870,A,24-May-25
15284,1,6228,A,14-Mar-25
15300,1,7094,A,23-Oct-25
15325,1,308,A,03-Apr-25
15350,1,3447,A,07-May-25
15395,1,6158,A,15-Mar-25
15424,1,1556,A,21-Nov-25
15433,1,2674,A,25-Jan-25
15437,1,7249,A,25-Jun-25
15463,1,5969,A,23-Jun-25
15513,1,1718,A,12-Nov-25
15514,1,7100,A,07-Jun-25
15531,1,3818,A,26-Oct-25
15560,1,4825,A,25-Jul-25
15581,1,6108,A,19-Jul-25
15596,1,3988,A,04-Sep-25
15599,1,1855,A,19-Dec-25
15610,1,6809,A,24-Dec-25
15628,1,503,A,29-Aug-25
15676,1,4211,A,18-Mar-25
15773,1,7770,A,09-Dec-25
15785,1,7434,A,02-Nov-25
15790,1,5585,A,19-Nov-25
15798,1,3595,A,15-Dec-25
15801,1,3824,A,15-Apr-25
15809,1,3671,A,22-Nov-25
15829,1,7568,A,10-Oct-25
15895,1,7588,A,22-Aug-25
15899,1,4296,A,02-Mar-25
15923,1,6304,A,04-Oct-25
15930,1,3848,A,06-Jun-25
15979,1,2076,A,04-Aug-25
15993,1,5431,A,21-Aug-25
16013,1,5693,A,10-Mar-25
16015,1,5490,A,05-Jul-25
16021,1,476,A,02-Jun-25
16028,1,2750,A,01-Dec-25
16060,1,3123,A,11-May-25
16061,1,1963,A,25-Aug-25
16099,1,1067,A,03-Feb-25
16107,1,2646,A,25-Jun-25
16116,1,3200,A,30-Jun-25
16161,1,5749,A,23-Mar-25
16185,1,4858,A,21-Feb-25
16189,1,3561,A,09-Jan-26
16203,1,2572,A,17-Mar-25
16245,1,7664,A,19-Jun-25
16340,1,3802,A,12-Dec-25
16375,1,2966,A,28-Sep-25
16389,1,7682,A,17-Oct-25
16404,1,1709,A,22-Dec-25
16458,1,1503,A,16-Oct-25
16471,1,5620,A,27-Sep-25
16489,1,4395,A,06-Jan-25
16497,1,2262,A,15-May-25
16517,1,1500,A,04-Jun-25
16526,1,1283,A,18-Jan-26
16577,1,1357,A,30-Jan-25
16579,1,2436,A,22-Aug-25
16585,1,3627,A,21-Dec-25
16668,1,3317,A,19-Aug-25
16673,1,5909,A,29-Sep-25
16674,1,239,A,04-Apr-25
16698,1,3222,A,19-Mar-25
16722,1,4237,A,19-Dec-25
16764,1,2355,A,16-Sep-25
16775,1,1435,A,05-Mar-25
16780,1,1725,A,08-May-25
16781,1,1306,A,29-Jun-25
16787,1,68,A,14-Aug-25
16802,1,7398,A,26-Sep-25
16819,1,1914,A,18-Apr-25
16892,1,127,A,13-Jul-25
16896,1,1956,A,18-Jan-26
16910,1,3844,A,13-Jun-25
16913,1,1742,A,16-Nov-25
16920,1,3730,A,13-May-25
16944,1,7985,A,16-May-25
16963,1,6483,A,17-Jan-25
17007,1,6084,A,11-Jun-25
17053,1,5850,A,09-Jan-26
17068,1,7483,A,09-May-25
17101,1,5435,A,16-Jun-25
17237,1,6170,A,01-May-25
17281,1,6072,A,03-Aug-25
17319,1,1868,A,11-Jul-25
17365,1,1882,A,11-Dec-25
17378,1,7098,A,08-Feb-25
17390,1,5080,A,12-Dec-25
17412,1,6964,A,31-Aug-25
17435,1,3212,A,11-Jul-25
17472,1,3257,A,13-May-25
17499,1,3967,A,28-Oct-25
17538,1,4184,A,24-Mar-25
17568,1,1616,A,04-Jan-25
17646,1,4514,A,05-Aug-25
17647,1,246,A,26-Aug-25
17656,1,859,A,08-Nov-25
17683,1,706,A,05-Jan-25
17771,1,133,A,13-Aug-25
17882,1,1110,A,19-Oct-25
17906,1,4600,A,19-Mar-25
17988,1,5004,A,17-Feb-25
17991,1,2489,A,29-Aug-25
18009,1,3084,A,09-Feb-25
18042,1,1897,A,03-Aug-25
18046,1,2164,A,22-Nov-25
18081,1,7569,A,27-Jun-25
18082,1,5793,A,13-Dec-25
18107,1,4280,A,26-Dec-25
18109,1,7189,A,30-Jul-25
18110,1,1254,A,26-Apr-25
18120,1,4881,A,30-Sep-25
18129,1,7411,A,15-Sep-25
18143,1,2578,A,22-Jun-25
18202,1,3830,A,24-Sep-25
18212,1,1739,A,13-Jun-25
18247,1,7051,A,18-Jan-26
18331,1,372,A,10-Jan-26
18335,1,7515,A,25-Feb-25
18338,1,5792,A,14-Apr-25
18356,1,1752,A,15-Dec-25
18359,1,2568,A,11-May-25
18375,1,391,A,28-Oct-25
18421,1,5995,A,06-Dec-25
18446,1,1985,A,23-Jun-25
18452,1,2235,A,02-Feb-25
18464,1,7250,A,19-Nov-25
18490,1,2947,A,21-Aug-25
18561,1,6222,A,27-Jan-25
18617,1,4018,A,18-Oct-25
18639,1,4265,A,22-Jan-25
18649,1,6219,A,09-Apr-25
18667,1,2608,A,04-Apr-25
18710,1,1413,A,24-Mar-25
18793,1,1063,A,31-Aug-25
18805,1,5450,A,23-Aug-25
18831,1,3104,A,09-Mar-25
18868,1,5449,A,15-Feb-25
18869,1,6418,A,31-Dec-25
18915,1,3235,A,31-Jul-25
18928,1,2170,A,02-Jun-25
18948,1,281,A,04-Feb-25
18954,1,2586,A,13-Jun-25
18987,1,6410,A,22-Jan-25
19015,1,1741,A,12-Jun-25
19025,1,4584,A,08-May-25
19038,1,4845,A,12-May-25
19055,1,4363,A,24-Mar-25
19090,1,4984,A,08-Jun-25
19107,1,1922,A,11-Jan-25
19115,1,6190,A,16-Jul-25
19125,1,7961,A,10-Apr-25
19149,1,1340,A,11-Apr-25
19207,1,2644,A,03-Dec-25
19220,1,5623,A,25-Apr-25
19268,1,1581,A,11-Nov-25
19281,1,6775,A,06-Mar-25
19302,1,2695,A,13-Jun-25
19363,1,4728,A,07-Jan-25
19364,1,1178,A,20-Mar-25
19382,1,3566,A,27-Sep-25
19406,1,116,A,29-Oct-25
19440,1,7545,A,25-Jan-25
19476,1,4412,A,25-Nov-25
19628,1,6064,A,22-Apr-25
19643,1,6800,A,23-Jul-25
19653,1,3950,A,29-Dec-25
19662,1,5002,A,28-Dec-25
19699,1,6406,A,03-Aug-25
19731,1,3251,A,01-Sep-25
19733,1,6357,A,01-Jan-26
19738,1,5476,A,19-Apr-25
19759,1,4220,A,30-Sep-25
19782,1,7628,A,12-Nov-25
19868,1,7602,A,06-Nov-25
19877,1,4573,A,15-Jul-25
19904,1,5059,A,18-Feb-25
19905,1,4025,A,13-Mar-25
19917,1,6586,A,18-Apr-25
19966,1,3599,A,25-Jun-25
22,10,3533,B,23-Dec-25
38,10,6225,B,23-Mar-25
57,10,4770,B,21-Jul-25
141,10,3943,B,26-Aug-25
149,10,5465,B,17-Mar-25
180,10,7513,B,08-Jan-26
183,10,5492,B,05-Apr-25
212,10,2751,B,03-Apr-25
217,10,2799,B,26-Nov-25
280,10,413,B,01-Sep-25
437,10,1604,B,17-Oct-25
450,10,6973,B,08-Apr-25
454,10,3760,B,28-Sep-25
476,10,4833,B,04-May-25
494,10,7572,B,05-Jul-25
521,10,4709,B,10-Sep-25
524,10,7096,B,08-Jan-25
532,10,7928,B,28-Mar-25
587,10,4751,B,03-Sep-25
616,10,3570,B,14-Jun-25
619,10,2007,B,12-Aug-25
633,10,6436,B,14-Feb-25
635,10,4425,B,02-Jan-26
652,10,1863,B,14-Nov-25
676,10,6003,B,03-Oct-25
681,10,3872,B,25-Oct-25
692,10,2017,B,20-May-25
713,10,1351,B,22-May-25
733,10,6251,B,10-Aug-25
759,10,5962,B,21-Dec-25
797,10,2380,B,01-Mar-25
808,10,5845,B,10-Jun-25
835,10,1032,B,24-Feb-25
848,10,1191,B,08-Jan-25
860,10,335,B,25-Dec-25
871,10,3951,B,15-Nov-25
924,10,7535,B,19-Jul-25
974,10,6897,B,27-Jan-25
1033,10,6995,B,30-Jan-25
1036,10,441,B,02-Jun-25
1038,10,832,B,11-Oct-25
1048,10,3133,B,31-Jul-25
1053,10,7239,B,01-Apr-25
1081,10,5136,B,23-Dec-25
1115,10,5961,B,10-Jul-25
1117,10,4041,B,20-Sep-25
1126,10,3813,B,13-Apr-25
1130,10,697,B,02-Jul-25
1168,10,1162,B,04-Oct-25
1173,10,28,B,22-May-25
1218,10,964,B,28-May-25
1222,10,3205,B,18-May-25
1286,10,5602,B,07-Dec-25
1294,10,7320,B,21-Apr-25
1315,10,35,B,23-Jan-25
1342,10,282,B,31-Jul-25
1347,10,7750,B,22-Jul-25
1369,10,3095,B,16-Jun-25
1373,10,7015,B,21-Aug-25
1376,10,1112,B,03-Apr-25
1393,10,2319,B,08-Oct-25
1411,10,2390,B,10-Apr-25
1428,10,1145,B,25-Feb-25
1436,10,7623,B,05-Feb-25
1459,10,1295,B,02-Nov-25
1460,10,3047,B,18-Dec-25
1492,10,4102,B,08-Sep-25
1502,10,2279,B,31-Aug-25
1538,10,921,B,19-Apr-25
1557,10,5900,B,30-Jun-25
1590,10,101,B,05-Jul-25
1609,10,1727,B,27-Aug-25
1627,10,6063,B,10-Dec-25
1637,10,5907,B,22-Apr-25
1673,10,7071,B,17-Jul-25
1687,10,7834,B,20-Sep-25
1693,10,7562,B,25-Sep-25
1714,10,2782,B,26-Jan-25
1735,10,800,B,18-Sep-25
1761,10,2531,B,26-Dec-25
1806,10,6879,B,04-Feb-25
1883,10,4249,B,11-Jun-25
1894,10,965,B,22-Jul-25
1920,10,1469,B,13-May-25
1991,10,1953,B,14-Feb-25
2009,10,4126,B,16-Apr-25
2021,10,2088,B,15-Mar-25
2038,10,3772,B,15-Dec-25
2039,10,1424,B,08-Sep-25
2042,10,3530,B,13-Apr-25
2161,10,3163,B,23-Aug-25
2169,10,4295,B,08-Oct-25
2199,10,6937,B,04-Jan-25
2258,10,7862,B,11-May-25
2272,10,4514,B,05-Mar-25
2273,10,2544,B,23-Jul-25
2275,10,6931,B,22-Jul-25
2279,10,5051,B,13-Jan-25
2295,10,5938,B,03-Jan-25
2362,10,6198,B,21-Sep-25
2376,10,758,B,22-Mar-25
2405,10,2691,B,01-Jan-25
2410,10,4777,B,03-May-25
2414,10,1485,B,02-Sep-25
2463,10,3019,B,15-Feb-25
2488,10,2135,B,16-Apr-25
2489,10,2676,B,20-Oct-25
2504,10,1523,B,03-Jun-25
2539,10,5037,B,18-Apr-25
2576,10,2704,B,20-Mar-25
2578,10,3945,B,03-May-25
2631,10,7877,B,28-Oct-25
2640,10,6246,B,11-Jun-25
2650,10,2010,B,03-Jan-25
2686,10,5343,B,19-Mar-25
2726,10,1235,B,14-Oct-25
2746,10,3824,B,17-Sep-25
2776,10,4589,B,29-Apr-25
2783,10,5645,B,28-Apr-25
2792,10,5057,B,16-Jan-26
2807,10,4690,B,04-May-25
2832,10,1422,B,24-Sep-25
2835,10,4111,B,01-Apr-25
2872,10,1925,B,05-Jan-25
2934,10,6945,B,18-Nov-25
3001,10,4588,B,25-May-25
3067,10,4844,B,02-Mar-25
3121,10,4483,B,31-Aug-25
3130,10,2694,B,23-Aug-25
3144,10,6187,B,05-Oct-25
3215,10,349,B,17-Feb-25
3240,10,7479,B,07-Mar-25
3242,10,4830,B,19-May-25
3276,10,4815,B,06-Dec-25
3307,10,2332,B,06-Apr-25
3341,10,6006,B,29-Jul-25
3348,10,7436,B,17-Mar-25
3408,10,1299,B,27-Oct-25
3409,10,2295,B,28-Oct-25
3435,10,1765,B,14-Mar-25
3440,10,2536,B,09-Jan-25
3465,10,6557,B,28-Jun-25
3468,10,3649,B,10-May-25
3474,10,5515,B,04-Jul-25
3482,10,1365,B,07-May-25
3488,10,3197,B,11-Apr-25
3490,10,3824,B,09-Mar-25
3507,10,4574,B,28-Jun-25
3515,10,2823,B,26-Aug-25
3541,10,6155,B,21-Jul-25
3570,10,7163,B,24-Jun-25
3626,10,5158,B,28-Aug-25
3699,10,6526,B,21-Sep-25
3719,10,3304,B,28-Sep-25
3755,10,2414,B,17-May-25
3770,10,850,B,02-Jan-25
3785,10,2710,B,11-Jul-25
3849,10,3656,B,18-Jan-26
3896,10,5148,B,09-Feb-25
3974,10,1824,B,16-Mar-25
3999,10,6910,B,08-Aug-25
4007,10,1554,B,06-Nov-25
4019,10,4394,B,22-Jun-25
4034,10,2293,B,12-Apr-25
4040,10,7004,B,14-Oct-25
4048,10,2971,B,05-Jan-25
4119,10,641,B,09-Feb-25
4121,10,2535,B,16-Feb-25
4126,10,1719,B,21-Sep-25
4136,10,4795,B,10-Jul-25
4163,10,3754,B,13-Apr-25
4256,10,3940,B,14-Jan-26
4262,10,5004,B,17-Jun-25
4264,10,2235,B,03-Oct-25
4310,10,6750,B,16-Aug-25
4355,10,4298,B,07-Nov-25
4358,10,7343,B,04-Sep-25
4364,10,6057,B,10-Nov-25
4394,10,1036,B,06-Mar-25
4411,10,2582,B,30-Mar-25
4429,10,6202,B,02-Apr-25
4430,10,4578,B,18-Dec-25
4441,10,142,B,03-Nov-25
4452,10,7374,B,06-Jun-25
4457,10,6393,B,27-Aug-25
4498,10,5425,B,18-Sep-25
4507,10,3002,B,25-Jun-25
4519,10,4919,B,17-Jun-25
4560,10,3369,B,01-Apr-25
4570,10,5968,B,08-Sep-25
4588,10,6132,B,23-Mar-25
4679,10,5309,B,15-Dec-25
4721,10,1930,B,07-Nov-25
4726,10,4246,B,23-Aug-25
4739,10,1977,B,15-Jun-25
4761,10,304,B,20-Mar-25
4779,10,1400,B,27-Jun-25
4841,10,4161,B,15-Jul-25
4859,10,2553,B,20-Jan-25
4896,10,981,B,20-Mar-25
4923,10,5316,B,11-Feb-25
4942,10,4474,B,15-Jul-25
4943,10,3023,B,18-Sep-25
4971,10,3979,B,14-Jan-26
5027,10,2152,B,05-May-25
5049,10,4139,B,06-Apr-25
5090,10,6788,B,19-Feb-25
5139,10,7211,B,26-May-25
5207,10,6943,B,13-Jul-25
5215,10,3775,B,04-Jan-26
5218,10,1742,B,30-Dec-25
5222,10,4188,B,26-May-25
5248,10,312,B,04-Sep-25
5281,10,6342,B,11-Aug-25
5284,10,6778,B,05-Dec-25
5293,10,3772,B,01-Oct-25
5294,10,7992,B,13-May-25
5313,10,1530,B,26-Mar-25
5317,10,4960,B,23-May-25
5329,10,3110,B,04-Sep-25
5332,10,4322,B,25-Sep-25
5339,10,3656,B,30-Sep-25
5352,10,247,B,15-Nov-25
5420,10,6268,B,13-Jan-25
5461,10,6741,B,25-Jan-25
5474,10,1472,B,13-Jun-25
5496,10,3798,B,13-Dec-25
5513,10,4146,B,21-Sep-25
5528,10,3831,B,10-Mar-25
5607,10,5625,B,07-Aug-25
5618,10,759,B,15-Sep-25
5619,10,1627,B,23-Apr-25
5624,10,839,B,09-Aug-25
5625,10,1079,B,04-Jun-25
5641,10,2225,B,26-Apr-25
5669,10,6011,B,24-Jul-25
5731,10,6925,B,04-Jun-25
5739,10,6834,B,15-Feb-25
5771,10,487,B,06-Sep-25
5781,10,6769,B,06-Jan-25
5783,10,7118,B,20-Jul-25
5805,10,6059,B,28-Jun-25
5818,10,544,B,21-Oct-25
5850,10,4255,B,05-Nov-25
5855,10,3854,B,12-Jul-25
5891,10,3039,B,09-Sep-25
5969,10,4337,B,17-Dec-25
6009,10,4374,B,12-Jun-25
6014,10,2774,B,03-Oct-25
6043,10,7510,B,20-Feb-25
6059,10,6111,B,09-Sep-25
6092,10,6047,B,01-Jun-25
6098,10,6393,B,08-Dec-25
6099,10,2604,B,06-Aug-25
6138,10,6853,B,04-Sep-25
6181,10,5942,B,17-Oct-25
6193,10,2707,B,01-Sep-25
6201,10,6729,B,07-Oct-25
6230,10,4155,B,16-Aug-25
6239,10,1667,B,27-Aug-25
6253,10,4549,B,07-Mar-25
6268,10,7971,B,02-Feb-25
6269,10,1394,B,23-Feb-25
6315,10,3292,B,09-Jun-25
6360,10,6488,B,31-Dec-25
6401,10,3588,B,26-Apr-25
6442,10,5325,B,28-Mar-25
6461,10,3489,B,29-Sep-25
6487,10,3557,B,03-Apr-25
6500,10,6343,B,24-Aug-25
6502,10,6693,B,18-Jun-25
6529,10,7048,B,20-Jun-25
6538,10,7785,B,04-Jul-25
6589,10,318,B,05-Dec-25
6603,10,6758,B,18-Jan-25
6653,10,3746,B,05-Sep-25
6665,10,2886,B,09-Jan-26
6669,10,408,B,28-Dec-25
6688,10,1023,B,13-Jan-25
6694,10,6563,B,27-Oct-25
6698,10,3267,B,03-Aug-25
6712,10,4547,B,20-Oct-25
6730,10,1865,B,16-May-25
6741,10,5508,B,20-Sep-25
6798,10,2029,B,12-Jun-25
6811,10,799,B,14-May-25
6818,10,1452,B,19-Aug-25
6829,10,1550,B,05-Jul-25
6879,10,3701,B,25-Jun-25
6887,10,4899,B,01-Oct-25
6894,10,6995,B,15-Mar-25
6919,10,5996,B,18-Jan-26
6925,10,1183,B,15-Apr-25
6942,10,3870,B,18-Jul-25
6987,10,7842,B,13-Jul-25
7005,10,1757,B,16-Oct-25
7123,10,5087,B,29-Sep-25
7135,10,5220,B,04-Aug-25
7188,10,1009,B,07-Apr-25
7202,10,302,B,29-Apr-25
7240,10,5044,B,06-Jan-26
7241,10,4837,B,10-Jan-25
7262,10,2176,B,03-Jan-26
7320,10,1988,B,08-May-25
7332,10,5967,B,24-Jul-25
7368,10,6733,B,14-Jul-25
7372,10,7040,B,20-Oct-25
7373,10,1771,B,18-Oct-25
7394,10,5257,B,02-Dec-25
7395,10,7959,B,05-Jan-26
7440,10,3851,B,16-Feb-25
7461,10,2470,B,04-Aug-25
7462,10,5047,B,04-Jan-25
7463,10,859,B,20-May-25
7475,10,221,B,29-Oct-25
7476,10,3681,B,06-Apr-25
7615,10,757,B,05-Sep-25
7636,10,99,B,11-Aug-25
7670,10,3431,B,24-Sep-25
7678,10,2418,B,07-Mar-25
7682,10,6663,B,16-Aug-25
7698,10,7410,B,22-Oct-25
7701,10,5315,B,23-Aug-25
7715,10,6208,B,13-Jun-25
7720,10,5467,B,30-Jun-25
7731,10,4356,B,03-Feb-25
7753,10,22,B,29-Mar-25
7785,10,4980,B,14-Jan-26
7858,10,666,B,12-Sep-25
7923,10,5554,B,22-Apr-25
7937,10,4863,B,13-Jun-25
7940,10,7736,B,31-Mar-25
7977,10,6834,B,18-Jan-26
7987,10,4105,B,02-Jan-25
8015,10,3409,B,02-Jan-26
8057,10,5306,B,28-Jun-25
8124,10,6892,B,29-Dec-25
8132,10,4183,B,23-Aug-25
8145,10,3996,B,10-Feb-25
8173,10,6246,B,30-Aug-25
8178,10,1317,B,06-Dec-25
8199,10,4551,B,05-Aug-25
8203,10,6104,B,17-Jan-25
8208,10,3469,B,27-Dec-25
8246,10,1884,B,24-Dec-25
8276,10,1200,B,09-Mar-25
8281,10,3901,B,06-Oct-25
8288,10,5823,B,26-Apr-25
8313,10,7331,B,05-Oct-25
8371,10,2761,B,18-Mar-25
8412,10,1208,B,31-Mar-25
8421,10,7889,B,16-Mar-25
8423,10,7055,B,15-Sep-25
8480,10,2663,B,30-Jan-25
8492,10,4398,B,04-Jun-25
8548,10,3498,B,16-Mar-25
8562,10,2943,B,31-Dec-25
8574,10,6909,B,31-Aug-25
8587,10,2261,B,21-Feb-25
8592,10,7104,B,06-Jan-25
8605,10,7514,B,09-Nov-25
8635,10,289,B,07-Apr-25
8659,10,4272,B,23-May-25
8680,10,668,B,10-Feb-25
8742,10,5944,B,07-May-25
8750,10,322,B,13-Jan-25
8824,10,4005,B,20-Jul-25
8857,10,2304,B,12-Mar-25
8915,10,3985,B,12-Feb-25
8926,10,3625,B,02-Oct-25
8942,10,2795,B,15-Oct-25
8954,10,2533,B,30-Jan-25
9034,10,5067,B,20-Dec-25
9073,10,5404,B,19-Dec-25
9081,10,3426,B,10-Jan-26
9146,10,2967,B,03-Jan-25
9187,10,7126,B,17-Jul-25
9215,10,3416,B,18-Jan-26
9220,10,2439,B,26-Mar-25
9250,10,7209,B,15-Oct-25
9264,10,2654,B,27-Apr-25
9291,10,2819,B,26-Jun-25
9292,10,3089,B,19-Apr-25
9308,10,7615,B,15-Apr-25
9314,10,125,B,21-Jul-25
9417,10,6334,B,17-Mar-25
9454,10,6345,B,28-Feb-25
9460,10,2521,B,14-Dec-25
9502,10,3038,B,26-Jul-25
9505,10,4117,B,23-Jul-25
9517,10,4607,B,16-Sep-25
9551,10,69,B,18-Feb-25
9619,10,4639,B,28-Dec-25
9655,10,7286,B,04-Jan-26
9667,10,1633,B,03-Feb-25
9677,10,4327,B,06-Aug-25
9697,10,5277,B,04-May-25
9739,10,318,B,09-Jan-26
9749,10,3074,B,03-Feb-25
9811,10,4642,B,28-Aug-25
9825,10,1072,B,17-Nov-25
9839,10,4876,B,28-Jan-25
9847,10,7848,B,17-Apr-25
9850,10,2604,B,05-Dec-25
9853,10,7144,B,28-Sep-25
9910,10,3072,B,25-Apr-25
9997,10,2640,B,26-Jan-25
10003,10,6820,B,22-Nov-25
10041,10,6666,B,02-Jan-25
10048,10,2486,B,08-Jun-25
10076,10,4803,B,29-Sep-25
10081,10,1502,B,30-Mar-25
10216,10,1152,B,03-Mar-25
10244,10,4393,B,01-Jan-26
10328,10,5130,B,19-Mar-25
10342,10,6997,B,21-Mar-25
10371,10,7026,B,15-Nov-25
10413,10,3982,B,23-Oct-25
10422,10,2435,B,27-Jan-25
10447,10,4543,B,25-Jan-25
10448,10,3520,B,17-May-25
10492,10,2212,B,30-Mar-25
10520,10,4461,B,03-Jan-26
10524,10,5302,B,12-Jan-26
10596,10,5669,B,25-Sep-25
10597,10,7088,B,22-Dec-25
10667,10,2803,B,11-Apr-25
10684,10,3002,B,10-Jun-25
10711,10,5437,B,30-Aug-25
10712,10,4412,B,05-Jan-25
10715,10,3887,B,14-Oct-25
10730,10,2235,B,07-May-25
10748,10,881,B,18-Mar-25
10779,10,268,B,15-Jun-25
10789,10,1285,B,15-May-25
10791,10,5595,B,07-Jun-25
10802,10,1457,B,18-Nov-25
10809,10,6538,B,08-Jan-26
10827,10,1949,B,11-May-25
10871,10,3178,B,01-Jun-25
10881,10,2887,B,01-Nov-25
10888,10,5085,B,23-Jan-25
10902,10,3819,B,03-Mar-25
10933,10,4923,B,30-Nov-25
10942,10,5710,B,23-Dec-25
10951,10,7733,B,24-Apr-25
10962,10,5227,B,28-Jan-25
10975,10,3234,B,20-Sep-25
10999,10,3374,B,16-May-25
11000,10,5082,B,30-Sep-25
11001,10,3490,B,21-Mar-25
11003,10,6598,B,05-May-25
11028,10,3947,B,15-Apr-25
11058,10,3013,B,15-Aug-25
11078,10,693,B,16-Jul-25
11084,10,7484,B,25-Jul-25
11245,10,5734,B,26-Oct-25
11270,10,3101,B,22-Mar-25
11271,10,3017,B,11-Nov-25
11287,10,4423,B,25-Jun-25
11311,10,7,B,03-Jul-25
11327,10,1155,B,28-Sep-25
11351,10,6106,B,04-May-25
11383,10,51,B,10-Sep-25
11416,10,6639,B,30-Aug-25
11421,10,2282,B,28-Apr-25
11440,10,1532,B,26-Sep-25
11509,10,2623,B,29-Dec-25
11514,10,7613,B,18-Nov-25
11540,10,4038,B,20-May-25
11550,10,3621,B,12-Feb-25
11598,10,7474,B,27-Aug-25
11643,10,2397,B,24-Nov-25
11667,10,2860,B,28-Dec-25
11681,10,5124,B,31-Aug-25
11696,10,6674,B,17-Feb-25
11699,10,3287,B,30-Dec-25
11744,10,6100,B,19-Apr-25
11751,10,4591,B,17-Jun-25
11756,10,3683,B,04-Nov-25
11787,10,2338,B,20-Mar-25
11790,10,4152,B,10-Jul-25
11904,10,4536,B,20-Nov-25
11910,10,3944,B,03-Mar-25
11948,10,5031,B,24-Jul-25
11978,10,5088,B,24-Dec-25
12027,10,5728,B,10-Jan-25
12031,10,7798,B,12-Aug-25
12102,10,6988,B,24-Aug-25
12114,10,127,B,17-Jan-25
12156,10,6101,B,01-Jan-25
12219,10,3710,B,11-Jun-25
12266,10,4614,B,07-Jan-26
12278,10,1555,B,05-Nov-25
12304,10,2449,B,05-Feb-25
12311,10,1984,B,01-Oct-25
12355,10,7608,B,02-Feb-25
12356,10,1925,B,28-Jan-25
12365,10,4740,B,04-Feb-25
12400,10,4990,B,02-May-25
12407,10,3065,B,07-Oct-25
12418,10,1338,B,18-Aug-25
12461,10,7475,B,14-Sep-25
12471,10,6302,B,14-Jul-25
12486,10,2195,B,10-Jul-25
12525,10,2152,B,25-Dec-25
12548,10,90,B,30-Mar-25
12555,10,1279,B,05-Mar-25
12583,10,4100,B,25-Jun-25
12587,10,1887,B,25-Sep-25
12659,10,423,B,29-Mar-25
12661,10,5176,B,17-Aug-25
12717,10,2721,B,11-Jan-25
12718,10,1370,B,09-Nov-25
12757,10,6793,B,18-Dec-25
12765,10,1056,B,28-Nov-25
12788,10,4987,B,15-Jul-25
12789,10,2164,B,26-Aug-25
12796,10,4124,B,29-Mar-25
12829,10,1064,B,22-Mar-25
12840,10,554,B,09-Oct-25
12843,10,1500,B,23-Mar-25
12856,10,1722,B,08-Jan-26
12885,10,882,B,15-Sep-25
12891,10,6633,B,18-May-25
12897,10,4352,B,29-Aug-25
12975,10,5627,B,15-Jun-25
13004,10,2081,B,09-Jun-25
13011,10,4061,B,15-Jan-26
13029,10,4765,B,12-Jul-25
13035,10,1612,B,12-Jan-25
13036,10,4078,B,05-Jan-26
13071,10,6794,B,01-Dec-25
13080,10,1177,B,30-Mar-25
13140,10,1630,B,14-Mar-25
13174,10,3138,B,08-Sep-25
13184,10,1075,B,14-Jul-25
13249,10,1529,B,24-May-25
13263,10,1754,B,25-May-25
13315,10,3918,B,15-Apr-25
13331,10,898,B,14-Sep-25
13371,10,863,B,01-Sep-25
13433,10,5709,B,20-May-25
13446,10,6179,B,21-Aug-25
13464,10,5833,B,12-May-25
13506,10,1373,B,15-Sep-25
13507,10,6557,B,21-Jan-25
13541,10,5451,B,22-Oct-25
13557,10,7099,B,18-Sep-25
13583,10,7362,B,24-Oct-25
13591,10,424,B,10-Jan-25
13657,10,574,B,09-Apr-25
13704,10,5444,B,30-Jun-25
13705,10,6257,B,01-Dec-25
13722,10,496,B,11-Jul-25
13724,10,4523,B,17-Mar-25
13808,10,6868,B,16-Aug-25
13884,10,4373,B,26-Aug-25
13926,10,477,B,01-Dec-25
13934,10,3832,B,20-Mar-25
13969,10,4406,B,19-Aug-25
13976,10,7066,B,11-Feb-25
13984,10,3172,B,10-Sep-25
14016,10,6781,B,10-Nov-25
14025,10,7715,B,06-May-25
14055,10,6822,B,23-Aug-25
14083,10,2805,B,30-May-25
14096,10,6823,B,04-Dec-25
14120,10,6256,B,25-Jun-25
14126,10,6854,B,20-Dec-25
14150,10,2522,B,26-Jul-25
14175,10,5973,B,09-Jan-26
14177,10,2070,B,18-Jul-25
14307,10,6836,B,28-Mar-25
14331,10,2936,B,01-Jun-25
14353,10,1523,B,06-Sep-25
14376,10,1215,B,04-Mar-25
14381,10,1519,B,04-Sep-25
14383,10,6387,B,15-Jul-25
14384,10,2781,B,21-Sep-25
14392,10,112,B,25-Oct-25
14407,10,5170,B,13-Sep-25
14415,10,1695,B,03-Jan-25
14417,10,6234,B,18-Aug-25
14447,10,506,B,04-Dec-25
14515,10,4463,B,25-Aug-25
14551,10,6449,B,09-Jan-26
14562,10,3257,B,21-May-25
14590,10,3539,B,20-Dec-25
14596,10,4468,B,28-Dec-25
14605,10,3515,B,06-Jun-25
14607,10,5161,B,09-Jan-26
14639,10,6933,B,06-Aug-25
14667,10,5973,B,30-Oct-25
14668,10,5527,B,12-Mar-25
14689,10,6851,B,24-Nov-25
14704,10,1995,B,19-Mar-25
14729,10,1077,B,27-Apr-25
14775,10,7349,B,19-Dec-25
14839,10,4761,B,12-Sep-25
14846,10,5721,B,08-Mar-25
14864,10,3979,B,19-Oct-25
14971,10,77,B,05-Oct-25
15002,10,6730,B,27-Nov-25
15054,10,2548,B,20-Jul-25
15065,10,2778,B,01-Dec-25
15094,10,2974,B,06-Jun-25
15109,10,4734,B,22-Oct-25
15142,10,592,B,21-Jul-25
15151,10,6846,B,20-Jul-25
15203,10,7640,B,25-Feb-25
15221,10,590,B,03-Jan-26
15253,10,742,B,11-Mar-25
15282,10,5233,B,22-Apr-25
15363,10,141,B,19-Apr-25
15368,10,6738,B,12-Dec-25
15398,10,1744,B,24-Nov-25
15404,10,5732,B,17-Jan-25
15411,10,3905,B,06-Aug-25
15515,10,5456,B,31-Dec-25
15574,10,1620,B,25-Feb-25
15589,10,5210,B,09-Dec-25
15631,10,2401,B,17-Jun-25
15693,10,6859,B,18-Jul-25
15789,10,3650,B,23-Jul-25
15792,10,370,B,17-Feb-25
15814,10,405,B,15-Jan-26
15831,10,1875,B,12-Mar-25
15857,10,5335,B,14-Jan-25
15864,10,6060,B,09-Jan-26
15881,10,2696,B,07-Dec-25
15908,10,7210,B,08-Dec-25
15950,10,6837,B,16-Jul-25
16005,10,5062,B,13-Dec-25
16022,10,3037,B,15-May-25
16068,10,5574,B,18-Sep-25
16093,10,5834,B,02-Sep-25
16110,10,3286,B,05-Mar-25
16195,10,7807,B,28-Dec-25
16250,10,512,B,11-Dec-25
16252,10,6576,B,14-Oct-25
16255,10,3631,B,10-May-25
16301,10,5753,B,11-Sep-25
16330,10,418,B,07-Dec-25
16352,10,6294,B,26-Jun-25
16380,10,7484,B,25-Aug-25
16398,10,6910,B,18-May-25
16534,10,1785,B,15-Jul-25
16539,10,509,B,27-May-25
16543,10,6695,B,02-Nov-25
16549,10,6696,B,05-Mar-25
16563,10,5563,B,17-Feb-25
16567,10,5150,B,08-Aug-25
16611,10,2170,B,10-Feb-25
16636,10,5145,B,11-Oct-25
16641,10,851,B,07-Nov-25
16708,10,4412,B,06-Apr-25
16709,10,5999,B,16-Jan-26
16725,10,3578,B,19-Apr-25
16726,10,6621,B,10-Jan-25
16797,10,7786,B,04-Apr-25
16816,10,3893,B,27-Jan-25
16818,10,196,B,09-Jan-26
16824,10,4187,B,15-Feb-25
16846,10,408,B,14-Nov-25
16850,10,5879,B,19-May-25
16856,10,1809,B,02-Jan-26
16867,10,6116,B,12-Jul-25
16886,10,163,B,04-Jun-25
16924,10,3290,B,24-Oct-25
16930,10,5533,B,10-May-25
16940,10,5888,B,24-Jan-25
16947,10,1723,B,20-Jun-25
16965,10,4367,B,21-Mar-25
16978,10,4846,B,03-Sep-25
17009,10,5502,B,16-Jan-26
17013,10,6369,B,21-Feb-25
17040,10,4786,B,06-Jul-25
17043,10,6168,B,05-Dec-25
17100,10,5558,B,03-Sep-25
17103,10,1574,B,05-Nov-25
17128,10,5444,B,08-Oct-25
17157,10,2973,B,01-Jun-25
17162,10,4170,B,26-Nov-25
17177,10,1093,B,10-Aug-25
17190,10,5116,B,24-Nov-25
17191,10,3708,B,19-Jul-25
17256,10,6354,B,12-Nov-25
17280,10,2836,B,09-Feb-25
17283,10,4820,B,20-Aug-25
17312,10,2734,B,07-Apr-25
17334,10,5752,B,25-Mar-25
17349,10,3393,B,13-Oct-25
17374,10,1489,B,25-Jan-25
17402,10,2892,B,17-Jan-25
17409,10,2785,B,16-Oct-25
17493,10,4014,B,25-Nov-25
17503,10,5060,B,28-Aug-25
17513,10,4779,B,09-Dec-25
17530,10,1112,B,04-Oct-25
17547,10,5351,B,22-Jun-25
17548,10,5182,B,18-Apr-25
17594,10,597,B,11-Jan-26
17597,10,7626,B,01-Jul-25
17606,10,7051,B,03-May-25
17614,10,1624,B,29-Dec-25
17639,10,4106,B,13-Jan-26
17645,10,1906,B,12-Feb-25
17682,10,2071,B,28-Jan-25
17713,10,6828,B,25-May-25
17748,10,3619,B,06-Apr-25
17781,10,5479,B,11-Jan-26
17783,10,4744,B,19-May-25
17784,10,4318,B,13-Mar-25
17786,10,6456,B,30-May-25
17787,10,2533,B,30-Aug-25
17794,10,1611,B,26-Jul-25
17886,10,6949,B,04-May-25
17913,10,4045,B,28-Dec-25
17960,10,2375,B,14-Oct-25
17964,10,4359,B,13-Jan-25
17967,10,6214,B,15-Sep-25
17976,10,6512,B,22-Aug-25
17986,10,6376,B,12-Sep-25
17990,10,538,B,06-Aug-25
18028,10,6966,B,22-Feb-25
18094,10,387,B,08-Jul-25
18113,10,1784,B,25-Sep-25
18116,10,4151,B,25-Jun-25
18127,10,4740,B,11-Oct-25
18145,10,5645,B,10-Aug-25
18192,10,966,B,23-Oct-25
18207,10,1959,B,16-Oct-25
18263,10,2141,B,15-May-25
18273,10,681,B,26-Jul-25
18330,10,1771,B,15-Dec-25
18352,10,7675,B,21-Jun-25
18364,10,3131,B,28-Apr-25
18381,10,1844,B,06-Mar-25
18399,10,4647,B,25-Sep-25
18415,10,4848,B,11-Feb-25
18417,10,6438,B,19-Feb-25
18425,10,3008,B,07-Nov-25
18426,10,508,B,24-Sep-25
18456,10,3460,B,08-Jun-25
18472,10,7733,B,08-Oct-25
18511,10,310,B,01-May-25
18519,10,3764,B,29-Oct-25
18545,10,581,B,25-Jul-25
18570,10,6353,B,28-Feb-25
18603,10,5249,B,03-May-25
18608,10,4524,B,20-Jul-25
18609,10,7384,B,24-Jan-25
18611,10,7000,B,08-Oct-25
18631,10,5434,B,16-Jan-26
18646,10,5212,B,03-Feb-25
18703,10,3672,B,29-Dec-25
18718,10,534,B,23-Nov-25
18720,10,3828,B,27-Dec-25
18734,10,1455,B,03-Feb-25
18754,10,5354,B,04-Sep-25
18780,10,3784,B,28-Jun-25
18784,10,3282,B,25-Oct-25
18829,10,1278,B,17-Dec-25
18862,10,4644,B,01-Jun-25
18898,10,2676,B,02-Jul-25
18949,10,4510,B,03-May-25
19006,10,3798,B,01-Jan-25
19016,10,2626,B,03-Apr-25
19073,10,1440,B,09-Sep-25
19086,10,5028,B,24-Mar-25
19091,10,6578,B,18-Jun-25
19099,10,3674,B,20-Oct-25
19105,10,6079,B,02-Dec-25
19122,10,1407,B,18-Mar-25
19127,10,296,B,26-Jan-25
19179,10,3242,B,11-Apr-25
19185,10,5010,B,25-Jan-25
19193,10,5047,B,15-Apr-25
19195,10,2294,B,19-Apr-25
19266,10,7410,B,26-Jan-25
19358,10,6290,B,18-Jan-25
19377,10,6927,B,13-Oct-25
19400,10,480,B,09-Sep-25
19429,10,2084,B,02-Sep-25
19437,10,3831,B,11-Feb-25
19445,10,862,B,21-Apr-25
19459,10,7440,B,09-Jul-25
19514,10,147,B,09-Nov-25
19536,10,3145,B,08-Dec-25
19550,10,5229,B,07-Jul-25
19561,10,163,B,06-Dec-25
19575,10,3453,B,16-Dec-25
19617,10,3022,B,09-Mar-25
19698,10,3115,B,12-Mar-25
19726,10,4514,B,28-Aug-25
19872,10,1647,B,11-Apr-25
19876,10,5392,B,03-Jan-26
19887,10,4247,B,14-Jan-25
19902,10,4006,B,16-Mar-25
19926,10,1508,B,13-Jan-25
19940,10,126,B,03-Nov-25
19942,10,7597,B,29-Oct-25
20000,10,6721,B,05-Oct-25
26,4,7905,B,04-Nov-25
49,4,4781,B,25-Aug-25
78,4,4063,B,14-Sep-25
89,4,1042,B,30-Mar-25
114,4,7189,B,25-Mar-25
115,4,2825,B,02-Feb-25
139,4,7590,B,06-Aug-25
175,4,2866,B,30-Aug-25
196,4,4037,B,07-Feb-25
211,4,4595,B,01-Dec-25
226,4,5920,B,10-Jan-25
299,4,148,B,08-Apr-25
301,4,6447,B,05-Jan-26
323,4,2036,B,31-Dec-25
357,4,5116,B,10-Mar-25
366,4,2212,B,13-Oct-25
417,4,5504,B,19-Sep-25
427,4,4656,B,23-Jul-25
443,4,5164,B,10-Jun-25
493,4,5772,B,28-Apr-25
511,4,6921,B,02-Dec-25
513,4,7947,B,11-Jan-25
526,4,6481,B,20-Apr-25
545,4,7379,B,15-Feb-25
547,4,2406,B,06-Aug-25
574,4,2131,B,02-Jan-26
593,4,5574,B,03-Feb-25
610,4,4586,B,15-Jan-25
667,4,6361,B,06-Apr-25
695,4,377,B,20-Oct-25
727,4,3544,B,06-Oct-25
739,4,3876,B,31-Jul-25
746,4,527,B,28-Dec-25
809,4,967,B,30-Dec-25
839,4,6601,B,11-May-25
849,4,5268,B,25-Mar-25
872,4,7617,B,04-Jul-25
875,4,153,B,29-Jun-25
943,4,6943,B,03-Mar-25
956,4,5684,B,20-Oct-25
962,4,2122,B,27-Jan-25
966,4,2668,B,08-Dec-25
1017,4,1288,B,23-Sep-25
1026,4,7666,B,07-Feb-25
1058,4,5192,B,14-Oct-25
1087,4,7191,B,08-Jan-26
1109,4,2537,B,29-Apr-25
1123,4,7523,B,13-Sep-25
1252,4,5912,B,09-Jan-26
1284,4,5416,B,15-Feb-25
1292,4,1211,B,04-Feb-25
1372,4,6635,B,13-Jan-25
1383,4,420,B,20-Jul-25
1425,4,6930,B,19-Feb-25
1452,4,2077,B,13-Jun-25
1477,4,7565,B,23-Oct-25
1494,4,7893,B,11-Jan-26
1567,4,2920,B,14-Jun-25
1626,4,2694,B,22-Jun-25
1628,4,5667,B,24-Dec-25
1629,4,6668,B,22-Sep-25
1636,4,11,B,28-Sep-25
1663,4,5652,B,30-Nov-25
1684,4,2037,B,04-Aug-25
1692,4,1817,B,12-Sep-25
1718,4,7063,B,05-Dec-25
1726,4,1049,B,09-Jul-25
1750,4,189,B,16-Apr-25
1760,4,6401,B,11-Nov-25
1783,4,318,B,19-Sep-25
1811,4,7208,B,24-Dec-25
1819,4,5431,B,26-Jul-25
1862,4,1615,B,31-Oct-25
1872,4,4938,B,06-Dec-25
1882,4,3250,B,30-Jun-25
1896,4,2276,B,20-Aug-25
1928,4,748,B,14-Aug-25
1982,4,5441,B,02-Apr-25
2015,4,4414,B,21-Jun-25
2058,4,7121,B,20-Jan-25
2062,4,3090,B,30-Oct-25
2133,4,3870,B,16-Aug-25
2193,4,3139,B,30-Mar-25
2221,4,2966,B,02-Feb-25
2265,4,4060,B,13-Jan-25
2287,4,5288,B,10-Jan-26
2299,4,4673,B,29-Dec-25
2309,4,4133,B,23-Mar-25
2317,4,4457,B,26-Mar-25
2336,4,831,B,07-Jul-25
2368,4,681,B,30-Oct-25
2375,4,5400,B,27-Oct-25
2399,4,7730,B,27-Apr-25
2418,4,2272,B,21-Aug-25
2460,4,3921,B,21-Oct-25
2484,4,4372,B,16-Jan-26
2503,4,3442,B,01-Aug-25
2545,4,725,B,25-Mar-25
2547,4,1025,B,14-Apr-25
2549,4,3422,B,23-Jun-25
2596,4,2279,B,20-Nov-25
2608,4,5612,B,20-Nov-25
2621,4,4938,B,10-Feb-25
2643,4,344,B,03-Aug-25
2644,4,1322,B,16-Sep-25
2646,4,7563,B,12-May-25
2656,4,6664,B,26-Jun-25
2657,4,6539,B,12-Oct-25
2720,4,7236,B,28-Apr-25
2727,4,3354,B,11-Aug-25
2742,4,2917,B,11-Apr-25
2751,4,5699,B,21-Apr-25
2893,4,1655,B,14-Feb-25
2901,4,366,B,19-Aug-25
2915,4,4102,B,03-Nov-25
2948,4,1455,B,31-Mar-25
2982,4,3442,B,01-Feb-25
3048,4,7400,B,03-Sep-25
3053,4,5665,B,14-May-25
3132,4,4768,B,15-Apr-25
3134,4,3833,B,31-Mar-25
3137,4,2038,B,25-Aug-25
3161,4,7400,B,02-Sep-25
3180,4,7042,B,01-Jul-25
3202,4,4494,B,10-May-25
3238,4,2044,B,08-May-25
3241,4,282,B,12-Aug-25
3298,4,4101,B,18-Oct-25
3302,4,917,B,23-Dec-25
3313,4,5140,B,24-Apr-25
3315,4,7823,B,27-Apr-25
3325,4,5848,B,10-Apr-25
3329,4,3579,B,14-Oct-25
3350,4,7954,B,16-Sep-25
3363,4,1318,B,25-May-25
3373,4,6403,B,17-May-25
3388,4,2122,B,09-Dec-25
3396,4,2870,B,16-Apr-25
3429,4,2838,B,20-Dec-25
3438,4,7140,B,17-Apr-25
3446,4,3334,B,05-Jan-26
3451,4,4401,B,27-Jul-25
3466,4,4374,B,10-Jan-25
3487,4,101,B,10-Feb-25
3528,4,3110,B,17-Feb-25
3529,4,4003,B,29-Jun-25
3539,4,1574,B,18-Jan-25
3568,4,5839,B,21-Jun-25
3617,4,2835,B,28-Feb-25
3620,4,7482,B,09-Jul-25
3623,4,475,B,19-Nov-25
3648,4,1368,B,29-Oct-25
3673,4,2058,B,08-Feb-25
3716,4,4146,B,24-Sep-25
3733,4,3674,B,02-Jan-26
3766,4,5392,B,27-Jun-25
3776,4,6157,B,06-Jun-25
3780,4,7544,B,23-Jul-25
3847,4,2634,B,23-Dec-25
3875,4,5669,B,04-Jun-25
3920,4,3536,B,16-Jul-25
3930,4,5635,B,11-Sep-25
3954,4,4532,B,02-Jul-25
3955,4,736,B,07-May-25
3964,4,7989,B,21-Mar-25
4005,4,7387,B,17-Jun-25
4017,4,5117,B,21-Jul-25
4029,4,487,B,06-Dec-25
4059,4,7469,B,27-Feb-25
4101,4,3545,B,16-Jun-25
4159,4,4864,B,19-Mar-25
4169,4,7694,B,02-Apr-25
4174,4,7047,B,28-Jul-25
4181,4,3337,B,11-Dec-25
4188,4,4645,B,11-Jun-25
4199,4,227,B,15-Feb-25
4283,4,6677,B,31-Aug-25
4334,4,2377,B,25-May-25
4375,4,538,B,30-Sep-25
4381,4,7686,B,06-Jan-25
4389,4,4818,B,22-Oct-25
4390,4,6160,B,29-Mar-25
4405,4,3940,B,25-Jul-25
4435,4,4364,B,27-Nov-25
4463,4,258,B,02-Dec-25
4502,4,2442,B,27-Aug-25
4537,4,7164,B,08-Jan-25
4616,4,7168,B,09-Nov-25
4644,4,3410,B,20-Sep-25
4654,4,5367,B,02-Mar-25
4668,4,219,B,26-Dec-25
4684,4,1946,B,22-Jan-25
4690,4,3814,B,14-Dec-25
4699,4,3309,B,19-Nov-25
4701,4,1673,B,06-Jan-25
4707,4,5551,B,17-Jan-26
4709,4,2064,B,06-Aug-25
4769,4,7562,B,02-Feb-25
4800,4,449,B,06-Mar-25
4828,4,5759,B,26-Oct-25
4873,4,2917,B,18-Jan-25
4928,4,1383,B,29-Dec-25
4964,4,310,B,06-Jan-26
5020,4,3132,B,29-Nov-25
5087,4,4626,B,28-May-25
5098,4,4258,B,07-Dec-25
5142,4,3379,B,25-Dec-25
5153,4,4845,B,11-May-25
5161,4,3344,B,22-Feb-25
5193,4,1750,B,21-Dec-25
5205,4,872,B,20-Dec-25
5210,4,3869,B,09-Oct-25
5231,4,3891,B,27-Mar-25
5257,4,242,B,14-Apr-25
5310,4,1545,B,16-Dec-25
5328,4,5004,B,25-Apr-25
5349,4,1298,B,17-Jan-25
5356,4,4469,B,29-Jan-25
5377,4,1543,B,16-Sep-25
5384,4,5152,B,16-May-25
5391,4,3289,B,28-Dec-25
5406,4,2927,B,19-Sep-25
5421,4,2928,B,26-May-25
5454,4,6135,B,01-Mar-25
5473,4,1233,B,16-Jan-25
5477,4,5726,B,21-Feb-25
5506,4,4181,B,06-Aug-25
5520,4,2946,B,17-May-25
5537,4,434,B,07-Aug-25
5547,4,4848,B,01-Apr-25
5567,4,5084,B,29-Nov-25
5582,4,6608,B,13-Jun-25
5649,4,2794,B,12-Jan-25
5662,4,483,B,25-Sep-25
5675,4,5575,B,18-Mar-25
5679,4,1804,B,11-Apr-25
5695,4,6546,B,05-Jan-25
5723,4,7296,B,07-Feb-25
5820,4,6032,B,22-Dec-25
5904,4,5895,B,04-Nov-25
5918,4,2985,B,16-Aug-25
5974,4,986,B,24-Mar-25
5976,4,5584,B,01-Sep-25
6055,4,4461,B,16-Jan-26
6069,4,5174,B,06-Jun-25
6088,4,7540,B,20-Oct-25
6095,4,4200,B,03-Jan-25
6119,4,3661,B,05-Jan-26
6121,4,7215,B,28-Aug-25
6125,4,3271,B,06-Jan-26
6143,4,926,B,23-Aug-25
6156,4,6038,B,25-Aug-25
6160,4,5118,B,14-May-25
6206,4,2085,B,02-Jan-26
6209,4,5161,B,31-May-25
6252,4,3540,B,18-Feb-25
6279,4,737,B,01-Jan-26
6289,4,1294,B,31-Jan-25
6302,4,2953,B,08-Dec-25
6306,4,6910,B,30-Apr-25
6313,4,2513,B,17-Jan-25
6353,4,1311,B,16-Feb-25
6380,4,5657,B,30-Jan-25
6384,4,816,B,12-Jul-25
6454,4,1905,B,25-May-25
6455,4,4678,B,24-Apr-25
6493,4,1722,B,07-Dec-25
6530,4,3776,B,09-Apr-25
6537,4,5341,B,11-Jan-25
6559,4,3178,B,11-Jul-25
6560,4,3710,B,12-Feb-25
6566,4,2201,B,26-Dec-25
6645,4,6577,B,03-Dec-25
6682,4,1963,B,21-Nov-25
6704,4,7518,B,26-Nov-25
6714,4,6519,B,16-Feb-25
6749,4,6780,B,25-Feb-25
6755,4,2799,B,10-Jan-25
6767,4,7055,B,11-Oct-25
6778,4,3980,B,05-Dec-25
6792,4,1981,B,05-May-25
6820,4,7254,B,26-Jun-25
6841,4,3240,B,26-Nov-25
6858,4,954,B,31-Aug-25
6871,4,416,B,08-Apr-25
6888,4,5167,B,31-Dec-25
6946,4,1603,B,24-Mar-25
7003,4,6975,B,17-Jul-25
7051,4,4813,B,07-Jan-25
7092,4,6907,B,12-Sep-25
7121,4,2199,B,04-Jan-25
7132,4,1919,B,13-Aug-25
7136,4,689,B,26-Jul-25
7143,4,4021,B,17-Jun-25
7236,4,778,B,23-Jun-25
7247,4,6489,B,30-Aug-25
7250,4,7571,B,11-Jan-25
7351,4,7702,B,09-Sep-25
7398,4,849,B,12-Nov-25
7400,4,1150,B,19-May-25
7459,4,4983,B,02-Apr-25
7486,4,4730,B,12-Dec-25
7508,4,7899,B,27-May-25
7559,4,1373,B,29-Oct-25
7585,4,217,B,02-Jan-26
7610,4,1023,B,09-Apr-25
7671,4,4090,B,10-Dec-25
7687,4,1819,B,15-Jun-25
7694,4,3903,B,20-Apr-25
7696,4,4079,B,31-Jan-25
7737,4,4253,B,01-Dec-25
7772,4,4828,B,15-Jan-26
7831,4,7104,B,02-Apr-25
7889,4,5818,B,27-Feb-25
7920,4,1460,B,19-May-25
7975,4,4606,B,30-Mar-25
8013,4,2713,B,08-Oct-25
8032,4,4637,B,23-Jul-25
8049,4,4569,B,01-Oct-25
8065,4,3178,B,26-Jan-25
8109,4,2322,B,23-Feb-25
8136,4,3862,B,13-Feb-25
8139,4,3295,B,04-Sep-25
8142,4,5891,B,22-Sep-25
8152,4,4220,B,16-Jun-25
8207,4,3153,B,09-Sep-25
8220,4,4470,B,16-Apr-25
8235,4,2267,B,04-Jul-25
8256,4,6851,B,23-May-25
8266,4,1525,B,16-Oct-25
8311,4,4663,B,01-Mar-25
8330,4,5406,B,09-Jan-26
8377,4,765,B,21-Jan-25
8388,4,2608,B,11-Nov-25
8393,4,3496,B,21-Jan-25
8403,4,547,B,16-Mar-25
8416,4,7696,B,09-Mar-25
8434,4,3065,B,19-Jan-25
8446,4,7623,B,06-Mar-25
8447,4,4797,B,09-Nov-25
8464,4,1262,B,09-Oct-25
8520,4,4838,B,15-Jan-26
8535,4,2784,B,23-Jan-25
8545,4,5094,B,13-Aug-25
8550,4,505,B,13-Apr-25
8581,4,379,B,08-Dec-25
8594,4,4347,B,25-Jun-25
8616,4,1116,B,18-Dec-25
8617,4,1867,B,14-Mar-25
8618,4,2996,B,07-Jan-26
8619,4,4415,B,31-Jan-25
8623,4,6691,B,28-Nov-25
8625,4,866,B,17-Nov-25
8638,4,1723,B,22-Jan-25
8708,4,5685,B,05-Oct-25
8709,4,1770,B,20-Apr-25
8784,4,3632,B,08-Apr-25
8792,4,7180,B,19-Aug-25
8801,4,4878,B,05-Apr-25
8816,4,5985,B,25-Apr-25
8826,4,1943,B,25-Jun-25
8834,4,421,B,24-Dec-25
8884,4,1564,B,04-Mar-25
8892,4,2223,B,24-Feb-25
8897,4,2507,B,13-Feb-25
8906,4,4613,B,21-Sep-25
8938,4,1357,B,13-Nov-25
8946,4,2876,B,17-Jan-25
8974,4,7045,B,28-Dec-25
8976,4,2757,B,13-Jun-25
8989,4,7057,B,29-Jan-25
9021,4,7553,B,17-Apr-25
9029,4,1410,B,12-Jan-26
9046,4,5480,B,18-Sep-25
9110,4,6598,B,25-Mar-25
9119,4,2613,B,31-Jan-25
9138,4,873,B,25-Jun-25
9147,4,6108,B,21-May-25
9242,4,6390,B,30-Nov-25
9251,4,6995,B,16-Jul-25
9293,4,2938,B,11-Feb-25
9328,4,657,B,08-Jan-25
9406,4,462,B,16-Sep-25
9407,4,1775,B,08-Apr-25
9425,4,4970,B,07-May-25
9479,4,7372,B,09-Aug-25
9488,4,269,B,11-Jan-25
9503,4,5129,B,07-Dec-25
9508,4,7398,B,08-Feb-25
9556,4,6464,B,08-Oct-25
9561,4,2027,B,31-Jul-25
9585,4,4042,B,28-Nov-25
9591,4,905,B,11-Jan-25
9596,4,7775,B,06-Sep-25
9643,4,7997,B,29-Apr-25
9682,4,359,B,06-Nov-25
9704,4,1352,B,12-Feb-25
9724,4,4531,B,28-Dec-25
9747,4,2277,B,14-Sep-25
9748,4,7800,B,14-Jan-26
9755,4,3146,B,01-Jan-25
9799,4,853,B,10-Nov-25
9809,4,7811,B,21-Sep-25
9819,4,1314,B,11-Aug-25
9855,4,1656,B,28-Feb-25
9919,4,273,B,09-Dec-25
9938,4,3031,B,24-Aug-25
9961,4,5356,B,31-Dec-25
10023,4,4199,B,13-Jul-25
10042,4,5712,B,05-Jan-26
10086,4,2188,B,26-Oct-25
10130,4,147,B,07-Jun-25
10149,4,3430,B,02-Jan-25
10162,4,6502,B,02-Jan-26
10191,4,4955,B,04-Dec-25
10221,4,3798,B,22-May-25
10230,4,684,B,23-Apr-25
10235,4,3946,B,11-May-25
10238,4,2339,B,08-Jul-25
10266,4,5464,B,30-Sep-25
10312,4,3826,B,04-May-25
10314,4,3610,B,03-Sep-25
10387,4,1707,B,24-Aug-25
10390,4,3903,B,30-Apr-25
10425,4,7381,B,19-Aug-25
10480,4,2081,B,03-Sep-25
10495,4,1283,B,17-Jul-25
10546,4,3975,B,25-Jan-25
10602,4,6809,B,15-Sep-25
10650,4,6873,B,21-Oct-25
10655,4,6531,B,26-Dec-25
10659,4,5369,B,06-Jun-25
10689,4,4931,B,14-Aug-25
10692,4,3376,B,18-Jul-25
10713,4,7681,B,17-Dec-25
10716,4,4106,B,04-Apr-25
10729,4,1894,B,19-Nov-25
10738,4,210,B,07-May-25
10825,4,6803,B,29-Apr-25
10831,4,5578,B,04-Aug-25
10837,4,6678,B,26-Sep-25
10838,4,4790,B,05-Mar-25
10863,4,7564,B,17-Sep-25
10945,4,2723,B,15-Aug-25
10971,4,3286,B,01-Oct-25
10974,4,4255,B,20-Apr-25
10982,4,2018,B,15-Feb-25
10990,4,3047,B,31-Mar-25
10995,4,4948,B,30-Dec-25
11039,4,1278,B,07-Jan-25
11059,4,4634,B,24-Mar-25
11060,4,5494,B,18-Mar-25
11067,4,7363,B,05-Jan-25
11097,4,1568,B,10-Jan-26
11114,4,6573,B,27-Sep-25
11127,4,7135,B,30-Sep-25
11153,4,4680,B,27-Aug-25
11171,4,6751,B,03-Jul-25
11190,4,4535,B,31-Jan-25
11193,4,2297,B,08-Jan-25
11223,4,3729,B,05-Feb-25
11360,4,7775,B,23-Feb-25
11423,4,3129,B,02-Jul-25
11433,4,6573,B,12-Oct-25
11497,4,2377,B,29-Dec-25
11500,4,133,B,09-Jan-25
11506,4,3399,B,16-Jan-25
11507,4,7955,B,07-Sep-25
11581,4,5510,B,30-Jul-25
11655,4,1509,B,13-Jan-26
11720,4,5208,B,28-Jan-25
11724,4,5051,B,10-Jul-25
11764,4,37,B,18-Jun-25
11767,4,1530,B,20-Apr-25
11813,4,1573,B,19-Jan-25
11879,4,6127,B,09-Jan-25
11894,4,4337,B,11-Jun-25
11936,4,7366,B,12-Dec-25
11937,4,1374,B,11-Aug-25
11977,4,5929,B,18-Jun-25
11986,4,4993,B,09-Sep-25
12042,4,3026,B,08-Jan-25
12056,4,2983,B,30-Oct-25
12076,4,3000,B,20-Jun-25
12081,4,2432,B,26-May-25
12083,4,3518,B,03-Apr-25
12105,4,6735,B,08-Mar-25
12110,4,3077,B,01-Mar-25
12141,4,3386,B,06-Apr-25
12148,4,4036,B,28-Nov-25
12208,4,3802,B,18-Mar-25
12264,4,6165,B,20-Dec-25
12306,4,6809,B,25-Jul-25
12314,4,6228,B,20-Jul-25
12328,4,472,B,19-Nov-25
12334,4,868,B,10-Oct-25
12353,4,2546,B,02-Jun-25
12354,4,7118,B,30-Nov-25
12382,4,7657,B,17-Jan-26
12401,4,7161,B,24-Jan-25
12428,4,7240,B,18-Aug-25
12464,4,2690,B,09-Dec-25
12488,4,3607,B,25-Sep-25
12494,4,7626,B,02-Jul-25
12516,4,6088,B,13-Jan-25
12526,4,997,B,17-Sep-25
12534,4,2724,B,09-May-25
12559,4,873,B,01-Oct-25
12570,4,7349,B,26-Dec-25
12581,4,6545,B,20-Feb-25
12618,4,573,B,12-Oct-25
12632,4,2884,B,17-Nov-25
12645,4,6143,B,25-Feb-25
12694,4,3433,B,17-Mar-25
12703,4,2410,B,09-Jul-25
12743,4,2575,B,16-Nov-25
12763,4,3052,B,11-Jul-25
12793,4,7725,B,06-Oct-25
12868,4,1661,B,06-Dec-25
12869,4,4199,B,19-Mar-25
12877,4,5767,B,14-Jan-25
12884,4,5478,B,01-Mar-25
12927,4,6778,B,24-Feb-25
12956,4,3595,B,04-Feb-25
12984,4,5948,B,24-Nov-25
12997,4,3856,B,13-May-25
13024,4,5400,B,29-Jun-25
13066,4,5651,B,08-May-25
13133,4,5616,B,10-Oct-25
13158,4,2784,B,12-Jul-25
13168,4,5700,B,28-May-25
13177,4,7403,B,15-Mar-25
13218,4,2558,B,26-Dec-25
13230,4,1154,B,23-Dec-25
13272,4,6485,B,21-Jan-25
13349,4,1658,B,24-Jul-25
13351,4,4447,B,19-Oct-25
13405,4,5812,B,24-Oct-25
13422,4,6080,B,15-Apr-25
13423,4,4453,B,04-Dec-25
13478,4,7165,B,18-May-25
13500,4,4705,B,22-Jan-25
13530,4,58,B,18-Oct-25
13531,4,5553,B,21-Jul-25
13550,4,3960,B,18-Oct-25
13569,4,514,B,08-Nov-25
13634,4,7290,B,12-Jun-25
13667,4,1980,B,29-Sep-25
13736,4,2035,B,27-Jul-25
13769,4,818,B,10-Jun-25
13773,4,7112,B,14-Feb-25
13776,4,4111,B,15-Dec-25
13787,4,4394,B,17-Jan-26
13828,4,2458,B,20-Sep-25
13832,4,4499,B,14-Aug-25
13863,4,3534,B,08-Jun-25
13885,4,2222,B,11-Jan-25
13931,4,851,B,30-May-25
13932,4,2544,B,05-Apr-25
13935,4,5542,B,06-Feb-25
13961,4,4165,B,30-Nov-25
14012,4,4548,B,02-Jun-25
14020,4,7128,B,07-Feb-25
14034,4,4852,B,14-May-25
14069,4,3414,B,26-Aug-25
14086,4,7928,B,04-Apr-25
14099,4,1478,B,06-Mar-25
14121,4,6212,B,03-Jan-26
14232,4,5384,B,14-Feb-25
14282,4,992,B,11-Sep-25
14286,4,581,B,11-Nov-25
14288,4,5159,B,04-Jul-25
14327,4,4559,B,26-Dec-25
14344,4,3370,B,12-May-25
14355,4,1071,B,29-May-25
14362,4,6270,B,21-Aug-25
14367,4,1251,B,02-Jan-25
14395,4,4160,B,11-Dec-25
14404,4,2720,B,10-Oct-25
14406,4,971,B,24-Jul-25
14432,4,5003,B,04-Sep-25
14446,4,4898,B,09-Dec-25
14449,4,1694,B,22-Dec-25
14476,4,5594,B,17-Jul-25
14497,4,102,B,13-Oct-25
14524,4,2607,B,27-Oct-25
14543,4,3995,B,28-Mar-25
14564,4,598,B,27-Feb-25
14583,4,4742,B,06-Jan-25
14586,4,6397,B,22-Feb-25
14598,4,6769,B,29-Apr-25
14663,4,1940,B,19-Apr-25
14675,4,5259,B,10-Dec-25
14714,4,1986,B,27-Aug-25
14715,4,3854,B,06-Dec-25
14730,4,5374,B,10-Jun-25
14794,4,7467,B,01-Oct-25
14795,4,4028,B,01-Apr-25
14800,4,7104,B,19-May-25
14804,4,5197,B,22-May-25
14820,4,5004,B,30-Jan-25
14843,4,7119,B,05-Jan-26
14863,4,4745,B,16-Aug-25
14896,4,7494,B,12-Oct-25
14899,4,3429,B,19-May-25
14905,4,1307,B,03-Sep-25
14913,4,5522,B,04-Feb-25
14926,4,6619,B,18-May-25
14954,4,7238,B,05-Oct-25
14959,4,413,B,14-Feb-25
14987,4,7517,B,15-May-25
15001,4,749,B,24-Dec-25
15055,4,4782,B,18-Feb-25
15106,4,7766,B,06-Nov-25
15129,4,1104,B,06-Jan-25
15130,4,6459,B,12-Nov-25
15194,4,1612,B,26-May-25
15218,4,1716,B,01-Sep-25
15241,4,5153,B,19-Jul-25
15266,4,6969,B,24-Jan-25
15294,4,6627,B,04-Feb-25
15304,4,4900,B,07-Oct-25
15321,4,3086,B,01-Jun-25
15371,4,3591,B,09-Oct-25
15503,4,2996,B,23-May-25
15508,4,1384,B,14-Jan-26
15567,4,6464,B,15-Oct-25
15583,4,1136,B,10-Jan-25
15632,4,6522,B,24-Jan-25
15678,4,2609,B,24-Nov-25
15689,4,2111,B,04-Aug-25
15694,4,3611,B,14-Oct-25
15705,4,5622,B,20-Jun-25
15717,4,6937,B,17-Mar-25
15722,4,7705,B,04-Feb-25
15734,4,329,B,10-Oct-25
15828,4,1424,B,17-Sep-25
15854,4,1336,B,04-Sep-25
15858,4,1940,B,28-Aug-25
15910,4,6706,B,01-Sep-25
15975,4,5870,B,30-Oct-25
15981,4,2308,B,11-Jul-25
15987,4,7185,B,13-Apr-25
16000,4,6096,B,03-Aug-25
16025,4,5195,B,25-Sep-25
16066,4,628,B,18-May-25
16088,4,3343,B,17-Jan-25
16097,4,7288,B,27-Jul-25
16132,4,532,B,06-May-25
16137,4,2795,B,22-May-25
16155,4,2697,B,23-Dec-25
16230,4,4945,B,03-Jun-25
16261,4,3138,B,13-Jun-25
16273,4,3293,B,10-Jun-25
16280,4,6196,B,27-Dec-25
16308,4,1121,B,28-Oct-25
16323,4,2939,B,08-Jun-25
16357,4,5823,B,27-Oct-25
16379,4,4509,B,05-Sep-25
16383,4,272,B,26-Aug-25
16442,4,2391,B,28-Aug-25
16478,4,6898,B,09-Sep-25
16522,4,5381,B,23-Dec-25
16581,4,4820,B,19-Jan-25
16630,4,4235,B,29-Sep-25
16637,4,4188,B,27-Apr-25
16690,4,3060,B,14-May-25
16762,4,7308,B,23-Apr-25
16783,4,5667,B,08-Aug-25
16826,4,1514,B,31-May-25
16848,4,4301,B,07-Apr-25
16858,4,3377,B,07-Jan-26
16866,4,1511,B,09-Apr-25
16911,4,4201,B,24-Oct-25
16938,4,6460,B,20-Jul-25
16945,4,6977,B,12-Sep-25
16970,4,3140,B,31-Mar-25
16996,4,6814,B,13-Feb-25
16998,4,4700,B,01-Feb-25
17026,4,174,B,12-Jun-25
17028,4,5763,B,24-Nov-25
17049,4,7853,B,03-Mar-25
17052,4,4710,B,03-Nov-25
17073,4,6385,B,06-Jan-25
17076,4,7753,B,13-Oct-25
17102,4,5862,B,29-Mar-25
17147,4,7340,B,14-Nov-25
17176,4,459,B,10-Jan-25
17181,4,5973,B,03-Feb-25
17227,4,5395,B,12-Jul-25
17255,4,3391,B,02-Mar-25
17287,4,5773,B,06-Dec-25
17310,4,2029,B,08-Nov-25
17355,4,5581,B,03-Jan-26
17397,4,5021,B,10-Aug-25
17408,4,782,B,06-Aug-25
17410,4,2378,B,03-Sep-25
17427,4,1541,B,10-May-25
17491,4,1324,B,02-Jan-25
17505,4,2504,B,09-Mar-25
17520,4,3490,B,07-May-25
17576,4,7595,B,30-Apr-25
17609,4,6669,B,09-Feb-25
17623,4,2699,B,24-Jun-25
17655,4,7585,B,23-Jun-25
17717,4,4904,B,24-Jul-25
17750,4,5487,B,01-Nov-25
17758,4,4435,B,26-Nov-25
17763,4,6750,B,14-Dec-25
17816,4,1682,B,11-May-25
17830,4,1709,B,29-Mar-25
17852,4,2512,B,28-Dec-25
17874,4,5230,B,28-May-25
17921,4,2556,B,02-Nov-25
17937,4,6921,B,22-Dec-25
17993,4,6295,B,31-Jan-25
17994,4,2113,B,29-Jul-25
18003,4,6161,B,19-Nov-25
18008,4,6803,B,30-Jun-25
18014,4,3890,B,01-Jan-26
18018,4,7630,B,31-Oct-25
18027,4,2140,B,04-Nov-25
18036,4,1685,B,08-Nov-25
18039,4,4334,B,17-May-25
18084,4,4902,B,24-Jun-25
18147,4,3044,B,12-Aug-25
18196,4,7180,B,18-Jun-25
18209,4,5410,B,08-Aug-25
18231,4,3882,B,22-Nov-25
18243,4,2553,B,22-May-25
18289,4,6125,B,09-Apr-25
18345,4,5239,B,07-Aug-25
18372,4,7910,B,02-Jan-25
18391,4,2811,B,07-Jun-25
18411,4,5556,B,04-Jan-26
18442,4,944,B,09-Jun-25
18453,4,4853,B,21-Sep-25
18465,4,1110,B,06-Dec-25
18466,4,2477,B,26-Aug-25
18475,4,7451,B,21-Dec-25
18477,4,2388,B,28-Mar-25
18501,4,427,B,03-Jul-25
18531,4,5594,B,31-Dec-25
18551,4,4468,B,01-May-25
18556,4,5835,B,07-Dec-25
18578,4,6952,B,01-Aug-25
18587,4,3509,B,09-Jun-25
18621,4,1750,B,13-Jan-26
18630,4,1921,B,17-Mar-25
18636,4,473,B,26-Aug-25
18665,4,2919,B,23-Feb-25
18674,4,6619,B,10-Jul-25
18684,4,3468,B,24-May-25
18712,4,238,B,09-Jan-25
18721,4,7160,B,03-Nov-25
18771,4,6119,B,07-Nov-25
18774,4,5767,B,03-Sep-25
18776,4,4401,B,09-Nov-25
18809,4,2418,B,18-Sep-25
18842,4,2726,B,30-Apr-25
18854,4,7146,B,06-Jun-25
18883,4,3450,B,24-Aug-25
18901,4,5573,B,04-Oct-25
18935,4,2965,B,04-Dec-25
18938,4,6369,B,05-Jan-26
18953,4,3004,B,08-Jan-25
18969,4,6568,B,06-Nov-25
18989,4,402,B,10-Nov-25
18999,4,538,B,24-Jul-25
19024,4,2703,B,05-Oct-25
19030,4,5974,B,09-Jul-25
19103,4,4774,B,12-Nov-25
19110,4,7411,B,24-Nov-25
19130,4,5417,B,15-Jan-25
19133,4,4515,B,08-Sep-25
19138,4,432,B,19-May-25
19143,4,2463,B,30-May-25
19199,4,7513,B,07-Aug-25
19216,4,662,B,08-Jan-26
19238,4,19,B,19-Dec-25
19239,4,4319,B,17-Oct-25
19243,4,2681,B,19-Dec-25
19254,4,458,B,18-Jan-26
19307,4,2298,B,15-Mar-25
19318,4,845,B,18-Nov-25
19347,4,5298,B,23-Dec-25
19374,4,5585,B,01-Nov-25
19380,4,1147,B,31-Dec-25
19448,4,3033,B,25-Dec-25
19487,4,7039,B,17-Mar-25
19503,4,3534,B,09-May-25
19508,4,4878,B,15-May-25
19560,4,6922,B,26-Mar-25
19577,4,4647,B,02-Sep-25
19621,4,3642,B,15-Aug-25
19627,4,1221,B,20-Aug-25
19631,4,994,B,11-Jun-25
19650,4,6711,B,28-Oct-25
19666,4,3557,B,15-Feb-25
19694,4,5096,B,19-Oct-25
19715,4,781,B,12-Jan-26
19717,4,348,B,19-Aug-25
19720,4,5321,B,08-Oct-25
19763,4,1371,B,09-Mar-25
19797,4,6025,B,03-Mar-25
19848,4,3187,B,27-Aug-25
19878,4,6376,B,17-Jul-25
19924,4,3445,B,19-Aug-25
19928,4,360,B,30-Sep-25
19941,4,6701,B,30-Sep-25
19993,4,4409,B,07-Jun-25
144,1,5299,B,27-Feb-25
171,1,6948,B,20-Mar-25
189,1,4647,B,03-Oct-25
192,1,6901,B,30-Apr-25
193,1,4632,B,07-Jan-25
204,1,3073,B,13-Aug-25
220,1,5800,B,11-May-25
222,1,4493,B,20-Oct-25
235,1,4701,B,28-May-25
262,1,7342,B,08-Jan-25
272,1,7707,B,11-Jul-25
329,1,5239,B,27-May-25
337,1,3450,B,08-Aug-25
361,1,7712,B,23-Jan-25
393,1,1996,B,25-Nov-25
418,1,4280,B,28-Apr-25
420,1,3746,B,24-Dec-25
484,1,6953,B,13-Jan-26
497,1,1277,B,11-Sep-25
519,1,7709,B,12-Jun-25
529,1,1482,B,11-Mar-25
557,1,2683,B,31-Jan-25
590,1,444,B,14-Oct-25
608,1,5685,B,11-May-25
621,1,4036,B,10-Apr-25
629,1,2997,B,23-Feb-25
650,1,1193,B,02-Oct-25
654,1,2128,B,29-Jun-25
696,1,6391,B,06-Jul-25
755,1,5697,B,24-Apr-25
774,1,1964,B,01-Jun-25
803,1,621,B,29-Mar-25
810,1,1322,B,03-Jan-26
813,1,6931,B,04-Feb-25
862,1,3761,B,01-Aug-25
901,1,7582,B,17-Aug-25
910,1,6754,B,26-Jun-25
947,1,404,B,17-Oct-25
953,1,2312,B,08-Aug-25
964,1,6392,B,27-Feb-25
982,1,3046,B,05-May-25
1008,1,4332,B,17-May-25
1013,1,7306,B,06-Apr-25
1043,1,4507,B,26-Feb-25
1092,1,7594,B,03-Jun-25
1096,1,4527,B,25-Sep-25
1105,1,4697,B,31-Oct-25
1121,1,4275,B,01-Dec-25
1148,1,6361,B,12-Mar-25
1150,1,7921,B,22-Dec-25
1170,1,263,B,19-Mar-25
1205,1,5929,B,24-Mar-25
1283,1,981,B,01-Dec-25
1296,1,3142,B,17-Jan-26
1299,1,3137,B,11-Sep-25
1348,1,1790,B,27-Jul-25
1357,1,3336,B,06-Nov-25
1362,1,226,B,15-Jun-25
1448,1,2258,B,27-Sep-25
1449,1,6743,B,20-Jun-25
1458,1,3214,B,25-Mar-25
1489,1,7825,B,21-Dec-25
1491,1,2991,B,09-Jun-25
1543,1,3654,B,18-Jun-25
1556,1,2338,B,02-Jun-25
1633,1,7866,B,25-Nov-25
1652,1,1970,B,31-Oct-25
1723,1,7817,B,03-Dec-25
1732,1,4105,B,23-Jan-25
1748,1,5712,B,26-Sep-25
1755,1,2260,B,29-Jul-25
1854,1,3891,B,07-May-25
1855,1,254,B,25-Feb-25
1897,1,6556,B,13-Dec-25
1922,1,2292,B,02-Feb-25
1938,1,476,B,20-Apr-25
1950,1,5079,B,14-Jun-25
1963,1,6132,B,08-Dec-25
1970,1,516,B,02-May-25
2003,1,7525,B,18-Sep-25
2056,1,3574,B,23-Oct-25
2085,1,6355,B,21-Dec-25
2138,1,3400,B,13-Jan-26
2153,1,1801,B,01-Nov-25
2185,1,1154,B,25-Jul-25
2187,1,1211,B,11-Jan-25
2196,1,6115,B,13-Jun-25
2211,1,5269,B,12-Jul-25
2222,1,1151,B,02-Mar-25
2239,1,3810,B,22-Nov-25
2290,1,1348,B,04-Sep-25
2318,1,7036,B,28-Feb-25
2319,1,2497,B,28-Dec-25
2357,1,1711,B,14-Oct-25
2407,1,3476,B,17-Jun-25
2428,1,4598,B,09-Jun-25
2452,1,1785,B,02-Jun-25
2464,1,1405,B,16-Sep-25
2544,1,5923,B,17-Jun-25
2598,1,336,B,18-Feb-25
2612,1,1546,B,09-Nov-25
2624,1,1281,B,23-Aug-25
2682,1,4759,B,14-Jan-25
2719,1,7381,B,05-Apr-25
2738,1,7260,B,23-Apr-25
2770,1,3976,B,12-Sep-25
2775,1,3510,B,15-Feb-25
2802,1,5248,B,13-Jan-25
2822,1,1295,B,15-Nov-25
2845,1,2364,B,27-Jul-25
2848,1,6661,B,01-Dec-25
2853,1,7981,B,23-Feb-25
2880,1,5175,B,16-Jun-25
2886,1,2800,B,17-Jan-26
2892,1,6775,B,05-Apr-25
2922,1,3696,B,05-Feb-25
2981,1,2580,B,26-Oct-25
3028,1,4159,B,18-Oct-25
3076,1,174,B,02-Jan-26
3077,1,4293,B,06-Jun-25
3159,1,430,B,25-Jan-25
3179,1,6621,B,25-Dec-25
3203,1,116,B,27-Feb-25
3220,1,4450,B,24-Jun-25
3248,1,1848,B,04-Jan-25
3250,1,1936,B,17-Mar-25
3272,1,3817,B,02-Nov-25
3362,1,185,B,23-Aug-25
3411,1,6585,B,11-Oct-25
3419,1,1626,B,17-Sep-25
3423,1,7683,B,21-Nov-25
3424,1,5743,B,27-Oct-25
3427,1,3512,B,22-Mar-25
3428,1,956,B,19-Dec-25
3449,1,861,B,15-Mar-25
3504,1,7862,B,24-Jun-25
3505,1,4394,B,21-Jul-25
3513,1,3761,B,12-Jan-25
3521,1,2108,B,05-Jan-26
3554,1,1744,B,30-Jun-25
3565,1,6920,B,16-Jan-26
3575,1,5052,B,24-Dec-25
3582,1,4259,B,08-Jan-26
3590,1,4951,B,23-Mar-25
3603,1,5090,B,04-Oct-25
3690,1,5707,B,31-May-25
3702,1,6160,B,31-Jul-25
3728,1,7707,B,05-Feb-25
3734,1,7674,B,24-Jul-25
3756,1,5067,B,25-Mar-25
3782,1,5173,B,23-Dec-25
3806,1,6537,B,16-Sep-25
3809,1,6597,B,11-Jul-25
3816,1,2763,B,18-Dec-25
3829,1,3395,B,16-Jul-25
3833,1,2050,B,22-Aug-25
3838,1,2737,B,13-Jan-26
3850,1,113,B,25-Oct-25
3852,1,390,B,09-Aug-25
3861,1,1982,B,07-Sep-25
3870,1,474,B,15-Mar-25
3886,1,5427,B,23-Jun-25
3924,1,4277,B,31-Oct-25
3933,1,3344,B,29-Dec-25
3952,1,2763,B,16-Jan-25
3983,1,7375,B,11-Apr-25
4026,1,2758,B,23-Dec-25
4056,1,5886,B,24-Sep-25
4068,1,4866,B,18-Jul-25
4069,1,5974,B,14-Jun-25
4074,1,4293,B,03-Jan-25
4080,1,2106,B,29-Jul-25
4095,1,6385,B,06-Jan-25
4110,1,555,B,22-Jan-25
4146,1,3989,B,23-May-25
4178,1,336,B,28-Mar-25
4182,1,915,B,09-Sep-25
4183,1,3119,B,28-Feb-25
4209,1,5354,B,30-Sep-25
4240,1,287,B,27-Jan-25
4251,1,5764,B,07-Aug-25
4259,1,1642,B,24-Mar-25
4303,1,2801,B,16-Jan-25
4323,1,3498,B,19-Oct-25
4329,1,581,B,30-Dec-25
4335,1,4392,B,22-Jan-25
4363,1,6452,B,31-Jan-25
4406,1,5556,B,29-Apr-25
4413,1,3205,B,02-Mar-25
4456,1,2231,B,02-Jun-25
4524,1,6639,B,30-Aug-25
4526,1,2566,B,08-Nov-25
4534,1,6491,B,07-Jun-25
4557,1,2986,B,17-Mar-25
4586,1,6579,B,26-Jun-25
4625,1,6390,B,21-Jan-25
4681,1,6778,B,10-Dec-25
4685,1,2482,B,26-May-25
4722,1,5047,B,07-Jun-25
4729,1,1331,B,29-May-25
4747,1,3391,B,29-Jul-25
4767,1,2213,B,28-Dec-25
4799,1,161,B,19-Jun-25
4802,1,4787,B,15-Feb-25
4810,1,532,B,15-Jun-25
4812,1,4598,B,05-Aug-25
4824,1,6299,B,16-Jul-25
4876,1,7469,B,25-Feb-25
4932,1,5745,B,03-Nov-25
4947,1,3840,B,31-Aug-25
5013,1,1922,B,02-May-25
5014,1,7116,B,28-Jun-25
5047,1,7289,B,07-Dec-25
5062,1,4995,B,26-Nov-25
5075,1,5249,B,08-Feb-25
5077,1,3511,B,03-Apr-25
5093,1,5536,B,16-Feb-25
5095,1,7313,B,09-Apr-25
5112,1,7639,B,25-Jun-25
5116,1,6834,B,13-Feb-25
5145,1,1835,B,16-Jun-25
5146,1,3403,B,29-Sep-25
5156,1,7495,B,30-May-25
5228,1,3825,B,05-Jan-25
5229,1,1795,B,11-Oct-25
5244,1,2002,B,22-Mar-25
5246,1,7495,B,14-Jul-25
5251,1,3692,B,25-Jul-25
5297,1,2967,B,28-Jul-25
5309,1,7052,B,12-Sep-25
5346,1,2986,B,06-Feb-25
5364,1,495,B,21-Jun-25
5370,1,6719,B,17-Jun-25
5411,1,1483,B,05-Apr-25
5465,1,5436,B,24-Oct-25
5557,1,2178,B,18-Feb-25
5643,1,1001,B,14-Oct-25
5677,1,6392,B,30-May-25
5717,1,2646,B,25-Jul-25
5743,1,1682,B,20-Apr-25
5752,1,490,B,03-Jul-25
5761,1,4825,B,10-Dec-25
5762,1,5431,B,25-Aug-25
5768,1,48,B,15-Feb-25
5788,1,3786,B,21-Nov-25
5797,1,4842,B,18-Apr-25
5831,1,1365,B,24-Sep-25
5841,1,7367,B,29-Sep-25
5843,1,3854,B,11-May-25
5879,1,4652,B,01-Jan-26
5987,1,6248,B,30-May-25
6049,1,6086,B,22-Mar-25
6068,1,5017,B,23-Jun-25
6111,1,6408,B,31-Jan-25
6126,1,5406,B,18-May-25
6159,1,3970,B,02-Feb-25
6166,1,3698,B,12-Feb-25
6171,1,1092,B,22-Apr-25
6200,1,6865,B,11-Apr-25
6266,1,2334,B,03-Jan-25
6321,1,5687,B,08-Apr-25
6338,1,1700,B,09-Feb-25
6349,1,7848,B,15-Feb-25
6373,1,2574,B,03-Mar-25
6407,1,4925,B,25-Nov-25
6414,1,4045,B,23-Dec-25
6417,1,4160,B,02-Jan-25
6424,1,6089,B,11-May-25
6427,1,3520,B,23-Feb-25
6516,1,5294,B,29-May-25
6550,1,5401,B,10-Mar-25
6583,1,2922,B,29-Jul-25
6593,1,604,B,01-May-25
6627,1,6430,B,06-Nov-25
6642,1,6059,B,02-Oct-25
6708,1,6199,B,11-Aug-25
6717,1,77,B,31-Oct-25
6718,1,3149,B,28-Jan-25
6727,1,4034,B,30-Aug-25
6764,1,6213,B,17-Feb-25
6810,1,508,B,09-Aug-25
6812,1,6615,B,18-Jan-25
6813,1,290,B,15-Jan-26
6817,1,5071,B,22-Mar-25
6828,1,4783,B,07-Feb-25
6865,1,2515,B,29-Dec-25
6886,1,866,B,22-May-25
6889,1,2526,B,18-Dec-25
6899,1,834,B,20-Nov-25
6908,1,6340,B,17-Jun-25
6922,1,1197,B,05-Mar-25
6944,1,6047,B,07-Mar-25
7033,1,1714,B,20-Apr-25
7039,1,413,B,29-May-25
7076,1,3219,B,14-Jan-26
7117,1,6708,B,05-Jun-25
7129,1,2177,B,19-Jun-25
7205,1,618,B,22-Oct-25
7209,1,4717,B,23-Feb-25
7302,1,7092,B,04-May-25
7316,1,4876,B,10-Jan-26
7349,1,3535,B,23-Sep-25
7387,1,6500,B,27-Jul-25
7392,1,4659,B,06-Oct-25
7412,1,2265,B,16-May-25
7428,1,6676,B,23-Mar-25
7477,1,5221,B,02-Dec-25
7498,1,2879,B,26-Aug-25
7500,1,1236,B,25-Nov-25
7602,1,5042,B,18-Jul-25
7613,1,2574,B,31-Dec-25
7646,1,3043,B,21-May-25
7654,1,2943,B,15-Feb-25
7660,1,2643,B,22-Oct-25
7681,1,1798,B,21-Jan-25
7724,1,620,B,28-Sep-25
7880,1,2784,B,09-Oct-25
7904,1,4455,B,13-Jul-25
7915,1,2649,B,06-Dec-25
7956,1,718,B,23-Mar-25
7967,1,4347,B,05-Sep-25
7993,1,7320,B,27-Nov-25
8003,1,7426,B,25-Feb-25
8022,1,3161,B,25-Aug-25
8038,1,2904,B,19-Oct-25
8053,1,1115,B,18-Sep-25
8095,1,3694,B,17-Sep-25
8099,1,4818,B,22-Aug-25
8105,1,2609,B,28-Mar-25
8110,1,6312,B,22-Dec-25
8147,1,31,B,03-Dec-25
8151,1,1121,B,05-Jan-25
8162,1,3477,B,25-Feb-25
8182,1,4697,B,05-Feb-25
8221,1,5058,B,25-Feb-25
8223,1,1751,B,25-Apr-25
8231,1,2404,B,02-Nov-25
8278,1,3339,B,04-Jan-25
8283,1,6926,B,23-Dec-25
8302,1,5455,B,01-Feb-25
8303,1,6585,B,24-Nov-25
8312,1,816,B,24-Dec-25
8323,1,7369,B,04-Dec-25
8370,1,2090,B,30-Jan-25
8375,1,6998,B,11-Aug-25
8397,1,7351,B,26-Dec-25
8406,1,5332,B,15-Nov-25
8407,1,6522,B,29-Mar-25
8436,1,23,B,14-Mar-25
8437,1,3674,B,09-Nov-25
8461,1,6123,B,28-Jun-25
8465,1,3916,B,25-Mar-25
8467,1,628,B,01-Aug-25
8479,1,7134,B,16-Apr-25
8530,1,5483,B,16-May-25
8531,1,4401,B,25-Jan-25
8537,1,5968,B,03-May-25
8544,1,6580,B,03-Oct-25
8556,1,262,B,13-Jan-26
8761,1,3931,B,25-Jul-25
8770,1,4096,B,18-Nov-25
8843,1,3942,B,01-Jan-25
8870,1,6934,B,28-Jan-25
8873,1,3741,B,03-Dec-25
8887,1,760,B,22-Sep-25
8894,1,3880,B,13-Jun-25
8896,1,6009,B,28-Jul-25
8909,1,725,B,27-Jul-25
8959,1,6253,B,07-Feb-25
8969,1,5160,B,11-Jun-25
8978,1,7453,B,13-Oct-25
9000,1,3863,B,23-Jan-25
9006,1,1824,B,07-Jul-25
9011,1,6629,B,21-Sep-25
9012,1,325,B,05-Aug-25
9013,1,2380,B,21-Mar-25
9020,1,7798,B,29-Aug-25
9097,1,7169,B,03-Mar-25
9112,1,3162,B,10-Jan-25
9120,1,5139,B,23-Feb-25
9142,1,3239,B,03-Mar-25
9145,1,1072,B,04-Jan-25
9150,1,7011,B,30-Jul-25
9184,1,1662,B,27-May-25
9196,1,5903,B,31-Mar-25
9239,1,3534,B,07-Apr-25
9247,1,2559,B,22-Jan-25
9255,1,157,B,04-Nov-25
9276,1,932,B,09-Apr-25
9326,1,2878,B,04-Feb-25
9346,1,7989,B,27-Aug-25
9362,1,631,B,19-Jul-25
9374,1,7754,B,30-Jan-25
9379,1,413,B,14-Jul-25
9399,1,60,B,29-Nov-25
9435,1,7339,B,04-Jan-26
9463,1,6125,B,26-Mar-25
9468,1,3135,B,04-Mar-25
9469,1,1736,B,07-Dec-25
9607,1,1393,B,26-Aug-25
9628,1,7031,B,16-Nov-25
9688,1,4793,B,10-Apr-25
9689,1,4252,B,10-Aug-25
9734,1,6137,B,10-May-25
9740,1,5913,B,17-Oct-25
9803,1,779,B,27-Oct-25
9816,1,6520,B,03-Jan-25
9877,1,6360,B,28-Jul-25
9887,1,6710,B,23-May-25
9931,1,7388,B,17-Jul-25
9959,1,6383,B,05-Nov-25
9960,1,751,B,22-Sep-25
9976,1,241,B,12-Jan-25
9983,1,6089,B,22-Apr-25
10046,1,6065,B,22-Jul-25
10052,1,2449,B,07-Dec-25
10077,1,320,B,23-Mar-25
10080,1,38,B,16-Jan-25
10092,1,4565,B,09-Sep-25
10161,1,4534,B,03-Jun-25
10184,1,7348,B,17-Aug-25
10307,1,714,B,07-May-25
10320,1,4435,B,10-Aug-25
10349,1,3516,B,12-Jan-26
10358,1,3382,B,23-Apr-25
10405,1,127,B,21-Oct-25
10409,1,3329,B,19-Jun-25
10421,1,6810,B,03-May-25
10432,1,1936,B,16-Oct-25
10455,1,4778,B,24-Apr-25
10494,1,6258,B,13-May-25
10497,1,6,B,04-Oct-25
10506,1,2815,B,13-May-25
10525,1,800,B,08-Oct-25
10599,1,830,B,04-Jun-25
10633,1,2378,B,14-Jun-25
10666,1,7094,B,25-May-25
10675,1,6660,B,20-Feb-25
10683,1,2468,B,28-Oct-25
10708,1,3717,B,14-Jan-25
10743,1,5559,B,20-Dec-25
10778,1,3397,B,17-May-25
10782,1,4572,B,16-Jan-25
10784,1,4969,B,10-Apr-25
10795,1,3465,B,27-Jul-25
10862,1,7158,B,13-Apr-25
10886,1,5184,B,22-Oct-25
10988,1,4871,B,13-Mar-25
10991,1,4688,B,06-Jan-26
10996,1,5335,B,19-Aug-25
10998,1,5883,B,14-Mar-25
11006,1,4614,B,04-Jun-25
11011,1,269,B,03-Nov-25
11066,1,5857,B,06-Aug-25
11143,1,1,B,17-Nov-25
11205,1,6319,B,22-Jul-25
11215,1,4042,B,19-Jun-25
11292,1,2226,B,22-Jul-25
11314,1,600,B,01-Nov-25
11332,1,5591,B,03-Jan-25
11376,1,1532,B,27-Jan-25
11408,1,5355,B,11-Feb-25
11473,1,7033,B,15-Dec-25
11595,1,2237,B,09-May-25
11625,1,4641,B,18-Jul-25
11626,1,2345,B,16-Oct-25
11629,1,7402,B,15-Jul-25
11632,1,1220,B,27-Nov-25
11649,1,3716,B,17-Jan-25
11662,1,2964,B,23-Dec-25
11731,1,2339,B,02-Jun-25
11769,1,4193,B,31-Dec-25
11811,1,3947,B,08-Dec-25
11817,1,2972,B,23-Dec-25
11830,1,2579,B,12-Jan-26
11838,1,428,B,21-Nov-25
11839,1,6865,B,06-Dec-25
11854,1,558,B,11-Jul-25
11881,1,2425,B,12-Dec-25
11902,1,5434,B,31-May-25
11939,1,4635,B,02-Aug-25
11982,1,3764,B,30-Aug-25
11992,1,6249,B,25-Nov-25
11993,1,6420,B,21-Jan-25
12013,1,1381,B,21-Apr-25
12069,1,1580,B,22-Apr-25
12072,1,4229,B,08-Jan-25
12085,1,5972,B,21-Dec-25
12130,1,4990,B,27-Jul-25
12138,1,3987,B,17-Aug-25
12151,1,7872,B,05-Jan-25
12171,1,2491,B,06-Jan-26
12180,1,2047,B,27-Nov-25
12205,1,953,B,28-Jun-25
12239,1,7437,B,21-Feb-25
12252,1,6058,B,07-Sep-25
12343,1,3865,B,20-Jul-25
12344,1,5062,B,16-Jul-25
12363,1,5348,B,13-Mar-25
12386,1,1866,B,20-Jun-25
12421,1,6579,B,22-Dec-25
12442,1,1638,B,09-Aug-25
12459,1,4933,B,16-Sep-25
12476,1,2100,B,27-Nov-25
12491,1,6016,B,11-Jun-25
12500,1,1726,B,25-Jan-25
12512,1,4390,B,25-Feb-25
12529,1,435,B,23-Aug-25
12560,1,4212,B,26-May-25
12572,1,6551,B,17-Apr-25
12603,1,5169,B,24-Sep-25
12668,1,7712,B,20-Sep-25
12690,1,7879,B,15-Mar-25
12775,1,4609,B,28-Jul-25
12806,1,3940,B,13-Apr-25
12808,1,7387,B,03-May-25
12824,1,907,B,14-Jan-26
12895,1,6544,B,15-Mar-25
12900,1,2933,B,02-Jun-25
12904,1,298,B,01-Jan-26
12957,1,4353,B,03-Feb-25
13008,1,7314,B,31-Oct-25
13112,1,3844,B,20-Apr-25
13152,1,5101,B,11-Mar-25
13190,1,5840,B,09-May-25
13197,1,316,B,11-Oct-25
13205,1,7672,B,06-Feb-25
13216,1,5440,B,31-Aug-25
13223,1,3768,B,31-Dec-25
13238,1,126,B,30-Aug-25
13259,1,7669,B,24-Jun-25
13303,1,4582,B,22-Feb-25
13314,1,3351,B,29-Jun-25
13322,1,4715,B,24-Nov-25
13324,1,4375,B,25-Oct-25
13382,1,3363,B,17-Jun-25
13397,1,5384,B,17-Apr-25
13399,1,6402,B,12-Sep-25
13400,1,6870,B,27-Jul-25
13404,1,2738,B,07-Jan-26
13418,1,3884,B,28-May-25
13435,1,669,B,14-Jan-26
13438,1,4131,B,20-May-25
13440,1,7948,B,31-Oct-25
13459,1,4065,B,28-Oct-25
13494,1,4536,B,29-Oct-25
13545,1,2809,B,12-Nov-25
13560,1,243,B,30-Sep-25
13589,1,3760,B,07-Jan-25
13608,1,5849,B,08-Oct-25
13614,1,135,B,20-Nov-25
13626,1,6221,B,29-Jun-25
13645,1,1713,B,02-Nov-25
13646,1,3348,B,11-May-25
13652,1,1073,B,01-Dec-25
13672,1,3396,B,23-May-25
13689,1,5584,B,17-Mar-25
13691,1,4898,B,18-Sep-25
13707,1,7915,B,29-Mar-25
13709,1,1096,B,18-Mar-25
13719,1,3561,B,12-Jul-25
13774,1,2126,B,25-Jan-25
13782,1,4413,B,25-Jul-25
13796,1,1768,B,14-Sep-25
13838,1,1565,B,07-Apr-25
13874,1,5805,B,10-Jan-25
13914,1,1249,B,17-Sep-25
13975,1,1388,B,28-Mar-25
13986,1,2296,B,04-Dec-25
14010,1,1322,B,15-Feb-25
14036,1,3413,B,31-Dec-25
14061,1,6482,B,09-Mar-25
14114,1,6916,B,27-Jul-25
14128,1,3474,B,24-Dec-25
14137,1,4808,B,26-Sep-25
14143,1,5369,B,16-Mar-25
14153,1,5893,B,20-Feb-25
14169,1,4920,B,10-Jul-25
14218,1,5658,B,06-Aug-25
14265,1,6834,B,22-Oct-25
14323,1,3620,B,20-Sep-25
14324,1,7477,B,05-Apr-25
14346,1,3327,B,10-Feb-25
14401,1,7336,B,25-Jun-25
14533,1,6002,B,28-Jun-25
14541,1,3809,B,02-Apr-25
14589,1,5315,B,10-Jan-26
14599,1,3360,B,19-Dec-25
14619,1,7675,B,24-Apr-25
14623,1,3952,B,08-Jan-26
14629,1,3505,B,23-Aug-25
14635,1,5879,B,13-Jan-25
14677,1,2430,B,05-Apr-25
14728,1,897,B,16-Feb-25
14780,1,7134,B,25-Apr-25
14805,1,1085,B,22-Oct-25
14822,1,2772,B,16-Aug-25
14830,1,5121,B,01-Dec-25
14834,1,5165,B,27-Oct-25
14873,1,6297,B,01-Jan-26
14907,1,7853,B,17-Sep-25
14918,1,4651,B,20-Apr-25
14928,1,6812,B,17-Jan-25
14942,1,7102,B,08-Aug-25
14949,1,553,B,06-May-25
14962,1,3752,B,10-Mar-25
14966,1,1542,B,09-Jul-25
15049,1,6928,B,08-Nov-25
15102,1,1759,B,31-Jan-25
15135,1,3156,B,14-Jul-25
15174,1,5810,B,04-Aug-25
15223,1,1858,B,01-Dec-25
15246,1,2827,B,23-Nov-25
15267,1,1430,B,08-Jan-25
15339,1,4242,B,02-Mar-25
15343,1,7885,B,14-Feb-25
15344,1,2569,B,14-Feb-25
15349,1,5789,B,24-Mar-25
15369,1,6469,B,05-Feb-25
15383,1,6929,B,13-May-25
15412,1,1978,B,14-Jan-25
15440,1,2514,B,01-Jun-25
15448,1,4086,B,11-Apr-25
15490,1,2385,B,25-Jun-25
15500,1,2494,B,30-May-25
15569,1,3835,B,29-Apr-25
15577,1,1371,B,25-Aug-25
15584,1,3866,B,17-Oct-25
15591,1,3869,B,10-May-25
15639,1,7469,B,14-Jul-25
15645,1,1788,B,11-Jun-25
15656,1,5185,B,27-Nov-25
15686,1,4794,B,20-Jun-25
15704,1,5947,B,08-May-25
15718,1,6374,B,04-Jan-26
15816,1,5829,B,09-May-25
15826,1,4241,B,03-Nov-25
15897,1,2002,B,01-Sep-25
15939,1,1600,B,28-Feb-25
15948,1,1374,B,13-May-25
15957,1,1349,B,24-May-25
15965,1,6181,B,02-Sep-25
15996,1,6367,B,19-Jul-25
16074,1,7555,B,04-May-25
16188,1,6253,B,25-Sep-25
16227,1,7165,B,15-Jun-25
16243,1,1104,B,03-Mar-25
16251,1,7206,B,03-Mar-25
16257,1,3048,B,17-Aug-25
16259,1,724,B,15-Nov-25
16342,1,6245,B,31-May-25
16354,1,1492,B,14-Oct-25
16376,1,7180,B,26-Mar-25
16415,1,6855,B,01-Aug-25
16464,1,4552,B,25-Mar-25
16482,1,2404,B,10-May-25
16519,1,3109,B,14-Jun-25
16520,1,6041,B,07-Jul-25
16569,1,4907,B,23-Apr-25
16573,1,2438,B,07-Sep-25
16574,1,4682,B,04-Feb-25
16605,1,197,B,13-Nov-25
16619,1,4045,B,20-Sep-25
16646,1,3161,B,30-May-25
16676,1,4916,B,12-Jan-25
16721,1,2681,B,25-Sep-25
16732,1,1316,B,16-Aug-25
16743,1,4749,B,25-Apr-25
16749,1,2635,B,08-Aug-25
16793,1,1946,B,22-Oct-25
16830,1,5497,B,15-Apr-25
16855,1,3833,B,20-Jan-25
16876,1,1948,B,18-Oct-25
16897,1,5339,B,04-May-25
16914,1,65,B,07-Apr-25
16955,1,211,B,15-Mar-25
16962,1,5253,B,09-Apr-25
16981,1,6827,B,23-Aug-25
16988,1,6333,B,28-Jun-25
17000,1,7101,B,19-Jun-25
17051,1,4197,B,13-Jan-25
17093,1,1132,B,17-Dec-25
17116,1,5429,B,11-Jul-25
17133,1,383,B,16-Mar-25
17156,1,7244,B,20-Aug-25
17179,1,5069,B,24-Jul-25
17188,1,2391,B,10-Jan-26
17208,1,5260,B,06-Jun-25
17232,1,3895,B,25-Sep-25
17235,1,3474,B,26-Dec-25
17236,1,7747,B,21-Jul-25
17263,1,1810,B,28-Jan-25
17330,1,2455,B,12-Jan-26
17343,1,3168,B,20-Mar-25
17375,1,1740,B,11-Aug-25
17455,1,6364,B,31-Aug-25
17457,1,213,B,30-Jul-25
17471,1,3837,B,30-Jun-25
17511,1,2141,B,09-Mar-25
17535,1,5785,B,17-Jun-25
17545,1,252,B,08-Apr-25
17638,1,516,B,18-Apr-25
17663,1,3480,B,04-Aug-25
17669,1,7946,B,15-Jan-25
17715,1,3032,B,14-Dec-25
17716,1,2555,B,04-Jan-26
17719,1,1296,B,26-Jun-25
17720,1,2937,B,16-Jan-26
17804,1,1895,B,20-May-25
17809,1,1460,B,23-Apr-25
17825,1,216,B,27-Jul-25
17826,1,992,B,03-Jan-26
17827,1,4030,B,16-Apr-25
17846,1,5406,B,20-Dec-25
17853,1,1676,B,13-Jul-25
17870,1,291,B,11-Sep-25
17881,1,4848,B,19-Aug-25
17911,1,2020,B,02-Jul-25
17914,1,5907,B,01-Nov-25
17966,1,5877,B,04-Jan-25
18001,1,6382,B,16-Apr-25
18030,1,1473,B,02-Jul-25
18123,1,5884,B,26-Jul-25
18139,1,444,B,09-Dec-25
18155,1,2140,B,04-Feb-25
18158,1,7211,B,14-Mar-25
18180,1,3174,B,22-Nov-25
18185,1,5868,B,15-Apr-25
18203,1,355,B,20-Feb-25
18233,1,217,B,08-Jul-25
18245,1,6909,B,28-Mar-25
18248,1,5067,B,30-Oct-25
18269,1,1124,B,30-Jul-25
18281,1,1563,B,13-Aug-25
18282,1,5167,B,21-Sep-25
18286,1,385,B,25-Jul-25
18322,1,6924,B,22-Nov-25
18337,1,6636,B,07-Jun-25
18408,1,1083,B,19-Jan-25
18422,1,5930,B,20-May-25
18429,1,2105,B,28-Sep-25
18433,1,355,B,30-May-25
18450,1,2190,B,11-May-25
18460,1,1841,B,17-Mar-25
18530,1,6349,B,04-Jun-25
18536,1,1763,B,02-Feb-25
18544,1,5156,B,11-Jul-25
18552,1,737,B,03-Apr-25
18594,1,2943,B,16-Apr-25
18605,1,3857,B,11-Jan-26
18618,1,6503,B,08-Nov-25
18641,1,6915,B,01-Mar-25
18690,1,6091,B,22-Oct-25
18702,1,1840,B,17-Jan-26
18706,1,1790,B,12-Oct-25
18716,1,2041,B,20-Apr-25
18744,1,6245,B,10-Dec-25
18758,1,7605,B,14-Nov-25
18773,1,6771,B,02-Mar-25
18795,1,1991,B,03-Apr-25
18808,1,6198,B,05-Mar-25
18822,1,827,B,04-Jul-25
18895,1,6522,B,06-Aug-25
18897,1,1348,B,11-Mar-25
18900,1,5699,B,11-Jan-26
18927,1,3017,B,15-May-25
18936,1,5708,B,05-Apr-25
18985,1,6556,B,24-Sep-25
19003,1,1395,B,12-Feb-25
19037,1,5504,B,13-Sep-25
19089,1,4330,B,24-Jun-25
19134,1,2473,B,05-Jun-25
19161,1,115,B,27-Oct-25
19163,1,531,B,11-Nov-25
19218,1,2309,B,06-Apr-25
19242,1,7110,B,28-Jun-25
19260,1,5587,B,29-Aug-25
19274,1,7785,B,15-Aug-25
19280,1,3715,B,03-Apr-25
19329,1,5512,B,30-Nov-25
19381,1,1301,B,31-Dec-25
19395,1,5323,B,30-Jun-25
19408,1,6316,B,20-Jul-25
19424,1,7921,B,08-Feb-25
19442,1,7600,B,04-Mar-25
19458,1,4927,B,29-Sep-25
19460,1,1510,B,02-May-25
19464,1,267,B,28-Oct-25
19482,1,4155,B,21-Jan-25
19499,1,5646,B,01-Jul-25
19517,1,7323,B,19-Dec-25
19531,1,4600,B,08-Nov-25
19534,1,1201,B,28-Sep-25
19535,1,5036,B,10-Jun-25
19557,1,7842,B,09-Feb-25
19574,1,667,B,06-Sep-25
19584,1,6185,B,15-Jun-25
19596,1,823,B,09-Jan-26
19634,1,1172,B,21-Nov-25
19645,1,5184,B,05-Oct-25
19668,1,7933,B,17-Oct-25
19681,1,3105,B,24-Jul-25
19682,1,3565,B,06-Feb-25
19700,1,3143,B,30-Jan-25
19718,1,254,B,13-Jan-25
19729,1,5015,B,10-Jun-25
19740,1,2404,B,17-Feb-25
19743,1,4515,B,03-Oct-25
19768,1,7431,B,05-Jul-25
19778,1,2372,B,18-Aug-25
19840,1,4228,B,25-Jan-25
19852,1,3810,B,21-Nov-25
19867,1,1609,B,23-Sep-25
19869,1,1173,B,20-Jul-25
19906,1,6719,B,18-Jul-25
19945,1,5838,B,03-Dec-25
19953,1,3863,B,11-Dec-25
2,5,6167,B,14-Dec-25
32,5,838,B,25-Apr-25
48,5,4057,B,18-Mar-25
110,5,2166,B,01-Dec-25
126,5,4022,B,12-Jun-25
142,5,2024,B,30-Jun-25
147,5,5091,B,08-Jan-25
219,5,1587,B,18-May-25
223,5,4034,B,23-Jan-25
243,5,5844,B,01-Nov-25
248,5,3115,B,09-Feb-25
296,5,7107,B,08-Aug-25
308,5,5107,B,27-Apr-25
316,5,4290,B,28-Oct-25
324,5,5323,B,23-Sep-25
396,5,3321,B,23-May-25
402,5,2614,B,18-Jun-25
404,5,6416,B,11-May-25
466,5,1342,B,19-Nov-25
492,5,7350,B,30-Sep-25
569,5,3136,B,05-Feb-25
599,5,3534,B,13-Sep-25
605,5,7229,B,28-Jun-25
632,5,1702,B,20-Jul-25
673,5,172,B,11-Nov-25
691,5,2540,B,06-May-25
718,5,7274,B,09-Apr-25
761,5,757,B,25-Feb-25
772,5,5168,B,09-Jan-25
783,5,515,B,27-Dec-25
801,5,5865,B,18-Mar-25
883,5,661,B,22-Apr-25
906,5,5564,B,24-May-25
925,5,5391,B,02-Jun-25
954,5,6596,B,28-Jun-25
1016,5,3949,B,18-Jan-25
1040,5,2663,B,23-Mar-25
1089,5,3736,B,16-Mar-25
1107,5,6722,B,13-Nov-25
1186,5,5689,B,11-Nov-25
1193,5,6035,B,10-Jul-25
1199,5,2177,B,01-Dec-25
1202,5,3463,B,08-Mar-25
1223,5,7166,B,15-Sep-25
1251,5,2243,B,13-Aug-25
1281,5,6487,B,28-Oct-25
1308,5,7131,B,22-Nov-25
1320,5,4129,B,20-Mar-25
1325,5,6262,B,30-Mar-25
1378,5,1906,B,16-Aug-25
1481,5,998,B,03-Apr-25
1486,5,6254,B,29-Jan-25
1508,5,3747,B,05-Sep-25
1515,5,1018,B,16-Sep-25
1522,5,7499,B,09-Jul-25
1529,5,3998,B,14-Oct-25
1547,5,4272,B,05-Sep-25
1574,5,2057,B,20-Apr-25
1580,5,2368,B,07-Jun-25
1643,5,73,B,31-May-25
1668,5,1245,B,12-Jun-25
1700,5,3000,B,18-Jan-25
1729,5,3519,B,26-Jul-25
1759,5,1639,B,31-May-25
1771,5,4363,B,06-May-25
1813,5,6136,B,26-Mar-25
1830,5,1455,B,26-Oct-25
1858,5,2223,B,03-Feb-25
1864,5,6887,B,12-Jul-25
1876,5,4003,B,18-Apr-25
1898,5,316,B,22-Oct-25
1959,5,5747,B,16-Oct-25
1972,5,49,B,17-Dec-25
1987,5,4232,B,16-Jul-25
2028,5,3449,B,22-Jul-25
2037,5,901,B,25-Apr-25
2144,5,1837,B,23-May-25
2156,5,2083,B,28-Jul-25
2189,5,6252,B,15-Dec-25
2216,5,4638,B,19-Aug-25
2236,5,1130,B,11-Sep-25
2237,5,4732,B,17-Jul-25
2260,5,439,B,06-Jan-26
2264,5,3816,B,01-Dec-25
2274,5,254,B,24-Jul-25
2294,5,1140,B,13-Feb-25
2297,5,7261,B,09-Sep-25
2298,5,90,B,25-Mar-25
2328,5,6436,B,10-Jan-25
2360,5,5477,B,12-Feb-25
2387,5,4069,B,01-Dec-25
2408,5,4055,B,03-Sep-25
2435,5,494,B,10-Dec-25
2462,5,6536,B,18-Sep-25
2487,5,6063,B,08-Apr-25
2490,5,7856,B,19-Sep-25
2528,5,4271,B,19-Mar-25
2538,5,7191,B,17-Jan-26
2589,5,984,B,23-Mar-25
2653,5,7752,B,28-May-25
2735,5,2178,B,02-Aug-25
2786,5,4259,B,10-Apr-25
2828,5,214,B,13-Oct-25
2857,5,7447,B,09-Jun-25
2883,5,3464,B,19-Apr-25
2898,5,5592,B,27-Sep-25
2927,5,2447,B,16-Jul-25
2946,5,4660,B,27-Mar-25
2973,5,5044,B,10-Mar-25
2990,5,4843,B,04-Apr-25
3016,5,19,B,05-Mar-25
3047,5,4608,B,02-Sep-25
3106,5,4979,B,09-Jan-25
3160,5,2224,B,25-Jun-25
3178,5,4811,B,29-Apr-25
3198,5,2257,B,14-Jan-25
3211,5,6907,B,05-Sep-25
3218,5,7564,B,13-Jan-26
3246,5,2586,B,02-Jan-25
3292,5,2230,B,09-Dec-25
3301,5,2479,B,28-Mar-25
3308,5,5721,B,06-Feb-25
3355,5,6060,B,01-Feb-25
3360,5,968,B,22-Dec-25
3364,5,5116,B,13-Dec-25
3387,5,4067,B,06-Mar-25
3434,5,3588,B,27-Mar-25
3477,5,4196,B,09-Feb-25
3483,5,7751,B,31-May-25
3486,5,5724,B,19-Nov-25
3506,5,6720,B,03-Apr-25
3510,5,5528,B,07-Jul-25
3514,5,4487,B,01-Oct-25
3552,5,6467,B,08-Sep-25
3555,5,4591,B,31-Jan-25
3577,5,2399,B,20-Aug-25
3647,5,269,B,03-Feb-25
3649,5,3982,B,27-Jul-25
3658,5,5434,B,14-Jul-25
3695,5,6959,B,07-May-25
3704,5,7194,B,19-Jul-25
3712,5,6351,B,08-Jun-25
3823,5,1697,B,10-Nov-25
3856,5,3419,B,10-May-25
3862,5,6247,B,13-Apr-25
3863,5,1952,B,15-Jul-25
3893,5,4412,B,09-Sep-25
3931,5,4983,B,05-May-25
3944,5,6561,B,11-Sep-25
3984,5,4932,B,18-Jan-26
3994,5,6379,B,09-Aug-25
4011,5,1128,B,26-Dec-25
4020,5,6182,B,11-Dec-25
4078,5,5746,B,09-Mar-25
4130,5,4407,B,24-Apr-25
4140,5,2704,B,13-Sep-25
4196,5,4831,B,07-Jul-25
4287,5,3456,B,15-Dec-25
4296,5,827,B,20-Aug-25
4306,5,3957,B,11-Apr-25
4313,5,5185,B,11-Nov-25
4340,5,1723,B,17-Dec-25
4370,5,3980,B,18-Jan-25
4378,5,1954,B,10-Jul-25
4421,5,2881,B,16-Jan-26
4466,5,2614,B,30-Jan-25
4541,5,4581,B,28-Sep-25
4544,5,7581,B,23-Dec-25
4554,5,4081,B,26-May-25
4579,5,4115,B,20-Apr-25
4641,5,401,B,24-Feb-25
4667,5,4806,B,18-May-25
4673,5,2205,B,29-Aug-25
4692,5,7409,B,28-Dec-25
4698,5,2685,B,14-Mar-25
4728,5,1728,B,03-Mar-25
4762,5,1344,B,01-Jan-25
4763,5,4293,B,26-Jul-25
4784,5,6415,B,01-Feb-25
4789,5,3314,B,27-Sep-25
4881,5,2168,B,18-Aug-25
4884,5,969,B,04-Nov-25
4888,5,4417,B,29-Jun-25
4903,5,2003,B,21-Apr-25
4907,5,7563,B,08-Apr-25
4920,5,6084,B,25-Feb-25
5002,5,1515,B,28-Mar-25
5038,5,915,B,26-May-25
5115,5,615,B,01-Jan-26
5124,5,2339,B,11-Sep-25
5155,5,6725,B,20-Apr-25
5159,5,6088,B,04-Jan-26
5226,5,883,B,13-Mar-25
5227,5,4504,B,12-Sep-25
5240,5,5973,B,02-Mar-25
5250,5,7048,B,24-Mar-25
5255,5,6430,B,19-Jan-25
5258,5,4514,B,22-Dec-25
5277,5,2926,B,17-Jan-25
5282,5,7369,B,30-Jan-25
5333,5,7245,B,04-May-25
5361,5,952,B,23-Jul-25
5388,5,3857,B,15-Jun-25
5392,5,5834,B,09-Apr-25
5422,5,520,B,18-Mar-25
5478,5,1548,B,09-Dec-25
5479,5,6329,B,03-Dec-25
5531,5,467,B,13-Aug-25
5533,5,2115,B,09-Oct-25
5534,5,6738,B,28-Apr-25
5573,5,2604,B,05-Oct-25
5580,5,108,B,09-Jul-25
5611,5,2203,B,30-Mar-25
5634,5,6336,B,09-May-25
5654,5,5210,B,31-Jan-25
5681,5,6389,B,15-Apr-25
5686,5,4848,B,31-Mar-25
5714,5,265,B,22-May-25
5852,5,4756,B,15-May-25
5864,5,6042,B,28-Feb-25
5865,5,5887,B,22-Nov-25
5890,5,6341,B,02-Jul-25
5903,5,866,B,12-Jul-25
5905,5,7834,B,07-Jan-25
5917,5,4856,B,03-Dec-25
5919,5,7754,B,27-Nov-25
5946,5,1810,B,19-Aug-25
5971,5,3831,B,28-Jul-25
5988,5,6691,B,05-Mar-25
6019,5,5397,B,06-Apr-25
6039,5,2915,B,19-Jul-25
6041,5,1175,B,02-Jan-26
6072,5,1554,B,26-May-25
6094,5,625,B,23-Jun-25
6127,5,2132,B,07-Mar-25
6129,5,4664,B,17-Jan-25
6163,5,1221,B,05-Aug-25
6186,5,5683,B,30-Mar-25
6202,5,2432,B,15-Dec-25
6231,5,7154,B,27-Jun-25
6240,5,7,B,17-Oct-25
6267,5,3071,B,04-May-25
6286,5,2114,B,01-Jan-26
6290,5,1168,B,14-Mar-25
6363,5,3431,B,01-Dec-25
6394,5,5921,B,28-Aug-25
6406,5,5789,B,22-Oct-25
6465,5,6452,B,13-Jan-25
6471,5,2451,B,06-May-25
6472,5,1381,B,22-Sep-25
6475,5,4307,B,02-Jan-25
6497,5,7425,B,02-Oct-25
6545,5,5776,B,27-Jul-25
6549,5,1747,B,25-Nov-25
6551,5,5846,B,12-Jul-25
6565,5,69,B,09-Jul-25
6578,5,6034,B,04-Oct-25
6605,5,3297,B,11-Jun-25
6607,5,4733,B,24-Jun-25
6616,5,4206,B,03-Jan-25
6617,5,1533,B,28-Jun-25
6722,5,7521,B,05-Nov-25
6728,5,4973,B,30-Dec-25
6737,5,2893,B,14-Aug-25
6745,5,3502,B,16-Feb-25
6873,5,4654,B,03-Feb-25
6893,5,1150,B,15-Sep-25
6940,5,5677,B,08-Nov-25
6962,5,3258,B,25-Aug-25
6983,5,54,B,09-Dec-25
6993,5,6668,B,02-Oct-25
7006,5,5272,B,23-Jun-25
7014,5,6157,B,01-Feb-25
7031,5,946,B,11-Aug-25
7034,5,6280,B,15-Apr-25
7038,5,1238,B,08-Oct-25
7041,5,7358,B,06-Feb-25
7120,5,981,B,15-Apr-25
7139,5,2423,B,25-Dec-25
7152,5,7331,B,03-Apr-25
7163,5,6600,B,08-Apr-25
7169,5,91,B,27-Feb-25
7171,5,5958,B,16-Jan-26
7174,5,1000,B,15-Nov-25
7252,5,7764,B,01-Jun-25
7266,5,4351,B,21-Feb-25
7268,5,2957,B,14-May-25
7281,5,106,B,17-Aug-25
7294,5,6411,B,29-Dec-25
7307,5,5213,B,16-Jan-25
7325,5,2868,B,19-Jun-25
7385,5,7932,B,26-Aug-25
7403,5,4532,B,24-Dec-25
7416,5,7322,B,17-Nov-25
7417,5,7293,B,03-Oct-25
7466,5,6849,B,06-Jan-25
7488,5,1842,B,17-Feb-25
7517,5,7020,B,09-Mar-25
7535,5,5855,B,18-Dec-25
7553,5,3871,B,13-Jan-26
7595,5,3749,B,08-Apr-25
7639,5,6276,B,01-Jul-25
7657,5,5750,B,23-Feb-25
7686,5,6620,B,05-Jul-25
7707,5,6866,B,30-Dec-25
7718,5,2950,B,13-Jan-26
7746,5,6573,B,20-Aug-25
7748,5,4982,B,12-Aug-25
7787,5,880,B,02-Nov-25
7795,5,4742,B,26-Jan-25
7796,5,2482,B,28-Jan-25
7821,5,7361,B,12-Nov-25
7839,5,1431,B,02-Feb-25
7849,5,3698,B,11-Nov-25
7855,5,4373,B,08-Apr-25
7884,5,2567,B,11-Feb-25
7892,5,7435,B,04-Jan-25
7901,5,3853,B,20-Apr-25
7925,5,7013,B,01-Feb-25
8016,5,7687,B,19-Mar-25
8030,5,6415,B,27-Mar-25
8075,5,7273,B,02-Mar-25
8100,5,7864,B,04-Mar-25
8106,5,4861,B,27-Jul-25
8138,5,540,B,24-Jul-25
8165,5,3998,B,10-Mar-25
8183,5,1471,B,16-Mar-25
8216,5,6537,B,03-Jan-25
8217,5,7089,B,31-Oct-25
8301,5,702,B,19-Feb-25
8324,5,1022,B,02-Nov-25
8356,5,2151,B,22-Aug-25
8364,5,4183,B,04-Sep-25
8372,5,4036,B,06-May-25
8398,5,3651,B,26-May-25
8409,5,4291,B,03-Jan-25
8468,5,1603,B,28-Nov-25
8542,5,4039,B,15-Apr-25
8572,5,189,B,27-Sep-25
8603,5,4794,B,28-Sep-25
8620,5,6699,B,15-Oct-25
8662,5,5988,B,18-Nov-25
8763,5,3962,B,07-Feb-25
8797,5,3990,B,15-May-25
8820,5,5190,B,10-Jan-25
8833,5,4184,B,09-Mar-25
8877,5,5721,B,24-Jun-25
8889,5,6943,B,05-Nov-25
9009,5,3521,B,09-Jun-25
9038,5,3284,B,22-Dec-25
9066,5,6366,B,13-Jan-26
9069,5,4823,B,14-Dec-25
9148,5,340,B,29-Jan-25
9162,5,168,B,06-Sep-25
9164,5,2681,B,16-Jan-25
9170,5,498,B,22-Aug-25
9208,5,4431,B,20-Jan-25
9217,5,712,B,31-May-25
9254,5,3984,B,11-Jan-25
9289,5,7079,B,12-Jun-25
9315,5,1366,B,04-Oct-25
9316,5,2927,B,12-Nov-25
9355,5,4228,B,16-Aug-25
9368,5,1915,B,01-Jun-25
9372,5,3328,B,30-Oct-25
9395,5,7411,B,17-Apr-25
9412,5,2761,B,28-Sep-25
9419,5,7685,B,20-Jun-25
9462,5,3912,B,29-Jun-25
9501,5,2770,B,20-Dec-25
9504,5,887,B,12-Sep-25
9548,5,7910,B,05-Jan-25
9560,5,5548,B,25-Oct-25
9594,5,2106,B,01-Mar-25
9620,5,3774,B,12-Aug-25
9624,5,2360,B,26-Nov-25
9631,5,1601,B,04-Aug-25
9673,5,4303,B,27-Feb-25
9678,5,4141,B,03-Jun-25
9692,5,1152,B,25-Feb-25
9763,5,2700,B,14-Apr-25
9767,5,3121,B,24-Jul-25
9798,5,3504,B,16-Jan-26
9842,5,4023,B,28-Jan-25
9844,5,1852,B,03-Aug-25
9857,5,3126,B,04-Jan-26
9888,5,7255,B,11-Feb-25
9896,5,959,B,08-Dec-25
9917,5,7332,B,09-May-25
9956,5,843,B,15-Jun-25
10012,5,616,B,24-Aug-25
10032,5,3658,B,06-Mar-25
10085,5,4858,B,12-Oct-25
10119,5,7499,B,26-Feb-25
10128,5,588,B,29-Jul-25
10143,5,4888,B,18-May-25
10158,5,4186,B,28-May-25
10166,5,3663,B,23-Jul-25
10171,5,2541,B,20-Mar-25
10172,5,5309,B,13-Jun-25
10176,5,2039,B,08-Oct-25
10213,5,7537,B,03-Feb-25
10214,5,1522,B,27-Oct-25
10259,5,5539,B,11-Nov-25
10263,5,2043,B,21-Sep-25
10273,5,4146,B,28-Dec-25
10291,5,5393,B,17-Jul-25
10303,5,7076,B,20-Oct-25
10345,5,5096,B,18-Apr-25
10351,5,6525,B,08-Aug-25
10369,5,1862,B,29-Aug-25
10378,5,353,B,01-Aug-25
10384,5,3515,B,19-Apr-25
10438,5,3133,B,27-Feb-25
10451,5,1574,B,31-May-25
10459,5,7456,B,11-Dec-25
10527,5,1197,B,18-Oct-25
10533,5,4890,B,27-Aug-25
10572,5,5154,B,29-May-25
10695,5,5853,B,23-Jun-25
10706,5,5532,B,25-Nov-25
10710,5,2998,B,29-Nov-25
10720,5,3389,B,23-Dec-25
10737,5,4583,B,23-Oct-25
10741,5,6703,B,25-Nov-25
10763,5,7819,B,03-Jan-25
10768,5,7292,B,05-Sep-25
10785,5,7289,B,28-Jul-25
10810,5,138,B,26-Dec-25
10830,5,4313,B,04-Mar-25
10873,5,6696,B,13-Jun-25
10877,5,7324,B,18-Jan-25
10889,5,524,B,17-Jan-25
10900,5,7278,B,18-Aug-25
10928,5,7924,B,23-Dec-25
10935,5,6449,B,10-Aug-25
11031,5,5328,B,23-May-25
11036,5,7757,B,08-Jan-26
11049,5,6305,B,20-Oct-25
11085,5,3566,B,22-Oct-25
11115,5,3150,B,15-Nov-25
11133,5,1516,B,05-May-25
11164,5,4266,B,16-Jun-25
11254,5,3257,B,24-May-25
11305,5,3899,B,04-Jul-25
11345,5,4677,B,26-Feb-25
11364,5,3775,B,27-Aug-25
11445,5,1326,B,08-Sep-25
11530,5,1138,B,30-Nov-25
11538,5,7481,B,10-Mar-25
11554,5,2767,B,18-Oct-25
11557,5,6330,B,11-Oct-25
11579,5,5444,B,21-Jun-25
11636,5,2429,B,10-Jul-25
11676,5,2450,B,24-Oct-25
11684,5,825,B,09-Jun-25
11711,5,6122,B,17-May-25
11717,5,1532,B,17-Jan-25
11750,5,1569,B,10-Mar-25
11776,5,4802,B,29-Aug-25
11848,5,5771,B,22-Oct-25
11891,5,7139,B,24-Jun-25
11920,5,5566,B,09-Dec-25
11928,5,1139,B,04-Sep-25
11947,5,6208,B,25-Jun-25
12054,5,285,B,11-Jan-25
12055,5,3377,B,23-Jul-25
12065,5,4633,B,11-Jan-25
12079,5,6933,B,08-Jan-26
12106,5,4634,B,26-Jan-25
12166,5,6587,B,13-Mar-25
12198,5,4782,B,31-Jul-25
12212,5,3503,B,22-Feb-25
12222,5,5787,B,12-Oct-25
12241,5,5937,B,08-Jan-26
12257,5,4453,B,05-Jun-25
12265,5,5763,B,20-Aug-25
12277,5,6959,B,17-Oct-25
12299,5,629,B,29-Jan-25
12308,5,6679,B,09-Jul-25
12320,5,4417,B,23-Nov-25
12402,5,382,B,13-Apr-25
12403,5,1467,B,14-Jan-26
12416,5,1031,B,12-Oct-25
12452,5,1785,B,30-Jan-25
12518,5,3592,B,22-Aug-25
12540,5,2601,B,05-Feb-25
12561,5,1246,B,20-Feb-25
12574,5,5971,B,15-Feb-25
12644,5,724,B,09-Sep-25
12687,5,2828,B,26-May-25
12708,5,4934,B,18-Jun-25
12791,5,7989,B,11-Jan-25
12797,5,4677,B,20-Oct-25
12816,5,7705,B,08-Sep-25
12833,5,3974,B,07-Feb-25
12860,5,6923,B,23-Nov-25
12861,5,5698,B,25-Apr-25
12938,5,84,B,13-Aug-25
12952,5,400,B,04-Apr-25
12973,5,7792,B,07-Jan-25
12978,5,4475,B,05-May-25
12980,5,2002,B,02-Dec-25
12987,5,1758,B,24-Aug-25
12989,5,2068,B,28-Jul-25
13014,5,922,B,15-Jul-25
13017,5,357,B,07-Jan-25
13020,5,7589,B,08-Jun-25
13037,5,2548,B,19-Feb-25
13039,5,7833,B,12-Jul-25
13052,5,2793,B,14-Jan-25
13087,5,1315,B,21-Dec-25
13147,5,5256,B,25-Nov-25
13163,5,5243,B,02-Jan-26
13179,5,2085,B,29-Dec-25
13180,5,3642,B,09-Oct-25
13229,5,969,B,03-Oct-25
13231,5,5826,B,21-Aug-25
13261,5,7558,B,02-Jun-25
13275,5,7042,B,27-Feb-25
13284,5,690,B,11-Feb-25
13326,5,6910,B,08-Oct-25
13385,5,947,B,16-May-25
13394,5,7992,B,11-Jan-26
13437,5,6957,B,21-Sep-25
13539,5,3673,B,09-Aug-25
13540,5,2553,B,16-May-25
13558,5,7681,B,21-Apr-25
13559,5,3295,B,16-Dec-25
13613,5,5027,B,25-Mar-25
13615,5,7020,B,17-Nov-25
13621,5,6914,B,06-Sep-25
13622,5,548,B,14-Jan-25
13627,5,1776,B,23-Jul-25
13629,5,3303,B,04-Jan-25
13648,5,1573,B,10-Oct-25
13650,5,3669,B,26-Jun-25
13658,5,5687,B,26-Jun-25
13687,5,7248,B,27-Nov-25
13693,5,3023,B,07-Jul-25
13699,5,3238,B,12-Sep-25
13721,5,5555,B,24-Nov-25
13753,5,6435,B,05-Jan-26
13760,5,3538,B,10-Nov-25
13771,5,1219,B,27-Feb-25
13784,5,4648,B,11-Feb-25
13802,5,3295,B,18-Aug-25
13805,5,132,B,22-Sep-25
13806,5,5486,B,11-Jan-26
13833,5,2854,B,17-Jan-25
13861,5,632,B,26-May-25
13897,5,1881,B,15-Nov-25
13997,5,4174,B,24-Mar-25
14005,5,6732,B,11-Jun-25
14024,5,7799,B,08-Dec-25
14031,5,4102,B,09-Jun-25
14041,5,7580,B,29-Nov-25
14057,5,5567,B,31-Jul-25
14058,5,2387,B,05-Jun-25
14068,5,5983,B,16-Aug-25
14104,5,2466,B,25-Oct-25
14132,5,109,B,20-Aug-25
14133,5,3620,B,15-Aug-25
14135,5,3596,B,28-Jul-25
14205,5,439,B,27-Aug-25
14234,5,1277,B,07-Dec-25
14243,5,686,B,23-Apr-25
14256,5,6048,B,16-Dec-25
14322,5,625,B,17-Aug-25
14340,5,766,B,05-Oct-25
14363,5,7349,B,30-Dec-25
14389,5,2121,B,31-Jul-25
14409,5,5643,B,01-Jan-26
14436,5,7537,B,03-Feb-25
14477,5,374,B,20-Feb-25
14489,5,7199,B,07-Jan-26
14505,5,4500,B,25-Apr-25
14529,5,2135,B,13-Dec-25
14556,5,5652,B,21-Mar-25
14560,5,5773,B,19-Jul-25
14578,5,867,B,06-Aug-25
14615,5,3825,B,21-Dec-25
14638,5,6732,B,04-Apr-25
14641,5,874,B,22-May-25
14657,5,2199,B,25-Jul-25
14733,5,1943,B,15-Dec-25
14760,5,468,B,25-Jan-25
14762,5,6304,B,28-Nov-25
14783,5,3643,B,26-Aug-25
14806,5,788,B,16-Sep-25
14832,5,302,B,06-Oct-25
14845,5,4278,B,09-Apr-25
14867,5,1930,B,29-Sep-25
14880,5,1491,B,01-Mar-25
14908,5,6641,B,16-Sep-25
14909,5,7250,B,12-Feb-25
15015,5,5492,B,15-May-25
15031,5,2759,B,18-Jul-25
15058,5,5684,B,19-May-25
15064,5,45,B,19-Dec-25
15079,5,7081,B,12-Sep-25
15134,5,6521,B,01-Aug-25
15149,5,1256,B,11-Apr-25
15154,5,2816,B,12-Jul-25
15191,5,2316,B,21-Aug-25
15200,5,4714,B,20-May-25
15231,5,4351,B,05-May-25
15245,5,4196,B,12-Oct-25
15251,5,6107,B,23-Feb-25
15280,5,1680,B,22-Aug-25
15297,5,3167,B,05-Dec-25
15328,5,582,B,09-Apr-25
15330,5,5538,B,02-Apr-25
15334,5,3911,B,30-Jul-25
15342,5,6654,B,02-Jan-26
15351,5,5332,B,14-Aug-25
15370,5,2509,B,08-Oct-25
15384,5,3726,B,03-Mar-25
15387,5,7618,B,11-Jun-25
15390,5,4595,B,05-Jun-25
15427,5,495,B,06-Aug-25
15471,5,5057,B,22-May-25
15477,5,7493,B,19-Mar-25
15480,5,4778,B,27-Oct-25
15509,5,4803,B,04-Jan-25
15519,5,6722,B,13-Jan-25
15532,5,218,B,07-May-25
15541,5,4929,B,07-Aug-25
15547,5,7846,B,20-Nov-25
15565,5,1664,B,22-Jul-25
15579,5,4652,B,21-Mar-25
15588,5,4379,B,21-Apr-25
15605,5,3074,B,06-Sep-25
15630,5,1116,B,01-Jun-25
15648,5,1604,B,10-Jan-25
15730,5,787,B,03-Dec-25
15763,5,7474,B,21-Jan-25
15767,5,7977,B,14-Feb-25
15781,5,5855,B,27-Feb-25
15820,5,2417,B,26-Aug-25
15870,5,6853,B,18-Feb-25
15884,5,4237,B,04-Sep-25
15926,5,1718,B,21-Apr-25
15943,5,2352,B,03-Jun-25
15982,5,2797,B,13-Oct-25
16047,5,4383,B,26-Aug-25
16056,5,760,B,03-Aug-25
16090,5,5438,B,04-Mar-25
16104,5,2800,B,29-Mar-25
16118,5,5627,B,07-Feb-25
16125,5,5248,B,10-Oct-25
16181,5,1167,B,10-Jul-25
16182,5,2910,B,06-Jul-25
16209,5,1694,B,15-May-25
16321,5,2725,B,19-Sep-25
16366,5,1692,B,05-Mar-25
16381,5,6815,B,20-Nov-25
16396,5,3687,B,01-Jul-25
16406,5,5277,B,29-Sep-25
16444,5,3927,B,12-Jan-25
16496,5,6901,B,18-Feb-25
16507,5,3797,B,13-Nov-25
16537,5,4024,B,27-Jun-25
16552,5,3725,B,02-Dec-25
16580,5,3446,B,23-Sep-25
16625,5,3642,B,23-Feb-25
16629,5,5649,B,16-Jun-25
16655,5,1267,B,24-May-25
16685,5,7642,B,11-Aug-25
16691,5,1335,B,18-Nov-25
16741,5,1844,B,25-Jun-25
16747,5,1853,B,21-Oct-25
16774,5,3419,B,26-Oct-25
16776,5,6086,B,24-Apr-25
16777,5,6799,B,20-Nov-25
16786,5,2975,B,05-Feb-25
16791,5,5099,B,24-Feb-25
16829,5,185,B,10-Feb-25
16889,5,3584,B,27-May-25
16941,5,5775,B,14-Jan-25
16957,5,142,B,03-Feb-25
16971,5,6137,B,16-Jul-25
16975,5,7384,B,01-Apr-25
16976,5,6467,B,06-Oct-25
17015,5,4404,B,02-May-25
17022,5,4351,B,17-Dec-25
17045,5,1664,B,12-Aug-25
17069,5,7008,B,27-Apr-25
17088,5,6053,B,20-Jan-25
17091,5,6064,B,21-Feb-25
17094,5,335,B,07-Jan-26
17097,5,5863,B,22-Nov-25
17106,5,5403,B,16-Jul-25
17171,5,6083,B,21-May-25
17175,5,7458,B,13-Feb-25
17209,5,2915,B,29-Mar-25
17239,5,3401,B,26-Feb-25
17241,5,2879,B,22-Nov-25
17291,5,1915,B,21-Jun-25
17318,5,6988,B,09-Oct-25
17335,5,241,B,07-Jan-26
17337,5,3913,B,19-Oct-25
17362,5,6615,B,01-Jul-25
17400,5,5834,B,21-Oct-25
17458,5,183,B,10-Sep-25
17481,5,1037,B,04-Sep-25
17495,5,3046,B,02-Jan-25
17502,5,3061,B,04-Feb-25
17523,5,3415,B,27-Oct-25
17543,5,6775,B,06-Feb-25
17583,5,889,B,31-Mar-25
17605,5,4849,B,21-Aug-25
17657,5,6872,B,27-Jul-25
17672,5,5245,B,01-Jan-26
17674,5,3994,B,27-Nov-25
17687,5,7284,B,14-Jan-25
17709,5,1472,B,21-Apr-25
17725,5,4304,B,02-Jun-25
17744,5,7446,B,29-Sep-25
17767,5,4772,B,02-Jun-25
17807,5,2547,B,06-Jan-25
17815,5,7541,B,23-Mar-25
17842,5,4685,B,02-Jan-25
17868,5,7876,B,08-Jan-26
17893,5,482,B,02-Jan-25
17919,5,6705,B,16-Oct-25
17954,5,6986,B,26-Jul-25
17970,5,2633,B,08-Feb-25
17971,5,2854,B,25-Dec-25
17972,5,359,B,02-Jan-25
18006,5,2579,B,20-Jun-25
18020,5,938,B,14-Mar-25
18038,5,5035,B,04-Jul-25
18079,5,2988,B,24-May-25
18104,5,1813,B,19-Jan-25
18152,5,2354,B,10-Mar-25
18156,5,6263,B,06-Jan-26
18161,5,5031,B,30-Jul-25
18195,5,2630,B,04-Jul-25
18198,5,290,B,24-May-25
18276,5,6889,B,20-Sep-25
18278,5,5620,B,03-Jan-25
18314,5,2656,B,04-Mar-25
18340,5,4747,B,12-May-25
18347,5,3396,B,23-Mar-25
18348,5,4008,B,14-Jan-26
18384,5,1528,B,01-Jul-25
18455,5,73,B,05-Sep-25
18467,5,1412,B,18-Mar-25
18471,5,2875,B,01-Dec-25
18479,5,1270,B,14-Jan-26
18485,5,313,B,15-Mar-25
18493,5,5211,B,05-Oct-25
18502,5,7983,B,23-Sep-25
18503,5,5335,B,23-Jun-25
18522,5,5934,B,28-May-25
18525,5,2937,B,27-Jun-25
18533,5,3381,B,01-Sep-25
18539,5,7312,B,19-Apr-25
18553,5,353,B,04-Jan-26
18555,5,2903,B,18-Nov-25
18557,5,7678,B,23-Oct-25
18563,5,4122,B,06-Jan-26
18619,5,1397,B,29-Nov-25
18663,5,6865,B,25-Oct-25
18666,5,5964,B,17-Jul-25
18694,5,2348,B,04-Feb-25
18741,5,5753,B,22-May-25
18755,5,2441,B,06-Apr-25
18760,5,6295,B,24-Oct-25
18791,5,5197,B,15-Feb-25
18847,5,6083,B,21-Aug-25
18856,5,2960,B,18-May-25
18864,5,598,B,26-Apr-25
18890,5,6481,B,09-Sep-25
18896,5,325,B,25-Jun-25
18904,5,2845,B,06-Sep-25
18958,5,2204,B,24-Apr-25
18983,5,7221,B,21-Jun-25
19008,5,1151,B,18-Jan-25
19023,5,168,B,24-Nov-25
19050,5,1401,B,06-Sep-25
19068,5,4925,B,08-Jan-25
19092,5,3541,B,17-Aug-25
19121,5,3175,B,04-Jan-25
19154,5,361,B,04-Sep-25
19176,5,49,B,25-Dec-25
19180,5,1078,B,20-Oct-25
19279,5,1705,B,24-Feb-25
19285,5,7907,B,31-Jul-25
19294,5,12,B,30-Jun-25
19305,5,3058,B,15-Apr-25
19349,5,7768,B,06-Jun-25
19369,5,1975,B,15-Jul-25
19376,5,3059,B,30-Oct-25
19392,5,3993,B,26-Dec-25
19420,5,1216,B,06-Jan-26
19423,5,1912,B,16-Oct-25
19501,5,6021,B,25-May-25
19515,5,2920,B,18-Jan-26
19541,5,5242,B,09-Apr-25
19558,5,859,B,27-Jan-25
19578,5,7217,B,14-Apr-25
19599,5,6227,B,17-Jul-25
19601,5,146,B,26-Aug-25
19603,5,2896,B,16-Jul-25
19613,5,5085,B,31-Oct-25
19623,5,6856,B,22-Mar-25
19661,5,2004,B,15-Jun-25
19685,5,5929,B,11-Mar-25
19730,5,7526,B,19-Aug-25
19734,5,7447,B,12-Jun-25
19756,5,6528,B,18-Dec-25
19766,5,1338,B,10-Jan-26
19783,5,7438,B,04-May-25
19844,5,1859,B,12-May-25
19858,5,7796,B,07-Sep-25
19939,5,534,B,10-Jun-25
19954,5,2402,B,19-May-25
19974,5,1439,B,24-Jul-25
19999,5,4888,B,14-Jan-25
11,8,631,B,21-Apr-25
125,8,2249,B,17-Jan-26
131,8,5782,B,23-Sep-25
156,8,6259,B,29-Mar-25
210,8,2871,B,15-Jul-25
225,8,3689,B,13-Feb-25
239,8,5639,B,21-Nov-25
339,8,3680,B,04-Sep-25
353,8,958,B,26-Jan-25
362,8,2680,B,20-Feb-25
394,8,2375,B,26-Sep-25
442,8,1033,B,11-Feb-25
546,8,7494,B,09-Jul-25
555,8,1583,B,26-Oct-25
589,8,4251,B,03-May-25
595,8,7683,B,03-Mar-25
607,8,5615,B,16-Oct-25
644,8,4196,B,03-Dec-25
668,8,5240,B,10-May-25
674,8,3798,B,19-May-25
697,8,3139,B,28-Jul-25
726,8,6998,B,12-Jan-26
823,8,604,B,09-Jul-25
832,8,1588,B,05-Mar-25
857,8,4293,B,16-Jan-25
890,8,4671,B,02-Jan-25
898,8,6299,B,04-Sep-25
948,8,5452,B,21-Jun-25
990,8,5773,B,03-May-25
1012,8,1716,B,01-Oct-25
1093,8,4826,B,16-Apr-25
1108,8,2617,B,28-Feb-25
1110,8,2532,B,17-Sep-25
1112,8,2626,B,17-Mar-25
1116,8,3514,B,20-Mar-25
1142,8,5541,B,29-Sep-25
1171,8,6965,B,23-Jan-25
1179,8,1894,B,22-Dec-25
1191,8,2362,B,09-May-25
1204,8,3029,B,21-Jan-25
1217,8,4,B,12-Jun-25
1229,8,173,B,13-Jan-26
1230,8,1910,B,13-Mar-25
1233,8,7906,B,27-Apr-25
1234,8,3913,B,07-Jan-26
1260,8,7233,B,13-Jan-25
1268,8,2758,B,03-Aug-25
1280,8,2530,B,31-Mar-25
1289,8,201,B,26-Jun-25
1298,8,6464,B,07-Jan-26
1324,8,6197,B,02-Jan-25
1333,8,2573,B,22-Nov-25
1343,8,4499,B,30-Mar-25
1350,8,3500,B,07-May-25
1363,8,158,B,08-Jan-26
1368,8,4808,B,08-Nov-25
1374,8,6846,B,13-Jun-25
1397,8,4703,B,27-Nov-25
1413,8,4892,B,18-Jan-25
1426,8,7322,B,24-Aug-25
1442,8,6062,B,26-Jul-25
1504,8,3422,B,14-Oct-25
1533,8,1510,B,07-Dec-25
1545,8,5769,B,17-Aug-25
1573,8,7842,B,09-Dec-25
1585,8,5068,B,08-Feb-25
1594,8,4791,B,14-Jun-25
1600,8,756,B,18-May-25
1653,8,6453,B,19-Jan-25
1671,8,2516,B,27-Nov-25
1688,8,4424,B,09-Jan-25
1711,8,5141,B,21-Apr-25
1733,8,2812,B,25-Jan-25
1786,8,4670,B,26-Dec-25
1792,8,5550,B,24-Nov-25
1827,8,6166,B,11-Mar-25
1845,8,7836,B,14-Apr-25
1866,8,7520,B,19-Mar-25
1873,8,7430,B,24-May-25
1885,8,4215,B,15-Oct-25
1915,8,7800,B,01-Jan-26
1926,8,3364,B,15-Jul-25
1931,8,2296,B,31-Dec-25
1949,8,799,B,24-Mar-25
1976,8,3564,B,08-Jul-25
2001,8,5641,B,13-Dec-25
2026,8,97,B,15-Mar-25
2033,8,6977,B,30-Jan-25
2074,8,7202,B,30-Dec-25
2079,8,2570,B,24-Apr-25
2143,8,3993,B,26-Apr-25
2167,8,4032,B,12-Jul-25
2184,8,2149,B,10-Jan-26
2191,8,6901,B,14-Oct-25
2192,8,522,B,21-Nov-25
2213,8,5777,B,30-May-25
2286,8,2875,B,05-Apr-25
2358,8,6726,B,23-Mar-25
2363,8,7831,B,02-Mar-25
2370,8,2487,B,12-Jan-26
2371,8,6300,B,05-Dec-25
2461,8,1226,B,03-Sep-25
2471,8,7045,B,18-Mar-25
2500,8,7040,B,07-Apr-25
2532,8,5842,B,05-Mar-25
2542,8,1364,B,28-Aug-25
2553,8,6426,B,17-Oct-25
2649,8,1854,B,05-Jan-26
2698,8,1394,B,24-Oct-25
2769,8,3012,B,19-Oct-25
2801,8,6602,B,07-Aug-25
2810,8,182,B,04-Jul-25
2820,8,413,B,14-Mar-25
2834,8,6660,B,10-Jul-25
2865,8,7744,B,29-Apr-25
2937,8,4972,B,23-Dec-25
2998,8,5158,B,08-Oct-25
3025,8,5788,B,16-Jan-25
3031,8,7832,B,06-Oct-25
3054,8,7369,B,16-Jul-25
3103,8,2263,B,26-Sep-25
3127,8,2675,B,07-Feb-25
3151,8,1383,B,04-Jan-26
3152,8,1106,B,13-Sep-25
3162,8,2207,B,08-Jun-25
3165,8,3,B,09-Aug-25
3201,8,5417,B,12-Dec-25
3207,8,7232,B,12-Jan-26
3210,8,7554,B,05-Apr-25
3262,8,3845,B,10-Oct-25
3264,8,5620,B,14-Jun-25
3304,8,7407,B,03-Feb-25
3310,8,334,B,28-Oct-25
3324,8,5877,B,23-Sep-25
3445,8,3690,B,29-May-25
3463,8,6909,B,07-Jun-25
3536,8,2879,B,19-Jul-25
3659,8,3646,B,15-Mar-25
3685,8,7749,B,03-Nov-25
3772,8,93,B,15-Jul-25
3781,8,2262,B,09-Sep-25
3790,8,7209,B,26-Oct-25
3900,8,2329,B,21-Feb-25
3909,8,4417,B,24-Apr-25
3976,8,7790,B,15-Nov-25
4009,8,3715,B,13-Jun-25
4025,8,1776,B,22-Jul-25
4031,8,2460,B,24-Dec-25
4088,8,1302,B,21-Sep-25
4193,8,5735,B,14-Jan-26
4208,8,5774,B,17-Dec-25
4238,8,5014,B,19-Jan-25
4294,8,1359,B,07-Mar-25
4320,8,5147,B,15-Jan-25
4383,8,2841,B,05-Dec-25
4386,8,282,B,23-Oct-25
4417,8,1312,B,12-Aug-25
4453,8,6731,B,19-Oct-25
4492,8,7048,B,25-Mar-25
4580,8,4274,B,24-Dec-25
4590,8,2086,B,01-Oct-25
4617,8,6514,B,12-Aug-25
4620,8,2978,B,10-Nov-25
4636,8,6989,B,19-Aug-25
4661,8,2391,B,13-Jan-25
4669,8,1822,B,18-Jun-25
4670,8,1545,B,17-May-25
4689,8,7965,B,09-May-25
4697,8,595,B,19-Apr-25
4706,8,4961,B,09-Apr-25
4723,8,3462,B,04-Jan-25
4760,8,2419,B,05-Sep-25
4780,8,890,B,09-Sep-25
4801,8,764,B,23-Dec-25
4818,8,589,B,24-Sep-25
4836,8,619,B,05-Sep-25
4842,8,1032,B,09-Jul-25
4853,8,6004,B,22-Apr-25
4855,8,6056,B,10-Oct-25
4882,8,6352,B,12-Oct-25
4901,8,3114,B,22-Jan-25
4908,8,4307,B,11-Aug-25
4915,8,3599,B,17-Jan-26
4937,8,2822,B,03-Jul-25
4938,8,4179,B,18-Mar-25
4981,8,2552,B,28-Oct-25
4995,8,2499,B,18-Sep-25
5008,8,4001,B,16-Jan-25
5033,8,5250,B,10-Aug-25
5044,8,6234,B,03-Jan-25
5054,8,6496,B,17-Jul-25
5061,8,7939,B,02-Mar-25
5113,8,1233,B,16-Dec-25
5141,8,7514,B,06-Aug-25
5174,8,4879,B,23-Apr-25
5195,8,4564,B,27-Nov-25
5206,8,1049,B,13-Dec-25
5230,8,2990,B,04-Nov-25
5249,8,7451,B,03-May-25
5254,8,3232,B,06-Jan-25
5359,8,2789,B,04-Aug-25
5381,8,150,B,06-Jan-25
5383,8,2818,B,09-May-25
5387,8,6829,B,12-Oct-25
5399,8,6507,B,30-Nov-25
5416,8,1252,B,24-Jan-25
5437,8,30,B,20-May-25
5455,8,3249,B,30-Jun-25
5466,8,5291,B,30-Jul-25
5492,8,6593,B,11-Nov-25
5514,8,4485,B,26-Jan-25
5515,8,1510,B,31-Dec-25
5516,8,4753,B,29-Apr-25
5525,8,2168,B,06-Sep-25
5550,8,3435,B,08-Jun-25
5592,8,7886,B,18-Jan-26
5597,8,7153,B,15-Jan-26
5598,8,7302,B,28-Jan-25
5621,8,2570,B,03-Sep-25
5693,8,6520,B,04-Jan-26
5750,8,7395,B,02-Oct-25
5753,8,5738,B,01-Dec-25
5756,8,5256,B,21-Jan-25
5772,8,6581,B,21-Aug-25
5780,8,7019,B,13-Dec-25
5799,8,3246,B,08-Dec-25
5804,8,6204,B,21-May-25
5821,8,1524,B,12-Nov-25
5906,8,7989,B,11-Nov-25
5982,8,4713,B,20-Mar-25
5984,8,4706,B,25-May-25
6004,8,3635,B,30-Nov-25
6008,8,6486,B,09-Jan-26
6015,8,6581,B,26-May-25
6020,8,7289,B,02-Jan-26
6021,8,6397,B,01-Feb-25
6026,8,3960,B,14-Sep-25
6071,8,4486,B,16-Nov-25
6081,8,2950,B,20-Dec-25
6090,8,6579,B,15-Apr-25
6139,8,1005,B,01-Mar-25
6196,8,4635,B,02-Dec-25
6211,8,3977,B,04-Oct-25
6225,8,1398,B,20-Feb-25
6250,8,3776,B,29-Aug-25
6324,8,3298,B,17-Mar-25
6336,8,280,B,04-Dec-25
6339,8,3350,B,20-Jan-25
6355,8,6023,B,21-Jan-25
6361,8,5218,B,06-Jan-26
6374,8,3590,B,15-Jan-26
6404,8,3147,B,31-Mar-25
6488,8,7100,B,04-May-25
6553,8,1465,B,14-May-25
6571,8,2897,B,01-Oct-25
6626,8,3138,B,12-Feb-25
6643,8,2244,B,14-Jul-25
6746,8,6477,B,05-Jun-25
6757,8,4759,B,13-Sep-25
6861,8,1255,B,16-May-25
6897,8,3219,B,23-Aug-25
6901,8,6420,B,12-Mar-25
6906,8,3395,B,13-May-25
6951,8,1368,B,22-Dec-25
6992,8,4429,B,28-Mar-25
6997,8,982,B,18-Dec-25
7015,8,5422,B,21-Oct-25
7090,8,5249,B,18-Aug-25
7146,8,5746,B,05-Jan-25
7147,8,5084,B,23-Aug-25
7148,8,1636,B,25-Oct-25
7172,8,3156,B,23-Apr-25
7233,8,2846,B,01-May-25
7245,8,6227,B,12-Oct-25
7249,8,7682,B,11-Jul-25
7263,8,6344,B,13-May-25
7272,8,6170,B,08-Jan-26
7275,8,4310,B,10-Dec-25
7279,8,5570,B,01-Apr-25
7282,8,5757,B,11-Jun-25
7285,8,2592,B,08-Apr-25
7326,8,4833,B,06-Jun-25
7329,8,6641,B,25-Jul-25
7352,8,4097,B,21-Aug-25
7379,8,7932,B,19-Sep-25
7390,8,6196,B,10-Feb-25
7414,8,5430,B,19-Apr-25
7415,8,498,B,01-May-25
7467,8,5706,B,08-Aug-25
7506,8,3332,B,05-Aug-25
7544,8,4470,B,22-Feb-25
7593,8,1612,B,20-Aug-25
7629,8,4996,B,21-Jun-25
7642,8,587,B,04-Jan-25
7732,8,2973,B,06-May-25
7775,8,3104,B,16-Jan-26
7812,8,129,B,07-Dec-25
7813,8,6458,B,21-Jan-25
7823,8,7089,B,22-Apr-25
7825,8,6214,B,12-Apr-25
7842,8,3306,B,07-Sep-25
7859,8,6385,B,08-Apr-25
7919,8,189,B,18-Apr-25
7921,8,3346,B,24-Nov-25
7946,8,7355,B,28-Feb-25
7959,8,668,B,14-May-25
7971,8,2640,B,13-Sep-25
7973,8,7272,B,12-Mar-25
8006,8,3355,B,10-Oct-25
8010,8,779,B,13-Aug-25
8012,8,6081,B,17-Sep-25
8024,8,4292,B,12-Jan-25
8073,8,4741,B,02-Feb-25
8079,8,5305,B,02-Jan-25
8108,8,30,B,12-Jan-25
8143,8,732,B,06-May-25
8166,8,1649,B,15-Jul-25
8181,8,3997,B,05-May-25
8184,8,6306,B,20-Apr-25
8194,8,5623,B,12-Jul-25
8247,8,6598,B,10-Jun-25
8331,8,7814,B,03-Jul-25
8358,8,3528,B,09-Jul-25
8374,8,5725,B,06-Dec-25
8401,8,6330,B,16-Mar-25
8476,8,7267,B,03-Mar-25
8499,8,1876,B,04-Apr-25
8527,8,4489,B,12-Jul-25
8534,8,5583,B,13-Mar-25
8567,8,7774,B,20-Mar-25
8582,8,3398,B,29-Apr-25
8646,8,3552,B,21-Apr-25
8653,8,7341,B,26-Mar-25
8663,8,1376,B,05-Nov-25
8713,8,3561,B,25-Feb-25
8716,8,6714,B,01-Oct-25
8733,8,2854,B,01-Oct-25
8755,8,6325,B,21-Apr-25
8791,8,3430,B,05-May-25
8800,8,1038,B,27-Feb-25
8840,8,5462,B,21-Jul-25
8859,8,2801,B,22-Feb-25
8886,8,2625,B,24-Nov-25
8914,8,7088,B,04-Jul-25
8952,8,7244,B,06-Feb-25
8963,8,1831,B,27-Aug-25
9017,8,7218,B,13-Jul-25
9049,8,69,B,16-Mar-25
9053,8,2616,B,01-Apr-25
9083,8,6471,B,03-Jan-25
9173,8,5175,B,20-Aug-25
9176,8,5965,B,24-Nov-25
9181,8,2635,B,21-Jul-25
9189,8,4395,B,15-Mar-25
9205,8,6388,B,31-Aug-25
9211,8,4863,B,27-Apr-25
9212,8,7106,B,21-May-25
9249,8,3915,B,12-Feb-25
9330,8,6851,B,28-Dec-25
9342,8,4019,B,23-Nov-25
9347,8,22,B,23-Feb-25
9363,8,989,B,13-Sep-25
9400,8,2879,B,15-Feb-25
9416,8,4377,B,24-Jun-25
9450,8,6718,B,18-Oct-25
9474,8,2327,B,08-Aug-25
9497,8,3070,B,08-Nov-25
9516,8,483,B,13-Feb-25
9532,8,3516,B,02-Jan-25
9553,8,5909,B,01-Feb-25
9557,8,7429,B,08-Aug-25
9592,8,438,B,28-Apr-25
9599,8,2514,B,03-May-25
9630,8,7810,B,26-Jun-25
9664,8,1467,B,13-Sep-25
9680,8,6138,B,07-Jul-25
9728,8,819,B,13-Nov-25
9731,8,939,B,28-Apr-25
9738,8,7338,B,19-Dec-25
9751,8,7653,B,21-Aug-25
9752,8,2334,B,26-Jan-25
9764,8,5417,B,07-Aug-25
9797,8,773,B,06-Jan-26
9826,8,7291,B,15-Dec-25
9835,8,5225,B,22-Mar-25
9870,8,3071,B,11-Nov-25
9937,8,4983,B,03-Jan-26
9963,8,7140,B,17-Feb-25
9969,8,7339,B,20-Dec-25
9974,8,706,B,08-Jan-25
10006,8,2923,B,09-Nov-25
10013,8,662,B,24-Jun-25
10051,8,5112,B,19-Nov-25
10065,8,2859,B,01-Sep-25
10089,8,6363,B,11-Jun-25
10096,8,1925,B,02-Aug-25
10131,8,1743,B,27-Jun-25
10180,8,3010,B,13-Jan-25
10194,8,1462,B,19-May-25
10223,8,3982,B,22-Jul-25
10239,8,7040,B,28-Mar-25
10274,8,2057,B,26-Nov-25
10282,8,2278,B,17-Apr-25
10300,8,4209,B,28-Mar-25
10315,8,252,B,15-Aug-25
10336,8,2504,B,14-Mar-25
10389,8,6627,B,28-Sep-25
10423,8,4729,B,12-Jul-25
10441,8,7795,B,28-Jul-25
10456,8,7792,B,05-Apr-25
10461,8,3959,B,08-Dec-25
10462,8,7436,B,13-Jan-26
10512,8,1458,B,31-Oct-25
10554,8,1185,B,12-Nov-25
10621,8,2205,B,08-Dec-25
10645,8,1905,B,09-Dec-25
10652,8,6114,B,15-Jun-25
10653,8,7874,B,29-Jun-25
10668,8,1162,B,24-Oct-25
10709,8,343,B,14-Feb-25
10725,8,5103,B,29-Sep-25
10755,8,2314,B,07-Feb-25
10759,8,1661,B,29-Oct-25
10766,8,2964,B,20-Nov-25
10794,8,961,B,25-Apr-25
10818,8,5335,B,04-Sep-25
10853,8,3901,B,13-May-25
10892,8,4452,B,11-Jul-25
10907,8,5396,B,17-Oct-25
10925,8,6362,B,23-Aug-25
10969,8,3858,B,30-Jul-25
10979,8,3820,B,16-Jan-25
11029,8,5912,B,07-Jun-25
11071,8,2804,B,23-Jul-25
11103,8,2333,B,06-Dec-25
11170,8,116,B,14-Dec-25
11244,8,1324,B,12-Aug-25
11278,8,617,B,19-Jun-25
11288,8,7621,B,07-Nov-25
11291,8,7572,B,30-Mar-25
11303,8,3423,B,19-Feb-25
11315,8,3211,B,31-Oct-25
11321,8,7268,B,21-May-25
11395,8,6214,B,25-Nov-25
11406,8,453,B,12-Jun-25
11415,8,6025,B,23-Jul-25
11461,8,7926,B,14-Nov-25
11482,8,1828,B,02-Jun-25
11494,8,3364,B,04-Nov-25
11503,8,5093,B,27-Apr-25
11531,8,7588,B,14-Sep-25
11592,8,2147,B,23-Apr-25
11600,8,2896,B,15-Jan-26
11601,8,4798,B,14-Nov-25
11614,8,5075,B,22-Jun-25
11656,8,1406,B,02-Jan-26
11659,8,1416,B,13-Jan-25
11693,8,1001,B,21-Apr-25
11700,8,7542,B,19-Jun-25
11763,8,6450,B,06-Feb-25
11814,8,2341,B,10-Feb-25
11824,8,771,B,22-Nov-25
11855,8,1553,B,13-Feb-25
11856,8,990,B,26-Jun-25
11885,8,2883,B,28-Mar-25
11897,8,2328,B,16-Jul-25
11903,8,3537,B,31-May-25
11909,8,6624,B,31-May-25
11944,8,2667,B,21-Aug-25
11950,8,259,B,11-Aug-25
11974,8,7437,B,26-Aug-25
11991,8,6109,B,11-Jun-25
12047,8,3019,B,20-Jul-25
12062,8,4810,B,14-Jan-26
12071,8,3535,B,04-Mar-25
12112,8,2403,B,28-Oct-25
12134,8,3573,B,04-Nov-25
12185,8,1136,B,04-Sep-25
12215,8,7705,B,03-Aug-25
12258,8,3144,B,18-Apr-25
12268,8,495,B,09-Jul-25
12348,8,6459,B,24-Sep-25
12349,8,7716,B,24-Jun-25
12359,8,1620,B,27-Jun-25
12372,8,1101,B,25-Nov-25
12405,8,826,B,16-Jun-25
12425,8,5938,B,17-Oct-25
12479,8,94,B,30-Aug-25
12543,8,7295,B,10-Dec-25
12607,8,107,B,31-Jan-25
12654,8,5341,B,26-Feb-25
12685,8,4997,B,15-Jan-25
12692,8,5053,B,28-Aug-25
12737,8,2413,B,23-Mar-25
12746,8,6843,B,20-Feb-25
12758,8,1805,B,16-Jul-25
12825,8,6018,B,12-Jan-25
12826,8,1673,B,29-Sep-25
12828,8,859,B,03-Jul-25
12846,8,1119,B,26-Jul-25
12847,8,3521,B,18-Nov-25
12863,8,6678,B,11-Oct-25
12964,8,5494,B,06-Nov-25
12993,8,5751,B,24-May-25
13007,8,7892,B,15-Jan-26
13013,8,6631,B,12-Mar-25
13040,8,3477,B,29-Dec-25
13057,8,3046,B,02-Apr-25
13065,8,6838,B,05-Sep-25
13108,8,7811,B,28-Apr-25
13125,8,4634,B,27-Jul-25
13182,8,1505,B,03-Sep-25
13196,8,3234,B,27-May-25
13234,8,2401,B,16-Feb-25
13260,8,5347,B,06-Jun-25
13281,8,1488,B,21-Jul-25
13288,8,3327,B,09-Dec-25
13313,8,998,B,26-Dec-25
13357,8,6379,B,11-Jun-25
13361,8,3125,B,15-Oct-25
13398,8,7404,B,22-Apr-25
13509,8,5997,B,13-May-25
13544,8,1748,B,24-Jun-25
13549,8,6917,B,24-Feb-25
13579,8,7212,B,20-Nov-25
13580,8,4822,B,27-Mar-25
13585,8,4042,B,03-Nov-25
13628,8,1806,B,31-Jul-25
13660,8,5253,B,06-Oct-25
13694,8,813,B,08-Feb-25
13767,8,1949,B,18-Apr-25
13807,8,956,B,09-Sep-25
13817,8,3447,B,10-Jul-25
13819,8,5733,B,14-Nov-25
13820,8,2436,B,11-Jan-26
13857,8,512,B,15-May-25
13868,8,4816,B,24-Sep-25
13906,8,7773,B,02-Jan-26
13911,8,3793,B,16-Mar-25
13923,8,7342,B,03-May-25
13933,8,3978,B,08-Jan-26
13937,8,7629,B,07-Feb-25
13960,8,1697,B,08-Jan-25
13973,8,4848,B,02-Jul-25
14008,8,5035,B,10-Dec-25
14027,8,5153,B,10-Oct-25
14035,8,3378,B,29-Mar-25
14048,8,6383,B,18-Nov-25
14056,8,7327,B,16-Nov-25
14064,8,3531,B,16-Jan-26
14118,8,2639,B,28-May-25
14206,8,4412,B,24-May-25
14216,8,4944,B,24-Jul-25
14220,8,161,B,11-Sep-25
14221,8,1814,B,09-May-25
14222,8,2994,B,31-Aug-25
14272,8,1205,B,06-Aug-25
14278,8,3645,B,23-Jan-25
14296,8,1450,B,17-Apr-25
14300,8,1283,B,09-Feb-25
14305,8,4432,B,13-Mar-25
14411,8,6997,B,07-Mar-25
14427,8,7198,B,18-Feb-25
14490,8,7076,B,02-Jan-25
14493,8,1643,B,17-Apr-25
14498,8,2585,B,15-Jul-25
14537,8,6159,B,13-Jun-25
14561,8,360,B,01-May-25
14669,8,5849,B,09-Jan-25
14713,8,637,B,17-Nov-25
14723,8,507,B,21-Oct-25
14750,8,7531,B,29-Apr-25
14826,8,601,B,27-Dec-25
14859,8,7557,B,21-Jan-25
14910,8,6103,B,10-Nov-25
14916,8,7439,B,16-Oct-25
14920,8,613,B,01-Feb-25
14933,8,7984,B,25-Sep-25
14952,8,1613,B,15-Jan-26
14960,8,5525,B,29-Dec-25
15005,8,3712,B,26-Jun-25
15046,8,3386,B,24-Apr-25
15063,8,345,B,19-Jul-25
15076,8,7736,B,21-Feb-25
15081,8,5569,B,25-May-25
15097,8,4245,B,19-Jul-25
15101,8,776,B,08-Dec-25
15133,8,4872,B,21-May-25
15153,8,4630,B,20-Mar-25
15156,8,4611,B,01-Jun-25
15159,8,4286,B,21-Aug-25
15178,8,2295,B,12-Aug-25
15207,8,4931,B,09-Apr-25
15217,8,6373,B,01-Sep-25
15236,8,5720,B,29-Mar-25
15247,8,6117,B,12-May-25
15283,8,133,B,29-Dec-25
15312,8,5250,B,12-Oct-25
15362,8,7278,B,30-Mar-25
15401,8,4251,B,05-Sep-25
15417,8,5580,B,21-Jun-25
15420,8,823,B,29-Jul-25
15434,8,221,B,18-Sep-25
15447,8,1131,B,02-Aug-25
15452,8,84,B,30-Oct-25
15453,8,1098,B,11-Oct-25
15494,8,1920,B,13-Apr-25
15512,8,6895,B,01-Nov-25
15536,8,4429,B,22-Apr-25
15548,8,7236,B,21-Jul-25
15612,8,2524,B,30-Aug-25
15614,8,5942,B,18-May-25
15636,8,4606,B,16-Jul-25
15654,8,5258,B,29-Jul-25
15728,8,6936,B,22-Jul-25
15762,8,4403,B,24-Jul-25
15764,8,5057,B,13-Jul-25
15770,8,5086,B,19-Feb-25
15795,8,32,B,03-Mar-25
15803,8,7004,B,02-Apr-25
15825,8,2482,B,27-Feb-25
15837,8,2821,B,27-Mar-25
15846,8,4137,B,14-Aug-25
15869,8,6003,B,21-May-25
15875,8,2014,B,28-Jun-25
15893,8,3101,B,07-Feb-25
15919,8,5694,B,23-Feb-25
15931,8,6937,B,23-Nov-25
15938,8,5526,B,06-Jan-25
15977,8,5848,B,26-May-25
16032,8,3723,B,24-Nov-25
16040,8,809,B,08-May-25
16041,8,3799,B,09-Mar-25
16101,8,245,B,23-Jun-25
16136,8,1847,B,09-Jun-25
16144,8,7819,B,14-Dec-25
16166,8,5136,B,23-Jan-25
16197,8,954,B,27-Jul-25
16205,8,2798,B,30-Mar-25
16216,8,5809,B,28-Jan-25
16222,8,3779,B,15-Mar-25
16224,8,1751,B,05-Jul-25
16256,8,4741,B,28-Jan-25
16282,8,5676,B,15-Sep-25
16284,8,7865,B,26-Jan-25
16290,8,5747,B,16-Jul-25
16291,8,5885,B,22-Jan-25
16293,8,6862,B,18-Jun-25
16314,8,2406,B,18-Jan-26
16335,8,1259,B,23-Nov-25
16356,8,2175,B,15-Dec-25
16358,8,1552,B,19-Jan-25
16362,8,7518,B,30-Oct-25
16395,8,172,B,01-Jul-25
16413,8,650,B,10-Sep-25
16447,8,6583,B,05-Feb-25
16451,8,1893,B,07-Mar-25
16460,8,6314,B,23-Sep-25
16463,8,7605,B,13-Jul-25
16540,8,7565,B,10-Sep-25
16587,8,4810,B,29-Oct-25
16613,8,811,B,03-Sep-25
16645,8,6561,B,14-May-25
16656,8,5926,B,25-Mar-25
16660,8,2568,B,06-Feb-25
16713,8,7691,B,18-Jun-25
16730,8,4343,B,29-May-25
16761,8,2904,B,17-Apr-25
16782,8,3329,B,10-Mar-25
16785,8,6257,B,09-Mar-25
16803,8,637,B,10-Apr-25
16847,8,7333,B,12-Apr-25
16862,8,79,B,26-May-25
16870,8,3281,B,14-Jun-25
16908,8,7572,B,16-Jan-26
16966,8,5521,B,11-Feb-25
17061,8,6906,B,14-May-25
17070,8,7540,B,11-Nov-25
17086,8,504,B,25-Jan-25
17114,8,5065,B,13-Dec-25
17136,8,628,B,04-Dec-25
17202,8,2451,B,13-Mar-25
17218,8,6777,B,15-Feb-25
17220,8,1798,B,18-Mar-25
17226,8,7896,B,01-Jan-25
17248,8,3949,B,06-Nov-25
17254,8,5984,B,27-Apr-25
17278,8,4823,B,26-May-25
17298,8,1909,B,18-Nov-25
17304,8,6214,B,25-Aug-25
17309,8,1648,B,23-Aug-25
17381,8,3092,B,25-Sep-25
17389,8,6874,B,12-Oct-25
17398,8,3238,B,06-Oct-25
17442,8,2763,B,10-Nov-25
17450,8,1997,B,20-May-25
17462,8,2799,B,09-Jan-25
17522,8,11,B,16-Sep-25
17531,8,4465,B,12-Jul-25
17558,8,5565,B,21-Sep-25
17571,8,6099,B,13-Jan-26
17584,8,3920,B,28-Oct-25
17602,8,5539,B,15-Jul-25
17607,8,3118,B,20-Jun-25
17653,8,3919,B,17-Feb-25
17679,8,7513,B,13-Mar-25
17692,8,7522,B,19-Mar-25
17736,8,5788,B,20-May-25
17811,8,3742,B,14-May-25
17834,8,4436,B,18-Nov-25
17866,8,1180,B,24-Feb-25
17878,8,5501,B,26-Mar-25
17925,8,3030,B,07-Jan-26
17935,8,6281,B,10-Dec-25
17940,8,7494,B,05-Nov-25
17944,8,4498,B,13-Feb-25
17969,8,4805,B,19-Mar-25
18011,8,2243,B,17-Nov-25
18017,8,4205,B,18-Sep-25
18029,8,6491,B,06-Jan-26
18053,8,353,B,09-Apr-25
18054,8,7462,B,26-May-25
18072,8,7145,B,15-Sep-25
18090,8,2382,B,08-Jun-25
18149,8,4227,B,03-Dec-25
18186,8,6222,B,10-Jul-25
18191,8,2958,B,22-Nov-25
18234,8,4465,B,19-Oct-25
18246,8,6702,B,22-Jan-25
18250,8,92,B,04-Sep-25
18257,8,3784,B,04-Nov-25
18264,8,651,B,29-May-25
18266,8,3363,B,05-Mar-25
18304,8,573,B,07-Jan-25
18316,8,7806,B,26-Mar-25
18333,8,6456,B,12-Jul-25
18339,8,3335,B,30-Nov-25
18360,8,5947,B,05-Dec-25
18393,8,2913,B,31-Oct-25
18394,8,1078,B,17-Oct-25
18396,8,7668,B,28-Jan-25
18401,8,7828,B,02-Dec-25
18423,8,3939,B,19-Jun-25
18468,8,948,B,28-Feb-25
18473,8,7257,B,27-Oct-25
18478,8,6740,B,12-Feb-25
18507,8,7900,B,26-Nov-25
18538,8,4913,B,14-Jan-26
18546,8,1858,B,09-Apr-25
18558,8,4431,B,04-Sep-25
18625,8,3033,B,16-Mar-25
18659,8,7573,B,01-Nov-25
18696,8,3329,B,17-Oct-25
18701,8,4474,B,08-Feb-25
18733,8,3294,B,28-Sep-25
18767,8,3901,B,04-Feb-25
18781,8,2128,B,22-Jul-25
18838,8,4713,B,27-Jul-25
18853,8,4614,B,17-Feb-25
18858,8,1014,B,13-Mar-25
18940,8,7864,B,28-Oct-25
18947,8,1910,B,16-Nov-25
18986,8,3746,B,15-Mar-25
18992,8,586,B,28-Aug-25
19012,8,1327,B,25-Dec-25
19020,8,390,B,13-Jul-25
19043,8,2106,B,11-May-25
19051,8,7772,B,09-Aug-25
19070,8,4399,B,26-Nov-25
19102,8,3967,B,10-Dec-25
19106,8,2712,B,03-Aug-25
19120,8,420,B,21-Aug-25
19141,8,7275,B,21-May-25
19160,8,65,B,23-Nov-25
19165,8,1533,B,01-Jan-25
19169,8,459,B,10-Jun-25
19215,8,4149,B,06-Apr-25
19229,8,3310,B,27-Jul-25
19237,8,1970,B,15-Jun-25
19270,8,5360,B,17-May-25
19271,8,7056,B,13-Jul-25
19272,8,7880,B,26-Aug-25
19276,8,2994,B,05-May-25
19282,8,573,B,06-May-25
19298,8,3390,B,26-Sep-25
19306,8,2111,B,05-Jan-26
19330,8,3855,B,28-Aug-25
19341,8,5379,B,17-Sep-25
19344,8,67,B,28-Sep-25
19354,8,4200,B,23-May-25
19379,8,1828,B,15-Jan-25
19394,8,4361,B,03-Apr-25
19402,8,3903,B,20-Nov-25
19404,8,7601,B,24-Oct-25
19426,8,7147,B,08-Jan-25
19441,8,1139,B,11-Apr-25
19447,8,4257,B,03-Jun-25
19450,8,5112,B,09-Dec-25
19456,8,5162,B,25-Feb-25
19505,8,7778,B,08-Dec-25
19524,8,3215,B,17-Jul-25
19542,8,2328,B,30-Aug-25
19573,8,1648,B,17-Jan-25
19590,8,7283,B,05-Oct-25
19591,8,6312,B,03-May-25
19598,8,3473,B,19-Sep-25
19635,8,1169,B,31-Oct-25
19640,8,5414,B,04-Aug-25
19649,8,5386,B,16-Jan-25
19687,8,7480,B,01-May-25
19705,8,3179,B,15-Jul-25
19711,8,4966,B,05-Feb-25
19765,8,7619,B,04-Aug-25
19770,8,7477,B,01-Jan-26
19775,8,6401,B,29-Oct-25
19784,8,3540,B,06-Nov-25
19788,8,3196,B,18-Jun-25
19952,8,6495,B,14-Nov-25
19978,8,6882,B,09-Jun-25
19986,8,7710,B,30-Sep-25
19994,8,267,B,12-Jun-25
19995,8,2125,B,09-Feb-25
37,11,4969,B,03-Mar-25
97,11,3649,B,25-Mar-25
104,11,909,B,16-Aug-25
112,11,7982,B,29-Dec-25
145,11,6582,B,16-Dec-25
148,11,3417,B,02-Nov-25
242,11,1449,B,05-Mar-25
273,11,1073,B,27-Apr-25
289,11,6994,B,02-Jan-26
322,11,3842,B,02-Jun-25
330,11,7474,B,10-Oct-25
335,11,1230,B,22-Mar-25
341,11,3307,B,16-Aug-25
391,11,7444,B,08-Jan-26
421,11,6926,B,15-Jan-25
435,11,5248,B,24-Feb-25
436,11,4622,B,03-Jan-25
505,11,4016,B,06-Dec-25
534,11,2785,B,15-Apr-25
550,11,3415,B,21-Jan-25
578,11,2249,B,02-Sep-25
582,11,4655,B,18-Jan-25
602,11,478,B,20-Jun-25
675,11,3517,B,26-Oct-25
762,11,6385,B,18-Apr-25
805,11,1732,B,11-Nov-25
824,11,1660,B,06-Mar-25
893,11,3521,B,28-Jul-25
905,11,3239,B,09-Apr-25
946,11,7587,B,08-Apr-25
981,11,7923,B,10-Jan-25
993,11,3894,B,05-May-25
1011,11,4187,B,26-Dec-25
1064,11,1249,B,10-Apr-25
1076,11,1221,B,07-Apr-25
1140,11,2238,B,23-Oct-25
1219,11,6844,B,27-May-25
1224,11,847,B,05-Sep-25
1232,11,1907,B,21-Jul-25
1235,11,561,B,04-Jan-26
1277,11,3070,B,01-Feb-25
1291,11,559,B,06-May-25
1335,11,6605,B,23-May-25
1339,11,6212,B,16-Dec-25
1354,11,7621,B,09-May-25
1396,11,2237,B,09-Aug-25
1440,11,6449,B,26-Jun-25
1496,11,5649,B,13-May-25
1500,11,7853,B,13-Jun-25
1506,11,3840,B,24-Jan-25
1514,11,977,B,21-Jun-25
1561,11,5852,B,12-Jul-25
1563,11,1052,B,25-Dec-25
1617,11,3307,B,24-Apr-25
1664,11,3791,B,03-Sep-25
1670,11,175,B,10-Sep-25
1695,11,7000,B,31-Dec-25
1709,11,6113,B,15-Jan-25
1719,11,5978,B,30-Jul-25
1727,11,6554,B,05-Aug-25
1766,11,1837,B,28-May-25
1889,11,5537,B,22-Aug-25
1900,11,6184,B,24-May-25
1910,11,3406,B,24-Oct-25
1932,11,1791,B,03-May-25
1980,11,2487,B,13-Jan-26
1984,11,5516,B,30-Nov-25
1988,11,780,B,12-Nov-25
2000,11,4725,B,11-Oct-25
2007,11,733,B,03-Jun-25
2034,11,6874,B,12-Jan-25
2100,11,2127,B,19-Nov-25
2163,11,4217,B,13-Aug-25
2170,11,2149,B,29-Oct-25
2172,11,7465,B,06-Nov-25
2195,11,4949,B,05-Jul-25
2218,11,5326,B,03-Mar-25
2252,11,1147,B,13-Aug-25
2254,11,558,B,27-Nov-25
2262,11,7978,B,28-Aug-25
2269,11,1555,B,01-Dec-25
2293,11,1378,B,27-Jan-25
2320,11,905,B,08-Dec-25
2332,11,2205,B,18-Oct-25
2364,11,1297,B,16-Jan-26
2377,11,3498,B,28-Feb-25
2427,11,2218,B,05-Oct-25
2478,11,3790,B,24-Feb-25
2502,11,757,B,22-Mar-25
2512,11,2838,B,30-May-25
2527,11,731,B,22-Dec-25
2551,11,2814,B,07-Feb-25
2556,11,804,B,16-Aug-25
2562,11,2810,B,28-Oct-25
2568,11,5246,B,19-Nov-25
2659,11,6732,B,10-Jan-26
2692,11,7697,B,07-Oct-25
2696,11,3800,B,30-Sep-25
2712,11,4093,B,10-Mar-25
2715,11,1761,B,21-Dec-25
2739,11,499,B,24-Dec-25
2798,11,6716,B,07-Aug-25
2815,11,7109,B,09-Jan-25
2850,11,6579,B,30-Nov-25
2855,11,4801,B,13-Aug-25
2862,11,7314,B,28-Jul-25
2878,11,5814,B,06-Jan-25
2884,11,166,B,07-Dec-25
2897,11,931,B,03-Sep-25
2903,11,393,B,16-Feb-25
2931,11,2727,B,14-Oct-25
2943,11,2878,B,28-Nov-25
2963,11,168,B,31-Aug-25
2966,11,7257,B,24-May-25
3011,11,6955,B,25-Dec-25
3059,11,6326,B,11-Jul-25
3080,11,5170,B,11-Sep-25
3110,11,409,B,16-Feb-25
3168,11,7053,B,17-Dec-25
3183,11,3954,B,02-Oct-25
3204,11,3105,B,03-Jul-25
3225,11,1292,B,15-Aug-25
3229,11,5636,B,13-Oct-25
3247,11,2949,B,24-Jan-25
3255,11,2361,B,30-Aug-25
3277,11,7342,B,10-Jan-26
3285,11,4686,B,01-Dec-25
3332,11,3452,B,12-Jan-25
3352,11,1037,B,21-Jun-25
3358,11,5759,B,17-Mar-25
3375,11,7195,B,17-Mar-25
3379,11,3698,B,08-Sep-25
3384,11,6863,B,14-May-25
3407,11,2554,B,20-Nov-25
3416,11,7999,B,25-Aug-25
3461,11,6766,B,16-Oct-25
3499,11,1767,B,04-Nov-25
3501,11,114,B,11-Jul-25
3545,11,3656,B,10-Dec-25
3598,11,3176,B,28-Sep-25
3602,11,1218,B,25-Jun-25
3651,11,5926,B,28-Apr-25
3697,11,1507,B,12-Jan-25
3720,11,6559,B,27-Dec-25
3736,11,432,B,02-Jun-25
3742,11,4089,B,30-Sep-25
3749,11,2873,B,02-Mar-25
3769,11,4356,B,24-Mar-25
3801,11,1935,B,13-Aug-25
3808,11,7671,B,28-May-25
3865,11,7415,B,27-Feb-25
3871,11,3203,B,14-Apr-25
3891,11,4365,B,24-Mar-25
3922,11,7067,B,04-Mar-25
3947,11,316,B,31-Dec-25
3951,11,6267,B,05-Sep-25
3992,11,6056,B,18-May-25
4015,11,75,B,24-Apr-25
4039,11,4434,B,21-Jun-25
4042,11,5797,B,18-Apr-25
4057,11,1199,B,11-Jul-25
4066,11,45,B,15-Mar-25
4148,11,3469,B,16-Jan-26
4158,11,4582,B,22-Jun-25
4191,11,5247,B,22-May-25
4198,11,6308,B,19-Dec-25
4217,11,5062,B,03-Jul-25
4230,11,7425,B,20-Jan-25
4247,11,7929,B,26-Oct-25
4269,11,1850,B,30-Apr-25
4284,11,5754,B,15-Dec-25
4359,11,825,B,13-Jun-25
4445,11,159,B,12-May-25
4451,11,1030,B,04-Aug-25
4469,11,4265,B,19-Nov-25
4472,11,298,B,28-Jun-25
4487,11,566,B,28-Sep-25
4490,11,6416,B,30-May-25
4505,11,2741,B,11-Jun-25
4604,11,2211,B,06-Apr-25
4605,11,7021,B,15-Feb-25
4680,11,1764,B,06-Mar-25
4773,11,4246,B,26-May-25
4785,11,2250,B,22-Dec-25
4793,11,5990,B,14-Nov-25
4807,11,7439,B,18-Jan-25
4819,11,824,B,19-Sep-25
4839,11,3797,B,03-Oct-25
4844,11,2493,B,09-Jan-25
4854,11,96,B,04-Jul-25
4905,11,7082,B,15-Jun-25
4922,11,3135,B,18-Oct-25
4934,11,7992,B,29-May-25
5007,11,2670,B,22-Jan-25
5016,11,1552,B,24-Jun-25
5022,11,4440,B,16-Jan-25
5025,11,7637,B,26-Feb-25
5080,11,7060,B,31-May-25
5147,11,7578,B,17-Oct-25
5148,11,4599,B,17-Jan-25
5163,11,4160,B,06-Nov-25
5191,11,2669,B,07-Jan-26
5234,11,4259,B,24-Sep-25
5300,11,893,B,24-May-25
5316,11,379,B,03-Dec-25
5348,11,2585,B,26-Jul-25
5379,11,1879,B,21-Feb-25
5390,11,2605,B,09-Nov-25
5401,11,4866,B,08-Jul-25
5448,11,3872,B,20-Jun-25
5480,11,144,B,14-Nov-25
5483,11,3916,B,10-Oct-25
5488,11,4490,B,27-Jul-25
5499,11,6799,B,14-Dec-25
5527,11,1352,B,12-Sep-25
5560,11,2905,B,25-Feb-25
5588,11,1874,B,18-Jul-25
5628,11,2098,B,12-Dec-25
5636,11,6745,B,15-May-25
5699,11,6845,B,24-Nov-25
5705,11,4510,B,01-Jan-25
5708,11,3456,B,17-Apr-25
5765,11,7891,B,26-Feb-25
5774,11,2429,B,17-Mar-25
5844,11,1373,B,29-Dec-25
5845,11,1203,B,04-Jan-25
5922,11,7077,B,17-Nov-25
5948,11,4915,B,28-Apr-25
5951,11,6083,B,05-Oct-25
6000,11,6611,B,09-Jan-25
6037,11,5632,B,16-Apr-25
6038,11,3003,B,17-Mar-25
6044,11,4415,B,03-Apr-25
6047,11,5667,B,22-Aug-25
6052,11,5082,B,06-Feb-25
6093,11,5633,B,06-Feb-25
6100,11,4649,B,21-May-25
6102,11,3062,B,07-Jan-25
6106,11,4596,B,27-Jun-25
6134,11,1126,B,09-Jan-26
6154,11,6885,B,10-Dec-25
6157,11,5406,B,06-Jul-25
6165,11,1660,B,14-Feb-25
6172,11,6798,B,11-May-25
6180,11,3602,B,19-Jul-25
6185,11,3935,B,02-Aug-25
6221,11,7944,B,24-May-25
6249,11,7207,B,12-Mar-25
6257,11,5749,B,17-May-25
6264,11,1395,B,03-Jan-26
6271,11,4082,B,13-Jan-26
6274,11,1654,B,09-Feb-25
6299,11,2558,B,25-Nov-25
6305,11,6137,B,05-Jul-25
6320,11,7903,B,28-Jan-25
6322,11,6094,B,04-Jul-25
6341,11,1572,B,28-Mar-25
6396,11,1558,B,29-Aug-25
6419,11,7552,B,04-Jan-26
6435,11,6428,B,04-Jan-26
6445,11,1150,B,18-Jun-25
6447,11,968,B,09-Aug-25
6457,11,7963,B,21-Jul-25
6481,11,7280,B,19-Sep-25
6492,11,6924,B,12-Nov-25
6494,11,2025,B,09-May-25
6590,11,6762,B,18-Nov-25
6624,11,6579,B,03-Jan-25
6629,11,4107,B,01-Apr-25
6657,11,3676,B,29-Jul-25
6701,11,5159,B,06-Aug-25
6724,11,2713,B,17-Jan-26
6729,11,1823,B,30-Dec-25
6763,11,6186,B,03-Feb-25
6794,11,6580,B,09-Jul-25
6848,11,1753,B,17-Jan-26
6870,11,7442,B,05-Mar-25
6905,11,3881,B,26-Dec-25
6934,11,1987,B,14-Feb-25
6978,11,5744,B,13-Feb-25
7018,11,145,B,23-Nov-25
7023,11,2630,B,06-Feb-25
7037,11,352,B,29-Jul-25
7085,11,1317,B,14-Dec-25
7097,11,1010,B,14-Jul-25
7108,11,1152,B,17-Jan-25
7153,11,3697,B,21-Apr-25
7180,11,6708,B,29-Oct-25
7203,11,4482,B,09-Mar-25
7219,11,2769,B,01-Jul-25
7237,11,3614,B,02-Feb-25
7244,11,4052,B,04-Apr-25
7259,11,3913,B,20-Feb-25
7270,11,7057,B,09-Apr-25
7360,11,4032,B,25-Jul-25
7383,11,1249,B,24-Apr-25
7396,11,759,B,24-Oct-25
7402,11,745,B,21-May-25
7438,11,411,B,01-Jan-25
7448,11,5118,B,04-Feb-25
7460,11,100,B,21-Dec-25
7482,11,6670,B,08-Jan-26
7484,11,5527,B,15-Aug-25
7495,11,6970,B,28-Mar-25
7499,11,1316,B,10-Jan-25
7516,11,6282,B,14-Jul-25
7560,11,3660,B,07-Oct-25
7564,11,3137,B,17-Apr-25
7569,11,5787,B,05-Jan-26
7614,11,912,B,02-Nov-25
7620,11,7075,B,10-Dec-25
7710,11,6728,B,07-Oct-25
7721,11,4851,B,04-Aug-25
7728,11,4106,B,10-Jan-26
7729,11,5035,B,01-Mar-25
7738,11,5774,B,02-Jan-25
7743,11,4104,B,02-Dec-25
7762,11,1689,B,06-Jan-26
7778,11,6040,B,14-Jan-26
7781,11,367,B,15-Aug-25
7817,11,5286,B,26-Mar-25
7863,11,2109,B,15-Nov-25
7864,11,7782,B,20-Feb-25
7903,11,3802,B,02-Nov-25
7905,11,5880,B,10-Nov-25
7942,11,3333,B,18-Jul-25
7945,11,6534,B,05-Sep-25
7960,11,3370,B,25-Feb-25
8025,11,606,B,09-Jun-25
8058,11,1027,B,03-Jul-25
8072,11,539,B,16-Sep-25
8087,11,6051,B,10-May-25
8111,11,6884,B,05-Jul-25
8149,11,6380,B,15-Mar-25
8277,11,5145,B,14-Jun-25
8343,11,7183,B,07-Sep-25
8345,11,115,B,19-Jan-25
8383,11,3695,B,28-Feb-25
8410,11,4147,B,16-Nov-25
8411,11,5730,B,06-May-25
8429,11,4032,B,03-Nov-25
8456,11,6527,B,01-Feb-25
8472,11,1268,B,30-May-25
8477,11,2119,B,10-Jan-26
8514,11,5878,B,15-Jun-25
8554,11,7519,B,14-Nov-25
8559,11,5353,B,22-Jul-25
8606,11,4099,B,06-Jul-25
8651,11,3284,B,03-Feb-25
8674,11,4998,B,13-Feb-25
8774,11,6526,B,09-Jan-26
8778,11,2421,B,24-Nov-25
8796,11,7413,B,07-Mar-25
8854,11,2192,B,27-Nov-25
8856,11,5519,B,29-Nov-25
8929,11,1890,B,19-Dec-25
8947,11,5663,B,20-Jan-25
8951,11,1741,B,06-Jan-26
9004,11,692,B,18-Apr-25
9032,11,7789,B,10-Oct-25
9036,11,4299,B,06-Jul-25
9071,11,6309,B,25-Feb-25
9089,11,4200,B,23-Dec-25
9092,11,7627,B,10-Jan-26
9103,11,2472,B,28-Aug-25
9114,11,570,B,22-Apr-25
9128,11,554,B,09-Oct-25
9154,11,538,B,25-Aug-25
9159,11,6574,B,16-Jan-25
9165,11,7764,B,03-Feb-25
9171,11,869,B,25-Sep-25
9182,11,5208,B,05-Aug-25
9198,11,7718,B,10-Jan-26
9201,11,3205,B,17-Jan-26
9209,11,7514,B,13-Jan-25
9218,11,2402,B,20-Aug-25
9230,11,5244,B,16-Jan-25
9237,11,348,B,19-May-25
9294,11,5770,B,22-Apr-25
9300,11,3596,B,20-Nov-25
9331,11,6211,B,07-Sep-25
9385,11,5975,B,20-Oct-25
9388,11,5051,B,22-Jul-25
9393,11,6430,B,06-Jun-25
9397,11,4678,B,08-Sep-25
9404,11,3948,B,16-Dec-25
9415,11,5456,B,27-Jun-25
9424,11,6343,B,06-Jun-25
9456,11,5747,B,13-Jan-26
9475,11,2823,B,28-Jul-25
9507,11,888,B,20-Feb-25
9549,11,7365,B,12-May-25
9555,11,6724,B,12-Mar-25
9570,11,3273,B,01-Apr-25
9589,11,7465,B,15-Aug-25
9601,11,7902,B,18-Feb-25
9671,11,2930,B,28-Feb-25
9713,11,2672,B,18-Jan-25
9718,11,4202,B,01-Feb-25
9722,11,2121,B,07-Oct-25
9768,11,2963,B,28-Jul-25
9774,11,4355,B,12-Oct-25
9800,11,598,B,13-Jul-25
9836,11,2235,B,20-Mar-25
9843,11,3042,B,07-Mar-25
9848,11,7592,B,04-Feb-25
9861,11,5609,B,27-Mar-25
9873,11,843,B,06-Sep-25
9890,11,3308,B,17-Jan-26
9920,11,3157,B,01-Mar-25
9934,11,2584,B,09-Jul-25
9940,11,1426,B,06-Nov-25
9970,11,1096,B,05-Feb-25
9989,11,4704,B,25-May-25
10004,11,4352,B,24-Nov-25
10038,11,5314,B,13-Sep-25
10063,11,958,B,14-Dec-25
10082,11,2591,B,20-Oct-25
10104,11,1619,B,13-Jan-25
10110,11,4416,B,18-Aug-25
10118,11,6108,B,18-Nov-25
10192,11,3038,B,28-Aug-25
10218,11,4763,B,14-Jun-25
10236,11,1544,B,19-Jan-25
10260,11,4750,B,31-Jul-25
10293,11,689,B,04-Feb-25
10305,11,3694,B,17-Apr-25
10306,11,3957,B,23-Jul-25
10403,11,717,B,20-Feb-25
10407,11,3824,B,23-Mar-25
10427,11,846,B,16-Nov-25
10428,11,6816,B,12-Jan-26
10458,11,1825,B,23-Nov-25
10464,11,6535,B,20-Jul-25
10475,11,3415,B,06-Jul-25
10483,11,1510,B,11-Nov-25
10517,11,5932,B,22-Sep-25
10532,11,7901,B,27-Mar-25
10564,11,7091,B,25-Jan-25
10578,11,5929,B,11-May-25
10591,11,4073,B,14-Oct-25
10603,11,7774,B,28-May-25
10615,11,4538,B,05-Jul-25
10624,11,5052,B,23-Mar-25
10635,11,3094,B,21-Jan-25
10647,11,137,B,02-Apr-25
10660,11,6968,B,20-Dec-25
10726,11,6654,B,04-Nov-25
10754,11,3410,B,30-Jul-25
10757,11,7334,B,30-Apr-25
10777,11,1192,B,11-Feb-25
10812,11,4362,B,05-Feb-25
10823,11,1578,B,14-Jun-25
10826,11,365,B,13-Apr-25
10832,11,5719,B,12-Oct-25
10850,11,3301,B,14-Dec-25
10856,11,6572,B,23-Sep-25
10926,11,7840,B,22-Sep-25
10961,11,7702,B,12-Jan-26
11012,11,5969,B,12-Jun-25
11034,11,7022,B,23-Aug-25
11052,11,1697,B,17-Apr-25
11118,11,3788,B,26-Jun-25
11159,11,5888,B,10-Jun-25
11211,11,7444,B,28-Nov-25
11230,11,4849,B,10-Aug-25
11242,11,4922,B,23-Jan-25
11259,11,5668,B,23-Mar-25
11273,11,647,B,05-Feb-25
11284,11,3397,B,11-Jul-25
11307,11,7703,B,11-Dec-25
11323,11,2207,B,06-Feb-25
11328,11,6829,B,07-May-25
11363,11,7128,B,07-Dec-25
11371,11,7550,B,05-Feb-25
11389,11,5825,B,30-Sep-25
11467,11,7896,B,27-Aug-25
11501,11,710,B,09-Jan-26
11516,11,5183,B,14-Jul-25
11522,11,4085,B,28-Jul-25
11562,11,7934,B,26-May-25
11646,11,2742,B,24-Jun-25
11665,11,2980,B,09-Jan-25
11672,11,1933,B,29-Sep-25
11709,11,2580,B,23-Jul-25
11722,11,7218,B,10-Jul-25
11760,11,1254,B,15-Apr-25
11773,11,7708,B,21-Jul-25
11795,11,4085,B,10-Jul-25
11859,11,6746,B,15-Jan-25
11863,11,7985,B,02-Jun-25
11872,11,481,B,12-Jul-25
11886,11,5623,B,21-Jul-25
11921,11,2893,B,22-Oct-25
11929,11,4313,B,05-Nov-25
11931,11,5040,B,20-Sep-25
11966,11,3078,B,26-Mar-25
11985,11,3009,B,06-Jan-25
12026,11,6766,B,08-Jan-26
12037,11,5735,B,04-Jan-26
12043,11,3439,B,29-Jan-25
12057,11,1382,B,22-Oct-25
12091,11,5986,B,06-Jul-25
12113,11,3392,B,02-Jul-25
12144,11,2697,B,19-Aug-25
12173,11,3784,B,16-Apr-25
12197,11,3713,B,20-Jul-25
12200,11,948,B,16-Mar-25
12201,11,7906,B,05-Aug-25
12213,11,69,B,11-Nov-25
12218,11,1412,B,09-Oct-25
12221,11,1957,B,30-Aug-25
12228,11,2508,B,06-Oct-25
12244,11,1612,B,01-Jun-25
12342,11,6606,B,23-Jul-25
12392,11,1595,B,29-Mar-25
12450,11,4935,B,22-Sep-25
12474,11,213,B,27-Dec-25
12483,11,7588,B,09-Jan-25
12508,11,1082,B,03-Apr-25
12575,11,7561,B,26-Apr-25
12598,11,4377,B,07-May-25
12611,11,7005,B,01-Aug-25
12627,11,4580,B,18-Jan-25
12633,11,6252,B,09-Jan-25
12636,11,7130,B,28-Nov-25
12642,11,4503,B,05-Aug-25
12669,11,6462,B,18-Jan-25
12697,11,4624,B,02-Apr-25
12715,11,5268,B,08-May-25
12728,11,2101,B,29-Jul-25
12783,11,2612,B,05-Jan-25
12792,11,3892,B,15-Dec-25
12814,11,7205,B,24-Nov-25
12834,11,2278,B,30-Jun-25
12836,11,978,B,01-Jul-25
12848,11,1011,B,23-Sep-25
12862,11,2446,B,20-Dec-25
12906,11,4718,B,23-Jul-25
12911,11,6248,B,09-May-25
12913,11,84,B,28-Jul-25
13002,11,4526,B,11-Aug-25
13006,11,7926,B,18-Mar-25
13032,11,2440,B,09-Jun-25
13053,11,6506,B,21-Jun-25
13078,11,6022,B,11-Jun-25
13088,11,6269,B,20-Sep-25
13092,11,2547,B,04-Nov-25
13117,11,4754,B,29-Oct-25
13141,11,5896,B,06-Oct-25
13159,11,4661,B,02-Apr-25
13164,11,1046,B,26-Oct-25
13191,11,4684,B,05-May-25
13226,11,6483,B,09-Dec-25
13236,11,3390,B,21-Mar-25
13237,11,6919,B,12-Jan-26
13239,11,84,B,04-Jul-25
13285,11,2935,B,12-Oct-25
13309,11,1823,B,13-Mar-25
13310,11,7942,B,28-Jun-25
13317,11,6914,B,06-Jan-26
13319,11,6680,B,14-Dec-25
13342,11,1597,B,25-Oct-25
13403,11,2503,B,23-Jun-25
13411,11,1085,B,11-Nov-25
13476,11,7933,B,10-Apr-25
13571,11,5169,B,24-Jan-25
13582,11,203,B,23-Jan-25
13610,11,2531,B,16-Nov-25
13617,11,2521,B,29-Oct-25
13714,11,4077,B,21-Oct-25
13716,11,7207,B,31-Jul-25
13734,11,6074,B,20-May-25
13764,11,3412,B,08-Jul-25
13814,11,1309,B,13-Sep-25
13870,11,1560,B,02-May-25
13891,11,4833,B,19-May-25
13952,11,5188,B,25-Oct-25
13994,11,6826,B,15-Aug-25
14002,11,1843,B,25-May-25
14030,11,3935,B,07-Mar-25
14051,11,7401,B,02-Aug-25
14062,11,5469,B,12-Mar-25
14071,11,5174,B,03-Nov-25
14076,11,1018,B,21-May-25
14079,11,7866,B,23-Apr-25
14144,11,18,B,26-Aug-25
14180,11,5041,B,29-Nov-25
14197,11,786,B,16-Jun-25
14212,11,3148,B,24-Aug-25
14223,11,911,B,27-Nov-25
14251,11,1657,B,13-Nov-25
14273,11,418,B,30-Apr-25
14274,11,4765,B,10-Jan-26
14289,11,1052,B,25-Feb-25
14325,11,1330,B,07-Nov-25
14335,11,2629,B,20-Nov-25
14343,11,4093,B,06-Jul-25
14357,11,3360,B,07-Mar-25
14442,11,3785,B,15-Aug-25
14453,11,4948,B,02-Dec-25
14454,11,1811,B,23-Jul-25
14469,11,1948,B,01-Oct-25
14494,11,5317,B,14-Apr-25
14507,11,4921,B,22-May-25
14520,11,5900,B,06-Jan-26
14594,11,786,B,19-Nov-25
14652,11,3992,B,17-Jun-25
14671,11,6343,B,13-Jul-25
14695,11,3132,B,18-Jul-25
14748,11,3790,B,10-Mar-25
14758,11,7194,B,20-Oct-25
14778,11,4793,B,10-Jun-25
14872,11,7114,B,26-Apr-25
14877,11,7431,B,18-Apr-25
14889,11,3762,B,15-Jan-25
14936,11,5433,B,18-Oct-25
14972,11,7489,B,18-Jan-25
14975,11,868,B,27-Aug-25
15037,11,275,B,30-Aug-25
15053,11,5119,B,02-Feb-25
15057,11,409,B,05-Aug-25
15092,11,3846,B,04-Jan-26
15132,11,7888,B,02-Apr-25
15145,11,5819,B,06-Feb-25
15161,11,3008,B,25-Jun-25
15165,11,854,B,01-Oct-25
15173,11,3981,B,23-Jun-25
15184,11,6237,B,10-Mar-25
15190,11,7909,B,25-Apr-25
15204,11,6179,B,12-Jan-25
15208,11,7327,B,20-Jan-25
15228,11,7474,B,06-Feb-25
15249,11,4243,B,13-Apr-25
15261,11,6341,B,17-Jul-25
15262,11,4505,B,02-Feb-25
15293,11,2270,B,12-Feb-25
15364,11,1528,B,27-Sep-25
15385,11,913,B,20-Nov-25
15388,11,4744,B,23-Sep-25
15426,11,5321,B,12-Sep-25
15435,11,7767,B,28-Nov-25
15468,11,2423,B,08-Jan-25
15492,11,2343,B,09-Dec-25
15495,11,3090,B,13-Nov-25
15511,11,4597,B,14-Dec-25
15529,11,4745,B,31-May-25
15554,11,5168,B,15-Nov-25
15643,11,2776,B,12-Apr-25
15649,11,1142,B,16-Oct-25
15748,11,2636,B,12-Apr-25
15830,11,3171,B,15-Apr-25
15844,11,2960,B,20-Mar-25
15855,11,6281,B,16-Jun-25
15880,11,2564,B,03-Oct-25
15888,11,724,B,29-Nov-25
15925,11,3233,B,15-Dec-25
15954,11,3791,B,08-Aug-25
15985,11,385,B,03-Jun-25
15994,11,2091,B,01-Jan-26
16071,11,5335,B,10-May-25
16086,11,7815,B,23-Nov-25
16135,11,1475,B,17-Sep-25
16141,11,2345,B,12-Mar-25
16168,11,911,B,01-Jun-25
16174,11,4345,B,22-May-25
16215,11,3728,B,28-Mar-25
16237,11,3789,B,02-Aug-25
16283,11,2621,B,13-Aug-25
16299,11,6078,B,17-Feb-25
16305,11,2149,B,29-Jan-25
16312,11,7418,B,03-Mar-25
16315,11,7350,B,07-Feb-25
16350,11,3408,B,22-Nov-25
16372,11,4,B,17-Dec-25
16405,11,7263,B,28-Jun-25
16412,11,2200,B,15-Oct-25
16430,11,5428,B,08-Jun-25
16525,11,4554,B,08-Jun-25
16532,11,4782,B,06-Oct-25
16561,11,6818,B,06-May-25
16609,11,4514,B,12-Jan-26
16616,11,137,B,25-Jan-25
16633,11,4899,B,08-Aug-25
16642,11,6958,B,03-Oct-25
16644,11,886,B,29-Nov-25
16707,11,6534,B,08-Jan-26
16727,11,5309,B,03-Jan-25
16731,11,4516,B,14-Dec-25
16756,11,2540,B,07-Apr-25
16757,11,787,B,30-Sep-25
16767,11,5795,B,22-Mar-25
16769,11,26,B,19-Dec-25
16779,11,2669,B,19-May-25
16811,11,6168,B,29-Jul-25
16828,11,283,B,22-Nov-25
16877,11,4979,B,01-Nov-25
16887,11,3586,B,21-Nov-25
16898,11,3248,B,18-Aug-25
16933,11,6930,B,28-Nov-25
16943,11,1799,B,08-Sep-25
17018,11,5996,B,06-Jan-26
17035,11,466,B,02-Dec-25
17083,11,1788,B,24-Oct-25
17096,11,6281,B,18-Apr-25
17110,11,4890,B,13-Nov-25
17125,11,4738,B,02-Dec-25
17130,11,5881,B,25-Oct-25
17158,11,1177,B,20-Jul-25
17195,11,4664,B,08-Mar-25
17196,11,6320,B,02-Nov-25
17205,11,16,B,16-Nov-25
17221,11,2410,B,27-Aug-25
17250,11,6115,B,26-Mar-25
17273,11,2123,B,06-Jul-25
17274,11,2089,B,25-Nov-25
17284,11,6395,B,25-Nov-25
17336,11,2211,B,08-Apr-25
17342,11,3238,B,05-Nov-25
17346,11,232,B,14-Jan-26
17372,11,6271,B,13-Jan-25
17384,11,1938,B,21-Feb-25
17386,11,2706,B,19-Dec-25
17403,11,2158,B,15-May-25
17423,11,3157,B,13-Apr-25
17431,11,4331,B,22-Oct-25
17439,11,7754,B,21-Jun-25
17440,11,2583,B,23-Jan-25
17448,11,6056,B,22-Oct-25
17461,11,4898,B,12-Aug-25
17465,11,1926,B,31-Aug-25
17480,11,3488,B,21-Aug-25
17500,11,6321,B,15-Jun-25
17514,11,5411,B,05-Nov-25
17518,11,7963,B,18-Aug-25
17525,11,2292,B,03-Jan-25
17526,11,5547,B,18-Apr-25
17557,11,1481,B,05-Jan-26
17582,11,5463,B,14-Jan-25
17640,11,7501,B,21-Jul-25
17677,11,7759,B,11-Jun-25
17714,11,1335,B,10-Oct-25
17737,11,6301,B,21-Apr-25
17768,11,469,B,25-Mar-25
17775,11,1735,B,15-Jun-25
17779,11,4813,B,10-Mar-25
17872,11,2145,B,14-Jun-25
17892,11,4153,B,08-May-25
17929,11,3145,B,06-Nov-25
17946,11,6438,B,05-Jul-25
17952,11,184,B,02-Nov-25
17973,11,4152,B,17-Mar-25
17997,11,4707,B,08-May-25
18012,11,4173,B,19-Jul-25
18058,11,7675,B,08-Mar-25
18071,11,3083,B,31-Mar-25
18074,11,4268,B,11-Dec-25
18080,11,2073,B,19-Oct-25
18121,11,3067,B,05-May-25
18159,11,2670,B,10-Feb-25
18218,11,6111,B,05-Feb-25
18239,11,6949,B,08-May-25
18253,11,6139,B,19-Jul-25
18262,11,2798,B,14-May-25
18280,11,1925,B,27-Mar-25
18295,11,1035,B,05-Jun-25
18380,11,2999,B,14-May-25
18491,11,2785,B,19-Oct-25
18588,11,2760,B,01-Jan-26
18629,11,4594,B,08-Jul-25
18632,11,2448,B,01-Mar-25
18637,11,2122,B,14-Jun-25
18650,11,6520,B,06-Nov-25
18669,11,5345,B,25-Jun-25
18681,11,2601,B,04-Oct-25
18722,11,3103,B,28-Jun-25
18732,11,5078,B,12-Jan-26
18763,11,6569,B,05-Feb-25
18870,11,2096,B,17-Jan-26
18881,11,4109,B,25-Dec-25
18889,11,6270,B,07-Apr-25
18892,11,6344,B,07-Jan-25
18972,11,4268,B,27-Sep-25
19065,11,3965,B,18-Oct-25
19069,11,3582,B,04-Mar-25
19072,11,6169,B,04-Nov-25
19096,11,6661,B,14-Nov-25
19196,11,4075,B,05-Jun-25
19214,11,3085,B,01-Jan-25
19235,11,3668,B,13-Jan-25
19241,11,5606,B,30-Aug-25
19246,11,4803,B,12-Sep-25
19250,11,559,B,21-Jan-25
19264,11,4545,B,16-Sep-25
19288,11,7540,B,28-Feb-25
19293,11,3282,B,06-Aug-25
19303,11,489,B,24-Nov-25
19353,11,5726,B,12-Jun-25
19389,11,4884,B,21-Sep-25
19434,11,526,B,10-Dec-25
19474,11,2924,B,05-Oct-25
19510,11,3783,B,21-Sep-25
19520,11,7366,B,27-Dec-25
19527,11,5888,B,24-Oct-25
19528,11,6536,B,23-Sep-25
19533,11,174,B,17-Jan-26
19559,11,1346,B,25-Jul-25
19609,11,4496,B,16-May-25
19618,11,992,B,09-Mar-25
19641,11,5148,B,30-Oct-25
19655,11,2804,B,16-Jul-25
19663,11,701,B,24-Aug-25
19670,11,2861,B,07-Mar-25
19695,11,5558,B,12-Feb-25
19703,11,3297,B,31-Mar-25
19725,11,1008,B,11-Mar-25
19746,11,6518,B,08-Dec-25
19780,11,3623,B,27-Dec-25
19802,11,4381,B,19-Nov-25
19838,11,2007,B,09-Mar-25
19864,11,4088,B,15-May-25
19866,11,3008,B,11-Mar-25
19897,11,3838,B,27-May-25
19909,11,555,B,05-May-25
19937,11,1406,B,01-Mar-25
19964,11,2986,B,04-Sep-25
19975,11,6522,B,24-Feb-25
19980,11,3595,B,24-Jun-25
12,9,3174,B,24-Feb-25
29,9,1778,B,28-Oct-25
31,9,492,B,05-Apr-25
45,9,5511,B,08-Mar-25
56,9,6529,B,22-Aug-25
85,9,539,B,01-Jun-25
90,9,5390,B,12-Apr-25
109,9,2537,B,08-Nov-25
118,9,416,B,23-Apr-25
150,9,1606,B,06-Apr-25
151,9,7439,B,19-Jan-25
152,9,3848,B,12-Aug-25
157,9,7226,B,15-Jun-25
176,9,1411,B,15-Nov-25
202,9,6516,B,21-Feb-25
214,9,2531,B,29-Oct-25
218,9,499,B,08-Nov-25
246,9,799,B,22-Nov-25
261,9,2920,B,30-Nov-25
312,9,145,B,23-Feb-25
319,9,6497,B,02-Feb-25
320,9,5260,B,16-Sep-25
336,9,2918,B,16-Dec-25
358,9,1799,B,13-Feb-25
384,9,841,B,17-Nov-25
387,9,1708,B,31-Mar-25
458,9,3482,B,22-Sep-25
465,9,4407,B,20-May-25
506,9,2146,B,19-Jan-25
522,9,940,B,12-May-25
549,9,3852,B,30-Nov-25
604,9,920,B,17-Nov-25
620,9,6615,B,07-Apr-25
637,9,5519,B,26-Feb-25
672,9,6857,B,24-Oct-25
715,9,3633,B,29-Mar-25
717,9,5251,B,18-Jul-25
736,9,5961,B,06-Feb-25
818,9,5866,B,15-Jul-25
827,9,1317,B,11-May-25
847,9,7972,B,06-Aug-25
851,9,2723,B,01-Jul-25
914,9,6173,B,15-Jun-25
941,9,2136,B,19-Sep-25
960,9,4794,B,21-Jun-25
965,9,6588,B,13-Mar-25
996,9,3593,B,30-Jun-25
1023,9,7916,B,15-Jan-25
1037,9,4006,B,06-Mar-25
1059,9,442,B,03-May-25
1079,9,1866,B,03-Jan-25
1088,9,1932,B,09-Sep-25
1120,9,5577,B,02-Oct-25
1133,9,5642,B,01-May-25
1175,9,874,B,04-Jan-25
1182,9,1159,B,15-Nov-25
1211,9,658,B,04-Oct-25
1236,9,4417,B,09-Sep-25
1253,9,2188,B,10-Nov-25
1327,9,7368,B,21-May-25
1330,9,4405,B,18-Jun-25
1334,9,5641,B,25-Dec-25
1356,9,2157,B,20-Apr-25
1399,9,5898,B,05-Nov-25
1444,9,3794,B,06-Mar-25
1521,9,6038,B,21-Aug-25
1531,9,1744,B,22-Nov-25
1536,9,2860,B,26-Feb-25
1570,9,6699,B,26-Jun-25
1603,9,3355,B,09-Oct-25
1604,9,2367,B,22-Jan-25
1607,9,2368,B,21-Jul-25
1624,9,4256,B,16-Sep-25
1641,9,5059,B,13-May-25
1645,9,2437,B,20-Jan-25
1665,9,1541,B,07-Oct-25
1677,9,2553,B,29-Jun-25
1739,9,1287,B,09-Feb-25
1743,9,5930,B,18-Nov-25
1747,9,312,B,25-Feb-25
1779,9,2540,B,10-Mar-25
1780,9,6917,B,22-Aug-25
1781,9,4319,B,25-Oct-25
1795,9,2801,B,04-May-25
1849,9,6934,B,21-Apr-25
1917,9,3692,B,27-Jul-25
1973,9,7196,B,29-Jun-25
1986,9,1624,B,14-Aug-25
2017,9,4727,B,18-Apr-25
2025,9,5972,B,08-Apr-25
2077,9,6199,B,06-Apr-25
2142,9,900,B,16-Jan-26
2148,9,2828,B,12-Jan-26
2181,9,4424,B,31-Dec-25
2200,9,3267,B,20-Aug-25
2227,9,1151,B,01-Aug-25
2232,9,5639,B,29-Sep-25
2280,9,321,B,11-Oct-25
2284,9,7616,B,20-Mar-25
2304,9,7879,B,03-Apr-25
2337,9,367,B,07-Jan-25
2350,9,7384,B,09-Aug-25
2352,9,552,B,29-Dec-25
2381,9,3083,B,27-Jul-25
2404,9,2978,B,12-Apr-25
2406,9,6173,B,04-Sep-25
2450,9,1075,B,02-Sep-25
2515,9,2141,B,21-Mar-25
2536,9,1275,B,01-Oct-25
2541,9,268,B,08-May-25
2569,9,7512,B,03-Apr-25
2599,9,4301,B,04-Apr-25
2670,9,792,B,09-Sep-25
2723,9,5415,B,10-Apr-25
2734,9,7329,B,19-Sep-25
2745,9,2528,B,08-Mar-25
2749,9,7225,B,27-Feb-25
2755,9,1664,B,17-Apr-25
2763,9,3861,B,21-Jan-25
2791,9,1684,B,16-Jul-25
2794,9,7504,B,25-Jun-25
2796,9,7462,B,19-May-25
2797,9,3471,B,15-Oct-25
2838,9,3558,B,04-Oct-25
2906,9,3564,B,06-Dec-25
2914,9,4728,B,31-Dec-25
2919,9,1450,B,15-Jun-25
2921,9,6568,B,15-Jul-25
2967,9,307,B,30-Aug-25
2992,9,1173,B,09-Feb-25
3005,9,4712,B,20-Feb-25
3009,9,4394,B,01-Dec-25
3026,9,775,B,27-Feb-25
3062,9,2226,B,12-Jun-25
3073,9,1241,B,29-May-25
3116,9,2544,B,22-Jul-25
3148,9,1179,B,07-Jun-25
3158,9,3316,B,29-Jan-25
3169,9,5437,B,23-Aug-25
3175,9,2280,B,05-Jan-26
3212,9,4923,B,18-Nov-25
3287,9,2781,B,04-Oct-25
3330,9,4037,B,18-Oct-25
3356,9,657,B,13-Jun-25
3371,9,3303,B,18-Jan-26
3383,9,5327,B,28-Nov-25
3426,9,7586,B,03-Jun-25
3430,9,2484,B,11-Jun-25
3442,9,2386,B,22-Feb-25
3470,9,3162,B,13-Apr-25
3485,9,4494,B,22-May-25
3503,9,1453,B,26-Feb-25
3508,9,6908,B,15-Mar-25
3518,9,5669,B,09-Nov-25
3530,9,3191,B,18-Nov-25
3531,9,1912,B,10-May-25
3589,9,6347,B,17-Sep-25
3597,9,3075,B,11-Mar-25
3610,9,80,B,31-May-25
3627,9,2563,B,14-Jul-25
3668,9,6685,B,16-Feb-25
3715,9,805,B,04-Apr-25
3738,9,4614,B,26-Aug-25
3744,9,4684,B,15-Jan-25
3763,9,6458,B,13-Jan-26
3812,9,5973,B,12-Jun-25
3846,9,3992,B,28-Nov-25
3857,9,7907,B,02-Dec-25
3910,9,6697,B,27-Sep-25
3937,9,697,B,25-Dec-25
3960,9,7828,B,14-Oct-25
3988,9,4349,B,29-Jun-25
4077,9,7449,B,21-Jan-25
4165,9,2188,B,13-Jul-25
4185,9,3965,B,04-Jun-25
4220,9,3364,B,25-Aug-25
4225,9,7353,B,08-Oct-25
4227,9,2085,B,22-Oct-25
4257,9,1038,B,01-Sep-25
4260,9,3286,B,21-Mar-25
4266,9,3416,B,10-Jun-25
4300,9,1120,B,05-May-25
4327,9,4562,B,11-Mar-25
4330,9,1049,B,10-Jun-25
4352,9,3138,B,27-Dec-25
4412,9,3753,B,30-Aug-25
4419,9,4303,B,03-Mar-25
4423,9,3156,B,12-Aug-25
4442,9,812,B,02-Jan-25
4446,9,1248,B,29-Mar-25
4536,9,2355,B,11-Nov-25
4540,9,4951,B,11-Oct-25
4565,9,372,B,03-Sep-25
4602,9,3263,B,25-Apr-25
4656,9,562,B,11-Sep-25
4657,9,5373,B,05-Oct-25
4696,9,4186,B,21-Jan-25
4702,9,4392,B,25-Mar-25
4756,9,5425,B,07-Dec-25
4816,9,5591,B,09-Apr-25
4838,9,1066,B,11-Jul-25
4867,9,1480,B,14-Jan-25
4887,9,272,B,11-Feb-25
4894,9,679,B,17-Jan-26
4955,9,5098,B,26-Jan-25
4966,9,7724,B,27-Mar-25
4968,9,6677,B,04-Jun-25
5034,9,2674,B,23-Nov-25
5057,9,4311,B,03-Jan-26
5066,9,1289,B,01-Nov-25
5086,9,1843,B,23-Oct-25
5125,9,4447,B,14-Nov-25
5127,9,6815,B,12-Mar-25
5138,9,7603,B,18-Apr-25
5152,9,3443,B,23-May-25
5160,9,7647,B,01-Jan-26
5204,9,6359,B,05-Jul-25
5212,9,1076,B,03-Nov-25
5217,9,6104,B,07-Sep-25
5267,9,3881,B,23-May-25
5275,9,5018,B,09-Jan-26
5302,9,728,B,04-Jan-26
5327,9,2713,B,29-Sep-25
5336,9,5178,B,09-Sep-25
5366,9,6021,B,27-Mar-25
5371,9,3241,B,08-Jul-25
5375,9,3800,B,15-Jun-25
5441,9,4691,B,20-Jul-25
5442,9,1283,B,13-Jul-25
5450,9,1304,B,20-Nov-25
5491,9,3624,B,13-Dec-25
5526,9,2188,B,06-May-25
5532,9,2053,B,30-Dec-25
5543,9,5658,B,05-Aug-25
5583,9,4735,B,10-Dec-25
5606,9,2033,B,08-Mar-25
5629,9,2548,B,16-Mar-25
5696,9,5013,B,29-Sep-25
5701,9,1476,B,03-Sep-25
5702,9,900,B,07-Jan-25
5703,9,1360,B,03-Jun-25
5715,9,4525,B,13-May-25
5724,9,6261,B,08-Apr-25
5819,9,3235,B,31-May-25
5824,9,5653,B,06-Jul-25
5835,9,992,B,11-May-25
5847,9,601,B,04-Dec-25
5866,9,6413,B,15-Sep-25
5870,9,4657,B,16-Oct-25
5875,9,2175,B,24-Jan-25
5909,9,1510,B,28-Jan-25
5995,9,419,B,22-Jan-25
6054,9,5075,B,09-Apr-25
6062,9,5426,B,21-May-25
6130,9,4034,B,03-Jun-25
6161,9,662,B,12-Jan-26
6162,9,6900,B,25-Jul-25
6243,9,1598,B,30-Jan-25
6244,9,48,B,25-Apr-25
6246,9,6911,B,26-May-25
6278,9,6944,B,06-Apr-25
6323,9,2954,B,22-Mar-25
6334,9,1861,B,11-Apr-25
6364,9,4017,B,18-May-25
6403,9,767,B,23-Sep-25
6413,9,434,B,04-Aug-25
6466,9,7057,B,28-Oct-25
6491,9,5477,B,12-Jan-26
6506,9,6129,B,15-Aug-25
6564,9,6793,B,10-Nov-25
6572,9,5745,B,23-Mar-25
6615,9,1831,B,01-Jul-25
6668,9,6489,B,14-Jul-25
6713,9,1409,B,24-Dec-25
6733,9,7684,B,27-Aug-25
6756,9,1435,B,04-Aug-25
6768,9,6213,B,07-Apr-25
6781,9,2124,B,30-Jul-25
6793,9,5120,B,26-Apr-25
6799,9,6922,B,05-Jun-25
6831,9,5875,B,07-Jul-25
6876,9,2912,B,07-Oct-25
6880,9,6080,B,26-Jun-25
6904,9,1961,B,09-Jul-25
6907,9,2092,B,19-Apr-25
7016,9,6181,B,08-Feb-25
7043,9,6564,B,31-Jul-25
7060,9,2669,B,28-May-25
7079,9,3464,B,17-Feb-25
7103,9,7269,B,13-Mar-25
7105,9,5394,B,24-May-25
7200,9,2011,B,01-Dec-25
7220,9,5093,B,23-Aug-25
7230,9,7055,B,27-Feb-25
7234,9,2771,B,15-Jan-26
7267,9,146,B,05-Oct-25
7284,9,6600,B,26-Aug-25
7286,9,4348,B,02-Nov-25
7295,9,2514,B,18-Jun-25
7309,9,5469,B,28-May-25
7313,9,6983,B,02-Jul-25
7327,9,138,B,20-Oct-25
7353,9,374,B,31-Dec-25
7363,9,7939,B,11-Jan-26
7365,9,7592,B,15-Jan-26
7384,9,4429,B,22-Oct-25
7408,9,2660,B,02-Jan-26
7411,9,649,B,06-Sep-25
7433,9,1687,B,05-Jul-25
7451,9,5076,B,29-Oct-25
7456,9,7059,B,26-Jun-25
7469,9,5550,B,07-Feb-25
7470,9,4734,B,22-Oct-25
7490,9,5210,B,12-Feb-25
7494,9,7482,B,07-Dec-25
7515,9,2095,B,14-Oct-25
7562,9,952,B,13-Apr-25
7594,9,999,B,01-Apr-25
7619,9,3017,B,09-Dec-25
7624,9,3254,B,17-Jan-25
7640,9,5601,B,23-Oct-25
7645,9,2931,B,09-Jul-25
7647,9,4597,B,05-Aug-25
7651,9,3386,B,27-Jan-25
7659,9,6342,B,03-Sep-25
7661,9,3533,B,28-Apr-25
7684,9,1234,B,03-Jan-25
7708,9,7580,B,10-Apr-25
7725,9,7616,B,18-Aug-25
7758,9,2045,B,18-Aug-25
7759,9,5865,B,17-Feb-25
7832,9,4604,B,03-Dec-25
7838,9,3509,B,22-Jul-25
7848,9,2741,B,06-Nov-25
7886,9,1352,B,23-Feb-25
7926,9,645,B,28-Jun-25
7934,9,1032,B,10-Nov-25
7949,9,1930,B,08-Nov-25
7965,9,6917,B,13-Feb-25
7984,9,3106,B,24-Jan-25
7996,9,4582,B,04-Jan-26
8023,9,6116,B,28-Dec-25
8033,9,7963,B,17-Feb-25
8076,9,2827,B,10-Jan-25
8174,9,3980,B,08-Jun-25
8225,9,4894,B,18-Jul-25
8238,9,3615,B,04-Jul-25
8263,9,3536,B,01-May-25
8295,9,3330,B,11-Sep-25
8296,9,1739,B,30-Oct-25
8310,9,766,B,23-Jun-25
8431,9,730,B,11-Feb-25
8474,9,4459,B,06-Oct-25
8494,9,5736,B,23-Apr-25
8528,9,695,B,05-Jul-25
8543,9,94,B,21-Mar-25
8573,9,391,B,27-Aug-25
8628,9,6645,B,13-Oct-25
8698,9,6906,B,20-Jun-25
8699,9,3034,B,03-Jun-25
8723,9,348,B,03-Jan-25
8736,9,6369,B,24-Jun-25
8799,9,4420,B,01-Jun-25
8805,9,346,B,01-Jul-25
8823,9,3701,B,03-Jan-25
8827,9,7549,B,04-Apr-25
8830,9,325,B,18-Jun-25
8838,9,3150,B,03-Apr-25
8908,9,6365,B,02-Sep-25
8950,9,704,B,12-Oct-25
8962,9,5781,B,10-Jun-25
9072,9,1203,B,29-May-25
9106,9,6849,B,03-Jun-25
9126,9,2777,B,30-Aug-25
9140,9,1820,B,02-May-25
9141,9,4592,B,06-May-25
9206,9,4699,B,05-May-25
9269,9,2327,B,27-Sep-25
9297,9,5416,B,08-Feb-25
9325,9,6743,B,02-Oct-25
9345,9,7002,B,04-Jul-25
9361,9,5208,B,16-Aug-25
9438,9,1777,B,30-Oct-25
9442,9,3122,B,25-Nov-25
9489,9,3750,B,25-Dec-25
9550,9,1113,B,19-Feb-25
9565,9,7030,B,25-Mar-25
9572,9,3639,B,01-Nov-25
9574,9,4163,B,25-Jun-25
9584,9,7100,B,24-Jul-25
9633,9,6919,B,03-Jun-25
9640,9,172,B,19-Apr-25
9654,9,5969,B,16-Dec-25
9681,9,5686,B,20-Mar-25
9757,9,4679,B,30-Jun-25
9780,9,6352,B,06-Sep-25
9903,9,4795,B,11-Mar-25
9905,9,4745,B,03-Dec-25
9929,9,5465,B,24-Jan-25
9949,9,5975,B,10-May-25
9978,9,6412,B,02-Jan-26
9979,9,941,B,08-Jun-25
9985,9,7574,B,06-Aug-25
10000,9,500,B,01-Sep-25
10001,9,3254,B,24-Jul-25
10036,9,7698,B,12-Nov-25
10163,9,5907,B,27-Sep-25
10175,9,7224,B,30-Aug-25
10188,9,3155,B,27-Oct-25
10207,9,7423,B,18-Sep-25
10280,9,1517,B,29-Aug-25
10316,9,1397,B,30-Jan-25
10334,9,3776,B,12-Apr-25
10346,9,6719,B,08-Jul-25
10404,9,4175,B,26-Aug-25
10416,9,5662,B,31-Jan-25
10434,9,6861,B,22-Dec-25
10453,9,1389,B,08-Jun-25
10485,9,5071,B,24-Aug-25
10514,9,4678,B,22-Apr-25
10542,9,2874,B,11-Oct-25
10553,9,3779,B,18-Jul-25
10565,9,1378,B,29-Aug-25
10590,9,7921,B,22-Mar-25
10595,9,5888,B,14-Jan-25
10600,9,1021,B,04-Mar-25
10641,9,1401,B,27-Aug-25
10656,9,781,B,26-Dec-25
10664,9,6771,B,11-Sep-25
10773,9,2912,B,26-Dec-25
10822,9,2401,B,13-Oct-25
10851,9,314,B,06-Oct-25
10993,9,2370,B,28-Aug-25
11015,9,4961,B,12-Feb-25
11094,9,5458,B,04-Feb-25
11137,9,7832,B,10-Aug-25
11167,9,7987,B,20-Oct-25
11169,9,6084,B,19-Apr-25
11201,9,5758,B,12-Mar-25
11206,9,7625,B,16-Dec-25
11236,9,6003,B,02-Jun-25
11238,9,7095,B,11-Nov-25
11243,9,6788,B,28-Oct-25
11285,9,3404,B,13-Mar-25
11333,9,6550,B,05-Aug-25
11411,9,2977,B,02-Feb-25
11464,9,256,B,19-Dec-25
11468,9,4778,B,27-Oct-25
11532,9,4189,B,07-Mar-25
11542,9,7565,B,02-May-25
11556,9,3920,B,06-Dec-25
11566,9,4897,B,07-Nov-25
11568,9,2100,B,06-Aug-25
11590,9,1192,B,03-Jun-25
11604,9,2552,B,01-Jul-25
11606,9,1615,B,27-Feb-25
11619,9,6544,B,21-May-25
11628,9,924,B,04-Sep-25
11671,9,3086,B,25-Jan-25
11742,9,7398,B,30-Nov-25
11749,9,4079,B,30-Mar-25
11755,9,281,B,05-Aug-25
11770,9,5615,B,04-Dec-25
11799,9,3083,B,13-Jan-26
11825,9,4582,B,14-Jun-25
11862,9,593,B,18-Nov-25
11888,9,2035,B,17-May-25
11901,9,5315,B,17-Oct-25
11905,9,3221,B,26-Nov-25
11908,9,6202,B,24-Oct-25
11914,9,3514,B,28-Sep-25
11919,9,28,B,01-Jan-26
11927,9,2687,B,12-Apr-25
11979,9,2386,B,19-May-25
11988,9,2821,B,11-Aug-25
11995,9,2618,B,03-Oct-25
12012,9,4946,B,21-Jan-25
12014,9,3555,B,04-Jun-25
12017,9,570,B,06-Jun-25
12049,9,5805,B,06-Oct-25
12066,9,468,B,11-Nov-25
12074,9,6488,B,01-Sep-25
12086,9,840,B,11-Oct-25
12103,9,2506,B,10-Jan-25
12107,9,6356,B,10-Jan-26
12157,9,3254,B,26-Sep-25
12162,9,6048,B,11-Mar-25
12206,9,4204,B,20-Feb-25
12246,9,2098,B,23-Aug-25
12295,9,3135,B,17-Feb-25
12300,9,3453,B,03-Oct-25
12318,9,4861,B,22-Jun-25
12321,9,778,B,15-Dec-25
12361,9,2403,B,10-Jun-25
12377,9,114,B,27-Jul-25
12380,9,1119,B,20-Nov-25
12385,9,1140,B,12-Oct-25
12395,9,622,B,04-Jan-26
12411,9,4912,B,16-Dec-25
12489,9,1445,B,31-Mar-25
12511,9,1553,B,21-Jan-25
12513,9,7084,B,01-Dec-25
12537,9,2957,B,02-Jan-26
12576,9,6716,B,22-Oct-25
12578,9,2672,B,04-Oct-25
12590,9,2830,B,09-Jan-26
12602,9,6657,B,19-Feb-25
12639,9,4308,B,01-Jun-25
12653,9,1589,B,03-Aug-25
12733,9,5595,B,19-Jun-25
12740,9,6902,B,09-Sep-25
12748,9,840,B,26-Oct-25
12813,9,550,B,12-Jan-26
12842,9,3987,B,27-Mar-25
12857,9,5365,B,31-Oct-25
12931,9,4961,B,21-Jun-25
12950,9,7620,B,06-Jan-26
12972,9,5189,B,01-Sep-25
12974,9,1038,B,13-Jan-25
12981,9,3499,B,25-Mar-25
12991,9,3459,B,29-Jan-25
13019,9,1388,B,19-Jul-25
13026,9,3327,B,31-Dec-25
13042,9,7316,B,01-Jul-25
13083,9,2207,B,13-Feb-25
13110,9,3246,B,01-Sep-25
13116,9,1946,B,04-Nov-25
13124,9,3831,B,20-Aug-25
13176,9,3524,B,29-Apr-25
13187,9,6072,B,02-Mar-25
13194,9,7397,B,25-Jun-25
13287,9,4955,B,21-Jun-25
13333,9,4532,B,11-Aug-25
13374,9,623,B,08-Nov-25
13387,9,275,B,15-Sep-25
13428,9,4357,B,21-Apr-25
13441,9,1910,B,15-Jan-25
13455,9,7384,B,06-Aug-25
13463,9,7106,B,18-May-25
13473,9,7502,B,17-Apr-25
13479,9,3004,B,09-Feb-25
13482,9,2474,B,07-Jul-25
13484,9,505,B,17-Jul-25
13504,9,7194,B,23-Sep-25
13567,9,5196,B,05-Dec-25
13573,9,7793,B,01-Jan-25
13577,9,5324,B,21-Sep-25
13606,9,3107,B,15-Jan-25
13607,9,5322,B,28-Apr-25
13635,9,7140,B,28-Sep-25
13637,9,5663,B,13-May-25
13643,9,5911,B,08-Jan-25
13644,9,3202,B,11-Jan-26
13654,9,3810,B,16-Sep-25
13679,9,214,B,23-Aug-25
13748,9,6965,B,03-Jan-25
13765,9,1658,B,03-Sep-25
13786,9,3488,B,14-Oct-25
13799,9,1584,B,07-Dec-25
13824,9,3866,B,31-May-25
13847,9,6654,B,19-Feb-25
13875,9,594,B,28-Apr-25
13882,9,1789,B,07-Sep-25
13966,9,33,B,20-Apr-25
13991,9,6149,B,03-Jan-25
13996,9,5402,B,09-Jul-25
14044,9,7314,B,14-Jul-25
14080,9,5482,B,22-Feb-25
14093,9,3554,B,29-Mar-25
14115,9,6561,B,05-Jan-26
14155,9,5180,B,11-Jul-25
14179,9,4417,B,20-Feb-25
14188,9,6238,B,16-May-25
14217,9,684,B,20-Jul-25
14233,9,3537,B,08-Feb-25
14239,9,6816,B,16-Oct-25
14252,9,7695,B,20-Oct-25
14277,9,622,B,07-Jul-25
14290,9,6897,B,27-May-25
14293,9,3105,B,25-Dec-25
14298,9,3316,B,09-Oct-25
14326,9,3054,B,15-Feb-25
14328,9,1519,B,11-Sep-25
14366,9,4244,B,23-Oct-25
14370,9,4267,B,06-Jan-25
14385,9,1497,B,16-Jul-25
14387,9,4375,B,28-Jan-25
14443,9,6495,B,08-Aug-25
14463,9,5044,B,24-Nov-25
14483,9,6874,B,02-Nov-25
14503,9,7832,B,17-Aug-25
14532,9,6395,B,04-Jul-25
14538,9,1538,B,30-Sep-25
14582,9,469,B,21-Jan-25
14621,9,4069,B,18-Feb-25
14656,9,1110,B,28-Feb-25
14672,9,5671,B,07-Jan-25
14683,9,7107,B,02-Jan-25
14685,9,3368,B,21-Jan-25
14686,9,563,B,17-Jun-25
14722,9,170,B,26-Aug-25
14776,9,3026,B,26-Apr-25
14784,9,4454,B,04-Apr-25
14788,9,3595,B,18-Aug-25
14792,9,2709,B,19-Sep-25
14911,9,6322,B,28-Aug-25
14919,9,278,B,08-Jul-25
14924,9,3066,B,12-Oct-25
14953,9,413,B,06-Jul-25
14957,9,11,B,22-Feb-25
14961,9,4146,B,20-Jul-25
15019,9,2446,B,20-Nov-25
15036,9,6042,B,31-Oct-25
15040,9,3350,B,07-Jan-26
15043,9,2109,B,19-Jun-25
15073,9,5555,B,28-May-25
15147,9,5981,B,16-Sep-25
15181,9,1997,B,14-Sep-25
15198,9,6976,B,28-Aug-25
15199,9,7369,B,18-Oct-25
15254,9,4773,B,24-Aug-25
15255,9,4700,B,06-Jan-26
15347,9,773,B,04-Jun-25
15359,9,6728,B,20-Sep-25
15408,9,6784,B,18-Jan-26
15409,9,6633,B,21-Dec-25
15431,9,7804,B,04-Sep-25
15457,9,2923,B,12-Jan-26
15472,9,3611,B,24-Feb-25
15533,9,3450,B,01-May-25
15539,9,5511,B,25-Oct-25
15542,9,3307,B,08-Sep-25
15580,9,5768,B,30-May-25
15593,9,2020,B,03-Jun-25
15625,9,4475,B,12-Jan-26
15634,9,6527,B,10-May-25
15642,9,6488,B,15-Dec-25
15674,9,1370,B,29-Nov-25
15710,9,2685,B,14-Dec-25
15714,9,4278,B,30-Sep-25
15735,9,2316,B,07-Apr-25
15742,9,7804,B,18-Apr-25
15750,9,4306,B,28-Dec-25
15818,9,1163,B,08-Feb-25
15838,9,7035,B,23-Feb-25
15856,9,2401,B,23-Feb-25
15876,9,6591,B,03-May-25
15889,9,4934,B,06-Apr-25
15892,9,4809,B,10-Nov-25
15901,9,761,B,11-Aug-25
15924,9,3645,B,01-Apr-25
15963,9,4114,B,03-Dec-25
16023,9,55,B,24-Feb-25
16075,9,135,B,05-Oct-25
16078,9,5067,B,11-Sep-25
16081,9,3429,B,06-Oct-25
16082,9,6909,B,11-Apr-25
16121,9,2117,B,22-Aug-25
16143,9,2938,B,08-Nov-25
16264,9,4772,B,05-Jul-25
16272,9,996,B,21-May-25
16307,9,5729,B,22-Oct-25
16351,9,6936,B,07-Jan-25
16360,9,3422,B,12-Aug-25
16402,9,5700,B,14-Jan-26
16423,9,3633,B,07-Feb-25
16425,9,5968,B,20-May-25
16426,9,7284,B,17-Jan-25
16436,9,7620,B,18-Oct-25
16469,9,2940,B,16-Sep-25
16487,9,3114,B,01-May-25
16488,9,5769,B,12-Jul-25
16500,9,271,B,25-Apr-25
16508,9,1410,B,17-Feb-25
16510,9,4690,B,04-Jul-25
16521,9,17,B,04-Aug-25
16523,9,7383,B,17-May-25
16528,9,2018,B,09-Jan-26
16578,9,3984,B,05-Jul-25
16597,9,142,B,18-Jul-25
16607,9,3144,B,02-Jan-26
16684,9,2395,B,28-Aug-25
16699,9,3472,B,31-May-25
16715,9,5053,B,29-Sep-25
16717,9,3421,B,27-Dec-25
16718,9,5398,B,16-Oct-25
16723,9,5315,B,27-Aug-25
16766,9,5356,B,07-Mar-25
16794,9,4551,B,25-Jun-25
16796,9,4217,B,06-Sep-25
16815,9,5506,B,22-May-25
16834,9,5289,B,18-Mar-25
16857,9,765,B,26-Nov-25
16861,9,6984,B,04-Sep-25
16883,9,6429,B,20-Mar-25
16884,9,5684,B,19-Oct-25
16925,9,5660,B,21-Mar-25
16932,9,870,B,23-Oct-25
16956,9,6265,B,29-Jan-25
16989,9,7905,B,22-Jun-25
16992,9,6267,B,22-Jan-25
17002,9,631,B,11-Aug-25
17037,9,6373,B,14-Aug-25
17044,9,606,B,10-Nov-25
17063,9,5238,B,21-Jul-25
17072,9,4432,B,04-Jan-25
17085,9,6597,B,04-Jun-25
17104,9,3191,B,15-Aug-25
17123,9,448,B,31-May-25
17134,9,5484,B,16-Sep-25
17135,9,749,B,19-Aug-25
17213,9,3697,B,15-Dec-25
17230,9,7037,B,15-Jan-26
17244,9,7171,B,04-Jun-25
17264,9,6199,B,06-Sep-25
17267,9,7641,B,27-Nov-25
17275,9,3823,B,02-May-25
17296,9,1937,B,23-Nov-25
17413,9,5590,B,25-Jan-25
17434,9,5571,B,16-Sep-25
17437,9,4456,B,24-May-25
17477,9,7154,B,18-Sep-25
17498,9,5200,B,06-Oct-25
17540,9,5965,B,27-Oct-25
17542,9,5659,B,19-Feb-25
17581,9,2922,B,18-Jan-25
17610,9,1584,B,23-Jan-25
17613,9,510,B,05-Oct-25
17619,9,7044,B,26-Apr-25
17633,9,399,B,24-Jan-25
17635,9,5763,B,25-Jan-25
17644,9,4452,B,08-Mar-25
17668,9,132,B,31-Dec-25
17678,9,4628,B,11-Nov-25
17700,9,6934,B,03-Mar-25
17711,9,7149,B,27-Mar-25
17731,9,6885,B,26-Mar-25
17774,9,2195,B,08-Apr-25
17776,9,6431,B,19-Jun-25
17800,9,4039,B,02-Oct-25
17828,9,4379,B,07-Oct-25
17858,9,1430,B,16-Jun-25
17890,9,5015,B,11-Jan-25
17903,9,5854,B,27-Jan-25
17924,9,2884,B,22-Nov-25
17938,9,7098,B,15-Aug-25
17948,9,1842,B,08-Oct-25
17949,9,4644,B,07-Jan-26
18002,9,3009,B,14-Feb-25
18066,9,5711,B,09-Aug-25
18073,9,206,B,10-Aug-25
18106,9,4486,B,07-Jan-25
18124,9,7197,B,05-Apr-25
18126,9,3824,B,18-Jul-25
18134,9,6541,B,04-Jul-25
18171,9,6561,B,26-Feb-25
18187,9,1969,B,21-Oct-25
18217,9,5646,B,07-Sep-25
18228,9,5905,B,05-Oct-25
18230,9,6968,B,06-May-25
18238,9,3942,B,21-Jul-25
18270,9,2739,B,28-May-25
18271,9,75,B,15-Sep-25
18305,9,3348,B,17-Sep-25
18341,9,7598,B,02-Jan-25
18353,9,870,B,17-Oct-25
18392,9,2536,B,27-Jan-25
18480,9,6483,B,12-Nov-25
18506,9,6650,B,22-Jul-25
18543,9,5050,B,28-Dec-25
18566,9,7316,B,03-Dec-25
18598,9,1320,B,08-Apr-25
18602,9,2478,B,05-Nov-25
18607,9,1033,B,13-Sep-25
18651,9,3552,B,24-Jul-25
18671,9,7585,B,27-Oct-25
18673,9,1555,B,15-Oct-25
18723,9,2397,B,25-Aug-25
18728,9,2372,B,07-Apr-25
18743,9,6995,B,31-Dec-25
18796,9,6641,B,01-Jul-25
18807,9,4788,B,09-Oct-25
18837,9,476,B,18-Oct-25
18851,9,7151,B,20-Jan-25
18874,9,2564,B,14-Nov-25
18960,9,26,B,17-Jan-25
18968,9,7922,B,12-Feb-25
18970,9,5021,B,11-Jan-25
18996,9,7222,B,12-Jun-25
19000,9,6752,B,06-Jul-25
19004,9,6188,B,06-Aug-25
19022,9,7445,B,18-Jan-25
19060,9,3695,B,25-Aug-25
19088,9,5949,B,12-Jan-25
19135,9,6295,B,08-Jul-25
19275,9,6303,B,10-May-25
19296,9,7631,B,25-May-25
19314,9,6613,B,02-Jun-25
19316,9,7477,B,17-Nov-25
19351,9,4580,B,14-Jan-26
19362,9,5391,B,24-May-25
19373,9,5848,B,10-Nov-25
19399,9,6976,B,27-Aug-25
19454,9,4311,B,13-Dec-25
19467,9,1165,B,11-Feb-25
19483,9,1588,B,22-Aug-25
19488,9,492,B,17-Aug-25
19547,9,572,B,10-Dec-25
19549,9,2165,B,21-Mar-25
19608,9,6801,B,21-Mar-25
19622,9,929,B,01-Jan-26
19630,9,4404,B,30-Jun-25
19664,9,2134,B,05-Jul-25
19674,9,5097,B,25-Mar-25
19811,9,3641,B,19-Sep-25
19817,9,7785,B,24-Feb-25
19829,9,7922,B,28-Feb-25
19834,9,1278,B,07-May-25
19835,9,4497,B,13-Jul-25
19845,9,4886,B,23-Dec-25
19846,9,6577,B,24-Apr-25
19861,9,6866,B,31-Jul-25
19870,9,2346,B,21-Jul-25
19891,9,6852,B,23-Oct-25
19898,9,2302,B,18-Sep-25
19900,9,7995,B,19-Mar-25
19911,9,5591,B,01-Jan-25
19957,9,2776,B,12-May-25
50,6,6098,B,28-Dec-25
71,6,1071,B,10-Jun-25
76,6,2486,B,15-Feb-25
88,6,1092,B,23-Dec-25
93,6,6881,B,31-Jan-25
130,6,1429,B,26-Feb-25
133,6,7803,B,30-Sep-25
203,6,703,B,12-Feb-25
205,6,6499,B,22-Sep-25
295,6,4457,B,06-Mar-25
343,6,2598,B,18-Jan-25
385,6,2032,B,30-Sep-25
430,6,2832,B,03-Sep-25
431,6,364,B,29-Jun-25
452,6,2937,B,14-Dec-25
455,6,4771,B,04-Jan-25
470,6,7534,B,26-Sep-25
537,6,5032,B,12-Jan-26
540,6,5912,B,06-Mar-25
544,6,6037,B,01-Jul-25
581,6,1133,B,13-Sep-25
584,6,5991,B,09-Sep-25
606,6,6590,B,13-Apr-25
613,6,5515,B,26-Jun-25
622,6,7052,B,10-Nov-25
640,6,3243,B,26-Feb-25
642,6,6462,B,19-Jun-25
693,6,3217,B,25-Jul-25
730,6,4080,B,29-Sep-25
740,6,4936,B,28-Apr-25
756,6,5576,B,10-Mar-25
765,6,3166,B,03-Feb-25
771,6,6935,B,06-Jun-25
785,6,6334,B,03-Jan-26
788,6,1917,B,12-Jan-26
791,6,3427,B,07-Apr-25
850,6,6089,B,11-Nov-25
868,6,2960,B,13-Jan-25
942,6,4952,B,13-Oct-25
963,6,1233,B,11-Mar-25
971,6,3289,B,27-Jun-25
1097,6,5709,B,30-Oct-25
1139,6,2663,B,29-Aug-25
1156,6,2420,B,10-Jul-25
1172,6,722,B,21-Aug-25
1180,6,2083,B,14-Aug-25
1206,6,4711,B,15-Oct-25
1244,6,5514,B,02-Jul-25
1256,6,4053,B,10-Apr-25
1259,6,2871,B,14-Aug-25
1274,6,6332,B,06-Aug-25
1287,6,5541,B,30-Apr-25
1290,6,1269,B,12-Jan-25
1353,6,5504,B,11-Mar-25
1381,6,7373,B,13-Sep-25
1472,6,4445,B,09-Feb-25
1474,6,1169,B,31-Oct-25
1511,6,6887,B,23-Dec-25
1530,6,6750,B,19-Nov-25
1559,6,5125,B,28-May-25
1575,6,1804,B,24-Jan-25
1579,6,7108,B,07-Oct-25
1588,6,4862,B,12-Jan-26
1681,6,2801,B,23-Jun-25
1722,6,2933,B,18-Oct-25
1749,6,3180,B,10-Jun-25
1764,6,2094,B,03-Oct-25
1798,6,5067,B,16-May-25
1823,6,5933,B,07-Aug-25
1828,6,421,B,17-Jan-25
1839,6,2301,B,21-Feb-25
1867,6,5873,B,15-May-25
1901,6,6459,B,21-Sep-25
1903,6,6422,B,04-Jul-25
1936,6,2447,B,20-May-25
1955,6,1038,B,23-Feb-25
1965,6,4276,B,23-Nov-25
1979,6,7345,B,21-Nov-25
1981,6,780,B,27-Mar-25
1999,6,2563,B,02-Oct-25
2047,6,4703,B,02-Oct-25
2063,6,3535,B,05-Dec-25
2072,6,15,B,30-Mar-25
2073,6,464,B,17-Jul-25
2075,6,3876,B,12-Jan-26
2087,6,7125,B,19-Aug-25
2097,6,6440,B,22-Nov-25
2119,6,286,B,09-Dec-25
2127,6,6414,B,08-Jun-25
2134,6,7463,B,14-Jul-25
2141,6,1482,B,12-May-25
2145,6,6833,B,06-Dec-25
2154,6,349,B,02-Dec-25
2168,6,554,B,02-Jun-25
2178,6,1111,B,19-Jul-25
2219,6,2738,B,21-Apr-25
2224,6,5952,B,24-Oct-25
2231,6,5798,B,29-Apr-25
2246,6,535,B,12-Nov-25
2263,6,2032,B,17-Oct-25
2303,6,3800,B,06-Nov-25
2324,6,5738,B,26-Sep-25
2335,6,1257,B,19-Apr-25
2346,6,4480,B,30-Oct-25
2459,6,6033,B,23-Oct-25
2466,6,1688,B,13-Feb-25
2476,6,6115,B,21-Jun-25
2483,6,1862,B,27-Jan-25
2510,6,3835,B,03-Apr-25
2525,6,7820,B,11-May-25
2531,6,541,B,29-Jul-25
2554,6,7173,B,06-Jul-25
2575,6,444,B,22-Apr-25
2579,6,2776,B,30-Oct-25
2587,6,6516,B,07-Aug-25
2591,6,4530,B,30-Nov-25
2602,6,7854,B,21-May-25
2607,6,3628,B,16-Sep-25
2619,6,7852,B,01-Oct-25
2626,6,7253,B,19-Aug-25
2630,6,5439,B,01-Jul-25
2662,6,1308,B,17-Jun-25
2669,6,1742,B,04-Jun-25
2685,6,7136,B,07-Apr-25
2757,6,6618,B,09-Feb-25
2758,6,5959,B,20-Apr-25
2768,6,1028,B,09-Jan-26
2773,6,7133,B,02-Sep-25
2784,6,6887,B,22-Jan-25
2800,6,2956,B,13-Jan-25
2805,6,1307,B,08-Aug-25
2840,6,653,B,21-Mar-25
2843,6,3064,B,20-Sep-25
2882,6,6245,B,23-Nov-25
2908,6,5101,B,19-Mar-25
2929,6,2957,B,17-Nov-25
2941,6,5340,B,24-Nov-25
2955,6,3250,B,28-Jul-25
2968,6,7748,B,27-Apr-25
2970,6,2356,B,15-Mar-25
2974,6,4540,B,26-Feb-25
3012,6,4328,B,26-Oct-25
3030,6,4707,B,02-Apr-25
3141,6,7972,B,07-Dec-25
3145,6,1930,B,31-Oct-25
3189,6,3898,B,23-May-25
3206,6,2048,B,18-Nov-25
3235,6,3198,B,25-Oct-25
3252,6,7508,B,10-Apr-25
3265,6,741,B,21-Sep-25
3280,6,5279,B,15-Mar-25
3326,6,5693,B,05-Jul-25
3331,6,5544,B,24-Oct-25
3338,6,648,B,31-Dec-25
3346,6,3598,B,27-May-25
3370,6,3669,B,16-Dec-25
3403,6,2278,B,11-Mar-25
3439,6,895,B,04-Dec-25
3456,6,6856,B,01-Jul-25
3479,6,7230,B,01-Mar-25
3497,6,4188,B,04-Feb-25
3524,6,1894,B,22-Jun-25
3560,6,1194,B,25-Jan-25
3585,6,2913,B,02-Jan-25
3596,6,3769,B,27-Jan-25
3609,6,7531,B,17-Aug-25
3642,6,801,B,14-Apr-25
3657,6,6705,B,13-Dec-25
3677,6,7048,B,27-Feb-25
3692,6,1663,B,17-Feb-25
3705,6,1739,B,26-Dec-25
3730,6,7881,B,08-Apr-25
3743,6,2998,B,13-Nov-25
3788,6,2530,B,28-Dec-25
3789,6,160,B,14-Oct-25
3854,6,2775,B,26-May-25
3899,6,5209,B,14-Jan-25
3923,6,78,B,30-Jul-25
3975,6,7542,B,10-Jul-25
3980,6,3945,B,18-Aug-25
3995,6,2261,B,20-Aug-25
4030,6,5150,B,26-Mar-25
4081,6,3105,B,29-Oct-25
4113,6,3602,B,11-Dec-25
4154,6,15,B,19-Jan-25
4162,6,1341,B,15-Nov-25
4170,6,300,B,20-Aug-25
4184,6,7172,B,03-May-25
4186,6,6294,B,19-Nov-25
4215,6,618,B,04-Nov-25
4353,6,398,B,17-Jan-26
4354,6,5632,B,28-Jul-25
4426,6,83,B,08-Jan-26
4529,6,1185,B,06-Mar-25
4532,6,3165,B,04-Jul-25
4576,6,236,B,17-Mar-25
4607,6,3720,B,20-Dec-25
4675,6,6615,B,13-Aug-25
4686,6,6632,B,11-Aug-25
4688,6,1592,B,22-Feb-25
4732,6,5826,B,24-Apr-25
4766,6,6115,B,28-Apr-25
4782,6,1871,B,02-Jul-25
4783,6,3131,B,04-Jul-25
4806,6,638,B,19-Jan-25
4822,6,6183,B,24-May-25
4825,6,4158,B,04-Jul-25
4829,6,6762,B,07-Apr-25
4833,6,7894,B,06-Sep-25
4834,6,4063,B,13-Oct-25
4847,6,1129,B,16-Oct-25
4917,6,7619,B,05-Dec-25
4945,6,7605,B,04-Sep-25
4963,6,133,B,02-Jan-26
5010,6,6744,B,22-Jul-25
5050,6,93,B,22-Jun-25
5084,6,301,B,14-Dec-25
5154,6,5467,B,17-Mar-25
5169,6,7565,B,29-May-25
5242,6,4704,B,10-Mar-25
5304,6,2381,B,18-Jan-26
5326,6,6774,B,28-Feb-25
5355,6,6454,B,13-Jun-25
5357,6,7636,B,26-Mar-25
5430,6,7509,B,21-Sep-25
5469,6,2346,B,12-Oct-25
5518,6,6148,B,04-Jan-25
5524,6,4520,B,13-Feb-25
5530,6,1554,B,08-Dec-25
5539,6,5935,B,22-Apr-25
5566,6,4714,B,25-Dec-25
5568,6,1607,B,16-Jun-25
5578,6,7592,B,17-Mar-25
5608,6,7095,B,16-Dec-25
5647,6,504,B,13-Aug-25
5674,6,2260,B,15-Feb-25
5676,6,4266,B,15-May-25
5678,6,4293,B,03-Nov-25
5721,6,1006,B,15-Aug-25
5763,6,5302,B,02-Jan-26
5837,6,821,B,20-May-25
5839,6,5260,B,05-Jan-25
5857,6,1412,B,29-Sep-25
5925,6,6339,B,15-Nov-25
5939,6,5507,B,16-Jul-25
6002,6,6873,B,16-Jan-25
6003,6,5672,B,30-Aug-25
6032,6,6022,B,04-Feb-25
6046,6,7175,B,08-Jan-25
6048,6,7207,B,26-Oct-25
6066,6,6704,B,19-Jun-25
6085,6,2212,B,08-Mar-25
6103,6,7332,B,06-Aug-25
6116,6,3868,B,27-Mar-25
6147,6,3008,B,04-May-25
6155,6,7798,B,09-Oct-25
6204,6,2674,B,15-Apr-25
6248,6,6319,B,07-Jun-25
6263,6,748,B,22-May-25
6287,6,4919,B,09-Jan-25
6298,6,7269,B,07-Jan-25
6307,6,5278,B,21-Jun-25
6333,6,3615,B,23-Nov-25
6340,6,493,B,12-Jan-26
6347,6,4613,B,08-Sep-25
6377,6,279,B,07-Dec-25
6429,6,702,B,26-Jul-25
6470,6,4502,B,17-Oct-25
6480,6,4710,B,24-Apr-25
6532,6,6081,B,05-Feb-25
6539,6,1990,B,08-Jan-25
6562,6,4738,B,15-May-25
6582,6,2898,B,26-Nov-25
6600,6,1128,B,18-Dec-25
6608,6,7461,B,11-Apr-25
6650,6,2636,B,24-May-25
6664,6,363,B,12-Jan-26
6695,6,3044,B,20-Jan-25
6705,6,7863,B,24-Mar-25
6719,6,4130,B,21-Aug-25
6753,6,3782,B,19-Jun-25
6766,6,6892,B,09-Jan-25
6801,6,18,B,03-Aug-25
6837,6,452,B,29-Aug-25
6840,6,4685,B,26-May-25
6847,6,7779,B,09-Jan-25
6936,6,2118,B,17-Sep-25
6961,6,4611,B,01-Nov-25
6963,6,4903,B,23-Sep-25
6969,6,2711,B,20-Jul-25
6972,6,5560,B,21-Nov-25
6986,6,2646,B,08-Jun-25
7017,6,2012,B,03-Sep-25
7024,6,7487,B,13-Jan-26
7032,6,3796,B,11-Nov-25
7052,6,6832,B,21-Jan-25
7073,6,1185,B,13-Jun-25
7082,6,4249,B,28-Mar-25
7084,6,6610,B,26-Jan-25
7138,6,4354,B,20-Nov-25
7141,6,1467,B,13-Jul-25
7165,6,6978,B,17-Feb-25
7167,6,817,B,21-Mar-25
7168,6,7646,B,08-Feb-25
7175,6,1046,B,27-Apr-25
7199,6,7546,B,15-Jun-25
7238,6,5540,B,10-Oct-25
7258,6,6456,B,27-Jun-25
7278,6,5399,B,11-Feb-25
7298,6,7602,B,30-Nov-25
7335,6,405,B,18-Nov-25
7348,6,5031,B,31-Jul-25
7422,6,712,B,31-Mar-25
7424,6,5122,B,09-Apr-25
7439,6,925,B,27-Aug-25
7530,6,5880,B,09-Jul-25
7584,6,4983,B,14-Mar-25
7589,6,3336,B,01-Jan-26
7591,6,6429,B,16-Apr-25
7607,6,6042,B,09-Aug-25
7622,6,6602,B,19-Feb-25
7648,6,1103,B,30-Jan-25
7662,6,3904,B,09-Jan-25
7669,6,1742,B,15-Aug-25
7697,6,1559,B,17-Nov-25
7739,6,1988,B,08-Jul-25
7745,6,3017,B,07-Oct-25
7757,6,3392,B,25-Mar-25
7784,6,3395,B,02-Jul-25
7791,6,5910,B,08-Apr-25
7800,6,974,B,09-Feb-25
7814,6,2881,B,06-Apr-25
7844,6,4249,B,03-Aug-25
7873,6,6511,B,07-Feb-25
7902,6,3012,B,11-Sep-25
7939,6,3382,B,16-Feb-25
7941,6,5803,B,26-Dec-25
7952,6,3322,B,03-Sep-25
7953,6,3409,B,01-Sep-25
7978,6,4069,B,15-Jun-25
7988,6,5948,B,04-Oct-25
7995,6,7990,B,14-Apr-25
8004,6,2758,B,05-Aug-25
8017,6,5944,B,24-Oct-25
8046,6,4510,B,08-Feb-25
8054,6,763,B,23-Nov-25
8055,6,2404,B,16-Jun-25
8082,6,6623,B,27-Jan-25
8119,6,2635,B,02-Apr-25
8122,6,3221,B,31-Oct-25
8140,6,3210,B,30-Aug-25
8206,6,461,B,24-Sep-25
8213,6,4309,B,16-Jan-26
8239,6,3659,B,06-May-25
8244,6,4443,B,23-May-25
8286,6,413,B,23-Apr-25
8348,6,7814,B,20-Mar-25
8361,6,1493,B,06-Nov-25
8415,6,5664,B,16-Sep-25
8432,6,7256,B,19-May-25
8452,6,530,B,05-Jul-25
8493,6,1526,B,08-Apr-25
8521,6,5334,B,16-May-25
8525,6,1420,B,11-Sep-25
8549,6,2449,B,09-Apr-25
8558,6,3170,B,11-Dec-25
8561,6,5731,B,02-Jun-25
8578,6,4567,B,12-Feb-25
8585,6,5477,B,04-Sep-25
8602,6,5565,B,03-Sep-25
8624,6,5367,B,01-Oct-25
8665,6,281,B,08-Dec-25
8672,6,4738,B,19-Feb-25
8694,6,6454,B,30-Nov-25
8747,6,7416,B,28-May-25
8798,6,904,B,29-Sep-25
8804,6,1714,B,24-Aug-25
8812,6,504,B,09-Jun-25
8862,6,1667,B,09-Jul-25
8865,6,6586,B,12-Feb-25
8913,6,5859,B,04-Jan-25
8931,6,557,B,05-May-25
8940,6,6803,B,02-Dec-25
8953,6,4954,B,20-Dec-25
8961,6,2968,B,21-Dec-25
8973,6,4758,B,05-Oct-25
9051,6,3108,B,27-Jun-25
9052,6,4742,B,07-May-25
9107,6,2415,B,14-Jan-25
9139,6,6770,B,29-Jul-25
9155,6,2831,B,06-Jan-25
9156,6,7617,B,13-Oct-25
9214,6,6447,B,13-May-25
9225,6,1276,B,16-Jan-26
9226,6,1095,B,26-Jan-25
9241,6,6129,B,20-Oct-25
9266,6,3128,B,13-Aug-25
9267,6,6951,B,27-Oct-25
9286,6,5988,B,03-Sep-25
9309,6,5553,B,27-May-25
9378,6,6481,B,06-May-25
9423,6,7900,B,13-Sep-25
9427,6,554,B,01-Aug-25
9446,6,1581,B,29-Aug-25
9453,6,4709,B,20-Feb-25
9491,6,5429,B,16-Jan-25
9495,6,3371,B,09-May-25
9498,6,7150,B,15-Sep-25
9513,6,2341,B,06-Mar-25
9538,6,4081,B,02-Feb-25
9547,6,6565,B,12-Mar-25
9559,6,7143,B,07-Feb-25
9582,6,5429,B,03-Mar-25
9602,6,232,B,23-Jun-25
9603,6,6926,B,24-Aug-25
9615,6,274,B,05-Jan-25
9618,6,204,B,29-Nov-25
9637,6,6184,B,08-Mar-25
9641,6,379,B,05-Jan-26
9665,6,6231,B,10-Feb-25
9690,6,615,B,25-Nov-25
9707,6,6570,B,16-May-25
9746,6,7142,B,02-Oct-25
9822,6,1523,B,08-Mar-25
9833,6,7764,B,02-Feb-25
9915,6,4652,B,07-Dec-25
9925,6,6351,B,29-May-25
9946,6,846,B,19-Feb-25
9987,6,7728,B,09-Jun-25
9994,6,4190,B,04-Nov-25
9996,6,7726,B,08-Nov-25
10009,6,6788,B,05-Jun-25
10054,6,2628,B,22-Aug-25
10059,6,6267,B,02-Feb-25
10078,6,5607,B,16-Feb-25
10094,6,2569,B,19-Mar-25
10097,6,723,B,12-Feb-25
10109,6,824,B,27-Sep-25
10126,6,7108,B,04-Jan-26
10132,6,5060,B,08-Mar-25
10134,6,4102,B,26-Dec-25
10137,6,1634,B,27-Jan-25
10140,6,2092,B,24-Feb-25
10279,6,6244,B,12-Aug-25
10356,6,6466,B,20-Jan-25
10470,6,5199,B,15-May-25
10479,6,6579,B,17-Nov-25
10488,6,2366,B,21-Dec-25
10528,6,6039,B,27-Jan-25
10548,6,1908,B,12-Jun-25
10586,6,1205,B,05-Jul-25
10618,6,4878,B,30-Apr-25
10658,6,942,B,22-Sep-25
10663,6,5725,B,06-Jan-25
10674,6,5740,B,31-Oct-25
10694,6,1866,B,08-Jul-25
10697,6,4555,B,28-Nov-25
10767,6,1545,B,25-Mar-25
10806,6,429,B,19-Jun-25
10842,6,191,B,22-Apr-25
10844,6,6096,B,25-Dec-25
10845,6,1578,B,21-Jul-25
10860,6,3497,B,10-Dec-25
10913,6,363,B,08-Jun-25
10916,6,7279,B,23-Jun-25
10927,6,1493,B,22-Apr-25
10937,6,2623,B,03-Sep-25
10956,6,6086,B,15-May-25
10965,6,1443,B,20-Apr-25
10980,6,1867,B,09-Feb-25
11022,6,319,B,15-Jan-26
11027,6,5250,B,19-Jan-25
11045,6,5862,B,30-Nov-25
11055,6,1936,B,19-Jun-25
11088,6,6696,B,03-Nov-25
11101,6,2952,B,15-Jul-25
11108,6,6886,B,09-Jan-25
11126,6,269,B,16-Mar-25
11134,6,1517,B,13-Apr-25
11140,6,1988,B,23-Sep-25
11156,6,4240,B,27-May-25
11297,6,3458,B,27-May-25
11308,6,3344,B,21-Jan-25
11342,6,4373,B,11-Feb-25
11353,6,5648,B,14-Jan-25
11404,6,6357,B,12-Jun-25
11407,6,4827,B,27-Feb-25
11420,6,5642,B,11-Jan-26
11453,6,2250,B,14-Jan-25
11502,6,1660,B,20-Mar-25
11513,6,272,B,27-Apr-25
11519,6,6140,B,30-Oct-25
11541,6,7923,B,21-Jan-25
11582,6,3684,B,03-Oct-25
11586,6,3939,B,23-Jun-25
11674,6,2778,B,11-Mar-25
11683,6,1339,B,24-Sep-25
11758,6,6355,B,21-Nov-25
11810,6,1350,B,02-Mar-25
11816,6,861,B,09-Dec-25
11829,6,7561,B,18-May-25
11870,6,5918,B,13-Jan-25
11878,6,5147,B,13-Sep-25
11956,6,4589,B,18-Mar-25
11971,6,4244,B,15-Sep-25
12022,6,5440,B,15-Jan-26
12046,6,141,B,01-Dec-25
12052,6,5714,B,26-Sep-25
12075,6,4549,B,02-May-25
12116,6,715,B,22-Oct-25
12140,6,1522,B,30-Nov-25
12146,6,7584,B,06-Sep-25
12149,6,7441,B,13-Mar-25
12158,6,6881,B,25-Mar-25
12164,6,5078,B,16-Dec-25
12167,6,567,B,22-Jan-25
12186,6,3797,B,05-Jan-26
12187,6,1458,B,04-Dec-25
12259,6,4783,B,26-Mar-25
12272,6,996,B,25-Dec-25
12274,6,2241,B,21-Jan-25
12322,6,1303,B,15-Aug-25
12324,6,4268,B,26-May-25
12330,6,5436,B,27-Jun-25
12373,6,2073,B,27-Jan-25
12383,6,1456,B,11-Sep-25
12388,6,3457,B,27-Mar-25
12406,6,5090,B,10-Mar-25
12448,6,2734,B,31-May-25
12473,6,3087,B,04-Sep-25
12485,6,3127,B,18-Mar-25
12492,6,5631,B,17-Oct-25
12504,6,2031,B,12-Aug-25
12520,6,3426,B,08-Jan-25
12523,6,2648,B,17-Dec-25
12528,6,2507,B,16-Nov-25
12546,6,1447,B,12-Feb-25
12554,6,2728,B,23-Jun-25
12596,6,5768,B,19-Oct-25
12599,6,5165,B,12-May-25
12624,6,6389,B,13-Dec-25
12660,6,6693,B,04-Sep-25
12667,6,2141,B,13-Jan-25
12688,6,4392,B,06-Nov-25
12722,6,6746,B,08-Jul-25
12769,6,1723,B,12-Oct-25
12782,6,7378,B,08-Jan-26
12798,6,1747,B,16-Feb-25
12799,6,7175,B,04-Jan-26
12876,6,3209,B,26-Jul-25
12899,6,6908,B,04-Sep-25
12933,6,5322,B,07-Oct-25
12982,6,6155,B,17-Aug-25
12992,6,5702,B,02-Aug-25
12994,6,6774,B,14-Aug-25
13003,6,4657,B,02-Jul-25
13005,6,5734,B,28-May-25
13034,6,3066,B,18-Apr-25
13059,6,1302,B,05-Jun-25
13062,6,2499,B,08-May-25
13064,6,3235,B,09-Apr-25
13067,6,5152,B,08-Apr-25
13221,6,39,B,08-Feb-25
13232,6,6541,B,12-Jan-25
13242,6,3612,B,14-Jul-25
13266,6,708,B,17-Feb-25
13289,6,2945,B,12-Jan-26
13368,6,1052,B,25-Apr-25
13375,6,3248,B,20-Sep-25
13384,6,7203,B,01-Jul-25
13406,6,2227,B,12-May-25
13421,6,6801,B,31-Oct-25
13461,6,6846,B,04-Dec-25
13469,6,6630,B,18-Feb-25
13498,6,5211,B,03-Jan-25
13542,6,6980,B,31-May-25
13632,6,1665,B,20-Sep-25
13649,6,4400,B,04-Mar-25
13692,6,426,B,18-Jun-25
13695,6,7281,B,13-Nov-25
13720,6,6128,B,08-Sep-25
13728,6,6535,B,16-Oct-25
13794,6,3239,B,19-Oct-25
13813,6,3666,B,03-Jan-25
13840,6,2825,B,30-Apr-25
13844,6,1341,B,04-Sep-25
13866,6,5935,B,08-Jul-25
13871,6,820,B,15-Jan-25
13892,6,2808,B,25-Jan-25
13909,6,4213,B,25-Sep-25
13910,6,1598,B,03-Nov-25
13918,6,4348,B,07-Dec-25
13946,6,5628,B,09-Nov-25
13977,6,2688,B,03-Jun-25
13987,6,3432,B,25-Dec-25
13995,6,564,B,12-Feb-25
13998,6,4309,B,02-May-25
14052,6,5717,B,10-Dec-25
14084,6,3461,B,19-Aug-25
14111,6,7683,B,02-Oct-25
14125,6,2745,B,25-Feb-25
14156,6,6588,B,03-Jun-25
14163,6,4757,B,13-Jan-25
14186,6,7416,B,10-Jan-26
14219,6,4015,B,22-Nov-25
14244,6,4260,B,23-Jun-25
14257,6,3426,B,06-Dec-25
14262,6,1626,B,26-Mar-25
14271,6,3194,B,30-Mar-25
14303,6,7570,B,21-Jan-25
14339,6,7971,B,19-Dec-25
14342,6,7655,B,18-May-25
14375,6,1488,B,08-Jan-26
14379,6,930,B,24-May-25
14435,6,4249,B,14-Sep-25
14460,6,2358,B,27-Apr-25
14466,6,4991,B,14-Jan-26
14471,6,7583,B,23-Apr-25
14516,6,3183,B,04-Nov-25
14558,6,1813,B,26-Apr-25
14588,6,5063,B,09-Jan-25
14670,6,3630,B,16-Nov-25
14676,6,3123,B,18-Feb-25
14744,6,7632,B,27-Sep-25
14809,6,5777,B,25-Feb-25
14890,6,7700,B,10-Aug-25
14891,6,117,B,05-Dec-25
14915,6,4849,B,24-Aug-25
14939,6,754,B,10-Jan-25
14968,6,6337,B,13-May-25
14978,6,6785,B,24-Apr-25
14989,6,4237,B,18-Oct-25
15017,6,4192,B,26-Jan-25
15038,6,4414,B,03-Jan-26
15100,6,1414,B,20-May-25
15113,6,5999,B,20-Apr-25
15122,6,4320,B,24-Sep-25
15158,6,502,B,18-Jul-25
15162,6,3339,B,17-Jan-25
15257,6,5033,B,24-Oct-25
15269,6,2028,B,13-Aug-25
15277,6,928,B,21-Aug-25
15296,6,2020,B,24-Aug-25
15308,6,3138,B,13-Sep-25
15314,6,1685,B,29-Aug-25
15315,6,2409,B,20-May-25
15316,6,5002,B,21-Oct-25
15379,6,5069,B,16-Aug-25
15416,6,7843,B,23-Dec-25
15456,6,799,B,02-Apr-25
15462,6,6337,B,09-May-25
15497,6,1656,B,20-Sep-25
15510,6,691,B,10-Apr-25
15517,6,653,B,19-Nov-25
15592,6,1793,B,06-Dec-25
15608,6,4670,B,21-Oct-25
15611,6,6357,B,24-Jan-25
15623,6,1096,B,27-Jun-25
15660,6,4766,B,29-May-25
15673,6,2596,B,20-Mar-25
15698,6,6482,B,10-Nov-25
15708,6,316,B,07-Oct-25
15738,6,4818,B,25-Mar-25
15751,6,5717,B,16-Mar-25
15772,6,6803,B,11-Nov-25
15778,6,6643,B,30-Jul-25
15839,6,5908,B,16-Jan-25
15941,6,1895,B,03-Jan-25
15990,6,622,B,14-Aug-25
16049,6,2404,B,04-Mar-25
16052,6,4192,B,14-Jan-25
16106,6,60,B,06-Nov-25
16111,6,20,B,19-Sep-25
16134,6,7648,B,28-Dec-25
16140,6,112,B,27-Aug-25
16150,6,7635,B,05-Jan-25
16154,6,6783,B,02-Nov-25
16158,6,1842,B,03-Jan-25
16165,6,5243,B,20-Feb-25
16190,6,3699,B,17-Jan-25
16201,6,6685,B,28-Feb-25
16212,6,5015,B,30-Jan-25
16225,6,2095,B,09-Mar-25
16260,6,1989,B,12-Jan-26
16269,6,5663,B,11-Jan-26
16275,6,1288,B,29-Jul-25
16336,6,1595,B,25-Aug-25
16344,6,70,B,27-Feb-25
16367,6,5634,B,08-Aug-25
16370,6,5453,B,24-Mar-25
16388,6,342,B,23-Mar-25
16393,6,2103,B,27-May-25
16411,6,6648,B,08-Mar-25
16422,6,928,B,17-Dec-25
16437,6,7090,B,03-Dec-25
16448,6,4834,B,26-Apr-25
16465,6,2302,B,06-Jan-25
16492,6,1173,B,25-Jul-25
16501,6,5305,B,28-Jan-25
16504,6,1964,B,04-Jan-25
16533,6,6706,B,12-May-25
16593,6,2170,B,03-Jun-25
16734,6,4988,B,08-Apr-25
16801,6,2804,B,25-Oct-25
16810,6,3538,B,20-Oct-25
16812,6,2505,B,22-Nov-25
16852,6,1475,B,27-Mar-25
16895,6,6513,B,24-Jan-25
16921,6,3693,B,09-Oct-25
16977,6,960,B,10-Jul-25
16995,6,2322,B,20-May-25
17030,6,5204,B,19-Apr-25
17059,6,337,B,14-Dec-25
17066,6,202,B,02-Sep-25
17074,6,1553,B,28-Jun-25
17109,6,500,B,10-Jun-25
17111,6,2626,B,13-Jun-25
17113,6,3529,B,21-Aug-25
17141,6,1473,B,25-Jan-25
17142,6,7156,B,04-Aug-25
17223,6,676,B,17-Aug-25
17242,6,7210,B,05-Aug-25
17252,6,4708,B,13-Oct-25
17258,6,5862,B,09-Apr-25
17279,6,1150,B,27-May-25
17293,6,523,B,28-May-25
17323,6,6408,B,12-Dec-25
17361,6,6949,B,31-Mar-25
17383,6,308,B,25-Dec-25
17436,6,6692,B,01-Jun-25
17445,6,2265,B,01-Jun-25
17479,6,34,B,20-Nov-25
17484,6,3542,B,20-Dec-25
17504,6,5207,B,20-Jul-25
17509,6,3583,B,01-Oct-25
17519,6,5858,B,04-Feb-25
17541,6,5994,B,01-Jun-25
17565,6,5199,B,10-Jan-25
17567,6,7053,B,21-Mar-25
17572,6,5707,B,26-Oct-25
17593,6,5630,B,11-May-25
17618,6,4548,B,05-Mar-25
17624,6,273,B,01-May-25
17642,6,7775,B,14-Oct-25
17664,6,1143,B,08-Nov-25
17695,6,3913,B,09-Mar-25
17704,6,272,B,23-Sep-25
17793,6,2009,B,15-Jan-25
17817,6,806,B,06-Feb-25
17820,6,6548,B,26-Aug-25
17873,6,1034,B,06-Aug-25
17982,6,4887,B,10-Dec-25
18023,6,3069,B,13-May-25
18067,6,2027,B,24-Jul-25
18137,6,5452,B,22-Nov-25
18154,6,3192,B,16-Jun-25
18174,6,2360,B,17-Apr-25
18176,6,3912,B,28-Jun-25
18190,6,5218,B,03-Nov-25
18204,6,75,B,25-Dec-25
18210,6,4822,B,27-Mar-25
18236,6,7943,B,05-Dec-25
18255,6,5278,B,15-Apr-25
18283,6,2724,B,03-Mar-25
18297,6,4085,B,12-Feb-25
18344,6,4568,B,17-Jul-25
18390,6,3527,B,24-Aug-25
18402,6,4814,B,25-Aug-25
18481,6,3206,B,18-Mar-25
18489,6,5998,B,04-Mar-25
18567,6,3990,B,14-Jan-25
18573,6,4563,B,09-Dec-25
18585,6,2526,B,19-Feb-25
18595,6,2819,B,27-Jul-25
18658,6,6913,B,29-Apr-25
18697,6,1743,B,19-May-25
18709,6,1603,B,18-Jul-25
18759,6,6196,B,21-May-25
18790,6,859,B,30-Mar-25
18811,6,3743,B,22-Dec-25
18844,6,7256,B,14-Mar-25
18865,6,3287,B,26-Nov-25
18867,6,5643,B,13-Jul-25
18884,6,5882,B,09-Mar-25
18885,6,7662,B,11-Apr-25
18906,6,5887,B,24-Jun-25
18907,6,754,B,10-Nov-25
18923,6,5889,B,11-Jun-25
18961,6,1954,B,23-Oct-25
18977,6,777,B,17-Aug-25
19001,6,4737,B,01-Oct-25
19074,6,5070,B,09-Oct-25
19082,6,2785,B,17-Aug-25
19140,6,6259,B,28-Apr-25
19151,6,777,B,24-Sep-25
19159,6,3639,B,30-Jun-25
19273,6,6676,B,04-Feb-25
19277,6,4864,B,04-Apr-25
19286,6,6236,B,20-Mar-25
19313,6,4408,B,23-Apr-25
19325,6,1078,B,03-Jun-25
19333,6,4361,B,18-Mar-25
19357,6,3644,B,17-Mar-25
19365,6,4397,B,17-Jan-26
19371,6,6758,B,07-Jan-26
19405,6,5379,B,01-Nov-25
19477,6,6089,B,21-Jun-25
19495,6,31,B,04-Jan-26
19498,6,27,B,18-Aug-25
19529,6,6206,B,11-Feb-25
19543,6,2105,B,17-Jun-25
19553,6,3705,B,14-Jul-25
19648,6,1588,B,10-Aug-25
19669,6,2694,B,04-Apr-25
19677,6,5582,B,10-Dec-25
19678,6,2279,B,31-Oct-25
19702,6,2552,B,22-Apr-25
19716,6,6171,B,28-Jul-25
19741,6,2189,B,09-May-25
19751,6,4176,B,19-Jul-25
19773,6,4755,B,22-May-25
19790,6,4713,B,12-Jun-25
19809,6,510,B,05-Jul-25
19822,6,6623,B,07-Nov-25
19827,6,5598,B,03-Sep-25
19841,6,3116,B,05-Mar-25
19842,6,2728,B,07-Jun-25
19843,6,5891,B,09-Nov-25
19855,6,3925,B,17-Jul-25
19895,6,2532,B,15-Jun-25
19976,6,3592,B,18-Nov-25
20,3,5731,B,03-Nov-25
103,3,7565,B,25-Jun-25
116,3,3319,B,13-Mar-25
129,3,5509,B,09-Jan-26
177,3,6648,B,26-Oct-25
200,3,111,B,28-Aug-25
251,3,2942,B,27-Jun-25
292,3,2420,B,24-Dec-25
310,3,2124,B,06-Oct-25
313,3,5661,B,22-Oct-25
327,3,6524,B,03-Mar-25
332,3,1176,B,13-Dec-25
344,3,5150,B,24-May-25
351,3,351,B,22-Jan-25
367,3,6247,B,25-Mar-25
433,3,4413,B,28-Feb-25
441,3,5112,B,15-Jan-25
509,3,5356,B,16-Oct-25
536,3,282,B,13-Apr-25
576,3,5367,B,01-Mar-25
634,3,4941,B,01-Feb-25
638,3,6792,B,16-Feb-25
651,3,6131,B,22-Dec-25
687,3,3423,B,11-Aug-25
700,3,6792,B,03-Jun-25
706,3,5001,B,07-Nov-25
711,3,6865,B,17-Jul-25
712,3,6001,B,07-Sep-25
722,3,7269,B,21-Jan-25
734,3,1158,B,25-Feb-25
749,3,3684,B,14-Jan-26
758,3,5507,B,25-Jan-25
768,3,1594,B,14-Mar-25
820,3,4522,B,22-Sep-25
864,3,3356,B,14-Apr-25
920,3,67,B,13-Jul-25
921,3,3767,B,27-May-25
931,3,3139,B,03-Jan-25
935,3,4991,B,01-Dec-25
937,3,2276,B,07-Feb-25
951,3,4344,B,31-May-25
1027,3,5166,B,06-May-25
1046,3,4887,B,20-Oct-25
1061,3,7662,B,05-Sep-25
1080,3,2640,B,03-Feb-25
1091,3,1276,B,10-Sep-25
1104,3,5549,B,05-Jan-25
1185,3,471,B,16-Apr-25
1221,3,6325,B,07-Aug-25
1228,3,6800,B,24-Dec-25
1240,3,696,B,12-Aug-25
1265,3,1259,B,14-Apr-25
1288,3,1154,B,11-May-25
1303,3,3916,B,23-May-25
1318,3,3762,B,15-Jan-26
1332,3,1052,B,24-Nov-25
1345,3,6959,B,16-Jan-25
1349,3,7710,B,21-Jan-25
1380,3,378,B,13-May-25
1401,3,1015,B,14-Feb-25
1404,3,262,B,14-Jan-26
1421,3,3463,B,03-Jul-25
1455,3,5001,B,10-May-25
1461,3,1028,B,19-Oct-25
1464,3,7096,B,27-Apr-25
1467,3,7986,B,23-May-25
1471,3,2895,B,06-Aug-25
1519,3,5608,B,06-Oct-25
1595,3,647,B,07-Sep-25
1610,3,3207,B,21-Apr-25
1616,3,2343,B,20-Dec-25
1690,3,348,B,11-Nov-25
1713,3,6444,B,15-Jan-25
1717,3,393,B,01-Jan-25
1782,3,1395,B,27-Jan-25
1818,3,661,B,18-Oct-25
1821,3,7508,B,30-Mar-25
1831,3,6785,B,02-Jan-25
1835,3,6411,B,15-Jan-25
1843,3,3917,B,02-Oct-25
1846,3,521,B,11-Oct-25
1869,3,7936,B,19-Jun-25
1893,3,3172,B,03-Nov-25
1904,3,1473,B,20-Aug-25
1934,3,5009,B,02-Oct-25
1940,3,3575,B,17-Dec-25
1941,3,2819,B,10-Aug-25
1990,3,532,B,02-Nov-25
2024,3,7183,B,01-Mar-25
2121,3,4977,B,01-Nov-25
2132,3,6702,B,08-May-25
2140,3,6815,B,25-Sep-25
2160,3,846,B,26-Apr-25
2186,3,7997,B,23-Aug-25
2210,3,1054,B,02-Sep-25
2243,3,5197,B,09-Jan-26
2257,3,4105,B,20-Apr-25
2344,3,1730,B,11-Oct-25
2351,3,3737,B,29-Oct-25
2390,3,2,B,02-Sep-25
2395,3,2851,B,30-Jul-25
2396,3,4233,B,30-May-25
2417,3,2174,B,24-Mar-25
2441,3,5322,B,30-Apr-25
2457,3,2196,B,12-Jan-25
2516,3,6823,B,01-Jul-25
2580,3,480,B,09-Nov-25
2581,3,1899,B,25-Jul-25
2609,3,2980,B,06-Oct-25
2620,3,6917,B,26-Sep-25
2652,3,3206,B,27-Mar-25
2664,3,944,B,29-Jan-25
2676,3,7240,B,19-Jan-25
2679,3,4494,B,02-Dec-25
2724,3,6695,B,26-Mar-25
2747,3,5760,B,13-Nov-25
2748,3,2046,B,13-Aug-25
2752,3,6157,B,09-Jun-25
2759,3,1924,B,03-May-25
2760,3,260,B,16-Mar-25
2780,3,148,B,06-Nov-25
2812,3,4882,B,24-Nov-25
2831,3,4319,B,16-Jan-26
2844,3,1650,B,04-Jan-25
2902,3,2982,B,16-Apr-25
2930,3,7842,B,09-Aug-25
2939,3,7395,B,04-Jun-25
2957,3,4803,B,10-Aug-25
2964,3,4037,B,18-Nov-25
2976,3,6706,B,11-Dec-25
2978,3,833,B,03-Nov-25
3050,3,3578,B,26-Feb-25
3052,3,7186,B,19-Apr-25
3056,3,5080,B,10-Aug-25
3074,3,7522,B,13-Feb-25
3094,3,7123,B,14-Jun-25
3176,3,5564,B,02-Sep-25
3209,3,6822,B,10-Apr-25
3245,3,3715,B,24-May-25
3249,3,5456,B,28-Oct-25
3372,3,7407,B,06-May-25
3415,3,5047,B,12-Feb-25
3422,3,7632,B,15-Sep-25
3467,3,1083,B,19-Mar-25
3484,3,3567,B,28-Jul-25
3495,3,7695,B,10-May-25
3496,3,2223,B,28-Mar-25
3517,3,5626,B,26-Apr-25
3522,3,2074,B,03-Sep-25
3573,3,6904,B,16-Oct-25
3583,3,5611,B,25-Jun-25
3599,3,7512,B,28-Apr-25
3632,3,6163,B,09-Apr-25
3687,3,4053,B,06-Aug-25
3701,3,2849,B,26-Sep-25
3708,3,3071,B,19-Mar-25
3718,3,1498,B,20-Jan-25
3740,3,3679,B,30-Oct-25
3758,3,6560,B,06-Jun-25
3764,3,4313,B,24-Jan-25
3797,3,4866,B,27-Dec-25
3798,3,5126,B,23-Aug-25
3802,3,2931,B,06-Sep-25
3813,3,7297,B,03-Dec-25
3855,3,5546,B,21-Aug-25
3880,3,5136,B,09-Jan-25
3885,3,1371,B,23-Mar-25
3945,3,1034,B,23-Dec-25
3993,3,2812,B,07-Jun-25
4006,3,3563,B,16-Dec-25
4060,3,5558,B,26-Jan-25
4091,3,2433,B,07-Jan-26
4097,3,2981,B,18-Jun-25
4105,3,6976,B,06-Jul-25
4123,3,5391,B,14-Apr-25
4192,3,3878,B,30-Sep-25
4202,3,6200,B,22-Oct-25
4204,3,4228,B,28-Oct-25
4237,3,4440,B,25-Mar-25
4243,3,72,B,05-Nov-25
4278,3,6125,B,17-Sep-25
4279,3,7195,B,20-Nov-25
4325,3,5857,B,11-Jan-25
4344,3,6541,B,12-Jan-25
4346,3,7583,B,11-Mar-25
4348,3,7102,B,28-Jan-25
4367,3,5416,B,01-Aug-25
4425,3,1638,B,31-Aug-25
4449,3,5696,B,06-May-25
4476,3,1776,B,17-Oct-25
4564,3,4853,B,27-Sep-25
4582,3,1568,B,15-Jan-26
4613,3,245,B,28-Jul-25
4622,3,5533,B,22-Dec-25
4629,3,5264,B,08-Aug-25
4734,3,5875,B,16-May-25
4738,3,5022,B,05-Mar-25
4743,3,2699,B,29-Jul-25
4781,3,878,B,22-Dec-25
4790,3,1238,B,08-Oct-25
4848,3,1609,B,03-Nov-25
4856,3,5791,B,26-Oct-25
4879,3,4956,B,07-Jun-25
4970,3,7601,B,12-Feb-25
4974,3,2623,B,21-Aug-25
4982,3,3756,B,20-Jun-25
5078,3,393,B,04-Jul-25
5101,3,7364,B,19-Nov-25
5151,3,1963,B,11-Sep-25
5164,3,4533,B,24-Sep-25
5165,3,6307,B,04-Oct-25
5219,3,4505,B,20-Jul-25
5243,3,5992,B,11-Jun-25
5286,3,7433,B,31-May-25
5307,3,1994,B,24-Nov-25
5398,3,7436,B,17-Jan-25
5428,3,4000,B,09-Feb-25
5438,3,1537,B,02-Jun-25
5444,3,4287,B,16-Oct-25
5468,3,3831,B,27-Nov-25
5487,3,2162,B,01-May-25
5505,3,88,B,01-Apr-25
5509,3,2788,B,07-Dec-25
5522,3,3038,B,05-Oct-25
5570,3,2961,B,04-Feb-25
5594,3,7341,B,03-Aug-25
5596,3,1182,B,13-Apr-25
5651,3,6273,B,01-Nov-25
5659,3,3932,B,03-Sep-25
5660,3,1641,B,17-Dec-25
5671,3,2686,B,07-Oct-25
5712,3,2448,B,23-Jan-25
5728,3,4080,B,27-Nov-25
5732,3,6490,B,20-Dec-25
5733,3,5900,B,07-May-25
5747,3,4264,B,01-May-25
5767,3,4478,B,05-Jul-25
5769,3,2803,B,14-Jan-25
5807,3,767,B,25-Sep-25
5858,3,952,B,27-May-25
5868,3,2320,B,19-Oct-25
5883,3,5400,B,10-Jan-26
5885,3,7350,B,21-Mar-25
5938,3,6108,B,03-Jul-25
5943,3,3986,B,05-Apr-25
5964,3,4702,B,14-Jan-26
5966,3,4626,B,10-Jan-25
5968,3,2617,B,08-Jun-25
6070,3,6467,B,17-Jan-26
6141,3,4453,B,15-Sep-25
6158,3,5807,B,26-Oct-25
6179,3,6715,B,15-Apr-25
6187,3,2345,B,11-Sep-25
6195,3,4061,B,09-Aug-25
6219,3,7087,B,23-Oct-25
6300,3,5224,B,16-Jul-25
6344,3,6192,B,26-May-25
6359,3,5186,B,05-Sep-25
6369,3,3063,B,10-Apr-25
6379,3,5185,B,16-Dec-25
6410,3,778,B,25-Sep-25
6415,3,38,B,28-Oct-25
6432,3,2581,B,26-Jul-25
6462,3,5543,B,27-Oct-25
6478,3,2058,B,08-Jul-25
6484,3,4236,B,08-Dec-25
6507,3,2817,B,02-Aug-25
6514,3,3533,B,09-Jan-26
6541,3,6316,B,01-Jan-25
6576,3,5648,B,06-Jan-26
6601,3,4877,B,04-Aug-25
6618,3,3094,B,05-Jul-25
6630,3,1075,B,31-Oct-25
6633,3,7760,B,30-May-25
6638,3,5506,B,06-Apr-25
6647,3,173,B,23-Apr-25
6651,3,5255,B,21-Aug-25
6660,3,2910,B,28-Oct-25
6683,3,7429,B,18-Feb-25
6697,3,2452,B,10-Jan-26
6699,3,1559,B,07-Feb-25
6703,3,4437,B,09-Mar-25
6709,3,5821,B,09-Jul-25
6738,3,3111,B,17-Oct-25
6759,3,5096,B,01-Dec-25
6765,3,7662,B,04-Jan-25
6807,3,7644,B,17-Nov-25
6860,3,1474,B,15-Oct-25
6928,3,6415,B,01-Jun-25
6932,3,1975,B,26-Nov-25
6976,3,3595,B,14-Jan-25
6998,3,3897,B,16-Oct-25
7048,3,6640,B,01-Jan-25
7093,3,420,B,25-Jan-25
7102,3,5269,B,09-Aug-25
7111,3,482,B,17-Jan-25
7133,3,728,B,14-May-25
7158,3,4415,B,26-Jul-25
7159,3,3634,B,06-Jun-25
7176,3,5222,B,12-Nov-25
7178,3,7763,B,01-May-25
7194,3,4377,B,06-Jul-25
7208,3,4530,B,20-Sep-25
7216,3,7331,B,18-May-25
7217,3,4006,B,11-Mar-25
7251,3,825,B,25-Sep-25
7299,3,467,B,30-Jan-25
7305,3,2305,B,09-Feb-25
7336,3,1498,B,21-May-25
7367,3,3400,B,02-Feb-25
7380,3,4733,B,06-Sep-25
7401,3,1169,B,13-Sep-25
7407,3,810,B,09-Apr-25
7450,3,4908,B,23-Jul-25
7479,3,611,B,01-Jun-25
7481,3,6408,B,06-Jan-25
7542,3,2596,B,22-Jun-25
7546,3,3856,B,10-Oct-25
7556,3,3134,B,31-Jan-25
7575,3,1515,B,16-Mar-25
7577,3,5829,B,15-Feb-25
7592,3,4229,B,13-Nov-25
7605,3,6454,B,19-Aug-25
7693,3,5927,B,27-Jan-25
7794,3,6716,B,10-May-25
7808,3,6227,B,04-May-25
7815,3,6344,B,16-Oct-25
7867,3,3645,B,25-Apr-25
7868,3,2026,B,15-Sep-25
7878,3,3289,B,13-Jan-25
7879,3,3190,B,29-Jul-25
7909,3,3624,B,14-Jul-25
7911,3,4970,B,30-Dec-25
7955,3,45,B,20-Jan-25
7964,3,949,B,08-Oct-25
7990,3,5493,B,11-Feb-25
8043,3,3666,B,05-Mar-25
8070,3,4704,B,09-Apr-25
8083,3,594,B,14-Feb-25
8093,3,6742,B,28-Feb-25
8130,3,2355,B,08-Apr-25
8135,3,2940,B,21-May-25
8167,3,647,B,27-Mar-25
8176,3,2313,B,01-Oct-25
8188,3,6611,B,27-Jan-25
8209,3,5402,B,18-Feb-25
8219,3,5742,B,07-Jan-25
8224,3,1750,B,02-Mar-25
8233,3,4559,B,30-Jun-25
8258,3,7748,B,07-May-25
8265,3,1801,B,08-Apr-25
8272,3,6904,B,07-Jan-25
8306,3,1624,B,05-Feb-25
8328,3,5138,B,13-Apr-25
8334,3,7398,B,11-Mar-25
8344,3,771,B,23-Aug-25
8349,3,3553,B,15-Jun-25
8350,3,750,B,12-Jun-25
8385,3,1970,B,06-Feb-25
8386,3,6168,B,14-Mar-25
8387,3,4740,B,20-Oct-25
8418,3,2696,B,02-Aug-25
8483,3,1735,B,05-Jan-25
8518,3,3562,B,14-Sep-25
8546,3,109,B,14-Feb-25
8555,3,68,B,02-Sep-25
8563,3,5036,B,12-Sep-25
8570,3,1718,B,06-Jan-26
8579,3,220,B,06-Jul-25
8634,3,1919,B,07-Oct-25
8652,3,5819,B,23-Jul-25
8671,3,1602,B,26-May-25
8741,3,5795,B,06-Nov-25
8767,3,2747,B,03-Jan-26
8785,3,7936,B,30-Jun-25
8807,3,1252,B,01-Jan-26
8817,3,7479,B,02-Dec-25
8858,3,3850,B,26-Dec-25
8945,3,623,B,25-Jan-25
8956,3,7233,B,17-Aug-25
8988,3,7267,B,22-Feb-25
8990,3,5609,B,16-Nov-25
8993,3,886,B,27-Oct-25
9005,3,5242,B,26-Oct-25
9054,3,5362,B,06-Feb-25
9067,3,4053,B,03-Mar-25
9113,3,405,B,29-Aug-25
9115,3,6102,B,27-Aug-25
9121,3,7615,B,12-Sep-25
9203,3,189,B,19-Apr-25
9235,3,6461,B,26-Aug-25
9261,3,3363,B,23-Mar-25
9262,3,3702,B,18-Aug-25
9324,3,6265,B,01-Nov-25
9339,3,3506,B,24-Jan-25
9341,3,6027,B,26-Nov-25
9344,3,6221,B,27-Feb-25
9357,3,958,B,24-Aug-25
9371,3,3519,B,15-Jan-26
9382,3,3347,B,25-Jan-25
9392,3,3487,B,17-Apr-25
9402,3,6896,B,13-Sep-25
9408,3,6162,B,06-Oct-25
9496,3,3731,B,20-Oct-25
9518,3,3118,B,12-Sep-25
9531,3,5099,B,03-May-25
9546,3,7938,B,11-Apr-25
9617,3,5484,B,18-Sep-25
9646,3,6225,B,13-Aug-25
9650,3,1819,B,18-Aug-25
9730,3,5108,B,17-Mar-25
9779,3,6950,B,04-Aug-25
9928,3,6445,B,17-Aug-25
9945,3,4789,B,25-Nov-25
9951,3,5266,B,27-Jun-25
9990,3,3772,B,26-Jan-25
9995,3,5373,B,25-Jan-25
10017,3,941,B,07-Sep-25
10021,3,3924,B,14-Jan-25
10026,3,683,B,09-Aug-25
10066,3,957,B,21-Dec-25
10067,3,3326,B,24-Aug-25
10151,3,5648,B,22-Nov-25
10157,3,7902,B,01-Dec-25
10174,3,285,B,14-Jul-25
10199,3,562,B,22-Oct-25
10222,3,7423,B,08-Jul-25
10270,3,6174,B,21-May-25
10275,3,240,B,22-May-25
10295,3,5053,B,07-Mar-25
10301,3,5143,B,11-May-25
10322,3,5067,B,11-Apr-25
10364,3,3869,B,01-Jan-26
10372,3,1700,B,14-Dec-25
10395,3,154,B,01-Oct-25
10457,3,5494,B,03-Mar-25
10460,3,7003,B,22-Feb-25
10463,3,7450,B,05-Dec-25
10469,3,3452,B,30-Nov-25
10545,3,7748,B,24-Nov-25
10604,3,5891,B,05-May-25
10628,3,3339,B,06-Apr-25
10642,3,4750,B,11-Jan-25
10644,3,83,B,12-Jan-25
10669,3,1474,B,27-Aug-25
10700,3,6627,B,15-Apr-25
10721,3,3975,B,23-Aug-25
10733,3,4381,B,06-Jan-26
10771,3,5306,B,24-May-25
10801,3,5422,B,05-Dec-25
10803,3,5297,B,06-Mar-25
10829,3,541,B,03-Aug-25
10833,3,5580,B,26-Mar-25
10899,3,5262,B,20-Sep-25
10921,3,6286,B,12-Apr-25
10924,3,559,B,21-Sep-25
10944,3,2616,B,21-Mar-25
11013,3,7751,B,06-May-25
11023,3,2942,B,11-Nov-25
11083,3,2479,B,25-Dec-25
11146,3,6459,B,16-Mar-25
11163,3,4004,B,30-Sep-25
11173,3,4509,B,11-Jan-25
11179,3,1714,B,05-Jan-26
11188,3,90,B,31-Jul-25
11195,3,2090,B,11-Jan-26
11250,3,6111,B,02-Jun-25
11252,3,7750,B,17-Feb-25
11255,3,5369,B,10-Aug-25
11256,3,1470,B,08-Feb-25
11261,3,4413,B,24-Aug-25
11264,3,2700,B,12-Feb-25
11277,3,7141,B,15-Jan-25
11319,3,1942,B,03-Apr-25
11427,3,2652,B,24-Jun-25
11435,3,5210,B,16-Dec-25
11446,3,5393,B,25-Dec-25
11451,3,1225,B,06-Mar-25
11469,3,997,B,18-Nov-25
11472,3,2505,B,06-Jan-26
11545,3,6235,B,19-Jun-25
11607,3,7558,B,02-Sep-25
11613,3,3253,B,01-Feb-25
11639,3,7811,B,04-Oct-25
11648,3,6084,B,07-Jul-25
11675,3,6047,B,17-Apr-25
11703,3,449,B,21-Nov-25
11714,3,2257,B,24-Feb-25
11726,3,4476,B,02-Mar-25
11747,3,5627,B,28-Oct-25
11752,3,7444,B,30-Aug-25
11753,3,1737,B,05-Apr-25
11761,3,4283,B,20-Aug-25
11766,3,1519,B,20-Apr-25
11768,3,51,B,03-Oct-25
11772,3,5381,B,04-Jan-26
11788,3,5507,B,05-Apr-25
11809,3,5375,B,28-Apr-25
11857,3,4290,B,27-Nov-25
11864,3,1836,B,07-Jan-26
11865,3,7423,B,17-Feb-25
11952,3,2196,B,06-Aug-25
11958,3,6053,B,30-Jun-25
11973,3,1957,B,09-Dec-25
11976,3,6670,B,17-Feb-25
11983,3,7036,B,31-Mar-25
12024,3,7787,B,07-May-25
12029,3,7309,B,31-Jul-25
12088,3,3936,B,09-Apr-25
12096,3,2261,B,24-Oct-25
12136,3,4128,B,18-Jun-25
12155,3,3726,B,29-Nov-25
12163,3,3798,B,24-Jan-25
12176,3,3956,B,01-Oct-25
12189,3,4640,B,06-Feb-25
12193,3,5515,B,21-Feb-25
12195,3,7820,B,08-Sep-25
12229,3,1638,B,09-Apr-25
12242,3,5856,B,22-Jul-25
12291,3,2430,B,07-Jan-26
12293,3,1500,B,01-Oct-25
12310,3,6128,B,16-Sep-25
12412,3,1919,B,16-Jan-25
12436,3,815,B,01-Mar-25
12487,3,1713,B,12-Dec-25
12490,3,7769,B,28-May-25
12505,3,1247,B,28-Jun-25
12539,3,2061,B,07-May-25
12550,3,1850,B,01-Aug-25
12563,3,302,B,17-Jun-25
12571,3,5513,B,01-Sep-25
12597,3,2965,B,07-Sep-25
12610,3,2828,B,26-Jul-25
12657,3,1045,B,19-Dec-25
12675,3,6277,B,16-Oct-25
12683,3,7642,B,25-Jun-25
12732,3,3395,B,29-Mar-25
12741,3,6138,B,30-Apr-25
12815,3,3159,B,22-Jun-25
12817,3,1511,B,17-Jul-25
12827,3,586,B,29-May-25
12886,3,3065,B,16-Oct-25
12961,3,3482,B,22-Mar-25
13100,3,1720,B,14-Nov-25
13109,3,6643,B,05-Jun-25
13113,3,7502,B,16-Feb-25
13129,3,4765,B,16-Dec-25
13154,3,7401,B,04-Sep-25
13162,3,1525,B,15-Sep-25
13166,3,6170,B,12-Feb-25
13171,3,2393,B,02-Apr-25
13175,3,1567,B,12-Feb-25
13189,3,3763,B,08-Aug-25
13200,3,6145,B,19-Jan-25
13256,3,6042,B,06-Oct-25
13269,3,2620,B,08-Mar-25
13282,3,3988,B,10-Nov-25
13328,3,2614,B,27-Oct-25
13329,3,1545,B,22-Sep-25
13358,3,162,B,08-Nov-25
13391,3,4613,B,24-Dec-25
13392,3,7200,B,27-Jan-25
13475,3,6535,B,28-May-25
13488,3,4219,B,05-May-25
13516,3,4677,B,24-Feb-25
13519,3,955,B,08-Oct-25
13520,3,3002,B,24-Jun-25
13604,3,5766,B,12-May-25
13619,3,4254,B,14-Jun-25
13623,3,198,B,30-Apr-25
13639,3,1160,B,09-Jun-25
13665,3,2282,B,20-Nov-25
13673,3,7988,B,12-Jul-25
13697,3,5307,B,25-Sep-25
13708,3,3633,B,18-Jan-25
13727,3,6830,B,18-Oct-25
13775,3,3321,B,11-Feb-25
13778,3,4014,B,30-Mar-25
13779,3,3110,B,21-Mar-25
13788,3,59,B,06-Aug-25
13841,3,4124,B,12-Jul-25
13851,3,5861,B,16-Jan-25
13853,3,3440,B,27-Mar-25
13856,3,970,B,01-Jul-25
13902,3,2037,B,06-Jan-26
13907,3,5521,B,21-Dec-25
13913,3,6806,B,28-Jan-25
13951,3,3918,B,26-Oct-25
13962,3,4974,B,11-Dec-25
13982,3,6629,B,13-Apr-25
14043,3,7158,B,19-Dec-25
14081,3,1720,B,01-Feb-25
14131,3,7147,B,10-Jan-25
14158,3,4212,B,12-Feb-25
14174,3,5440,B,20-Sep-25
14176,3,3741,B,16-Jan-25
14178,3,3950,B,30-Nov-25
14182,3,1021,B,23-Dec-25
14196,3,4228,B,13-Jul-25
14198,3,1318,B,01-Jan-25
14236,3,3019,B,25-Apr-25
14254,3,5909,B,10-Apr-25
14309,3,5594,B,11-Jul-25
14347,3,1415,B,21-Jun-25
14350,3,4564,B,03-Jul-25
14391,3,6345,B,12-Feb-25
14402,3,1269,B,14-Sep-25
14450,3,126,B,05-Apr-25
14456,3,3666,B,26-Jul-25
14482,3,3834,B,24-Mar-25
14542,3,4724,B,19-Mar-25
14553,3,2706,B,07-Oct-25
14569,3,3505,B,30-Jun-25
14576,3,6718,B,07-Dec-25
14595,3,1332,B,10-Jul-25
14612,3,3045,B,15-Jan-26
14626,3,1137,B,18-Nov-25
14637,3,7717,B,08-Aug-25
14645,3,541,B,03-Oct-25
14649,3,1037,B,03-Jul-25
14653,3,5932,B,11-Mar-25
14661,3,5291,B,07-Aug-25
14665,3,3219,B,09-Jan-26
14682,3,1019,B,14-Mar-25
14743,3,858,B,09-Jun-25
14789,3,1979,B,05-May-25
14869,3,5273,B,11-Jan-26
14879,3,7282,B,07-Dec-25
14881,3,4479,B,29-May-25
14901,3,2988,B,18-Jul-25
14940,3,4035,B,27-Mar-25
14956,3,7284,B,12-Jul-25
14982,3,1886,B,09-Jul-25
14993,3,3986,B,27-Feb-25
15026,3,360,B,26-Feb-25
15051,3,7435,B,19-Aug-25
15074,3,4423,B,14-May-25
15088,3,3611,B,25-Oct-25
15104,3,208,B,18-Nov-25
15110,3,4054,B,11-Jul-25
15111,3,3610,B,27-Mar-25
15127,3,2704,B,03-May-25
15196,3,6405,B,20-Nov-25
15211,3,3189,B,21-May-25
15219,3,6351,B,21-May-25
15226,3,6836,B,03-Nov-25
15260,3,3493,B,03-May-25
15279,3,60,B,04-Feb-25
15290,3,5705,B,18-Jun-25
15309,3,6998,B,14-Oct-25
15335,3,7774,B,07-Apr-25
15374,3,609,B,13-Jan-25
15391,3,7100,B,07-Dec-25
15413,3,2404,B,23-Jun-25
15432,3,3445,B,17-Apr-25
15465,3,6218,B,19-Apr-25
15489,3,6070,B,12-Jan-25
15491,3,5076,B,29-Sep-25
15498,3,3176,B,10-Dec-25
15523,3,2399,B,07-Jan-25
15524,3,5443,B,01-Feb-25
15535,3,5194,B,14-Dec-25
15561,3,4175,B,27-Sep-25
15597,3,3550,B,03-Jun-25
15622,3,7753,B,24-Jul-25
15658,3,4908,B,27-Jan-25
15677,3,5167,B,04-Oct-25
15683,3,6293,B,09-Jul-25
15720,3,1539,B,02-Sep-25
15747,3,1285,B,01-Dec-25
15775,3,5715,B,03-Sep-25
15782,3,290,B,10-Mar-25
15800,3,5662,B,21-Mar-25
15811,3,1668,B,19-May-25
15812,3,7454,B,27-Aug-25
15821,3,5181,B,19-Aug-25
15851,3,3645,B,27-Apr-25
15853,3,7506,B,02-Aug-25
15872,3,1261,B,22-Jan-25
15878,3,2126,B,17-Oct-25
15896,3,3209,B,28-Sep-25
15909,3,995,B,15-Nov-25
15912,3,4047,B,29-Mar-25
15915,3,2525,B,31-Aug-25
15971,3,4387,B,28-Jun-25
15986,3,5103,B,07-Nov-25
15997,3,6898,B,24-Nov-25
16031,3,925,B,09-Feb-25
16112,3,4935,B,26-Nov-25
16119,3,2523,B,23-Jun-25
16151,3,5039,B,08-Jan-26
16159,3,1039,B,30-Aug-25
16170,3,4621,B,25-May-25
16173,3,4455,B,11-Mar-25
16200,3,6652,B,12-Sep-25
16221,3,7871,B,07-Jan-25
16223,3,5441,B,01-Feb-25
16244,3,6894,B,22-Nov-25
16248,3,5258,B,17-Apr-25
16249,3,776,B,30-Apr-25
16279,3,7866,B,30-Mar-25
16294,3,3154,B,05-Aug-25
16303,3,7669,B,10-Sep-25
16309,3,5610,B,09-Apr-25
16324,3,7787,B,06-Apr-25
16345,3,5858,B,22-Aug-25
16457,3,6941,B,02-Nov-25
16514,3,74,B,28-Mar-25
16564,3,1214,B,01-Apr-25
16566,3,965,B,10-Nov-25
16571,3,5942,B,20-Feb-25
16582,3,6984,B,15-Aug-25
16601,3,6908,B,01-Dec-25
16627,3,3429,B,24-Mar-25
16631,3,2171,B,09-Jun-25
16634,3,3572,B,31-May-25
16663,3,1105,B,01-May-25
16686,3,807,B,24-Jun-25
16688,3,6857,B,30-Jan-25
16689,3,4878,B,31-Aug-25
16692,3,2136,B,22-Apr-25
16714,3,4086,B,01-Jul-25
16719,3,1252,B,07-Feb-25
16720,3,3384,B,07-Sep-25
16729,3,1294,B,18-Mar-25
16736,3,7273,B,02-Apr-25
16763,3,7096,B,22-May-25
16789,3,5482,B,28-Aug-25
16859,3,3361,B,04-Jun-25
16985,3,3806,B,07-Feb-25
17012,3,3440,B,23-Sep-25
17033,3,7038,B,03-Mar-25
17055,3,2202,B,22-Mar-25
17122,3,4565,B,05-Aug-25
17212,3,7245,B,29-Dec-25
17215,3,2052,B,30-Dec-25
17300,3,4488,B,26-Nov-25
17456,3,961,B,26-May-25
17459,3,7958,B,01-Mar-25
17470,3,6693,B,01-Jun-25
17478,3,6811,B,21-Jan-25
17486,3,2390,B,15-Apr-25
17515,3,6096,B,17-Dec-25
17533,3,6211,B,30-Apr-25
17574,3,5173,B,26-Sep-25
17604,3,6409,B,17-May-25
17648,3,2586,B,03-May-25
17673,3,1815,B,28-Jan-25
17686,3,5068,B,13-Mar-25
17706,3,3466,B,01-Feb-25
17707,3,4442,B,02-Jul-25
17723,3,4202,B,10-May-25
17765,3,5314,B,21-May-25
17883,3,3155,B,16-Oct-25
17889,3,5015,B,18-Nov-25
17927,3,6071,B,09-Jun-25
17951,3,5479,B,10-Jun-25
17957,3,6736,B,29-Dec-25
17959,3,2001,B,17-Jun-25
17999,3,6300,B,24-Oct-25
18015,3,5299,B,02-Mar-25
18044,3,2066,B,04-Dec-25
18091,3,2229,B,13-Jun-25
18095,3,1398,B,10-Jun-25
18140,3,4034,B,18-Jun-25
18144,3,1731,B,14-Jun-25
18146,3,3480,B,29-Apr-25
18219,3,5529,B,20-Apr-25
18229,3,950,B,29-Jan-25
18232,3,5372,B,01-Apr-25
18240,3,2150,B,01-Jul-25
18244,3,7764,B,09-Oct-25
18299,3,1096,B,04-Jan-25
18351,3,7280,B,22-Aug-25
18358,3,3445,B,03-Jun-25
18363,3,3722,B,12-Jan-26
18395,3,4087,B,30-Jul-25
18398,3,7376,B,14-Jun-25
18405,3,7456,B,26-Jan-25
18407,3,4036,B,01-Dec-25
18443,3,5039,B,14-Mar-25
18486,3,1678,B,18-Nov-25
18498,3,5077,B,17-Aug-25
18508,3,988,B,31-Dec-25
18516,3,347,B,26-Aug-25
18529,3,3264,B,15-Sep-25
18549,3,5060,B,25-Nov-25
18580,3,5227,B,24-Oct-25
18604,3,4924,B,28-Feb-25
18634,3,1183,B,29-Jul-25
18656,3,1769,B,04-Jul-25
18704,3,1529,B,09-Jan-25
18708,3,2685,B,12-Feb-25
18752,3,3370,B,29-May-25
18770,3,7151,B,17-Oct-25
18777,3,5842,B,24-Feb-25
18810,3,930,B,27-Oct-25
18813,3,1619,B,18-Oct-25
18841,3,1297,B,29-Mar-25
18876,3,3280,B,10-Apr-25
18920,3,2365,B,25-Jul-25
18945,3,7788,B,22-Jun-25
19044,3,7587,B,13-Jul-25
19045,3,739,B,11-Sep-25
19056,3,2379,B,25-Apr-25
19061,3,2392,B,09-Jun-25
19112,3,750,B,19-Dec-25
19136,3,1506,B,06-Aug-25
19145,3,7079,B,25-Jun-25
19153,3,7076,B,03-Oct-25
19155,3,5871,B,01-Oct-25
19158,3,2655,B,17-Jan-26
19203,3,5655,B,20-May-25
19291,3,6923,B,03-Jan-25
19326,3,6416,B,12-Feb-25
19339,3,3429,B,14-Jul-25
19348,3,3108,B,07-Mar-25
19359,3,5642,B,23-Feb-25
19360,3,3239,B,16-Jul-25
19469,3,7269,B,30-Nov-25
19507,3,2061,B,25-Feb-25
19532,3,2473,B,10-Aug-25
19582,3,552,B,01-Nov-25
19665,3,4098,B,03-Jan-26
19672,3,6132,B,03-Jul-25
19696,3,4291,B,24-Aug-25
19736,3,1958,B,07-Oct-25
19753,3,4090,B,03-Mar-25
19767,3,3507,B,26-Dec-25
19792,3,2871,B,12-Sep-25
19847,3,7923,B,17-Mar-25
19875,3,1660,B,19-Feb-25
19919,3,3840,B,15-Jan-25
19920,3,6982,B,16-Oct-25
19955,3,3007,B,03-May-25
44,12,3289,B,06-Aug-25
46,12,4808,B,30-Mar-25
51,12,2624,B,15-Apr-25
64,12,5667,B,22-Nov-25
98,12,5755,B,24-Jan-25
106,12,4309,B,01-Dec-25
122,12,3620,B,02-Jan-26
158,12,3702,B,12-Jan-25
186,12,480,B,04-May-25
194,12,5703,B,23-Feb-25
198,12,5293,B,21-Nov-25
206,12,370,B,12-Jun-25
259,12,427,B,02-Feb-25
265,12,2854,B,24-Feb-25
266,12,2275,B,13-Mar-25
271,12,2957,B,08-Aug-25
277,12,7173,B,21-Jul-25
279,12,300,B,17-Jan-25
287,12,4526,B,31-Mar-25
290,12,4647,B,16-Aug-25
315,12,7611,B,07-Nov-25
328,12,1528,B,27-Feb-25
355,12,7514,B,15-Jun-25
365,12,721,B,30-May-25
449,12,5436,B,10-Aug-25
463,12,6093,B,25-Mar-25
504,12,6452,B,30-Mar-25
554,12,7264,B,16-Jan-26
566,12,2337,B,12-Nov-25
570,12,7954,B,07-Sep-25
577,12,5167,B,20-Feb-25
586,12,5761,B,22-Jul-25
690,12,4100,B,22-Feb-25
714,12,7276,B,20-Dec-25
731,12,4545,B,03-Jun-25
751,12,1203,B,16-Mar-25
773,12,5827,B,20-Jul-25
796,12,7911,B,22-Jun-25
817,12,1284,B,16-Jan-25
825,12,657,B,03-Mar-25
831,12,5374,B,14-Jun-25
863,12,5378,B,16-Jan-25
934,12,1382,B,29-Jul-25
967,12,7934,B,08-Jan-25
972,12,1535,B,20-Oct-25
977,12,1803,B,06-Oct-25
1034,12,1341,B,04-Nov-25
1042,12,803,B,18-Feb-25
1063,12,4657,B,17-May-25
1124,12,487,B,22-Feb-25
1135,12,4569,B,25-Apr-25
1143,12,556,B,30-May-25
1155,12,2779,B,17-Feb-25
1158,12,7999,B,11-Oct-25
1187,12,5803,B,21-Mar-25
1209,12,2169,B,01-Mar-25
1239,12,7474,B,31-Jul-25
1245,12,7582,B,01-Mar-25
1341,12,2398,B,31-Jan-25
1386,12,7805,B,21-Oct-25
1390,12,7555,B,09-Nov-25
1498,12,3799,B,18-Jan-26
1501,12,6437,B,29-Aug-25
1541,12,5431,B,06-Jan-25
1548,12,3765,B,18-May-25
1589,12,849,B,14-Feb-25
1591,12,6334,B,25-Mar-25
1597,12,3558,B,08-Oct-25
1608,12,4536,B,22-Jun-25
1634,12,3087,B,20-Jun-25
1651,12,5669,B,27-Oct-25
1728,12,7572,B,24-Apr-25
1734,12,5461,B,08-Feb-25
1736,12,2938,B,07-Apr-25
1784,12,2245,B,25-Sep-25
1787,12,7815,B,15-Jan-25
1829,12,6473,B,11-Mar-25
1833,12,1436,B,08-Jan-25
1834,12,2106,B,12-Mar-25
1878,12,1198,B,10-Dec-25
1916,12,491,B,23-Jul-25
1921,12,2057,B,23-May-25
1993,12,1372,B,31-Oct-25
2013,12,3528,B,17-Jan-25
2032,12,6692,B,07-Aug-25
2069,12,3549,B,09-Aug-25
2081,12,366,B,10-Jul-25
2173,12,5678,B,17-Aug-25
2180,12,2831,B,03-Jul-25
2250,12,7218,B,01-Aug-25
2251,12,3992,B,06-Nov-25
2253,12,5651,B,09-Nov-25
2266,12,4553,B,05-Feb-25
2329,12,5079,B,21-Feb-25
2353,12,7088,B,16-Oct-25
2354,12,5642,B,29-Jan-25
2361,12,2573,B,01-Sep-25
2369,12,6611,B,22-Feb-25
2392,12,7061,B,12-Oct-25
2412,12,6120,B,22-May-25
2439,12,7633,B,03-Dec-25
2482,12,6889,B,21-Jan-25
2574,12,3856,B,29-Nov-25
2613,12,2164,B,02-Jul-25
2663,12,4200,B,05-Jan-25
2665,12,3077,B,07-Jun-25
2687,12,787,B,09-Dec-25
2689,12,4464,B,15-Nov-25
2762,12,1001,B,23-Jul-25
2782,12,3735,B,10-Apr-25
2811,12,7105,B,14-Sep-25
2814,12,7934,B,18-Jul-25
2860,12,2800,B,07-Apr-25
2896,12,5050,B,19-Jun-25
2905,12,7144,B,03-Sep-25
2926,12,1434,B,01-Oct-25
2980,12,2535,B,18-Dec-25
2983,12,3630,B,26-Apr-25
2984,12,7258,B,27-Apr-25
2989,12,1321,B,18-Nov-25
3027,12,3209,B,15-Jan-26
3032,12,137,B,02-Jan-26
3039,12,7113,B,15-Feb-25
3101,12,1968,B,30-Sep-25
3105,12,5387,B,08-Feb-25
3118,12,3532,B,19-May-25
3181,12,590,B,03-Mar-25
3190,12,3665,B,02-Feb-25
3200,12,2703,B,24-Oct-25
3224,12,297,B,25-Oct-25
3230,12,5718,B,20-Jan-25
3260,12,2474,B,06-Sep-25
3278,12,3689,B,01-Jan-25
3279,12,7929,B,11-Jul-25
3374,12,4315,B,18-Jun-25
3382,12,6378,B,09-Jul-25
3398,12,4967,B,11-Oct-25
3400,12,7937,B,19-Feb-25
3402,12,4777,B,17-Jan-26
3448,12,1845,B,25-Nov-25
3523,12,7000,B,12-Jan-25
3562,12,5759,B,28-Nov-25
3571,12,3562,B,19-Jan-25
3615,12,4322,B,10-Jun-25
3618,12,1305,B,10-Jan-25
3619,12,867,B,01-Nov-25
3636,12,3885,B,02-Aug-25
3656,12,3809,B,28-May-25
3665,12,5022,B,25-May-25
3681,12,75,B,15-Apr-25
3693,12,3454,B,16-Mar-25
3703,12,5970,B,14-Dec-25
3706,12,240,B,08-Nov-25
3722,12,229,B,08-Apr-25
3725,12,5398,B,06-Apr-25
3726,12,242,B,31-Dec-25
3739,12,4751,B,02-Mar-25
3752,12,6507,B,26-Jan-25
3792,12,4960,B,04-Jul-25
3803,12,581,B,15-Aug-25
3830,12,7452,B,12-Jun-25
3879,12,4911,B,22-Jul-25
3889,12,4169,B,04-Mar-25
3902,12,2425,B,13-Dec-25
3949,12,536,B,25-Jan-25
4002,12,1301,B,10-Feb-25
4021,12,3101,B,26-Apr-25
4046,12,3234,B,10-Jul-25
4096,12,592,B,02-Jun-25
4111,12,3048,B,05-Apr-25
4118,12,677,B,09-Dec-25
4124,12,1691,B,03-Dec-25
4131,12,767,B,27-Oct-25
4201,12,3214,B,30-Aug-25
4229,12,6695,B,29-Sep-25
4241,12,1104,B,26-Jan-25
4267,12,872,B,09-Apr-25
4272,12,1465,B,13-Sep-25
4290,12,4375,B,20-Aug-25
4291,12,2812,B,16-Apr-25
4319,12,3689,B,28-Aug-25
4347,12,2130,B,18-Nov-25
4361,12,1839,B,02-Nov-25
4396,12,3605,B,03-Aug-25
4408,12,2995,B,08-May-25
4416,12,4164,B,08-May-25
4447,12,6208,B,24-Jul-25
4475,12,7338,B,29-Nov-25
4496,12,6006,B,30-Mar-25
4527,12,7522,B,20-May-25
4545,12,7542,B,28-Jan-25
4575,12,2243,B,27-Nov-25
4599,12,107,B,27-Jul-25
4642,12,3279,B,21-Aug-25
4666,12,2871,B,16-Jul-25
4704,12,934,B,10-Oct-25
4730,12,2934,B,13-Jul-25
4772,12,44,B,12-Dec-25
4786,12,806,B,11-Apr-25
4827,12,2085,B,28-Feb-25
4878,12,3033,B,22-Nov-25
4925,12,7033,B,01-Aug-25
4930,12,7784,B,08-Oct-25
4944,12,2841,B,15-Jan-26
4952,12,847,B,20-Nov-25
4958,12,6906,B,17-Mar-25
4967,12,1898,B,11-Jul-25
4987,12,864,B,12-Mar-25
4993,12,4558,B,22-Jul-25
4997,12,6147,B,09-Jan-26
5036,12,4873,B,08-Jun-25
5043,12,13,B,11-Nov-25
5055,12,5825,B,06-Apr-25
5071,12,1617,B,26-Dec-25
5076,12,6918,B,31-Dec-25
5096,12,7527,B,14-Apr-25
5099,12,627,B,06-Jul-25
5105,12,4271,B,05-Dec-25
5106,12,7235,B,14-Jan-26
5110,12,546,B,03-Feb-25
5194,12,5896,B,04-Jan-25
5201,12,5491,B,12-Jan-25
5224,12,532,B,24-Mar-25
5225,12,5462,B,20-Feb-25
5298,12,1419,B,15-Jan-26
5314,12,4766,B,24-Dec-25
5315,12,4394,B,07-Feb-25
5362,12,2267,B,06-Jan-25
5363,12,5328,B,19-Mar-25
5394,12,3814,B,18-Feb-25
5404,12,5309,B,08-Oct-25
5413,12,3748,B,14-May-25
5432,12,4973,B,02-Dec-25
5435,12,5105,B,16-Jul-25
5471,12,7595,B,13-Oct-25
5504,12,1938,B,13-May-25
5523,12,393,B,14-Mar-25
5544,12,824,B,30-Jun-25
5556,12,2440,B,13-Nov-25
5569,12,4397,B,02-Dec-25
5635,12,1679,B,04-Aug-25
5684,12,3690,B,22-Jul-25
5726,12,5976,B,24-Apr-25
5741,12,5733,B,08-Nov-25
5814,12,7793,B,23-Mar-25
5828,12,3449,B,01-May-25
5874,12,3242,B,24-Feb-25
5916,12,5970,B,12-Jan-26
5923,12,7374,B,08-Aug-25
5929,12,2977,B,06-Aug-25
5932,12,7722,B,25-Apr-25
5947,12,3089,B,21-Feb-25
5955,12,2628,B,25-Jul-25
5956,12,6575,B,13-Aug-25
6016,12,6403,B,18-Mar-25
6023,12,3838,B,15-Jan-25
6024,12,3943,B,24-Jun-25
6025,12,1406,B,13-Jan-25
6074,12,848,B,28-Sep-25
6104,12,2950,B,13-Jan-26
6110,12,6774,B,11-Jul-25
6117,12,2858,B,26-Jul-25
6148,12,4677,B,25-Sep-25
6191,12,4712,B,19-Jan-25
6192,12,293,B,28-Sep-25
6212,12,2633,B,06-Jan-26
6223,12,6036,B,25-Dec-25
6229,12,5607,B,09-May-25
6241,12,7309,B,20-Oct-25
6247,12,3389,B,02-Mar-25
6273,12,2345,B,19-May-25
6293,12,3696,B,11-Nov-25
6326,12,4813,B,25-Jul-25
6342,12,1026,B,15-Aug-25
6372,12,5956,B,30-Aug-25
6385,12,647,B,14-Jul-25
6391,12,1108,B,04-Dec-25
6412,12,1499,B,22-Aug-25
6428,12,5701,B,29-Aug-25
6449,12,7149,B,04-Dec-25
6464,12,7517,B,29-Jul-25
6476,12,7323,B,25-Jan-25
6531,12,3163,B,10-Mar-25
6534,12,3746,B,02-Apr-25
6547,12,4659,B,10-Mar-25
6552,12,5976,B,21-Nov-25
6573,12,4579,B,06-Oct-25
6696,12,3152,B,22-Dec-25
6726,12,6721,B,12-May-25
6748,12,2138,B,20-Feb-25
6754,12,3041,B,31-Dec-25
6822,12,2370,B,06-Sep-25
6851,12,495,B,14-Jan-25
6874,12,741,B,13-Jan-25
6875,12,3763,B,10-Jul-25
6877,12,4230,B,01-Apr-25
6878,12,1507,B,07-Jan-25
6884,12,2409,B,21-Aug-25
6890,12,924,B,25-Dec-25
6912,12,2204,B,15-Jan-25
6926,12,4241,B,20-May-25
6957,12,4772,B,19-Jun-25
7028,12,1650,B,16-Jan-26
7078,12,5639,B,04-Feb-25
7091,12,1714,B,18-Sep-25
7115,12,355,B,17-Mar-25
7186,12,7270,B,19-Jun-25
7215,12,6568,B,14-Aug-25
7227,12,5014,B,08-Jan-26
7255,12,2142,B,12-Nov-25
7260,12,6315,B,22-Apr-25
7289,12,2368,B,27-Aug-25
7292,12,3444,B,19-Feb-25
7341,12,992,B,09-Jan-26
7436,12,405,B,18-Dec-25
7441,12,3182,B,12-Oct-25
7442,12,1472,B,03-Jan-25
7493,12,1839,B,10-Jul-25
7505,12,6330,B,11-May-25
7518,12,7128,B,13-Mar-25
7541,12,4890,B,02-Nov-25
7547,12,373,B,17-Feb-25
7632,12,425,B,13-Mar-25
7668,12,2702,B,13-Feb-25
7702,12,7214,B,30-May-25
7714,12,1541,B,13-Apr-25
7747,12,6618,B,05-Nov-25
7755,12,5953,B,27-Apr-25
7765,12,4430,B,25-Mar-25
7766,12,3225,B,07-May-25
7801,12,358,B,26-Aug-25
7807,12,2842,B,07-Jul-25
7869,12,6051,B,02-May-25
7875,12,7993,B,04-Nov-25
7876,12,2766,B,15-Jul-25
7900,12,1514,B,26-Nov-25
7944,12,3223,B,01-Jan-26
7966,12,6727,B,13-Sep-25
7968,12,5141,B,03-Nov-25
8001,12,1798,B,25-Jan-25
8002,12,5882,B,22-Feb-25
8039,12,4304,B,13-Feb-25
8066,12,5182,B,12-Jan-26
8090,12,3929,B,30-Mar-25
8112,12,3195,B,19-Jun-25
8137,12,3992,B,28-Oct-25
8195,12,6615,B,10-Jun-25
8215,12,5596,B,04-Oct-25
8218,12,4090,B,22-May-25
8255,12,3213,B,02-Apr-25
8264,12,2197,B,06-Jan-26
8305,12,4678,B,17-Mar-25
8338,12,1873,B,04-May-25
8351,12,7207,B,24-Jul-25
8373,12,746,B,31-Dec-25
8384,12,6371,B,09-Jun-25
8419,12,3933,B,10-Jul-25
8481,12,110,B,11-Jul-25
8484,12,1731,B,31-Oct-25
8486,12,3534,B,05-Aug-25
8491,12,4724,B,22-Jan-25
8547,12,4083,B,05-Jul-25
8589,12,4311,B,18-Jan-26
8622,12,2755,B,20-May-25
8637,12,6000,B,15-Nov-25
8664,12,7019,B,06-May-25
8745,12,3484,B,17-Oct-25
8746,12,5096,B,14-Jul-25
8757,12,5529,B,06-Jan-26
8764,12,1392,B,04-Aug-25
8775,12,6510,B,21-Oct-25
8776,12,3373,B,24-Oct-25
8781,12,3200,B,02-Jul-25
8782,12,3474,B,29-May-25
8793,12,7687,B,23-Dec-25
8819,12,2560,B,03-Feb-25
8829,12,4490,B,09-Jun-25
8835,12,6593,B,21-Aug-25
8839,12,2015,B,26-Dec-25
8842,12,4797,B,02-Mar-25
8849,12,1704,B,27-Dec-25
8869,12,6322,B,23-Sep-25
8878,12,1857,B,30-Apr-25
8920,12,3187,B,16-Jan-25
8934,12,1701,B,06-Jun-25
8941,12,4371,B,30-Oct-25
9001,12,3116,B,31-Jul-25
9008,12,690,B,23-Dec-25
9014,12,5279,B,22-Mar-25
9019,12,3174,B,07-Oct-25
9033,12,7929,B,08-Nov-25
9123,12,1896,B,19-Jun-25
9124,12,5635,B,01-Aug-25
9167,12,7719,B,07-May-25
9177,12,6942,B,01-Jan-25
9240,12,2758,B,27-Mar-25
9244,12,2749,B,01-May-25
9273,12,7430,B,17-Oct-25
9358,12,7152,B,19-Sep-25
9398,12,610,B,09-Apr-25
9449,12,6447,B,13-Jan-26
9459,12,908,B,06-Jan-25
9473,12,3156,B,04-Jul-25
9476,12,1039,B,04-Jan-25
9512,12,6770,B,22-Mar-25
9526,12,2754,B,20-May-25
9563,12,291,B,04-Apr-25
9564,12,1543,B,25-Feb-25
9600,12,3329,B,03-Jan-25
9627,12,4170,B,19-Jan-25
9632,12,7,B,17-Nov-25
9660,12,6608,B,25-Apr-25
9686,12,924,B,14-Oct-25
9693,12,6026,B,21-Sep-25
9715,12,1671,B,02-Apr-25
9765,12,4047,B,01-Apr-25
9788,12,2516,B,02-Oct-25
9789,12,1617,B,01-Dec-25
9806,12,1476,B,14-Oct-25
9881,12,7978,B,08-Oct-25
9892,12,3397,B,03-Jan-26
9930,12,5195,B,11-Sep-25
9939,12,2236,B,16-Apr-25
9953,12,1876,B,14-Jun-25
9981,12,4820,B,15-Sep-25
9991,12,4832,B,09-Jun-25
10016,12,4563,B,08-Nov-25
10019,12,975,B,06-Nov-25
10049,12,265,B,02-Aug-25
10053,12,4371,B,14-Nov-25
10061,12,4253,B,29-Jun-25
10150,12,4007,B,16-Dec-25
10190,12,1766,B,05-Oct-25
10193,12,3058,B,09-Oct-25
10202,12,5440,B,04-Apr-25
10206,12,4915,B,17-Jan-25
10212,12,6029,B,25-Aug-25
10226,12,2287,B,03-Jan-25
10229,12,2461,B,15-Sep-25
10234,12,4824,B,04-Dec-25
10256,12,1798,B,15-Feb-25
10261,12,2056,B,10-Nov-25
10340,12,5040,B,14-Aug-25
10379,12,7138,B,20-May-25
10388,12,7446,B,19-Jul-25
10397,12,415,B,13-Mar-25
10482,12,3854,B,02-Apr-25
10562,12,447,B,28-Dec-25
10573,12,6243,B,03-Jul-25
10601,12,7531,B,17-May-25
10607,12,2360,B,09-Jan-25
10613,12,3344,B,14-Jun-25
10627,12,7353,B,29-Dec-25
10636,12,3973,B,26-Mar-25
10686,12,1301,B,03-Feb-25
10696,12,6782,B,26-Feb-25
10728,12,6482,B,21-May-25
10747,12,6408,B,07-Jan-25
10751,12,4721,B,22-Apr-25
10753,12,4412,B,25-Oct-25
10765,12,1796,B,02-Nov-25
10813,12,7630,B,19-Oct-25
10828,12,5769,B,19-Feb-25
10846,12,5821,B,09-Apr-25
10867,12,2591,B,26-Oct-25
10872,12,4404,B,13-Mar-25
10883,12,1244,B,15-Aug-25
10986,12,7771,B,25-Aug-25
11051,12,4191,B,08-Nov-25
11098,12,1965,B,01-Sep-25
11124,12,3559,B,27-Nov-25
11186,12,3863,B,07-Oct-25
11282,12,2065,B,15-Jun-25
11418,12,6823,B,20-Jun-25
11425,12,4584,B,14-Aug-25
11429,12,2174,B,17-Feb-25
11483,12,7746,B,30-Sep-25
11518,12,4805,B,26-Dec-25
11527,12,2767,B,11-May-25
11547,12,4110,B,11-Jan-26
11551,12,5958,B,13-Jan-25
11570,12,6127,B,12-Aug-25
11571,12,974,B,09-Sep-25
11575,12,4803,B,12-Mar-25
11587,12,4992,B,09-Nov-25
11687,12,5612,B,05-Oct-25
11688,12,4995,B,17-Aug-25
11698,12,6884,B,02-Apr-25
11715,12,6220,B,01-Jun-25
11725,12,4264,B,17-Dec-25
11819,12,1636,B,03-Apr-25
11823,12,7657,B,08-Nov-25
11834,12,5403,B,17-Jan-25
11841,12,7284,B,15-Mar-25
11850,12,3602,B,03-Nov-25
11861,12,4867,B,10-Sep-25
11871,12,4813,B,10-May-25
11896,12,655,B,13-Dec-25
11900,12,7305,B,24-May-25
11954,12,2632,B,10-Sep-25
11994,12,4862,B,22-Dec-25
12032,12,6732,B,05-Apr-25
12121,12,5030,B,19-Dec-25
12131,12,6015,B,30-Mar-25
12133,12,4328,B,11-Jan-26
12139,12,7240,B,24-Jun-25
12143,12,5315,B,15-Dec-25
12161,12,803,B,20-Dec-25
12282,12,3889,B,26-Sep-25
12379,12,1312,B,02-Jan-25
12391,12,7969,B,17-May-25
12443,12,3737,B,06-Jul-25
12509,12,1797,B,27-Dec-25
12579,12,4568,B,18-Jun-25
12625,12,4878,B,12-Aug-25
12643,12,4115,B,12-Apr-25
12681,12,6516,B,05-Nov-25
12759,12,5257,B,04-Apr-25
12761,12,2237,B,05-Jun-25
12767,12,7651,B,09-Aug-25
12812,12,1555,B,28-Nov-25
12880,12,6542,B,05-Jan-26
12930,12,6427,B,20-Jul-25
12951,12,6357,B,06-Oct-25
12954,12,151,B,07-Jun-25
12971,12,6141,B,17-Jun-25
13016,12,2652,B,09-Aug-25
13031,12,4748,B,17-Jan-25
13073,12,1129,B,08-Dec-25
13104,12,482,B,06-Dec-25
13107,12,2374,B,28-Sep-25
13118,12,6450,B,09-Jan-26
13123,12,6822,B,29-Nov-25
13186,12,4925,B,03-Aug-25
13195,12,6027,B,02-Aug-25
13203,12,5523,B,10-Jul-25
13215,12,1542,B,05-Aug-25
13241,12,5022,B,16-Jul-25
13286,12,6126,B,25-Jan-25
13299,12,4147,B,18-Sep-25
13318,12,4409,B,07-Nov-25
13327,12,3837,B,25-Jul-25
13338,12,5809,B,03-Jan-25
13356,12,762,B,25-Mar-25
13376,12,7466,B,15-Feb-25
13381,12,1651,B,18-Feb-25
13467,12,3168,B,23-Apr-25
13489,12,1576,B,30-Aug-25
13565,12,831,B,26-Oct-25
13581,12,6717,B,23-Apr-25
13588,12,1353,B,07-Jul-25
13620,12,1532,B,17-Apr-25
13636,12,2780,B,08-May-25
13675,12,13,B,15-Apr-25
13676,12,2590,B,11-Jan-26
13684,12,5724,B,20-Sep-25
13690,12,1233,B,29-Mar-25
13703,12,832,B,23-Sep-25
13711,12,2576,B,29-Dec-25
13715,12,2340,B,31-Aug-25
13732,12,5538,B,12-Sep-25
13740,12,5222,B,03-Feb-25
13742,12,5691,B,21-May-25
13811,12,6407,B,24-Jan-25
13812,12,342,B,12-Dec-25
13829,12,1217,B,19-Jan-25
13834,12,6763,B,03-Jan-25
13835,12,2720,B,28-Dec-25
13845,12,276,B,16-Mar-25
13854,12,4236,B,28-Aug-25
13859,12,2070,B,03-Aug-25
13864,12,4756,B,02-Nov-25
13877,12,2032,B,21-Nov-25
13894,12,1791,B,21-Aug-25
13895,12,5276,B,09-May-25
13904,12,3745,B,17-Feb-25
13928,12,6242,B,07-Apr-25
13956,12,4531,B,28-Jan-25
13971,12,2887,B,27-Nov-25
13978,12,725,B,03-Sep-25
13980,12,7625,B,22-Feb-25
13983,12,4656,B,16-Jan-26
14001,12,3142,B,30-Apr-25
14042,12,2757,B,11-Aug-25
14066,12,7335,B,04-Jan-26
14074,12,3568,B,14-May-25
14090,12,4691,B,26-Feb-25
14098,12,4504,B,28-May-25
14146,12,72,B,01-Apr-25
14172,12,5281,B,23-Feb-25
14183,12,124,B,05-Apr-25
14185,12,3327,B,19-Nov-25
14207,12,5872,B,06-Jul-25
14214,12,6801,B,10-Jan-25
14241,12,3381,B,02-Oct-25
14260,12,823,B,06-Sep-25
14263,12,3495,B,16-Jun-25
14268,12,6853,B,06-Nov-25
14287,12,2220,B,22-Oct-25
14291,12,3118,B,11-Oct-25
14304,12,592,B,06-Sep-25
14319,12,7946,B,20-Dec-25
14321,12,7270,B,04-Dec-25
14373,12,369,B,18-Jan-25
14397,12,814,B,17-Oct-25
14433,12,7532,B,17-Aug-25
14438,12,4381,B,24-Jan-25
14439,12,4940,B,31-Oct-25
14445,12,3924,B,05-Feb-25
14487,12,555,B,13-Jun-25
14504,12,5084,B,01-Jun-25
14523,12,5387,B,01-Jan-26
14575,12,6947,B,07-Jul-25
14580,12,4120,B,20-Jun-25
14587,12,397,B,27-Apr-25
14618,12,1845,B,06-Nov-25
14628,12,3404,B,15-May-25
14662,12,5144,B,04-Apr-25
14727,12,138,B,13-Apr-25
14747,12,4123,B,08-Mar-25
14749,12,906,B,13-Jun-25
14764,12,7883,B,09-Jul-25
14782,12,6795,B,13-Jul-25
14796,12,391,B,02-Apr-25
14801,12,6173,B,09-Aug-25
14808,12,2983,B,03-Feb-25
14866,12,143,B,08-Jan-25
14912,12,344,B,27-Jun-25
14927,12,892,B,06-Jul-25
14963,12,7408,B,01-Apr-25
14981,12,950,B,27-Aug-25
14984,12,1930,B,15-Jan-26
14998,12,4156,B,20-Jul-25
15025,12,2010,B,01-May-25
15034,12,517,B,12-Aug-25
15048,12,7367,B,16-Jan-26
15066,12,232,B,09-Jan-26
15070,12,680,B,05-Nov-25
15083,12,7448,B,22-Nov-25
15089,12,1023,B,11-Nov-25
15093,12,650,B,08-Dec-25
15095,12,5689,B,06-Jan-26
15105,12,3289,B,10-Sep-25
15112,12,4719,B,16-Dec-25
15115,12,5507,B,29-Oct-25
15123,12,4032,B,12-May-25
15126,12,575,B,03-Sep-25
15150,12,1357,B,12-Feb-25
15188,12,1092,B,15-Nov-25
15235,12,4959,B,14-Aug-25
15239,12,5558,B,15-Mar-25
15271,12,1007,B,22-May-25
15276,12,6649,B,16-May-25
15295,12,1318,B,27-Jun-25
15320,12,433,B,26-Jun-25
15323,12,6545,B,09-Oct-25
15329,12,7914,B,05-Jul-25
15358,12,4732,B,26-Jul-25
15377,12,6938,B,31-Aug-25
15507,12,7823,B,10-Dec-25
15546,12,2042,B,10-Jan-25
15578,12,1075,B,04-Apr-25
15595,12,383,B,16-Jan-25
15607,12,5172,B,01-Oct-25
15644,12,4364,B,17-Jan-26
15650,12,4319,B,02-Aug-25
15691,12,13,B,22-Sep-25
15692,12,1772,B,15-Jan-25
15727,12,4966,B,03-Mar-25
15776,12,7357,B,07-Jan-25
15786,12,6842,B,28-Jan-25
15796,12,1325,B,08-Jan-25
15827,12,5615,B,14-Nov-25
15832,12,3395,B,26-Dec-25
15834,12,563,B,10-Mar-25
15871,12,7655,B,12-Dec-25
15885,12,4185,B,19-Apr-25
15890,12,256,B,18-Nov-25
15904,12,7870,B,12-Apr-25
15946,12,930,B,29-Jun-25
15952,12,447,B,18-Jul-25
15969,12,5246,B,13-Sep-25
15974,12,2173,B,14-Jul-25
15980,12,3481,B,26-Jun-25
16004,12,6248,B,03-Aug-25
16018,12,3091,B,27-Sep-25
16024,12,513,B,29-May-25
16037,12,6442,B,10-Mar-25
16038,12,1855,B,03-Aug-25
16055,12,227,B,02-Apr-25
16067,12,4317,B,01-Jan-26
16122,12,705,B,16-Mar-25
16124,12,699,B,14-Nov-25
16194,12,3840,B,12-Nov-25
16198,12,488,B,03-Nov-25
16234,12,7278,B,14-Nov-25
16285,12,7045,B,10-Oct-25
16296,12,2890,B,07-Apr-25
16320,12,7398,B,09-Jul-25
16364,12,1892,B,24-Sep-25
16400,12,1453,B,03-Jan-26
16433,12,6448,B,24-Sep-25
16438,12,3849,B,11-Jan-26
16453,12,3746,B,20-Apr-25
16476,12,4561,B,25-Aug-25
16490,12,4359,B,28-Jan-25
16509,12,4403,B,12-Jan-26
16568,12,7320,B,09-Feb-25
16594,12,4231,B,13-Apr-25
16603,12,6642,B,14-Aug-25
16647,12,7581,B,28-Dec-25
16654,12,2045,B,25-Feb-25
16700,12,565,B,06-Aug-25
16711,12,7774,B,24-Jul-25
16790,12,799,B,24-Sep-25
16795,12,6987,B,12-Jul-25
16800,12,7832,B,24-May-25
16825,12,76,B,03-Apr-25
16827,12,2499,B,03-Aug-25
16851,12,5126,B,30-Nov-25
16874,12,7742,B,17-Feb-25
16881,12,2764,B,29-Oct-25
16891,12,6112,B,21-Jul-25
16912,12,2102,B,20-Aug-25
16919,12,4226,B,23-Oct-25
16958,12,7474,B,15-Oct-25
16999,12,4849,B,20-Mar-25
17010,12,4113,B,25-Sep-25
17011,12,798,B,13-Feb-25
17041,12,5406,B,30-Jan-25
17092,12,6478,B,14-Apr-25
17155,12,336,B,29-Aug-25
17182,12,4403,B,11-Nov-25
17268,12,5174,B,23-Aug-25
17297,12,6111,B,01-Jan-26
17317,12,2394,B,17-Jul-25
17333,12,1050,B,07-May-25
17368,12,7706,B,15-May-25
17382,12,7731,B,27-Feb-25
17405,12,4285,B,24-Jun-25
17414,12,6257,B,09-Jul-25
17430,12,7837,B,05-Jan-26
17460,12,4645,B,18-Sep-25
17464,12,6600,B,22-Feb-25
17475,12,4111,B,16-Sep-25
17482,12,3444,B,06-Jan-26
17483,12,229,B,28-Jul-25
17589,12,1945,B,22-Apr-25
17599,12,2714,B,16-Aug-25
17654,12,6078,B,04-May-25
17755,12,3333,B,11-Dec-25
17759,12,938,B,11-May-25
17822,12,3409,B,19-Apr-25
17831,12,2836,B,15-Jan-26
17840,12,1376,B,21-Sep-25
17862,12,2333,B,06-Jan-25
17897,12,2652,B,10-Feb-25
17900,12,4839,B,12-May-25
18000,12,4566,B,20-Dec-25
18024,12,6586,B,17-May-25
18065,12,2788,B,04-Jun-25
18087,12,3381,B,27-Jan-25
18093,12,2503,B,29-Dec-25
18096,12,5027,B,17-Mar-25
18115,12,3765,B,02-Oct-25
18128,12,4830,B,31-Jul-25
18130,12,6390,B,15-Oct-25
18135,12,1811,B,09-Mar-25
18138,12,241,B,13-Jun-25
18241,12,6292,B,15-Aug-25
18284,12,7948,B,13-Nov-25
18288,12,6856,B,29-Oct-25
18311,12,6053,B,28-Jan-25
18313,12,2270,B,08-Jan-25
18317,12,6436,B,26-Feb-25
18318,12,7412,B,27-Aug-25
18362,12,6311,B,28-Apr-25
18369,12,1470,B,03-Apr-25
18374,12,5229,B,10-Aug-25
18383,12,2612,B,07-Dec-25
18476,12,4672,B,05-Jan-25
18500,12,5403,B,13-Nov-25
18532,12,5818,B,13-Mar-25
18534,12,4348,B,22-Feb-25
18537,12,2078,B,09-Dec-25
18560,12,2519,B,31-May-25
18568,12,5152,B,26-Nov-25
18582,12,2925,B,25-Mar-25
18614,12,3939,B,20-Oct-25
18627,12,4752,B,20-Sep-25
18635,12,26,B,17-Jan-25
18644,12,4336,B,28-Jan-25
18685,12,397,B,06-Jun-25
18689,12,6281,B,17-Mar-25
18705,12,7725,B,04-Jan-25
18711,12,3681,B,19-Mar-25
18727,12,2339,B,21-Feb-25
18769,12,3610,B,08-Dec-25
18804,12,7007,B,29-Apr-25
18814,12,4957,B,18-Oct-25
18819,12,4813,B,05-Aug-25
18835,12,7332,B,11-Sep-25
18846,12,7536,B,19-Apr-25
18848,12,6767,B,08-Feb-25
18859,12,6309,B,16-Oct-25
18878,12,1408,B,26-Feb-25
18882,12,873,B,13-Oct-25
18910,12,3894,B,26-May-25
18939,12,3441,B,15-Jan-26
18966,12,2401,B,11-Jul-25
18978,12,3852,B,03-Nov-25
18981,12,7267,B,13-Jan-26
19052,12,816,B,25-Jan-25
19071,12,223,B,12-Feb-25
19079,12,1439,B,18-Jan-25
19080,12,2087,B,04-Mar-25
19081,12,4298,B,26-Aug-25
19087,12,6583,B,24-Nov-25
19109,12,6354,B,28-Feb-25
19116,12,4438,B,21-Feb-25
19131,12,5449,B,24-Oct-25
19147,12,964,B,02-Apr-25
19162,12,7278,B,08-Jul-25
19174,12,3553,B,05-Apr-25
19183,12,2696,B,13-Jan-26
19205,12,1730,B,17-Dec-25
19210,12,7969,B,31-Aug-25
19257,12,6585,B,13-Jul-25
19297,12,5281,B,09-Jan-26
19319,12,7685,B,03-Jun-25
19387,12,3622,B,07-Sep-25
19388,12,8,B,10-Feb-25
19435,12,1072,B,12-Apr-25
19453,12,6039,B,17-Jun-25
19491,12,7181,B,11-Oct-25
19494,12,6758,B,19-Aug-25
19512,12,996,B,28-Sep-25
19594,12,4223,B,14-Feb-25
19600,12,1028,B,17-Aug-25
19620,12,6781,B,24-Mar-25
19638,12,7361,B,22-Oct-25
19706,12,6743,B,23-Apr-25
19747,12,1294,B,02-Feb-25
19779,12,1911,B,23-Sep-25
19798,12,1736,B,04-Aug-25
19818,12,5478,B,25-Aug-25
19831,12,7944,B,03-Jul-25
19915,12,7781,B,03-Jul-25
23,2,3499,B,16-Apr-25
59,2,2216,B,10-Jan-26
74,2,1446,B,01-Jan-25
77,2,2910,B,23-Sep-25
143,2,5009,B,31-Jul-25
154,2,1390,B,17-Nov-25
161,2,5237,B,11-Jan-25
164,2,7579,B,21-Nov-25
166,2,3728,B,02-Oct-25
172,2,6054,B,29-Nov-25
232,2,6766,B,21-Mar-25
233,2,2649,B,14-Nov-25
256,2,5485,B,21-Apr-25
283,2,2353,B,28-Jan-25
288,2,5452,B,29-Oct-25
302,2,3387,B,11-Aug-25
309,2,6631,B,30-Oct-25
318,2,2739,B,26-Jan-25
346,2,6781,B,18-Jul-25
372,2,6562,B,23-Feb-25
376,2,4772,B,31-Jul-25
398,2,338,B,31-Dec-25
448,2,2588,B,29-Mar-25
460,2,982,B,18-Sep-25
461,2,7930,B,21-Mar-25
475,2,1815,B,16-Dec-25
486,2,1201,B,18-Sep-25
488,2,2771,B,17-Aug-25
541,2,1850,B,01-Mar-25
579,2,4135,B,22-Feb-25
603,2,4872,B,21-Jun-25
611,2,5440,B,12-Feb-25
627,2,2621,B,17-Jan-25
641,2,6164,B,06-Dec-25
683,2,7915,B,30-Aug-25
719,2,1524,B,29-Apr-25
742,2,4386,B,05-Jun-25
780,2,7801,B,07-Apr-25
876,2,5256,B,04-Apr-25
897,2,4582,B,07-Jan-25
952,2,3645,B,08-Jun-25
961,2,6823,B,24-Oct-25
1000,2,2352,B,21-Jul-25
1001,2,6302,B,04-May-25
1031,2,5065,B,11-Jan-25
1051,2,5995,B,21-Feb-25
1086,2,5108,B,27-Jul-25
1100,2,5764,B,15-Nov-25
1138,2,2155,B,15-Aug-25
1153,2,6366,B,08-Aug-25
1160,2,3924,B,03-Dec-25
1161,2,5655,B,15-Apr-25
1162,2,2368,B,26-Mar-25
1198,2,4060,B,02-Oct-25
1213,2,1206,B,25-Mar-25
1215,2,4210,B,10-Feb-25
1276,2,6741,B,20-Feb-25
1282,2,4421,B,26-Jan-25
1344,2,6730,B,30-Jun-25
1387,2,3869,B,13-Jan-26
1437,2,1150,B,14-Dec-25
1485,2,4710,B,06-Oct-25
1495,2,5910,B,08-Jan-25
1509,2,2899,B,10-Mar-25
1546,2,1739,B,11-Jan-25
1571,2,3760,B,14-Sep-25
1598,2,3343,B,10-Jun-25
1601,2,3992,B,27-Dec-25
1625,2,7712,B,31-Mar-25
1638,2,6063,B,13-Aug-25
1658,2,235,B,21-Feb-25
1696,2,7846,B,11-Jan-25
1701,2,6378,B,01-Feb-25
1725,2,6152,B,04-Jul-25
1770,2,5628,B,07-Jun-25
1800,2,3435,B,31-Jul-25
1803,2,5325,B,30-Nov-25
1804,2,1960,B,30-Sep-25
1805,2,672,B,24-Dec-25
1808,2,7872,B,06-Jul-25
1842,2,4001,B,22-Nov-25
1847,2,1763,B,01-Jun-25
1850,2,3407,B,24-Aug-25
1856,2,445,B,07-May-25
1880,2,3502,B,19-Nov-25
1886,2,1680,B,07-Sep-25
1902,2,869,B,03-Feb-25
1905,2,6517,B,26-Jul-25
1952,2,1106,B,20-Mar-25
1956,2,3422,B,22-Feb-25
1969,2,3477,B,11-Apr-25
2010,2,2420,B,22-Nov-25
2050,2,3825,B,06-Jan-25
2051,2,1729,B,02-Nov-25
2089,2,3494,B,26-Oct-25
2104,2,3586,B,09-Mar-25
2123,2,5316,B,19-Nov-25
2131,2,1989,B,22-Jun-25
2194,2,7595,B,27-Oct-25
2233,2,3077,B,19-Nov-25
2301,2,4147,B,05-Sep-25
2302,2,5435,B,05-Feb-25
2311,2,4516,B,27-Jul-25
2327,2,1640,B,11-Jan-25
2338,2,5560,B,26-Sep-25
2373,2,386,B,21-May-25
2402,2,5194,B,22-Apr-25
2443,2,7276,B,10-Sep-25
2480,2,2826,B,08-Nov-25
2493,2,4296,B,03-Aug-25
2497,2,1004,B,11-Feb-25
2508,2,1683,B,02-Mar-25
2514,2,4438,B,20-Feb-25
2567,2,5794,B,18-Nov-25
2573,2,2365,B,29-Mar-25
2585,2,5490,B,08-Mar-25
2588,2,1625,B,29-Sep-25
2600,2,3693,B,27-Apr-25
2601,2,4296,B,24-Nov-25
2603,2,2866,B,21-Feb-25
2606,2,3310,B,25-Jun-25
2614,2,821,B,13-Jun-25
2629,2,1957,B,06-Oct-25
2702,2,2122,B,26-Jan-25
2703,2,2484,B,02-Jan-26
2710,2,7990,B,16-Sep-25
2714,2,4390,B,08-Nov-25
2818,2,7898,B,07-Jan-26
2833,2,4614,B,31-Oct-25
2909,2,6579,B,31-Mar-25
2920,2,4518,B,31-Jul-25
2950,2,327,B,07-Oct-25
3049,2,969,B,25-May-25
3060,2,6210,B,14-Jul-25
3083,2,1074,B,26-Aug-25
3089,2,2881,B,15-Apr-25
3095,2,3041,B,23-Apr-25
3102,2,5433,B,12-May-25
3140,2,4671,B,09-Feb-25
3163,2,3260,B,12-Feb-25
3184,2,883,B,27-Aug-25
3194,2,681,B,04-Mar-25
3213,2,6169,B,24-May-25
3226,2,2989,B,20-Nov-25
3243,2,4377,B,21-Jan-25
3289,2,5504,B,09-Jan-26
3300,2,6038,B,18-Feb-25
3314,2,3166,B,06-Jan-26
3381,2,2333,B,08-Aug-25
3390,2,228,B,22-Jan-25
3392,2,1236,B,27-Jun-25
3420,2,1626,B,20-Mar-25
3447,2,4789,B,23-May-25
3481,2,1934,B,21-Feb-25
3509,2,2159,B,04-Nov-25
3516,2,5350,B,23-Dec-25
3537,2,987,B,30-Nov-25
3613,2,3450,B,13-Sep-25
3625,2,2017,B,12-Jan-25
3630,2,3284,B,24-Jul-25
3645,2,1387,B,19-Jul-25
3663,2,1154,B,18-Oct-25
3669,2,6403,B,05-Feb-25
3724,2,6369,B,12-Oct-25
3762,2,7045,B,13-Sep-25
3799,2,2355,B,11-Sep-25
3804,2,7453,B,24-Nov-25
3831,2,4952,B,13-Jan-26
3832,2,5874,B,28-Feb-25
3835,2,4378,B,04-Jul-25
3845,2,6797,B,14-Sep-25
3873,2,3658,B,21-Jun-25
3928,2,4651,B,28-Dec-25
3985,2,5728,B,30-Nov-25
4000,2,68,B,23-Apr-25
4008,2,5809,B,11-Apr-25
4013,2,5566,B,24-Oct-25
4033,2,863,B,23-May-25
4083,2,5977,B,16-Mar-25
4090,2,5005,B,24-Sep-25
4094,2,944,B,08-Jan-26
4138,2,1497,B,10-Jan-25
4156,2,7368,B,03-Nov-25
4157,2,2084,B,05-Mar-25
4213,2,7377,B,30-May-25
4226,2,2408,B,18-Feb-25
4292,2,7927,B,17-Apr-25
4302,2,5191,B,22-Nov-25
4321,2,7695,B,21-Nov-25
4326,2,7774,B,13-Jun-25
4377,2,69,B,06-Dec-25
4399,2,2749,B,23-Sep-25
4400,2,6884,B,26-Mar-25
4401,2,1626,B,04-Jan-25
4409,2,5203,B,07-Dec-25
4414,2,7292,B,18-Mar-25
4422,2,6856,B,02-Jan-26
4431,2,617,B,05-Jun-25
4438,2,2052,B,20-Sep-25
4454,2,2815,B,04-Apr-25
4458,2,2969,B,27-Oct-25
4495,2,1183,B,27-Apr-25
4516,2,939,B,27-Mar-25
4538,2,7456,B,10-Dec-25
4563,2,6309,B,29-Dec-25
4589,2,7080,B,15-Jan-25
4603,2,3409,B,06-Aug-25
4643,2,2102,B,11-Oct-25
4651,2,544,B,14-Nov-25
4658,2,6493,B,09-Oct-25
4719,2,3485,B,14-Jun-25
4840,2,5984,B,13-Jan-26
4860,2,712,B,22-Nov-25
4868,2,488,B,02-Jul-25
4870,2,5418,B,15-Nov-25
4911,2,5238,B,06-Jul-25
4916,2,3463,B,04-Apr-25
4949,2,5475,B,18-Oct-25
4950,2,3601,B,19-Jan-25
4976,2,4747,B,30-Sep-25
4977,2,6080,B,01-Nov-25
4980,2,7543,B,25-Sep-25
5028,2,5944,B,16-Jan-26
5029,2,4184,B,14-Feb-25
5040,2,5195,B,11-Mar-25
5074,2,7501,B,02-Sep-25
5079,2,2197,B,13-Jan-25
5082,2,459,B,22-Sep-25
5122,2,1135,B,10-May-25
5135,2,7485,B,07-Jan-25
5137,2,4454,B,19-Feb-25
5143,2,2795,B,23-Apr-25
5150,2,7535,B,21-Feb-25
5162,2,6982,B,16-Sep-25
5166,2,4033,B,20-Nov-25
5197,2,2786,B,25-Apr-25
5262,2,991,B,12-Aug-25
5312,2,5886,B,17-Jun-25
5320,2,3681,B,26-Aug-25
5321,2,7707,B,28-Jun-25
5331,2,5824,B,26-Jun-25
5419,2,6588,B,11-Jul-25
5434,2,4361,B,26-Oct-25
5449,2,4116,B,18-Dec-25
5460,2,7010,B,27-Feb-25
5472,2,6877,B,24-Jul-25
5490,2,5330,B,18-Jul-25
5511,2,6413,B,03-Feb-25
5517,2,7382,B,07-Oct-25
5519,2,5972,B,08-Mar-25
5549,2,7319,B,01-May-25
5610,2,3139,B,12-Oct-25
5631,2,4362,B,27-Nov-25
5633,2,1797,B,06-Dec-25
5644,2,859,B,24-Jun-25
5648,2,3465,B,09-Dec-25
5657,2,4468,B,13-Jan-25
5670,2,1764,B,18-Jan-26
5680,2,6857,B,01-Jan-26
5694,2,6037,B,29-Apr-25
5713,2,2032,B,29-Nov-25
5815,2,6069,B,14-Aug-25
5832,2,1866,B,05-Jan-25
5849,2,553,B,17-Sep-25
5853,2,3049,B,03-Jan-25
5931,2,6380,B,15-Nov-25
5936,2,5786,B,04-Mar-25
5953,2,3109,B,12-Apr-25
5975,2,7006,B,24-Jun-25
5996,2,2293,B,25-Nov-25
6006,2,7794,B,05-Mar-25
6033,2,642,B,18-Apr-25
6076,2,2690,B,08-Sep-25
6122,2,4448,B,04-Dec-25
6218,2,4419,B,26-Nov-25
6251,2,1061,B,10-Mar-25
6308,2,7172,B,26-Feb-25
6365,2,1496,B,20-Mar-25
6382,2,7070,B,21-Oct-25
6434,2,1170,B,30-Dec-25
6443,2,5797,B,14-May-25
6511,2,3152,B,04-Dec-25
6546,2,7250,B,27-Jan-25
6554,2,3113,B,30-Jul-25
6563,2,4063,B,24-Aug-25
6635,2,7789,B,10-Feb-25
6667,2,6334,B,08-Jan-25
6681,2,7969,B,08-Jun-25
6711,2,6091,B,03-Jun-25
6743,2,5399,B,05-Sep-25
6782,2,5886,B,04-Nov-25
6786,2,2813,B,06-May-25
6827,2,2526,B,19-Aug-25
6869,2,2603,B,02-Dec-25
6891,2,4698,B,06-Mar-25
6931,2,4525,B,21-Oct-25
6970,2,4553,B,10-Feb-25
6974,2,1501,B,29-Aug-25
6995,2,2430,B,12-Nov-25
7044,2,2657,B,18-Aug-25
7049,2,6281,B,18-Sep-25
7054,2,3472,B,10-Feb-25
7055,2,3685,B,11-Aug-25
7083,2,5270,B,07-Sep-25
7113,2,4943,B,11-Mar-25
7116,2,713,B,07-Dec-25
7124,2,5882,B,14-Oct-25
7130,2,4443,B,03-Jun-25
7140,2,1188,B,29-Aug-25
7214,2,3441,B,26-Jul-25
7231,2,4925,B,26-Aug-25
7317,2,6987,B,21-May-25
7331,2,3895,B,29-Sep-25
7334,2,3992,B,03-Jan-26
7391,2,2752,B,07-Oct-25
7399,2,7599,B,06-May-25
7485,2,7524,B,11-May-25
7504,2,979,B,25-Apr-25
7527,2,4358,B,28-May-25
7531,2,4935,B,06-Jun-25
7563,2,1952,B,01-Jul-25
7582,2,5296,B,16-Apr-25
7601,2,6289,B,09-Jan-26
7609,2,7149,B,28-May-25
7617,2,7847,B,11-Feb-25
7650,2,4595,B,27-Jul-25
7666,2,2364,B,28-Mar-25
7828,2,4370,B,13-Oct-25
7834,2,726,B,29-Aug-25
7846,2,1547,B,01-Dec-25
7847,2,2218,B,17-Feb-25
7871,2,5114,B,23-Sep-25
7872,2,4980,B,06-Jun-25
7882,2,7143,B,11-Jan-26
7890,2,2035,B,21-Oct-25
7914,2,6136,B,12-Nov-25
7917,2,6913,B,16-Nov-25
7928,2,1428,B,08-Jan-25
7969,2,6538,B,24-Mar-25
7982,2,5446,B,12-Sep-25
7992,2,7299,B,12-Jan-25
8056,2,2174,B,08-Jun-25
8069,2,3141,B,12-Feb-25
8080,2,5537,B,05-Nov-25
8096,2,584,B,05-Feb-25
8186,2,4279,B,24-Oct-25
8191,2,6993,B,06-Jun-25
8201,2,2828,B,16-Jan-26
8210,2,4498,B,26-Apr-25
8226,2,3159,B,08-Aug-25
8230,2,2030,B,05-Jan-26
8242,2,3561,B,04-Jul-25
8249,2,1557,B,24-Apr-25
8250,2,2402,B,12-Dec-25
8267,2,5615,B,09-Feb-25
8279,2,3386,B,08-Jun-25
8282,2,487,B,29-Aug-25
8315,2,5978,B,01-Jan-26
8404,2,1293,B,28-Dec-25
8506,2,7973,B,31-Jul-25
8510,2,1204,B,30-Mar-25
8516,2,1315,B,08-Feb-25
8517,2,686,B,18-May-25
8551,2,2382,B,11-Oct-25
8575,2,4409,B,05-Apr-25
8584,2,1773,B,02-Jun-25
8607,2,3733,B,15-Jan-25
8656,2,7936,B,23-Feb-25
8675,2,3150,B,07-Jul-25
8722,2,7809,B,26-Apr-25
8752,2,2330,B,16-Aug-25
8769,2,5470,B,10-Oct-25
8771,2,7860,B,16-Jun-25
8772,2,793,B,28-Feb-25
8780,2,5699,B,15-Mar-25
8808,2,926,B,04-Jun-25
8815,2,1759,B,05-Mar-25
8841,2,5751,B,12-Oct-25
8882,2,2929,B,07-Aug-25
8890,2,5265,B,08-Dec-25
8935,2,2242,B,19-May-25
8936,2,4628,B,23-Nov-25
8970,2,7043,B,15-Mar-25
9025,2,7072,B,15-Mar-25
9027,2,4542,B,10-Jan-26
9030,2,4663,B,06-May-25
9048,2,83,B,04-Mar-25
9062,2,6056,B,11-Jan-26
9078,2,7079,B,20-Dec-25
9125,2,2393,B,25-Jul-25
9149,2,1732,B,09-Aug-25
9151,2,5249,B,11-May-25
9180,2,7312,B,15-May-25
9229,2,7895,B,14-Sep-25
9243,2,3957,B,27-Sep-25
9256,2,4102,B,21-Mar-25
9282,2,3374,B,28-Oct-25
9295,2,7187,B,01-Jan-26
9335,2,905,B,02-Mar-25
9360,2,1381,B,05-Jun-25
9376,2,4266,B,31-Oct-25
9411,2,956,B,18-Jun-25
9431,2,4241,B,14-Jul-25
9448,2,3393,B,26-Apr-25
9470,2,6944,B,02-Sep-25
9478,2,1742,B,25-Sep-25
9523,2,7000,B,22-Apr-25
9529,2,6695,B,21-Jan-25
9579,2,2542,B,16-Sep-25
9649,2,6086,B,10-Jul-25
9652,2,5754,B,22-Aug-25
9653,2,5962,B,01-Oct-25
9656,2,4753,B,05-Jan-26
9666,2,4218,B,12-Dec-25
9708,2,1550,B,29-Sep-25
9709,2,3102,B,22-Apr-25
9771,2,5210,B,04-Jun-25
9787,2,6010,B,08-Jun-25
9812,2,7133,B,02-Oct-25
9827,2,2073,B,06-Aug-25
9829,2,5680,B,11-Dec-25
9932,2,6312,B,19-Jul-25
9962,2,3131,B,19-Apr-25
9965,2,1536,B,15-May-25
10045,2,7853,B,11-Jul-25
10072,2,7532,B,04-May-25
10083,2,6495,B,24-Apr-25
10099,2,1,B,04-Nov-25
10139,2,5949,B,04-Nov-25
10167,2,268,B,17-Nov-25
10196,2,256,B,03-Aug-25
10201,2,7688,B,31-Mar-25
10227,2,5568,B,19-Jul-25
10246,2,1805,B,29-Dec-25
10264,2,5963,B,01-Jan-26
10268,2,164,B,11-Mar-25
10294,2,7505,B,30-May-25
10324,2,7669,B,17-Dec-25
10383,2,6246,B,20-Jul-25
10392,2,6155,B,19-Jan-25
10401,2,5441,B,05-Jun-25
10424,2,6938,B,26-Nov-25
10443,2,2409,B,03-Oct-25
10444,2,7922,B,10-Nov-25
10513,2,7437,B,02-Aug-25
10552,2,6379,B,17-Mar-25
10556,2,275,B,03-Feb-25
10561,2,4802,B,01-Jul-25
10584,2,6577,B,20-Dec-25
10672,2,2373,B,03-Aug-25
10714,2,7994,B,09-Apr-25
10746,2,7463,B,11-Jul-25
10758,2,6445,B,15-Feb-25
10764,2,4066,B,23-May-25
10793,2,2233,B,28-Sep-25
10848,2,4239,B,14-Feb-25
10857,2,2076,B,20-Oct-25
10864,2,990,B,12-Feb-25
10879,2,97,B,19-Sep-25
10905,2,7258,B,24-Oct-25
10923,2,6217,B,27-Oct-25
10941,2,2579,B,19-Mar-25
11021,2,2742,B,22-Apr-25
11056,2,4796,B,22-Mar-25
11061,2,5588,B,19-Feb-25
11062,2,2998,B,29-Sep-25
11070,2,4314,B,14-Jan-26
11141,2,2086,B,28-Jan-25
11180,2,7663,B,02-Aug-25
11185,2,1979,B,08-Nov-25
11204,2,4594,B,10-Oct-25
11213,2,1935,B,04-Jun-25
11234,2,7973,B,09-Jan-26
11235,2,4061,B,21-Nov-25
11237,2,4876,B,04-Jan-26
11309,2,3801,B,02-May-25
11329,2,4896,B,14-Aug-25
11355,2,4176,B,19-Dec-25
11367,2,6021,B,02-Jan-26
11373,2,3561,B,14-Apr-25
11379,2,3302,B,11-Jan-25
11394,2,1156,B,07-Dec-25
11396,2,2868,B,07-Feb-25
11398,2,5481,B,09-Mar-25
11428,2,2885,B,23-Mar-25
11432,2,2060,B,12-Jan-26
11456,2,3870,B,11-May-25
11515,2,6469,B,03-Mar-25
11572,2,5963,B,21-Nov-25
11615,2,2945,B,03-May-25
11623,2,1312,B,26-Dec-25
11633,2,2664,B,02-Jan-25
11686,2,7886,B,06-Jul-25
11697,2,5547,B,31-Jan-25
11704,2,851,B,26-Jun-25
11718,2,875,B,10-Feb-25
11727,2,2846,B,07-Dec-25
11734,2,2139,B,10-Aug-25
11765,2,3691,B,28-Nov-25
11779,2,6684,B,07-Mar-25
11803,2,1285,B,05-Jul-25
11836,2,5240,B,09-Nov-25
11915,2,4235,B,16-Mar-25
11918,2,4567,B,25-May-25
11925,2,5831,B,02-Jan-25
11935,2,7351,B,12-Apr-25
11981,2,2587,B,09-Dec-25
12002,2,977,B,15-Dec-25
12003,2,1571,B,10-Jul-25
12023,2,1928,B,28-Jun-25
12044,2,5680,B,10-Jul-25
12059,2,3291,B,18-Dec-25
12080,2,5889,B,31-Jul-25
12087,2,6553,B,08-Mar-25
12090,2,1306,B,20-Dec-25
12126,2,3653,B,24-Oct-25
12152,2,7094,B,08-Nov-25
12153,2,2137,B,13-Sep-25
12172,2,2611,B,21-Dec-25
12183,2,7364,B,13-Jan-25
12203,2,6358,B,10-Sep-25
12227,2,3945,B,19-Dec-25
12236,2,3914,B,06-Nov-25
12245,2,2455,B,09-Feb-25
12251,2,288,B,25-Jul-25
12317,2,2654,B,13-May-25
12345,2,7669,B,03-Sep-25
12360,2,5016,B,10-Dec-25
12387,2,244,B,04-Dec-25
12394,2,7189,B,07-Jan-25
12408,2,3142,B,30-Aug-25
12422,2,2986,B,23-May-25
12478,2,4576,B,31-Jan-25
12482,2,2151,B,10-Oct-25
12499,2,1606,B,08-Feb-25
12562,2,4599,B,08-Nov-25
12573,2,5592,B,25-Jun-25
12584,2,232,B,29-Jan-25
12601,2,952,B,06-Oct-25
12612,2,1176,B,22-Oct-25
12621,2,5348,B,12-Mar-25
12648,2,3932,B,17-Mar-25
12664,2,5467,B,21-Feb-25
12678,2,259,B,30-Aug-25
12709,2,2703,B,07-Jan-25
12760,2,4375,B,08-Apr-25
12776,2,4381,B,02-Nov-25
12831,2,1523,B,16-Dec-25
12865,2,7281,B,24-Jan-25
12871,2,879,B,20-Jul-25
12872,2,4745,B,22-Dec-25
12879,2,6964,B,13-Jan-25
12910,2,6158,B,23-Jun-25
12920,2,348,B,25-Feb-25
12948,2,5961,B,10-Jun-25
12958,2,1988,B,14-Nov-25
12966,2,6833,B,05-Oct-25
13025,2,5187,B,11-May-25
13046,2,1662,B,01-Jan-25
13070,2,4540,B,19-Apr-25
13084,2,3357,B,25-Nov-25
13106,2,3786,B,18-Mar-25
13138,2,5069,B,19-Dec-25
13151,2,6922,B,02-Apr-25
13161,2,5893,B,20-Nov-25
13217,2,6439,B,05-May-25
13227,2,1794,B,16-Oct-25
13283,2,7660,B,16-Jun-25
13296,2,2427,B,08-May-25
13323,2,2045,B,30-Nov-25
13354,2,1680,B,20-Mar-25
13359,2,349,B,13-Jul-25
13432,2,7154,B,15-Jan-25
13444,2,115,B,18-Apr-25
13457,2,5278,B,27-May-25
13501,2,7042,B,25-Feb-25
13529,2,1562,B,28-Feb-25
13532,2,3916,B,23-Jul-25
13681,2,2034,B,27-Jul-25
13706,2,6478,B,01-Nov-25
13730,2,4629,B,08-Nov-25
13745,2,2463,B,11-Jan-25
13750,2,5930,B,25-Sep-25
13825,2,6327,B,15-Mar-25
13831,2,5477,B,10-Jul-25
13850,2,141,B,02-Feb-25
13901,2,2247,B,19-Oct-25
13929,2,6820,B,05-Dec-25
13949,2,7688,B,22-Apr-25
13993,2,535,B,12-Mar-25
14011,2,404,B,22-Jul-25
14054,2,1064,B,01-Jan-25
14100,2,4656,B,11-Sep-25
14157,2,7155,B,27-Jan-25
14170,2,4413,B,04-Sep-25
14200,2,3828,B,09-Jun-25
14279,2,19,B,20-Jan-25
14308,2,4959,B,05-Oct-25
14311,2,3385,B,03-Nov-25
14338,2,3705,B,30-Nov-25
14345,2,5709,B,21-Jan-25
14349,2,587,B,15-Jan-26
14388,2,2584,B,03-Jul-25
14423,2,1792,B,29-Apr-25
14428,2,4230,B,03-Jun-25
14467,2,7658,B,18-Dec-25
14475,2,3711,B,09-Apr-25
14486,2,4317,B,27-Jun-25
14488,2,79,B,24-Jul-25
14544,2,5777,B,07-May-25
14567,2,2259,B,10-May-25
14614,2,6259,B,12-Nov-25
14625,2,2521,B,03-Jan-26
14631,2,3765,B,03-Mar-25
14644,2,4288,B,05-Jun-25
14659,2,6656,B,21-Feb-25
14660,2,1684,B,30-Aug-25
14738,2,2678,B,18-Sep-25
14756,2,7104,B,10-Jul-25
14765,2,7451,B,12-Mar-25
14791,2,7555,B,03-Aug-25
14823,2,187,B,21-Jan-25
14828,2,3682,B,06-Jan-26
14848,2,7045,B,05-Nov-25
14854,2,1091,B,09-Jan-25
14865,2,2639,B,03-Apr-25
14948,2,1487,B,08-Sep-25
14950,2,572,B,13-Jul-25
14996,2,6236,B,24-Aug-25
15028,2,4783,B,11-Dec-25
15082,2,4812,B,16-May-25
15099,2,7736,B,02-Jul-25
15108,2,4240,B,01-Oct-25
15118,2,6469,B,25-Jan-25
15166,2,5647,B,20-Sep-25
15177,2,123,B,03-Jun-25
15185,2,6412,B,02-Jan-25
15272,2,6168,B,03-Jun-25
15278,2,1096,B,10-May-25
15324,2,804,B,19-Jun-25
15340,2,4906,B,24-Oct-25
15366,2,4815,B,02-Jan-25
15410,2,3277,B,19-Feb-25
15419,2,2558,B,21-Sep-25
15429,2,5131,B,17-Mar-25
15458,2,4880,B,26-Mar-25
15467,2,3929,B,09-Nov-25
15496,2,6289,B,13-Jan-25
15501,2,1347,B,16-Apr-25
15520,2,4188,B,23-Dec-25
15549,2,1269,B,28-Nov-25
15582,2,3424,B,02-May-25
15652,2,5796,B,04-Jan-25
15655,2,3821,B,13-Feb-25
15679,2,1303,B,23-Nov-25
15703,2,3919,B,12-Mar-25
15724,2,3903,B,25-Oct-25
15732,2,6123,B,08-Aug-25
15760,2,6957,B,15-Jun-25
15802,2,196,B,26-Mar-25
15845,2,97,B,26-Jun-25
15848,2,3912,B,29-Jan-25
15932,2,1487,B,13-Oct-25
15944,2,1009,B,20-Nov-25
15951,2,572,B,02-Nov-25
15995,2,796,B,20-Apr-25
16009,2,5177,B,23-May-25
16019,2,3867,B,13-Mar-25
16043,2,1997,B,25-Jul-25
16059,2,3622,B,12-Jul-25
16146,2,805,B,14-Oct-25
16172,2,5798,B,22-Nov-25
16183,2,5116,B,16-Nov-25
16207,2,2562,B,30-Sep-25
16208,2,33,B,21-Jan-25
16211,2,7882,B,19-Feb-25
16218,2,3084,B,05-Nov-25
16219,2,3176,B,15-Jun-25
16232,2,3272,B,28-Jul-25
16233,2,3204,B,21-Oct-25
16240,2,546,B,26-Oct-25
16247,2,215,B,27-Apr-25
16292,2,671,B,17-May-25
16317,2,6415,B,19-Mar-25
16331,2,6384,B,19-Nov-25
16347,2,213,B,26-Sep-25
16355,2,634,B,14-Nov-25
16386,2,4336,B,03-Oct-25
16418,2,7715,B,09-Dec-25
16440,2,7925,B,11-Aug-25
16443,2,2110,B,08-Mar-25
16484,2,1534,B,12-Aug-25
16491,2,6718,B,30-Nov-25
16512,2,783,B,14-Mar-25
16516,2,3757,B,23-Oct-25
16546,2,3812,B,16-Nov-25
16555,2,3871,B,17-May-25
16559,2,272,B,06-Jan-26
16584,2,2633,B,23-Nov-25
16620,2,6234,B,06-Apr-25
16662,2,4538,B,23-Apr-25
16677,2,1987,B,25-Jun-25
16744,2,880,B,09-Aug-25
16759,2,5470,B,22-Jan-25
16770,2,2452,B,07-Dec-25
16806,2,681,B,20-Mar-25
16820,2,327,B,28-Nov-25
16831,2,6154,B,20-Aug-25
16836,2,1853,B,20-Jan-25
16837,2,2074,B,20-Nov-25
16840,2,2466,B,01-Jul-25
16949,2,7471,B,24-Nov-25
16953,2,4449,B,21-Sep-25
16993,2,6495,B,02-Jul-25
17029,2,5605,B,03-Dec-25
17065,2,3198,B,05-Oct-25
17115,2,5636,B,03-Jul-25
17119,2,2701,B,07-Dec-25
17140,2,3771,B,09-Jan-25
17161,2,1916,B,09-Dec-25
17169,2,5337,B,25-Sep-25
17183,2,2003,B,01-Jan-26
17193,2,2299,B,01-Mar-25
17199,2,4674,B,26-Jun-25
17200,2,2349,B,25-Jan-25
17201,2,3569,B,18-Aug-25
17203,2,2928,B,25-Sep-25
17216,2,251,B,28-Jul-25
17224,2,68,B,10-Aug-25
17243,2,6608,B,18-Dec-25
17246,2,2168,B,06-Apr-25
17253,2,150,B,01-Jan-26
17285,2,3252,B,17-Aug-25
17295,2,4574,B,11-Sep-25
17306,2,6935,B,15-Nov-25
17340,2,2681,B,19-Nov-25
17345,2,4370,B,11-May-25
17373,2,6394,B,29-Oct-25
17452,2,2248,B,01-Jan-25
17454,2,291,B,11-Jan-25
17494,2,51,B,26-Aug-25
17556,2,7990,B,26-Jan-25
17569,2,3391,B,23-Feb-25
17575,2,3188,B,05-Jan-26
17578,2,3549,B,19-Aug-25
17586,2,5083,B,03-Jan-25
17588,2,1476,B,14-Jan-26
17590,2,5501,B,08-Jan-26
17622,2,5345,B,14-Jan-25
17643,2,675,B,06-Mar-25
17671,2,7584,B,10-Jan-26
17727,2,3875,B,04-Jul-25
17728,2,4798,B,12-Sep-25
17729,2,1113,B,01-Apr-25
17756,2,4244,B,27-Sep-25
17760,2,5769,B,08-Jun-25
17761,2,722,B,28-Nov-25
17762,2,311,B,08-Oct-25
17819,2,6445,B,20-Aug-25
17829,2,3317,B,28-Jul-25
17835,2,1726,B,29-Mar-25
17864,2,5729,B,28-Oct-25
17898,2,4878,B,15-May-25
17901,2,5042,B,25-Jul-25
17947,2,7132,B,10-Jun-25
17962,2,7932,B,21-Jun-25
17978,2,4739,B,05-Jun-25
18013,2,442,B,20-Aug-25
18062,2,1870,B,25-May-25
18069,2,6096,B,22-Jan-25
18102,2,560,B,21-Apr-25
18114,2,2058,B,03-Feb-25
18133,2,4466,B,22-Apr-25
18162,2,3445,B,04-Jul-25
18193,2,5309,B,12-Mar-25
18220,2,6095,B,13-Nov-25
18222,2,2962,B,17-Aug-25
18242,2,5255,B,21-Sep-25
18265,2,7554,B,26-Mar-25
18267,2,1529,B,18-Sep-25
18274,2,3806,B,14-Nov-25
18307,2,556,B,15-Sep-25
18308,2,1641,B,19-Mar-25
18324,2,6883,B,11-Nov-25
18336,2,845,B,29-Jul-25
18355,2,4574,B,02-Apr-25
18404,2,3701,B,12-Feb-25
18430,2,778,B,09-Nov-25
18439,2,6250,B,27-Feb-25
18440,2,4599,B,17-Oct-25
18487,2,4562,B,04-May-25
18564,2,4027,B,17-Nov-25
18575,2,1975,B,18-Mar-25
18599,2,1872,B,23-Sep-25
18645,2,2768,B,22-Feb-25
18680,2,5099,B,10-Nov-25
18693,2,2874,B,19-Jun-25
18742,2,2501,B,18-May-25
18762,2,7924,B,01-Nov-25
18772,2,6688,B,25-Jan-25
18779,2,3872,B,28-Dec-25
18797,2,4665,B,04-Sep-25
18832,2,6765,B,20-Dec-25
18860,2,5812,B,02-Oct-25
18891,2,6491,B,04-Jul-25
18942,2,3733,B,07-Oct-25
18950,2,7911,B,08-Jan-26
18955,2,917,B,30-Nov-25
18965,2,1521,B,22-Oct-25
18971,2,1312,B,03-Dec-25
18979,2,4806,B,09-Aug-25
18990,2,6610,B,06-Nov-25
19005,2,1441,B,25-Jul-25
19007,2,7272,B,17-Jan-25
19026,2,4836,B,22-Apr-25
19064,2,662,B,31-Jan-25
19113,2,4807,B,13-Jul-25
19117,2,659,B,24-Oct-25
19142,2,6112,B,10-Apr-25
19157,2,7609,B,27-May-25
19186,2,1976,B,05-Jul-25
19190,2,1127,B,21-Oct-25
19192,2,4452,B,06-Jul-25
19197,2,622,B,31-Jan-25
19198,2,6584,B,03-Dec-25
19200,2,1383,B,14-Jan-26
19213,2,5908,B,30-Sep-25
19219,2,884,B,28-Mar-25
19226,2,7959,B,20-Aug-25
19227,2,5286,B,07-Oct-25
19304,2,6303,B,25-Nov-25
19375,2,4944,B,01-Nov-25
19422,2,6201,B,13-Oct-25
19473,2,7862,B,03-Aug-25
19502,2,4369,B,04-Sep-25
19513,2,1026,B,04-Jan-26
19538,2,6539,B,24-Jan-25
19563,2,1653,B,17-Mar-25
19569,2,3362,B,06-Nov-25
19571,2,3898,B,30-Jan-25
19576,2,4415,B,23-Apr-25
19592,2,5326,B,12-Dec-25
19692,2,4596,B,03-Mar-25
19704,2,486,B,15-Dec-25
19748,2,85,B,05-Jan-26
19785,2,5645,B,04-May-25
19816,2,4976,B,12-Oct-25
19857,2,4471,B,30-Aug-25
19879,2,1802,B,12-Apr-25
19913,2,7933,B,14-Feb-25
19918,2,1590,B,28-Dec-25
19950,2,2502,B,05-Sep-25
19969,2,5630,B,22-Mar-25
6,7,5959,B,15-Jul-25
60,7,43,B,01-May-25
86,7,7607,B,22-Apr-25
159,7,76,B,17-Nov-25
168,7,4539,B,20-Jun-25
179,7,4842,B,27-Dec-25
208,7,7368,B,28-Jul-25
238,7,4214,B,05-Aug-25
278,7,5531,B,18-Feb-25
291,7,7350,B,19-Jan-25
297,7,710,B,29-Jun-25
333,7,2995,B,23-Jun-25
374,7,3725,B,04-Feb-25
445,7,3887,B,12-Jun-25
480,7,4637,B,07-Aug-25
482,7,7424,B,26-Oct-25
501,7,5660,B,15-Oct-25
502,7,5284,B,13-Jun-25
520,7,1634,B,10-Aug-25
531,7,5914,B,07-Aug-25
542,7,4535,B,21-Nov-25
551,7,6720,B,17-Nov-25
560,7,7693,B,29-Aug-25
564,7,5184,B,21-Jul-25
571,7,5274,B,11-Nov-25
592,7,1782,B,28-Aug-25
598,7,2040,B,16-Jun-25
648,7,4365,B,06-Sep-25
662,7,2216,B,14-Aug-25
669,7,1258,B,09-Apr-25
680,7,986,B,29-Aug-25
688,7,7992,B,14-Jan-26
732,7,2260,B,11-Jun-25
778,7,3998,B,15-Feb-25
807,7,481,B,12-Apr-25
812,7,2646,B,28-Jan-25
816,7,2908,B,03-Mar-25
829,7,4694,B,12-Jan-26
834,7,87,B,17-May-25
865,7,4480,B,03-Dec-25
894,7,2955,B,07-Aug-25
912,7,2262,B,08-Aug-25
917,7,3951,B,07-Dec-25
929,7,2297,B,07-Jan-25
970,7,949,B,31-Aug-25
978,7,6490,B,18-Nov-25
986,7,655,B,09-Feb-25
999,7,6605,B,24-Apr-25
1018,7,3948,B,02-Jan-26
1020,7,6011,B,05-Nov-25
1035,7,6385,B,18-Feb-25
1047,7,3200,B,20-May-25
1070,7,5915,B,28-Mar-25
1072,7,4122,B,02-Jan-25
1077,7,5761,B,18-Jun-25
1098,7,231,B,24-Dec-25
1118,7,6983,B,09-Jul-25
1119,7,2727,B,02-Dec-25
1144,7,4194,B,26-Apr-25
1163,7,1792,B,13-Feb-25
1208,7,572,B,27-Jan-25
1261,7,3969,B,11-Aug-25
1262,7,5380,B,26-Mar-25
1267,7,5661,B,22-Dec-25
1331,7,1964,B,28-Oct-25
1355,7,2045,B,12-May-25
1358,7,2049,B,10-Jul-25
1361,7,6669,B,02-Nov-25
1416,7,1278,B,16-Mar-25
1434,7,6120,B,17-Nov-25
1446,7,5509,B,30-Jun-25
1483,7,919,B,05-Feb-25
1490,7,4682,B,19-Oct-25
1552,7,997,B,20-Jan-25
1564,7,5533,B,02-Jun-25
1582,7,1062,B,04-Apr-25
1599,7,5,B,04-Dec-25
1675,7,6186,B,19-Mar-25
1682,7,5945,B,21-Nov-25
1703,7,5669,B,01-Apr-25
1730,7,6988,B,03-Oct-25
1737,7,1315,B,05-May-25
1802,7,6974,B,14-Jul-25
1859,7,1518,B,30-Aug-25
1877,7,6215,B,14-Mar-25
1884,7,4247,B,15-Jan-26
1895,7,6862,B,09-Nov-25
1992,7,414,B,31-Jan-25
1997,7,3600,B,31-Jul-25
2012,7,4211,B,18-Mar-25
2044,7,1618,B,09-Jun-25
2045,7,3120,B,04-Jul-25
2060,7,365,B,16-Jan-26
2064,7,2073,B,22-Jan-25
2082,7,4421,B,24-Apr-25
2088,7,1271,B,22-Nov-25
2101,7,5418,B,12-Aug-25
2110,7,6380,B,06-Jan-26
2151,7,2681,B,07-Jun-25
2159,7,5008,B,14-Mar-25
2204,7,5300,B,08-Sep-25
2206,7,1895,B,02-May-25
2207,7,3527,B,26-Apr-25
2247,7,2862,B,12-Oct-25
2256,7,3479,B,09-Jul-25
2267,7,759,B,25-May-25
2276,7,466,B,21-Oct-25
2300,7,3335,B,02-Apr-25
2314,7,1511,B,18-Mar-25
2340,7,2470,B,06-May-25
2345,7,3370,B,09-Apr-25
2366,7,3282,B,02-Oct-25
2367,7,4979,B,18-Jan-26
2378,7,5910,B,26-Feb-25
2386,7,2767,B,04-Feb-25
2432,7,6664,B,06-Jan-25
2444,7,6294,B,15-Aug-25
2447,7,7134,B,06-Jan-25
2485,7,2100,B,03-May-25
2492,7,7782,B,15-Jul-25
2494,7,4754,B,30-Apr-25
2548,7,6544,B,01-Jun-25
2552,7,7046,B,14-May-25
2559,7,3969,B,05-Mar-25
2604,7,2992,B,07-Oct-25
2616,7,929,B,18-Aug-25
2637,7,2803,B,16-Oct-25
2666,7,4825,B,21-Mar-25
2680,7,1211,B,20-May-25
2705,7,2960,B,20-Feb-25
2730,7,2854,B,26-Dec-25
2733,7,1750,B,31-Oct-25
2754,7,5595,B,02-Feb-25
2779,7,6912,B,11-Sep-25
2819,7,3036,B,17-Mar-25
2824,7,4688,B,04-Dec-25
2827,7,4890,B,13-Feb-25
2854,7,2886,B,24-Jan-25
2891,7,3863,B,09-Jan-26
2951,7,5383,B,11-Feb-25
2993,7,7424,B,14-Apr-25
2995,7,7294,B,15-Sep-25
2999,7,5467,B,10-May-25
3064,7,3765,B,16-Sep-25
3075,7,5765,B,23-Jan-25
3115,7,289,B,25-May-25
3257,7,5525,B,17-Dec-25
3258,7,7610,B,26-Feb-25
3275,7,2672,B,13-Aug-25
3281,7,5063,B,02-Jun-25
3286,7,2321,B,02-Feb-25
3317,7,2021,B,01-Mar-25
3320,7,4172,B,30-Mar-25
3369,7,6997,B,16-Oct-25
3376,7,5036,B,15-Jul-25
3401,7,4209,B,15-Jun-25
3404,7,7001,B,03-Mar-25
3457,7,6631,B,21-Jun-25
3525,7,5317,B,16-Jan-25
3546,7,7133,B,17-Dec-25
3547,7,2198,B,18-Jan-26
3579,7,7749,B,12-Jun-25
3588,7,6487,B,25-Oct-25
3604,7,7080,B,26-Feb-25
3608,7,154,B,24-Nov-25
3631,7,5378,B,05-Feb-25
3700,7,5238,B,02-Sep-25
3710,7,1939,B,30-Dec-25
3768,7,2784,B,19-Feb-25
3775,7,560,B,28-Aug-25
3821,7,6476,B,25-Jun-25
3824,7,7537,B,26-Sep-25
3888,7,1045,B,03-Sep-25
3908,7,803,B,17-Sep-25
3913,7,5407,B,10-Jan-25
3932,7,6777,B,11-Dec-25
3938,7,2824,B,02-Jul-25
3962,7,3451,B,26-Oct-25
3998,7,6205,B,07-Jun-25
4022,7,6635,B,25-Aug-25
4085,7,4084,B,26-Feb-25
4112,7,7301,B,12-Sep-25
4145,7,2630,B,17-Jan-26
4173,7,6776,B,24-Mar-25
4195,7,7878,B,07-Jan-25
4207,7,5225,B,03-Dec-25
4210,7,3030,B,16-Nov-25
4224,7,4895,B,08-Jan-26
4263,7,593,B,22-Jul-25
4271,7,5804,B,26-Jul-25
4341,7,1324,B,24-Mar-25
4345,7,2448,B,15-Mar-25
4351,7,5838,B,04-May-25
4366,7,4062,B,30-Jun-25
4407,7,5334,B,08-Aug-25
4420,7,1934,B,29-Apr-25
4427,7,1242,B,12-Nov-25
4432,7,3805,B,26-May-25
4467,7,2948,B,30-Jan-25
4508,7,2917,B,11-Jan-25
4512,7,979,B,20-Sep-25
4578,7,5319,B,26-Apr-25
4608,7,7315,B,16-Mar-25
4655,7,735,B,08-Apr-25
4672,7,3729,B,23-May-25
4703,7,4593,B,07-Jan-26
4757,7,6377,B,12-Jan-25
4770,7,2593,B,27-Oct-25
4777,7,4826,B,01-Nov-25
4808,7,5733,B,24-Sep-25
4821,7,3758,B,27-May-25
4837,7,3899,B,05-Aug-25
4845,7,4149,B,31-Jul-25
4861,7,2166,B,15-Oct-25
4863,7,5703,B,05-Mar-25
4953,7,6562,B,16-Nov-25
4983,7,7001,B,24-Dec-25
4994,7,5138,B,07-Aug-25
5006,7,1150,B,06-May-25
5024,7,3764,B,26-Sep-25
5060,7,5697,B,16-Dec-25
5063,7,2229,B,02-Mar-25
5064,7,7537,B,02-Aug-25
5088,7,6642,B,07-Jan-26
5092,7,6285,B,27-Aug-25
5133,7,566,B,25-Sep-25
5158,7,5209,B,10-Jan-25
5178,7,2629,B,04-May-25
5184,7,6482,B,19-Apr-25
5261,7,7044,B,28-May-25
5264,7,5870,B,25-Dec-25
5265,7,4819,B,23-Jan-25
5295,7,7397,B,24-May-25
5296,7,2053,B,07-Jul-25
5330,7,6143,B,26-May-25
5365,7,6174,B,20-Apr-25
5429,7,6422,B,17-Jan-26
5433,7,2123,B,24-Sep-25
5481,7,7030,B,09-Nov-25
5489,7,4779,B,04-Jun-25
5521,7,7757,B,16-Jan-25
5577,7,5248,B,03-Oct-25
5586,7,3430,B,24-Aug-25
5609,7,1146,B,08-Dec-25
5627,7,2147,B,02-Dec-25
5716,7,4463,B,16-Jan-25
5727,7,1793,B,15-Jan-26
5735,7,674,B,02-Jun-25
5749,7,1207,B,22-Jul-25
5811,7,2100,B,10-Nov-25
5859,7,3034,B,24-Oct-25
5861,7,7094,B,05-May-25
5862,7,867,B,18-Sep-25
5876,7,4997,B,26-Sep-25
5892,7,5924,B,16-Mar-25
5920,7,942,B,02-Sep-25
5937,7,1183,B,25-May-25
5958,7,6676,B,29-Mar-25
6007,7,1928,B,03-Jun-25
6042,7,719,B,05-Feb-25
6051,7,7525,B,21-Nov-25
6149,7,6171,B,05-Feb-25
6213,7,4340,B,08-Jul-25
6216,7,7491,B,12-Mar-25
6226,7,496,B,30-Oct-25
6238,7,2370,B,18-Apr-25
6245,7,7952,B,18-May-25
6260,7,6945,B,14-Jan-25
6291,7,5293,B,01-Jan-26
6316,7,3190,B,18-Dec-25
6366,7,4057,B,04-Sep-25
6375,7,5740,B,20-May-25
6381,7,1966,B,02-Jul-25
6409,7,3631,B,27-Apr-25
6416,7,6436,B,03-Aug-25
6433,7,7945,B,12-Jan-26
6463,7,7045,B,25-Apr-25
6468,7,1978,B,04-Sep-25
6489,7,48,B,04-May-25
6544,7,5761,B,02-Oct-25
6569,7,4350,B,24-Mar-25
6586,7,4863,B,13-Apr-25
6641,7,5773,B,16-Nov-25
6666,7,5779,B,21-Sep-25
6687,7,3623,B,18-Jan-26
6732,7,4924,B,21-Jul-25
6747,7,2259,B,14-Feb-25
6771,7,5122,B,12-Mar-25
6787,7,4398,B,20-Feb-25
6797,7,233,B,21-Jul-25
6835,7,5023,B,13-Nov-25
6836,7,1577,B,26-Nov-25
6852,7,6996,B,23-Jul-25
6857,7,3916,B,17-Jan-25
6862,7,1040,B,14-Oct-25
6866,7,5428,B,27-Nov-25
6895,7,4778,B,21-May-25
6915,7,6005,B,10-Jun-25
6920,7,7870,B,22-Jun-25
6923,7,42,B,19-Feb-25
6941,7,7493,B,03-Apr-25
6966,7,5825,B,10-Jan-26
6975,7,5345,B,17-Oct-25
6980,7,1702,B,02-Apr-25
6981,7,6823,B,13-Mar-25
6996,7,4484,B,04-May-25
7013,7,4226,B,24-Oct-25
7061,7,2255,B,04-Oct-25
7064,7,7673,B,23-Oct-25
7065,7,4569,B,28-Dec-25
7142,7,3618,B,30-Jul-25
7154,7,6875,B,17-Feb-25
7156,7,2460,B,11-Jan-26
7177,7,7769,B,06-Oct-25
7181,7,3221,B,08-Sep-25
7212,7,6590,B,23-May-25
7218,7,1565,B,27-Dec-25
7222,7,1314,B,06-Apr-25
7229,7,4420,B,12-Jan-25
7239,7,5496,B,24-Mar-25
7242,7,5217,B,13-Aug-25
7246,7,1388,B,03-May-25
7256,7,6146,B,06-Oct-25
7311,7,410,B,13-Apr-25
7319,7,2051,B,02-Jul-25
7358,7,6825,B,05-Sep-25
7370,7,192,B,13-Mar-25
7382,7,5527,B,05-Sep-25
7397,7,3143,B,04-Mar-25
7426,7,3289,B,01-Dec-25
7458,7,2329,B,26-Sep-25
7540,7,533,B,28-Feb-25
7548,7,2105,B,20-Feb-25
7557,7,7395,B,08-Apr-25
7574,7,5264,B,10-Dec-25
7578,7,1256,B,18-Dec-25
7631,7,3831,B,07-Jul-25
7713,7,7937,B,01-Jan-26
7716,7,5058,B,16-Mar-25
7719,7,2606,B,11-Mar-25
7742,7,648,B,21-Oct-25
7754,7,3603,B,07-Mar-25
7783,7,5857,B,21-Oct-25
7861,7,193,B,06-Dec-25
8007,7,2786,B,29-Jul-25
8041,7,4536,B,15-Feb-25
8042,7,5541,B,24-Feb-25
8047,7,4745,B,23-Mar-25
8048,7,2290,B,26-Jul-25
8052,7,2938,B,16-Jun-25
8067,7,2843,B,03-Jan-26
8078,7,7566,B,14-Nov-25
8134,7,143,B,25-Apr-25
8154,7,4011,B,06-Mar-25
8159,7,467,B,15-Jan-26
8170,7,3911,B,06-Sep-25
8185,7,3089,B,26-Jan-25
8196,7,4258,B,06-Aug-25
8205,7,5408,B,09-Apr-25
8222,7,26,B,05-Jul-25
8241,7,5682,B,29-Mar-25
8269,7,1855,B,19-Feb-25
8275,7,5602,B,04-Jun-25
8319,7,841,B,09-Jul-25
8322,7,2296,B,23-Nov-25
8346,7,6345,B,09-Sep-25
8354,7,318,B,18-Oct-25
8357,7,5482,B,06-Jan-25
8390,7,5557,B,15-Jul-25
8394,7,4975,B,21-Jun-25
8441,7,2075,B,16-Feb-25
8466,7,2915,B,20-Dec-25
8478,7,288,B,18-Feb-25
8487,7,7675,B,13-Sep-25
8495,7,2674,B,26-Sep-25
8503,7,1751,B,25-Jul-25
8526,7,3205,B,10-Nov-25
8576,7,5978,B,22-Jun-25
8595,7,5063,B,24-Oct-25
8645,7,1268,B,04-May-25
8666,7,5863,B,13-May-25
8681,7,7198,B,15-Dec-25
8682,7,159,B,26-Sep-25
8687,7,1652,B,28-Feb-25
8692,7,5840,B,10-Jul-25
8703,7,399,B,17-Jan-25
8712,7,7419,B,19-Jan-25
8724,7,872,B,14-Dec-25
8756,7,7799,B,28-Jan-25
8766,7,2294,B,04-Nov-25
8773,7,6224,B,27-Jun-25
8818,7,6012,B,29-Dec-25
8844,7,3685,B,28-May-25
8848,7,4165,B,19-Feb-25
8850,7,7396,B,25-Oct-25
8855,7,7421,B,19-Nov-25
8864,7,3095,B,11-Apr-25
8881,7,815,B,18-Mar-25
8927,7,7663,B,19-Jun-25
8933,7,6843,B,26-Nov-25
8964,7,6281,B,04-Mar-25
8968,7,7122,B,26-Sep-25
8975,7,7802,B,25-Feb-25
9035,7,5972,B,08-Oct-25
9045,7,5355,B,29-Jan-25
9065,7,1261,B,06-Jan-25
9074,7,2073,B,24-Jun-25
9085,7,4521,B,31-Oct-25
9091,7,4813,B,18-Jan-25
9108,7,3712,B,19-Nov-25
9163,7,7100,B,10-Apr-25
9192,7,7812,B,09-Nov-25
9207,7,370,B,16-Jun-25
9228,7,7091,B,22-Nov-25
9234,7,6959,B,05-Feb-25
9257,7,4846,B,07-Sep-25
9259,7,7107,B,05-May-25
9270,7,4301,B,07-Aug-25
9274,7,2539,B,19-May-25
9321,7,5125,B,09-Jan-26
9343,7,2113,B,21-Dec-25
9352,7,3969,B,25-Apr-25
9369,7,5569,B,25-Apr-25
9370,7,6055,B,03-Nov-25
9381,7,555,B,02-Jan-26
9410,7,3018,B,19-Oct-25
9414,7,3327,B,28-Nov-25
9443,7,3834,B,03-Dec-25
9445,7,5591,B,08-Mar-25
9457,7,5363,B,12-Feb-25
9484,7,5271,B,20-Feb-25
9499,7,3179,B,22-Feb-25
9558,7,1534,B,17-Jul-25
9566,7,1919,B,20-Mar-25
9567,7,6809,B,25-Jul-25
9568,7,5685,B,15-Aug-25
9588,7,6756,B,20-Feb-25
9662,7,6454,B,13-Sep-25
9668,7,3892,B,23-Aug-25
9684,7,3724,B,24-Feb-25
9762,7,5337,B,30-May-25
9772,7,3150,B,13-Apr-25
9782,7,232,B,01-Nov-25
9862,7,5788,B,13-Oct-25
9914,7,324,B,23-Nov-25
9923,7,7194,B,27-Dec-25
9924,7,6870,B,23-Jul-25
9935,7,2800,B,02-Aug-25
9967,7,6879,B,03-Jul-25
9975,7,5915,B,01-May-25
9977,7,3402,B,12-Nov-25
9980,7,2542,B,13-Dec-25
10010,7,3378,B,07-Apr-25
10027,7,7040,B,05-Nov-25
10071,7,7660,B,20-Feb-25
10074,7,6648,B,14-Oct-25
10147,7,1741,B,30-Jul-25
10182,7,3018,B,01-Sep-25
10195,7,5491,B,06-Apr-25
10197,7,3035,B,27-Apr-25
10215,7,5538,B,14-Feb-25
10242,7,6404,B,03-Oct-25
10317,7,5197,B,29-Apr-25
10335,7,2773,B,04-Aug-25
10360,7,363,B,12-Sep-25
10375,7,1000,B,28-Aug-25
10386,7,3295,B,08-Jul-25
10452,7,1308,B,02-Mar-25
10503,7,3331,B,02-Aug-25
10505,7,2686,B,15-May-25
10515,7,324,B,25-Jan-25
10539,7,1876,B,24-Mar-25
10555,7,2572,B,18-Jan-25
10566,7,7667,B,16-Oct-25
10568,7,1503,B,15-Aug-25
10587,7,5076,B,19-Aug-25
10606,7,3647,B,27-Nov-25
10679,7,188,B,18-Feb-25
10774,7,2301,B,12-Dec-25
10908,7,7471,B,04-Apr-25
10912,7,6693,B,02-Nov-25
10943,7,5152,B,26-Dec-25
10954,7,5278,B,24-Sep-25
10976,7,5826,B,04-Jul-25
10981,7,7523,B,11-May-25
11014,7,5310,B,14-May-25
11016,7,3112,B,22-Feb-25
11087,7,5270,B,05-Mar-25
11100,7,2514,B,26-Mar-25
11113,7,983,B,29-Jul-25
11131,7,1016,B,31-Aug-25
11196,7,7472,B,21-Jun-25
11209,7,5356,B,04-Jul-25
11216,7,6905,B,05-Feb-25
11232,7,7812,B,29-May-25
11240,7,3521,B,25-Sep-25
11268,7,4559,B,30-Mar-25
11290,7,7311,B,21-Feb-25
11295,7,80,B,09-Dec-25
11324,7,2841,B,26-Aug-25
11348,7,5798,B,13-Dec-25
11350,7,3442,B,25-Jan-25
11357,7,3518,B,04-Mar-25
11359,7,4059,B,06-Jan-25
11362,7,5593,B,10-Jan-25
11369,7,85,B,19-Sep-25
11378,7,1291,B,24-Aug-25
11403,7,7813,B,12-Feb-25
11422,7,1166,B,23-Jul-25
11454,7,5700,B,27-Nov-25
11491,7,2697,B,04-Feb-25
11493,7,4806,B,14-May-25
11495,7,7781,B,31-Jan-25
11523,7,1690,B,06-Feb-25
11528,7,7450,B,13-Apr-25
11558,7,7577,B,04-Jan-25
11608,7,1865,B,15-Jun-25
11634,7,7636,B,26-Mar-25
11641,7,2719,B,28-Sep-25
11690,7,3935,B,23-Aug-25
11759,7,3013,B,14-Mar-25
11778,7,2641,B,06-Dec-25
11781,7,3366,B,07-Jun-25
11831,7,4276,B,17-Oct-25
11833,7,5174,B,20-Jun-25
11883,7,7971,B,14-Feb-25
11893,7,7529,B,29-Nov-25
11895,7,6759,B,10-Apr-25
11996,7,4145,B,02-Jul-25
12000,7,5676,B,14-Aug-25
12005,7,6352,B,25-Dec-25
12025,7,6495,B,06-Aug-25
12089,7,835,B,15-Jun-25
12115,7,4501,B,21-Jan-25
12168,7,4469,B,10-Dec-25
12174,7,1241,B,07-Jan-25
12199,7,734,B,21-Jul-25
12204,7,3571,B,02-Jan-26
12207,7,6190,B,10-Jan-26
12223,7,5179,B,02-Dec-25
12226,7,4503,B,06-Nov-25
12233,7,6447,B,23-Aug-25
12238,7,976,B,20-Jan-25
12250,7,2522,B,03-Mar-25
12270,7,2889,B,02-Sep-25
12275,7,2297,B,12-Feb-25
12327,7,495,B,15-Feb-25
12357,7,1372,B,12-Jul-25
12393,7,1154,B,13-Oct-25
12404,7,220,B,29-Apr-25
12410,7,4776,B,27-Aug-25
12414,7,2084,B,09-Jan-25
12441,7,3605,B,29-May-25
12462,7,1140,B,18-Nov-25
12465,7,5435,B,19-Oct-25
12495,7,6538,B,06-Sep-25
12545,7,3221,B,17-Nov-25
12567,7,5687,B,11-Sep-25
12589,7,5289,B,28-Feb-25
12600,7,7373,B,28-Jul-25
12617,7,2509,B,20-May-25
12629,7,7437,B,06-Mar-25
12652,7,4272,B,20-Jan-25
12670,7,6372,B,17-Dec-25
12693,7,6203,B,14-Jan-25
12749,7,1147,B,19-Mar-25
12832,7,7097,B,15-Jul-25
12889,7,539,B,27-Dec-25
12902,7,6457,B,22-Dec-25
12939,7,2981,B,06-Jan-26
12988,7,2363,B,23-Apr-25
13091,7,1014,B,09-Feb-25
13095,7,1722,B,09-Jul-25
13096,7,1719,B,14-Jul-25
13114,7,3795,B,29-Jan-25
13115,7,4860,B,02-Feb-25
13165,7,325,B,18-Feb-25
13206,7,3064,B,10-Aug-25
13258,7,6856,B,30-Dec-25
13307,7,6009,B,05-Sep-25
13341,7,260,B,09-Mar-25
13344,7,6480,B,10-May-25
13363,7,4266,B,14-Jan-26
13367,7,2058,B,31-Dec-25
13378,7,96,B,15-Dec-25
13383,7,6241,B,13-Aug-25
13409,7,5031,B,21-Jul-25
13424,7,7015,B,26-Oct-25
13442,7,5741,B,03-Mar-25
13462,7,1607,B,26-Apr-25
13465,7,2988,B,04-Aug-25
13477,7,1483,B,13-Jan-26
13485,7,3132,B,17-Dec-25
13491,7,3912,B,17-Jun-25
13510,7,4113,B,08-Aug-25
13521,7,303,B,17-Dec-25
13547,7,4444,B,01-May-25
13556,7,5637,B,02-May-25
13568,7,3977,B,12-Sep-25
13600,7,4172,B,14-Feb-25
13655,7,3685,B,08-May-25
13662,7,3642,B,30-Aug-25
13664,7,6235,B,27-Nov-25
13797,7,2193,B,25-Apr-25
13801,7,1989,B,15-Jul-25
13809,7,2151,B,12-Aug-25
13818,7,783,B,31-Aug-25
13846,7,7274,B,12-Jan-25
13876,7,1021,B,21-Mar-25
13879,7,5032,B,31-Jan-25
13912,7,6240,B,23-Oct-25
13915,7,2638,B,05-Dec-25
13922,7,3690,B,11-Apr-25
13950,7,3,B,21-Jan-25
13958,7,3796,B,13-Jul-25
13999,7,7689,B,03-Aug-25
14004,7,6649,B,30-Nov-25
14009,7,4112,B,05-Oct-25
14013,7,1014,B,26-Jan-25
14037,7,4014,B,08-Mar-25
14039,7,394,B,10-Aug-25
14085,7,5462,B,22-Apr-25
14087,7,3357,B,19-Oct-25
14102,7,1272,B,28-May-25
14113,7,3784,B,21-Oct-25
14127,7,2743,B,18-Jun-25
14145,7,2269,B,28-Jul-25
14162,7,5079,B,25-Dec-25
14165,7,829,B,01-Dec-25
14187,7,3056,B,17-Dec-25
14191,7,1270,B,06-Sep-25
14194,7,3804,B,10-Feb-25
14201,7,7603,B,28-Oct-25
14229,7,3099,B,26-Nov-25
14245,7,4193,B,31-May-25
14250,7,206,B,23-Jan-25
14283,7,4409,B,16-Jul-25
14318,7,7834,B,13-Nov-25
14333,7,1765,B,07-Oct-25
14351,7,3624,B,01-Sep-25
14365,7,4107,B,18-Oct-25
14441,7,1449,B,22-Oct-25
14444,7,5308,B,28-Sep-25
14464,7,5635,B,22-Jan-25
14479,7,6073,B,01-Apr-25
14536,7,3656,B,18-May-25
14573,7,1028,B,12-Jun-25
14603,7,2283,B,17-Apr-25
14620,7,263,B,24-May-25
14651,7,2526,B,15-Apr-25
14655,7,6201,B,17-Jan-26
14673,7,597,B,27-Oct-25
14693,7,4429,B,21-Apr-25
14698,7,6882,B,28-Sep-25
14701,7,6177,B,14-Oct-25
14742,7,3299,B,21-Nov-25
14759,7,3592,B,02-Oct-25
14798,7,1957,B,01-Mar-25
14799,7,6575,B,15-Jul-25
14821,7,2762,B,10-Feb-25
14842,7,7942,B,20-Jun-25
14856,7,5964,B,30-Dec-25
14878,7,1308,B,11-Jun-25
14944,7,6164,B,07-Jul-25
14974,7,4488,B,06-Dec-25
15010,7,6720,B,01-Nov-25
15018,7,4173,B,30-Jul-25
15041,7,5844,B,04-Jan-25
15052,7,4339,B,05-Dec-25
15059,7,5908,B,21-Jun-25
15077,7,37,B,09-Oct-25
15117,7,7926,B,28-Mar-25
15131,7,373,B,01-Dec-25
15140,7,5764,B,16-Apr-25
15143,7,3411,B,06-Nov-25
15146,7,3079,B,22-Jan-25
15175,7,4890,B,24-Jan-25
15192,7,3490,B,27-Aug-25
15212,7,3152,B,28-Oct-25
15357,7,499,B,05-Feb-25
15449,7,3387,B,25-Dec-25
15469,7,2334,B,11-Mar-25
15478,7,5038,B,13-Sep-25
15504,7,4059,B,03-Jan-25
15505,7,182,B,25-Dec-25
15543,7,7362,B,28-Jul-25
15545,7,7038,B,16-Feb-25
15558,7,4395,B,09-Jan-26
15601,7,5721,B,21-Jun-25
15609,7,3985,B,07-Jun-25
15624,7,1125,B,03-Sep-25
15627,7,5898,B,29-Apr-25
15629,7,4950,B,03-Aug-25
15685,7,5154,B,28-Nov-25
15690,7,2239,B,16-Nov-25
15695,7,2200,B,16-Jul-25
15739,7,2291,B,06-May-25
15743,7,950,B,02-Oct-25
15777,7,2220,B,12-Apr-25
15779,7,6081,B,26-Mar-25
15787,7,546,B,26-May-25
15788,7,1433,B,14-Nov-25
15805,7,1745,B,07-Feb-25
15813,7,4510,B,20-Apr-25
15841,7,7394,B,22-Sep-25
15849,7,4104,B,08-Jan-26
15860,7,4810,B,23-Jan-25
15874,7,6633,B,25-May-25
15887,7,2099,B,12-Jan-25
15907,7,7319,B,06-Dec-25
15921,7,7033,B,18-Jun-25
15929,7,6053,B,10-Oct-25
15935,7,6150,B,06-Jul-25
15942,7,3338,B,09-Jan-25
15972,7,606,B,14-Oct-25
15978,7,5532,B,26-Oct-25
15998,7,7928,B,26-Jul-25
16010,7,590,B,14-Apr-25
16048,7,6495,B,30-Jan-25
16064,7,4224,B,12-Dec-25
16079,7,3411,B,01-Jan-25
16085,7,6181,B,29-Jun-25
16117,7,5255,B,22-Jan-25
16164,7,1765,B,10-May-25
16169,7,6612,B,05-Jul-25
16180,7,5485,B,05-Jan-25
16199,7,6791,B,11-Jan-25
16204,7,7391,B,10-Feb-25
16213,7,4356,B,19-Sep-25
16214,7,4433,B,11-Jul-25
16239,7,519,B,15-Jul-25
16253,7,7842,B,10-May-25
16266,7,5641,B,09-Dec-25
16287,7,2183,B,26-Dec-25
16313,7,5902,B,13-Jan-25
16349,7,4993,B,09-Jun-25
16368,7,1805,B,12-Aug-25
16394,7,7584,B,08-Oct-25
16428,7,7996,B,23-Feb-25
16431,7,1936,B,31-Dec-25
16456,7,6409,B,05-Jun-25
16474,7,7450,B,23-Mar-25
16480,7,6078,B,03-Jun-25
16515,7,6643,B,19-Nov-25
16527,7,2489,B,29-Jan-25
16529,7,3186,B,06-Apr-25
16538,7,3509,B,10-Feb-25
16570,7,6112,B,04-Oct-25
16575,7,6811,B,17-Feb-25
16588,7,1968,B,04-Mar-25
16612,7,2429,B,31-Mar-25
16652,7,6913,B,16-May-25
16678,7,1055,B,28-Nov-25
16681,7,787,B,01-Aug-25
16682,7,7253,B,27-Oct-25
16737,7,7648,B,24-Jun-25
16773,7,2652,B,02-Dec-25
16805,7,3191,B,13-Mar-25
16835,7,6862,B,03-Jul-25
16904,7,6618,B,15-Mar-25
16916,7,7066,B,23-Jul-25
16951,7,703,B,16-Oct-25
17014,7,3177,B,11-Aug-25
17017,7,1416,B,02-Dec-25
17027,7,6006,B,06-Jul-25
17036,7,3344,B,22-Oct-25
17048,7,6514,B,25-Nov-25
17099,7,1685,B,28-Dec-25
17129,7,2396,B,21-Jul-25
17153,7,4691,B,17-Nov-25
17192,7,1346,B,25-Aug-25
17217,7,4356,B,12-Dec-25
17261,7,7650,B,28-Jan-25
17277,7,282,B,07-Jul-25
17307,7,5325,B,09-May-25
17313,7,6185,B,28-Jan-25
17314,7,4841,B,11-Oct-25
17328,7,7335,B,27-Jul-25
17348,7,1724,B,18-Nov-25
17369,7,7937,B,12-Feb-25
17377,7,794,B,18-Feb-25
17419,7,4948,B,12-May-25
17421,7,7141,B,21-Jul-25
17428,7,4746,B,07-Jan-26
17474,7,5040,B,08-Sep-25
17497,7,5126,B,27-Sep-25
17562,7,1560,B,24-Nov-25
17577,7,5998,B,18-Aug-25
17649,7,4859,B,21-Jun-25
17681,7,5015,B,04-May-25
17688,7,7234,B,05-Mar-25
17690,7,2132,B,10-Jun-25
17701,7,7390,B,29-Aug-25
17721,7,4681,B,22-Jun-25
17730,7,2034,B,31-Aug-25
17739,7,2568,B,07-Apr-25
17753,7,3284,B,30-Oct-25
17845,7,5025,B,18-Nov-25
17896,7,2635,B,16-Aug-25
17920,7,6282,B,15-Oct-25
18004,7,3647,B,19-Jan-25
18025,7,6502,B,24-Jul-25
18031,7,3632,B,03-Jan-26
18049,7,7155,B,22-May-25
18086,7,1434,B,26-Sep-25
18088,7,6816,B,30-Aug-25
18099,7,6705,B,03-Nov-25
18118,7,3845,B,23-Jul-25
18142,7,1583,B,06-Feb-25
18157,7,4676,B,25-Feb-25
18168,7,6467,B,07-May-25
18172,7,3617,B,04-Feb-25
18205,7,1974,B,17-Jan-25
18211,7,2678,B,20-Apr-25
18214,7,988,B,06-Sep-25
18287,7,4252,B,30-Oct-25
18293,7,4338,B,10-Aug-25
18327,7,7564,B,24-Nov-25
18354,7,962,B,14-Sep-25
18373,7,1872,B,08-Jul-25
18397,7,4617,B,02-Mar-25
18427,7,4892,B,19-Dec-25
18438,7,401,B,29-Jun-25
18469,7,6167,B,04-Jun-25
18509,7,4284,B,26-Jul-25
18520,7,5599,B,02-Dec-25
18576,7,3627,B,20-Dec-25
18579,7,6225,B,17-Apr-25
18596,7,3012,B,19-May-25
18643,7,7104,B,18-Nov-25
18778,7,2840,B,13-Jan-26
18794,7,7826,B,09-Oct-25
18806,7,7364,B,13-Jan-26
18834,7,6006,B,21-Feb-25
18863,7,7223,B,02-Jun-25
18872,7,7669,B,06-Apr-25
18894,7,905,B,09-Mar-25
18899,7,7238,B,09-Dec-25
18912,7,5226,B,27-Aug-25
18924,7,7549,B,26-Sep-25
18926,7,4766,B,29-Jan-25
19009,7,7052,B,27-Sep-25
19029,7,1298,B,14-Jun-25
19035,7,4887,B,07-Jan-25
19054,7,5734,B,11-Oct-25
19083,7,6669,B,03-Nov-25
19085,7,4536,B,01-Aug-25
19101,7,2095,B,08-Mar-25
19156,7,1120,B,01-Oct-25
19164,7,7008,B,21-Sep-25
19172,7,1787,B,15-Sep-25
19253,7,1488,B,08-Oct-25
19308,7,7295,B,03-Sep-25
19309,7,5711,B,07-Aug-25
19342,7,4160,B,24-Oct-25
19356,7,3816,B,15-Oct-25
19414,7,1080,B,26-Apr-25
19431,7,6045,B,10-Apr-25
19432,7,1036,B,05-Feb-25
19438,7,65,B,11-Apr-25
19455,7,2088,B,01-Aug-25
19463,7,595,B,09-Nov-25
19471,7,4573,B,12-Jul-25
19545,7,265,B,09-May-25
19583,7,1646,B,24-Nov-25
19629,7,4689,B,30-Nov-25
19659,7,4805,B,06-Mar-25
19667,7,7333,B,10-Oct-25
19675,7,2381,B,24-Jan-25
19676,7,583,B,13-Jan-25
19679,7,3974,B,12-Jan-25
19697,7,3702,B,10-Aug-25
19713,7,5123,B,21-Apr-25
19714,7,1834,B,09-Feb-25
19724,7,3750,B,21-Mar-25
19750,7,7766,B,19-Jun-25
19777,7,4207,B,30-Apr-25
19787,7,3707,B,10-Oct-25
19799,7,801,B,18-May-25
19800,7,4871,B,21-Mar-25
19807,7,7768,B,24-Nov-25
19819,7,434,B,18-Mar-25
19825,7,6198,B,01-Mar-25
19894,7,1882,B,20-Jun-25
19896,7,5337,B,15-Apr-25
19929,7,4388,B,18-Aug-25
19985,7,2286,B,13-Oct-25
19998,7,2540,B,18-Feb-25
