usage_id,user_id,feature_id,usage_date,usage_count
88,4547,23,24-11-2025,4
254,5478,23,23-05-2025,4
378,7190,23,09-07-2025,4
514,5927,23,10-07-2025,4
546,5147,23,29-03-2025,4
571,2344,23,16-11-2025,4
612,4937,23,19-07-2025,4
794,4932,23,24-03-2025,4
842,2311,23,09-07-2025,4
1220,977,23,17-06-2025,4
1221,4729,23,13-08-2025,4
1449,4683,23,05-05-2025,4
1540,4801,23,27-03-2025,4
1576,5354,23,09-09-2025,4
1577,7906,23,21-10-2025,4
1657,4171,23,13-02-2025,4
1675,4003,23,19-05-2025,4
1716,5728,23,26-06-2025,4
1800,3971,23,24-06-2025,4
1833,527,23,10-02-2025,4
1849,6553,23,04-06-2025,4
1869,4261,23,30-07-2025,4
2146,2282,23,08-12-2025,4
2335,3883,23,09-08-2025,4
2356,4376,23,22-11-2025,4
2628,5067,23,22-06-2025,4
2806,369,23,05-01-2025,4
2840,7895,23,11-09-2025,4
2911,7003,23,31-01-2025,4
3160,5189,23,08-08-2025,4
3168,1742,23,11-02-2025,4
3309,5407,23,08-06-2025,4
3333,7527,23,23-06-2025,4
3378,5960,23,02-05-2025,4
3407,828,23,08-09-2025,4
3419,2014,23,10-02-2025,4
3491,5747,23,23-09-2025,4
3656,4304,23,23-07-2025,4
3707,708,23,17-02-2025,4
3836,7170,23,04-09-2025,4
3952,3783,23,09-06-2025,4
4001,5214,23,28-09-2025,4
4053,1115,23,30-06-2025,4
4054,4796,23,02-03-2025,4
4154,6346,23,19-05-2025,4
4197,7907,23,10-09-2025,4
4371,4643,23,31-01-2025,4
4491,1728,23,08-04-2025,4
4514,2699,23,12-06-2025,4
4515,3557,23,27-06-2025,4
4896,2832,23,05-03-2025,4
4906,282,23,07-09-2025,4
4970,3050,23,04-10-2025,4
5066,7134,23,02-02-2025,4
5105,340,23,25-06-2025,4
5223,793,23,14-05-2025,4
5296,2329,23,01-01-2025,4
5391,2266,23,22-04-2025,4
5689,1059,23,10-02-2025,4
5729,4668,23,15-01-2026,4
5877,2273,23,29-11-2025,4
5892,7855,23,09-04-2025,4
6166,1719,23,07-09-2025,4
6175,5218,23,08-08-2025,4
6339,1111,23,24-09-2025,4
6480,1376,23,09-01-2026,4
6979,3441,23,24-03-2025,4
7068,6596,23,13-03-2025,4
7125,1613,23,17-10-2025,4
7137,7720,23,24-03-2025,4
7174,380,23,18-01-2026,4
7234,578,23,12-06-2025,4
7288,2106,23,07-09-2025,4
7381,6162,23,14-03-2025,4
7446,3504,23,05-09-2025,4
7515,2840,23,12-02-2025,4
7572,15,23,20-07-2025,4
7620,7103,23,03-01-2025,4
7649,1427,23,18-12-2025,4
7697,1857,23,11-11-2025,4
7759,6634,23,26-01-2025,4
7783,7803,23,06-08-2025,4
7835,2113,23,31-07-2025,4
7991,7653,23,24-10-2025,4
8038,6960,23,22-10-2025,4
8150,3726,23,03-10-2025,4
8174,3863,23,30-08-2025,4
8244,755,23,16-07-2025,4
8354,1434,23,03-03-2025,4
8444,7302,23,27-09-2025,4
8524,5188,23,05-12-2025,4
8559,6625,23,24-07-2025,4
8833,7503,23,31-05-2025,4
8907,6453,23,24-03-2025,4
9267,1258,23,29-04-2025,4
9339,1209,23,19-10-2025,4
9458,7307,23,02-12-2025,4
9673,2534,23,21-06-2025,4
9762,1992,23,08-09-2025,4
9820,2638,23,21-02-2025,4
9938,7737,23,06-08-2025,4
10039,239,23,16-07-2025,4
10177,7076,23,18-09-2025,4
10223,766,23,02-04-2025,4
10344,6976,23,12-12-2025,4
10447,4912,23,30-10-2025,4
10571,4026,23,23-08-2025,4
10600,4994,23,14-12-2025,4
10962,1214,23,23-12-2025,4
10966,5206,23,09-06-2025,4
11593,1511,23,08-04-2025,4
11679,7537,23,22-06-2025,4
11763,1614,23,21-11-2025,4
11768,5178,23,08-11-2025,4
11799,6077,23,01-02-2025,4
11809,4529,23,08-06-2025,4
11811,2537,23,06-05-2025,4
11984,501,23,27-02-2025,4
12069,5393,23,12-01-2025,4
12111,563,23,14-10-2025,4
12149,7470,23,02-04-2025,4
12321,5893,23,26-09-2025,4
12502,5106,23,16-05-2025,4
12716,2479,23,06-10-2025,4
12794,553,23,18-03-2025,4
12829,7735,23,02-05-2025,4
12861,6222,23,28-08-2025,4
12900,5891,23,21-03-2025,4
12935,3037,23,26-04-2025,4
12985,5938,23,14-02-2025,4
13013,2347,23,14-09-2025,4
13026,7299,23,18-03-2025,4
13160,2560,23,13-06-2025,4
13368,2869,23,14-05-2025,4
13441,4082,23,24-12-2025,4
13539,3749,23,13-03-2025,4
13869,190,23,17-02-2025,4
14186,1106,23,25-05-2025,4
14215,3101,23,18-11-2025,4
14256,1365,23,29-01-2025,4
14393,7616,23,29-11-2025,4
14478,6155,23,18-08-2025,4
14526,6275,23,19-08-2025,4
14626,4083,23,02-01-2026,4
14639,2657,23,28-03-2025,4
14655,231,23,29-08-2025,4
14978,3192,23,16-04-2025,4
15225,5410,23,17-05-2025,4
15333,6007,23,03-11-2025,4
15380,5461,23,21-04-2025,4
15395,147,23,15-06-2025,4
15403,5409,23,15-12-2025,4
15514,2837,23,07-07-2025,4
15675,5305,23,04-10-2025,4
15791,5921,23,18-11-2025,4
15845,5422,23,28-10-2025,4
15872,3859,23,19-11-2025,4
16039,3868,23,19-10-2025,4
16063,7379,23,06-08-2025,4
16141,3973,23,14-01-2026,4
16401,3806,23,04-09-2025,4
16561,1589,23,02-12-2025,4
16605,4711,23,29-05-2025,4
16728,5398,23,03-11-2025,4
16800,597,23,27-04-2025,4
16905,6249,23,03-01-2025,4
17037,6456,23,24-10-2025,4
17121,3129,23,09-12-2025,4
17174,5436,23,17-12-2025,4
17175,4446,23,04-04-2025,4
17187,1744,23,27-09-2025,4
17240,6868,23,27-08-2025,4
17267,7957,23,25-11-2025,4
17356,7763,23,03-10-2025,4
17419,1168,23,25-01-2025,4
17526,6016,23,01-06-2025,4
17527,3099,23,24-12-2025,4
17895,5959,23,12-12-2025,4
17974,4578,23,05-07-2025,4
18139,5408,23,08-08-2025,4
18168,6049,23,14-04-2025,4
18265,6145,23,22-11-2025,4
18266,7035,23,22-09-2025,4
18351,3384,23,15-01-2025,4
18645,3690,23,03-02-2025,4
18704,4382,23,06-12-2025,4
18881,1036,23,04-08-2025,4
18962,4716,23,14-07-2025,4
19138,4669,23,27-04-2025,4
19161,7205,23,26-12-2025,4
19264,7667,23,23-10-2025,4
19378,1127,23,11-07-2025,4
19464,6686,23,13-02-2025,4
19549,7648,23,05-10-2025,4
19585,1423,23,26-03-2025,4
19743,7948,23,05-01-2025,4
19778,956,23,29-01-2025,4
19814,2124,23,05-10-2025,4
19917,2550,23,22-09-2025,4
20123,1356,23,10-11-2025,4
20172,4233,23,14-07-2025,4
20193,6718,23,18-01-2025,4
20342,1584,23,16-05-2025,4
20353,3657,23,21-04-2025,4
20393,411,23,28-09-2025,4
20426,5224,23,24-02-2025,4
20466,3438,23,18-01-2026,4
20694,4143,23,07-11-2025,4
20806,5564,23,21-11-2025,4
20814,6399,23,21-02-2025,4
20930,4120,23,16-02-2025,4
21254,4410,23,16-12-2025,4
21305,1245,23,31-10-2025,4
21333,2516,23,07-06-2025,4
21372,2202,23,19-09-2025,4
21605,7446,23,22-05-2025,4
21933,7955,23,11-10-2025,4
22248,983,23,23-09-2025,4
22530,4088,23,03-07-2025,4
22546,2773,23,02-01-2025,4
22570,6035,23,15-01-2025,4
22788,2599,23,17-02-2025,4
22814,2726,23,25-12-2025,4
22878,1685,23,04-01-2026,4
22912,5408,23,04-06-2025,4
23063,4674,23,21-03-2025,4
23203,1748,23,15-07-2025,4
23306,588,23,14-12-2025,4
23385,6109,23,19-05-2025,4
23575,5393,23,20-09-2025,4
23583,6642,23,02-09-2025,4
23749,5466,23,21-03-2025,4
23906,2027,23,27-11-2025,4
23972,6054,23,11-03-2025,4
24059,3159,23,10-01-2026,4
24060,1616,23,31-08-2025,4
24170,2155,23,19-05-2025,4
24227,4318,23,21-04-2025,4
24249,4025,23,16-05-2025,4
24387,2461,23,13-11-2025,4
24465,6923,23,08-10-2025,4
24481,256,23,31-08-2025,4
24484,7898,23,22-03-2025,4
24522,7519,23,21-01-2025,4
24615,1860,23,11-10-2025,4
24685,2532,23,22-04-2025,4
24769,6190,23,28-12-2025,4
24794,5870,23,11-11-2025,4
24999,2628,23,06-03-2025,4
25027,2083,23,18-10-2025,4
25208,624,23,27-10-2025,4
25296,2646,23,04-06-2025,4
25333,3109,23,01-07-2025,4
25335,2131,23,08-04-2025,4
25762,7151,23,25-07-2025,4
25827,1352,23,19-08-2025,4
25833,931,23,21-05-2025,4
26281,7530,23,27-05-2025,4
26458,2394,23,16-12-2025,4
26536,4792,23,04-03-2025,4
26550,5918,23,30-11-2025,4
26686,6130,23,22-01-2025,4
26696,508,23,07-03-2025,4
26709,5872,23,03-12-2025,4
26766,7125,23,23-09-2025,4
27038,5440,23,13-08-2025,4
27222,4370,23,22-08-2025,4
27237,1127,23,30-03-2025,4
27238,1872,23,05-05-2025,4
27361,4927,23,21-11-2025,4
27716,5224,23,27-01-2025,4
27870,1261,23,11-04-2025,4
27888,195,23,02-09-2025,4
58,3688,25,08-10-2025,4
313,930,25,24-05-2025,4
656,1570,25,25-02-2025,4
807,485,25,14-12-2025,4
843,3299,25,31-05-2025,4
877,5158,25,28-04-2025,4
939,2651,25,24-12-2025,4
1349,2495,25,20-08-2025,4
1382,5253,25,05-10-2025,4
1406,6124,25,12-01-2026,4
1437,3891,25,24-02-2025,4
1646,2734,25,27-12-2025,4
1708,2084,25,28-05-2025,4
1709,5632,25,21-03-2025,4
1727,854,25,18-05-2025,4
1840,458,25,18-02-2025,4
1882,6947,25,26-09-2025,4
2035,7942,25,13-09-2025,4
2043,5251,25,14-01-2026,4
2135,1596,25,08-03-2025,4
2168,4799,25,08-01-2026,4
2277,2193,25,28-04-2025,4
2284,7908,25,27-09-2025,4
2313,169,25,19-08-2025,4
2601,5639,25,16-01-2025,4
2863,4705,25,05-09-2025,4
3087,284,25,30-03-2025,4
3228,7932,25,05-11-2025,4
3272,2396,25,10-10-2025,4
3317,5455,25,16-05-2025,4
3343,3631,25,17-05-2025,4
3385,901,25,18-10-2025,4
3512,2179,25,05-07-2025,4
3638,5067,25,07-07-2025,4
3672,1302,25,22-04-2025,4
3919,7287,25,30-05-2025,4
4077,6837,25,23-08-2025,4
4392,5804,25,06-08-2025,4
4544,7198,25,04-05-2025,4
4635,325,25,19-04-2025,4
4643,3989,25,23-03-2025,4
4950,2912,25,07-05-2025,4
5074,6325,25,28-07-2025,4
5148,1928,25,17-10-2025,4
5212,7067,25,05-12-2025,4
5302,3568,25,21-10-2025,4
5521,4928,25,08-03-2025,4
5584,32,25,07-02-2025,4
5675,1682,25,09-06-2025,4
5811,7214,25,10-06-2025,4
5883,551,25,07-02-2025,4
6063,4977,25,07-10-2025,4
6206,4312,25,30-01-2025,4
6264,2323,25,25-02-2025,4
6342,752,25,06-08-2025,4
6346,4107,25,31-10-2025,4
6380,277,25,03-08-2025,4
6634,4863,25,07-04-2025,4
6695,5691,25,23-07-2025,4
6880,5292,25,09-10-2025,4
6988,1766,25,03-10-2025,4
7165,6566,25,18-02-2025,4
7350,1137,25,10-01-2026,4
7460,5521,25,15-01-2026,4
7585,5080,25,25-06-2025,4
7611,5920,25,13-07-2025,4
7660,883,25,15-07-2025,4
7775,2203,25,20-06-2025,4
7807,142,25,28-06-2025,4
8026,2599,25,17-03-2025,4
8160,5982,25,03-06-2025,4
8224,7319,25,23-07-2025,4
8267,6451,25,10-04-2025,4
8279,952,25,21-04-2025,4
8293,5224,25,23-11-2025,4
8366,7064,25,05-04-2025,4
8391,2552,25,23-11-2025,4
8447,1352,25,12-08-2025,4
8450,7668,25,22-10-2025,4
8456,1231,25,18-12-2025,4
8499,7066,25,03-11-2025,4
8571,5540,25,26-02-2025,4
8627,1966,25,09-03-2025,4
8887,4069,25,05-01-2025,4
8961,2657,25,25-09-2025,4
9044,6764,25,18-02-2025,4
9169,2508,25,21-03-2025,4
9244,3730,25,12-01-2025,4
9374,3349,25,24-10-2025,4
9476,7926,25,11-07-2025,4
9540,6613,25,16-06-2025,4
9677,734,25,01-12-2025,4
9716,4888,25,24-05-2025,4
9750,7580,25,19-02-2025,4
9834,5145,25,15-12-2025,4
9836,5396,25,25-02-2025,4
9961,2805,25,05-09-2025,4
10204,1394,25,27-08-2025,4
10210,1942,25,11-02-2025,4
10375,3170,25,15-09-2025,4
10416,1935,25,14-07-2025,4
10520,1650,25,07-03-2025,4
10522,4849,25,07-03-2025,4
10625,4397,25,02-04-2025,4
10931,5869,25,15-10-2025,4
11004,1887,25,31-03-2025,4
11134,5847,25,25-06-2025,4
11222,4172,25,17-07-2025,4
11254,4856,25,05-10-2025,4
11275,1799,25,17-04-2025,4
11277,5122,25,15-02-2025,4
11311,4664,25,06-11-2025,4
11341,5536,25,08-05-2025,4
11411,2718,25,26-03-2025,4
11470,5439,25,12-11-2025,4
11603,4772,25,30-07-2025,4
11617,801,25,29-04-2025,4
11621,6450,25,14-10-2025,4
11956,4488,25,21-03-2025,4
11967,6550,25,21-06-2025,4
12145,6714,25,04-07-2025,4
12354,7549,25,08-08-2025,4
12361,240,25,12-01-2025,4
12370,6709,25,17-06-2025,4
12526,1950,25,23-04-2025,4
12546,4428,25,25-06-2025,4
12569,3455,25,25-11-2025,4
12679,6089,25,26-11-2025,4
12712,2604,25,18-09-2025,4
12855,6355,25,14-01-2025,4
12887,2785,25,20-04-2025,4
12910,178,25,10-06-2025,4
13242,4477,25,17-02-2025,4
13364,4700,25,14-02-2025,4
13420,3223,25,11-11-2025,4
13703,864,25,09-10-2025,4
13792,6402,25,07-06-2025,4
13933,6732,25,17-03-2025,4
14208,3413,25,29-07-2025,4
14250,1636,25,04-06-2025,4
14347,1976,25,25-02-2025,4
14350,2063,25,28-03-2025,4
14360,3125,25,05-12-2025,4
14412,6785,25,12-09-2025,4
14431,1011,25,16-08-2025,4
14457,4797,25,26-09-2025,4
14538,5233,25,26-08-2025,4
14552,4179,25,07-09-2025,4
14814,5217,25,10-11-2025,4
15156,2251,25,01-07-2025,4
15190,311,25,15-12-2025,4
15220,5932,25,27-02-2025,4
15252,7877,25,29-08-2025,4
15485,4461,25,13-06-2025,4
15501,3117,25,24-08-2025,4
15628,5577,25,25-01-2025,4
15834,2786,25,14-06-2025,4
15897,4941,25,19-09-2025,4
16027,6201,25,16-03-2025,4
16260,1668,25,10-09-2025,4
16262,2348,25,19-02-2025,4
16366,4615,25,10-08-2025,4
16398,3390,25,01-09-2025,4
16408,5678,25,17-12-2025,4
16580,7188,25,16-01-2025,4
16617,6066,25,01-02-2025,4
16661,4146,25,11-01-2025,4
16773,322,25,01-01-2026,4
16899,5391,25,20-08-2025,4
16982,2052,25,15-01-2026,4
17038,6893,25,21-04-2025,4
17150,1061,25,11-07-2025,4
17231,4893,25,04-06-2025,4
17360,5491,25,17-09-2025,4
17586,3248,25,01-09-2025,4
17683,3622,25,22-01-2025,4
17698,2044,25,29-05-2025,4
17804,998,25,18-10-2025,4
17880,4264,25,30-09-2025,4
17948,1643,25,13-06-2025,4
17980,2114,25,12-10-2025,4
18058,1525,25,29-09-2025,4
18255,880,25,15-01-2025,4
18410,2745,25,09-05-2025,4
18919,7734,25,03-04-2025,4
19069,4983,25,27-10-2025,4
19083,76,25,09-03-2025,4
19229,1671,25,10-12-2025,4
19731,4087,25,16-10-2025,4
19813,6561,25,30-04-2025,4
19926,2227,25,04-08-2025,4
20023,4238,25,03-11-2025,4
20305,66,25,27-12-2025,4
20519,1475,25,11-06-2025,4
20542,3325,25,02-03-2025,4
20566,7643,25,09-10-2025,4
20760,298,25,06-01-2026,4
21109,4520,25,21-07-2025,4
21192,7797,25,11-09-2025,4
21215,6917,25,03-04-2025,4
21401,1903,25,27-04-2025,4
21443,6284,25,03-04-2025,4
21594,4329,25,17-04-2025,4
21604,1905,25,27-04-2025,4
21790,5063,25,13-08-2025,4
21794,7130,25,28-12-2025,4
21817,2013,25,15-06-2025,4
22045,586,25,30-10-2025,4
22236,6203,25,13-07-2025,4
22492,5746,25,20-04-2025,4
22597,1991,25,25-01-2025,4
22603,6995,25,09-10-2025,4
22774,3367,25,23-06-2025,4
22810,5588,25,04-05-2025,4
22817,7112,25,02-11-2025,4
22887,5072,25,12-08-2025,4
23056,6771,25,20-08-2025,4
23096,5599,25,09-12-2025,4
23309,7599,25,02-04-2025,4
23413,7140,25,20-10-2025,4
23656,3080,25,10-01-2025,4
23665,1683,25,23-08-2025,4
23905,275,25,07-01-2025,4
24116,4205,25,30-03-2025,4
24185,7324,25,07-08-2025,4
24186,2397,25,31-05-2025,4
24260,4089,25,09-04-2025,4
24261,6784,25,17-05-2025,4
24281,3857,25,05-07-2025,4
24318,1990,25,29-10-2025,4
24399,2568,25,11-10-2025,4
24416,4322,25,15-03-2025,4
24432,7266,25,11-11-2025,4
24455,4858,25,09-01-2026,4
24656,6315,25,07-01-2025,4
24817,2038,25,15-10-2025,4
24882,5165,25,10-12-2025,4
25217,1569,25,26-07-2025,4
25219,1845,25,30-07-2025,4
25248,826,25,01-03-2025,4
25259,3076,25,08-11-2025,4
25275,4043,25,18-02-2025,4
25458,6975,25,06-03-2025,4
25636,7742,25,10-10-2025,4
25876,2933,25,26-03-2025,4
25912,4134,25,18-08-2025,4
25934,2253,25,14-10-2025,4
26077,6837,25,19-05-2025,4
26112,921,25,07-12-2025,4
26116,4190,25,03-02-2025,4
26153,6679,25,01-10-2025,4
26165,6086,25,08-06-2025,4
26189,2087,25,04-06-2025,4
26335,3716,25,16-08-2025,4
26382,7041,25,13-05-2025,4
26576,4641,25,21-02-2025,4
26577,2046,25,05-01-2026,4
26608,5651,25,22-03-2025,4
27302,2392,25,27-07-2025,4
27625,6032,25,13-08-2025,4
27651,2143,25,25-10-2025,4
27691,6911,25,05-01-2025,4
27695,2804,25,21-12-2025,4
27767,7525,25,17-10-2025,4
27798,6771,25,04-07-2025,4
27896,5568,25,14-01-2026,4
27897,1124,25,12-04-2025,4
64,2855,12,27-09-2025,4
80,4990,12,16-11-2025,4
138,3412,12,15-02-2025,4
201,563,12,23-10-2025,4
211,6169,12,21-01-2025,4
400,2547,12,04-05-2025,4
580,3565,12,18-07-2025,4
588,6658,12,09-06-2025,4
859,537,12,23-04-2025,4
900,1309,12,15-12-2025,4
1058,6279,12,16-01-2026,4
1152,350,12,01-08-2025,4
1232,3404,12,09-05-2025,4
1250,3829,12,13-02-2025,4
1341,1416,12,14-03-2025,4
1391,7517,12,20-08-2025,4
1413,7535,12,02-07-2025,4
1769,7127,12,27-12-2025,4
1834,4310,12,26-11-2025,4
1862,3619,12,17-07-2025,4
1950,488,12,23-02-2025,4
1980,5827,12,11-05-2025,4
2279,687,12,09-08-2025,4
2281,3019,12,20-10-2025,4
2287,2113,12,26-06-2025,4
2299,4714,12,29-09-2025,4
2323,1988,12,06-09-2025,4
2353,1060,12,22-06-2025,4
2357,7873,12,17-06-2025,4
2521,7169,12,07-04-2025,4
2654,3065,12,16-07-2025,4
2674,709,12,11-03-2025,4
3123,3053,12,18-05-2025,4
3215,2403,12,29-07-2025,4
3299,412,12,01-04-2025,4
3598,6004,12,28-12-2025,4
3644,1200,12,27-09-2025,4
3758,2163,12,09-08-2025,4
3841,1243,12,24-06-2025,4
3896,2378,12,14-10-2025,4
3979,4141,12,22-02-2025,4
4007,6352,12,03-11-2025,4
4050,5319,12,24-09-2025,4
4114,4363,12,02-05-2025,4
4158,6059,12,21-09-2025,4
4214,5046,12,25-06-2025,4
4257,2983,12,27-06-2025,4
4294,2603,12,17-06-2025,4
4369,4980,12,30-04-2025,4
4480,5862,12,21-06-2025,4
4578,552,12,09-04-2025,4
4733,213,12,12-01-2026,4
4756,1749,12,07-02-2025,4
4852,6316,12,06-12-2025,4
4865,7605,12,12-01-2025,4
4873,2927,12,01-07-2025,4
4911,4307,12,12-09-2025,4
5116,4625,12,26-08-2025,4
5265,2754,12,23-05-2025,4
5337,7542,12,23-11-2025,4
5411,3421,12,21-05-2025,4
5536,5054,12,27-02-2025,4
5542,6368,12,04-03-2025,4
5837,1882,12,12-11-2025,4
6198,3266,12,02-04-2025,4
6201,6706,12,08-04-2025,4
6216,7826,12,22-02-2025,4
6266,1126,12,13-11-2025,4
6337,5712,12,28-04-2025,4
6401,1495,12,25-12-2025,4
6410,7263,12,18-08-2025,4
6648,5791,12,27-12-2025,4
6690,7562,12,31-10-2025,4
6697,3067,12,21-10-2025,4
6708,5687,12,09-04-2025,4
7113,3233,12,10-06-2025,4
7302,7714,12,06-01-2025,4
7338,2301,12,05-09-2025,4
7373,4363,12,20-01-2025,4
7479,3490,12,22-11-2025,4
7558,4036,12,29-03-2025,4
7599,2267,12,17-11-2025,4
7920,2388,12,28-08-2025,4
7955,3798,12,29-05-2025,4
8040,6088,12,22-09-2025,4
8297,2659,12,09-07-2025,4
8361,6721,12,23-04-2025,4
8449,7595,12,24-11-2025,4
8760,4394,12,09-02-2025,4
8921,619,12,01-09-2025,4
9011,5888,12,22-10-2025,4
9075,7056,12,15-03-2025,4
9098,111,12,08-12-2025,4
9174,7043,12,26-11-2025,4
9416,866,12,24-08-2025,4
9473,7400,12,16-07-2025,4
9882,4929,12,22-04-2025,4
10034,6530,12,12-11-2025,4
10082,464,12,06-07-2025,4
10148,7440,12,29-04-2025,4
10475,2370,12,17-06-2025,4
10491,4134,12,04-12-2025,4
10722,181,12,12-08-2025,4
10743,7671,12,11-02-2025,4
10844,7378,12,10-04-2025,4
11153,1505,12,27-12-2025,4
11253,4849,12,21-02-2025,4
11321,6000,12,17-12-2025,4
11443,6456,12,27-02-2025,4
11727,320,12,25-11-2025,4
11794,6161,12,29-03-2025,4
12150,3668,12,19-03-2025,4
12166,6273,12,11-02-2025,4
12187,1997,12,03-05-2025,4
12258,1045,12,10-01-2026,4
12389,2651,12,01-06-2025,4
12453,4350,12,18-06-2025,4
12632,6331,12,07-06-2025,4
12820,3818,12,05-08-2025,4
12879,5703,12,11-01-2025,4
12915,3952,12,28-09-2025,4
13018,6758,12,16-01-2026,4
13034,2864,12,19-05-2025,4
13044,2969,12,20-10-2025,4
13095,5987,12,03-12-2025,4
13125,1563,12,27-07-2025,4
13191,2206,12,21-09-2025,4
13233,7565,12,08-03-2025,4
13923,2829,12,26-09-2025,4
13990,4260,12,15-10-2025,4
14041,800,12,09-09-2025,4
14351,6173,12,21-06-2025,4
14525,2058,12,13-06-2025,4
14732,6339,12,07-03-2025,4
14760,1645,12,13-03-2025,4
14782,617,12,18-01-2026,4
14902,6506,12,21-12-2025,4
14968,5966,12,05-12-2025,4
14983,2177,12,02-10-2025,4
15002,5826,12,06-04-2025,4
15010,2891,12,12-01-2026,4
15025,2200,12,14-01-2026,4
15162,5388,12,10-07-2025,4
15352,367,12,16-03-2025,4
15435,1209,12,02-03-2025,4
15527,1499,12,30-03-2025,4
15631,3429,12,27-12-2025,4
15759,1066,12,03-11-2025,4
15789,6414,12,10-09-2025,4
15891,1491,12,22-06-2025,4
15940,5355,12,04-01-2025,4
15986,5102,12,21-04-2025,4
16002,7220,12,26-07-2025,4
16041,2679,12,06-09-2025,4
16055,5990,12,24-01-2025,4
16230,7833,12,07-09-2025,4
16282,4219,12,25-12-2025,4
16441,4333,12,11-07-2025,4
16600,3105,12,17-08-2025,4
16621,5728,12,13-07-2025,4
16683,7346,12,23-03-2025,4
16781,6322,12,20-08-2025,4
16914,6023,12,22-05-2025,4
16953,4062,12,16-09-2025,4
17046,7167,12,17-03-2025,4
17316,6555,12,18-09-2025,4
17470,1589,12,31-07-2025,4
17550,3711,12,16-07-2025,4
17686,4578,12,05-03-2025,4
17705,7091,12,21-02-2025,4
17955,4887,12,28-02-2025,4
18086,1490,12,13-12-2025,4
18326,4904,12,15-07-2025,4
18454,4852,12,21-10-2025,4
18688,2990,12,18-02-2025,4
18740,4424,12,02-06-2025,4
18967,4659,12,02-11-2025,4
19005,824,12,25-11-2025,4
19289,6843,12,03-01-2026,4
19323,1415,12,23-05-2025,4
19375,6114,12,13-01-2026,4
19567,7782,12,08-03-2025,4
19671,6794,12,28-02-2025,4
19845,2783,12,01-05-2025,4
19864,4970,12,12-02-2025,4
20114,3919,12,10-06-2025,4
20147,5098,12,27-09-2025,4
20290,7299,12,17-07-2025,4
20450,544,12,03-07-2025,4
20529,3107,12,23-04-2025,4
20661,346,12,13-03-2025,4
20759,5119,12,05-01-2025,4
20780,423,12,17-10-2025,4
20845,1544,12,27-10-2025,4
21021,1435,12,03-09-2025,4
21045,5817,12,28-08-2025,4
21080,1961,12,15-02-2025,4
21112,7938,12,21-07-2025,4
21114,6642,12,30-03-2025,4
21173,7049,12,09-09-2025,4
21220,7831,12,12-01-2026,4
21453,5344,12,03-10-2025,4
21646,4201,12,11-03-2025,4
21694,6174,12,08-12-2025,4
21799,3799,12,01-12-2025,4
21801,2048,12,22-03-2025,4
21823,3924,12,17-05-2025,4
21836,4494,12,18-01-2026,4
21906,4497,12,20-07-2025,4
21936,6718,12,16-11-2025,4
22001,754,12,26-10-2025,4
22437,3669,12,29-04-2025,4
22496,856,12,29-12-2025,4
22550,6742,12,14-02-2025,4
22663,3370,12,19-01-2025,4
22727,1000,12,07-07-2025,4
22821,5351,12,15-01-2026,4
22911,1702,12,26-06-2025,4
22958,1423,12,31-10-2025,4
23047,5464,12,01-01-2025,4
23150,6855,12,05-01-2025,4
23371,2643,12,23-02-2025,4
23393,3456,12,27-02-2025,4
23484,3536,12,24-02-2025,4
23629,5902,12,24-07-2025,4
23681,1976,12,23-03-2025,4
23729,1823,12,05-07-2025,4
23756,3465,12,10-01-2025,4
24057,6883,12,13-05-2025,4
24094,4756,12,05-06-2025,4
24130,4276,12,05-03-2025,4
24357,5363,12,13-01-2025,4
24468,681,12,18-10-2025,4
24477,7553,12,17-07-2025,4
24478,2686,12,11-12-2025,4
24591,4022,12,13-02-2025,4
24691,2792,12,22-03-2025,4
24845,1787,12,03-08-2025,4
24859,7568,12,25-12-2025,4
24978,3279,12,30-05-2025,4
25034,4185,12,28-03-2025,4
25035,356,12,11-07-2025,4
25043,5213,12,19-07-2025,4
25094,4633,12,17-02-2025,4
25204,5403,12,29-11-2025,4
25225,1152,12,18-10-2025,4
25244,3964,12,25-04-2025,4
25269,3724,12,03-06-2025,4
25318,2245,12,02-09-2025,4
25411,7531,12,20-11-2025,4
25885,1422,12,16-01-2026,4
26030,1111,12,21-07-2025,4
26076,2529,12,22-04-2025,4
26261,3355,12,26-07-2025,4
26345,2415,12,09-01-2026,4
26443,6379,12,14-12-2025,4
26564,4000,12,05-10-2025,4
26821,2461,12,07-12-2025,4
26845,7110,12,17-04-2025,4
26864,7250,12,26-08-2025,4
27103,3790,12,29-12-2025,4
27145,4855,12,24-01-2025,4
27467,5416,12,11-09-2025,4
27777,4579,12,31-05-2025,4
27868,6238,12,21-07-2025,4
28,3963,9,20-03-2025,4
50,592,9,20-11-2025,4
227,3584,9,01-10-2025,4
286,5784,9,28-01-2025,4
650,6656,9,21-11-2025,4
1049,4542,9,04-11-2025,4
1064,4175,9,27-02-2025,4
1239,2265,9,04-12-2025,4
1392,7894,9,03-08-2025,4
1490,1296,9,05-04-2025,4
1524,6693,9,06-01-2026,4
1815,4611,9,15-06-2025,4
1961,3831,9,12-01-2025,4
1964,402,9,07-01-2025,4
2030,4653,9,12-01-2026,4
2070,4398,9,30-04-2025,4
2155,4022,9,03-04-2025,4
2318,6664,9,24-10-2025,4
2517,5305,9,06-06-2025,4
2545,2479,9,16-04-2025,4
2573,1628,9,07-06-2025,4
2578,3551,9,24-07-2025,4
2594,6783,9,13-07-2025,4
2652,5657,9,03-01-2025,4
2658,537,9,28-08-2025,4
2681,5354,9,27-05-2025,4
2780,4666,9,08-12-2025,4
2809,2935,9,18-10-2025,4
2858,5168,9,25-04-2025,4
2946,820,9,13-05-2025,4
3138,7843,9,10-10-2025,4
3241,57,9,31-12-2025,4
3262,1815,9,04-01-2026,4
3302,7812,9,09-01-2025,4
3332,666,9,13-01-2026,4
3375,1163,9,05-10-2025,4
3459,2540,9,26-08-2025,4
3511,2612,9,22-06-2025,4
3539,1654,9,04-10-2025,4
3659,2608,9,25-06-2025,4
3701,4199,9,14-05-2025,4
3715,4645,9,27-11-2025,4
3843,2467,9,15-03-2025,4
3845,4111,9,01-02-2025,4
3848,4629,9,22-04-2025,4
4126,6759,9,16-11-2025,4
4132,1891,9,02-06-2025,4
4148,1456,9,22-08-2025,4
4320,1812,9,27-04-2025,4
4834,161,9,11-06-2025,4
4945,7522,9,02-10-2025,4
4954,6931,9,01-02-2025,4
4976,1191,9,05-05-2025,4
5262,63,9,23-01-2025,4
5653,4213,9,22-08-2025,4
5710,5235,9,14-03-2025,4
5728,6369,9,08-04-2025,4
5808,5461,9,23-01-2025,4
5863,3929,9,08-09-2025,4
6066,4008,9,12-05-2025,4
6149,6780,9,15-08-2025,4
6188,3693,9,03-12-2025,4
6335,974,9,07-05-2025,4
6344,4543,9,26-06-2025,4
6363,6004,9,04-08-2025,4
6398,51,9,30-11-2025,4
6415,150,9,09-05-2025,4
6602,2422,9,02-07-2025,4
6737,4685,9,24-02-2025,4
6999,5300,9,25-09-2025,4
7040,2664,9,03-04-2025,4
7058,4593,9,27-12-2025,4
7097,7296,9,15-01-2025,4
7112,4008,9,14-12-2025,4
7410,4636,9,21-08-2025,4
7481,6107,9,02-09-2025,4
7499,2477,9,20-06-2025,4
7556,2552,9,22-08-2025,4
7563,4559,9,09-04-2025,4
7630,5732,9,19-04-2025,4
7796,2025,9,10-10-2025,4
8460,5873,9,28-07-2025,4
8533,5464,9,24-02-2025,4
8563,2285,9,02-03-2025,4
8616,3537,9,28-02-2025,4
8750,5887,9,16-06-2025,4
9058,2418,9,26-10-2025,4
9407,4461,9,17-01-2026,4
9512,1129,9,23-01-2025,4
9630,2092,9,30-11-2025,4
9635,7588,9,03-01-2026,4
9682,6816,9,24-01-2025,4
9779,2247,9,07-09-2025,4
9883,4289,9,24-05-2025,4
10123,1808,9,17-01-2026,4
10215,3639,9,03-04-2025,4
10319,1197,9,01-09-2025,4
10428,2471,9,11-02-2025,4
10483,5057,9,22-07-2025,4
10521,5049,9,18-07-2025,4
10593,5531,9,16-11-2025,4
10675,5834,9,18-02-2025,4
10697,1232,9,14-09-2025,4
10751,968,9,08-07-2025,4
10755,7735,9,10-03-2025,4
10885,4087,9,15-04-2025,4
10967,5027,9,29-10-2025,4
11151,4797,9,21-12-2025,4
11200,3750,9,29-07-2025,4
11378,4142,9,02-10-2025,4
11403,4931,9,01-06-2025,4
11410,1930,9,03-08-2025,4
11497,3247,9,12-01-2025,4
11516,3130,9,09-12-2025,4
11567,3300,9,14-09-2025,4
11601,5927,9,02-12-2025,4
11673,2450,9,03-11-2025,4
11711,5958,9,17-12-2025,4
11848,7241,9,18-07-2025,4
11851,1870,9,22-11-2025,4
11861,7339,9,15-02-2025,4
12079,3606,9,17-12-2025,4
12116,6720,9,01-07-2025,4
12336,6424,9,30-09-2025,4
12397,4534,9,04-08-2025,4
12702,6574,9,23-05-2025,4
12770,3225,9,16-07-2025,4
12934,7789,9,05-06-2025,4
13060,4370,9,11-02-2025,4
13112,4634,9,29-10-2025,4
13189,2851,9,04-10-2025,4
13560,346,9,27-12-2025,4
13750,7319,9,09-12-2025,4
13796,7900,9,19-01-2025,4
13845,4770,9,23-05-2025,4
13864,6114,9,26-03-2025,4
14216,5110,9,15-07-2025,4
14465,2404,9,17-08-2025,4
14471,5575,9,08-12-2025,4
14545,319,9,22-03-2025,4
14569,5635,9,23-03-2025,4
14620,6568,9,05-10-2025,4
14752,3876,9,29-07-2025,4
14762,804,9,23-07-2025,4
14832,1222,9,17-02-2025,4
15052,3379,9,26-11-2025,4
15111,4050,9,24-05-2025,4
15215,573,9,05-03-2025,4
15343,1976,9,27-04-2025,4
15538,2161,9,27-08-2025,4
15634,5801,9,16-01-2025,4
15643,5826,9,31-05-2025,4
15663,2341,9,19-12-2025,4
15966,2656,9,28-11-2025,4
16089,7661,9,25-06-2025,4
16113,3600,9,30-05-2025,4
16188,3834,9,21-06-2025,4
16278,6188,9,03-02-2025,4
16315,7629,9,19-05-2025,4
16640,3147,9,15-05-2025,4
16694,1086,9,29-06-2025,4
16787,2340,9,17-02-2025,4
16801,2705,9,31-01-2025,4
16890,2925,9,29-04-2025,4
17178,4183,9,25-01-2025,4
17259,585,9,11-11-2025,4
17644,4264,9,18-09-2025,4
18157,7184,9,15-04-2025,4
18373,1522,9,23-05-2025,4
18577,4653,9,25-03-2025,4
18611,56,9,22-03-2025,4
18717,1669,9,20-12-2025,4
18805,5997,9,31-10-2025,4
18848,1616,9,07-07-2025,4
18892,5711,9,09-06-2025,4
19225,5111,9,27-07-2025,4
19247,3834,9,04-01-2026,4
19389,4758,9,11-04-2025,4
19762,7720,9,13-07-2025,4
19801,7796,9,21-11-2025,4
19839,1038,9,09-06-2025,4
19923,7488,9,15-02-2025,4
20337,7893,9,11-01-2025,4
20347,720,9,26-02-2025,4
20465,700,9,28-04-2025,4
20594,5909,9,20-08-2025,4
20619,4368,9,29-09-2025,4
20623,570,9,23-02-2025,4
20640,3188,9,24-09-2025,4
20734,7465,9,31-03-2025,4
20763,3067,9,10-06-2025,4
20801,178,9,18-12-2025,4
20813,566,9,06-03-2025,4
20918,1644,9,02-11-2025,4
21257,4226,9,08-08-2025,4
21261,4535,9,17-08-2025,4
21423,5304,9,11-01-2026,4
21637,3614,9,03-10-2025,4
21717,3969,9,29-10-2025,4
21886,4665,9,22-11-2025,4
21979,3347,9,14-07-2025,4
21993,192,9,27-09-2025,4
22273,5013,9,18-03-2025,4
22355,5130,9,08-01-2025,4
22432,796,9,21-01-2025,4
22485,150,9,01-11-2025,4
22516,2917,9,13-03-2025,4
22657,152,9,21-01-2025,4
22985,7671,9,15-07-2025,4
23014,2051,9,17-09-2025,4
23059,1314,9,07-02-2025,4
23328,4591,9,07-02-2025,4
23482,2770,9,25-06-2025,4
23533,1016,9,02-03-2025,4
23613,4694,9,10-05-2025,4
23717,4557,9,23-02-2025,4
23870,6296,9,17-06-2025,4
23884,230,9,26-08-2025,4
23929,311,9,15-06-2025,4
23961,5198,9,27-04-2025,4
24041,2771,9,05-10-2025,4
24150,3696,9,26-07-2025,4
24240,5162,9,13-11-2025,4
24348,5797,9,04-04-2025,4
24393,3257,9,03-04-2025,4
24580,7438,9,16-01-2026,4
24635,816,9,11-10-2025,4
24944,2915,9,07-06-2025,4
24956,7972,9,03-01-2025,4
25036,6583,9,07-05-2025,4
25075,1953,9,31-05-2025,4
25099,499,9,23-03-2025,4
25329,3550,9,17-04-2025,4
25355,564,9,17-08-2025,4
25517,5516,9,28-01-2025,4
25562,368,9,25-06-2025,4
25722,5791,9,27-05-2025,4
26059,2462,9,24-08-2025,4
26066,728,9,03-04-2025,4
26376,6038,9,05-04-2025,4
26452,3280,9,14-05-2025,4
26546,4497,9,31-01-2025,4
26600,2438,9,04-10-2025,4
26612,7935,9,12-07-2025,4
26665,2705,9,13-01-2025,4
26918,708,9,24-12-2025,4
27055,6707,9,12-04-2025,4
27124,4743,9,29-07-2025,4
27245,5143,9,11-08-2025,4
27264,636,9,01-07-2025,4
27272,5276,9,09-01-2026,4
27288,604,9,22-06-2025,4
27307,1603,9,27-05-2025,4
27413,726,9,29-09-2025,4
27463,2685,9,11-09-2025,4
27641,3796,9,08-02-2025,4
27681,5964,9,21-10-2025,4
27718,2296,9,30-04-2025,4
27755,7651,9,24-01-2025,4
27799,2441,9,23-09-2025,4
27890,7901,9,24-03-2025,4
27899,4287,9,10-06-2025,4
7,6797,18,18-01-2026,4
119,6383,18,13-03-2025,4
219,5548,18,30-11-2025,4
341,6324,18,04-03-2025,4
473,2730,18,06-03-2025,4
555,1768,18,04-06-2025,4
715,4910,18,08-11-2025,4
907,2327,18,08-12-2025,4
1016,5310,18,19-08-2025,4
1165,7251,18,18-12-2025,4
1200,693,18,01-06-2025,4
1224,3806,18,19-12-2025,4
1241,7756,18,10-06-2025,4
1420,3897,18,06-01-2025,4
1510,63,18,18-04-2025,4
1567,4931,18,04-12-2025,4
1629,264,18,18-04-2025,4
1652,1815,18,31-01-2025,4
1884,572,18,25-05-2025,4
1897,5989,18,26-04-2025,4
2217,2986,18,17-12-2025,4
2449,7222,18,10-04-2025,4
2904,5067,18,13-01-2025,4
3035,7739,18,19-02-2025,4
3119,1047,18,13-06-2025,4
3155,1059,18,26-10-2025,4
3183,3232,18,03-01-2026,4
3287,7465,18,17-08-2025,4
3411,4751,18,04-01-2025,4
3455,3518,18,07-04-2025,4
3463,3596,18,25-05-2025,4
3469,942,18,07-07-2025,4
3514,5576,18,29-07-2025,4
3592,2366,18,04-07-2025,4
3759,6373,18,17-08-2025,4
3859,1917,18,08-04-2025,4
3926,4362,18,25-09-2025,4
4040,784,18,25-09-2025,4
4206,1553,18,23-09-2025,4
4235,1430,18,03-06-2025,4
4510,4303,18,10-01-2026,4
4759,7014,18,13-08-2025,4
5189,3594,18,06-10-2025,4
5355,474,18,30-04-2025,4
5593,1190,18,24-06-2025,4
5602,1013,18,06-09-2025,4
5605,7120,18,09-07-2025,4
5666,13,18,17-01-2026,4
5722,4912,18,06-05-2025,4
5787,5266,18,16-01-2026,4
5869,1998,18,02-10-2025,4
6001,7417,18,31-05-2025,4
6046,1902,18,25-02-2025,4
6064,410,18,18-07-2025,4
6109,5498,18,03-10-2025,4
6481,6062,18,23-12-2025,4
6569,873,18,03-03-2025,4
6689,7610,18,08-10-2025,4
6711,1827,18,30-08-2025,4
6778,1691,18,25-02-2025,4
6976,2561,18,26-10-2025,4
7187,491,18,22-03-2025,4
7211,7180,18,19-05-2025,4
7252,2431,18,17-04-2025,4
7467,4482,18,22-11-2025,4
7495,6498,18,02-08-2025,4
7644,3918,18,07-12-2025,4
7694,4859,18,12-03-2025,4
7710,2589,18,04-01-2026,4
7768,964,18,02-05-2025,4
8137,2201,18,30-09-2025,4
8220,4578,18,19-01-2025,4
8301,3056,18,22-12-2025,4
8516,1093,18,11-04-2025,4
8639,5471,18,08-03-2025,4
8813,7294,18,06-04-2025,4
8974,7682,18,03-04-2025,4
9029,3834,18,14-10-2025,4
9069,4485,18,08-11-2025,4
9122,594,18,04-07-2025,4
9288,2879,18,07-04-2025,4
9312,3314,18,10-05-2025,4
9355,2299,18,16-12-2025,4
9357,2592,18,18-01-2026,4
9761,7171,18,09-08-2025,4
9811,519,18,17-09-2025,4
9865,3930,18,27-12-2025,4
9868,3967,18,23-09-2025,4
9877,400,18,27-12-2025,4
9947,2115,18,15-02-2025,4
10028,6205,18,15-10-2025,4
10067,603,18,24-06-2025,4
10125,2267,18,15-01-2025,4
10160,7132,18,24-12-2025,4
10324,1744,18,08-05-2025,4
10411,7736,18,14-10-2025,4
10471,4486,18,01-11-2025,4
10481,309,18,12-01-2026,4
10575,1546,18,16-12-2025,4
10630,2323,18,26-12-2025,4
10712,6987,18,09-12-2025,4
10718,758,18,08-02-2025,4
10775,7023,18,26-07-2025,4
10864,1004,18,05-11-2025,4
11299,4958,18,02-07-2025,4
11464,5363,18,03-05-2025,4
11607,1535,18,15-01-2026,4
11704,3515,18,11-09-2025,4
12213,4723,18,17-03-2025,4
12375,1198,18,23-02-2025,4
12388,5722,18,17-01-2026,4
12923,5615,18,11-12-2025,4
12936,103,18,08-01-2026,4
13016,3908,18,17-12-2025,4
13052,3802,18,03-10-2025,4
13127,4751,18,07-11-2025,4
13136,4180,18,20-02-2025,4
13268,2780,18,16-02-2025,4
13497,1816,18,16-09-2025,4
13549,7560,18,17-04-2025,4
13624,2710,18,11-10-2025,4
13836,4152,18,20-01-2025,4
13891,1332,18,08-12-2025,4
13935,1705,18,19-08-2025,4
13958,4756,18,13-10-2025,4
14255,7898,18,10-08-2025,4
14399,683,18,16-09-2025,4
14544,7553,18,13-01-2026,4
14560,7009,18,04-12-2025,4
14579,5772,18,10-12-2025,4
14671,7968,18,29-03-2025,4
14776,1274,18,22-05-2025,4
14803,3894,18,21-04-2025,4
15058,6744,18,21-10-2025,4
15078,3656,18,01-10-2025,4
15175,1656,18,21-10-2025,4
15208,1894,18,12-11-2025,4
15273,6945,18,19-05-2025,4
15491,399,18,04-07-2025,4
15557,1452,18,27-01-2025,4
15611,4081,18,29-08-2025,4
15769,1684,18,19-01-2025,4
15987,6848,18,07-05-2025,4
16001,4721,18,21-08-2025,4
16094,5021,18,18-07-2025,4
16125,3525,18,05-10-2025,4
16153,140,18,11-09-2025,4
16175,2212,18,17-11-2025,4
16190,761,18,26-10-2025,4
16362,7520,18,05-05-2025,4
16436,6693,18,10-01-2026,4
16556,6145,18,05-04-2025,4
16696,7766,18,12-10-2025,4
17015,983,18,03-10-2025,4
17082,3853,18,12-08-2025,4
17444,943,18,14-02-2025,4
17502,496,18,22-06-2025,4
17555,4595,18,09-10-2025,4
17561,6510,18,08-12-2025,4
17873,7226,18,28-05-2025,4
18015,4098,18,23-11-2025,4
18128,4925,18,18-07-2025,4
18417,28,18,02-05-2025,4
18552,4121,18,13-08-2025,4
18772,3876,18,13-09-2025,4
18812,365,18,23-11-2025,4
18937,3651,18,01-07-2025,4
18960,391,18,08-01-2026,4
19147,7959,18,22-11-2025,4
19178,3368,18,01-01-2026,4
19233,2252,18,10-12-2025,4
19238,2821,18,18-09-2025,4
19330,7716,18,01-07-2025,4
19361,1685,18,26-08-2025,4
19401,5680,18,06-07-2025,4
19425,807,18,09-10-2025,4
19505,7724,18,28-11-2025,4
19603,4697,18,21-08-2025,4
19687,7934,18,16-06-2025,4
19712,3590,18,19-03-2025,4
19815,1144,18,14-07-2025,4
20049,2136,18,05-02-2025,4
20121,7016,18,29-08-2025,4
20141,3227,18,15-04-2025,4
20165,1846,18,15-04-2025,4
20221,5213,18,06-05-2025,4
20394,64,18,10-04-2025,4
20425,2512,18,22-07-2025,4
20565,164,18,18-09-2025,4
20567,4800,18,27-11-2025,4
20598,6232,18,20-06-2025,4
20602,1600,18,13-02-2025,4
20692,56,18,12-11-2025,4
20828,7095,18,25-12-2025,4
20967,4717,18,05-11-2025,4
21044,2319,18,08-09-2025,4
21089,1934,18,26-11-2025,4
21307,2273,18,30-01-2025,4
21359,5850,18,03-11-2025,4
21412,4040,18,17-04-2025,4
21434,2060,18,14-10-2025,4
21603,2704,18,05-10-2025,4
21620,4733,18,19-07-2025,4
21697,5342,18,09-01-2026,4
21840,7967,18,09-05-2025,4
21869,7677,18,19-07-2025,4
21911,3745,18,23-01-2025,4
21945,1676,18,15-09-2025,4
21946,7743,18,04-06-2025,4
22108,7850,18,29-12-2025,4
22214,1104,18,03-06-2025,4
22266,4682,18,13-02-2025,4
22289,4503,18,16-05-2025,4
22459,6558,18,21-08-2025,4
22464,7985,18,10-11-2025,4
22520,36,18,07-11-2025,4
22684,3302,18,23-08-2025,4
22818,2768,18,25-05-2025,4
22894,1421,18,23-10-2025,4
22916,5747,18,08-02-2025,4
23088,7063,18,20-08-2025,4
23530,1288,18,10-07-2025,4
23682,7671,18,14-08-2025,4
23724,7551,18,14-02-2025,4
23757,5600,18,10-09-2025,4
23788,2296,18,22-08-2025,4
23926,3957,18,04-03-2025,4
24010,5055,18,21-03-2025,4
24013,2876,18,28-12-2025,4
24014,104,18,29-03-2025,4
24020,2046,18,09-12-2025,4
24047,777,18,10-07-2025,4
24177,1924,18,20-06-2025,4
24187,7188,18,30-01-2025,4
24369,6389,18,07-06-2025,4
24402,4160,18,24-08-2025,4
24466,4546,18,10-11-2025,4
24632,5707,18,09-01-2026,4
25084,2745,18,30-05-2025,4
25146,3783,18,05-06-2025,4
25218,2716,18,08-11-2025,4
25251,2923,18,13-02-2025,4
25359,3499,18,19-01-2025,4
25430,1294,18,25-10-2025,4
25431,6705,18,14-06-2025,4
25516,3580,18,04-05-2025,4
25558,2140,18,06-09-2025,4
25970,5093,18,02-06-2025,4
25983,4971,18,25-07-2025,4
26078,7278,18,25-01-2025,4
26160,11,18,24-04-2025,4
26386,3666,18,07-02-2025,4
26503,5918,18,28-06-2025,4
26531,2375,18,26-04-2025,4
26641,1370,18,09-03-2025,4
26728,2387,18,12-01-2025,4
26823,394,18,05-07-2025,4
27159,31,18,15-05-2025,4
27203,2792,18,07-06-2025,4
27411,2728,18,31-01-2025,4
27436,1588,18,25-03-2025,4
27915,6060,18,11-12-2025,4
275,4328,16,17-11-2025,4
484,4969,16,25-06-2025,4
549,899,16,12-09-2025,4
578,1183,16,17-01-2026,4
586,3338,16,29-04-2025,4
872,3422,16,19-04-2025,4
1148,5690,16,31-03-2025,4
1195,2746,16,12-08-2025,4
1265,2562,16,09-06-2025,4
1304,6368,16,12-03-2025,4
1326,995,16,19-11-2025,4
1334,7537,16,02-11-2025,4
1369,1739,16,02-02-2025,4
1375,217,16,09-07-2025,4
1503,1772,16,24-03-2025,4
1505,6449,16,30-04-2025,4
1635,849,16,28-08-2025,4
1648,4558,16,21-07-2025,4
1686,4414,16,05-08-2025,4
1810,2559,16,20-03-2025,4
1855,5219,16,27-03-2025,4
1879,6645,16,04-02-2025,4
1890,3834,16,14-10-2025,4
1940,3271,16,14-11-2025,4
2056,495,16,02-11-2025,4
2258,5146,16,05-01-2026,4
2293,5940,16,21-10-2025,4
2543,2369,16,07-02-2025,4
2552,121,16,15-03-2025,4
2619,53,16,08-01-2026,4
2879,3563,16,17-11-2025,4
2956,5476,16,13-02-2025,4
2963,2435,16,11-12-2025,4
3167,5200,16,06-07-2025,4
3221,797,16,13-05-2025,4
3417,5879,16,05-02-2025,4
3544,5290,16,09-09-2025,4
3698,7299,16,10-09-2025,4
3791,2983,16,17-09-2025,4
3806,3287,16,06-01-2025,4
3855,3469,16,22-06-2025,4
3860,2085,16,16-03-2025,4
3877,6702,16,22-07-2025,4
3967,5741,16,01-01-2025,4
4045,3818,16,10-12-2025,4
4096,2484,16,24-11-2025,4
4234,393,16,25-12-2025,4
4359,4085,16,08-01-2026,4
4540,6602,16,25-06-2025,4
4598,1995,16,07-10-2025,4
4632,6005,16,18-07-2025,4
4670,4413,16,04-06-2025,4
4674,3766,16,18-08-2025,4
4717,3923,16,23-12-2025,4
4762,7419,16,04-08-2025,4
4831,917,16,29-11-2025,4
4932,2818,16,01-10-2025,4
4986,4621,16,01-12-2025,4
5000,1267,16,11-12-2025,4
5166,1573,16,27-08-2025,4
5403,7222,16,11-06-2025,4
5468,4974,16,20-09-2025,4
5561,4581,16,23-01-2025,4
5594,6775,16,06-01-2025,4
5610,695,16,06-11-2025,4
5622,5196,16,08-06-2025,4
6076,5116,16,18-06-2025,4
6211,1449,16,20-07-2025,4
6396,6700,16,08-04-2025,4
6475,4718,16,27-02-2025,4
6558,5415,16,05-05-2025,4
6652,5276,16,19-08-2025,4
6691,5008,16,13-03-2025,4
6907,1743,16,12-01-2025,4
7119,5591,16,01-06-2025,4
7140,2097,16,19-12-2025,4
7205,3397,16,07-10-2025,4
7210,3791,16,24-08-2025,4
7502,7595,16,18-02-2025,4
7614,5733,16,06-05-2025,4
7673,6899,16,24-11-2025,4
7869,2885,16,03-03-2025,4
8015,4262,16,19-12-2025,4
8067,4483,16,31-12-2025,4
8071,1422,16,29-04-2025,4
8091,1353,16,07-06-2025,4
8186,1395,16,12-07-2025,4
8294,1122,16,28-08-2025,4
8474,1111,16,17-08-2025,4
8521,4401,16,04-07-2025,4
8587,2554,16,26-04-2025,4
9020,3609,16,14-09-2025,4
9118,2962,16,21-08-2025,4
9469,4451,16,04-01-2026,4
9667,4803,16,12-03-2025,4
9684,2845,16,20-08-2025,4
9771,2815,16,15-03-2025,4
9833,4090,16,07-08-2025,4
9930,4770,16,04-08-2025,4
9940,7604,16,28-10-2025,4
10080,1750,16,31-05-2025,4
10292,7203,16,03-11-2025,4
10357,6069,16,08-11-2025,4
10657,33,16,03-08-2025,4
10723,3763,16,12-02-2025,4
10838,1653,16,29-01-2025,4
10908,4565,16,01-02-2025,4
10920,2490,16,06-05-2025,4
10948,6816,16,26-06-2025,4
11027,4993,16,13-10-2025,4
11158,1369,16,10-02-2025,4
11204,2372,16,08-10-2025,4
11233,3693,16,27-10-2025,4
11391,1006,16,27-07-2025,4
11398,1733,16,06-01-2025,4
11488,157,16,07-08-2025,4
11513,4243,16,25-08-2025,4
11550,5512,16,15-04-2025,4
11585,3371,16,22-07-2025,4
11618,7263,16,10-01-2025,4
11834,4264,16,06-11-2025,4
11891,5235,16,25-11-2025,4
12088,3788,16,27-04-2025,4
12259,7613,16,26-11-2025,4
12574,2271,16,02-02-2025,4
12681,3671,16,16-08-2025,4
12711,3373,16,03-12-2025,4
12747,4484,16,03-02-2025,4
12783,3259,16,29-03-2025,4
12938,2933,16,27-10-2025,4
12969,5168,16,15-04-2025,4
13005,7915,16,08-10-2025,4
13021,6634,16,15-01-2025,4
13103,601,16,09-10-2025,4
13277,156,16,28-06-2025,4
13315,6871,16,29-10-2025,4
13493,2981,16,03-04-2025,4
13566,966,16,04-02-2025,4
13613,7841,16,06-05-2025,4
13680,4198,16,19-04-2025,4
13682,3061,16,06-01-2026,4
13863,3902,16,27-09-2025,4
13896,6497,16,31-07-2025,4
14075,3047,16,23-05-2025,4
14160,228,16,07-02-2025,4
14217,3904,16,06-12-2025,4
14333,2358,16,04-11-2025,4
14371,6773,16,16-07-2025,4
14445,7658,16,09-10-2025,4
14878,4501,16,13-08-2025,4
15281,1567,16,19-04-2025,4
15544,6510,16,21-10-2025,4
15604,5890,16,03-12-2025,4
15624,4138,16,15-01-2025,4
15666,5978,16,13-07-2025,4
15676,4172,16,18-09-2025,4
15841,887,16,14-02-2025,4
16082,4084,16,03-01-2026,4
16232,2972,16,25-09-2025,4
16289,5460,16,08-10-2025,4
16357,6128,16,10-02-2025,4
16658,2194,16,16-03-2025,4
16715,796,16,15-12-2025,4
16729,5220,16,24-06-2025,4
16947,3983,16,26-11-2025,4
16997,6564,16,08-05-2025,4
17058,2992,16,07-05-2025,4
17435,2218,16,05-07-2025,4
17537,4531,16,22-01-2025,4
17665,4749,16,20-06-2025,4
17696,7491,16,10-11-2025,4
17742,4195,16,14-07-2025,4
17875,7453,16,22-02-2025,4
17911,6221,16,24-01-2025,4
18022,442,16,28-11-2025,4
18049,1466,16,12-09-2025,4
18088,5842,16,02-08-2025,4
18368,5890,16,16-03-2025,4
18460,5267,16,10-01-2026,4
18547,5805,16,17-12-2025,4
18662,484,16,23-12-2025,4
18758,2819,16,04-05-2025,4
18976,926,16,04-03-2025,4
19002,6630,16,24-01-2025,4
19044,241,16,06-04-2025,4
19064,2927,16,11-08-2025,4
19135,780,16,29-05-2025,4
19203,2999,16,08-01-2025,4
19384,4002,16,14-10-2025,4
19686,7129,16,05-08-2025,4
19911,518,16,11-03-2025,4
19966,4270,16,12-05-2025,4
20038,1831,16,26-07-2025,4
20066,7779,16,30-03-2025,4
20076,3631,16,17-10-2025,4
20148,2598,16,04-07-2025,4
20206,7348,16,29-04-2025,4
20216,1940,16,30-08-2025,4
20258,1389,16,16-01-2025,4
20314,7508,16,05-12-2025,4
20548,7495,16,12-05-2025,4
20699,1495,16,27-08-2025,4
20728,6775,16,16-11-2025,4
21008,7404,16,26-06-2025,4
21013,2177,16,16-11-2025,4
21251,7996,16,01-11-2025,4
21293,6162,16,17-09-2025,4
21295,5130,16,11-01-2026,4
21315,1921,16,10-12-2025,4
21329,542,16,19-11-2025,4
21344,1645,16,19-03-2025,4
21478,4423,16,23-09-2025,4
21528,2998,16,26-08-2025,4
21607,6089,16,09-06-2025,4
22077,91,16,08-01-2025,4
22269,7041,16,01-08-2025,4
22327,6931,16,10-01-2025,4
22430,4019,16,12-07-2025,4
22515,7357,16,18-06-2025,4
22737,1358,16,23-02-2025,4
23107,4329,16,13-01-2026,4
23113,1244,16,30-11-2025,4
23356,3688,16,10-02-2025,4
23470,2163,16,15-10-2025,4
23573,7687,16,14-04-2025,4
23626,5254,16,14-09-2025,4
23760,326,16,29-04-2025,4
23903,5282,16,07-08-2025,4
23919,7483,16,13-06-2025,4
24228,4327,16,16-02-2025,4
24513,4274,16,07-01-2026,4
24641,7318,16,01-05-2025,4
24857,5686,16,18-05-2025,4
24986,3272,16,29-07-2025,4
25017,4762,16,24-10-2025,4
25285,373,16,06-12-2025,4
25330,1393,16,02-12-2025,4
25461,2194,16,02-09-2025,4
25497,3900,16,20-11-2025,4
25542,5282,16,17-11-2025,4
25676,320,16,12-02-2025,4
25771,3478,16,29-01-2025,4
25823,3252,16,11-06-2025,4
25866,2888,16,30-08-2025,4
25942,1500,16,12-01-2026,4
26118,1290,16,04-06-2025,4
26169,2107,16,02-10-2025,4
26326,2077,16,14-07-2025,4
26464,6171,16,07-02-2025,4
26504,5935,16,10-04-2025,4
26650,7261,16,30-04-2025,4
26992,3984,16,27-03-2025,4
26995,4128,16,21-08-2025,4
27136,3362,16,05-11-2025,4
27144,2459,16,20-03-2025,4
27668,5523,16,03-12-2025,4
27688,7458,16,19-05-2025,4
27733,4552,16,09-01-2026,4
27776,2133,16,08-10-2025,4
27947,6701,16,18-12-2025,4
27959,1565,16,05-10-2025,4
52,1392,3,31-07-2025,4
199,7113,3,02-04-2025,4
236,4453,3,15-02-2025,4
314,4958,3,07-06-2025,4
428,155,3,30-09-2025,4
466,6079,3,06-07-2025,4
519,7555,3,17-12-2025,4
579,1317,3,19-11-2025,4
693,5566,3,08-01-2025,4
788,6270,3,18-01-2025,4
965,6435,3,26-10-2025,4
1214,2703,3,24-08-2025,4
1216,376,3,24-05-2025,4
1269,717,3,19-03-2025,4
1460,4718,3,01-01-2026,4
1468,6032,3,28-12-2025,4
1489,2157,3,01-05-2025,4
1547,6223,3,09-09-2025,4
1778,1210,3,29-09-2025,4
1937,5140,3,29-11-2025,4
1976,5829,3,27-05-2025,4
2253,420,3,03-01-2025,4
2412,6087,3,04-04-2025,4
2676,6045,3,05-12-2025,4
2910,6351,3,06-11-2025,4
3109,3009,3,04-05-2025,4
3190,4758,3,17-07-2025,4
3377,3028,3,17-07-2025,4
3401,4153,3,06-12-2025,4
3551,3754,3,18-01-2026,4
3553,963,3,16-09-2025,4
3605,6965,3,01-04-2025,4
3641,2670,3,17-10-2025,4
3706,1612,3,15-03-2025,4
3755,2789,3,02-07-2025,4
3821,7906,3,02-12-2025,4
3955,2254,3,19-02-2025,4
3998,7755,3,28-05-2025,4
4212,2878,3,07-01-2025,4
4386,1489,3,06-05-2025,4
4400,5024,3,13-09-2025,4
4486,1862,3,18-03-2025,4
4760,1780,3,10-10-2025,4
4801,7216,3,14-06-2025,4
4876,294,3,10-06-2025,4
4989,5607,3,30-07-2025,4
5398,2361,3,22-08-2025,4
5524,3670,3,18-01-2025,4
5580,1644,3,27-01-2025,4
5595,4140,3,16-11-2025,4
5612,2040,3,11-09-2025,4
5868,5487,3,18-11-2025,4
6010,2453,3,07-01-2025,4
6025,671,3,04-11-2025,4
6114,6825,3,28-07-2025,4
6162,1484,3,28-07-2025,4
6169,3857,3,30-12-2025,4
6267,4464,3,31-07-2025,4
6301,1951,3,13-02-2025,4
6450,3145,3,16-09-2025,4
6735,7524,3,01-09-2025,4
6780,7933,3,27-06-2025,4
7000,4194,3,29-10-2025,4
7228,1660,3,15-03-2025,4
7442,5465,3,17-11-2025,4
7522,2148,3,28-06-2025,4
7590,3022,3,18-07-2025,4
7654,6738,3,14-02-2025,4
7681,5846,3,17-11-2025,4
7709,901,3,27-06-2025,4
7727,763,3,18-01-2025,4
7769,5640,3,03-03-2025,4
7937,660,3,13-03-2025,4
7938,3554,3,06-11-2025,4
8012,2610,3,09-03-2025,4
8110,2094,3,31-01-2025,4
8135,707,3,28-10-2025,4
8234,7394,3,06-04-2025,4
8413,7308,3,10-01-2026,4
8668,269,3,17-07-2025,4
8767,7568,3,10-04-2025,4
8827,5984,3,12-08-2025,4
8883,1508,3,22-02-2025,4
8914,4405,3,25-01-2025,4
9025,4066,3,13-02-2025,4
9078,5962,3,24-03-2025,4
9558,104,3,07-01-2025,4
9577,5255,3,13-12-2025,4
9634,2038,3,06-01-2025,4
9655,7970,3,24-04-2025,4
10031,6804,3,26-04-2025,4
10056,2119,3,29-09-2025,4
10201,3239,3,20-05-2025,4
10224,5653,3,06-09-2025,4
10458,2036,3,04-12-2025,4
10800,4896,3,16-03-2025,4
10814,6468,3,12-03-2025,4
10958,5391,3,08-12-2025,4
10959,4009,3,05-06-2025,4
11003,3934,3,10-04-2025,4
11221,6216,3,25-06-2025,4
11434,459,3,03-01-2026,4
11614,7273,3,09-12-2025,4
11663,4739,3,15-01-2025,4
11757,1901,3,18-01-2026,4
11776,5720,3,17-11-2025,4
11785,4805,3,15-01-2026,4
11828,7698,3,03-06-2025,4
11898,3267,3,20-01-2025,4
11938,1159,3,14-10-2025,4
12002,23,3,24-06-2025,4
12152,1485,3,05-03-2025,4
12173,2376,3,19-01-2025,4
12810,4135,3,06-01-2026,4
12914,1460,3,02-08-2025,4
13105,5314,3,21-04-2025,4
13165,6565,3,10-02-2025,4
13187,2214,3,20-01-2025,4
13304,7208,3,05-01-2025,4
13313,6269,3,28-09-2025,4
13319,910,3,23-10-2025,4
13466,1294,3,03-10-2025,4
13653,6503,3,31-01-2025,4
13695,3230,3,25-04-2025,4
13709,1256,3,26-01-2025,4
13841,2109,3,02-06-2025,4
13889,6911,3,10-05-2025,4
13931,5479,3,19-01-2025,4
13959,6069,3,19-11-2025,4
14105,4412,3,10-09-2025,4
14379,7950,3,12-03-2025,4
14422,6957,3,25-03-2025,4
14668,171,3,21-12-2025,4
14728,5522,3,23-12-2025,4
14915,5579,3,29-12-2025,4
15103,4265,3,15-10-2025,4
15127,7434,3,01-12-2025,4
15248,2898,3,23-03-2025,4
15397,710,3,02-03-2025,4
15636,4163,3,18-04-2025,4
15639,524,3,04-01-2026,4
15667,2012,3,01-11-2025,4
15681,3426,3,07-10-2025,4
15906,6659,3,19-04-2025,4
16123,4766,3,06-02-2025,4
16130,6434,3,22-01-2025,4
16238,6394,3,03-08-2025,4
16240,1984,3,10-08-2025,4
16346,273,3,02-09-2025,4
16388,4551,3,09-05-2025,4
16545,5937,3,18-09-2025,4
16603,6630,3,05-04-2025,4
16957,6976,3,04-10-2025,4
17087,4343,3,08-04-2025,4
17208,5592,3,03-05-2025,4
17227,4208,3,29-03-2025,4
17332,7289,3,18-01-2025,4
17374,6530,3,10-12-2025,4
17457,2457,3,04-09-2025,4
17778,7585,3,21-09-2025,4
17825,1882,3,20-04-2025,4
17958,4523,3,22-01-2025,4
18245,2188,3,15-01-2025,4
18425,4658,3,20-12-2025,4
18520,7556,3,18-12-2025,4
18526,4477,3,25-05-2025,4
18555,5109,3,27-05-2025,4
18609,4996,3,18-03-2025,4
18633,4561,3,30-05-2025,4
18643,7332,3,02-08-2025,4
18847,1107,3,20-03-2025,4
19279,6045,3,26-10-2025,4
19291,5483,3,22-06-2025,4
19347,3631,3,01-11-2025,4
19348,7532,3,07-05-2025,4
19352,7481,3,11-12-2025,4
19359,1845,3,11-05-2025,4
19386,964,3,21-01-2025,4
19460,5203,3,28-05-2025,4
19583,5528,3,29-06-2025,4
19724,3191,3,25-05-2025,4
19846,3047,3,28-11-2025,4
20077,5122,3,07-09-2025,4
20093,5445,3,26-08-2025,4
20095,4120,3,04-02-2025,4
20131,2420,3,29-06-2025,4
20156,4795,3,24-12-2025,4
20277,5798,3,27-12-2025,4
20313,3868,3,19-10-2025,4
20334,6706,3,26-03-2025,4
20421,2693,3,29-03-2025,4
20618,4949,3,22-07-2025,4
20641,4654,3,22-07-2025,4
20681,5936,3,06-02-2025,4
20691,4108,3,29-03-2025,4
20901,2033,3,01-01-2026,4
20902,1051,3,28-11-2025,4
20951,405,3,26-05-2025,4
20997,4752,3,15-03-2025,4
21070,3704,3,11-07-2025,4
21121,785,3,04-07-2025,4
21347,1743,3,08-02-2025,4
21422,7042,3,05-09-2025,4
21440,6006,3,05-06-2025,4
21556,7531,3,22-06-2025,4
21590,4764,3,07-03-2025,4
21614,1148,3,19-07-2025,4
21680,1248,3,08-01-2026,4
21689,2608,3,26-01-2025,4
21768,1928,3,22-11-2025,4
21941,2223,3,14-08-2025,4
21969,7465,3,15-09-2025,4
22126,1977,3,08-11-2025,4
22264,3798,3,01-07-2025,4
22332,4058,3,27-07-2025,4
22423,5855,3,01-03-2025,4
22502,1123,3,03-06-2025,4
22564,3519,3,24-03-2025,4
22851,4145,3,28-12-2025,4
22936,738,3,20-08-2025,4
23117,6318,3,06-01-2026,4
23189,7406,3,16-09-2025,4
23227,7937,3,21-08-2025,4
23275,4692,3,06-06-2025,4
23319,6937,3,13-04-2025,4
23352,5749,3,24-02-2025,4
23382,2811,3,16-08-2025,4
23395,1894,3,26-04-2025,4
23399,6950,3,11-08-2025,4
23408,6128,3,11-08-2025,4
23417,628,3,28-05-2025,4
23634,7506,3,02-01-2026,4
23877,6061,3,28-05-2025,4
23991,5155,3,05-02-2025,4
24036,4344,3,07-05-2025,4
24075,1063,3,04-06-2025,4
24119,1252,3,25-03-2025,4
24362,4682,3,15-05-2025,4
24395,1444,3,03-07-2025,4
25212,4256,3,10-01-2025,4
25513,5724,3,01-08-2025,4
25761,1924,3,10-12-2025,4
25816,6377,3,16-01-2026,4
25855,3005,3,31-12-2025,4
25893,3479,3,01-10-2025,4
25901,6797,3,13-03-2025,4
26113,2517,3,28-04-2025,4
26369,579,3,05-10-2025,4
26418,6521,3,29-12-2025,4
26430,6101,3,21-04-2025,4
26638,7643,3,21-03-2025,4
26936,5029,3,04-07-2025,4
27032,5040,3,29-09-2025,4
27058,2227,3,11-01-2026,4
27082,5928,3,08-12-2025,4
27109,5926,3,11-01-2026,4
27362,4164,3,03-03-2025,4
27408,607,3,31-05-2025,4
27541,984,3,15-02-2025,4
30,4736,21,23-04-2025,4
99,7858,21,06-02-2025,4
304,2244,21,20-08-2025,4
322,7385,21,26-06-2025,4
394,2377,21,27-01-2025,4
526,7563,21,15-02-2025,4
533,161,21,15-01-2026,4
628,3337,21,23-10-2025,4
682,6355,21,11-12-2025,4
687,3594,21,14-05-2025,4
749,6370,21,11-01-2026,4
781,4024,21,24-12-2025,4
940,6627,21,15-06-2025,4
1494,20,21,16-08-2025,4
1554,6887,21,08-07-2025,4
1596,1165,21,18-03-2025,4
1732,3561,21,24-06-2025,4
2105,2660,21,30-12-2025,4
2122,2300,21,08-02-2025,4
2172,2580,21,20-05-2025,4
2362,2785,21,13-08-2025,4
2401,3215,21,05-07-2025,4
2934,6484,21,14-01-2025,4
3284,1541,21,01-01-2025,4
3456,1530,21,15-07-2025,4
3601,947,21,04-06-2025,4
3714,2669,21,05-01-2025,4
3870,7189,21,13-12-2025,4
3944,4469,21,29-04-2025,4
4011,6881,21,12-09-2025,4
4058,2761,21,02-05-2025,4
4134,5971,21,03-09-2025,4
4188,415,21,25-04-2025,4
4238,6966,21,15-01-2026,4
4244,5665,21,07-04-2025,4
4373,5370,21,15-12-2025,4
4455,1963,21,13-07-2025,4
4464,2691,21,08-12-2025,4
4528,520,21,14-01-2026,4
4676,121,21,17-04-2025,4
4736,3330,21,31-01-2025,4
4744,1572,21,10-04-2025,4
4885,664,21,08-11-2025,4
4997,1743,21,18-10-2025,4
5153,4163,21,31-12-2025,4
5163,95,21,23-09-2025,4
5188,1654,21,25-11-2025,4
5374,2508,21,30-01-2025,4
5668,2507,21,07-01-2025,4
5698,4162,21,31-12-2025,4
5757,7980,21,21-09-2025,4
5770,3209,21,27-01-2025,4
5805,1346,21,15-06-2025,4
5830,1837,21,05-01-2025,4
5926,5606,21,23-08-2025,4
6058,6467,21,11-04-2025,4
6090,4820,21,13-01-2025,4
6221,4975,21,12-03-2025,4
6508,715,21,14-01-2026,4
6535,522,21,14-03-2025,4
6541,7386,21,06-10-2025,4
6583,4355,21,12-10-2025,4
6631,494,21,03-01-2025,4
6660,3139,21,24-05-2025,4
6852,2945,21,26-06-2025,4
7061,3791,21,04-01-2025,4
7136,506,21,23-09-2025,4
7143,1088,21,11-07-2025,4
7201,2890,21,02-11-2025,4
7531,6034,21,20-03-2025,4
7580,4537,21,18-12-2025,4
7977,4287,21,05-09-2025,4
8111,1338,21,12-09-2025,4
8369,2641,21,09-09-2025,4
8513,1921,21,15-11-2025,4
8574,2828,21,11-06-2025,4
8633,2969,21,05-08-2025,4
8684,805,21,06-08-2025,4
8815,1737,21,11-08-2025,4
9082,971,21,26-04-2025,4
9182,6832,21,11-10-2025,4
9350,6056,21,06-11-2025,4
9358,4739,21,26-05-2025,4
9597,409,21,21-11-2025,4
9782,3281,21,02-08-2025,4
10105,5644,21,14-01-2025,4
10308,1727,21,01-06-2025,4
10466,1340,21,11-08-2025,4
10539,4636,21,22-12-2025,4
10541,456,21,07-04-2025,4
10763,2083,21,25-03-2025,4
10866,2182,21,07-11-2025,4
10954,1092,21,18-01-2025,4
11087,6752,21,12-11-2025,4
11193,3945,21,31-10-2025,4
11463,2262,21,06-09-2025,4
11539,4393,21,03-08-2025,4
11629,7144,21,13-03-2025,4
11680,2934,21,12-01-2025,4
11907,1543,21,14-04-2025,4
11965,6825,21,17-01-2025,4
12055,968,21,16-07-2025,4
12073,3861,21,14-05-2025,4
12107,3179,21,10-01-2025,4
12302,5397,21,23-03-2025,4
12359,1098,21,11-01-2026,4
12562,7281,21,02-02-2025,4
12816,1812,21,13-11-2025,4
12908,4039,21,14-01-2026,4
12958,3354,21,18-05-2025,4
12982,3355,21,29-07-2025,4
13020,1481,21,24-04-2025,4
13058,7552,21,09-05-2025,4
13063,2492,21,09-12-2025,4
13121,2639,21,03-07-2025,4
13129,5988,21,06-04-2025,4
13130,271,21,01-09-2025,4
13183,2200,21,09-04-2025,4
13708,7380,21,04-09-2025,4
13721,3030,21,28-06-2025,4
13936,1261,21,28-12-2025,4
14025,3410,21,23-12-2025,4
14168,1878,21,10-02-2025,4
14523,7235,21,04-12-2025,4
14531,4261,21,03-05-2025,4
14658,1909,21,26-05-2025,4
14766,5125,21,23-08-2025,4
14815,7325,21,04-08-2025,4
14912,1799,21,10-07-2025,4
14954,4613,21,28-09-2025,4
15121,5542,21,07-11-2025,4
15130,3392,21,02-11-2025,4
15242,1958,21,19-10-2025,4
15267,4825,21,26-06-2025,4
15304,6554,21,03-03-2025,4
15359,2668,21,19-03-2025,4
15420,7314,21,14-10-2025,4
15446,2927,21,08-03-2025,4
15493,2508,21,17-12-2025,4
15656,1639,21,04-05-2025,4
15670,5672,21,21-06-2025,4
15694,1055,21,22-10-2025,4
15832,7429,21,07-08-2025,4
15854,1846,21,18-12-2025,4
15905,3466,21,10-08-2025,4
16137,1119,21,10-12-2025,4
16198,632,21,11-05-2025,4
16337,13,21,05-10-2025,4
16527,3624,21,21-02-2025,4
16752,1574,21,16-03-2025,4
16922,5936,21,23-08-2025,4
17000,2453,21,02-06-2025,4
17201,2186,21,15-09-2025,4
17242,2547,21,06-08-2025,4
17346,3675,21,27-10-2025,4
17420,3978,21,04-05-2025,4
17476,3763,21,05-12-2025,4
17750,4346,21,30-03-2025,4
17769,5800,21,31-08-2025,4
17811,930,21,26-07-2025,4
17925,6673,21,14-06-2025,4
18101,6085,21,14-05-2025,4
18109,2169,21,08-10-2025,4
18170,5489,21,08-01-2026,4
18289,6648,21,27-04-2025,4
18320,5092,21,08-10-2025,4
18361,434,21,12-10-2025,4
18558,4413,21,12-01-2025,4
18580,1655,21,24-05-2025,4
18584,7594,21,22-03-2025,4
18598,3725,21,22-09-2025,4
18637,6323,21,15-12-2025,4
18846,3559,21,07-06-2025,4
18929,6695,21,07-08-2025,4
19050,4661,21,17-02-2025,4
19326,6731,21,14-10-2025,4
19416,3305,21,20-12-2025,4
19612,637,21,14-03-2025,4
19642,127,21,03-10-2025,4
19803,3667,21,02-02-2025,4
19900,5451,21,08-01-2026,4
19956,1678,21,03-08-2025,4
20252,7137,21,24-02-2025,4
20463,224,21,14-01-2026,4
20600,3385,21,14-07-2025,4
20705,151,21,02-11-2025,4
20910,7159,21,09-04-2025,4
21007,913,21,14-08-2025,4
21059,3964,21,08-08-2025,4
21100,3932,21,01-07-2025,4
21122,7938,21,12-07-2025,4
21174,1045,21,01-03-2025,4
21484,3075,21,21-09-2025,4
21544,3105,21,05-01-2025,4
21568,3463,21,25-08-2025,4
21665,327,21,13-03-2025,4
21776,1238,21,04-09-2025,4
21834,2964,21,02-09-2025,4
21999,453,21,05-02-2025,4
22135,3145,21,08-04-2025,4
22469,6429,21,16-08-2025,4
22559,2296,21,22-02-2025,4
22950,6825,21,30-09-2025,4
22993,5564,21,10-10-2025,4
23039,3788,21,02-02-2025,4
23114,2667,21,09-10-2025,4
23169,2668,21,16-04-2025,4
23212,7092,21,19-05-2025,4
23220,6934,21,17-10-2025,4
23436,7194,21,16-02-2025,4
23467,3640,21,26-07-2025,4
23483,6545,21,09-10-2025,4
23596,2568,21,12-03-2025,4
23683,3495,21,01-01-2025,4
23727,3445,21,21-06-2025,4
23747,2871,21,06-06-2025,4
23752,3192,21,27-10-2025,4
23826,3710,21,06-10-2025,4
23827,5844,21,20-11-2025,4
24230,5317,21,16-02-2025,4
24241,5961,21,10-05-2025,4
24429,4551,21,14-01-2025,4
24543,889,21,17-09-2025,4
24562,2142,21,27-12-2025,4
24624,5875,21,18-11-2025,4
24646,499,21,05-11-2025,4
24659,7727,21,28-11-2025,4
24677,276,21,27-04-2025,4
24827,5537,21,18-03-2025,4
24883,3095,21,05-02-2025,4
25096,2908,21,29-03-2025,4
25113,4308,21,20-04-2025,4
25166,4556,21,29-06-2025,4
25177,6022,21,08-09-2025,4
25592,2688,21,10-01-2026,4
25645,2013,21,14-05-2025,4
25742,5905,21,04-02-2025,4
25765,108,21,03-12-2025,4
25799,3316,21,08-05-2025,4
25814,2441,21,06-05-2025,4
25868,2114,21,04-06-2025,4
25995,7008,21,13-06-2025,4
26056,2206,21,22-08-2025,4
26105,6665,21,16-09-2025,4
26405,693,21,26-11-2025,4
26712,5967,21,15-06-2025,4
26806,2330,21,11-06-2025,4
26925,5407,21,25-05-2025,4
26990,3377,21,16-11-2025,4
27008,1123,21,16-07-2025,4
27219,1347,21,25-12-2025,4
27247,1136,21,08-01-2026,4
27255,6748,21,03-08-2025,4
27257,3811,21,11-03-2025,4
27412,2712,21,19-12-2025,4
27416,5657,21,11-08-2025,4
27750,3387,21,04-10-2025,4
27782,2352,21,04-09-2025,4
27971,7756,21,26-05-2025,4
106,2561,22,09-09-2025,4
153,4213,22,05-01-2026,4
307,2871,22,01-11-2025,4
340,4706,22,30-10-2025,4
480,4935,22,25-09-2025,4
658,1492,22,05-08-2025,4
665,3263,22,29-06-2025,4
849,1879,22,15-06-2025,4
894,1183,22,31-12-2025,4
1056,1125,22,03-03-2025,4
1208,4112,22,05-05-2025,4
1305,645,22,07-04-2025,4
1314,3787,22,06-05-2025,4
1414,2800,22,22-05-2025,4
1700,2465,22,13-02-2025,4
1969,5057,22,08-06-2025,4
2113,189,22,18-09-2025,4
2116,2097,22,06-01-2026,4
2162,7374,22,20-10-2025,4
2244,2545,22,13-08-2025,4
2263,670,22,09-05-2025,4
2275,7391,22,25-05-2025,4
2442,3880,22,21-04-2025,4
2659,3923,22,27-12-2025,4
2709,682,22,16-01-2025,4
2762,270,22,29-08-2025,4
2884,1976,22,20-02-2025,4
2943,3367,22,18-10-2025,4
3019,6425,22,06-10-2025,4
3038,3224,22,31-07-2025,4
3081,7259,22,13-04-2025,4
3209,4895,22,02-10-2025,4
3247,3188,22,16-01-2026,4
3368,7993,22,07-01-2025,4
3395,3526,22,01-03-2025,4
3519,5608,22,25-05-2025,4
3554,6836,22,07-05-2025,4
3620,8,22,09-03-2025,4
3765,6190,22,23-12-2025,4
3852,2317,22,08-07-2025,4
3968,1965,22,14-01-2025,4
4089,2114,22,31-03-2025,4
4128,7257,22,14-10-2025,4
4153,4953,22,13-01-2026,4
4161,4461,22,01-01-2025,4
4194,1208,22,06-11-2025,4
4255,4697,22,11-07-2025,4
4284,3800,22,27-11-2025,4
4382,5016,22,01-01-2026,4
4446,5180,22,05-12-2025,4
4448,1173,22,21-08-2025,4
4463,4737,22,22-11-2025,4
4497,1317,22,27-06-2025,4
4511,6714,22,30-09-2025,4
4636,7631,22,30-05-2025,4
4669,6508,22,16-10-2025,4
4886,1566,22,29-11-2025,4
4915,1050,22,01-01-2026,4
4920,5241,22,01-02-2025,4
5092,316,22,20-06-2025,4
5119,846,22,09-07-2025,4
5329,6868,22,29-11-2025,4
5370,2942,22,11-01-2026,4
5499,1271,22,03-12-2025,4
5523,7259,22,15-01-2026,4
5560,7568,22,22-03-2025,4
5588,2064,22,14-05-2025,4
5720,6731,22,03-09-2025,4
5907,460,22,30-08-2025,4
5928,7483,22,20-10-2025,4
6124,5821,22,15-10-2025,4
6290,7005,22,21-03-2025,4
6506,1372,22,20-05-2025,4
6580,2719,22,17-02-2025,4
6594,1284,22,03-01-2025,4
6609,4996,22,29-03-2025,4
6718,5065,22,18-09-2025,4
6757,5342,22,26-09-2025,4
6870,6946,22,15-02-2025,4
6933,4862,22,26-12-2025,4
6939,3923,22,05-05-2025,4
7042,2614,22,24-04-2025,4
7226,670,22,24-02-2025,4
7359,7459,22,10-03-2025,4
7469,7829,22,13-06-2025,4
7482,4125,22,27-09-2025,4
7490,2540,22,02-02-2025,4
7518,1704,22,03-01-2026,4
7928,3218,22,15-02-2025,4
8025,7478,22,19-02-2025,4
8392,558,22,10-03-2025,4
8982,941,22,26-03-2025,4
9132,7686,22,18-09-2025,4
9269,7333,22,25-07-2025,4
9330,6454,22,28-02-2025,4
9553,7818,22,03-09-2025,4
9556,6603,22,23-10-2025,4
9598,1138,22,07-10-2025,4
9776,3790,22,15-06-2025,4
9914,6669,22,22-06-2025,4
9977,874,22,02-01-2025,4
10064,7679,22,07-08-2025,4
10119,2518,22,06-04-2025,4
10334,6002,22,03-09-2025,4
10629,2730,22,28-06-2025,4
10795,3856,22,02-05-2025,4
10824,7635,22,26-05-2025,4
10892,3013,22,17-07-2025,4
10963,7596,22,28-11-2025,4
10976,7465,22,14-09-2025,4
11113,1603,22,26-02-2025,4
11314,7923,22,22-03-2025,4
11420,7750,22,19-10-2025,4
11542,6594,22,02-04-2025,4
11725,4204,22,01-08-2025,4
12163,7500,22,15-03-2025,4
12186,5110,22,15-08-2025,4
12402,359,22,27-07-2025,4
12492,6466,22,09-03-2025,4
12899,6326,22,11-04-2025,4
12911,3073,22,03-09-2025,4
12913,7275,22,13-05-2025,4
13025,3462,22,01-10-2025,4
13244,620,22,10-10-2025,4
13331,1272,22,06-12-2025,4
13362,3852,22,30-06-2025,4
13405,3378,22,08-01-2025,4
13920,6110,22,25-04-2025,4
13929,4456,22,20-10-2025,4
14004,1662,22,09-10-2025,4
14062,1730,22,02-09-2025,4
14502,4203,22,26-10-2025,4
14731,767,22,19-03-2025,4
14777,5346,22,11-11-2025,4
14871,5533,22,06-12-2025,4
15030,7810,22,21-12-2025,4
15082,2224,22,18-06-2025,4
15110,435,22,01-01-2025,4
15191,2760,22,14-11-2025,4
15384,1788,22,01-10-2025,4
15394,7565,22,10-04-2025,4
15818,7231,22,23-09-2025,4
16060,5442,22,05-09-2025,4
16174,3651,22,26-10-2025,4
16249,5942,22,05-09-2025,4
16451,7787,22,09-05-2025,4
16537,5166,22,29-01-2025,4
16544,662,22,10-01-2025,4
16597,7049,22,15-09-2025,4
16647,7187,22,22-01-2025,4
16900,4875,22,30-01-2025,4
17191,7329,22,28-03-2025,4
17288,5390,22,25-10-2025,4
17453,5733,22,18-12-2025,4
17479,3795,22,14-01-2025,4
17486,7684,22,04-12-2025,4
17541,6269,22,16-11-2025,4
17734,6112,22,01-05-2025,4
17899,5745,22,29-06-2025,4
18023,6468,22,09-01-2025,4
18042,1847,22,19-08-2025,4
18083,5475,22,28-07-2025,4
18194,6792,22,16-01-2025,4
18284,4167,22,02-02-2025,4
18348,3177,22,09-02-2025,4
18402,7283,22,30-04-2025,4
18472,569,22,07-04-2025,4
18496,4592,22,19-07-2025,4
18602,739,22,20-05-2025,4
18639,2745,22,24-03-2025,4
18677,1526,22,23-06-2025,4
18781,5134,22,14-06-2025,4
18784,2412,22,04-01-2025,4
18917,2775,22,21-06-2025,4
19132,7570,22,19-01-2025,4
19134,3087,22,15-09-2025,4
19210,1703,22,15-02-2025,4
19286,2002,22,23-07-2025,4
19376,7005,22,17-11-2025,4
19491,7800,22,05-03-2025,4
19628,6990,22,19-08-2025,4
19646,6832,22,04-12-2025,4
19676,4785,22,28-01-2025,4
20020,4523,22,24-07-2025,4
20312,4301,22,04-06-2025,4
20328,4288,22,12-09-2025,4
20335,5239,22,18-10-2025,4
20771,5260,22,24-05-2025,4
21178,6443,22,05-01-2025,4
21357,5192,22,19-06-2025,4
21424,2129,22,05-10-2025,4
21481,4584,22,24-05-2025,4
21578,6062,22,20-07-2025,4
21619,5561,22,05-02-2025,4
21736,5942,22,09-08-2025,4
21989,5916,22,21-07-2025,4
22072,4489,22,12-06-2025,4
22099,4172,22,24-02-2025,4
22193,6841,22,03-12-2025,4
22251,5976,22,24-11-2025,4
22275,2705,22,22-04-2025,4
22372,815,22,02-10-2025,4
22498,5323,22,22-07-2025,4
22523,6077,22,12-12-2025,4
22535,5999,22,21-08-2025,4
22560,5878,22,03-01-2026,4
22613,6957,22,10-04-2025,4
22692,1703,22,01-01-2026,4
22976,6233,22,04-09-2025,4
23076,32,22,24-12-2025,4
23106,488,22,22-01-2025,4
23152,592,22,13-08-2025,4
23266,2553,22,28-02-2025,4
23300,978,22,20-09-2025,4
23445,5796,22,16-10-2025,4
23447,2726,22,06-08-2025,4
23508,6465,22,23-10-2025,4
23525,2675,22,29-11-2025,4
23628,3805,22,26-04-2025,4
23703,2565,22,14-04-2025,4
23859,1127,22,21-07-2025,4
24048,2510,22,18-05-2025,4
24243,2456,22,01-02-2025,4
24485,2780,22,29-07-2025,4
24491,1482,22,01-05-2025,4
24581,5594,22,28-05-2025,4
24589,2336,22,14-01-2025,4
24727,3730,22,10-07-2025,4
24729,3336,22,28-04-2025,4
24840,5383,22,29-10-2025,4
24850,1163,22,15-07-2025,4
24957,7819,22,07-10-2025,4
24993,3901,22,11-01-2026,4
25053,7368,22,01-08-2025,4
25066,4131,22,15-05-2025,4
25068,1954,22,19-10-2025,4
25140,1475,22,28-05-2025,4
25195,4894,22,07-01-2026,4
25290,2831,22,09-12-2025,4
25378,2727,22,04-08-2025,4
25599,1054,22,29-01-2025,4
25775,1442,22,15-12-2025,4
25853,3363,22,19-11-2025,4
25955,4511,22,16-02-2025,4
25993,7435,22,28-11-2025,4
26210,3414,22,18-09-2025,4
26390,3102,22,17-03-2025,4
26431,6463,22,11-08-2025,4
26642,7381,22,10-01-2026,4
26661,6818,22,19-10-2025,4
26812,295,22,18-10-2025,4
27002,5538,22,27-01-2025,4
27119,7919,22,27-05-2025,4
27273,55,22,04-12-2025,4
27589,1274,22,13-08-2025,4
27614,7949,22,18-09-2025,4
27805,5620,22,24-02-2025,4
27841,537,22,01-11-2025,4
1,6651,8,18-11-2025,4
22,4418,8,26-03-2025,4
329,1628,8,16-05-2025,4
368,2869,8,06-09-2025,4
403,7733,8,24-03-2025,4
744,1302,8,04-07-2025,4
791,7053,8,28-12-2025,4
809,4816,8,23-12-2025,4
949,4540,8,25-12-2025,4
986,4125,8,23-07-2025,4
1172,3705,8,13-11-2025,4
1531,2927,8,07-10-2025,4
1607,428,8,28-11-2025,4
1655,808,8,15-10-2025,4
1680,3048,8,17-12-2025,4
1682,1466,8,26-06-2025,4
1701,5137,8,24-03-2025,4
1761,7258,8,13-04-2025,4
1788,3451,8,07-08-2025,4
1854,522,8,11-06-2025,4
1904,4660,8,23-02-2025,4
1975,6942,8,27-11-2025,4
2093,4620,8,14-10-2025,4
2109,1064,8,19-01-2025,4
2141,3218,8,21-08-2025,4
2161,4305,8,17-01-2026,4
2266,1438,8,02-04-2025,4
2438,6646,8,10-04-2025,4
2506,982,8,03-03-2025,4
2682,7291,8,08-07-2025,4
2770,5432,8,12-01-2026,4
2951,884,8,08-07-2025,4
3047,1949,8,23-12-2025,4
3053,2743,8,10-10-2025,4
3313,2571,8,07-11-2025,4
3796,3118,8,09-01-2025,4
3811,64,8,27-07-2025,4
4038,3484,8,11-02-2025,4
4051,6441,8,02-07-2025,4
4072,2213,8,05-11-2025,4
4101,2678,8,02-12-2025,4
4131,848,8,08-06-2025,4
4281,6183,8,29-10-2025,4
4424,7242,8,15-11-2025,4
4469,3407,8,17-07-2025,4
4779,4360,8,11-10-2025,4
4839,4433,8,14-03-2025,4
4967,5222,8,27-03-2025,4
5227,6593,8,23-07-2025,4
5389,7473,8,15-03-2025,4
5559,7873,8,29-08-2025,4
5566,1593,8,12-12-2025,4
5606,4853,8,12-10-2025,4
5633,1996,8,15-06-2025,4
5667,325,8,09-03-2025,4
5700,6947,8,05-10-2025,4
5761,5618,8,03-11-2025,4
5816,2623,8,06-11-2025,4
5914,7641,8,25-02-2025,4
5943,1593,8,17-05-2025,4
6092,4995,8,15-05-2025,4
6136,3402,8,06-01-2025,4
6138,786,8,01-06-2025,4
6145,7703,8,13-01-2025,4
6283,6577,8,13-05-2025,4
6343,107,8,24-12-2025,4
6487,1021,8,04-05-2025,4
6521,271,8,13-10-2025,4
6529,7053,8,21-08-2025,4
6559,7798,8,03-08-2025,4
6871,5717,8,28-08-2025,4
7086,4845,8,21-02-2025,4
7159,3552,8,16-06-2025,4
7193,2761,8,03-04-2025,4
7248,6316,8,03-07-2025,4
7270,318,8,03-11-2025,4
7441,5816,8,01-04-2025,4
7632,7037,8,11-10-2025,4
7641,6528,8,07-08-2025,4
7756,2688,8,24-06-2025,4
7822,7401,8,11-03-2025,4
7918,3171,8,28-06-2025,4
7986,2225,8,25-09-2025,4
7998,2331,8,25-08-2025,4
8008,5834,8,03-01-2026,4
8273,6709,8,01-11-2025,4
8278,5255,8,30-01-2025,4
8477,5435,8,30-04-2025,4
8751,3229,8,19-03-2025,4
8858,4510,8,14-07-2025,4
8942,7828,8,03-02-2025,4
9123,168,8,09-02-2025,4
9209,3340,8,06-02-2025,4
9221,7164,8,22-01-2025,4
9303,7374,8,29-05-2025,4
9344,3581,8,16-05-2025,4
9351,3001,8,10-11-2025,4
9574,7682,8,18-08-2025,4
9640,223,8,19-04-2025,4
9645,4588,8,10-11-2025,4
9731,7849,8,22-08-2025,4
9740,4996,8,04-04-2025,4
9766,7147,8,05-06-2025,4
9835,966,8,21-02-2025,4
10235,1347,8,19-07-2025,4
10320,6151,8,08-04-2025,4
10380,4290,8,14-11-2025,4
10473,4534,8,04-04-2025,4
10875,1573,8,08-03-2025,4
11092,5752,8,26-03-2025,4
11223,4729,8,09-11-2025,4
11228,6434,8,10-04-2025,4
11262,175,8,15-11-2025,4
11322,3054,8,22-09-2025,4
11419,3042,8,02-10-2025,4
11451,3988,8,04-12-2025,4
11521,7254,8,05-07-2025,4
11557,2587,8,12-01-2025,4
11566,3744,8,13-05-2025,4
11592,6973,8,24-06-2025,4
11698,7585,8,16-09-2025,4
11791,6636,8,03-06-2025,4
11810,4568,8,17-09-2025,4
11820,876,8,17-04-2025,4
11839,3771,8,25-01-2025,4
11903,7618,8,06-04-2025,4
12165,7928,8,17-01-2026,4
12208,2085,8,11-08-2025,4
12278,4130,8,13-07-2025,4
12360,224,8,12-07-2025,4
12639,6667,8,04-11-2025,4
12674,2872,8,24-04-2025,4
12882,7043,8,02-11-2025,4
12990,5498,8,29-11-2025,4
13056,5509,8,27-04-2025,4
13110,6787,8,22-04-2025,4
13226,4737,8,13-04-2025,4
13227,5070,8,05-08-2025,4
13243,344,8,12-10-2025,4
13397,977,8,27-08-2025,4
13568,7938,8,30-06-2025,4
13976,6158,8,31-05-2025,4
14114,6189,8,07-04-2025,4
14296,4940,8,01-04-2025,4
14477,4103,8,06-12-2025,4
14619,3791,8,30-04-2025,4
14684,7567,8,19-10-2025,4
15020,6331,8,05-03-2025,4
15098,3066,8,23-10-2025,4
15262,3847,8,01-04-2025,4
15270,6281,8,19-04-2025,4
15351,7949,8,26-03-2025,4
15360,6689,8,21-07-2025,4
15401,257,8,09-04-2025,4
15482,7552,8,10-11-2025,4
15588,1582,8,23-09-2025,4
15602,3659,8,13-05-2025,4
15749,5229,8,09-07-2025,4
15911,4030,8,21-11-2025,4
16071,4996,8,03-08-2025,4
16378,1301,8,01-06-2025,4
16424,3725,8,06-04-2025,4
16449,5210,8,07-02-2025,4
16523,4194,8,26-09-2025,4
16594,3985,8,10-11-2025,4
16610,2833,8,06-11-2025,4
16868,2114,8,15-09-2025,4
16965,1211,8,07-11-2025,4
17134,3427,8,29-03-2025,4
17163,4398,8,14-05-2025,4
17247,810,8,07-02-2025,4
17310,3457,8,09-09-2025,4
17437,5540,8,11-04-2025,4
17487,5803,8,18-03-2025,4
17542,2055,8,12-04-2025,4
17720,5977,8,05-07-2025,4
17878,4887,8,08-10-2025,4
17886,541,8,27-03-2025,4
18105,5444,8,22-06-2025,4
18283,7276,8,30-06-2025,4
18411,6918,8,18-11-2025,4
18444,2288,8,27-04-2025,4
18553,5993,8,06-01-2025,4
18559,760,8,13-08-2025,4
18909,7347,8,03-01-2025,4
18935,760,8,04-01-2025,4
19054,2782,8,13-12-2025,4
19087,2739,8,27-02-2025,4
19224,7095,8,15-09-2025,4
19428,2266,8,06-07-2025,4
19745,4547,8,23-10-2025,4
19804,7346,8,22-07-2025,4
19939,3297,8,22-06-2025,4
19979,2521,8,11-09-2025,4
20031,2687,8,09-08-2025,4
20041,997,8,23-04-2025,4
20152,2566,8,14-09-2025,4
20169,1643,8,12-12-2025,4
20194,4203,8,01-08-2025,4
20441,1676,8,10-06-2025,4
20853,5185,8,25-10-2025,4
20858,7746,8,19-08-2025,4
21345,6190,8,07-01-2025,4
21370,7231,8,14-04-2025,4
21606,7078,8,31-12-2025,4
21927,2197,8,21-11-2025,4
22153,7534,8,07-01-2026,4
22159,5339,8,19-07-2025,4
22198,4501,8,26-06-2025,4
22222,6714,8,11-02-2025,4
22237,3838,8,26-04-2025,4
22446,7423,8,22-09-2025,4
22483,186,8,02-04-2025,4
22521,3602,8,22-05-2025,4
22553,4857,8,17-06-2025,4
22593,7198,8,02-10-2025,4
22983,1496,8,15-03-2025,4
23187,3659,8,21-04-2025,4
23241,999,8,02-05-2025,4
23331,5957,8,13-04-2025,4
23409,2799,8,15-04-2025,4
23701,6034,8,13-07-2025,4
23733,2836,8,20-08-2025,4
23873,1211,8,12-02-2025,4
23981,2994,8,06-04-2025,4
24195,3732,8,26-08-2025,4
24255,7728,8,29-04-2025,4
24380,4248,8,04-01-2026,4
24462,1033,8,12-12-2025,4
24514,4324,8,19-04-2025,4
24637,4025,8,09-12-2025,4
24639,95,8,13-12-2025,4
24676,5162,8,04-09-2025,4
25081,6732,8,08-01-2025,4
25165,4542,8,16-12-2025,4
25174,6740,8,07-05-2025,4
25238,7258,8,02-07-2025,4
25583,7135,8,29-04-2025,4
25663,7485,8,01-04-2025,4
25675,4007,8,28-07-2025,4
25825,2838,8,25-11-2025,4
25844,650,8,28-11-2025,4
26375,7230,8,16-07-2025,4
26423,180,8,01-02-2025,4
26435,5257,8,15-04-2025,4
26628,6618,8,27-01-2025,4
26784,2494,8,06-06-2025,4
27049,3768,8,26-05-2025,4
27110,7440,8,25-05-2025,4
27133,3780,8,13-03-2025,4
27163,3882,8,13-01-2026,4
27188,7955,8,06-06-2025,4
27422,5274,8,08-05-2025,4
27547,2821,8,08-09-2025,4
27686,3491,8,17-11-2025,4
27925,1901,8,14-09-2025,4
27931,2946,8,12-04-2025,4
27939,4154,8,23-11-2025,4
15,561,11,27-09-2025,4
70,5996,11,14-03-2025,4
111,795,11,18-07-2025,4
377,5225,11,14-01-2026,4
468,1503,11,04-01-2026,4
506,6117,11,03-08-2025,4
566,140,11,01-11-2025,4
639,6613,11,10-06-2025,4
643,5753,11,22-07-2025,4
743,4202,11,30-01-2025,4
932,1186,11,10-01-2025,4
959,4782,11,23-03-2025,4
1083,5206,11,06-09-2025,4
1085,3886,11,10-05-2025,4
1118,559,11,04-10-2025,4
1123,3044,11,16-03-2025,4
1138,1452,11,03-04-2025,4
1163,1322,11,05-08-2025,4
1728,4810,11,11-08-2025,4
1755,1868,11,30-10-2025,4
1786,2376,11,03-08-2025,4
1968,1262,11,02-07-2025,4
1982,6559,11,07-07-2025,4
2069,2268,11,18-05-2025,4
2152,5231,11,03-03-2025,4
2171,1929,11,30-08-2025,4
2285,3290,11,05-02-2025,4
2476,3022,11,11-01-2025,4
2535,1029,11,24-08-2025,4
2609,3882,11,24-01-2025,4
2611,6364,11,29-07-2025,4
2703,1270,11,09-02-2025,4
2733,3145,11,09-04-2025,4
2744,7126,11,21-03-2025,4
2775,5344,11,02-07-2025,4
3063,1251,11,13-05-2025,4
3177,3350,11,09-01-2026,4
3211,7034,11,26-05-2025,4
3244,6772,11,14-02-2025,4
3255,2831,11,30-06-2025,4
3325,4654,11,18-10-2025,4
3387,568,11,20-06-2025,4
3437,7536,11,07-03-2025,4
3470,3358,11,31-10-2025,4
3472,3091,11,18-10-2025,4
3568,7456,11,18-11-2025,4
3616,4977,11,25-07-2025,4
3901,7903,11,13-01-2025,4
3909,1712,11,02-09-2025,4
3927,6253,11,13-03-2025,4
4165,4037,11,06-09-2025,4
4353,4100,11,27-12-2025,4
4432,2496,11,05-04-2025,4
4646,692,11,28-04-2025,4
4693,2139,11,30-03-2025,4
4803,6757,11,20-01-2025,4
4874,5425,11,18-04-2025,4
4949,3587,11,14-05-2025,4
5165,4135,11,23-04-2025,4
5309,2540,11,04-11-2025,4
5434,1796,11,03-01-2025,4
5707,1453,11,25-04-2025,4
5792,7783,11,28-01-2025,4
5864,7517,11,09-02-2025,4
5946,4697,11,20-01-2025,4
6023,6041,11,02-10-2025,4
6097,4416,11,30-04-2025,4
6228,3005,11,23-07-2025,4
6286,7839,11,12-01-2025,4
6574,6236,11,12-06-2025,4
6644,6506,11,20-06-2025,4
6681,2339,11,19-03-2025,4
7049,5024,11,23-08-2025,4
7132,3069,11,12-10-2025,4
7179,2016,11,18-09-2025,4
7203,5538,11,23-02-2025,4
7264,7116,11,13-06-2025,4
7517,1855,11,21-02-2025,4
7748,7183,11,19-09-2025,4
7934,7407,11,04-03-2025,4
8321,7406,11,15-10-2025,4
8390,1801,11,04-05-2025,4
8656,3315,11,22-12-2025,4
8931,4200,11,30-07-2025,4
8955,3617,11,25-08-2025,4
8965,2255,11,28-03-2025,4
8984,5941,11,30-03-2025,4
8989,5173,11,08-11-2025,4
9204,6830,11,08-01-2026,4
9217,2631,11,22-07-2025,4
9429,845,11,05-11-2025,4
9728,5816,11,07-03-2025,4
9830,1713,11,02-06-2025,4
9945,7375,11,12-01-2026,4
9963,1673,11,06-07-2025,4
10078,3796,11,21-10-2025,4
10461,4153,11,06-01-2026,4
10545,4773,11,07-05-2025,4
10853,6367,11,14-01-2026,4
10881,4864,11,23-05-2025,4
10889,6433,11,10-05-2025,4
11184,896,11,16-01-2026,4
11455,5977,11,28-04-2025,4
11501,3077,11,22-02-2025,4
11574,1655,11,11-01-2025,4
11755,4516,11,05-12-2025,4
11816,1134,11,18-11-2025,4
11827,7460,11,31-05-2025,4
11865,678,11,17-06-2025,4
11894,2065,11,13-08-2025,4
11958,5243,11,20-05-2025,4
11972,7872,11,20-10-2025,4
12084,5447,11,12-06-2025,4
12204,998,11,29-07-2025,4
12323,5454,11,18-02-2025,4
12394,473,11,30-04-2025,4
12432,7602,11,08-09-2025,4
12474,4147,11,12-02-2025,4
12533,989,11,05-01-2025,4
12573,4531,11,17-09-2025,4
12665,5694,11,20-05-2025,4
12720,3747,11,03-03-2025,4
12771,7705,11,17-03-2025,4
12962,1051,11,06-05-2025,4
12987,7085,11,09-03-2025,4
13116,6981,11,20-10-2025,4
13367,634,11,16-12-2025,4
13459,2909,11,01-11-2025,4
13665,3445,11,10-03-2025,4
13837,3011,11,14-08-2025,4
13888,6109,11,02-02-2025,4
13961,4864,11,24-02-2025,4
14156,6262,11,25-11-2025,4
14308,6773,11,14-01-2026,4
14440,2690,11,25-04-2025,4
14513,1276,11,27-05-2025,4
14705,4108,11,29-11-2025,4
14804,2606,11,13-03-2025,4
14841,3788,11,28-08-2025,4
14883,924,11,07-08-2025,4
15001,4139,11,15-05-2025,4
15151,6223,11,04-06-2025,4
15160,607,11,12-08-2025,4
15227,4066,11,11-01-2026,4
15526,7882,11,25-04-2025,4
15886,2049,11,05-11-2025,4
15916,5969,11,19-04-2025,4
15988,7920,11,02-01-2026,4
16140,7470,11,11-06-2025,4
16310,4722,11,29-10-2025,4
16685,1456,11,26-03-2025,4
16709,380,11,07-10-2025,4
16737,6783,11,01-08-2025,4
16975,2609,11,29-06-2025,4
17265,1265,11,01-04-2025,4
17331,6149,11,12-02-2025,4
17366,4535,11,18-01-2026,4
17394,854,11,26-01-2025,4
17495,3446,11,18-07-2025,4
17514,4689,11,08-02-2025,4
17671,7764,11,10-09-2025,4
17994,5380,11,07-11-2025,4
18018,7169,11,03-08-2025,4
18096,637,11,06-12-2025,4
18231,7476,11,07-06-2025,4
18233,2380,11,06-12-2025,4
18287,2358,11,18-01-2025,4
18322,4771,11,29-04-2025,4
18513,633,11,09-05-2025,4
18524,3374,11,05-04-2025,4
18613,1047,11,02-09-2025,4
18614,3597,11,08-05-2025,4
19028,6241,11,07-05-2025,4
19061,676,11,30-09-2025,4
19285,7534,11,10-10-2025,4
19408,6405,11,05-10-2025,4
19431,1350,11,31-05-2025,4
19432,7879,11,15-11-2025,4
19467,7722,11,07-05-2025,4
19595,3718,11,19-05-2025,4
19761,6682,11,10-12-2025,4
20032,6206,11,09-11-2025,4
20048,2089,11,15-02-2025,4
20067,6940,11,21-04-2025,4
20078,2905,11,19-02-2025,4
20143,4041,11,15-10-2025,4
20236,373,11,05-01-2025,4
20280,1797,11,05-12-2025,4
20364,6169,11,05-05-2025,4
20626,191,11,14-04-2025,4
20883,6215,11,17-01-2025,4
20986,1655,11,01-02-2025,4
21139,6641,11,02-12-2025,4
21140,3185,11,25-12-2025,4
21427,6470,11,30-11-2025,4
21442,2919,11,18-08-2025,4
21455,3444,11,12-09-2025,4
21534,4124,11,19-05-2025,4
21641,6090,11,16-11-2025,4
21667,6980,11,05-12-2025,4
21755,626,11,26-08-2025,4
21888,3405,11,06-07-2025,4
21983,12,11,14-11-2025,4
22084,7817,11,01-03-2025,4
22428,3246,11,20-04-2025,4
22472,580,11,19-08-2025,4
22487,1863,11,02-05-2025,4
22532,2245,11,14-10-2025,4
22711,2389,11,28-07-2025,4
22995,405,11,19-04-2025,4
23006,4597,11,24-10-2025,4
23055,5682,11,12-12-2025,4
23358,4019,11,17-04-2025,4
23746,6002,11,19-05-2025,4
24353,296,11,25-02-2025,4
24356,3495,11,01-01-2025,4
24535,319,11,24-08-2025,4
24588,300,11,27-01-2025,4
24655,7436,11,18-04-2025,4
24718,731,11,24-01-2025,4
24738,3066,11,16-02-2025,4
24825,361,11,18-11-2025,4
25007,1729,11,25-12-2025,4
25022,1276,11,20-09-2025,4
25058,4950,11,10-08-2025,4
25162,3393,11,05-10-2025,4
25319,2875,11,22-09-2025,4
25585,6426,11,05-01-2025,4
25892,6000,11,12-03-2025,4
25927,2535,11,26-02-2025,4
26013,4326,11,19-05-2025,4
26171,4986,11,22-10-2025,4
26363,2024,11,25-08-2025,4
26379,4785,11,19-12-2025,4
26449,2727,11,02-12-2025,4
26472,3986,11,16-10-2025,4
26520,1026,11,28-10-2025,4
26555,6454,11,27-09-2025,4
26585,2576,11,01-09-2025,4
26594,2636,11,09-01-2026,4
26645,5352,11,04-03-2025,4
26722,300,11,20-07-2025,4
27009,6953,11,15-11-2025,4
27190,2199,11,15-02-2025,4
27244,6847,11,04-03-2025,4
27442,437,11,14-03-2025,4
27462,793,11,27-12-2025,4
27512,6137,11,12-04-2025,4
27515,4628,11,05-02-2025,4
27575,3925,11,18-06-2025,4
27816,5297,11,07-01-2026,4
27823,2367,11,18-03-2025,4
27904,5187,11,23-10-2025,4
5,4340,14,11-09-2025,4
20,3532,14,28-12-2025,4
130,7003,14,14-11-2025,4
139,2281,14,24-12-2025,4
500,409,14,14-07-2025,4
508,4308,14,20-03-2025,4
817,1988,14,10-07-2025,4
861,1478,14,26-11-2025,4
935,5704,14,12-01-2025,4
944,6052,14,24-07-2025,4
1057,1982,14,29-01-2025,4
1670,4528,14,16-04-2025,4
1739,5387,14,26-10-2025,4
1910,1236,14,12-09-2025,4
1919,648,14,04-01-2026,4
1935,6744,14,29-04-2025,4
2138,2863,14,25-06-2025,4
2490,2015,14,14-04-2025,4
2558,1797,14,16-02-2025,4
2745,7842,14,02-05-2025,4
2864,4546,14,01-12-2025,4
2885,641,14,19-12-2025,4
2908,1675,14,26-08-2025,4
3189,974,14,10-05-2025,4
3196,4821,14,07-09-2025,4
3488,2366,14,24-11-2025,4
3822,118,14,23-01-2025,4
4022,274,14,02-09-2025,4
4029,4612,14,28-04-2025,4
4121,5719,14,19-12-2025,4
4283,326,14,16-03-2025,4
4381,7454,14,14-12-2025,4
4440,6879,14,08-08-2025,4
4501,2723,14,19-12-2025,4
4517,3715,14,19-01-2025,4
4533,3785,14,24-09-2025,4
4574,6182,14,30-01-2025,4
4595,1381,14,01-11-2025,4
4597,7141,14,18-06-2025,4
4625,2695,14,31-03-2025,4
4791,2184,14,25-02-2025,4
4983,1887,14,30-07-2025,4
5010,4354,14,05-02-2025,4
5205,2802,14,12-11-2025,4
5271,4432,14,27-01-2025,4
5279,3352,14,19-04-2025,4
5281,4092,14,10-12-2025,4
5601,3549,14,13-06-2025,4
5631,3225,14,16-02-2025,4
5695,5917,14,25-06-2025,4
5774,3662,14,23-03-2025,4
5809,7849,14,29-07-2025,4
5882,607,14,23-03-2025,4
5896,6412,14,03-09-2025,4
5945,2956,14,16-09-2025,4
5950,2019,14,18-09-2025,4
5961,4822,14,15-01-2026,4
6268,3497,14,18-01-2026,4
6295,7555,14,08-07-2025,4
6494,4876,14,18-07-2025,4
6604,4936,14,22-12-2025,4
6705,3995,14,17-02-2025,4
6763,3524,14,07-12-2025,4
7002,7747,14,14-02-2025,4
7166,2898,14,18-08-2025,4
7247,4533,14,28-03-2025,4
7378,763,14,25-12-2025,4
7434,2702,14,04-01-2026,4
7593,3731,14,29-03-2025,4
7596,7486,14,13-06-2025,4
7616,4494,14,07-05-2025,4
7645,1547,14,09-08-2025,4
7678,1610,14,05-05-2025,4
7696,4860,14,09-01-2026,4
7740,6161,14,17-01-2025,4
7794,2602,14,19-09-2025,4
7974,5245,14,12-09-2025,4
8063,277,14,06-02-2025,4
8263,180,14,30-12-2025,4
8441,647,14,03-03-2025,4
8552,2545,14,24-11-2025,4
9175,3246,14,20-06-2025,4
9403,18,14,04-12-2025,4
9734,4426,14,18-11-2025,4
9756,7229,14,06-01-2025,4
9791,5827,14,20-08-2025,4
9976,4427,14,09-12-2025,4
10175,4625,14,07-06-2025,4
10304,3587,14,04-06-2025,4
10671,3247,14,07-10-2025,4
10756,2787,14,02-10-2025,4
10804,7420,14,25-08-2025,4
10829,1496,14,30-08-2025,4
11037,5127,14,09-04-2025,4
11163,2337,14,25-06-2025,4
11402,4128,14,28-11-2025,4
11442,3416,14,15-01-2025,4
11491,1612,14,12-04-2025,4
11555,2828,14,14-12-2025,4
11750,1914,14,02-09-2025,4
12078,4910,14,12-09-2025,4
12102,5391,14,22-09-2025,4
12425,1491,14,02-02-2025,4
12659,2811,14,11-02-2025,4
12827,4659,14,09-01-2026,4
12871,2045,14,08-10-2025,4
12999,7547,14,09-02-2025,4
13156,3672,14,17-01-2026,4
13246,7618,14,20-01-2025,4
13374,295,14,09-01-2026,4
13908,752,14,15-09-2025,4
13946,6115,14,23-09-2025,4
14040,5934,14,06-08-2025,4
14093,2338,14,30-06-2025,4
14153,1831,14,03-08-2025,4
14229,3564,14,29-03-2025,4
14269,2500,14,02-03-2025,4
14298,2340,14,06-10-2025,4
14516,4614,14,12-05-2025,4
14644,3413,14,07-08-2025,4
14703,6878,14,20-06-2025,4
14730,6064,14,17-05-2025,4
14825,4518,14,10-12-2025,4
14892,6777,14,07-12-2025,4
15159,6060,14,14-05-2025,4
15192,2356,14,09-05-2025,4
15206,7378,14,15-06-2025,4
15241,2810,14,20-01-2025,4
15455,457,14,30-07-2025,4
15543,3569,14,18-11-2025,4
15668,7566,14,25-07-2025,4
15731,7731,14,08-01-2025,4
15816,1017,14,01-12-2025,4
15840,2742,14,15-06-2025,4
16212,1941,14,08-05-2025,4
16270,1227,14,16-06-2025,4
16596,4032,14,08-04-2025,4
16646,321,14,28-04-2025,4
16692,1908,14,06-01-2026,4
16811,2481,14,24-12-2025,4
16840,5331,14,03-02-2025,4
16871,49,14,24-06-2025,4
16976,4060,14,14-02-2025,4
17066,6779,14,26-11-2025,4
17092,2959,14,09-01-2025,4
17102,1836,14,04-07-2025,4
17127,7624,14,02-04-2025,4
17335,6826,14,26-10-2025,4
17354,6718,14,06-06-2025,4
17387,4860,14,15-08-2025,4
17402,2660,14,03-10-2025,4
17409,2879,14,21-02-2025,4
17480,6767,14,26-09-2025,4
17637,4812,14,22-07-2025,4
17643,6108,14,14-12-2025,4
17675,7627,14,08-11-2025,4
17898,1849,14,26-01-2025,4
17965,5937,14,19-09-2025,4
17989,3235,14,30-07-2025,4
18125,2343,14,23-01-2025,4
18129,3654,14,26-07-2025,4
18260,3774,14,01-01-2026,4
18342,4583,14,07-09-2025,4
18353,4623,14,14-12-2025,4
18440,2609,14,18-02-2025,4
18456,6568,14,02-06-2025,4
18631,2272,14,13-02-2025,4
18695,3682,14,18-04-2025,4
18700,6794,14,02-02-2025,4
18741,6599,14,07-07-2025,4
18890,1689,14,05-04-2025,4
19055,6644,14,29-05-2025,4
19201,4120,14,20-09-2025,4
19589,6544,14,18-10-2025,4
19669,4170,14,05-12-2025,4
19973,4575,14,21-08-2025,4
20564,6368,14,13-04-2025,4
21018,7869,14,08-02-2025,4
21134,7043,14,17-03-2025,4
21169,7054,14,01-12-2025,4
21298,5678,14,18-01-2025,4
21346,7826,14,17-12-2025,4
21385,2474,14,12-06-2025,4
21477,6331,14,16-05-2025,4
21482,2568,14,19-09-2025,4
21501,6312,14,25-06-2025,4
21505,3991,14,04-07-2025,4
21621,6126,14,05-05-2025,4
21904,856,14,24-05-2025,4
21937,4641,14,11-04-2025,4
22054,7882,14,09-01-2025,4
22182,2627,14,16-09-2025,4
22371,5658,14,28-03-2025,4
22378,3686,14,20-04-2025,4
22561,2409,14,16-04-2025,4
22576,625,14,23-08-2025,4
22700,33,14,02-01-2026,4
22705,6481,14,10-04-2025,4
22779,2855,14,25-10-2025,4
23124,2910,14,06-04-2025,4
23197,2869,14,20-05-2025,4
23325,5129,14,27-01-2025,4
23460,1536,14,13-08-2025,4
23561,6752,14,11-11-2025,4
23715,4652,14,09-01-2025,4
24049,2181,14,19-11-2025,4
24106,4646,14,12-07-2025,4
24411,1333,14,13-08-2025,4
24684,3856,14,12-01-2026,4
24702,4990,14,12-01-2025,4
24737,2420,14,30-08-2025,4
24760,4796,14,14-01-2025,4
24865,4770,14,05-02-2025,4
24931,6304,14,17-01-2025,4
24937,2238,14,31-10-2025,4
25116,2110,14,28-04-2025,4
25471,1785,14,27-12-2025,4
25575,7401,14,23-10-2025,4
25595,5799,14,26-06-2025,4
25607,95,14,30-06-2025,4
25815,3752,14,10-12-2025,4
25837,4647,14,17-03-2025,4
25843,1331,14,12-04-2025,4
25960,7970,14,28-08-2025,4
26043,6313,14,04-05-2025,4
26284,6792,14,14-01-2026,4
26324,6258,14,06-08-2025,4
26360,6216,14,30-05-2025,4
26367,1366,14,13-01-2025,4
26388,2726,14,19-03-2025,4
26479,2907,14,03-01-2026,4
26484,1157,14,17-01-2026,4
26598,5648,14,16-08-2025,4
26710,3910,14,02-07-2025,4
26753,3496,14,06-03-2025,4
26883,7200,14,11-01-2025,4
26914,5030,14,25-04-2025,4
26919,595,14,29-12-2025,4
27070,4980,14,20-12-2025,4
27102,1891,14,05-10-2025,4
27176,6274,14,24-11-2025,4
27289,7002,14,30-01-2025,4
27306,228,14,12-12-2025,4
27335,747,14,22-03-2025,4
27398,1532,14,12-11-2025,4
27504,7146,14,28-06-2025,4
27545,6303,14,25-08-2025,4
27634,2479,14,01-01-2026,4
27644,4790,14,02-03-2025,4
27918,4506,14,14-05-2025,4
27954,5119,14,02-01-2025,4
27957,5026,14,22-09-2025,4
305,2983,13,14-08-2025,4
326,3014,13,03-04-2025,4
408,5042,13,27-11-2025,4
413,7620,13,18-06-2025,4
647,314,13,04-02-2025,4
737,616,13,08-03-2025,4
751,4023,13,29-03-2025,4
761,723,13,20-09-2025,4
824,4892,13,21-04-2025,4
1009,6645,13,14-01-2026,4
1164,1121,13,31-08-2025,4
1284,7979,13,15-10-2025,4
1324,1152,13,09-01-2025,4
1416,5156,13,03-12-2025,4
1429,6150,13,05-03-2025,4
1496,4810,13,18-09-2025,4
1560,2258,13,31-05-2025,4
1573,4830,13,17-11-2025,4
1641,1388,13,09-09-2025,4
1915,5254,13,25-12-2025,4
1930,4838,13,03-01-2026,4
2096,2842,13,17-02-2025,4
2203,72,13,10-01-2025,4
2248,4769,13,19-10-2025,4
2343,7201,13,03-04-2025,4
2389,131,13,17-05-2025,4
2902,7234,13,03-09-2025,4
3321,1084,13,16-07-2025,4
3326,4381,13,17-01-2025,4
3338,6639,13,02-03-2025,4
3380,7271,13,28-10-2025,4
3564,7383,13,12-01-2026,4
3662,578,13,19-11-2025,4
4009,7436,13,22-03-2025,4
4036,4317,13,10-01-2026,4
4240,1730,13,13-09-2025,4
4324,1679,13,22-03-2025,4
4438,7334,13,06-10-2025,4
4560,2848,13,10-04-2025,4
4973,2516,13,24-10-2025,4
4975,298,13,23-12-2025,4
5100,222,13,25-10-2025,4
5132,6874,13,10-03-2025,4
5202,1693,13,20-11-2025,4
5259,4068,13,24-03-2025,4
5471,2321,13,27-02-2025,4
5480,6278,13,08-06-2025,4
5489,2486,13,12-07-2025,4
5558,2998,13,19-10-2025,4
5572,795,13,08-12-2025,4
5711,4580,13,25-12-2025,4
5803,4238,13,30-09-2025,4
6062,2462,13,22-04-2025,4
6291,5849,13,17-04-2025,4
6293,194,13,19-10-2025,4
6557,6354,13,10-04-2025,4
6624,3843,13,20-06-2025,4
6704,7540,13,07-11-2025,4
6748,2987,13,07-07-2025,4
6957,486,13,12-05-2025,4
7192,5589,13,05-03-2025,4
7355,6074,13,07-07-2025,4
7407,6784,13,11-03-2025,4
7896,3416,13,10-12-2025,4
8001,6481,13,30-11-2025,4
8247,1344,13,17-11-2025,4
8386,4506,13,13-05-2025,4
8503,4461,13,05-02-2025,4
8570,3372,13,25-08-2025,4
8585,2967,13,21-08-2025,4
8672,2924,13,21-05-2025,4
8693,6337,13,08-08-2025,4
8909,168,13,13-01-2025,4
8924,458,13,24-01-2025,4
8957,4155,13,17-01-2026,4
9018,6343,13,22-04-2025,4
9164,7873,13,22-11-2025,4
9337,7070,13,14-04-2025,4
9490,7613,13,10-08-2025,4
9646,4052,13,17-01-2025,4
9671,6875,13,29-01-2025,4
9795,1840,13,26-12-2025,4
9804,2662,13,24-05-2025,4
10000,5094,13,05-07-2025,4
10098,1307,13,13-05-2025,4
10230,4873,13,12-09-2025,4
10341,7957,13,26-10-2025,4
10528,596,13,25-12-2025,4
10628,4586,13,19-12-2025,4
10650,6428,13,23-05-2025,4
10762,4400,13,28-08-2025,4
10793,782,13,05-04-2025,4
10848,7070,13,29-07-2025,4
10995,2928,13,04-05-2025,4
11017,3415,13,02-02-2025,4
11166,269,13,08-09-2025,4
11278,6460,13,07-10-2025,4
11317,5119,13,24-04-2025,4
11337,1237,13,01-11-2025,4
11568,1761,13,17-05-2025,4
11676,4551,13,19-07-2025,4
11754,1864,13,01-06-2025,4
11913,7306,13,31-03-2025,4
12503,6844,13,25-05-2025,4
12598,6274,13,01-09-2025,4
12605,6484,13,08-05-2025,4
12649,3542,13,08-10-2025,4
12967,3671,13,18-01-2025,4
13111,3592,13,07-08-2025,4
13118,2027,13,01-06-2025,4
13431,1599,13,04-07-2025,4
13655,154,13,11-05-2025,4
13717,3848,13,02-01-2025,4
13739,4299,13,30-09-2025,4
13831,634,13,05-12-2025,4
14059,4223,13,08-08-2025,4
14261,6796,13,17-12-2025,4
14341,2607,13,26-11-2025,4
14352,5059,13,28-02-2025,4
14385,4354,13,17-08-2025,4
14602,2428,13,31-12-2025,4
14734,5865,13,04-11-2025,4
14989,4839,13,29-04-2025,4
15029,976,13,17-12-2025,4
15037,1893,13,22-02-2025,4
15166,7647,13,04-09-2025,4
15399,6927,13,13-08-2025,4
15407,6311,13,29-04-2025,4
15421,5120,13,06-09-2025,4
15480,4158,13,03-09-2025,4
15525,3403,13,18-03-2025,4
15548,2953,13,08-05-2025,4
15584,6662,13,02-02-2025,4
15646,7069,13,25-02-2025,4
15762,1652,13,19-05-2025,4
15773,2388,13,13-06-2025,4
15846,1746,13,24-01-2025,4
15960,3924,13,04-08-2025,4
16072,2495,13,10-10-2025,4
16146,5436,13,11-10-2025,4
16250,820,13,14-07-2025,4
16410,6958,13,14-03-2025,4
16579,3589,13,16-08-2025,4
17010,4234,13,07-08-2025,4
17025,3680,13,25-01-2025,4
17071,1315,13,13-09-2025,4
17212,7485,13,17-07-2025,4
17230,2766,13,17-04-2025,4
17597,2676,13,30-01-2025,4
17609,6758,13,07-09-2025,4
17625,222,13,20-11-2025,4
17647,1764,13,18-06-2025,4
17661,561,13,02-05-2025,4
17799,6102,13,02-01-2025,4
17988,5489,13,18-01-2025,4
18076,5011,13,29-08-2025,4
18081,1248,13,30-09-2025,4
18093,7337,13,18-12-2025,4
18099,7348,13,28-01-2025,4
18487,598,13,13-09-2025,4
18544,5990,13,14-12-2025,4
18629,6198,13,03-10-2025,4
18696,5107,13,01-04-2025,4
18748,1405,13,27-09-2025,4
18819,7122,13,15-02-2025,4
18865,2462,13,11-02-2025,4
19035,6769,13,01-03-2025,4
19307,2144,13,19-05-2025,4
19329,1285,13,13-07-2025,4
19353,5778,13,20-05-2025,4
19383,969,13,21-06-2025,4
19399,248,13,31-10-2025,4
19490,3103,13,27-07-2025,4
19535,7908,13,26-11-2025,4
19556,1688,13,19-03-2025,4
19631,4198,13,05-09-2025,4
19636,1074,13,01-08-2025,4
19916,5498,13,27-01-2025,4
20025,1649,13,18-05-2025,4
20163,3476,13,05-06-2025,4
20402,4659,13,21-03-2025,4
20455,2583,13,06-09-2025,4
20495,7053,13,20-05-2025,4
20586,1651,13,29-01-2025,4
20587,61,13,17-12-2025,4
20769,3956,13,09-04-2025,4
20873,4362,13,09-12-2025,4
20928,7954,13,10-03-2025,4
20978,2693,13,07-11-2025,4
21126,5020,13,18-01-2026,4
21152,3365,13,08-01-2025,4
21160,7599,13,26-04-2025,4
21351,5882,13,23-07-2025,4
21476,6286,13,24-12-2025,4
21495,4840,13,15-12-2025,4
21626,1104,13,21-07-2025,4
21734,5288,13,06-05-2025,4
22247,2129,13,04-09-2025,4
22279,5126,13,10-12-2025,4
22290,2836,13,03-10-2025,4
22416,3007,13,01-10-2025,4
22500,7611,13,20-05-2025,4
22519,5359,13,21-08-2025,4
22607,5619,13,21-04-2025,4
22678,2062,13,16-08-2025,4
22891,6580,13,30-07-2025,4
23017,7386,13,28-04-2025,4
23405,5042,13,08-02-2025,4
23692,4676,13,11-05-2025,4
23893,4366,13,01-03-2025,4
24008,2210,13,23-05-2025,4
24040,4088,13,22-09-2025,4
24100,3795,13,27-04-2025,4
24137,6979,13,08-06-2025,4
24156,3673,13,10-10-2025,4
24309,2201,13,05-03-2025,4
24675,4630,13,17-08-2025,4
24689,1646,13,08-05-2025,4
24829,1413,13,20-10-2025,4
24864,619,13,13-05-2025,4
25020,1514,13,09-06-2025,4
25065,4796,13,14-07-2025,4
25105,6092,13,03-01-2025,4
25147,2070,13,15-07-2025,4
25171,3461,13,16-10-2025,4
25192,2069,13,05-09-2025,4
25317,5942,13,30-09-2025,4
25322,7984,13,14-10-2025,4
25360,7845,13,23-11-2025,4
25403,7720,13,25-03-2025,4
25561,383,13,18-09-2025,4
25792,4984,13,16-07-2025,4
25794,492,13,18-07-2025,4
25867,1225,13,15-10-2025,4
25982,3584,13,13-12-2025,4
26075,273,13,09-04-2025,4
26087,3085,13,21-07-2025,4
26348,5463,13,11-09-2025,4
26583,4889,13,18-01-2026,4
26618,6319,13,30-10-2025,4
26627,3854,13,11-06-2025,4
26928,332,13,25-02-2025,4
27028,6025,13,16-05-2025,4
27338,1273,13,10-11-2025,4
27397,347,13,16-10-2025,4
27401,5547,13,16-10-2025,4
27507,6872,13,22-11-2025,4
27527,3487,13,14-02-2025,4
27602,3858,13,30-03-2025,4
27901,1094,13,22-12-2025,4
27996,6081,13,12-06-2025,4
151,3591,19,15-04-2025,4
358,7231,19,24-11-2025,4
444,2439,19,28-06-2025,4
525,3033,19,15-06-2025,4
530,1055,19,25-06-2025,4
608,7082,19,03-11-2025,4
700,7760,19,11-04-2025,4
725,499,19,22-02-2025,4
736,2277,19,18-02-2025,4
763,6292,19,21-08-2025,4
1042,4839,19,31-01-2025,4
1108,543,19,17-07-2025,4
1246,3152,19,27-03-2025,4
1298,3839,19,08-01-2025,4
1357,7546,19,28-11-2025,4
1373,2276,19,18-01-2025,4
1393,4817,19,04-11-2025,4
1400,5918,19,02-07-2025,4
1434,6853,19,25-07-2025,4
1442,901,19,21-04-2025,4
1467,5500,19,11-08-2025,4
1484,2964,19,04-06-2025,4
1623,1032,19,18-01-2026,4
1905,6915,19,12-09-2025,4
1920,6951,19,03-07-2025,4
2272,1084,19,28-05-2025,4
2282,7114,19,05-07-2025,4
2290,6768,19,01-07-2025,4
2342,2116,19,07-06-2025,4
2502,562,19,23-03-2025,4
2508,3642,19,18-06-2025,4
2533,4252,19,15-08-2025,4
2671,4289,19,05-09-2025,4
2957,6009,19,04-12-2025,4
2981,2863,19,20-08-2025,4
3036,5457,19,17-02-2025,4
3184,4258,19,20-10-2025,4
3381,3283,19,08-12-2025,4
3428,1059,19,02-02-2025,4
4012,5866,19,18-01-2025,4
4142,4323,19,25-05-2025,4
4246,5036,19,14-08-2025,4
4315,1510,19,18-01-2025,4
4522,2082,19,22-09-2025,4
4604,3517,19,08-07-2025,4
4750,3613,19,26-09-2025,4
4807,6126,19,23-09-2025,4
4809,1543,19,02-12-2025,4
4946,6171,19,06-01-2025,4
5016,7877,19,02-05-2025,4
5185,1103,19,05-01-2025,4
5378,4124,19,17-12-2025,4
5510,127,19,31-07-2025,4
5576,5304,19,28-12-2025,4
5851,2039,19,16-03-2025,4
6029,2881,19,11-03-2025,4
6151,4499,19,11-01-2026,4
6262,2524,19,09-04-2025,4
6278,571,19,11-07-2025,4
6439,4882,19,12-03-2025,4
6473,7717,19,20-10-2025,4
6495,5516,19,15-08-2025,4
6611,6909,19,04-04-2025,4
6628,6409,19,01-12-2025,4
6647,5800,19,01-09-2025,4
6663,3951,19,10-10-2025,4
6700,2591,19,28-11-2025,4
6707,7197,19,11-01-2026,4
6946,6424,19,07-07-2025,4
6958,7262,19,23-07-2025,4
6967,3362,19,29-10-2025,4
7260,3330,19,20-06-2025,4
7437,7397,19,24-07-2025,4
7440,1687,19,06-02-2025,4
7485,5151,19,22-07-2025,4
7494,6098,19,17-01-2026,4
7604,220,19,01-01-2025,4
7647,5972,19,05-01-2025,4
7717,7660,19,11-09-2025,4
7803,1001,19,21-09-2025,4
7932,6164,19,28-04-2025,4
8199,6746,19,08-04-2025,4
8322,7714,19,10-01-2025,4
8370,2577,19,12-11-2025,4
8383,686,19,13-07-2025,4
8384,6604,19,13-09-2025,4
8753,5832,19,03-03-2025,4
8841,2553,19,03-02-2025,4
8923,2760,19,28-01-2025,4
9097,6957,19,17-01-2025,4
9342,5813,19,22-03-2025,4
9426,3113,19,19-10-2025,4
9454,5920,19,26-07-2025,4
9471,5561,19,16-01-2026,4
9785,7016,19,08-01-2025,4
9905,5026,19,04-01-2026,4
10145,6892,19,23-09-2025,4
10267,5643,19,10-03-2025,4
10373,905,19,26-01-2025,4
10384,6599,19,12-09-2025,4
10465,135,19,26-01-2025,4
10610,6893,19,21-12-2025,4
11069,7693,19,10-06-2025,4
11303,4703,19,01-01-2025,4
11486,5025,19,14-01-2026,4
11694,7570,19,12-01-2025,4
11718,2574,19,28-06-2025,4
11719,645,19,12-02-2025,4
11739,897,19,29-12-2025,4
11748,6418,19,14-08-2025,4
11760,3664,19,02-07-2025,4
11802,4757,19,11-08-2025,4
11930,4828,19,18-06-2025,4
12004,3251,19,07-06-2025,4
12032,140,19,22-04-2025,4
12185,2505,19,15-06-2025,4
12408,6460,19,20-11-2025,4
12447,6447,19,14-11-2025,4
12550,5187,19,17-01-2026,4
12651,3640,19,19-05-2025,4
12688,2152,19,06-01-2025,4
12734,5232,19,03-11-2025,4
12763,3892,19,20-06-2025,4
12781,6386,19,23-02-2025,4
12941,6070,19,23-10-2025,4
12979,1774,19,28-03-2025,4
13217,1060,19,09-04-2025,4
13403,5406,19,24-09-2025,4
13448,3479,19,01-12-2025,4
13530,2162,19,15-09-2025,4
13925,3296,19,18-02-2025,4
14207,2220,19,13-02-2025,4
14262,4710,19,28-04-2025,4
14356,3790,19,11-01-2026,4
14357,3050,19,15-07-2025,4
14564,4992,19,17-01-2026,4
14723,4159,19,25-03-2025,4
14822,6067,19,24-10-2025,4
15063,7914,19,04-01-2026,4
15086,2224,19,15-02-2025,4
15109,5596,19,10-05-2025,4
15157,6344,19,11-02-2025,4
15199,4749,19,21-05-2025,4
15366,92,19,24-08-2025,4
15478,3554,19,11-01-2026,4
15483,5643,19,23-08-2025,4
15633,6408,19,18-04-2025,4
15813,1732,19,12-01-2026,4
15876,6226,19,06-09-2025,4
15976,1957,19,08-11-2025,4
16023,2620,19,05-05-2025,4
16093,2672,19,03-01-2025,4
16145,632,19,05-09-2025,4
16233,471,19,25-10-2025,4
16276,3974,19,01-02-2025,4
16286,3991,19,23-08-2025,4
16422,3503,19,21-03-2025,4
16489,6311,19,26-08-2025,4
16515,357,19,21-08-2025,4
16592,727,19,10-01-2026,4
16631,7576,19,20-10-2025,4
16702,1749,19,27-10-2025,4
16713,2440,19,11-06-2025,4
17004,6335,19,15-03-2025,4
17206,5655,19,17-04-2025,4
17411,903,19,27-05-2025,4
17460,4436,19,24-05-2025,4
17568,7422,19,07-04-2025,4
17883,6456,19,19-03-2025,4
18039,547,19,23-05-2025,4
18122,4684,19,16-06-2025,4
18196,7765,19,25-11-2025,4
18358,478,19,29-09-2025,4
18506,1933,19,28-08-2025,4
18591,7485,19,16-02-2025,4
18760,3000,19,06-06-2025,4
18894,6707,19,15-09-2025,4
19284,4443,19,30-06-2025,4
19647,7725,19,14-01-2025,4
19693,6347,19,10-09-2025,4
19802,6602,19,25-03-2025,4
19872,6893,19,12-10-2025,4
20001,835,19,30-03-2025,4
20026,4588,19,22-01-2025,4
20471,3267,19,01-01-2026,4
20485,6500,19,12-01-2026,4
20673,6852,19,13-03-2025,4
20844,5416,19,07-12-2025,4
21083,3422,19,03-05-2025,4
21332,5996,19,05-08-2025,4
21425,347,19,11-06-2025,4
21429,7724,19,26-07-2025,4
21474,6652,19,21-07-2025,4
21514,5105,19,09-12-2025,4
21552,6485,19,07-07-2025,4
21684,6128,19,03-07-2025,4
21719,6683,19,16-08-2025,4
21732,7033,19,09-08-2025,4
21795,7753,19,05-12-2025,4
21837,2230,19,06-02-2025,4
21902,6614,19,19-03-2025,4
21975,6234,19,12-03-2025,4
22035,4127,19,01-08-2025,4
22101,5592,19,14-01-2025,4
22219,2479,19,28-05-2025,4
22336,6333,19,11-05-2025,4
22408,4899,19,13-04-2025,4
22409,6150,19,21-09-2025,4
23202,4086,19,09-08-2025,4
23236,6118,19,29-10-2025,4
23240,6193,19,09-01-2025,4
23381,6047,19,22-04-2025,4
23392,27,19,18-01-2025,4
23515,7547,19,13-12-2025,4
23554,1827,19,02-07-2025,4
23702,7662,19,30-04-2025,4
23742,1102,19,02-11-2025,4
24107,6384,19,01-03-2025,4
24118,5262,19,05-11-2025,4
24218,2517,19,06-04-2025,4
24349,2398,19,13-01-2026,4
24467,4842,19,09-05-2025,4
24516,2509,19,09-01-2026,4
24598,5925,19,20-06-2025,4
24721,6655,19,02-01-2025,4
24995,7487,19,26-01-2025,4
25019,7430,19,18-01-2025,4
25186,5601,19,21-10-2025,4
25239,4104,19,13-12-2025,4
25243,4746,19,28-10-2025,4
25289,2283,19,18-01-2026,4
25397,5311,19,26-08-2025,4
25503,2098,19,24-08-2025,4
25657,2618,19,04-07-2025,4
25724,3285,19,29-07-2025,4
25852,3259,19,03-04-2025,4
26155,2310,19,29-08-2025,4
26263,7961,19,25-12-2025,4
26499,3214,19,02-09-2025,4
26895,4723,19,16-01-2025,4
27004,4253,19,04-01-2025,4
27325,1085,19,05-06-2025,4
27526,3899,19,19-11-2025,4
27579,4580,19,08-11-2025,4
27603,2036,19,05-12-2025,4
27645,3269,19,26-01-2025,4
27705,5034,19,28-02-2025,4
27924,4944,19,28-05-2025,4
6,7991,24,01-10-2025,4
86,5333,24,28-09-2025,4
162,1077,24,10-11-2025,4
195,3541,24,24-09-2025,4
243,2457,24,02-09-2025,4
280,7606,24,14-02-2025,4
1090,1316,24,28-09-2025,4
1293,859,24,29-12-2025,4
1446,4726,24,25-11-2025,4
1640,5444,24,11-02-2025,4
1912,1433,24,09-10-2025,4
2072,5194,24,08-12-2025,4
2205,6852,24,09-04-2025,4
2218,1490,24,26-06-2025,4
2230,6255,24,25-10-2025,4
2393,7077,24,31-10-2025,4
2642,3531,24,22-11-2025,4
2680,524,24,23-10-2025,4
2813,7488,24,25-03-2025,4
2905,4464,24,11-05-2025,4
2913,2038,24,30-10-2025,4
2973,1041,24,13-11-2025,4
3001,4852,24,17-12-2025,4
3072,274,24,20-07-2025,4
3157,3707,24,05-11-2025,4
3307,5401,24,29-09-2025,4
3312,7374,24,21-02-2025,4
3773,7469,24,13-10-2025,4
4066,7860,24,06-03-2025,4
4106,845,24,08-09-2025,4
4319,7624,24,15-04-2025,4
4493,4347,24,19-01-2025,4
4613,3882,24,10-09-2025,4
4678,5376,24,02-07-2025,4
4799,3408,24,30-09-2025,4
4917,6910,24,31-01-2025,4
5120,3259,24,16-09-2025,4
5160,7394,24,16-09-2025,4
5213,6513,24,29-09-2025,4
5797,3412,24,23-09-2025,4
5800,5597,24,17-02-2025,4
5855,2167,24,11-08-2025,4
5856,5259,24,14-08-2025,4
5878,4295,24,21-04-2025,4
6060,3618,24,14-05-2025,4
6275,694,24,27-12-2025,4
6277,3615,24,16-02-2025,4
6543,4371,24,26-11-2025,4
6597,6557,24,16-12-2025,4
6656,1393,24,13-07-2025,4
6661,226,24,06-11-2025,4
6717,2767,24,12-01-2025,4
6758,879,24,19-04-2025,4
6931,5017,24,18-01-2026,4
6991,497,24,03-02-2025,4
6993,4449,24,24-11-2025,4
7025,7257,24,25-08-2025,4
7045,7439,24,03-04-2025,4
7046,213,24,30-05-2025,4
7206,4795,24,15-09-2025,4
7439,2275,24,10-06-2025,4
7480,675,24,03-08-2025,4
7566,1905,24,24-06-2025,4
7588,4336,24,09-02-2025,4
7669,224,24,06-05-2025,4
7690,7258,24,12-06-2025,4
7882,2734,24,20-07-2025,4
8087,5248,24,17-04-2025,4
8115,785,24,03-02-2025,4
8134,4348,24,18-12-2025,4
8153,5477,24,08-04-2025,4
8589,6739,24,09-01-2026,4
8653,5364,24,01-10-2025,4
8709,3810,24,16-03-2025,4
8752,4290,24,18-01-2025,4
9047,1125,24,09-05-2025,4
9171,7636,24,21-03-2025,4
9191,6659,24,17-03-2025,4
9649,2780,24,12-11-2025,4
9736,4114,24,23-12-2025,4
9855,3337,24,14-12-2025,4
9913,7170,24,02-05-2025,4
9959,4609,24,31-07-2025,4
10047,4792,24,28-08-2025,4
10506,5330,24,22-01-2025,4
10557,1157,24,07-07-2025,4
10591,7126,24,30-09-2025,4
10811,2582,24,11-06-2025,4
10872,3038,24,20-12-2025,4
10927,4817,24,11-01-2025,4
11042,5161,24,03-02-2025,4
11084,4537,24,20-09-2025,4
11098,3433,24,04-06-2025,4
11291,716,24,18-03-2025,4
11454,185,24,04-04-2025,4
11462,6211,24,07-01-2026,4
11638,2656,24,27-12-2025,4
12138,5626,24,03-11-2025,4
12139,7296,24,26-10-2025,4
12286,1,24,14-05-2025,4
12557,735,24,28-06-2025,4
12592,4513,24,16-04-2025,4
12607,5674,24,24-03-2025,4
12852,844,24,27-10-2025,4
12898,184,24,14-03-2025,4
12909,3397,24,15-01-2025,4
12954,4261,24,16-10-2025,4
12995,6926,24,08-10-2025,4
13049,4558,24,25-08-2025,4
13055,3341,24,06-09-2025,4
13059,3242,24,03-07-2025,4
13085,3119,24,10-01-2025,4
13284,7789,24,04-07-2025,4
13298,3985,24,28-11-2025,4
13438,3770,24,05-09-2025,4
13524,7618,24,18-03-2025,4
13554,2215,24,17-02-2025,4
13575,4249,24,20-01-2025,4
13629,4205,24,06-01-2026,4
14368,2424,24,20-01-2025,4
14527,6753,24,18-06-2025,4
14540,5987,24,13-08-2025,4
14568,2518,24,15-02-2025,4
14660,7325,24,28-12-2025,4
14807,7671,24,29-06-2025,4
14985,1975,24,23-08-2025,4
15204,4557,24,18-05-2025,4
15464,1502,24,27-03-2025,4
15613,2134,24,26-01-2025,4
15771,3050,24,02-06-2025,4
15794,3823,24,21-01-2025,4
15993,6789,24,28-10-2025,4
16020,644,24,10-09-2025,4
16067,4079,24,19-01-2025,4
16115,3159,24,17-07-2025,4
16231,921,24,24-11-2025,4
16269,3637,24,29-09-2025,4
16433,6925,24,20-09-2025,4
16531,1802,24,17-03-2025,4
16534,72,24,14-09-2025,4
16663,3779,24,13-01-2026,4
16751,997,24,28-01-2025,4
16925,1861,24,12-01-2026,4
16944,6606,24,18-04-2025,4
16955,3528,24,23-04-2025,4
17020,4753,24,05-01-2026,4
17275,6763,24,04-11-2025,4
17283,128,24,12-05-2025,4
17397,7799,24,14-07-2025,4
17815,7625,24,26-06-2025,4
17981,5722,24,04-11-2025,4
18186,427,24,03-02-2025,4
18190,3037,24,19-03-2025,4
18530,1535,24,17-08-2025,4
18807,6546,24,16-03-2025,4
18841,6431,24,05-04-2025,4
18845,975,24,30-01-2025,4
19144,1734,24,17-12-2025,4
19343,4292,24,16-08-2025,4
19558,6512,24,30-08-2025,4
19613,1852,24,17-08-2025,4
19644,5040,24,31-08-2025,4
19648,596,24,11-03-2025,4
19843,703,24,25-04-2025,4
20219,1490,24,28-12-2025,4
20260,1461,24,02-08-2025,4
20385,5956,24,07-07-2025,4
20410,4644,24,06-11-2025,4
20453,39,24,17-09-2025,4
20605,7657,24,06-01-2025,4
20678,529,24,16-02-2025,4
20778,7564,24,02-05-2025,4
20861,2965,24,15-11-2025,4
20940,7547,24,25-09-2025,4
21012,4181,24,06-02-2025,4
21141,2433,24,29-01-2025,4
21239,1150,24,28-01-2025,4
21287,1038,24,13-10-2025,4
21384,3525,24,23-05-2025,4
21449,7564,24,14-08-2025,4
21510,405,24,10-06-2025,4
21582,4344,24,01-03-2025,4
21597,7999,24,14-03-2025,4
21643,2312,24,11-03-2025,4
21657,1920,24,04-02-2025,4
21752,7372,24,11-01-2026,4
21822,7685,24,29-12-2025,4
21895,1617,24,18-08-2025,4
21990,2912,24,28-10-2025,4
22168,7673,24,18-03-2025,4
22202,1607,24,28-10-2025,4
22210,2769,24,19-09-2025,4
22245,2982,24,11-05-2025,4
22257,2099,24,26-02-2025,4
22337,4185,24,29-05-2025,4
22370,2157,24,12-11-2025,4
22563,5167,24,23-05-2025,4
22578,1907,24,08-01-2026,4
22689,7285,24,14-02-2025,4
22787,7223,24,30-06-2025,4
22831,4244,24,10-06-2025,4
23073,1812,24,05-11-2025,4
23165,3130,24,23-07-2025,4
23271,2369,24,22-11-2025,4
23478,7387,24,15-10-2025,4
23558,3642,24,26-12-2025,4
23706,2813,24,10-02-2025,4
23809,7026,24,25-09-2025,4
23946,7981,24,11-05-2025,4
24132,7187,24,05-01-2026,4
24206,992,24,07-05-2025,4
24688,5847,24,10-12-2025,4
24800,5196,24,31-05-2025,4
24934,7081,24,05-10-2025,4
24947,2784,24,26-01-2025,4
25261,2827,24,28-02-2025,4
25308,4546,24,01-09-2025,4
25311,6953,24,06-09-2025,4
25385,6846,24,17-06-2025,4
25462,2043,24,26-12-2025,4
25493,5782,24,22-08-2025,4
25502,7820,24,16-02-2025,4
25568,7817,24,30-03-2025,4
25604,4533,24,30-11-2025,4
25670,1227,24,05-03-2025,4
25752,4815,24,10-01-2025,4
25863,3176,24,07-05-2025,4
26029,4675,24,13-12-2025,4
26057,7394,24,08-01-2025,4
26127,5870,24,10-06-2025,4
26134,2567,24,05-06-2025,4
26495,7191,24,18-05-2025,4
26614,1353,24,22-01-2025,4
26623,929,24,10-04-2025,4
26698,1481,24,03-10-2025,4
26760,151,24,12-06-2025,4
26839,2574,24,10-07-2025,4
26947,5930,24,25-03-2025,4
26984,1,24,15-10-2025,4
27101,7297,24,13-03-2025,4
27194,3806,24,11-05-2025,4
27373,134,24,14-04-2025,4
27431,677,24,19-01-2025,4
27496,7032,24,20-05-2025,4
27556,941,24,31-03-2025,4
27673,5560,24,24-11-2025,4
27715,6911,24,10-11-2025,4
27949,972,24,11-07-2025,4
4,4030,20,12-12-2025,4
35,3028,20,05-02-2025,4
224,7964,20,27-07-2025,4
242,3923,20,25-07-2025,4
256,7989,20,06-06-2025,4
336,115,20,13-09-2025,4
432,2194,20,05-02-2025,4
477,2707,20,04-12-2025,4
777,4373,20,16-12-2025,4
964,4352,20,20-04-2025,4
1019,2203,20,11-10-2025,4
1032,301,20,14-03-2025,4
1167,5373,20,28-01-2025,4
1217,2379,20,18-08-2025,4
1291,1872,20,11-01-2026,4
1374,4930,20,18-03-2025,4
1389,4015,20,24-12-2025,4
1404,2431,20,04-06-2025,4
1614,5169,20,23-04-2025,4
1817,1729,20,13-05-2025,4
1948,5423,20,20-02-2025,4
2051,3719,20,18-09-2025,4
2250,4654,20,30-01-2025,4
2355,3954,20,11-08-2025,4
2430,3311,20,08-11-2025,4
2475,2720,20,01-04-2025,4
2568,5404,20,04-08-2025,4
2598,4322,20,01-04-2025,4
2777,4145,20,22-11-2025,4
2980,2925,20,18-10-2025,4
3037,7815,20,25-11-2025,4
3188,4188,20,28-06-2025,4
3200,5122,20,05-09-2025,4
3206,4492,20,18-04-2025,4
3261,5312,20,27-01-2025,4
3280,6261,20,14-04-2025,4
3570,489,20,03-03-2025,4
3629,4434,20,14-12-2025,4
3856,1872,20,26-11-2025,4
3857,4758,20,03-04-2025,4
3884,242,20,17-12-2025,4
4376,4877,20,19-10-2025,4
4603,7758,20,29-08-2025,4
4631,5643,20,25-01-2025,4
4780,7264,20,11-06-2025,4
4925,4851,20,04-05-2025,4
5036,2237,20,16-12-2025,4
5196,7687,20,03-01-2025,4
5206,2598,20,18-11-2025,4
5538,4761,20,17-02-2025,4
5765,5372,20,05-12-2025,4
5906,1510,20,20-06-2025,4
6070,4993,20,30-03-2025,4
6454,2318,20,30-12-2025,4
6553,3638,20,06-12-2025,4
6702,7031,20,09-12-2025,4
6722,3149,20,24-04-2025,4
6807,428,20,16-01-2025,4
6918,3091,20,21-04-2025,4
6948,667,20,02-03-2025,4
7004,3529,20,15-02-2025,4
7033,2825,20,09-12-2025,4
7349,6439,20,05-08-2025,4
7379,5293,20,03-12-2025,4
7436,4383,20,03-08-2025,4
7477,6982,20,15-06-2025,4
7735,3935,20,05-07-2025,4
7742,6720,20,08-04-2025,4
7872,4320,20,12-03-2025,4
7992,5967,20,30-12-2025,4
8090,422,20,27-08-2025,4
8216,2235,20,21-02-2025,4
8283,6918,20,11-07-2025,4
8377,6189,20,11-07-2025,4
8424,3720,20,26-12-2025,4
8659,4802,20,05-01-2026,4
8706,2360,20,04-08-2025,4
8724,880,20,04-09-2025,4
8741,3321,20,09-08-2025,4
8866,6025,20,25-01-2025,4
9073,7211,20,01-01-2025,4
9138,7333,20,06-04-2025,4
9235,7725,20,28-03-2025,4
9427,6334,20,23-05-2025,4
9438,194,20,26-04-2025,4
9492,3151,20,17-03-2025,4
9537,4694,20,27-04-2025,4
9773,6139,20,19-07-2025,4
9863,7647,20,23-09-2025,4
10242,2492,20,27-03-2025,4
10265,3986,20,09-01-2026,4
10472,3238,20,26-04-2025,4
10598,1844,20,14-12-2025,4
10607,4629,20,24-11-2025,4
10636,6444,20,06-07-2025,4
10653,5321,20,09-03-2025,4
10942,6430,20,09-05-2025,4
10949,7398,20,23-07-2025,4
10998,17,20,12-07-2025,4
11235,6779,20,14-12-2025,4
11362,6732,20,19-02-2025,4
11363,2988,20,04-03-2025,4
11373,4493,20,31-12-2025,4
11424,1216,20,13-07-2025,4
11573,7121,20,16-09-2025,4
11612,61,20,28-09-2025,4
11622,4972,20,28-02-2025,4
11634,2396,20,21-01-2025,4
11772,5061,20,27-01-2025,4
11906,539,20,22-06-2025,4
11937,4431,20,21-10-2025,4
12130,2603,20,24-04-2025,4
12194,4470,20,20-11-2025,4
12337,3438,20,21-05-2025,4
12448,2174,20,22-01-2025,4
13008,7263,20,24-10-2025,4
13031,3355,20,06-04-2025,4
13138,310,20,22-11-2025,4
13157,4594,20,03-01-2026,4
13200,1310,20,22-10-2025,4
13580,5304,20,12-08-2025,4
13740,2320,20,05-02-2025,4
13812,3070,20,05-12-2025,4
14088,863,20,15-01-2026,4
14325,141,20,23-05-2025,4
14462,4878,20,10-04-2025,4
14498,2042,20,16-01-2026,4
14894,6174,20,07-12-2025,4
15123,677,20,06-01-2025,4
15170,3227,20,02-10-2025,4
15391,7800,20,12-08-2025,4
15430,2558,20,02-12-2025,4
15496,700,20,11-03-2025,4
15513,4692,20,07-09-2025,4
15520,7972,20,25-02-2025,4
15521,2339,20,18-11-2025,4
16133,7595,20,12-07-2025,4
16481,5210,20,17-07-2025,4
16546,4407,20,11-03-2025,4
16932,2060,20,21-08-2025,4
17002,2044,20,31-01-2025,4
17216,2503,20,20-11-2025,4
17450,1579,20,15-06-2025,4
17463,4967,20,02-09-2025,4
17494,2465,20,02-01-2026,4
17621,6435,20,26-12-2025,4
17633,3014,20,26-04-2025,4
17638,1239,20,15-08-2025,4
17680,5442,20,28-05-2025,4
17862,3144,20,13-05-2025,4
17996,6176,20,28-03-2025,4
18032,2088,20,10-05-2025,4
18110,3335,20,24-04-2025,4
18153,5858,20,03-11-2025,4
18174,7984,20,08-09-2025,4
18346,4934,20,24-12-2025,4
18389,1522,20,17-02-2025,4
18681,577,20,28-10-2025,4
18801,789,20,26-12-2025,4
18802,6164,20,29-01-2025,4
18949,2095,20,27-11-2025,4
19029,638,20,27-06-2025,4
19039,6870,20,25-11-2025,4
19202,3286,20,18-09-2025,4
19355,5321,20,14-11-2025,4
19454,4277,20,03-12-2025,4
19487,4243,20,10-11-2025,4
19495,2596,20,02-01-2026,4
19514,7805,20,23-10-2025,4
19572,3801,20,31-10-2025,4
19579,5320,20,22-01-2025,4
19679,3150,20,22-03-2025,4
19726,894,20,10-12-2025,4
19771,7221,20,04-02-2025,4
19787,6687,20,02-10-2025,4
19883,7988,20,10-06-2025,4
20056,3008,20,11-04-2025,4
20227,2225,20,02-05-2025,4
20311,3720,20,10-04-2025,4
20332,4889,20,18-12-2025,4
20365,3660,20,01-10-2025,4
20405,2966,20,26-12-2025,4
20491,2697,20,03-05-2025,4
20615,2552,20,15-05-2025,4
20658,7440,20,05-10-2025,4
20672,7807,20,18-02-2025,4
20752,240,20,30-12-2025,4
20906,7824,20,15-08-2025,4
20988,3006,20,04-02-2025,4
21000,4345,20,16-10-2025,4
21086,1807,20,09-01-2025,4
21204,2411,20,09-11-2025,4
21334,2557,20,13-05-2025,4
21394,6704,20,27-09-2025,4
21491,5302,20,04-09-2025,4
21504,5437,20,04-06-2025,4
21521,2840,20,01-04-2025,4
21852,4728,20,14-05-2025,4
21978,3843,20,03-09-2025,4
22057,6883,20,10-12-2025,4
22114,3248,20,23-09-2025,4
22239,5015,20,26-08-2025,4
22294,5800,20,02-09-2025,4
22382,6966,20,02-04-2025,4
22399,7563,20,28-12-2025,4
22414,1950,20,06-02-2025,4
22569,517,20,10-11-2025,4
22740,7237,20,09-04-2025,4
22777,7432,20,29-11-2025,4
23350,6185,20,15-04-2025,4
23407,594,20,01-10-2025,4
23449,6382,20,20-04-2025,4
23606,4793,20,17-06-2025,4
23699,7798,20,28-11-2025,4
23823,7964,20,25-10-2025,4
24045,7257,20,03-04-2025,4
24071,1342,20,14-08-2025,4
24076,3111,20,15-08-2025,4
24649,7045,20,06-08-2025,4
24709,5017,20,16-02-2025,4
24746,6604,20,26-11-2025,4
24858,6859,20,23-12-2025,4
24909,4702,20,01-01-2026,4
25088,7010,20,18-04-2025,4
25567,7652,20,23-08-2025,4
25579,6950,20,03-05-2025,4
25850,7257,20,11-11-2025,4
25864,6456,20,09-02-2025,4
26101,2810,20,10-08-2025,4
26444,2638,20,08-08-2025,4
26584,1259,20,02-04-2025,4
26629,2392,20,21-01-2025,4
26715,4214,20,18-04-2025,4
26777,2442,20,03-11-2025,4
26848,3223,20,03-10-2025,4
26869,7244,20,22-03-2025,4
26899,3202,20,24-05-2025,4
27040,7151,20,13-10-2025,4
27330,7006,20,25-03-2025,4
27421,618,20,18-05-2025,4
27446,4063,20,25-10-2025,4
27513,398,20,09-04-2025,4
27551,2386,20,12-05-2025,4
27588,4611,20,19-09-2025,4
27698,2607,20,08-10-2025,4
144,3877,1,13-06-2025,4
268,2169,1,12-10-2025,4
474,10,1,19-09-2025,4
731,1158,1,10-01-2025,4
838,4254,1,08-07-2025,4
856,6681,1,10-04-2025,4
876,3373,1,30-08-2025,4
958,3144,1,25-08-2025,4
1401,5593,1,24-12-2025,4
1551,4317,1,04-11-2025,4
1634,1830,1,21-08-2025,4
1659,1555,1,02-03-2025,4
1678,2180,1,02-02-2025,4
1771,1975,1,24-03-2025,4
1782,5204,1,14-08-2025,4
1946,5987,1,03-08-2025,4
2019,2908,1,29-11-2025,4
2085,1077,1,17-07-2025,4
2088,2682,1,04-10-2025,4
2104,5938,1,23-07-2025,4
2142,4559,1,03-12-2025,4
2160,6337,1,23-01-2025,4
2352,7223,1,01-11-2025,4
2434,177,1,29-07-2025,4
2446,1399,1,09-02-2025,4
2523,3453,1,01-04-2025,4
2544,5871,1,09-06-2025,4
2670,7914,1,18-02-2025,4
2726,4511,1,23-01-2025,4
2792,3770,1,02-01-2026,4
2797,2783,1,20-08-2025,4
2802,2105,1,07-06-2025,4
3054,3843,1,31-01-2025,4
3304,7883,1,04-07-2025,4
3402,1321,1,13-01-2025,4
3597,478,1,22-05-2025,4
3762,4597,1,23-12-2025,4
3815,4625,1,06-09-2025,4
3835,946,1,04-04-2025,4
4015,5966,1,29-07-2025,4
4312,4201,1,18-11-2025,4
4356,7859,1,15-10-2025,4
4483,7267,1,11-07-2025,4
4569,4871,1,22-11-2025,4
4611,6946,1,14-01-2025,4
4718,2126,1,13-12-2025,4
4739,1739,1,09-05-2025,4
4823,5478,1,25-10-2025,4
4836,2736,1,05-01-2025,4
4993,2582,1,13-09-2025,4
5098,2717,1,05-03-2025,4
5194,7419,1,04-02-2025,4
5570,4093,1,01-04-2025,4
5682,7114,1,23-11-2025,4
5708,1743,1,23-12-2025,4
5738,7234,1,06-05-2025,4
5781,1606,1,14-05-2025,4
5818,6366,1,04-10-2025,4
5819,1999,1,18-02-2025,4
5828,4028,1,17-11-2025,4
6083,2107,1,12-03-2025,4
6130,388,1,23-04-2025,4
6329,3177,1,19-11-2025,4
6470,2239,1,23-01-2025,4
6538,7858,1,01-08-2025,4
6836,7752,1,15-08-2025,4
6954,7484,1,05-01-2025,4
7048,6050,1,16-09-2025,4
7063,4453,1,16-06-2025,4
7114,2725,1,17-11-2025,4
7237,7513,1,15-01-2025,4
7425,4942,1,14-05-2025,4
7429,7054,1,23-04-2025,4
7577,5500,1,10-07-2025,4
8235,6286,1,04-06-2025,4
8308,3207,1,07-06-2025,4
8443,7823,1,16-06-2025,4
8469,7281,1,22-11-2025,4
8530,6655,1,25-05-2025,4
8667,2838,1,03-03-2025,4
8701,3802,1,19-08-2025,4
8784,7188,1,28-01-2025,4
8843,7081,1,08-10-2025,4
9028,7661,1,02-12-2025,4
9039,4986,1,08-03-2025,4
9093,744,1,27-01-2025,4
9119,7693,1,02-04-2025,4
9188,7939,1,10-03-2025,4
9238,1146,1,24-04-2025,4
9251,5468,1,23-01-2025,4
9347,2977,1,02-04-2025,4
9567,2557,1,20-01-2025,4
9631,3908,1,22-10-2025,4
9680,7498,1,06-11-2025,4
9754,2415,1,07-04-2025,4
10018,2393,1,20-07-2025,4
10108,920,1,18-03-2025,4
10111,764,1,15-06-2025,4
10128,4825,1,13-01-2026,4
10436,7374,1,19-04-2025,4
10441,1346,1,16-02-2025,4
10530,3902,1,26-12-2025,4
10669,2951,1,07-01-2025,4
10678,659,1,26-08-2025,4
10691,3017,1,18-10-2025,4
11283,3702,1,25-05-2025,4
11316,2629,1,17-09-2025,4
11406,6630,1,08-05-2025,4
11487,1268,1,10-09-2025,4
11490,6658,1,16-09-2025,4
11514,1497,1,30-04-2025,4
11801,1350,1,29-06-2025,4
12008,5081,1,23-04-2025,4
12276,2516,1,06-08-2025,4
12298,6291,1,05-11-2025,4
12560,506,1,30-10-2025,4
12643,6494,1,24-10-2025,4
12668,5578,1,18-07-2025,4
12717,6177,1,16-11-2025,4
12857,7894,1,23-11-2025,4
13081,5383,1,20-09-2025,4
13409,4397,1,02-05-2025,4
13483,633,1,31-08-2025,4
13494,7713,1,18-06-2025,4
13521,4125,1,29-10-2025,4
13758,7255,1,29-08-2025,4
13914,7173,1,01-05-2025,4
13997,7657,1,11-11-2025,4
14015,6834,1,15-09-2025,4
14090,2343,1,23-07-2025,4
14170,3006,1,27-07-2025,4
14284,2513,1,21-10-2025,4
14310,6169,1,17-01-2025,4
14367,2735,1,15-03-2025,4
14403,1922,1,27-09-2025,4
14651,6707,1,05-01-2026,4
14817,2490,1,15-02-2025,4
14860,2983,1,11-07-2025,4
14972,372,1,04-04-2025,4
15056,6834,1,19-11-2025,4
15077,4257,1,28-07-2025,4
15203,6682,1,19-12-2025,4
15364,7968,1,17-08-2025,4
15463,4039,1,02-03-2025,4
15739,7630,1,27-02-2025,4
15947,3430,1,07-01-2025,4
16256,6997,1,23-02-2025,4
16338,3650,1,11-12-2025,4
16452,4039,1,05-09-2025,4
16777,5908,1,27-01-2025,4
16799,3144,1,24-03-2025,4
16991,7322,1,09-03-2025,4
17021,604,1,25-11-2025,4
17130,1104,1,11-02-2025,4
17158,5490,1,02-06-2025,4
17203,2756,1,06-08-2025,4
17602,7418,1,24-05-2025,4
17777,7837,1,06-09-2025,4
18019,5074,1,22-08-2025,4
18034,5007,1,30-04-2025,4
18151,5373,1,24-07-2025,4
19211,1399,1,11-07-2025,4
19267,7118,1,08-05-2025,4
19516,5234,1,12-08-2025,4
19577,4875,1,09-04-2025,4
19673,6215,1,08-05-2025,4
19683,6723,1,10-11-2025,4
19834,6533,1,19-07-2025,4
19947,1807,1,18-01-2026,4
20358,4509,1,30-09-2025,4
20419,1831,1,15-08-2025,4
20482,6078,1,06-02-2025,4
20620,1529,1,05-06-2025,4
20642,5321,1,28-08-2025,4
20647,7324,1,18-08-2025,4
20737,5641,1,04-08-2025,4
20872,1920,1,11-01-2025,4
20875,5129,1,02-01-2025,4
20952,4549,1,02-02-2025,4
20975,2099,1,06-07-2025,4
21104,4194,1,17-08-2025,4
21190,6811,1,30-11-2025,4
21279,4870,1,03-02-2025,4
21365,2392,1,10-01-2026,4
21374,2278,1,11-01-2026,4
21561,1591,1,09-01-2026,4
21678,276,1,02-01-2025,4
21683,1548,1,25-10-2025,4
21702,3194,1,07-04-2025,4
21720,1009,1,15-03-2025,4
21725,5762,1,08-08-2025,4
21883,2467,1,14-01-2026,4
21984,1458,1,11-01-2025,4
22044,3048,1,03-11-2025,4
22255,6092,1,29-09-2025,4
22297,5138,1,11-08-2025,4
22601,120,1,27-09-2025,4
22782,2255,1,22-09-2025,4
22954,18,1,24-10-2025,4
23037,5187,1,20-07-2025,4
23177,7061,1,02-08-2025,4
23576,913,1,12-12-2025,4
23676,351,1,27-08-2025,4
23763,976,1,20-08-2025,4
23782,644,1,03-03-2025,4
23824,5901,1,27-02-2025,4
23860,1990,1,10-02-2025,4
23957,1602,1,28-11-2025,4
24124,4296,1,08-05-2025,4
24142,2602,1,08-03-2025,4
24163,7940,1,11-03-2025,4
24202,2244,1,17-02-2025,4
24306,6567,1,08-12-2025,4
24361,5603,1,29-09-2025,4
24363,7122,1,07-06-2025,4
24366,5658,1,06-08-2025,4
24388,4647,1,28-05-2025,4
24508,4635,1,04-03-2025,4
25063,5069,1,18-03-2025,4
25203,6328,1,27-09-2025,4
25315,5813,1,16-01-2026,4
25383,4085,1,12-08-2025,4
25416,2998,1,04-03-2025,4
25522,2796,1,04-12-2025,4
25758,787,1,16-03-2025,4
25813,3508,1,27-06-2025,4
25856,7888,1,23-06-2025,4
25899,1626,1,05-02-2025,4
25968,7048,1,12-03-2025,4
26042,6988,1,27-05-2025,4
26246,2376,1,25-08-2025,4
26322,7058,1,30-04-2025,4
26511,5414,1,13-03-2025,4
26818,451,1,13-03-2025,4
26934,1748,1,14-06-2025,4
26939,2022,1,16-09-2025,4
26955,5595,1,02-08-2025,4
26957,4315,1,15-09-2025,4
27241,5200,1,30-03-2025,4
27299,6399,1,07-09-2025,4
27555,4791,1,12-05-2025,4
27569,5478,1,10-11-2025,4
27986,1455,1,27-08-2025,4
247,7459,10,11-01-2026,4
295,3356,10,12-09-2025,4
372,3421,10,21-03-2025,4
568,7694,10,31-07-2025,4
591,1451,10,14-09-2025,4
945,3438,10,02-10-2025,4
1029,227,10,21-12-2025,4
1046,7023,10,23-11-2025,4
1140,3960,10,23-06-2025,4
1243,7054,10,03-12-2025,4
1295,2723,10,01-07-2025,4
1383,5305,10,12-09-2025,4
1422,3275,10,28-05-2025,4
1564,3392,10,08-12-2025,4
1631,3363,10,14-07-2025,4
1957,3475,10,01-03-2025,4
2002,5411,10,20-06-2025,4
2031,21,10,23-01-2025,4
2178,5229,10,12-05-2025,4
2201,5939,10,11-03-2025,4
2394,451,10,09-05-2025,4
2426,7917,10,06-01-2025,4
2472,1889,10,09-06-2025,4
2561,215,10,11-01-2025,4
2640,1553,10,12-06-2025,4
2984,5632,10,26-03-2025,4
3218,5471,10,03-01-2026,4
3240,6767,10,11-06-2025,4
3599,7975,10,06-01-2025,4
3732,30,10,25-07-2025,4
3744,3986,10,20-02-2025,4
3831,1317,10,05-11-2025,4
3980,7669,10,07-01-2026,4
4014,409,10,09-10-2025,4
4505,6941,10,25-09-2025,4
4554,1274,10,17-01-2025,4
4559,5366,10,02-09-2025,4
4593,3974,10,17-07-2025,4
4656,2774,10,21-04-2025,4
4679,3177,10,30-06-2025,4
4763,1948,10,29-10-2025,4
4790,2245,10,12-12-2025,4
4812,3037,10,14-11-2025,4
5020,1066,10,07-01-2026,4
5115,6515,10,03-12-2025,4
5171,6715,10,03-03-2025,4
5388,7738,10,10-07-2025,4
5427,415,10,12-11-2025,4
5437,6133,10,31-12-2025,4
5573,5453,10,10-06-2025,4
5648,6635,10,13-05-2025,4
5655,2743,10,13-12-2025,4
5784,3585,10,20-04-2025,4
6031,2317,10,10-07-2025,4
6065,128,10,01-12-2025,4
6157,2169,10,07-01-2025,4
6173,6232,10,11-06-2025,4
6178,2259,10,23-11-2025,4
6282,1412,10,22-09-2025,4
6443,5033,10,02-12-2025,4
6525,2909,10,05-05-2025,4
6893,6620,10,19-06-2025,4
6964,4572,10,04-09-2025,4
7001,1672,10,16-08-2025,4
7008,5200,10,13-07-2025,4
7459,5997,10,12-10-2025,4
7600,3274,10,23-06-2025,4
7656,1566,10,26-05-2025,4
7923,811,10,05-06-2025,4
7924,3682,10,14-10-2025,4
8018,7428,10,20-06-2025,4
8130,2066,10,30-06-2025,4
8138,3187,10,03-01-2026,4
8269,6003,10,29-09-2025,4
8276,852,10,06-01-2026,4
8302,5033,10,15-10-2025,4
8345,375,10,22-07-2025,4
8471,5918,10,09-05-2025,4
8480,6298,10,05-01-2026,4
8912,6846,10,27-03-2025,4
8935,754,10,14-08-2025,4
9117,3962,10,28-12-2025,4
9651,7844,10,28-07-2025,4
9860,212,10,26-04-2025,4
9985,5354,10,21-07-2025,4
10174,3385,10,06-06-2025,4
10363,5892,10,21-04-2025,4
10382,794,10,09-11-2025,4
10432,5076,10,24-10-2025,4
10434,2791,10,14-01-2026,4
10546,362,10,20-12-2025,4
10666,3592,10,12-07-2025,4
10682,5544,10,27-08-2025,4
10750,3042,10,22-06-2025,4
10807,7970,10,08-09-2025,4
10886,3851,10,19-06-2025,4
10934,3975,10,16-10-2025,4
10950,2474,10,13-04-2025,4
11024,4937,10,18-11-2025,4
11047,3280,10,21-02-2025,4
11128,2164,10,04-08-2025,4
11175,2753,10,29-04-2025,4
11244,3327,10,11-05-2025,4
11329,3692,10,07-08-2025,4
11339,3187,10,28-10-2025,4
11649,1056,10,02-06-2025,4
11792,6918,10,06-10-2025,4
11857,475,10,14-04-2025,4
11871,4346,10,22-08-2025,4
12074,4774,10,03-01-2025,4
12077,2055,10,02-07-2025,4
12239,380,10,22-10-2025,4
12268,4861,10,12-12-2025,4
12363,732,10,16-11-2025,4
12490,2006,10,22-09-2025,4
12676,339,10,03-01-2026,4
12766,7569,10,21-10-2025,4
13155,3505,10,09-10-2025,4
13177,2905,10,18-03-2025,4
13518,2365,10,15-01-2026,4
13649,1385,10,13-09-2025,4
13805,899,10,14-03-2025,4
13808,4902,10,09-07-2025,4
13826,426,10,15-11-2025,4
13874,3181,10,02-01-2026,4
14184,7420,10,18-08-2025,4
14411,3370,10,21-06-2025,4
14447,2541,10,15-12-2025,4
14537,3075,10,14-12-2025,4
14711,6908,10,14-09-2025,4
14953,1152,10,29-05-2025,4
14975,7333,10,28-10-2025,4
14994,1912,10,05-01-2026,4
15008,7861,10,16-02-2025,4
15026,129,10,03-01-2025,4
15027,5660,10,13-08-2025,4
15101,1143,10,18-10-2025,4
15251,3909,10,04-05-2025,4
15295,2933,10,22-10-2025,4
15353,1636,10,19-01-2025,4
15489,2248,10,07-04-2025,4
15847,619,10,05-02-2025,4
15921,7162,10,23-05-2025,4
15927,7080,10,01-02-2025,4
15985,7739,10,04-07-2025,4
16043,7319,10,30-07-2025,4
16116,6865,10,08-01-2025,4
16215,4914,10,15-05-2025,4
16225,1670,10,18-02-2025,4
16425,6918,10,18-01-2025,4
16612,7358,10,07-02-2025,4
16859,3631,10,21-08-2025,4
16878,2044,10,09-10-2025,4
16987,255,10,26-06-2025,4
17093,3809,10,19-12-2025,4
17210,1806,10,24-04-2025,4
17297,1643,10,13-03-2025,4
17348,4081,10,20-09-2025,4
17358,2350,10,27-09-2025,4
17598,4399,10,28-10-2025,4
17763,4452,10,03-02-2025,4
17879,7291,10,26-10-2025,4
17891,6224,10,05-10-2025,4
17986,6218,10,26-08-2025,4
18040,2081,10,26-03-2025,4
18159,2185,10,20-07-2025,4
18247,1317,10,20-11-2025,4
18278,1088,10,27-08-2025,4
18618,6493,10,28-07-2025,4
18728,3548,10,05-08-2025,4
19088,5931,10,21-06-2025,4
19127,4602,10,26-08-2025,4
19381,6400,10,17-01-2026,4
19404,5831,10,19-03-2025,4
19459,778,10,20-01-2025,4
19520,1993,10,06-06-2025,4
19835,526,10,05-05-2025,4
19960,2696,10,16-10-2025,4
20112,4331,10,18-06-2025,4
20297,4611,10,12-03-2025,4
20454,6292,10,18-07-2025,4
20702,4325,10,06-06-2025,4
20987,1301,10,25-11-2025,4
21353,175,10,23-09-2025,4
21397,7096,10,23-11-2025,4
21483,7948,10,30-05-2025,4
21723,6223,10,17-12-2025,4
21939,3972,10,16-06-2025,4
21940,7132,10,02-10-2025,4
22008,6578,10,17-05-2025,4
22050,4894,10,07-07-2025,4
22305,1333,10,19-07-2025,4
22379,328,10,07-02-2025,4
22425,4021,10,03-06-2025,4
22462,1410,10,15-01-2026,4
22513,5895,10,18-02-2025,4
22558,7825,10,03-06-2025,4
22609,1323,10,02-12-2025,4
22935,5801,10,02-10-2025,4
23015,5985,10,16-11-2025,4
23119,3018,10,24-05-2025,4
23276,3254,10,22-04-2025,4
23718,7960,10,15-12-2025,4
23779,779,10,14-10-2025,4
23784,3250,10,25-11-2025,4
23832,709,10,31-07-2025,4
23920,5889,10,17-01-2026,4
24279,3545,10,02-02-2025,4
24371,5770,10,17-04-2025,4
24427,883,10,14-10-2025,4
24492,216,10,13-08-2025,4
24626,4207,10,25-07-2025,4
24870,6589,10,23-08-2025,4
24959,5904,10,01-05-2025,4
25014,3366,10,11-07-2025,4
25073,4014,10,27-08-2025,4
25142,5103,10,07-03-2025,4
25189,4591,10,30-03-2025,4
25211,1719,10,30-07-2025,4
25288,4909,10,08-11-2025,4
25666,3883,10,18-11-2025,4
25716,7215,10,05-04-2025,4
25820,1876,10,02-02-2025,4
25887,4897,10,06-05-2025,4
25907,7720,10,23-03-2025,4
25914,4183,10,21-12-2025,4
26001,881,10,20-07-2025,4
26003,3376,10,22-02-2025,4
26011,5972,10,09-06-2025,4
26015,6196,10,05-11-2025,4
26038,7564,10,16-02-2025,4
26110,5143,10,24-04-2025,4
26137,2817,10,22-11-2025,4
26159,3049,10,05-06-2025,4
26328,2088,10,26-11-2025,4
26436,6939,10,05-05-2025,4
26488,7606,10,04-01-2026,4
26659,5484,10,14-03-2025,4
26774,1033,10,13-05-2025,4
27236,2120,10,27-10-2025,4
27653,882,10,11-04-2025,4
27829,5187,10,06-06-2025,4
9,6946,7,31-01-2025,4
180,7639,7,26-01-2025,4
387,3059,7,20-03-2025,4
399,5451,7,15-12-2025,4
539,2622,7,15-06-2025,4
543,2281,7,26-12-2025,4
702,3766,7,09-10-2025,4
721,7727,7,21-04-2025,4
806,148,7,22-01-2025,4
1047,4287,7,20-08-2025,4
1242,1477,7,08-01-2025,4
1277,4807,7,09-04-2025,4
1351,4763,7,02-07-2025,4
1568,3251,7,23-07-2025,4
1669,3850,7,16-08-2025,4
1783,3062,7,02-01-2026,4
1837,7153,7,03-07-2025,4
2270,1477,7,20-02-2025,4
2443,1688,7,30-07-2025,4
2563,6917,7,07-06-2025,4
2632,3323,7,30-07-2025,4
2819,5167,7,21-12-2025,4
2935,6659,7,06-06-2025,4
3120,7354,7,24-12-2025,4
3389,5924,7,06-01-2025,4
3458,301,7,23-10-2025,4
3468,6973,7,03-11-2025,4
3500,7133,7,08-03-2025,4
3689,1390,7,28-01-2025,4
3844,6992,7,01-11-2025,4
3999,7918,7,14-08-2025,4
4097,5435,7,12-02-2025,4
4266,5355,7,30-10-2025,4
4302,104,7,08-07-2025,4
4434,4611,7,28-08-2025,4
4442,4957,7,23-11-2025,4
4667,2883,7,10-10-2025,4
4684,3044,7,30-08-2025,4
4697,3280,7,10-06-2025,4
4862,4851,7,07-07-2025,4
4900,6120,7,26-10-2025,4
4921,2605,7,29-01-2025,4
4961,3927,7,11-05-2025,4
5032,2961,7,23-11-2025,4
5080,5992,7,06-11-2025,4
5222,7543,7,27-11-2025,4
5289,7334,7,11-09-2025,4
5323,3105,7,05-01-2026,4
5485,6772,7,03-07-2025,4
5662,3132,7,29-04-2025,4
5672,5418,7,28-02-2025,4
5709,36,7,06-05-2025,4
5963,5214,7,01-09-2025,4
6438,882,7,06-12-2025,4
6539,1936,7,21-07-2025,4
6743,6351,7,28-10-2025,4
7016,4440,7,05-08-2025,4
7030,4980,7,17-02-2025,4
7039,4616,7,24-11-2025,4
7052,4292,7,13-01-2026,4
7106,7920,7,24-03-2025,4
7130,770,7,20-04-2025,4
7139,3892,7,14-10-2025,4
7314,1707,7,17-01-2025,4
7334,980,7,11-02-2025,4
7339,1703,7,05-07-2025,4
7488,2244,7,29-03-2025,4
7491,4841,7,30-12-2025,4
7650,7525,7,10-02-2025,4
7893,7203,7,06-10-2025,4
7954,3726,7,23-04-2025,4
7989,198,7,26-06-2025,4
8027,4659,7,08-09-2025,4
8508,5002,7,22-02-2025,4
8610,7157,7,16-05-2025,4
8645,5135,7,05-08-2025,4
8769,3899,7,14-01-2025,4
9015,5272,7,25-09-2025,4
9136,7655,7,04-01-2026,4
9292,5514,7,13-05-2025,4
9320,3904,7,07-06-2025,4
9372,245,7,26-12-2025,4
9436,5443,7,16-05-2025,4
9565,1998,7,15-01-2025,4
9576,2089,7,02-04-2025,4
9911,3520,7,12-08-2025,4
9925,2984,7,27-06-2025,4
9968,6114,7,30-04-2025,4
10021,5589,7,30-03-2025,4
10026,5362,7,14-03-2025,4
10187,4183,7,03-01-2025,4
10220,7188,7,09-06-2025,4
10258,1324,7,06-08-2025,4
10288,3571,7,26-01-2025,4
10423,2971,7,24-04-2025,4
10486,982,7,07-10-2025,4
10706,4773,7,03-06-2025,4
10732,7205,7,16-05-2025,4
10767,4296,7,11-07-2025,4
10839,7992,7,20-06-2025,4
11086,2318,7,10-04-2025,4
11190,1324,7,07-05-2025,4
11227,2258,7,16-10-2025,4
11232,2197,7,28-04-2025,4
11448,4443,7,17-03-2025,4
11499,811,7,07-05-2025,4
11598,6522,7,28-02-2025,4
11696,3414,7,28-12-2025,4
11708,7464,7,15-01-2026,4
11770,2201,7,20-07-2025,4
11878,1704,7,29-01-2025,4
11950,4236,7,16-02-2025,4
12059,5443,7,11-01-2025,4
12114,2774,7,28-11-2025,4
12171,7900,7,29-04-2025,4
12188,2112,7,04-10-2025,4
12225,1500,7,17-12-2025,4
12768,2121,7,26-09-2025,4
12769,7801,7,07-11-2025,4
12892,1765,7,02-02-2025,4
12895,2745,7,03-09-2025,4
13363,6649,7,22-10-2025,4
13381,1769,7,08-06-2025,4
13382,7317,7,12-04-2025,4
13453,3457,7,15-07-2025,4
13503,313,7,28-04-2025,4
13541,2488,7,05-08-2025,4
14157,1857,7,23-01-2025,4
14365,322,7,18-01-2026,4
14572,7617,7,20-05-2025,4
14628,1172,7,28-04-2025,4
14654,1671,7,21-09-2025,4
14697,5995,7,26-10-2025,4
14742,1808,7,26-05-2025,4
14757,5803,7,06-04-2025,4
14862,1836,7,22-02-2025,4
14928,5615,7,01-11-2025,4
15009,1244,7,20-04-2025,4
15044,7143,7,22-07-2025,4
15119,396,7,18-07-2025,4
15163,5229,7,28-07-2025,4
15232,1192,7,08-12-2025,4
15415,5816,7,29-03-2025,4
15787,2434,7,18-06-2025,4
15856,882,7,17-08-2025,4
15867,7459,7,22-12-2025,4
15978,6183,7,20-10-2025,4
16273,5164,7,08-03-2025,4
16363,4095,7,05-11-2025,4
16747,7453,7,07-01-2026,4
16902,7444,7,19-08-2025,4
16949,90,7,08-01-2026,4
16985,4755,7,26-07-2025,4
17136,7692,7,02-06-2025,4
17260,4361,7,26-03-2025,4
17393,6714,7,16-01-2025,4
17676,849,7,23-01-2025,4
17874,5660,7,18-10-2025,4
18046,1738,7,17-06-2025,4
18364,7210,7,03-12-2025,4
18437,341,7,23-10-2025,4
18497,2798,7,16-10-2025,4
18599,7381,7,08-09-2025,4
18727,4984,7,08-02-2025,4
18928,5475,7,26-12-2025,4
19038,2099,7,21-09-2025,4
19166,4729,7,13-04-2025,4
19314,7427,7,15-07-2025,4
19390,4233,7,21-06-2025,4
19455,6451,7,28-03-2025,4
19667,2452,7,22-10-2025,4
19776,4521,7,31-07-2025,4
19795,3065,7,11-05-2025,4
19832,1292,7,20-11-2025,4
20096,445,7,17-05-2025,4
20239,1172,7,30-09-2025,4
20321,6523,7,16-09-2025,4
20512,2268,7,31-03-2025,4
20515,4334,7,27-12-2025,4
20797,5611,7,12-05-2025,4
20855,4185,7,31-07-2025,4
20903,7343,7,11-01-2025,4
21096,4934,7,13-01-2025,4
21465,3585,7,24-01-2025,4
21513,62,7,23-01-2025,4
21747,4313,7,18-10-2025,4
21761,2424,7,18-06-2025,4
21872,274,7,26-08-2025,4
22086,3758,7,29-08-2025,4
22140,7737,7,23-09-2025,4
22400,4977,7,19-11-2025,4
22401,2420,7,01-05-2025,4
22756,5425,7,23-07-2025,4
22793,1899,7,10-06-2025,4
22897,937,7,10-06-2025,4
22965,3539,7,26-08-2025,4
23002,4564,7,12-06-2025,4
23204,345,7,15-05-2025,4
23255,1606,7,21-08-2025,4
23341,7824,7,05-09-2025,4
23363,1046,7,13-01-2026,4
23376,5283,7,02-12-2025,4
23441,7611,7,13-06-2025,4
23492,1489,7,11-09-2025,4
23586,4415,7,14-06-2025,4
23640,3557,7,23-12-2025,4
23654,1744,7,15-08-2025,4
23876,1565,7,23-12-2025,4
23921,5069,7,15-02-2025,4
24004,1163,7,18-11-2025,4
24332,1439,7,14-07-2025,4
24474,859,7,02-06-2025,4
24963,7425,7,25-01-2025,4
25155,2302,7,12-10-2025,4
25167,744,7,04-05-2025,4
25323,5571,7,17-09-2025,4
25343,1477,7,12-01-2025,4
25392,2932,7,09-06-2025,4
25557,3059,7,01-12-2025,4
25744,7632,7,27-11-2025,4
26006,4954,7,30-03-2025,4
26044,2408,7,02-09-2025,4
26249,4232,7,23-05-2025,4
26365,1419,7,12-05-2025,4
26476,2361,7,16-04-2025,4
26586,7061,7,07-08-2025,4
26619,6964,7,26-10-2025,4
26689,4698,7,14-09-2025,4
26723,3365,7,25-11-2025,4
26903,646,7,27-10-2025,4
26920,4308,7,22-02-2025,4
26924,754,7,14-07-2025,4
26926,3448,7,12-03-2025,4
26959,1196,7,27-12-2025,4
27073,7411,7,02-01-2025,4
27142,634,7,15-01-2025,4
27253,5557,7,10-12-2025,4
27529,5958,7,24-10-2025,4
27649,6861,7,29-03-2025,4
27674,2617,7,14-08-2025,4
27679,7493,7,07-01-2025,4
27946,1545,7,31-05-2025,4
19,4166,17,01-09-2025,4
125,432,17,06-09-2025,4
388,3273,17,24-05-2025,4
490,4932,17,04-12-2025,4
538,2551,17,06-09-2025,4
558,5108,17,10-11-2025,4
707,5046,17,21-12-2025,4
818,4738,17,13-07-2025,4
1119,3808,17,08-08-2025,4
1604,7048,17,07-05-2025,4
1658,7989,17,27-01-2025,4
1880,3554,17,15-12-2025,4
1883,3609,17,22-05-2025,4
2008,225,17,25-09-2025,4
2060,7833,17,11-09-2025,4
2087,643,17,13-11-2025,4
2211,3170,17,19-03-2025,4
2269,7346,17,01-08-2025,4
2460,4902,17,25-02-2025,4
2509,4385,17,05-05-2025,4
2723,2886,17,09-07-2025,4
2750,5840,17,09-04-2025,4
2758,2128,17,11-10-2025,4
2848,3065,17,22-03-2025,4
3069,6676,17,30-09-2025,4
3071,1315,17,22-10-2025,4
3235,5630,17,08-02-2025,4
3293,1555,17,11-07-2025,4
3297,370,17,11-09-2025,4
3374,6856,17,21-04-2025,4
3383,6730,17,20-08-2025,4
3501,1135,17,22-09-2025,4
3734,2572,17,19-03-2025,4
3861,6305,17,10-08-2025,4
4274,103,17,20-05-2025,4
4449,4541,17,17-08-2025,4
4557,7601,17,17-01-2026,4
4745,5733,17,08-02-2025,4
4768,4398,17,10-11-2025,4
5038,1525,17,29-07-2025,4
5079,3584,17,29-08-2025,4
5149,5161,17,13-07-2025,4
5255,6798,17,01-03-2025,4
5275,2704,17,15-05-2025,4
5810,4185,17,11-05-2025,4
6156,5963,17,08-03-2025,4
6566,2984,17,27-09-2025,4
6713,2384,17,06-08-2025,4
6787,4290,17,04-03-2025,4
6926,1548,17,22-01-2025,4
6982,2884,17,09-10-2025,4
6986,3050,17,31-12-2025,4
7152,2865,17,04-01-2025,4
7376,648,17,23-11-2025,4
7737,7901,17,25-05-2025,4
7774,203,17,25-11-2025,4
7812,3209,17,25-04-2025,4
7825,1653,17,05-08-2025,4
7892,941,17,13-04-2025,4
7982,6049,17,12-05-2025,4
8017,5559,17,23-01-2025,4
8058,4230,17,08-04-2025,4
8101,7203,17,05-06-2025,4
8121,2984,17,24-11-2025,4
8136,2247,17,05-01-2025,4
8147,6807,17,29-09-2025,4
8703,6760,17,12-10-2025,4
8840,4519,17,26-07-2025,4
8892,5860,17,10-01-2025,4
8953,6173,17,29-09-2025,4
9016,5721,17,14-03-2025,4
9139,5924,17,20-12-2025,4
9144,5351,17,20-03-2025,4
9179,3741,17,25-06-2025,4
9242,1153,17,16-01-2026,4
9406,1635,17,08-05-2025,4
9418,3896,17,09-06-2025,4
9545,1114,17,15-02-2025,4
9668,1393,17,16-08-2025,4
9816,4840,17,12-09-2025,4
9943,5582,17,20-05-2025,4
10013,2210,17,21-10-2025,4
10088,6113,17,07-01-2026,4
10103,1871,17,20-12-2025,4
10207,5415,17,20-02-2025,4
10532,4487,17,13-01-2026,4
10537,2266,17,25-01-2025,4
10745,5256,17,16-04-2025,4
10821,858,17,05-02-2025,4
10887,6274,17,06-07-2025,4
10953,7048,17,14-01-2025,4
10981,4274,17,10-07-2025,4
10993,517,17,13-04-2025,4
11032,5403,17,12-08-2025,4
11035,3892,17,10-10-2025,4
11073,7710,17,10-02-2025,4
11239,546,17,23-06-2025,4
11290,813,17,05-09-2025,4
11389,7205,17,17-04-2025,4
11532,6230,17,28-09-2025,4
11766,2069,17,08-11-2025,4
11975,4769,17,25-01-2025,4
12247,6260,17,05-06-2025,4
12450,3640,17,09-01-2026,4
12616,2863,17,22-03-2025,4
12965,7679,17,04-02-2025,4
12986,5783,17,14-08-2025,4
13007,3460,17,11-07-2025,4
13064,2808,17,23-05-2025,4
13256,5912,17,20-12-2025,4
13294,1637,17,04-10-2025,4
13357,1906,17,08-01-2026,4
13465,758,17,29-07-2025,4
13522,4008,17,07-10-2025,4
13579,5534,17,27-11-2025,4
13934,3738,17,05-11-2025,4
14147,4863,17,12-05-2025,4
14434,3711,17,22-04-2025,4
14454,2098,17,10-05-2025,4
14499,7885,17,24-12-2025,4
14547,5653,17,20-07-2025,4
14612,2246,17,25-08-2025,4
14645,1004,17,12-09-2025,4
14678,3183,17,28-11-2025,4
14773,771,17,17-05-2025,4
14926,3091,17,15-02-2025,4
15167,4408,17,10-06-2025,4
15183,7546,17,13-04-2025,4
15523,7034,17,16-01-2026,4
15619,4453,17,09-03-2025,4
15877,4688,17,07-06-2025,4
15882,3276,17,13-05-2025,4
15889,4012,17,24-05-2025,4
15928,6490,17,08-10-2025,4
15974,2893,17,24-03-2025,4
16049,3393,17,28-07-2025,4
16217,7947,17,03-01-2025,4
16228,7271,17,03-11-2025,4
16349,7008,17,24-06-2025,4
16393,6510,17,04-12-2025,4
16569,7910,17,16-10-2025,4
16708,7630,17,16-08-2025,4
16825,843,17,02-05-2025,4
16872,7518,17,26-03-2025,4
17133,2494,17,16-09-2025,4
17176,5750,17,25-03-2025,4
17183,2821,17,30-12-2025,4
17333,387,17,30-05-2025,4
17370,6664,17,11-11-2025,4
17416,3145,17,07-03-2025,4
17448,1189,17,13-11-2025,4
17660,6688,17,07-04-2025,4
17806,5084,17,13-03-2025,4
17872,556,17,27-06-2025,4
17984,4773,17,09-02-2025,4
18036,7784,17,06-05-2025,4
18051,2884,17,11-11-2025,4
18148,5396,17,27-01-2025,4
18154,297,17,24-10-2025,4
18236,60,17,18-04-2025,4
18458,900,17,05-12-2025,4
18503,2040,17,04-12-2025,4
18640,2558,17,10-01-2026,4
18934,7849,17,20-12-2025,4
19041,2444,17,01-02-2025,4
19219,5060,17,01-09-2025,4
19406,863,17,29-11-2025,4
19492,3920,17,08-03-2025,4
19615,2081,17,03-08-2025,4
19630,4270,17,17-05-2025,4
19678,3658,17,22-01-2025,4
19768,1622,17,27-04-2025,4
19808,7592,17,13-05-2025,4
19831,938,17,26-12-2025,4
19893,1146,17,01-04-2025,4
20237,1297,17,02-09-2025,4
20299,1823,17,14-10-2025,4
20413,2765,17,22-01-2025,4
20427,2336,17,21-12-2025,4
20730,6987,17,21-01-2025,4
20765,5764,17,13-01-2026,4
20917,7589,17,16-10-2025,4
21067,6357,17,16-05-2025,4
21253,6053,17,23-10-2025,4
21363,4043,17,21-06-2025,4
21410,1360,17,28-06-2025,4
21658,1216,17,15-01-2025,4
21772,7991,17,28-05-2025,4
21849,4191,17,30-07-2025,4
21850,3802,17,04-07-2025,4
22154,1327,17,02-01-2026,4
22212,1861,17,15-08-2025,4
22583,1043,17,18-01-2025,4
22695,6747,17,21-09-2025,4
22914,6129,17,09-01-2025,4
23082,2765,17,17-08-2025,4
23173,5629,17,15-05-2025,4
23461,4528,17,18-02-2025,4
23500,4683,17,13-02-2025,4
23609,3556,17,03-09-2025,4
23632,3062,17,19-04-2025,4
23794,6125,17,01-07-2025,4
23820,62,17,16-02-2025,4
23863,7241,17,29-06-2025,4
23969,5997,17,14-12-2025,4
24089,7735,17,26-10-2025,4
24127,4659,17,02-05-2025,4
24204,2428,17,09-10-2025,4
24426,6762,17,14-08-2025,4
24430,4125,17,27-02-2025,4
24502,7825,17,04-08-2025,4
24518,7444,17,21-12-2025,4
24561,2256,17,20-04-2025,4
24638,1736,17,12-08-2025,4
24682,6022,17,29-08-2025,4
24732,5158,17,26-10-2025,4
25163,5451,17,30-08-2025,4
25271,2879,17,01-06-2025,4
25380,5267,17,22-11-2025,4
25387,2572,17,09-05-2025,4
25398,2196,17,07-02-2025,4
25532,4861,17,18-08-2025,4
25699,737,17,30-04-2025,4
25763,1449,17,14-10-2025,4
25802,6198,17,20-09-2025,4
25998,1772,17,20-07-2025,4
26183,6503,17,26-01-2025,4
26252,5367,17,18-04-2025,4
26383,5211,17,02-10-2025,4
26637,6047,17,18-11-2025,4
26704,2818,17,30-10-2025,4
26989,3049,17,30-04-2025,4
27079,3607,17,15-09-2025,4
27134,4586,17,04-02-2025,4
27224,2680,17,14-10-2025,4
27455,6184,17,15-10-2025,4
27628,5956,17,07-04-2025,4
27851,4913,17,03-11-2025,4
27873,1089,17,19-10-2025,4
26,5220,4,24-04-2025,4
265,3337,4,25-12-2025,4
312,3990,4,19-04-2025,4
441,5833,4,02-04-2025,4
450,6770,4,26-01-2025,4
552,2333,4,24-03-2025,4
800,6305,4,17-06-2025,4
1066,373,4,24-07-2025,4
1070,2336,4,17-01-2026,4
1346,7656,4,16-05-2025,4
1384,1134,4,12-12-2025,4
1481,189,4,06-12-2025,4
1521,1699,4,30-09-2025,4
1811,1660,4,07-06-2025,4
1988,1325,4,22-02-2025,4
2505,1875,4,25-08-2025,4
2740,1663,4,15-04-2025,4
2841,1184,4,20-12-2025,4
3153,2327,4,22-12-2025,4
3193,4871,4,11-09-2025,4
3229,2403,4,24-12-2025,4
3282,3748,4,02-06-2025,4
3571,1325,4,16-02-2025,4
3676,4735,4,20-03-2025,4
3771,3571,4,01-04-2025,4
3798,6624,4,24-01-2025,4
3904,2512,4,30-09-2025,4
3925,3418,4,20-08-2025,4
3959,2262,4,25-03-2025,4
3969,2968,4,19-08-2025,4
4043,6676,4,21-09-2025,4
4167,2071,4,09-01-2026,4
4196,7105,4,23-07-2025,4
4273,3093,4,21-11-2025,4
4351,2683,4,19-05-2025,4
4495,2072,4,18-11-2025,4
4588,3186,4,03-11-2025,4
4650,5120,4,16-01-2025,4
4805,3633,4,17-12-2025,4
4821,4958,4,06-09-2025,4
4913,6896,4,06-07-2025,4
4994,3756,4,26-04-2025,4
5034,1788,4,04-07-2025,4
5130,6989,4,28-10-2025,4
5225,5516,4,17-12-2025,4
5269,1715,4,11-09-2025,4
5286,5104,4,12-09-2025,4
5358,550,4,20-01-2025,4
5478,799,4,07-02-2025,4
5549,1972,4,08-12-2025,4
5555,1415,4,02-12-2025,4
5571,4911,4,11-04-2025,4
5645,7097,4,10-11-2025,4
5683,5113,4,22-11-2025,4
5812,7764,4,04-11-2025,4
5973,824,4,15-01-2025,4
6038,7470,4,23-10-2025,4
6041,522,4,29-07-2025,4
6061,262,4,15-01-2025,4
6258,7059,4,29-12-2025,4
6483,4487,4,06-06-2025,4
6549,1722,4,14-06-2025,4
6616,7238,4,08-07-2025,4
6662,291,4,17-02-2025,4
6692,3510,4,16-08-2025,4
7102,2860,4,26-06-2025,4
7160,1,4,07-12-2025,4
7692,5867,4,07-03-2025,4
7765,7099,4,08-03-2025,4
7832,7135,4,31-07-2025,4
8049,1181,4,20-02-2025,4
8057,1723,4,02-01-2026,4
8197,2270,4,28-07-2025,4
8671,2093,4,07-10-2025,4
8713,2600,4,13-03-2025,4
8830,1364,4,02-05-2025,4
8834,4680,4,18-02-2025,4
8885,6176,4,19-01-2025,4
8897,773,4,29-06-2025,4
8991,7152,4,30-07-2025,4
9336,1986,4,07-04-2025,4
9470,7708,4,23-12-2025,4
9573,2801,4,23-03-2025,4
9608,6809,4,16-04-2025,4
9708,4424,4,05-11-2025,4
9767,3854,4,23-02-2025,4
9809,3450,4,13-02-2025,4
9817,2428,4,30-04-2025,4
9849,6733,4,06-05-2025,4
10345,7775,4,20-05-2025,4
10584,2444,4,25-03-2025,4
10731,1115,4,01-11-2025,4
10837,3650,4,23-09-2025,4
11152,6096,4,14-03-2025,4
11176,7245,4,12-09-2025,4
11178,3419,4,21-08-2025,4
11258,5882,4,01-12-2025,4
11270,1439,4,14-07-2025,4
11292,5900,4,09-07-2025,4
11335,5995,4,07-06-2025,4
11351,2061,4,09-06-2025,4
11558,1132,4,23-01-2025,4
11623,6758,4,15-11-2025,4
11740,5361,4,06-04-2025,4
11880,6278,4,09-07-2025,4
11890,4364,4,03-02-2025,4
11991,3768,4,03-01-2025,4
12036,6434,4,16-12-2025,4
12075,3692,4,20-06-2025,4
12193,7134,4,14-02-2025,4
12221,4508,4,29-08-2025,4
12261,6168,4,04-08-2025,4
12410,3019,4,16-12-2025,4
12412,4602,4,27-06-2025,4
13213,5160,4,13-07-2025,4
13253,2851,4,03-01-2025,4
13384,276,4,06-08-2025,4
13392,195,4,07-12-2025,4
13421,4760,4,25-12-2025,4
13429,446,4,04-10-2025,4
13456,3468,4,21-12-2025,4
13462,5349,4,14-02-2025,4
13506,1300,4,27-03-2025,4
13729,7106,4,01-10-2025,4
13884,3796,4,23-11-2025,4
14014,5188,4,27-01-2025,4
14020,908,4,20-11-2025,4
14563,4,4,04-04-2025,4
14664,3180,4,22-01-2025,4
14736,5344,4,12-12-2025,4
14967,3081,4,22-10-2025,4
14973,143,4,25-11-2025,4
15048,4032,4,11-08-2025,4
15091,5662,4,28-08-2025,4
15140,201,4,28-04-2025,4
15258,7659,4,21-03-2025,4
15572,3473,4,27-12-2025,4
15637,6467,4,06-04-2025,4
15644,370,4,02-06-2025,4
15748,6739,4,06-08-2025,4
15810,4185,4,23-12-2025,4
16009,2456,4,30-04-2025,4
16336,4981,4,31-08-2025,4
16443,5813,4,03-01-2025,4
16541,2682,4,18-04-2025,4
16577,7848,4,03-02-2025,4
16623,3742,4,20-01-2025,4
16644,4832,4,24-05-2025,4
16688,2146,4,25-10-2025,4
16837,4511,4,17-11-2025,4
16854,5663,4,19-11-2025,4
16929,6428,4,15-03-2025,4
16996,1451,4,05-01-2025,4
17281,3637,4,10-11-2025,4
17282,4135,4,02-09-2025,4
17398,6642,4,14-01-2026,4
17533,3399,4,05-08-2025,4
17579,2351,4,14-12-2025,4
17737,6616,4,14-12-2025,4
17818,1677,4,04-10-2025,4
17927,2939,4,01-01-2025,4
17972,6738,4,18-10-2025,4
18167,4927,4,07-12-2025,4
18254,3798,4,09-02-2025,4
18661,1182,4,19-12-2025,4
18701,7849,4,04-08-2025,4
18721,4201,4,15-01-2026,4
18936,1688,4,08-10-2025,4
18941,7924,4,17-01-2025,4
18973,1586,4,21-07-2025,4
18974,4759,4,30-05-2025,4
19254,6032,4,11-01-2025,4
19266,4564,4,28-12-2025,4
19551,5071,4,01-05-2025,4
19602,7691,4,06-06-2025,4
19614,1821,4,10-12-2025,4
19695,4983,4,30-11-2025,4
19871,5712,4,13-04-2025,4
19875,24,4,07-04-2025,4
19889,334,4,01-06-2025,4
20145,4772,4,15-05-2025,4
20629,3276,4,10-07-2025,4
20659,6969,4,14-01-2026,4
21124,72,4,15-02-2025,4
21373,3374,4,25-08-2025,4
21485,4890,4,29-08-2025,4
21588,6988,4,19-12-2025,4
21674,1253,4,20-03-2025,4
21758,4871,4,27-12-2025,4
21769,4235,4,21-11-2025,4
22018,2771,4,14-01-2025,4
22026,520,4,05-07-2025,4
22200,3171,4,25-08-2025,4
22330,653,4,07-11-2025,4
22385,6416,4,10-01-2025,4
22420,457,4,27-05-2025,4
22551,7188,4,23-06-2025,4
22567,133,4,28-06-2025,4
22690,6220,4,10-09-2025,4
22783,1800,4,23-10-2025,4
22963,4535,4,11-11-2025,4
23023,630,4,23-05-2025,4
23100,3529,4,29-07-2025,4
23223,7648,4,18-01-2025,4
23225,3297,4,26-03-2025,4
23465,7929,4,27-10-2025,4
23648,1426,4,16-10-2025,4
23671,5290,4,28-02-2025,4
23791,316,4,28-04-2025,4
23801,65,4,29-07-2025,4
24025,3487,4,16-12-2025,4
24262,750,4,12-06-2025,4
24304,356,4,07-05-2025,4
24557,3309,4,30-06-2025,4
24592,1728,4,17-05-2025,4
24755,4522,4,18-11-2025,4
24862,4857,4,04-01-2025,4
24907,7590,4,01-03-2025,4
24969,1116,4,26-03-2025,4
24975,2991,4,28-05-2025,4
25206,6721,4,23-11-2025,4
25256,1921,4,21-03-2025,4
25889,7234,4,08-01-2026,4
26099,7846,4,12-07-2025,4
26136,1865,4,25-01-2025,4
26374,4707,4,29-05-2025,4
26451,6691,4,10-09-2025,4
26630,1009,4,22-11-2025,4
26669,3588,4,22-06-2025,4
26783,5775,4,21-04-2025,4
26817,7774,4,23-04-2025,4
26949,7915,4,08-05-2025,4
27026,5615,4,07-11-2025,4
27172,2172,4,29-09-2025,4
27469,6333,4,10-03-2025,4
27516,3210,4,22-03-2025,4
27672,6591,4,07-01-2025,4
27766,1749,4,11-12-2025,4
27930,5538,4,06-04-2025,4
108,4328,2,01-08-2025,4
146,6569,2,11-02-2025,4
170,7198,2,26-10-2025,4
344,7363,2,25-10-2025,4
348,37,2,29-05-2025,4
359,2168,2,11-01-2025,4
717,1720,2,05-02-2025,4
728,3701,2,25-10-2025,4
734,7620,2,18-07-2025,4
854,4163,2,05-09-2025,4
927,101,2,05-08-2025,4
950,6216,2,11-12-2025,4
1253,1196,2,11-01-2026,4
1362,5116,2,30-07-2025,4
1366,745,2,02-02-2025,4
1436,7515,2,21-10-2025,4
1553,402,2,11-11-2025,4
1597,2924,2,13-11-2025,4
1644,3281,2,07-01-2025,4
1673,4543,2,18-11-2025,4
1715,4248,2,07-11-2025,4
1873,6333,2,21-03-2025,4
1974,6857,2,23-02-2025,4
2291,4182,2,26-06-2025,4
2366,4150,2,06-01-2025,4
2520,4488,2,18-12-2025,4
2546,249,2,06-11-2025,4
2591,5791,2,24-07-2025,4
2599,1909,2,04-07-2025,4
2741,6633,2,02-02-2025,4
2815,4893,2,17-01-2026,4
2898,4333,2,06-02-2025,4
3186,1147,2,19-04-2025,4
3558,1848,2,16-04-2025,4
3871,6992,2,09-06-2025,4
4127,294,2,17-04-2025,4
4162,826,2,05-05-2025,4
4172,2959,2,03-03-2025,4
4200,7812,2,13-01-2025,4
4479,199,2,28-05-2025,4
4587,3441,2,08-11-2025,4
4623,219,2,12-05-2025,4
4817,7960,2,24-12-2025,4
4825,4582,2,12-07-2025,4
4955,846,2,26-04-2025,4
5052,6481,2,16-01-2026,4
5126,5143,2,25-07-2025,4
5438,3926,2,20-04-2025,4
5475,4634,2,10-01-2026,4
5665,3103,2,01-04-2025,4
5854,7544,2,02-07-2025,4
6126,5344,2,27-12-2025,4
6207,4807,2,02-12-2025,4
6235,1639,2,09-06-2025,4
6236,4113,2,07-01-2026,4
6426,7248,2,29-07-2025,4
6542,5208,2,06-10-2025,4
6575,7750,2,09-09-2025,4
6645,3928,2,12-08-2025,4
6769,7696,2,10-10-2025,4
6866,5641,2,14-04-2025,4
7300,3452,2,22-10-2025,4
7365,3088,2,04-01-2025,4
7679,7345,2,06-08-2025,4
7887,1836,2,20-08-2025,4
8157,3750,2,18-02-2025,4
8239,3654,2,20-10-2025,4
8356,6638,2,05-01-2026,4
8535,405,2,01-08-2025,4
8630,5147,2,18-01-2026,4
8715,1266,2,26-05-2025,4
8832,5830,2,19-11-2025,4
9071,404,2,02-01-2025,4
9206,761,2,21-02-2025,4
9255,4341,2,07-11-2025,4
9264,1515,2,28-12-2025,4
9453,7580,2,09-01-2026,4
9920,1729,2,10-09-2025,4
10003,6778,2,26-10-2025,4
10023,4917,2,20-09-2025,4
10102,1422,2,06-01-2025,4
10249,5881,2,07-01-2026,4
10507,6005,2,27-06-2025,4
10928,5889,2,19-01-2025,4
11005,4289,2,06-11-2025,4
11118,5130,2,11-05-2025,4
11127,3475,2,15-01-2025,4
11371,134,2,10-06-2025,4
11430,4624,2,03-12-2025,4
11506,5489,2,24-10-2025,4
11580,633,2,01-01-2026,4
11654,6920,2,20-12-2025,4
11830,6064,2,13-02-2025,4
11855,7700,2,09-02-2025,4
11862,7942,2,10-07-2025,4
11977,2839,2,31-05-2025,4
12050,3076,2,13-12-2025,4
12101,4145,2,04-09-2025,4
12212,4827,2,08-03-2025,4
12390,6742,2,21-03-2025,4
12456,2216,2,12-04-2025,4
12522,5423,2,22-12-2025,4
12631,931,2,10-06-2025,4
12637,310,2,09-06-2025,4
12744,7007,2,25-07-2025,4
12917,6735,2,15-01-2025,4
12924,6995,2,01-08-2025,4
12992,2724,2,14-05-2025,4
13094,5541,2,03-12-2025,4
13479,4066,2,24-10-2025,4
13532,5688,2,22-02-2025,4
13543,2456,2,01-04-2025,4
13713,1126,2,27-12-2025,4
13985,1340,2,05-06-2025,4
14115,2700,2,04-01-2025,4
14190,6865,2,12-07-2025,4
14236,6341,2,31-10-2025,4
14237,84,2,26-06-2025,4
14492,3505,2,04-08-2025,4
14663,7041,2,08-02-2025,4
14835,2789,2,10-02-2025,4
14952,5544,2,21-08-2025,4
15074,6953,2,25-09-2025,4
15344,890,2,15-06-2025,4
15357,6365,2,06-01-2025,4
15549,6060,2,06-03-2025,4
15596,7652,2,11-09-2025,4
15635,2245,2,05-01-2026,4
15696,614,2,09-04-2025,4
16210,2769,2,02-08-2025,4
16237,2635,2,24-12-2025,4
16655,540,2,22-06-2025,4
16746,5953,2,04-02-2025,4
16817,7478,2,30-01-2025,4
16917,4762,2,22-04-2025,4
16946,5431,2,11-02-2025,4
17097,1211,2,07-10-2025,4
17194,6071,2,17-05-2025,4
17383,108,2,14-07-2025,4
17616,1394,2,14-04-2025,4
17634,4219,2,16-12-2025,4
17723,3182,2,09-12-2025,4
17768,5523,2,09-01-2026,4
17781,4564,2,15-02-2025,4
17797,473,2,16-02-2025,4
17827,6791,2,11-04-2025,4
17870,7466,2,06-09-2025,4
18063,1199,2,16-05-2025,4
18135,231,2,05-08-2025,4
18175,1179,2,04-02-2025,4
18220,1853,2,16-06-2025,4
18463,1424,2,13-01-2026,4
18514,5519,2,14-01-2025,4
18603,7292,2,23-06-2025,4
18623,7413,2,10-03-2025,4
18755,192,2,02-07-2025,4
18828,4373,2,24-01-2025,4
18868,2668,2,17-01-2026,4
18882,1381,2,07-04-2025,4
19191,2548,2,14-04-2025,4
19222,4401,2,12-03-2025,4
19226,258,2,17-10-2025,4
19498,7837,2,08-04-2025,4
20086,4701,2,27-10-2025,4
20097,3070,2,20-07-2025,4
20389,5848,2,07-12-2025,4
20412,3589,2,28-03-2025,4
20562,1086,2,24-02-2025,4
20572,1651,2,19-04-2025,4
20591,142,2,22-12-2025,4
20604,2285,2,05-07-2025,4
20652,227,2,15-08-2025,4
20707,761,2,29-03-2025,4
20742,7025,2,18-02-2025,4
20802,785,2,03-05-2025,4
20968,4268,2,11-02-2025,4
21033,157,2,13-12-2025,4
21163,7805,2,13-09-2025,4
21193,2052,2,10-03-2025,4
21379,2977,2,03-08-2025,4
21395,1974,2,07-09-2025,4
21508,7235,2,26-06-2025,4
21512,4836,2,01-04-2025,4
21611,7441,2,21-12-2025,4
21715,7121,2,10-06-2025,4
21774,5271,2,13-05-2025,4
21818,7774,2,25-08-2025,4
21866,414,2,26-11-2025,4
21868,6226,2,06-01-2025,4
21876,7178,2,08-12-2025,4
21890,297,2,09-04-2025,4
21986,5731,2,30-01-2025,4
22046,3302,2,11-01-2025,4
22090,7656,2,14-03-2025,4
22272,5252,2,31-01-2025,4
22606,7894,2,09-01-2025,4
22632,40,2,16-08-2025,4
22947,4595,2,05-10-2025,4
22994,4756,2,20-11-2025,4
23128,2544,2,19-04-2025,4
23218,5284,2,12-04-2025,4
23226,408,2,16-09-2025,4
23231,4202,2,12-11-2025,4
23279,3086,2,22-08-2025,4
23630,1142,2,11-12-2025,4
23810,1265,2,14-06-2025,4
23813,7907,2,23-07-2025,4
23923,2672,2,02-08-2025,4
24006,2336,2,29-08-2025,4
24114,1257,2,08-03-2025,4
24141,250,2,06-03-2025,4
24307,3659,2,17-01-2026,4
24341,5835,2,07-06-2025,4
24347,6543,2,14-09-2025,4
24493,4453,2,23-07-2025,4
24494,5917,2,25-06-2025,4
24546,5270,2,05-02-2025,4
24680,5499,2,14-05-2025,4
24856,2257,2,01-11-2025,4
24930,2561,2,06-01-2026,4
24939,4517,2,24-07-2025,4
25015,7596,2,13-04-2025,4
25544,3147,2,26-08-2025,4
25698,543,2,20-11-2025,4
25908,5200,2,05-02-2025,4
25933,4176,2,18-09-2025,4
25976,5718,2,30-05-2025,4
26192,2882,2,16-10-2025,4
26279,7552,2,15-01-2026,4
26389,5726,2,20-05-2025,4
26408,5034,2,02-03-2025,4
26643,1340,2,13-03-2025,4
26796,1103,2,29-09-2025,4
26961,1376,2,12-04-2025,4
27154,5165,2,19-12-2025,4
27183,6834,2,12-02-2025,4
27800,6234,2,30-04-2025,4
27923,242,2,20-07-2025,4
27956,261,2,25-04-2025,4
475,79,15,19-11-2025,4
642,7707,15,16-04-2025,4
936,2248,15,07-02-2025,4
1061,3086,15,24-06-2025,4
1116,1043,15,31-12-2025,4
1311,641,15,31-05-2025,4
1534,1582,15,23-11-2025,4
1572,7521,15,10-02-2025,4
1799,6613,15,28-11-2025,4
1844,7089,15,12-05-2025,4
1864,5126,15,06-03-2025,4
1875,1623,15,12-03-2025,4
2073,2728,15,13-12-2025,4
2079,7839,15,21-09-2025,4
2095,2601,15,24-09-2025,4
2097,4195,15,01-10-2025,4
2126,1546,15,28-02-2025,4
2297,5450,15,20-12-2025,4
2418,3006,15,28-06-2025,4
2474,991,15,10-03-2025,4
2645,571,15,17-06-2025,4
2876,6854,15,14-10-2025,4
2891,7965,15,14-10-2025,4
2983,484,15,30-04-2025,4
2989,2187,15,28-09-2025,4
3017,6604,15,19-04-2025,4
3426,3700,15,29-01-2025,4
3625,1495,15,01-08-2025,4
3630,2924,15,22-11-2025,4
3804,5011,15,02-03-2025,4
3810,271,15,12-06-2025,4
3907,7648,15,10-05-2025,4
4049,3067,15,20-02-2025,4
4176,1605,15,09-06-2025,4
4236,7871,15,04-01-2025,4
4327,5439,15,15-01-2025,4
4536,4604,15,29-07-2025,4
4608,6235,15,09-12-2025,4
4830,4593,15,26-11-2025,4
4910,4939,15,18-11-2025,4
5096,7170,15,05-12-2025,4
5529,7067,15,18-06-2025,4
5723,567,15,08-11-2025,4
5769,5045,15,03-12-2025,4
5850,5140,15,15-06-2025,4
5860,382,15,02-07-2025,4
5997,4482,15,26-06-2025,4
6051,3944,15,14-02-2025,4
6096,7835,15,01-08-2025,4
6309,5455,15,28-03-2025,4
6434,2400,15,26-01-2025,4
6537,4315,15,10-08-2025,4
6567,2539,15,05-10-2025,4
6579,7523,15,03-06-2025,4
6591,301,15,03-12-2025,4
6686,6110,15,22-08-2025,4
6756,6861,15,11-01-2025,4
6921,1284,15,25-04-2025,4
7149,3999,15,15-03-2025,4
7204,2620,15,16-01-2025,4
7209,5358,15,25-12-2025,4
7271,2348,15,16-07-2025,4
7594,4591,15,08-04-2025,4
7609,6311,15,15-10-2025,4
7643,5112,15,28-09-2025,4
7749,5713,15,29-05-2025,4
7792,6123,15,16-07-2025,4
7981,1269,15,19-02-2025,4
8472,7764,15,12-10-2025,4
8615,1719,15,06-02-2025,4
8749,5963,15,03-06-2025,4
8790,2052,15,16-03-2025,4
8794,858,15,17-04-2025,4
8816,4705,15,10-03-2025,4
8895,6324,15,01-05-2025,4
9155,5883,15,15-03-2025,4
9202,7955,15,22-11-2025,4
9214,6579,15,06-03-2025,4
9225,2019,15,03-02-2025,4
9301,2810,15,12-12-2025,4
9302,4068,15,01-09-2025,4
9422,2748,15,04-10-2025,4
9482,4481,15,02-02-2025,4
9583,1369,15,26-05-2025,4
9650,2932,15,30-10-2025,4
9660,735,15,29-05-2025,4
9975,4185,15,21-07-2025,4
9980,3772,15,11-01-2026,4
10005,6745,15,27-01-2025,4
10294,1570,15,09-02-2025,4
10322,2572,15,29-10-2025,4
10637,2542,15,23-09-2025,4
10737,4655,15,17-04-2025,4
10921,3012,15,07-04-2025,4
10960,2931,15,08-05-2025,4
11050,2019,15,04-02-2025,4
11125,4385,15,01-01-2025,4
11141,5064,15,09-04-2025,4
11458,2898,15,30-12-2025,4
11467,2835,15,10-03-2025,4
11650,1413,15,18-03-2025,4
11752,1046,15,19-09-2025,4
11775,7147,15,28-11-2025,4
11943,757,15,22-09-2025,4
12021,7714,15,19-07-2025,4
12037,7030,15,14-05-2025,4
12248,5333,15,05-10-2025,4
12352,511,15,27-12-2025,4
12430,760,15,03-12-2025,4
12458,2362,15,23-02-2025,4
12488,6901,15,14-11-2025,4
12509,969,15,11-01-2026,4
12572,29,15,06-06-2025,4
12610,653,15,29-08-2025,4
12759,3546,15,26-04-2025,4
12761,6739,15,11-04-2025,4
13000,2376,15,14-12-2025,4
13309,1719,15,10-10-2025,4
13312,6792,15,19-01-2025,4
13340,7421,15,28-04-2025,4
13372,838,15,29-09-2025,4
13749,2176,15,15-02-2025,4
14587,3225,15,07-04-2025,4
14680,7353,15,04-09-2025,4
14719,55,15,22-06-2025,4
14733,6027,15,15-05-2025,4
14763,1617,15,17-02-2025,4
15013,3372,15,17-03-2025,4
15105,2879,15,07-08-2025,4
15244,747,15,05-09-2025,4
15495,1677,15,09-01-2025,4
15510,3008,15,30-03-2025,4
15545,7671,15,29-09-2025,4
15831,592,15,12-02-2025,4
16151,3250,15,16-11-2025,4
16162,1000,15,23-12-2025,4
16166,3303,15,10-01-2025,4
16328,5001,15,14-09-2025,4
16389,2379,15,21-12-2025,4
16538,7818,15,20-02-2025,4
16575,4624,15,16-06-2025,4
16599,1204,15,30-04-2025,4
16749,5536,15,14-01-2026,4
16951,6829,15,16-09-2025,4
17064,3684,15,18-03-2025,4
17108,2493,15,27-06-2025,4
17421,2711,15,25-07-2025,4
17474,2169,15,21-01-2025,4
17713,7865,15,06-11-2025,4
17775,1466,15,15-04-2025,4
17796,7207,15,18-12-2025,4
17913,6242,15,06-03-2025,4
17920,5620,15,16-06-2025,4
18263,7084,15,02-01-2025,4
18341,6519,15,27-07-2025,4
18394,3278,15,24-05-2025,4
18408,1206,15,28-02-2025,4
18423,6305,15,04-07-2025,4
18473,1549,15,15-01-2025,4
18703,6877,15,18-12-2025,4
18743,1013,15,26-02-2025,4
18746,5914,15,01-02-2025,4
18759,2875,15,29-05-2025,4
19011,303,15,13-06-2025,4
19082,6592,15,23-07-2025,4
19272,767,15,25-04-2025,4
19699,6545,15,28-11-2025,4
19881,2381,15,04-10-2025,4
20005,1063,15,17-01-2026,4
20120,3029,15,04-04-2025,4
20231,6206,15,22-03-2025,4
20446,7975,15,02-03-2025,4
20568,134,15,29-12-2025,4
20593,4734,15,21-07-2025,4
20799,3678,15,14-07-2025,4
20863,3742,15,24-04-2025,4
21022,4945,15,19-01-2025,4
21051,2502,15,16-03-2025,4
21532,648,15,09-02-2025,4
21907,6791,15,31-08-2025,4
21998,7249,15,22-01-2025,4
22069,1455,15,14-02-2025,4
22252,3851,15,20-10-2025,4
22329,367,15,29-07-2025,4
22349,6131,15,15-10-2025,4
22451,7501,15,14-01-2026,4
22642,2202,15,26-07-2025,4
22846,5979,15,17-04-2025,4
22874,2059,15,05-09-2025,4
22930,4064,15,22-10-2025,4
22977,1981,15,13-06-2025,4
23297,1928,15,12-04-2025,4
23339,4137,15,05-08-2025,4
23510,7530,15,10-08-2025,4
23638,4172,15,28-05-2025,4
23691,5860,15,10-01-2026,4
23759,5458,15,25-10-2025,4
23771,7621,15,19-08-2025,4
23875,6176,15,21-04-2025,4
24042,1637,15,05-10-2025,4
24191,6208,15,26-03-2025,4
24319,2951,15,17-05-2025,4
24464,3689,15,27-09-2025,4
24694,2035,15,06-10-2025,4
24842,6492,15,16-08-2025,4
24844,5105,15,23-06-2025,4
25228,5640,15,02-09-2025,4
25277,7153,15,14-07-2025,4
25299,5963,15,24-08-2025,4
25337,550,15,11-08-2025,4
25537,5833,15,02-01-2026,4
25563,2103,15,02-12-2025,4
25780,2180,15,28-12-2025,4
25879,4631,15,14-10-2025,4
26247,5505,15,25-11-2025,4
26267,1334,15,30-01-2025,4
26353,5964,15,26-06-2025,4
26411,6296,15,09-08-2025,4
26425,5514,15,30-12-2025,4
26429,1701,15,05-01-2026,4
26797,5430,15,09-06-2025,4
26966,3097,15,21-06-2025,4
27033,5302,15,11-05-2025,4
27284,2812,15,03-01-2026,4
27296,2642,15,06-04-2025,4
27417,5761,15,17-08-2025,4
27454,3431,15,30-04-2025,4
27480,5520,15,19-09-2025,4
27483,602,15,11-01-2025,4
27485,745,15,01-08-2025,4
27697,6939,15,07-12-2025,4
27753,5306,15,23-06-2025,4
27795,6831,15,31-12-2025,4
27858,5163,15,24-11-2025,4
27871,5329,15,15-03-2025,4
27928,4252,15,11-01-2026,4
214,576,5,27-07-2025,4
672,4493,5,15-11-2025,4
792,3465,5,03-12-2025,4
1010,4492,5,31-03-2025,4
1162,6946,5,09-04-2025,4
1211,7053,5,03-03-2025,4
1223,3578,5,08-06-2025,4
1258,1333,5,13-07-2025,4
1378,3453,5,22-04-2025,4
1431,3960,5,14-04-2025,4
1689,1421,5,23-02-2025,4
1775,2363,5,19-04-2025,4
1822,4041,5,12-08-2025,4
1845,7191,5,12-08-2025,4
1931,946,5,16-01-2026,4
2223,2435,5,07-09-2025,4
2292,7130,5,04-04-2025,4
2617,6602,5,13-07-2025,4
2639,1796,5,17-06-2025,4
2834,5581,5,17-05-2025,4
2862,5765,5,04-06-2025,4
2893,4385,5,07-08-2025,4
3021,3242,5,11-09-2025,4
3298,1692,5,18-03-2025,4
3306,7750,5,08-03-2025,4
3357,682,5,21-03-2025,4
3388,1132,5,27-03-2025,4
3416,4639,5,06-05-2025,4
3654,4972,5,02-08-2025,4
3786,1127,5,17-06-2025,4
3887,324,5,06-07-2025,4
3924,566,5,09-04-2025,4
4027,4503,5,07-02-2025,4
4152,1864,5,09-03-2025,4
4288,2809,5,10-05-2025,4
4482,4970,5,25-06-2025,4
4566,4805,5,07-05-2025,4
4927,4364,5,15-11-2025,4
5004,3303,5,15-12-2025,4
5021,6234,5,24-07-2025,4
5353,3061,5,28-02-2025,4
5372,3111,5,20-01-2025,4
5397,3043,5,04-06-2025,4
5421,1417,5,02-06-2025,4
5469,1581,5,01-07-2025,4
5590,5688,5,14-11-2025,4
5652,1339,5,07-10-2025,4
5740,3703,5,13-02-2025,4
5834,4790,5,22-02-2025,4
5908,3551,5,23-07-2025,4
5921,2684,5,24-02-2025,4
5929,1980,5,29-04-2025,4
6026,7079,5,20-02-2025,4
6098,346,5,09-03-2025,4
6245,4003,5,14-02-2025,4
6411,3211,5,14-09-2025,4
6501,7184,5,22-12-2025,4
6503,211,5,05-04-2025,4
6550,2654,5,08-08-2025,4
6667,6582,5,26-01-2025,4
6671,3667,5,08-06-2025,4
6764,7462,5,06-09-2025,4
6860,6414,5,24-09-2025,4
7065,1757,5,27-07-2025,4
7131,1083,5,21-05-2025,4
7640,155,5,31-10-2025,4
7651,1025,5,01-08-2025,4
7758,2932,5,16-01-2025,4
7782,5759,5,05-06-2025,4
7786,6707,5,27-05-2025,4
7797,4363,5,04-02-2025,4
7842,6602,5,14-06-2025,4
7851,2572,5,15-01-2025,4
8203,291,5,23-08-2025,4
8237,1943,5,06-01-2026,4
8445,7263,5,23-04-2025,4
8685,976,5,25-10-2025,4
8738,2951,5,05-01-2026,4
8949,5994,5,28-05-2025,4
8996,3119,5,21-08-2025,4
9037,2340,5,13-05-2025,4
9128,3014,5,24-01-2025,4
9135,7575,5,24-12-2025,4
9163,1340,5,22-03-2025,4
9501,2164,5,09-01-2026,4
9547,4781,5,08-01-2025,4
9644,720,5,21-03-2025,4
9788,3318,5,30-10-2025,4
9840,676,5,06-11-2025,4
10135,5587,5,11-01-2025,4
10143,1324,5,22-06-2025,4
10342,120,5,18-12-2025,4
10519,3812,5,09-04-2025,4
10700,7679,5,04-06-2025,4
10738,720,5,01-09-2025,4
10846,622,5,21-06-2025,4
10849,5888,5,23-08-2025,4
10973,5296,5,02-02-2025,4
10989,6756,5,25-10-2025,4
11007,5327,5,10-12-2025,4
11025,7393,5,27-01-2025,4
11097,2406,5,23-08-2025,4
11202,302,5,12-03-2025,4
11418,5496,5,29-12-2025,4
11517,5126,5,16-08-2025,4
11540,4616,5,20-07-2025,4
11597,2023,5,16-09-2025,4
11644,7377,5,04-01-2025,4
11716,2132,5,23-02-2025,4
11737,535,5,03-03-2025,4
11759,4527,5,17-12-2025,4
11951,5401,5,29-09-2025,4
12020,3905,5,28-09-2025,4
12099,4498,5,22-10-2025,4
12128,1294,5,16-06-2025,4
12265,107,5,02-03-2025,4
12291,1312,5,03-04-2025,4
12489,7535,5,28-06-2025,4
12773,4315,5,09-11-2025,4
13011,4807,5,08-01-2026,4
13318,1957,5,03-04-2025,4
13540,1489,5,16-12-2025,4
13672,7940,5,15-10-2025,4
13777,7656,5,11-10-2025,4
13827,4997,5,27-06-2025,4
13912,4407,5,29-01-2025,4
14031,3954,5,22-05-2025,4
14079,3902,5,28-01-2025,4
14287,4687,5,27-11-2025,4
14475,5402,5,02-08-2025,4
14566,6726,5,06-09-2025,4
14630,1823,5,10-08-2025,4
14792,5667,5,29-08-2025,4
14958,7691,5,01-11-2025,4
14969,1161,5,27-07-2025,4
15381,4411,5,24-12-2025,4
15409,4346,5,17-10-2025,4
15451,5173,5,10-04-2025,4
15460,3248,5,01-01-2026,4
15674,7103,5,01-10-2025,4
15918,7461,5,03-06-2025,4
16177,4858,5,06-08-2025,4
16199,5225,5,28-08-2025,4
16226,1521,5,18-04-2025,4
16257,5757,5,23-06-2025,4
16446,3014,5,23-03-2025,4
16528,7984,5,13-09-2025,4
17032,4264,5,18-06-2025,4
17588,3733,5,05-01-2026,4
17639,4004,5,17-10-2025,4
17685,5098,5,12-10-2025,4
17823,7899,5,03-10-2025,4
17838,2916,5,09-03-2025,4
17903,4653,5,29-06-2025,4
18069,6669,5,05-07-2025,4
18071,2221,5,05-10-2025,4
18072,4215,5,07-02-2025,4
18303,4219,5,04-07-2025,4
18443,5350,5,24-07-2025,4
18477,7997,5,10-01-2025,4
18480,4709,5,23-09-2025,4
18532,916,5,15-08-2025,4
18605,4026,5,19-03-2025,4
18649,2011,5,05-07-2025,4
18834,6714,5,02-01-2025,4
18997,1020,5,02-10-2025,4
19016,5670,5,28-12-2025,4
19026,7204,5,11-06-2025,4
19108,3048,5,09-04-2025,4
19205,7302,5,07-05-2025,4
19324,3036,5,09-01-2025,4
19921,6442,5,03-09-2025,4
19940,7172,5,02-01-2026,4
19963,2272,5,16-01-2026,4
20129,1109,5,31-10-2025,4
20369,7245,5,13-04-2025,4
20608,1376,5,21-02-2025,4
20815,5436,5,04-10-2025,4
20953,6826,5,20-02-2025,4
21075,4506,5,13-01-2026,4
21186,1940,5,27-05-2025,4
21312,2229,5,15-12-2025,4
21516,2243,5,27-11-2025,4
21550,7737,5,21-05-2025,4
21918,2350,5,08-10-2025,4
22017,6004,5,31-07-2025,4
22091,6945,5,12-02-2025,4
22142,480,5,23-10-2025,4
22431,171,5,17-11-2025,4
22571,7582,5,10-12-2025,4
22585,980,5,07-09-2025,4
22764,4884,5,24-12-2025,4
23064,1243,5,01-05-2025,4
23303,739,5,03-02-2025,4
23378,5750,5,08-04-2025,4
23446,119,5,02-07-2025,4
23592,6993,5,07-09-2025,4
23753,2824,5,25-08-2025,4
23766,2432,5,11-06-2025,4
23838,4681,5,08-01-2025,4
23881,7965,5,15-03-2025,4
24178,5464,5,15-01-2026,4
24222,3157,5,17-05-2025,4
24394,1441,5,20-12-2025,4
24853,5544,5,30-11-2025,4
25000,2717,5,18-06-2025,4
25180,3314,5,01-06-2025,4
25334,3428,5,17-06-2025,4
25404,5479,5,08-01-2025,4
25466,6965,5,13-07-2025,4
25490,1121,5,20-05-2025,4
25707,1802,5,23-10-2025,4
25713,4272,5,07-07-2025,4
25922,4610,5,30-12-2025,4
26035,222,5,29-08-2025,4
26074,6149,5,05-11-2025,4
26081,4304,5,04-02-2025,4
26272,7196,5,15-02-2025,4
26366,7818,5,07-08-2025,4
26460,5366,5,30-05-2025,4
26716,1588,5,16-10-2025,4
27007,706,5,17-11-2025,4
27123,5445,5,13-01-2026,4
27268,2760,5,26-09-2025,4
27331,5079,5,13-01-2025,4
27466,2694,5,27-09-2025,4
27613,4432,5,02-12-2025,4
27917,2883,5,06-08-2025,4
157,965,6,06-02-2025,4
491,7465,6,06-10-2025,4
516,7324,6,13-08-2025,4
573,653,6,02-08-2025,4
904,3529,6,18-08-2025,4
923,79,6,05-01-2026,4
1086,5260,6,20-04-2025,4
1113,531,6,23-12-2025,4
1419,799,6,04-01-2026,4
1440,482,6,25-06-2025,4
1691,7743,6,12-10-2025,4
1712,7568,6,03-11-2025,4
2437,7905,6,16-12-2025,4
2985,758,6,20-10-2025,4
3008,7787,6,24-02-2025,4
3056,6484,6,27-06-2025,4
3128,5338,6,06-10-2025,4
3248,6134,6,10-02-2025,4
3336,6597,6,01-07-2025,4
3366,4296,6,26-11-2025,4
3465,7445,6,11-04-2025,4
3590,389,6,11-03-2025,4
3739,5371,6,27-05-2025,4
3908,1821,6,14-07-2025,4
4094,5365,6,19-02-2025,4
4100,3310,6,21-07-2025,4
4556,4477,6,28-08-2025,4
4663,3918,6,25-10-2025,4
4802,2995,6,04-09-2025,4
4815,3959,6,30-03-2025,4
4930,2921,6,14-02-2025,4
5003,2465,6,05-01-2026,4
5023,1251,6,06-09-2025,4
5242,5961,6,28-01-2025,4
5243,5114,6,03-03-2025,4
5716,5996,6,19-11-2025,4
5782,7708,6,18-01-2025,4
5903,508,6,17-09-2025,4
5968,6165,6,06-03-2025,4
6072,4972,6,18-05-2025,4
6080,685,6,30-05-2025,4
6132,253,6,17-08-2025,4
6237,6524,6,07-08-2025,4
6238,470,6,29-01-2025,4
6386,5976,6,14-09-2025,4
6407,519,6,30-05-2025,4
6825,4717,6,24-11-2025,4
6966,3561,6,12-02-2025,4
7138,2952,6,09-10-2025,4
7364,7187,6,02-10-2025,4
7380,3976,6,28-04-2025,4
7621,4964,6,26-11-2025,4
7659,8,6,23-08-2025,4
7801,126,6,07-06-2025,4
8079,2942,6,10-05-2025,4
8291,4950,6,09-01-2025,4
8409,4845,6,12-07-2025,4
8543,6065,6,14-03-2025,4
8725,7134,6,29-11-2025,4
8761,4282,6,27-08-2025,4
8777,1168,6,29-06-2025,4
8852,6129,6,13-01-2025,4
8939,184,6,01-04-2025,4
9108,7749,6,15-06-2025,4
9176,1700,6,23-09-2025,4
9280,3750,6,26-01-2025,4
9385,7772,6,06-08-2025,4
9461,4784,6,13-06-2025,4
10070,7365,6,13-08-2025,4
10073,5733,6,02-10-2025,4
10200,6531,6,31-03-2025,4
10219,6975,6,12-09-2025,4
10253,2695,6,22-04-2025,4
10269,522,6,16-03-2025,4
10299,7770,6,04-09-2025,4
10410,387,6,18-06-2025,4
10542,7955,6,28-11-2025,4
10558,2278,6,13-05-2025,4
10803,367,6,14-01-2026,4
10831,3180,6,14-01-2026,4
10865,1276,6,08-12-2025,4
10980,307,6,30-04-2025,4
11038,1302,6,29-09-2025,4
11080,1476,6,02-07-2025,4
11245,5107,6,20-12-2025,4
11274,7018,6,29-03-2025,4
11645,3172,6,24-03-2025,4
11730,3994,6,13-05-2025,4
11941,6915,6,15-12-2025,4
11957,4771,6,06-01-2025,4
12120,2018,6,31-05-2025,4
12168,2155,6,21-04-2025,4
12380,2270,6,09-04-2025,4
12411,4113,6,04-01-2026,4
12459,6761,6,28-04-2025,4
12715,5825,6,26-02-2025,4
12731,5160,6,28-04-2025,4
12780,7937,6,05-06-2025,4
12942,516,6,08-09-2025,4
13014,4914,6,29-01-2025,4
13108,4446,6,31-10-2025,4
13196,5286,6,22-07-2025,4
13201,1349,6,02-08-2025,4
13251,6136,6,27-07-2025,4
13292,4953,6,13-07-2025,4
13686,7623,6,01-03-2025,4
13693,2611,6,25-08-2025,4
13718,3003,6,04-08-2025,4
13797,5224,6,05-07-2025,4
14103,7171,6,21-05-2025,4
14283,3951,6,08-07-2025,4
14330,2993,6,15-12-2025,4
14605,6136,6,23-02-2025,4
14771,2322,6,21-07-2025,4
14802,6337,6,29-11-2025,4
14812,4394,6,08-03-2025,4
14907,575,6,12-10-2025,4
15040,4876,6,23-11-2025,4
15073,2807,6,02-09-2025,4
15085,70,6,06-10-2025,4
15185,6347,6,07-08-2025,4
15210,7187,6,09-02-2025,4
15293,3533,6,30-10-2025,4
15328,7981,6,23-11-2025,4
15425,1088,6,04-01-2026,4
15567,3075,6,14-01-2026,4
15600,7119,6,11-03-2025,4
15617,5056,6,05-02-2025,4
15703,5948,6,21-12-2025,4
15744,841,6,20-01-2025,4
16004,2737,6,16-08-2025,4
16008,6160,6,28-02-2025,4
16081,6486,6,17-01-2026,4
16158,3625,6,05-03-2025,4
16208,1763,6,28-06-2025,4
16371,2899,6,16-01-2025,4
16486,1156,6,05-02-2025,4
16497,3476,6,04-11-2025,4
16613,180,6,06-01-2025,4
16672,605,6,10-10-2025,4
16717,7098,6,06-05-2025,4
16788,4090,6,17-12-2025,4
16867,6607,6,04-10-2025,4
16881,3130,6,08-06-2025,4
17050,7991,6,23-12-2025,4
17088,6852,6,08-04-2025,4
17114,516,6,13-10-2025,4
17213,5663,6,11-01-2025,4
17442,4357,6,12-08-2025,4
17610,2941,6,31-01-2025,4
17674,4913,6,30-11-2025,4
17694,5757,6,06-09-2025,4
17706,393,6,15-02-2025,4
17867,732,6,11-06-2025,4
17871,84,6,17-02-2025,4
17905,2034,6,30-01-2025,4
17924,4188,6,15-10-2025,4
18141,2501,6,05-12-2025,4
18280,551,6,26-04-2025,4
18511,4759,6,06-06-2025,4
18757,6725,6,30-05-2025,4
18810,1616,6,17-06-2025,4
18849,3199,6,19-06-2025,4
19171,5026,6,21-04-2025,4
19295,2456,6,09-05-2025,4
19317,4265,6,05-05-2025,4
19817,7459,6,07-01-2025,4
20033,6999,6,01-07-2025,4
20150,5770,6,28-03-2025,4
20372,5619,6,13-11-2025,4
20505,1183,6,04-10-2025,4
20628,4699,6,29-06-2025,4
20745,3473,6,04-08-2025,4
20862,70,6,21-12-2025,4
20961,1648,6,24-04-2025,4
21050,3881,6,22-12-2025,4
21131,3772,6,03-04-2025,4
21237,6290,6,24-09-2025,4
21319,147,6,17-12-2025,4
21577,4804,6,23-12-2025,4
21700,1430,6,31-05-2025,4
21931,6897,6,10-08-2025,4
22287,1872,6,12-04-2025,4
22320,1994,6,06-01-2025,4
22340,743,6,06-03-2025,4
22364,226,6,23-09-2025,4
22375,3674,6,22-01-2025,4
22715,692,6,26-06-2025,4
22869,2114,6,02-11-2025,4
23090,4767,6,06-11-2025,4
23296,922,6,22-11-2025,4
23501,1219,6,23-12-2025,4
23569,6543,6,06-11-2025,4
23619,50,6,27-08-2025,4
23834,3666,6,14-10-2025,4
23917,4526,6,02-07-2025,4
24095,3517,6,16-08-2025,4
24147,4765,6,04-07-2025,4
24207,3363,6,29-10-2025,4
24449,6810,6,23-05-2025,4
24571,1216,6,15-06-2025,4
24674,6874,6,06-12-2025,4
24921,2193,6,10-11-2025,4
25005,2502,6,26-09-2025,4
25044,7037,6,13-01-2025,4
25095,410,6,01-01-2026,4
25253,4763,6,31-05-2025,4
25321,3597,6,17-06-2025,4
25496,7101,6,26-08-2025,4
25524,3433,6,22-09-2025,4
25642,6609,6,02-04-2025,4
25706,3916,6,20-07-2025,4
25796,1195,6,24-04-2025,4
25981,6779,6,23-01-2025,4
26095,6480,6,16-05-2025,4
26114,6052,6,03-10-2025,4
26130,700,6,01-03-2025,4
26241,3010,6,18-01-2026,4
26478,5256,6,14-03-2025,4
26593,5854,6,11-11-2025,4
26684,2919,6,27-06-2025,4
26977,2683,6,05-09-2025,4
27322,6995,6,02-10-2025,4
116,6698,19,14-05-2025,3
424,4396,19,10-07-2025,3
501,6292,19,08-03-2025,3
829,6001,19,14-08-2025,3
925,4233,19,05-10-2025,3
1048,2684,19,05-12-2025,3
1060,1107,19,26-02-2025,3
1264,5095,19,31-05-2025,3
1417,5129,19,06-06-2025,3
1463,4781,19,23-04-2025,3
1536,7453,19,29-03-2025,3
1538,317,19,21-06-2025,3
1563,6527,19,09-10-2025,3
1729,2558,19,11-09-2025,3
1967,6445,19,13-12-2025,3
1992,6805,19,04-12-2025,3
2459,7820,19,30-05-2025,3
2524,6183,19,10-09-2025,3
2587,5377,19,04-08-2025,3
2646,7197,19,16-07-2025,3
2769,1130,19,12-03-2025,3
2896,1650,19,30-01-2025,3
3065,4822,19,16-08-2025,3
3075,4074,19,31-08-2025,3
3174,875,19,27-01-2025,3
3191,5489,19,15-04-2025,3
3439,2430,19,13-01-2026,3
3460,3843,19,18-03-2025,3
3486,7607,19,18-01-2025,3
3532,2586,19,02-12-2025,3
3550,5316,19,18-10-2025,3
3847,6561,19,26-07-2025,3
3906,5729,19,16-02-2025,3
3970,5664,19,11-09-2025,3
4180,685,19,23-11-2025,3
4282,5745,19,17-04-2025,3
4471,2952,19,29-03-2025,3
4539,785,19,29-11-2025,3
4591,935,19,30-07-2025,3
4641,880,19,28-02-2025,3
4753,6172,19,14-01-2025,3
4769,4198,19,25-04-2025,3
4909,6730,19,17-01-2025,3
5057,4796,19,08-01-2025,3
5136,5487,19,03-06-2025,3
5199,961,19,23-06-2025,3
5209,7982,19,26-06-2025,3
5321,4186,19,05-02-2025,3
5349,5945,19,30-06-2025,3
5366,4369,19,26-09-2025,3
5426,2819,19,11-01-2026,3
5557,2405,19,08-01-2026,3
5681,5206,19,24-05-2025,3
5737,6495,19,06-05-2025,3
5796,2422,19,06-03-2025,3
6035,3230,19,09-06-2025,3
6215,5976,19,09-06-2025,3
6260,7278,19,12-06-2025,3
6324,352,19,29-08-2025,3
6620,7596,19,17-07-2025,3
6633,3501,19,25-07-2025,3
6731,3823,19,12-05-2025,3
6814,1662,19,19-01-2025,3
6842,598,19,15-05-2025,3
7012,5245,19,09-07-2025,3
7158,3684,19,09-04-2025,3
7170,5114,19,11-05-2025,3
7188,6506,19,06-08-2025,3
7666,5593,19,09-09-2025,3
7939,790,19,02-10-2025,3
7949,7580,19,12-01-2026,3
8258,6723,19,07-08-2025,3
8310,427,19,25-03-2025,3
8318,4515,19,08-01-2026,3
8401,7629,19,22-12-2025,3
8410,2517,19,04-08-2025,3
8464,1701,19,20-12-2025,3
8702,5529,19,24-07-2025,3
8720,3915,19,24-03-2025,3
8792,6139,19,04-01-2025,3
8944,911,19,17-01-2025,3
8981,7057,19,16-11-2025,3
9048,5869,19,28-03-2025,3
9243,1481,19,30-12-2025,3
9400,2547,19,15-01-2025,3
9690,7995,19,02-04-2025,3
9827,2145,19,04-01-2026,3
9857,7252,19,10-07-2025,3
9936,783,19,28-12-2025,3
10016,1331,19,18-03-2025,3
10159,6533,19,03-05-2025,3
10229,1806,19,12-12-2025,3
10398,6398,19,28-09-2025,3
10809,7055,19,01-12-2025,3
10904,3311,19,15-07-2025,3
11353,2579,19,09-09-2025,3
11356,4981,19,05-07-2025,3
11367,44,19,16-08-2025,3
11579,5606,19,03-07-2025,3
11685,4324,19,24-10-2025,3
11726,4515,19,22-12-2025,3
11912,5900,19,20-10-2025,3
11924,3573,19,06-02-2025,3
12393,7921,19,13-12-2025,3
12554,1546,19,03-04-2025,3
12623,4380,19,19-08-2025,3
12624,2413,19,09-03-2025,3
12719,252,19,06-04-2025,3
12881,334,19,22-12-2025,3
12886,5867,19,25-04-2025,3
12906,6733,19,19-11-2025,3
13752,5227,19,29-05-2025,3
13861,4486,19,04-08-2025,3
13979,2379,19,25-12-2025,3
14270,4955,19,16-03-2025,3
14461,2037,19,12-04-2025,3
14480,6619,19,25-01-2025,3
14482,838,19,10-04-2025,3
14497,2879,19,01-05-2025,3
14793,3607,19,06-06-2025,3
14945,619,19,13-06-2025,3
15135,1932,19,29-05-2025,3
15205,7731,19,02-10-2025,3
15368,905,19,09-12-2025,3
15471,286,19,24-12-2025,3
15577,4878,19,03-09-2025,3
15582,403,19,03-08-2025,3
15616,486,19,01-05-2025,3
15618,641,19,03-11-2025,3
15782,1228,19,23-05-2025,3
15828,553,19,14-03-2025,3
15933,3602,19,13-09-2025,3
15968,1711,19,04-04-2025,3
16182,2548,19,06-04-2025,3
16583,3260,19,04-07-2025,3
16639,3100,19,05-01-2026,3
16657,2259,19,03-03-2025,3
16759,7466,19,19-10-2025,3
16791,2159,19,30-09-2025,3
16834,254,19,17-03-2025,3
16835,1245,19,05-09-2025,3
16915,2701,19,17-07-2025,3
17173,1882,19,15-06-2025,3
17622,5879,19,26-12-2025,3
17687,7366,19,27-01-2025,3
18279,3701,19,11-03-2025,3
18531,7345,19,04-05-2025,3
18687,4187,19,25-12-2025,3
19033,6308,19,25-10-2025,3
19137,958,19,26-01-2025,3
19385,2520,19,08-04-2025,3
19388,3830,19,26-06-2025,3
19578,6902,19,29-01-2025,3
19652,4988,19,05-01-2026,3
20181,2029,19,31-05-2025,3
20271,5456,19,18-01-2025,3
20275,1235,19,17-09-2025,3
20318,1954,19,23-02-2025,3
20666,747,19,16-01-2026,3
20675,3765,19,29-01-2025,3
20729,1691,19,04-12-2025,3
20739,3478,19,14-05-2025,3
20827,3779,19,13-08-2025,3
20849,3265,19,27-09-2025,3
21102,1651,19,05-08-2025,3
21147,7848,19,03-05-2025,3
21221,1641,19,10-07-2025,3
21245,2323,19,28-06-2025,3
21317,6961,19,14-03-2025,3
21545,1061,19,10-12-2025,3
21756,4519,19,28-11-2025,3
22036,5151,19,26-02-2025,3
22136,1924,19,27-03-2025,3
22510,4604,19,02-11-2025,3
22646,4007,19,30-03-2025,3
22824,4706,19,23-09-2025,3
22949,7386,19,25-04-2025,3
23588,5058,19,09-09-2025,3
23636,7140,19,27-09-2025,3
23818,2180,19,11-03-2025,3
23896,2633,19,09-01-2025,3
23994,187,19,13-01-2026,3
24043,6236,19,09-10-2025,3
24079,6405,19,01-01-2026,3
24176,6828,19,13-07-2025,3
24504,7280,19,12-01-2025,3
24821,4027,19,17-01-2025,3
24831,6761,19,27-10-2025,3
24910,4091,19,13-04-2025,3
24964,1165,19,11-07-2025,3
25224,7593,19,30-03-2025,3
25680,1675,19,06-10-2025,3
25971,6191,19,23-02-2025,3
26040,1675,19,30-03-2025,3
26176,2798,19,05-08-2025,3
26211,6237,19,13-01-2025,3
26253,5674,19,15-05-2025,3
26337,2106,19,12-02-2025,3
26434,5420,19,09-03-2025,3
26560,5707,19,27-08-2025,3
26670,5263,19,28-04-2025,3
26834,2553,19,18-11-2025,3
26945,3960,19,19-11-2025,3
27023,729,19,16-07-2025,3
27187,2497,19,16-11-2025,3
27452,5601,19,21-03-2025,3
27844,7707,19,20-12-2025,3
10,6575,7,27-01-2025,3
23,2546,7,15-03-2025,3
61,2596,7,30-07-2025,3
203,2284,7,04-04-2025,3
920,5510,7,10-07-2025,3
948,7017,7,08-09-2025,3
1160,7988,7,30-06-2025,3
1198,6865,7,06-12-2025,3
1235,2154,7,18-09-2025,3
1318,2141,7,19-01-2025,3
1475,4374,7,15-11-2025,3
1500,2976,7,19-01-2025,3
1574,3901,7,25-08-2025,3
1608,3288,7,09-06-2025,3
1710,4863,7,09-02-2025,3
2068,7937,7,28-09-2025,3
2212,5988,7,17-11-2025,3
2213,2657,7,03-10-2025,3
2243,308,7,15-04-2025,3
2830,6117,7,06-01-2026,3
2835,5196,7,02-08-2025,3
2965,5036,7,24-06-2025,3
2970,7252,7,03-12-2025,3
3084,3869,7,01-08-2025,3
3365,6124,7,27-05-2025,3
3578,3912,7,26-04-2025,3
3729,4512,7,01-12-2025,3
3828,3855,7,09-01-2025,3
3897,4817,7,19-02-2025,3
3921,2313,7,16-01-2026,3
4222,5004,7,22-12-2025,3
4286,7816,7,20-02-2025,3
4393,3870,7,06-02-2025,3
4541,7398,7,17-07-2025,3
5029,5889,7,07-02-2025,3
5060,7834,7,12-04-2025,3
5168,7489,7,19-11-2025,3
5252,644,7,16-05-2025,3
5393,7287,7,13-04-2025,3
5505,7336,7,04-05-2025,3
5697,4494,7,17-10-2025,3
5741,6527,7,02-05-2025,3
5780,709,7,23-05-2025,3
6296,4965,7,15-11-2025,3
6382,7317,7,02-01-2025,3
6517,3155,7,30-04-2025,3
6630,5608,7,30-03-2025,3
6785,3539,7,08-03-2025,3
6869,4797,7,28-08-2025,3
6978,6065,7,14-09-2025,3
6985,6161,7,21-10-2025,3
7090,6765,7,18-08-2025,3
7352,1709,7,11-01-2026,3
7431,5047,7,10-11-2025,3
7541,5621,7,22-12-2025,3
7720,1302,7,05-06-2025,3
7728,1967,7,22-10-2025,3
7816,6952,7,05-04-2025,3
7863,7238,7,26-01-2025,3
8075,4555,7,01-08-2025,3
8230,377,7,04-01-2026,3
8336,908,7,29-06-2025,3
8579,5478,7,26-01-2025,3
8678,6442,7,14-02-2025,3
9045,7973,7,26-12-2025,3
9077,3311,7,17-07-2025,3
9444,695,7,16-01-2025,3
9575,5864,7,26-06-2025,3
9604,6075,7,30-11-2025,3
9658,5473,7,21-04-2025,3
9895,1297,7,16-01-2025,3
9907,2662,7,04-09-2025,3
10085,6962,7,17-01-2025,3
10484,3122,7,25-06-2025,3
10535,2024,7,29-06-2025,3
10605,3295,7,20-09-2025,3
10672,1545,7,03-05-2025,3
10994,3302,7,08-06-2025,3
11093,6503,7,01-10-2025,3
11110,5461,7,17-09-2025,3
11246,7839,7,14-01-2026,3
11428,3172,7,19-11-2025,3
11512,7046,7,04-06-2025,3
11595,6180,7,21-09-2025,3
11619,182,7,28-10-2025,3
11646,2655,7,27-03-2025,3
11664,3219,7,01-09-2025,3
11796,1100,7,20-06-2025,3
12529,1875,7,02-10-2025,3
12540,6294,7,24-03-2025,3
12600,6220,7,02-02-2025,3
12626,7916,7,07-01-2026,3
12641,1175,7,20-04-2025,3
12756,1182,7,03-12-2025,3
13320,710,7,10-02-2025,3
13328,4539,7,11-02-2025,3
13349,7424,7,11-01-2026,3
13378,4164,7,16-01-2026,3
13622,4211,7,24-04-2025,3
13687,2339,7,10-09-2025,3
13771,7353,7,26-12-2025,3
13839,2,7,21-11-2025,3
14042,7901,7,11-02-2025,3
14067,3228,7,09-01-2025,3
14128,5345,7,09-04-2025,3
14155,1332,7,23-02-2025,3
14210,98,7,19-12-2025,3
14342,584,7,18-10-2025,3
14414,5614,7,13-04-2025,3
14420,131,7,02-03-2025,3
14488,5809,7,24-12-2025,3
14578,2731,7,10-09-2025,3
14896,6728,7,08-09-2025,3
14993,441,7,02-01-2025,3
15000,2156,7,26-01-2025,3
15069,1591,7,12-02-2025,3
15423,1512,7,08-12-2025,3
15452,2268,7,02-08-2025,3
15836,1188,7,12-03-2025,3
15912,657,7,10-10-2025,3
16079,115,7,13-07-2025,3
16087,7238,7,09-05-2025,3
16317,4032,7,11-03-2025,3
16404,7590,7,07-03-2025,3
16444,7121,7,08-01-2025,3
16455,6834,7,23-08-2025,3
16550,4917,7,09-03-2025,3
16570,7617,7,07-12-2025,3
17115,7196,7,18-10-2025,3
17128,4520,7,05-12-2025,3
17452,7811,7,05-04-2025,3
17459,6225,7,04-03-2025,3
17536,3282,7,19-07-2025,3
17762,4622,7,12-07-2025,3
18067,4624,7,02-12-2025,3
18149,5652,7,29-09-2025,3
18258,5092,7,21-11-2025,3
18386,3418,7,08-02-2025,3
18397,5109,7,24-07-2025,3
18954,4870,7,16-01-2026,3
19437,3832,7,10-01-2026,3
19489,5183,7,17-11-2025,3
19499,4118,7,22-03-2025,3
19829,3410,7,23-04-2025,3
19906,5146,7,09-05-2025,3
20028,2487,7,27-08-2025,3
20035,7365,7,29-07-2025,3
20396,2660,7,02-05-2025,3
20480,3237,7,14-06-2025,3
20831,4597,7,26-11-2025,3
21203,2418,7,20-05-2025,3
21285,3451,7,21-12-2025,3
21371,5754,7,14-07-2025,3
21536,1258,7,29-04-2025,3
21589,3005,7,16-10-2025,3
21826,202,7,04-04-2025,3
22012,5168,7,03-01-2026,3
22071,2053,7,03-05-2025,3
22143,63,7,06-12-2025,3
22240,2058,7,05-08-2025,3
22243,7524,7,19-05-2025,3
22647,1113,7,14-09-2025,3
22686,4785,7,22-11-2025,3
22804,1649,7,09-03-2025,3
22865,893,7,07-03-2025,3
22892,6828,7,07-05-2025,3
23036,1499,7,03-01-2026,3
23129,7471,7,29-11-2025,3
23265,7474,7,25-03-2025,3
23311,409,7,26-10-2025,3
23324,6959,7,17-07-2025,3
23474,5608,7,21-10-2025,3
23507,7465,7,05-02-2025,3
23652,4229,7,09-01-2026,3
23966,4468,7,06-12-2025,3
24034,278,7,13-09-2025,3
24213,5052,7,13-08-2025,3
24339,6761,7,22-10-2025,3
24413,7129,7,19-08-2025,3
24470,1102,7,05-08-2025,3
24487,2669,7,10-02-2025,3
24542,1630,7,23-02-2025,3
24616,2886,7,10-04-2025,3
24625,5033,7,24-10-2025,3
24686,4079,7,01-02-2025,3
24710,6208,7,13-01-2026,3
24893,2118,7,26-11-2025,3
25200,4601,7,07-05-2025,3
25305,1987,7,26-11-2025,3
25361,6975,7,01-03-2025,3
25456,824,7,24-12-2025,3
25478,3119,7,18-05-2025,3
25509,4269,7,24-04-2025,3
25812,3453,7,06-05-2025,3
25932,3243,7,24-10-2025,3
25953,3778,7,22-04-2025,3
25988,7556,7,09-01-2026,3
26184,5365,7,04-12-2025,3
26205,7950,7,08-06-2025,3
26233,848,7,08-08-2025,3
26245,2262,7,31-08-2025,3
26256,2490,7,08-11-2025,3
26287,3864,7,16-01-2025,3
26305,2293,7,02-01-2026,3
26493,2907,7,15-03-2025,3
26545,4801,7,04-01-2025,3
26626,833,7,21-08-2025,3
26663,3069,7,18-10-2025,3
26963,5991,7,23-01-2025,3
27274,2442,7,17-09-2025,3
27384,662,7,26-02-2025,3
27536,5374,7,01-08-2025,3
27542,6894,7,03-08-2025,3
27856,4138,7,21-08-2025,3
131,3906,6,26-01-2025,3
221,5996,6,26-12-2025,3
238,7748,6,24-06-2025,3
303,5289,6,09-05-2025,3
550,1801,6,08-06-2025,3
604,5192,6,16-10-2025,3
865,5618,6,31-01-2025,3
1227,1597,6,29-06-2025,3
1307,3330,6,27-01-2025,3
1474,5634,6,09-06-2025,3
1542,7850,6,07-05-2025,3
1557,2142,6,04-01-2025,3
1760,2532,6,02-08-2025,3
1936,4518,6,01-07-2025,3
2017,2397,6,25-11-2025,3
2118,1983,6,28-09-2025,3
2341,6778,6,12-02-2025,3
2344,1936,6,07-03-2025,3
2399,5365,6,08-10-2025,3
2405,7242,6,03-07-2025,3
2471,3286,6,28-03-2025,3
2481,3699,6,24-10-2025,3
2803,3051,6,22-06-2025,3
2967,2037,6,20-01-2025,3
3059,4664,6,04-05-2025,3
3121,2307,6,04-09-2025,3
3398,315,6,01-02-2025,3
3523,1615,6,14-08-2025,3
3649,6532,6,10-12-2025,3
3687,1048,6,01-03-2025,3
3787,340,6,28-06-2025,3
3948,6259,6,25-08-2025,3
4470,1180,6,07-11-2025,3
4892,1218,6,28-11-2025,3
4936,3093,6,20-07-2025,3
5025,7331,6,22-11-2025,3
5082,4551,6,05-03-2025,3
5085,2647,6,28-10-2025,3
5091,6960,6,17-10-2025,3
5107,1146,6,02-02-2025,3
5257,4988,6,01-01-2026,3
5315,1458,6,22-11-2025,3
5380,1031,6,16-05-2025,3
5509,1264,6,31-07-2025,3
5678,7568,6,17-08-2025,3
5912,562,6,27-05-2025,3
6012,4008,6,13-03-2025,3
6313,6213,6,29-09-2025,3
6318,2244,6,01-05-2025,3
6465,7969,6,20-05-2025,3
6588,1914,6,27-04-2025,3
6632,5605,6,14-05-2025,3
6639,5029,6,16-06-2025,3
6728,3027,6,01-07-2025,3
7303,2888,6,05-09-2025,3
7346,902,6,19-06-2025,3
7449,4598,6,03-11-2025,3
7627,7371,6,23-08-2025,3
7734,3173,6,01-12-2025,3
7736,5484,6,19-03-2025,3
7804,1254,6,13-02-2025,3
7824,5176,6,08-07-2025,3
7826,6549,6,02-05-2025,3
7870,7878,6,24-06-2025,3
7925,3449,6,23-09-2025,3
8054,3220,6,02-09-2025,3
8118,3731,6,05-01-2026,3
8215,591,6,08-01-2025,3
8329,4495,6,05-09-2025,3
8494,2553,6,14-03-2025,3
8594,3951,6,13-04-2025,3
8825,6735,6,02-01-2025,3
8875,4425,6,26-01-2025,3
8881,7973,6,24-04-2025,3
8977,4405,6,25-11-2025,3
8978,7598,6,30-11-2025,3
9113,2506,6,16-09-2025,3
9295,309,6,27-04-2025,3
9412,2778,6,24-10-2025,3
9603,1150,6,28-12-2025,3
9666,2749,6,07-06-2025,3
9927,1089,6,10-07-2025,3
10255,3933,6,28-01-2025,3
10256,6436,6,26-02-2025,3
10301,1860,6,06-10-2025,3
10408,507,6,21-02-2025,3
10644,47,6,07-01-2026,3
10790,1133,6,22-05-2025,3
10883,6616,6,09-01-2026,3
10945,6781,6,12-04-2025,3
11056,6203,6,02-05-2025,3
11271,4948,6,19-12-2025,3
11813,5659,6,05-04-2025,3
11889,7637,6,27-09-2025,3
11901,7775,6,12-11-2025,3
11931,3155,6,21-05-2025,3
12202,3626,6,24-10-2025,3
12264,2602,6,10-10-2025,3
12314,2876,6,05-05-2025,3
12332,2729,6,26-09-2025,3
12595,3913,6,09-09-2025,3
12828,2210,6,26-01-2025,3
12844,4900,6,27-06-2025,3
13440,1998,6,16-10-2025,3
13604,7426,6,29-12-2025,3
13813,5271,6,12-10-2025,3
13904,6455,6,11-10-2025,3
14001,2179,6,07-11-2025,3
14036,6596,6,11-08-2025,3
14266,2264,6,25-04-2025,3
14328,3159,6,18-01-2026,3
14359,4972,6,11-02-2025,3
14643,2959,6,25-09-2025,3
14708,7800,6,06-01-2026,3
14846,6853,6,14-07-2025,3
14872,7758,6,18-04-2025,3
14895,1783,6,10-08-2025,3
14979,5050,6,15-06-2025,3
14981,3050,6,14-03-2025,3
15376,7841,6,14-10-2025,3
15758,6107,6,08-07-2025,3
15779,5938,6,06-06-2025,3
15919,4734,6,07-10-2025,3
15981,2142,6,09-05-2025,3
16189,7093,6,30-04-2025,3
16248,1854,6,29-11-2025,3
16301,1613,6,14-12-2025,3
16333,394,6,31-03-2025,3
16482,1251,6,29-07-2025,3
16562,2655,6,22-12-2025,3
16602,2485,6,05-01-2025,3
16606,2672,6,23-03-2025,3
16731,6122,6,09-11-2025,3
16969,3964,6,21-05-2025,3
17418,2457,6,04-06-2025,3
17651,7131,6,30-06-2025,3
17654,7758,6,10-08-2025,3
17666,3502,6,01-10-2025,3
17715,6687,6,26-10-2025,3
17755,935,6,01-11-2025,3
17849,6228,6,03-05-2025,3
17998,4226,6,16-08-2025,3
18006,714,6,10-11-2025,3
18150,5186,6,28-07-2025,3
18471,624,6,09-12-2025,3
18501,350,6,16-01-2025,3
18550,6064,6,11-03-2025,3
18773,1620,6,02-01-2026,3
19048,4627,6,25-02-2025,3
19126,6662,6,15-01-2025,3
19169,2971,6,28-02-2025,3
19500,2837,6,29-07-2025,3
19519,4638,6,01-02-2025,3
19882,7683,6,06-10-2025,3
19933,6598,6,13-05-2025,3
20021,4957,6,21-10-2025,3
20125,5846,6,13-04-2025,3
20127,5525,6,17-08-2025,3
20199,4721,6,20-12-2025,3
20222,7262,6,28-01-2025,3
20230,6338,6,20-11-2025,3
20301,5972,6,09-02-2025,3
20474,7827,6,03-04-2025,3
20711,3652,6,05-01-2026,3
20877,2924,6,16-02-2025,3
21154,4758,6,16-03-2025,3
21341,6351,6,27-04-2025,3
21602,3821,6,18-12-2025,3
21681,2366,6,02-02-2025,3
21766,2768,6,09-09-2025,3
21877,5100,6,04-06-2025,3
22105,5652,6,17-08-2025,3
22234,4402,6,20-12-2025,3
22381,2207,6,05-05-2025,3
22412,7622,6,30-05-2025,3
22538,3989,6,09-07-2025,3
22728,921,6,10-03-2025,3
23151,7424,6,18-01-2025,3
23166,6734,6,05-10-2025,3
23251,5783,6,22-01-2025,3
23289,5521,6,28-01-2025,3
23594,2995,6,10-05-2025,3
23829,3907,6,08-09-2025,3
23976,57,6,08-09-2025,3
24268,7226,6,03-02-2025,3
24343,7312,6,11-07-2025,3
24444,5587,6,09-11-2025,3
24554,5266,6,20-01-2025,3
24713,2388,6,08-11-2025,3
24717,7000,6,24-09-2025,3
24751,620,6,30-10-2025,3
24781,4173,6,25-12-2025,3
24887,3144,6,03-08-2025,3
24912,5133,6,21-09-2025,3
25028,2008,6,15-02-2025,3
25176,6072,6,21-07-2025,3
25357,4114,6,01-01-2025,3
25393,3148,6,22-09-2025,3
25576,674,6,27-05-2025,3
25781,2650,6,22-01-2025,3
25824,1390,6,18-07-2025,3
25946,475,6,12-07-2025,3
25997,4290,6,20-08-2025,3
26178,1408,6,24-09-2025,3
26340,2564,6,20-11-2025,3
26561,6843,6,19-12-2025,3
26591,7767,6,16-02-2025,3
26765,5129,6,24-05-2025,3
26831,5260,6,29-04-2025,3
26890,1291,6,19-05-2025,3
26908,6580,6,12-07-2025,3
27013,708,6,25-10-2025,3
27390,5579,6,12-12-2025,3
27393,6963,6,20-01-2025,3
27574,56,6,08-05-2025,3
27663,3134,6,02-01-2025,3
27775,3357,6,09-01-2025,3
27961,5680,6,25-05-2025,3
27994,2532,6,13-03-2025,3
273,4937,9,22-10-2025,3
534,2120,9,29-05-2025,3
668,3081,9,25-10-2025,3
669,1435,9,21-09-2025,3
797,3385,9,16-07-2025,3
858,6072,9,09-06-2025,3
981,5836,9,29-03-2025,3
1179,7077,9,02-05-2025,3
1272,2410,9,22-12-2025,3
1388,3474,9,24-04-2025,3
1587,6077,9,15-01-2025,3
1628,5587,9,21-06-2025,3
1735,4017,9,28-05-2025,3
1901,964,9,08-04-2025,3
1944,3791,9,25-02-2025,3
1945,427,9,01-12-2025,3
1999,5770,9,22-12-2025,3
2028,7209,9,31-10-2025,3
2064,1325,9,21-11-2025,3
2567,1627,9,05-07-2025,3
2588,7701,9,29-11-2025,3
2607,981,9,03-10-2025,3
2651,1020,9,24-05-2025,3
2718,1294,9,26-05-2025,3
2954,7718,9,09-02-2025,3
3048,5487,9,03-11-2025,3
3242,5103,9,08-01-2025,3
3258,5409,9,06-04-2025,3
3345,5667,9,10-01-2026,3
3496,2041,9,10-09-2025,3
3508,3371,9,15-03-2025,3
3515,6518,9,21-11-2025,3
3533,2526,9,16-01-2025,3
3643,5368,9,21-01-2025,3
3661,6256,9,20-04-2025,3
3891,6910,9,21-11-2025,3
4041,5821,9,19-12-2025,3
4504,6123,9,10-09-2025,3
4794,6807,9,03-12-2025,3
4826,1578,9,19-10-2025,3
5046,4870,9,12-03-2025,3
5362,4236,9,20-03-2025,3
5367,4695,9,21-08-2025,3
5446,569,9,19-11-2025,3
5459,4681,9,10-01-2025,3
5773,3971,9,18-09-2025,3
5813,667,9,25-09-2025,3
6014,3624,9,11-02-2025,3
6152,6464,9,11-10-2025,3
6210,7297,9,05-08-2025,3
6247,3637,9,03-01-2026,3
6424,2327,9,19-07-2025,3
6752,1357,9,12-10-2025,3
6862,2990,9,14-03-2025,3
6970,136,9,26-05-2025,3
6996,7105,9,02-01-2025,3
7044,6224,9,08-01-2025,3
7189,4890,9,12-04-2025,3
7321,2537,9,27-01-2025,3
7368,2252,9,03-04-2025,3
7402,5609,9,22-02-2025,3
7411,1815,9,08-11-2025,3
7419,5618,9,11-04-2025,3
7839,1661,9,15-11-2025,3
7889,1752,9,07-04-2025,3
8124,6747,9,17-08-2025,3
8299,2896,9,18-12-2025,3
8337,5835,9,15-07-2025,3
8505,3057,9,18-08-2025,3
8643,7685,9,17-08-2025,3
8663,7267,9,11-06-2025,3
8826,6555,9,17-05-2025,3
8936,6186,9,21-09-2025,3
9006,6857,9,25-06-2025,3
9034,697,9,15-09-2025,3
9088,5487,9,31-10-2025,3
9340,582,9,13-01-2026,3
9392,4245,9,28-05-2025,3
9396,5972,9,18-08-2025,3
9581,5140,9,04-09-2025,3
9726,7534,9,25-11-2025,3
9730,133,9,31-07-2025,3
9764,7235,9,22-12-2025,3
9775,2061,9,10-06-2025,3
10309,7444,9,16-05-2025,3
10361,3203,9,21-08-2025,3
10407,1925,9,07-12-2025,3
10448,2656,9,21-10-2025,3
10710,7003,9,14-06-2025,3
10802,3362,9,18-09-2025,3
10819,3055,9,25-01-2025,3
10857,3073,9,22-11-2025,3
11018,6148,9,16-04-2025,3
11293,3902,9,17-06-2025,3
11361,3838,9,10-11-2025,3
11395,2212,9,24-12-2025,3
11413,2631,9,06-11-2025,3
11444,3146,9,07-07-2025,3
11610,7646,9,08-08-2025,3
11658,730,9,27-03-2025,3
11934,6275,9,15-08-2025,3
12125,2496,9,18-12-2025,3
12228,5606,9,11-12-2025,3
12257,7817,9,05-05-2025,3
12301,4329,9,29-08-2025,3
12510,3390,9,06-02-2025,3
12687,3227,9,28-01-2025,3
12830,1432,9,27-12-2025,3
12841,7069,9,18-11-2025,3
12888,518,9,07-06-2025,3
12912,2136,9,13-06-2025,3
13154,165,9,14-01-2026,3
13335,878,9,16-05-2025,3
13572,2165,9,27-08-2025,3
13595,3360,9,24-03-2025,3
13850,965,9,29-12-2025,3
13987,5773,9,08-01-2025,3
14230,5779,9,18-09-2025,3
14286,6191,9,24-05-2025,3
14303,5742,9,08-11-2025,3
14378,705,9,10-04-2025,3
14688,1351,9,24-12-2025,3
15064,4731,9,02-03-2025,3
15310,7892,9,24-07-2025,3
15312,2123,9,22-03-2025,3
15474,2860,9,15-01-2025,3
15484,2177,9,23-04-2025,3
15504,7693,9,13-01-2025,3
15574,2773,9,26-12-2025,3
15730,5712,9,09-04-2025,3
15805,1356,9,28-01-2025,3
15875,5387,9,17-12-2025,3
15899,353,9,11-11-2025,3
15948,6223,9,14-12-2025,3
15958,7460,9,14-11-2025,3
16040,4290,9,06-07-2025,3
16084,1998,9,30-07-2025,3
16504,6315,9,26-07-2025,3
16846,7306,9,29-12-2025,3
16895,3993,9,11-07-2025,3
17011,6694,9,29-11-2025,3
17103,3614,9,20-12-2025,3
17159,5904,9,08-01-2025,3
17324,7816,9,01-11-2025,3
17404,2418,9,10-11-2025,3
17464,3715,9,21-06-2025,3
17987,2958,9,06-10-2025,3
18335,1915,9,03-02-2025,3
18406,6598,9,06-08-2025,3
18589,3110,9,01-02-2025,3
18604,1537,9,21-05-2025,3
18615,6883,9,18-12-2025,3
18862,6361,9,10-07-2025,3
19115,6675,9,03-11-2025,3
19283,204,9,01-08-2025,3
19465,2147,9,02-10-2025,3
19471,2932,9,19-11-2025,3
19481,4379,9,09-03-2025,3
19571,4586,9,04-06-2025,3
19670,5635,9,28-02-2025,3
20189,4911,9,31-03-2025,3
20306,2556,9,05-03-2025,3
20356,599,9,10-09-2025,3
20501,238,9,07-09-2025,3
20622,6714,9,22-05-2025,3
20775,5045,9,01-12-2025,3
20820,1956,9,21-02-2025,3
20999,5493,9,22-03-2025,3
21003,5703,9,11-03-2025,3
21191,649,9,23-11-2025,3
21248,3601,9,30-07-2025,3
21500,922,9,30-04-2025,3
21520,7035,9,11-08-2025,3
21809,394,9,09-12-2025,3
21828,3269,9,17-10-2025,3
22013,4997,9,28-11-2025,3
22079,6374,9,28-10-2025,3
22148,5314,9,02-08-2025,3
22211,7465,9,18-07-2025,3
22229,702,9,24-07-2025,3
22278,6430,9,01-02-2025,3
22417,7148,9,29-07-2025,3
22693,5123,9,21-09-2025,3
22832,5073,9,22-02-2025,3
22971,1714,9,24-05-2025,3
23192,2420,9,11-12-2025,3
23359,7198,9,09-11-2025,3
23420,5597,9,21-05-2025,3
23815,6940,9,13-07-2025,3
24324,3175,9,22-06-2025,3
24446,3953,9,14-07-2025,3
24483,2411,9,03-09-2025,3
24668,5142,9,17-10-2025,3
24981,6696,9,16-01-2026,3
25130,7153,9,18-04-2025,3
25262,2043,9,15-10-2025,3
25545,4976,9,16-01-2026,3
25717,7253,9,22-02-2025,3
25750,6825,9,10-05-2025,3
26119,7622,9,21-04-2025,3
26129,4273,9,29-06-2025,3
26494,3463,9,10-01-2025,3
26500,5951,9,21-09-2025,3
26644,6711,9,31-01-2025,3
26649,1312,9,19-02-2025,3
26699,3272,9,13-07-2025,3
26748,1738,9,28-02-2025,3
26824,1862,9,28-01-2025,3
26825,2738,9,15-05-2025,3
27084,6887,9,25-07-2025,3
27155,7062,9,15-08-2025,3
27160,7469,9,25-02-2025,3
27351,7508,9,05-03-2025,3
27356,3560,9,01-11-2025,3
27407,604,9,14-03-2025,3
27618,3320,9,24-12-2025,3
27734,2408,9,22-05-2025,3
27860,4501,9,07-07-2025,3
27862,5652,9,13-03-2025,3
27912,109,9,30-01-2025,3
27985,5423,9,17-12-2025,3
356,4718,2,04-09-2025,3
402,1425,2,16-02-2025,3
599,7148,2,18-03-2025,3
636,5978,2,19-10-2025,3
638,4008,2,10-01-2026,3
836,819,2,08-10-2025,3
992,6544,2,05-01-2025,3
1014,5822,2,22-04-2025,3
1035,1624,2,12-04-2025,3
1514,3267,2,05-05-2025,3
1639,1103,2,05-03-2025,3
1843,7762,2,02-11-2025,3
1878,7048,2,02-08-2025,3
1943,5024,2,25-04-2025,3
2067,7821,2,01-04-2025,3
2121,38,2,05-06-2025,3
2124,3177,2,21-03-2025,3
2179,881,2,06-10-2025,3
2636,57,2,27-07-2025,3
2664,6884,2,14-04-2025,3
2668,2825,2,13-03-2025,3
2808,1766,2,14-12-2025,3
2818,1692,2,21-06-2025,3
2842,6249,2,17-10-2025,3
3015,1532,2,18-06-2025,3
3055,7919,2,13-01-2026,3
3355,26,2,26-08-2025,3
3618,5454,2,11-02-2025,3
3879,7343,2,26-09-2025,3
4341,648,2,05-01-2025,3
4677,2733,2,30-03-2025,3
4824,4583,2,20-07-2025,3
4948,506,2,12-09-2025,3
5037,422,2,01-07-2025,3
5083,6108,2,04-07-2025,3
5145,2749,2,17-02-2025,3
5341,5776,2,24-04-2025,3
5376,1031,2,12-11-2025,3
5445,1858,2,18-05-2025,3
5658,6125,2,01-11-2025,3
5881,4577,2,21-05-2025,3
6071,2269,2,10-11-2025,3
6640,677,2,21-12-2025,3
6815,1951,2,11-09-2025,3
6835,6687,2,18-09-2025,3
6839,4264,2,28-11-2025,3
6856,2393,2,11-06-2025,3
7111,1245,2,03-03-2025,3
7134,7140,2,04-07-2025,3
7259,7797,2,08-10-2025,3
7272,7192,2,05-03-2025,3
7277,5970,2,25-12-2025,3
7362,7756,2,06-06-2025,3
7412,5672,2,20-06-2025,3
7514,3104,2,13-06-2025,3
7533,7910,2,19-02-2025,3
7597,90,2,14-02-2025,3
7730,4929,2,04-02-2025,3
7771,1494,2,05-10-2025,3
7829,6636,2,13-07-2025,3
8163,2912,2,29-01-2025,3
8171,1607,2,23-12-2025,3
8175,291,2,08-11-2025,3
8470,785,2,08-03-2025,3
8548,809,2,14-12-2025,3
8584,4647,2,29-09-2025,3
8609,2252,2,05-05-2025,3
8835,5914,2,19-03-2025,3
8941,2194,2,09-01-2026,3
8969,1371,2,05-05-2025,3
9111,1561,2,30-01-2025,3
9140,5322,2,27-08-2025,3
9268,4958,2,26-01-2025,3
9318,1774,2,08-03-2025,3
9326,6007,2,30-10-2025,3
9452,5206,2,23-11-2025,3
9566,1534,2,24-11-2025,3
9636,1051,2,21-10-2025,3
9685,1350,2,02-12-2025,3
10110,2035,2,11-02-2025,3
10116,4581,2,06-07-2025,3
10161,2001,2,15-01-2026,3
10276,7883,2,10-02-2025,3
10285,5329,2,17-11-2025,3
10429,5920,2,30-04-2025,3
10439,3174,2,03-09-2025,3
10540,233,2,29-06-2025,3
10635,5590,2,19-12-2025,3
10647,2237,2,15-04-2025,3
10951,5487,2,04-08-2025,3
11137,6984,2,14-07-2025,3
11466,600,2,02-02-2025,3
11500,4087,2,10-01-2025,3
11613,5814,2,29-12-2025,3
11732,6192,2,18-03-2025,3
12057,7996,2,23-06-2025,3
12090,5816,2,27-11-2025,3
12135,3712,2,13-08-2025,3
12223,5188,2,19-02-2025,3
12329,1242,2,01-02-2025,3
12391,6009,2,12-04-2025,3
12403,7388,2,17-02-2025,3
12807,5824,2,10-01-2025,3
12834,3716,2,29-07-2025,3
12897,7467,2,09-08-2025,3
12964,1234,2,03-01-2025,3
13249,7049,2,26-08-2025,3
13475,2341,2,18-03-2025,3
13628,16,2,27-09-2025,3
13725,6944,2,17-11-2025,3
13766,463,2,12-02-2025,3
13919,63,2,26-02-2025,3
13993,2425,2,18-05-2025,3
14018,5808,2,10-02-2025,3
14087,3203,2,13-10-2025,3
14175,6102,2,12-12-2025,3
14206,3414,2,04-04-2025,3
14247,6894,2,05-02-2025,3
14282,7972,2,10-09-2025,3
14594,298,2,26-03-2025,3
14750,5579,2,23-05-2025,3
14805,7811,2,13-10-2025,3
14852,1526,2,07-09-2025,3
14998,4118,2,23-05-2025,3
15137,7706,2,29-12-2025,3
15336,2548,2,05-04-2025,3
15383,8000,2,20-09-2025,3
15502,5700,2,18-02-2025,3
15506,6627,2,15-01-2026,3
15719,6995,2,23-03-2025,3
15725,1001,2,29-06-2025,3
15800,2274,2,25-06-2025,3
15852,5971,2,25-08-2025,3
15942,5268,2,02-01-2026,3
16045,4172,2,05-06-2025,3
16202,7683,2,10-01-2025,3
16255,2858,2,26-10-2025,3
16601,7530,2,25-02-2025,3
16739,884,2,24-05-2025,3
17314,3650,2,03-02-2025,3
17405,1528,2,14-03-2025,3
17431,7167,2,10-03-2025,3
17432,190,2,04-04-2025,3
17583,7939,2,13-01-2025,3
17614,4724,2,23-02-2025,3
17940,812,2,11-08-2025,3
17943,4200,2,21-10-2025,3
18056,2180,2,18-09-2025,3
18297,4596,2,13-12-2025,3
18583,6478,2,16-06-2025,3
18595,509,2,14-01-2025,3
19094,7835,2,03-01-2025,3
19250,4527,2,14-01-2026,3
19261,7043,2,03-07-2025,3
19544,6100,2,05-05-2025,3
19850,3497,2,27-02-2025,3
20357,1542,2,28-07-2025,3
20886,435,2,17-10-2025,3
20915,2331,2,05-02-2025,3
21009,6791,2,08-07-2025,3
21040,2300,2,28-06-2025,3
21327,7414,2,25-11-2025,3
21624,7462,2,09-06-2025,3
22048,3586,2,30-08-2025,3
22162,599,2,30-06-2025,3
22175,3171,2,26-01-2025,3
22225,7441,2,12-11-2025,3
22262,1443,2,27-10-2025,3
22277,4377,2,11-01-2026,3
22591,1809,2,20-12-2025,3
22660,3326,2,10-09-2025,3
22800,7460,2,10-09-2025,3
22844,6861,2,21-11-2025,3
22898,1303,2,23-04-2025,3
22906,1598,2,19-05-2025,3
22937,2320,2,26-07-2025,3
23178,3914,2,27-12-2025,3
23208,1472,2,15-10-2025,3
23302,2165,2,01-04-2025,3
23511,725,2,21-10-2025,3
23565,6488,2,24-11-2025,3
23615,1895,2,19-10-2025,3
23659,6835,2,08-06-2025,3
23800,6847,2,17-12-2025,3
23831,4628,2,18-03-2025,3
23886,6305,2,30-09-2025,3
24069,5,2,22-09-2025,3
24128,6223,2,29-12-2025,3
24327,7219,2,26-04-2025,3
24499,2785,2,18-01-2025,3
24835,59,2,14-03-2025,3
24848,839,2,04-09-2025,3
24854,5101,2,12-10-2025,3
24877,1568,2,16-01-2026,3
24888,262,2,19-09-2025,3
25054,5933,2,22-07-2025,3
25161,1506,2,23-08-2025,3
25340,4952,2,03-12-2025,3
25453,2445,2,01-08-2025,3
25529,6243,2,16-08-2025,3
25555,5264,2,18-09-2025,3
25683,1527,2,19-04-2025,3
25913,5500,2,06-12-2025,3
26069,2037,2,12-06-2025,3
26260,2025,2,19-07-2025,3
26307,3358,2,22-11-2025,3
26428,6945,2,31-12-2025,3
26621,3864,2,11-01-2025,3
26653,7570,2,03-04-2025,3
26786,7442,2,11-03-2025,3
26901,3259,2,05-12-2025,3
27131,4109,2,08-03-2025,3
27638,4882,2,12-08-2025,3
27662,5060,2,30-12-2025,3
27713,6954,2,02-07-2025,3
27773,3749,2,21-08-2025,3
27831,3071,2,15-07-2025,3
27837,3233,2,21-06-2025,3
27864,1754,2,14-12-2025,3
27951,2138,2,26-11-2025,3
27969,2139,2,06-02-2025,3
8,6562,5,31-05-2025,3
167,7849,5,13-01-2026,3
213,2085,5,20-03-2025,3
373,5544,5,22-03-2025,3
417,6743,5,06-05-2025,3
779,2563,5,17-03-2025,3
973,6500,5,06-10-2025,3
991,6875,5,08-04-2025,3
1050,4218,5,04-09-2025,3
1155,4091,5,14-02-2025,3
1191,401,5,23-11-2025,3
1336,7653,5,22-05-2025,3
1407,6402,5,24-09-2025,3
1750,6878,5,01-08-2025,3
2120,7755,5,01-09-2025,3
2247,6196,5,05-03-2025,3
2256,3561,5,01-10-2025,3
2295,2361,5,03-02-2025,3
2376,2932,5,01-03-2025,3
2406,2475,5,10-11-2025,3
2666,2927,5,17-03-2025,3
2789,6487,5,11-09-2025,3
2861,4294,5,01-07-2025,3
2940,3560,5,16-05-2025,3
3308,6612,5,29-05-2025,3
3335,2452,5,09-01-2025,3
3617,4338,5,27-12-2025,3
3724,4019,5,24-03-2025,3
3881,443,5,03-01-2025,3
3899,1699,5,05-06-2025,3
4205,2166,5,09-12-2025,3
4295,4819,5,15-09-2025,3
4435,3897,5,19-04-2025,3
4633,2664,5,16-02-2025,3
4637,2644,5,06-06-2025,3
4710,6366,5,02-05-2025,3
4778,6923,5,06-02-2025,3
4818,1215,5,10-02-2025,3
4837,5255,5,19-07-2025,3
4969,6865,5,06-08-2025,3
4982,131,5,11-07-2025,3
5496,7157,5,22-04-2025,3
5582,6749,5,27-10-2025,3
5617,5873,5,07-07-2025,3
5623,7922,5,28-10-2025,3
5777,6710,5,24-01-2025,3
5893,6673,5,04-07-2025,3
6049,7099,5,24-02-2025,3
6182,7969,5,30-03-2025,3
6191,3083,5,23-05-2025,3
6352,436,5,29-03-2025,3
6354,4169,5,12-12-2025,3
6384,6621,5,15-12-2025,3
6486,6263,5,03-05-2025,3
6675,4083,5,23-04-2025,3
6774,3304,5,18-06-2025,3
6909,686,5,04-04-2025,3
7297,3241,5,22-07-2025,3
7453,471,5,07-12-2025,3
7510,2247,5,20-10-2025,3
7623,1856,5,11-08-2025,3
7653,579,5,03-03-2025,3
7702,5202,5,29-06-2025,3
7800,1125,5,09-02-2025,3
8139,4001,5,27-11-2025,3
8296,1039,5,07-11-2025,3
8340,7125,5,09-01-2025,3
8463,7931,5,24-09-2025,3
8554,1412,5,03-01-2025,3
8666,2278,5,11-11-2025,3
9021,7506,5,13-01-2026,3
9322,1655,5,22-04-2025,3
9331,3020,5,07-01-2025,3
9424,1883,5,17-01-2026,3
9493,1521,5,27-08-2025,3
9542,6494,5,08-08-2025,3
9703,5847,5,15-10-2025,3
10069,5620,5,16-08-2025,3
10086,6100,5,29-07-2025,3
10325,2295,5,30-09-2025,3
10991,847,5,07-07-2025,3
11014,6485,5,06-02-2025,3
11049,3224,5,09-01-2026,3
11054,6591,5,16-07-2025,3
11064,5428,5,11-01-2026,3
11587,972,5,10-03-2025,3
11637,5882,5,21-05-2025,3
11824,1827,5,05-10-2025,3
11921,3632,5,22-06-2025,3
12123,7670,5,11-08-2025,3
12280,1165,5,03-01-2025,3
12545,2074,5,09-06-2025,3
12615,1554,5,05-09-2025,3
12642,185,5,22-06-2025,3
12791,5703,5,15-05-2025,3
12832,3984,5,13-05-2025,3
13190,7011,5,09-11-2025,3
13394,999,5,31-01-2025,3
13400,28,5,29-09-2025,3
13485,6117,5,31-01-2025,3
13574,4238,5,11-07-2025,3
13679,2059,5,02-03-2025,3
13735,5852,5,25-05-2025,3
13795,2978,5,18-07-2025,3
13802,3581,5,09-01-2026,3
13865,5321,5,02-05-2025,3
13926,3208,5,02-09-2025,3
13967,4771,5,12-02-2025,3
14021,6402,5,10-11-2025,3
14213,679,5,18-07-2025,3
14263,5947,5,06-11-2025,3
14559,1834,5,30-05-2025,3
14722,5571,5,26-04-2025,3
14855,884,5,25-02-2025,3
14856,7799,5,27-01-2025,3
15016,3700,5,07-09-2025,3
15018,5574,5,26-03-2025,3
15080,3540,5,10-04-2025,3
15298,2542,5,12-01-2025,3
15424,1344,5,30-11-2025,3
15515,2144,5,06-08-2025,3
15576,5302,5,10-07-2025,3
15842,5449,5,26-02-2025,3
16339,7483,5,06-12-2025,3
16437,1862,5,05-02-2025,3
16536,5943,5,04-09-2025,3
16611,1806,5,10-07-2025,3
16616,753,5,29-10-2025,3
16636,7704,5,17-06-2025,3
16765,5977,5,02-09-2025,3
16772,2018,5,04-03-2025,3
16826,4455,5,11-10-2025,3
16832,240,5,07-05-2025,3
16981,7633,5,20-10-2025,3
17238,5180,5,24-08-2025,3
17325,7849,5,13-08-2025,3
17372,4955,5,21-08-2025,3
17516,7906,5,12-05-2025,3
17935,391,5,27-07-2025,3
18134,7951,5,31-01-2025,3
18305,2463,5,02-09-2025,3
18343,3470,5,11-08-2025,3
18369,7617,5,07-02-2025,3
18424,5322,5,19-03-2025,3
18486,4835,5,18-04-2025,3
18542,2403,5,24-05-2025,3
18549,6619,5,22-04-2025,3
18669,6491,5,21-03-2025,3
18893,1806,5,05-09-2025,3
19043,5376,5,09-11-2025,3
19106,3968,5,09-03-2025,3
19262,561,5,05-12-2025,3
19456,2338,5,04-05-2025,3
19708,2694,5,06-09-2025,3
19732,6179,5,28-02-2025,3
19733,155,5,20-09-2025,3
19885,429,5,08-08-2025,3
19941,3056,5,10-02-2025,3
19953,258,5,18-03-2025,3
19998,1350,5,15-01-2025,3
20225,4556,5,27-07-2025,3
21170,3238,5,01-02-2025,3
21354,225,5,20-06-2025,3
21480,2160,5,10-03-2025,3
21522,853,5,30-03-2025,3
21613,3893,5,06-10-2025,3
21706,4077,5,24-12-2025,3
21831,2559,5,17-03-2025,3
22063,5361,5,22-08-2025,3
22109,3279,5,25-12-2025,3
22141,7403,5,12-11-2025,3
22158,6387,5,02-02-2025,3
22187,7611,5,03-09-2025,3
22384,1456,5,23-09-2025,3
22386,5326,5,01-01-2026,3
22391,891,5,20-12-2025,3
22681,5825,5,29-09-2025,3
22734,7686,5,06-09-2025,3
22785,2931,5,07-02-2025,3
22799,4213,5,11-04-2025,3
22961,246,5,24-04-2025,3
23045,1973,5,08-01-2026,3
23162,5174,5,16-08-2025,3
23312,3707,5,04-02-2025,3
23411,489,5,22-11-2025,3
23660,7417,5,11-01-2025,3
23720,719,5,05-04-2025,3
23995,6296,5,01-12-2025,3
24015,7824,5,16-03-2025,3
24179,6281,5,19-08-2025,3
24312,5583,5,01-08-2025,3
24482,6697,5,29-03-2025,3
24536,1523,5,29-10-2025,3
24642,7413,5,06-01-2026,3
24811,1137,5,05-06-2025,3
25050,3621,5,12-03-2025,3
25183,6983,5,14-10-2025,3
25264,3227,5,28-01-2025,3
25276,7145,5,21-06-2025,3
25382,7284,5,30-01-2025,3
25394,3056,5,13-03-2025,3
25452,6402,5,10-01-2025,3
25548,2369,5,09-04-2025,3
25619,6058,5,21-05-2025,3
25633,5884,5,03-05-2025,3
25835,232,5,26-03-2025,3
25928,5080,5,05-01-2026,3
26046,825,5,30-11-2025,3
26051,4485,5,22-10-2025,3
26120,3657,5,04-08-2025,3
26255,6521,5,22-09-2025,3
26417,7425,5,24-11-2025,3
26486,6200,5,19-11-2025,3
27097,2267,5,13-02-2025,3
27169,3092,5,19-07-2025,3
27425,1461,5,11-04-2025,3
27532,551,5,13-10-2025,3
27552,1574,5,22-11-2025,3
27567,5044,5,14-09-2025,3
27624,4155,5,26-12-2025,3
27866,4208,5,17-12-2025,3
53,532,13,20-11-2025,3
191,4309,13,12-02-2025,3
244,3521,13,02-07-2025,3
376,5747,13,05-11-2025,3
511,2340,13,14-09-2025,3
875,7455,13,08-03-2025,3
1145,7377,13,04-06-2025,3
1532,5885,13,22-11-2025,3
1586,3765,13,14-01-2025,3
1599,3702,13,09-07-2025,3
1719,5076,13,20-05-2025,3
1826,5743,13,19-03-2025,3
1859,4681,13,11-10-2025,3
2010,1727,13,26-10-2025,3
2677,7419,13,04-01-2026,3
2816,2455,13,02-03-2025,3
2922,6684,13,17-12-2025,3
3051,706,13,17-04-2025,3
3080,7135,13,14-09-2025,3
3098,6721,13,05-02-2025,3
3136,2979,13,28-07-2025,3
3207,3406,13,10-12-2025,3
3588,3583,13,11-10-2025,3
3609,5674,13,24-08-2025,3
3794,6259,13,27-08-2025,3
3985,2654,13,01-06-2025,3
4190,1260,13,14-02-2025,3
4439,2366,13,28-05-2025,3
4490,2463,13,15-04-2025,3
4545,7321,13,09-11-2025,3
4561,3988,13,04-01-2025,3
5295,7969,13,16-04-2025,3
5432,978,13,02-12-2025,3
5609,4274,13,19-02-2025,3
6104,5972,13,25-01-2025,3
6271,492,13,16-08-2025,3
6419,4268,13,06-08-2025,3
6490,5058,13,25-03-2025,3
6592,7786,13,29-11-2025,3
6615,4256,13,16-08-2025,3
6617,3674,13,11-10-2025,3
6649,3402,13,08-08-2025,3
6768,943,13,22-01-2025,3
7024,6792,13,06-03-2025,3
7067,7076,13,19-12-2025,3
7069,5436,13,21-12-2025,3
7313,4263,13,23-01-2025,3
7483,6131,13,15-06-2025,3
7538,6110,13,13-03-2025,3
7576,2815,13,27-01-2025,3
7714,3253,13,05-07-2025,3
7722,4450,13,16-08-2025,3
7935,67,13,07-01-2026,3
7936,7779,13,20-12-2025,3
8024,655,13,26-05-2025,3
8173,4280,13,10-03-2025,3
8181,2959,13,03-10-2025,3
8430,7370,13,12-11-2025,3
8461,1387,13,09-11-2025,3
8766,2021,13,09-06-2025,3
8812,6545,13,27-06-2025,3
9101,1354,13,09-08-2025,3
9338,5348,13,08-07-2025,3
9343,3398,13,17-01-2025,3
9432,1340,13,23-05-2025,3
9706,802,13,29-04-2025,3
9718,38,13,26-12-2025,3
9805,1448,13,13-04-2025,3
10147,698,13,17-11-2025,3
10162,2090,13,15-09-2025,3
10435,4088,13,30-12-2025,3
10451,4604,13,19-08-2025,3
10533,3251,13,08-09-2025,3
10836,5920,13,28-03-2025,3
10905,2075,13,29-09-2025,3
11021,5880,13,30-12-2025,3
11058,3808,13,17-02-2025,3
11105,5715,13,15-10-2025,3
11553,3896,13,26-10-2025,3
11589,293,13,28-01-2025,3
11604,7264,13,10-12-2025,3
11640,3922,13,21-12-2025,3
12156,5595,13,17-10-2025,3
12376,7561,13,21-04-2025,3
12399,456,13,27-08-2025,3
12404,5844,13,10-08-2025,3
12728,2921,13,28-05-2025,3
12945,4417,13,21-04-2025,3
13113,673,13,30-01-2025,3
13167,6443,13,09-02-2025,3
13260,4463,13,01-08-2025,3
13498,45,13,18-04-2025,3
13710,3576,13,07-08-2025,3
13791,2768,13,17-02-2025,3
13915,5080,13,19-02-2025,3
13927,2183,13,28-12-2025,3
13974,7803,13,08-01-2025,3
13996,1876,13,20-03-2025,3
14039,6127,13,16-12-2025,3
14133,5606,13,24-01-2025,3
14234,3196,13,08-02-2025,3
14348,7962,13,16-09-2025,3
14786,3545,13,04-03-2025,3
14939,2582,13,24-02-2025,3
15171,5908,13,09-11-2025,3
15319,5894,13,26-11-2025,3
15329,2833,13,17-07-2025,3
15413,7590,13,17-11-2025,3
15657,7605,13,16-12-2025,3
15913,6711,13,28-06-2025,3
15975,3075,13,03-06-2025,3
16254,2499,13,01-01-2026,3
16264,5825,13,28-12-2025,3
16361,6819,13,10-10-2025,3
16442,4492,13,10-05-2025,3
16555,3493,13,28-12-2025,3
16842,2472,13,16-11-2025,3
17035,5432,13,19-04-2025,3
17223,5304,13,14-08-2025,3
17302,2803,13,21-01-2025,3
17498,6775,13,28-04-2025,3
17505,3170,13,30-01-2025,3
17549,1980,13,25-09-2025,3
17708,1977,13,02-10-2025,3
17733,1119,13,14-04-2025,3
17852,6963,13,25-05-2025,3
17859,5973,13,02-03-2025,3
18027,6806,13,13-03-2025,3
18035,2069,13,13-03-2025,3
18094,6141,13,26-07-2025,3
18097,4504,13,24-03-2025,3
18193,2686,13,14-06-2025,3
18375,7751,13,12-11-2025,3
18446,991,13,07-03-2025,3
18612,7768,13,12-04-2025,3
18742,7599,13,18-11-2025,3
18904,5027,13,08-10-2025,3
18914,7032,13,24-03-2025,3
18933,1899,13,17-06-2025,3
19027,5995,13,28-03-2025,3
19216,3336,13,23-10-2025,3
19231,758,13,08-09-2025,3
19253,3809,13,15-10-2025,3
19351,7193,13,02-07-2025,3
19358,5180,13,12-09-2025,3
19664,2086,13,04-05-2025,3
19689,3061,13,04-02-2025,3
20108,3913,13,27-11-2025,3
20122,508,13,05-01-2026,3
20134,5378,13,04-11-2025,3
20469,1767,13,27-10-2025,3
20483,5132,13,01-06-2025,3
20523,3402,13,25-05-2025,3
20538,527,13,13-11-2025,3
20555,3,13,09-12-2025,3
20731,5781,13,24-11-2025,3
20770,5057,13,02-03-2025,3
20865,5738,13,29-08-2025,3
20964,5510,13,05-01-2026,3
21106,6361,13,05-01-2025,3
21128,6136,13,12-11-2025,3
21244,4874,13,16-04-2025,3
21281,6259,13,30-09-2025,3
21418,6952,13,06-05-2025,3
21511,683,13,26-04-2025,3
21540,1037,13,19-08-2025,3
21599,5658,13,13-07-2025,3
21642,1242,13,02-11-2025,3
21787,15,13,02-01-2026,3
21981,5247,13,16-03-2025,3
22094,2528,13,01-08-2025,3
22389,1026,13,17-10-2025,3
22424,2296,13,06-05-2025,3
22479,1597,13,14-06-2025,3
22580,2725,13,17-08-2025,3
22602,3900,13,15-12-2025,3
22625,3705,13,16-03-2025,3
22702,2978,13,27-01-2025,3
22915,3170,13,26-09-2025,3
23157,1084,13,18-08-2025,3
23514,6408,13,28-05-2025,3
23608,6155,13,30-08-2025,3
23635,6439,13,15-09-2025,3
23711,2896,13,14-04-2025,3
23751,7703,13,26-08-2025,3
23974,465,13,14-03-2025,3
24109,2128,13,01-01-2026,3
24158,1595,13,22-05-2025,3
24263,680,13,24-02-2025,3
24310,3680,13,30-12-2025,3
24374,6297,13,03-12-2025,3
24384,1464,13,08-10-2025,3
24452,2054,13,17-01-2026,3
24575,2633,13,28-11-2025,3
24711,5462,13,09-02-2025,3
24744,7240,13,03-11-2025,3
24901,2788,13,11-07-2025,3
24996,3139,13,18-03-2025,3
25122,6171,13,10-02-2025,3
25230,3121,13,12-11-2025,3
25450,201,13,04-01-2026,3
25671,6685,13,06-12-2025,3
25731,2265,13,04-01-2026,3
25751,4953,13,22-07-2025,3
25880,4969,13,22-12-2025,3
25963,1002,13,25-09-2025,3
26083,7148,13,16-02-2025,3
26181,5953,13,05-04-2025,3
26329,7990,13,14-10-2025,3
26331,6626,13,01-01-2025,3
26682,1379,13,22-05-2025,3
26695,6444,13,21-04-2025,3
26701,5347,13,18-12-2025,3
26713,5483,13,11-12-2025,3
26726,1026,13,18-08-2025,3
26944,1581,13,19-01-2025,3
27091,1339,13,03-04-2025,3
27151,6835,13,19-05-2025,3
27202,3921,13,16-11-2025,3
27211,2544,13,15-06-2025,3
27774,5128,13,30-09-2025,3
186,5904,8,26-03-2025,3
381,369,8,20-12-2025,3
427,3092,8,15-04-2025,3
461,4432,8,06-05-2025,3
648,4037,8,22-08-2025,3
661,5927,8,01-06-2025,3
919,5835,8,04-03-2025,3
1034,2617,8,10-07-2025,3
1078,6436,8,19-11-2025,3
1178,2152,8,01-01-2026,3
1487,6184,8,08-05-2025,3
1605,3218,8,14-05-2025,3
1661,2918,8,18-05-2025,3
1978,3993,8,14-10-2025,3
1979,660,8,31-03-2025,3
1996,4084,8,22-09-2025,3
2013,7171,8,13-04-2025,3
2034,4736,8,26-01-2025,3
2039,4870,8,16-05-2025,3
2153,4342,8,19-01-2025,3
2261,4313,8,31-01-2025,3
2372,4382,8,12-01-2025,3
2383,7791,8,12-07-2025,3
2492,3358,8,15-07-2025,3
2592,5303,8,17-01-2026,3
2924,3615,8,14-04-2025,3
3112,692,8,15-05-2025,3
3202,7092,8,11-03-2025,3
3305,651,8,23-09-2025,3
3645,5497,8,18-03-2025,3
3757,6648,8,20-10-2025,3
3934,1858,8,31-08-2025,3
4177,3403,8,25-07-2025,3
4277,5792,8,22-06-2025,3
4325,4808,8,29-04-2025,3
4407,3884,8,09-10-2025,3
4638,2715,8,20-10-2025,3
4751,502,8,13-12-2025,3
4958,310,8,03-05-2025,3
5039,7666,8,12-05-2025,3
5198,3734,8,21-11-2025,3
5369,5619,8,09-09-2025,3
5400,7008,8,11-05-2025,3
5422,4543,8,25-01-2025,3
5501,4150,8,21-04-2025,3
5547,1204,8,12-08-2025,3
5727,5536,8,23-08-2025,3
5865,1960,8,12-09-2025,3
6006,4155,8,20-05-2025,3
6381,7379,8,28-04-2025,3
6449,3361,8,08-06-2025,3
6482,6901,8,11-11-2025,3
6513,7292,8,16-07-2025,3
6605,1642,8,31-08-2025,3
6694,522,8,12-01-2025,3
6724,5290,8,08-02-2025,3
6865,6774,8,16-12-2025,3
7155,2578,8,08-01-2026,3
7256,2254,8,22-12-2025,3
7427,6918,8,10-04-2025,3
7428,7363,8,01-09-2025,3
7511,616,8,21-08-2025,3
7856,4543,8,13-01-2025,3
8050,3274,8,07-06-2025,3
8060,2690,8,05-06-2025,3
8142,4911,8,11-09-2025,3
8262,5762,8,10-07-2025,3
8264,3622,8,05-07-2025,3
8485,3830,8,16-04-2025,3
8602,5196,8,25-05-2025,3
8623,5652,8,08-09-2025,3
8735,6216,8,09-04-2025,3
8831,1485,8,04-04-2025,3
8994,1091,8,05-08-2025,3
9083,408,8,18-01-2026,3
9172,1959,8,19-12-2025,3
9353,5211,8,18-05-2025,3
9497,319,8,07-02-2025,3
9520,3164,8,30-09-2025,3
9523,3063,8,25-03-2025,3
9949,5241,8,09-09-2025,3
9951,4812,8,16-09-2025,3
10186,5878,8,21-08-2025,3
10246,5229,8,03-01-2026,3
10282,6121,8,13-03-2025,3
10284,1266,8,25-07-2025,3
10445,7545,8,10-08-2025,3
10467,3386,8,11-12-2025,3
10632,91,8,04-09-2025,3
10898,2104,8,01-10-2025,3
11077,3067,8,20-12-2025,3
11135,5219,8,16-03-2025,3
11381,4230,8,30-10-2025,3
11385,2151,8,23-11-2025,3
11636,6591,8,04-11-2025,3
11655,4049,8,29-11-2025,3
11837,3723,8,22-06-2025,3
11897,5206,8,21-06-2025,3
11971,479,8,21-06-2025,3
12071,4421,8,16-08-2025,3
12364,1571,8,15-06-2025,3
12470,7409,8,23-12-2025,3
12948,6682,8,01-07-2025,3
13146,2223,8,19-05-2025,3
13159,4632,8,19-01-2025,3
13263,4794,8,22-10-2025,3
13354,521,8,05-01-2025,3
13424,6576,8,23-02-2025,3
13463,753,8,22-01-2025,3
13821,5963,8,07-04-2025,3
13878,5121,8,24-09-2025,3
13944,1415,8,01-10-2025,3
14002,7684,8,06-05-2025,3
14162,1052,8,12-04-2025,3
14169,5369,8,15-03-2025,3
14191,6883,8,03-09-2025,3
14391,905,8,24-05-2025,3
14508,4054,8,20-08-2025,3
14659,5244,8,19-11-2025,3
14714,3229,8,14-04-2025,3
14843,6665,8,16-06-2025,3
14857,619,8,13-03-2025,3
15524,56,8,06-12-2025,3
15661,7730,8,04-06-2025,3
15821,3102,8,11-05-2025,3
16609,5021,8,08-11-2025,3
16903,5192,8,04-02-2025,3
17063,3130,8,21-11-2025,3
17221,4380,8,30-12-2025,3
17575,4123,8,01-10-2025,3
17807,2010,8,10-04-2025,3
18123,4698,8,22-07-2025,3
18195,2680,8,14-08-2025,3
18412,1334,8,10-09-2025,3
18453,3065,8,25-05-2025,3
18529,2110,8,08-06-2025,3
18567,6265,8,14-01-2026,3
18724,3622,8,24-05-2025,3
18870,7180,8,21-07-2025,3
18888,2385,8,20-03-2025,3
19012,5512,8,05-06-2025,3
19241,4319,8,24-08-2025,3
19417,6564,8,08-08-2025,3
19563,1570,8,26-03-2025,3
19616,527,8,13-12-2025,3
19866,1993,8,07-10-2025,3
20009,5594,8,07-02-2025,3
20235,7821,8,23-04-2025,3
20243,2091,8,24-01-2025,3
20422,2156,8,21-12-2025,3
20603,7289,8,11-02-2025,3
20653,4817,8,25-01-2025,3
20866,5011,8,12-09-2025,3
21554,2408,8,29-10-2025,3
21569,3803,8,21-05-2025,3
21704,3011,8,13-05-2025,3
21806,7890,8,24-12-2025,3
21988,6666,8,13-05-2025,3
22088,1451,8,24-01-2025,3
22124,3032,8,16-03-2025,3
22179,4600,8,15-01-2025,3
22196,4345,8,02-06-2025,3
22345,3493,8,12-09-2025,3
22621,5810,8,06-01-2026,3
22718,4128,8,25-09-2025,3
22842,645,8,04-12-2025,3
22940,5567,8,04-01-2026,3
23065,5574,8,16-11-2025,3
23104,604,8,08-09-2025,3
23340,663,8,06-10-2025,3
23360,553,8,01-02-2025,3
23546,5899,8,03-02-2025,3
23662,397,8,28-09-2025,3
23664,3465,8,27-07-2025,3
23738,1591,8,16-12-2025,3
23741,4942,8,04-11-2025,3
23867,1217,8,13-06-2025,3
24159,5776,8,06-11-2025,3
24165,6766,8,12-03-2025,3
24520,6896,8,16-09-2025,3
24654,2268,8,02-03-2025,3
24708,4045,8,24-04-2025,3
24841,4446,8,10-04-2025,3
25083,896,8,02-08-2025,3
25250,1028,8,25-05-2025,3
25268,6210,8,16-10-2025,3
25306,191,8,13-02-2025,3
25369,7031,8,24-09-2025,3
25480,7504,8,15-09-2025,3
25551,3565,8,16-12-2025,3
25615,3028,8,10-01-2026,3
25669,5981,8,12-05-2025,3
25776,7556,8,08-01-2025,3
25898,3830,8,06-02-2025,3
25923,2736,8,02-10-2025,3
25937,2772,8,12-07-2025,3
25962,2181,8,24-02-2025,3
25986,7216,8,12-03-2025,3
26039,1093,8,05-03-2025,3
26096,3407,8,27-01-2025,3
26235,1284,8,02-01-2025,3
26238,3524,8,09-07-2025,3
26243,7547,8,11-05-2025,3
26293,293,8,20-01-2025,3
26508,1249,8,19-06-2025,3
26609,3452,8,05-11-2025,3
26751,587,8,04-02-2025,3
26768,1197,8,26-06-2025,3
26878,720,8,07-01-2026,3
26932,3875,8,04-11-2025,3
27022,899,8,19-06-2025,3
27066,4558,8,09-11-2025,3
27129,7135,8,01-12-2025,3
27427,1806,8,31-05-2025,3
27465,5861,8,20-01-2025,3
27490,4800,8,06-01-2026,3
27502,3722,8,26-09-2025,3
27553,1496,8,24-07-2025,3
27606,4383,8,26-06-2025,3
27666,393,8,14-07-2025,3
27729,365,8,13-11-2025,3
208,238,4,04-01-2025,3
449,1639,4,26-03-2025,3
520,6745,4,18-06-2025,3
826,6652,4,20-01-2025,3
837,2075,4,18-06-2025,3
933,2814,4,19-05-2025,3
983,1550,4,14-01-2025,3
999,471,4,08-07-2025,3
1088,5416,4,06-07-2025,3
1337,3962,4,27-01-2025,3
1430,4557,4,28-11-2025,3
1509,6297,4,26-06-2025,3
1546,1288,4,03-11-2025,3
1548,3706,4,03-06-2025,3
1877,4111,4,30-11-2025,3
1934,2233,4,17-01-2026,3
2191,6158,4,25-10-2025,3
2276,7474,4,09-06-2025,3
2330,6056,4,14-05-2025,3
2413,3090,4,27-11-2025,3
2423,5195,4,17-04-2025,3
2439,2564,4,26-02-2025,3
2572,6644,4,12-05-2025,3
2712,35,4,18-07-2025,3
3000,2378,4,18-07-2025,3
3156,2505,4,10-08-2025,3
3651,3787,4,01-04-2025,3
3761,3004,4,23-02-2025,3
4048,649,4,21-11-2025,3
4095,5523,4,16-03-2025,3
4422,5423,4,11-01-2026,3
4427,3441,4,20-07-2025,3
4467,1113,4,05-07-2025,3
4562,2062,4,08-01-2025,3
4721,3504,4,10-12-2025,3
4804,6284,4,11-11-2025,3
4951,1801,4,20-01-2025,3
5053,7984,4,21-11-2025,3
5058,1673,4,27-04-2025,3
5460,1587,4,18-02-2025,3
6044,2905,4,26-12-2025,3
6117,6741,4,17-06-2025,3
6269,3615,4,03-08-2025,3
6349,2702,4,23-05-2025,3
6528,7746,4,16-06-2025,3
6606,718,4,18-12-2025,3
6761,3968,4,07-10-2025,3
6940,6116,4,09-07-2025,3
6992,5515,4,17-01-2025,3
7035,5019,4,07-11-2025,3
7115,2576,4,04-11-2025,3
7284,6431,4,28-09-2025,3
7308,3417,4,22-11-2025,3
7793,4360,4,12-07-2025,3
7823,3625,4,25-08-2025,3
8086,537,4,29-07-2025,3
8372,4725,4,26-08-2025,3
8433,4760,4,10-02-2025,3
8478,5774,4,27-07-2025,3
8537,711,4,13-12-2025,3
8597,5372,4,14-01-2025,3
8612,7814,4,27-07-2025,3
8621,4052,4,13-03-2025,3
8694,7033,4,26-10-2025,3
8700,3181,4,30-04-2025,3
8727,4118,4,22-12-2025,3
8901,5063,4,14-10-2025,3
9100,5519,4,13-03-2025,3
9126,6242,4,05-12-2025,3
9152,3300,4,18-06-2025,3
9154,4000,4,16-02-2025,3
9167,6908,4,05-07-2025,3
9219,2788,4,11-01-2025,3
9223,7737,4,31-03-2025,3
9246,6732,4,17-01-2025,3
9341,754,4,18-12-2025,3
9446,665,4,14-01-2026,3
9585,4280,4,09-04-2025,3
9600,7852,4,24-11-2025,3
9662,4230,4,19-07-2025,3
9770,3886,4,03-09-2025,3
9931,675,4,03-05-2025,3
10176,5604,4,12-05-2025,3
10316,3000,4,20-11-2025,3
10365,7614,4,23-09-2025,3
10378,3644,4,25-03-2025,3
10495,3580,4,28-03-2025,3
10514,5479,4,09-01-2025,3
10588,3708,4,05-05-2025,3
10888,2275,4,17-10-2025,3
11061,4868,4,08-10-2025,3
11641,1657,4,18-01-2026,3
11662,7264,4,12-10-2025,3
11872,6036,4,10-04-2025,3
12026,6917,4,06-03-2025,3
12051,883,4,25-09-2025,3
12094,4542,4,19-01-2025,3
12267,3487,4,03-06-2025,3
12429,1702,4,15-06-2025,3
12611,7221,4,11-01-2025,3
12838,1485,4,25-12-2025,3
12966,6787,4,30-04-2025,3
13184,7818,4,22-04-2025,3
13208,4800,4,30-07-2025,3
13347,7411,4,05-08-2025,3
13352,1090,4,14-06-2025,3
13406,2815,4,07-06-2025,3
13445,329,4,23-04-2025,3
13512,2463,4,27-09-2025,3
13626,5051,4,02-12-2025,3
13663,2220,4,10-05-2025,3
13950,4562,4,02-09-2025,3
14037,1877,4,23-06-2025,3
14178,6488,4,20-06-2025,3
14267,5141,4,07-10-2025,3
14633,1776,4,12-12-2025,3
14666,1027,4,06-04-2025,3
15108,5503,4,11-06-2025,3
15272,4487,4,31-01-2025,3
15346,3272,4,17-06-2025,3
15630,2574,4,19-06-2025,3
15651,1767,4,06-02-2025,3
15734,1401,4,02-05-2025,3
15814,1674,4,13-11-2025,3
15862,7747,4,16-09-2025,3
15937,2265,4,15-01-2025,3
15963,5061,4,12-01-2026,3
16015,7690,4,31-12-2025,3
16058,4750,4,08-07-2025,3
16170,4459,4,11-12-2025,3
16313,1384,4,12-01-2025,3
16614,3041,4,06-04-2025,3
16712,4386,4,29-09-2025,3
16930,326,4,13-07-2025,3
16962,1215,4,17-01-2026,3
17118,3107,4,03-12-2025,3
17276,1120,4,23-06-2025,3
17558,5086,4,22-09-2025,3
17756,2163,4,03-05-2025,3
18021,3547,4,22-11-2025,3
18073,4758,4,05-09-2025,3
18256,4644,4,13-12-2025,3
18403,6329,4,04-06-2025,3
18428,2953,4,19-10-2025,3
18730,966,4,02-09-2025,3
18764,3747,4,15-07-2025,3
18821,2708,4,17-09-2025,3
18951,1996,4,31-10-2025,3
18961,5492,4,14-08-2025,3
19080,6001,4,08-06-2025,3
19206,1861,4,01-06-2025,3
19274,1794,4,04-05-2025,3
19421,7550,4,24-06-2025,3
19529,6641,4,24-10-2025,3
19545,459,4,26-09-2025,3
19635,3391,4,13-08-2025,3
19765,3904,4,06-12-2025,3
19790,2778,4,24-09-2025,3
19828,6509,4,09-11-2025,3
19962,7471,4,06-11-2025,3
20205,1287,4,10-09-2025,3
20255,672,4,30-09-2025,3
20282,7271,4,05-04-2025,3
20325,3790,4,18-07-2025,3
20331,7617,4,14-11-2025,3
20423,7798,4,05-03-2025,3
20537,6674,4,24-05-2025,3
20709,7642,4,17-05-2025,3
21184,7632,4,20-08-2025,3
21378,4526,4,03-09-2025,3
21428,7224,4,28-02-2025,3
21537,1768,4,16-01-2026,3
21598,5934,4,30-11-2025,3
21669,762,4,08-04-2025,3
21875,4711,4,06-10-2025,3
22066,1587,4,13-10-2025,3
22092,7630,4,10-02-2025,3
22132,2963,4,23-11-2025,3
22188,1348,4,28-11-2025,3
22448,3177,4,07-04-2025,3
22807,3732,4,14-07-2025,3
22852,6209,4,04-02-2025,3
22926,2916,4,29-10-2025,3
22928,2895,4,14-12-2025,3
23068,1824,4,03-06-2025,3
23140,6374,4,10-01-2026,3
23158,6465,4,28-05-2025,3
23367,2666,4,11-05-2025,3
23462,2862,4,21-04-2025,3
23836,1725,4,17-11-2025,3
23895,5029,4,01-01-2026,3
23910,3687,4,15-01-2026,3
24175,5737,4,28-03-2025,3
24397,1540,4,03-03-2025,3
24440,5391,4,11-11-2025,3
24648,732,4,21-04-2025,3
24705,6026,4,12-08-2025,3
24743,3464,4,12-09-2025,3
24754,7712,4,22-06-2025,3
24772,430,4,13-12-2025,3
25032,868,4,07-06-2025,3
25093,2208,4,23-03-2025,3
25386,7558,4,16-11-2025,3
25477,6976,4,10-06-2025,3
25862,4495,4,02-05-2025,3
25961,6325,4,09-01-2026,3
26164,7569,4,16-08-2025,3
26407,3781,4,07-09-2025,3
26426,5821,4,25-11-2025,3
26513,4520,4,01-01-2026,3
26515,852,4,13-07-2025,3
26676,6572,4,23-05-2025,3
27301,1333,4,26-09-2025,3
27387,3840,4,23-01-2025,3
27464,7674,4,24-10-2025,3
27538,3853,4,19-09-2025,3
27577,887,4,06-09-2025,3
27636,7028,4,30-10-2025,3
27787,740,4,27-03-2025,3
27818,4497,4,07-11-2025,3
27861,3230,4,07-12-2025,3
27982,4931,4,06-11-2025,3
27984,5942,4,07-04-2025,3
12,1031,20,03-08-2025,3
248,5705,20,11-05-2025,3
253,1479,20,14-06-2025,3
267,5676,20,07-05-2025,3
584,7652,20,19-01-2025,3
712,4916,20,19-03-2025,3
1469,3160,20,19-02-2025,3
1603,3150,20,07-07-2025,3
1895,4271,20,20-07-2025,3
1959,5404,20,20-12-2025,3
2316,7958,20,04-04-2025,3
2432,7868,20,04-08-2025,3
2534,6426,20,28-09-2025,3
2772,1883,20,24-07-2025,3
2874,6857,20,02-08-2025,3
2907,2656,20,03-11-2025,3
3005,5564,20,15-03-2025,3
3132,3328,20,02-09-2025,3
3142,1654,20,04-11-2025,3
3199,2098,20,07-05-2025,3
3435,7422,20,29-04-2025,3
3438,6193,20,26-04-2025,3
3454,3057,20,18-10-2025,3
3777,7479,20,20-09-2025,3
3889,1649,20,15-04-2025,3
3900,307,20,24-02-2025,3
3936,1002,20,20-05-2025,3
3949,5726,20,10-05-2025,3
4189,5168,20,20-02-2025,3
4370,920,20,22-08-2025,3
4564,3600,20,08-01-2025,3
4914,1172,20,21-05-2025,3
4931,6138,20,29-09-2025,3
4942,4132,20,30-03-2025,3
5113,2158,20,12-04-2025,3
5379,7650,20,04-12-2025,3
5409,4962,20,01-10-2025,3
5484,2866,20,10-09-2025,3
5656,7097,20,09-04-2025,3
6164,6267,20,12-07-2025,3
6234,1072,20,04-04-2025,3
6440,2986,20,21-03-2025,3
6460,7372,20,25-08-2025,3
6626,3522,20,29-06-2025,3
6658,4987,20,08-04-2025,3
6886,5034,20,26-11-2025,3
6887,6424,20,27-12-2025,3
7010,1810,20,24-10-2025,3
7199,4696,20,16-05-2025,3
7227,6922,20,02-06-2025,3
7269,594,20,21-03-2025,3
7393,175,20,30-07-2025,3
7613,2168,20,10-08-2025,3
7725,2385,20,03-07-2025,3
7760,2020,20,14-08-2025,3
7830,826,20,15-04-2025,3
7877,594,20,16-01-2026,3
8010,2974,20,10-01-2026,3
8176,2157,20,05-09-2025,3
8333,3355,20,05-06-2025,3
8437,858,20,06-12-2025,3
8544,1098,20,12-03-2025,3
8573,2242,20,23-06-2025,3
8599,5951,20,28-05-2025,3
8718,487,20,05-11-2025,3
8867,6544,20,25-05-2025,3
8968,338,20,01-05-2025,3
9150,3048,20,15-02-2025,3
9196,2954,20,14-06-2025,3
9247,5739,20,23-10-2025,3
9332,6541,20,03-08-2025,3
9494,7349,20,19-05-2025,3
9570,2592,20,16-01-2026,3
9693,3714,20,25-12-2025,3
9745,1915,20,06-08-2025,3
9996,2277,20,15-01-2026,3
10170,7896,20,26-11-2025,3
10303,2881,20,13-12-2025,3
10391,2032,20,27-08-2025,3
10585,7710,20,21-04-2025,3
10589,1871,20,15-02-2025,3
10858,638,20,13-05-2025,3
10983,3400,20,01-01-2026,3
11048,1627,20,28-01-2025,3
11071,1971,20,13-02-2025,3
11089,5539,20,22-01-2025,3
11230,7121,20,12-08-2025,3
11327,719,20,25-04-2025,3
11803,7658,20,04-11-2025,3
12089,1230,20,03-05-2025,3
12097,7831,20,13-12-2025,3
12115,1927,20,11-11-2025,3
12154,5680,20,15-05-2025,3
12341,2441,20,07-01-2025,3
12472,4553,20,26-07-2025,3
12517,6292,20,08-09-2025,3
12682,983,20,05-05-2025,3
12685,2289,20,02-01-2026,3
12790,1160,20,30-05-2025,3
12876,5951,20,25-11-2025,3
12880,7574,20,12-10-2025,3
13035,2379,20,02-11-2025,3
13037,1620,20,17-06-2025,3
13169,7146,20,19-02-2025,3
13469,2133,20,12-04-2025,3
13576,1009,20,01-01-2025,3
13636,4946,20,26-03-2025,3
13647,1242,20,10-01-2026,3
13793,884,20,08-05-2025,3
13833,3770,20,26-10-2025,3
13842,2238,20,06-02-2025,3
13972,5798,20,13-10-2025,3
14506,4016,20,19-08-2025,3
14588,5944,20,13-01-2026,3
14635,2933,20,27-02-2025,3
14695,632,20,02-04-2025,3
14806,587,20,03-05-2025,3
14813,5579,20,08-04-2025,3
15120,4394,20,12-06-2025,3
15128,4437,20,09-08-2025,3
15755,3878,20,14-11-2025,3
15991,4457,20,15-09-2025,3
16017,6479,20,10-01-2026,3
16078,5405,20,21-04-2025,3
16294,2902,20,04-10-2025,3
16505,4443,20,28-12-2025,3
16608,6584,20,05-11-2025,3
16665,6307,20,12-02-2025,3
16695,2972,20,14-07-2025,3
16711,6851,20,04-05-2025,3
16753,6475,20,08-01-2026,3
16761,3151,20,15-06-2025,3
16849,951,20,02-10-2025,3
17165,2355,20,03-08-2025,3
17272,7620,20,21-02-2025,3
17326,5364,20,26-10-2025,3
17484,5425,20,23-10-2025,3
17793,2964,20,07-08-2025,3
18198,7911,20,31-08-2025,3
18234,5057,20,17-05-2025,3
18276,7710,20,07-01-2025,3
18291,1790,20,25-12-2025,3
18329,6995,20,19-07-2025,3
18391,1456,20,02-01-2025,3
18429,7373,20,16-06-2025,3
18554,2538,20,20-11-2025,3
18564,3070,20,14-02-2025,3
18689,4350,20,22-07-2025,3
18762,4194,20,19-01-2025,3
18800,457,20,05-07-2025,3
18803,125,20,25-03-2025,3
19110,5588,20,01-07-2025,3
19228,176,20,03-09-2025,3
19447,5228,20,26-05-2025,3
20051,3442,20,04-04-2025,3
20190,1812,20,18-04-2025,3
20195,3990,20,04-04-2025,3
20256,6927,20,13-07-2025,3
20380,6174,20,19-01-2025,3
20428,6297,20,19-06-2025,3
20477,4663,20,19-12-2025,3
20560,443,20,18-01-2026,3
20686,93,20,17-01-2025,3
20757,1389,20,23-09-2025,3
20839,7164,20,01-12-2025,3
20919,3615,20,13-08-2025,3
21117,3139,20,21-11-2025,3
21200,501,20,21-04-2025,3
21267,6019,20,09-01-2026,3
21575,723,20,25-02-2025,3
21923,1883,20,20-07-2025,3
22030,3470,20,09-08-2025,3
22112,6698,20,12-06-2025,3
22152,7710,20,13-03-2025,3
22192,2890,20,12-04-2025,3
22392,4785,20,25-07-2025,3
22584,3460,20,24-09-2025,3
22843,2470,20,06-01-2025,3
22861,5878,20,26-07-2025,3
22987,4927,20,15-11-2025,3
23070,4165,20,26-01-2025,3
23118,3800,20,28-06-2025,3
23120,6852,20,05-01-2026,3
23127,317,20,05-08-2025,3
23277,3465,20,28-05-2025,3
23342,2322,20,07-02-2025,3
23421,1636,20,17-12-2025,3
23452,4732,20,11-01-2025,3
23453,6354,20,22-11-2025,3
23587,1363,20,02-01-2026,3
24296,280,20,22-11-2025,3
24337,6913,20,11-09-2025,3
24503,2577,20,28-07-2025,3
24681,5413,20,24-01-2025,3
24791,6678,20,01-06-2025,3
25003,3683,20,08-09-2025,3
25029,4313,20,15-12-2025,3
25111,2770,20,02-07-2025,3
25433,1804,20,14-10-2025,3
25515,4464,20,01-10-2025,3
25573,3856,20,22-06-2025,3
25581,309,20,18-01-2025,3
25697,2395,20,11-02-2025,3
25746,475,20,24-02-2025,3
25770,5383,20,13-02-2025,3
26108,4646,20,27-05-2025,3
26121,3931,20,09-12-2025,3
26128,6131,20,07-02-2025,3
26157,1158,20,16-06-2025,3
26182,6379,20,01-05-2025,3
26224,1349,20,17-07-2025,3
26266,2945,20,14-08-2025,3
26372,6097,20,23-11-2025,3
26602,4676,20,22-07-2025,3
26705,4437,20,28-05-2025,3
27054,1176,20,16-12-2025,3
27063,1490,20,08-12-2025,3
27367,1754,20,10-01-2025,3
27403,1789,20,26-11-2025,3
27543,5563,20,07-04-2025,3
27789,4042,20,13-10-2025,3
27827,3380,20,19-04-2025,3
27834,4567,20,07-12-2025,3
27876,6240,20,12-03-2025,3
27903,4148,20,23-12-2025,3
27905,2381,20,29-04-2025,3
27920,989,20,11-01-2026,3
21,4342,25,16-11-2025,3
33,639,25,14-08-2025,3
217,3525,25,21-02-2025,3
229,4716,25,11-10-2025,3
289,6361,25,16-05-2025,3
369,7604,25,12-08-2025,3
660,6737,25,06-12-2025,3
961,1185,25,07-10-2025,3
1062,1542,25,13-10-2025,3
1091,2812,25,02-02-2025,3
1196,3417,25,05-03-2025,3
1363,5576,25,17-01-2026,3
1390,6543,25,09-10-2025,3
1780,3933,25,11-03-2025,3
1841,290,25,10-04-2025,3
1885,6227,25,06-08-2025,3
1888,4055,25,25-04-2025,3
2349,7032,25,08-12-2025,3
2388,6954,25,27-03-2025,3
2470,2746,25,26-08-2025,3
2608,3434,25,25-05-2025,3
2667,4515,25,14-01-2025,3
2966,7630,25,17-11-2025,3
3057,5517,25,12-09-2025,3
3303,1421,25,12-05-2025,3
3478,5238,25,23-11-2025,3
3541,4437,25,14-02-2025,3
3684,5225,25,27-06-2025,3
3745,5964,25,12-09-2025,3
4157,6151,25,08-01-2026,3
4232,5841,25,12-11-2025,3
4233,5192,25,01-06-2025,3
4318,1574,25,09-08-2025,3
4551,5128,25,24-01-2025,3
4713,4323,25,25-12-2025,3
4893,2830,25,23-07-2025,3
4966,1441,25,06-05-2025,3
5177,7950,25,04-02-2025,3
5204,3857,25,07-09-2025,3
5392,5203,25,01-04-2025,3
5419,2209,25,24-03-2025,3
5516,3021,25,04-07-2025,3
5952,2766,25,29-04-2025,3
6121,3681,25,15-08-2025,3
6307,2341,25,19-08-2025,3
6456,7788,25,03-11-2025,3
6643,3945,25,24-03-2025,3
6791,187,25,28-05-2025,3
6857,961,25,16-11-2025,3
6953,2405,25,20-12-2025,3
6956,5935,25,08-10-2025,3
7091,2450,25,17-12-2025,3
7217,1744,25,04-06-2025,3
7251,6740,25,31-08-2025,3
7331,2657,25,07-05-2025,3
7610,323,25,14-03-2025,3
8371,4595,25,22-07-2025,3
8385,6379,25,14-03-2025,3
8398,1989,25,08-10-2025,3
8489,1242,25,16-07-2025,3
8507,3393,25,13-08-2025,3
8557,6655,25,24-01-2025,3
8755,6318,25,13-11-2025,3
9054,3214,25,06-01-2025,3
9131,1218,25,24-12-2025,3
9192,6400,25,22-05-2025,3
9222,38,25,20-07-2025,3
9391,7652,25,08-07-2025,3
9563,5842,25,13-01-2026,3
9656,3211,25,08-03-2025,3
9717,3137,25,30-03-2025,3
10008,2738,25,03-04-2025,3
10120,1183,25,29-07-2025,3
10130,303,25,20-09-2025,3
10574,5278,25,15-11-2025,3
10652,650,25,28-09-2025,3
11022,1513,25,14-02-2025,3
11040,2377,25,08-03-2025,3
11083,3175,25,14-05-2025,3
11288,6189,25,18-08-2025,3
11504,2315,25,23-06-2025,3
11608,1390,25,13-01-2025,3
11656,340,25,19-08-2025,3
11677,6724,25,18-09-2025,3
11720,2077,25,05-02-2025,3
11777,4751,25,19-10-2025,3
11798,4530,25,15-01-2025,3
12022,5253,25,27-01-2025,3
12028,1776,25,12-08-2025,3
12058,3369,25,19-09-2025,3
12160,6125,25,31-10-2025,3
12307,1906,25,04-06-2025,3
12379,2902,25,05-11-2025,3
12434,5923,25,24-03-2025,3
12485,547,25,18-12-2025,3
12549,2844,25,22-02-2025,3
12698,7028,25,04-09-2025,3
12867,5000,25,11-08-2025,3
12953,993,25,14-06-2025,3
13062,4422,25,04-10-2025,3
13305,2157,25,10-02-2025,3
13329,4097,25,25-12-2025,3
13437,2120,25,22-10-2025,3
13538,507,25,09-07-2025,3
13615,6941,25,10-10-2025,3
13632,1307,25,12-07-2025,3
13848,2424,25,21-10-2025,3
13856,4680,25,26-05-2025,3
14081,5509,25,25-12-2025,3
14158,6753,25,25-12-2025,3
14253,135,25,16-09-2025,3
14458,7088,25,05-11-2025,3
14466,3623,25,18-12-2025,3
14472,6359,25,16-02-2025,3
14474,3088,25,18-01-2026,3
14609,7325,25,07-01-2026,3
14613,2059,25,26-12-2025,3
14759,5905,25,15-10-2025,3
14769,4518,25,03-04-2025,3
15457,3941,25,21-06-2025,3
15647,4710,25,23-06-2025,3
15702,2769,25,27-02-2025,3
15776,5,25,27-11-2025,3
16064,6434,25,02-12-2025,3
16069,435,25,03-04-2025,3
16103,4309,25,03-07-2025,3
16126,7710,25,05-01-2025,3
16143,7399,25,02-01-2025,3
16374,163,25,15-10-2025,3
16386,1620,25,16-12-2025,3
16412,2174,25,07-01-2026,3
16582,5817,25,26-12-2025,3
16703,4370,25,04-08-2025,3
16763,6625,25,10-08-2025,3
17172,3940,25,23-11-2025,3
17274,2231,25,06-05-2025,3
17318,5797,25,27-02-2025,3
17449,7218,25,29-03-2025,3
17786,1535,25,04-04-2025,3
17907,7397,25,13-09-2025,3
18079,6552,25,28-07-2025,3
18085,6699,25,21-03-2025,3
18108,4564,25,19-04-2025,3
18152,5703,25,22-10-2025,3
18262,7644,25,11-04-2025,3
18311,6557,25,11-12-2025,3
18459,4304,25,28-04-2025,3
18835,7131,25,25-11-2025,3
18850,3504,25,13-03-2025,3
18860,1324,25,15-01-2025,3
18908,2931,25,26-05-2025,3
18922,5943,25,06-01-2025,3
19000,4289,25,28-05-2025,3
19037,724,25,06-09-2025,3
19058,4519,25,30-01-2025,3
19079,210,25,21-02-2025,3
19123,2941,25,24-06-2025,3
19336,6723,25,05-04-2025,3
19341,2163,25,25-03-2025,3
19344,7598,25,14-05-2025,3
19382,5505,25,01-07-2025,3
19518,5694,25,10-12-2025,3
19836,1947,25,29-08-2025,3
19844,868,25,22-05-2025,3
19858,5574,25,26-10-2025,3
19907,2890,25,15-05-2025,3
19949,5780,25,07-12-2025,3
20151,3978,25,07-01-2025,3
20218,7223,25,29-10-2025,3
20375,3148,25,29-01-2025,3
20414,5171,25,08-03-2025,3
20577,3763,25,20-03-2025,3
20657,7198,25,26-10-2025,3
20805,4053,25,22-02-2025,3
20841,738,25,23-02-2025,3
21034,5623,25,17-07-2025,3
21171,3114,25,12-08-2025,3
21216,4357,25,01-09-2025,3
21286,3091,25,24-04-2025,3
21366,359,25,31-01-2025,3
21414,2886,25,23-03-2025,3
21499,1786,25,27-08-2025,3
21938,5342,25,04-07-2025,3
22025,5220,25,19-02-2025,3
22185,6411,25,04-01-2026,3
22323,1977,25,04-05-2025,3
22361,967,25,08-03-2025,3
22490,865,25,04-08-2025,3
22620,7576,25,07-01-2025,3
22661,2961,25,20-06-2025,3
22671,1251,25,01-01-2026,3
22685,2587,25,12-12-2025,3
22703,869,25,30-09-2025,3
22706,3402,25,14-01-2026,3
22918,1811,25,11-01-2025,3
22972,1031,25,27-08-2025,3
23099,6621,25,10-05-2025,3
23185,7220,25,06-01-2026,3
23348,6470,25,04-02-2025,3
23355,735,25,13-10-2025,3
23370,5699,25,21-03-2025,3
23614,5758,25,27-05-2025,3
23690,6708,25,30-11-2025,3
23973,3293,25,21-04-2025,3
24120,7723,25,17-08-2025,3
24235,2350,25,26-07-2025,3
24660,7505,25,14-09-2025,3
24679,967,25,15-08-2025,3
24741,5396,25,01-10-2025,3
25353,4662,25,23-01-2025,3
25409,6473,25,28-06-2025,3
25550,3751,25,12-12-2025,3
25655,2361,25,22-07-2025,3
25834,6379,25,07-01-2025,3
25840,2285,25,28-10-2025,3
26152,4376,25,29-11-2025,3
26188,7518,25,24-03-2025,3
26288,5063,25,09-06-2025,3
26299,2053,25,27-02-2025,3
26680,4491,25,05-01-2026,3
26721,4990,25,02-05-2025,3
26805,6463,25,27-06-2025,3
26851,5093,25,08-01-2026,3
27052,6271,25,18-11-2025,3
27078,5773,25,15-10-2025,3
27563,6538,25,23-01-2025,3
27808,171,25,24-06-2025,3
27,2568,3,14-05-2025,3
126,2363,3,09-03-2025,3
161,1035,3,20-03-2025,3
257,7793,3,07-05-2025,3
287,3246,3,04-01-2025,3
298,7650,3,23-05-2025,3
361,7935,3,29-08-2025,3
563,4234,3,07-01-2025,3
619,7414,3,06-03-2025,3
706,338,3,22-04-2025,3
827,6520,3,18-11-2025,3
902,7173,3,27-05-2025,3
941,3090,3,10-07-2025,3
1153,6444,3,23-08-2025,3
1280,7712,3,29-11-2025,3
1335,7304,3,10-06-2025,3
1426,6936,3,26-04-2025,3
1545,2795,3,22-05-2025,3
2009,4214,3,25-11-2025,3
2036,351,3,01-02-2025,3
2371,3147,3,03-12-2025,3
2641,7524,3,19-10-2025,3
2826,1139,3,06-03-2025,3
2929,3186,3,29-01-2025,3
2977,1178,3,25-09-2025,3
3107,562,3,02-11-2025,3
3187,6367,3,24-05-2025,3
3198,4130,3,10-09-2025,3
3423,1443,3,15-08-2025,3
3873,2160,3,20-10-2025,3
3886,1067,3,15-01-2026,3
3911,7355,3,23-05-2025,3
4031,6993,3,05-07-2025,3
4032,6144,3,05-06-2025,3
4062,3116,3,10-10-2025,3
4102,7617,3,19-01-2025,3
4243,40,3,20-11-2025,3
4477,4960,3,21-01-2025,3
4665,2438,3,16-07-2025,3
4783,3083,3,25-04-2025,3
5033,6134,3,07-06-2025,3
5109,4202,3,24-05-2025,3
5151,6404,3,26-12-2025,3
5272,4784,3,18-01-2026,3
5534,381,3,07-01-2026,3
5563,3842,3,27-06-2025,3
5568,5867,3,30-08-2025,3
5636,4216,3,10-12-2025,3
5657,1448,3,13-04-2025,3
5976,7672,3,23-03-2025,3
6017,4076,3,03-04-2025,3
6056,2978,3,29-08-2025,3
6067,3826,3,11-05-2025,3
6224,1126,3,24-05-2025,3
6377,1890,3,24-10-2025,3
6414,479,3,01-01-2025,3
7285,733,3,13-03-2025,3
7289,2926,3,30-05-2025,3
7304,6698,3,09-06-2025,3
7311,1843,3,16-08-2025,3
7509,7541,3,17-10-2025,3
7567,7729,3,18-09-2025,3
7586,4570,3,15-05-2025,3
7798,1757,3,02-08-2025,3
8030,4945,3,07-11-2025,3
8129,4779,3,26-03-2025,3
8298,1748,3,21-01-2025,3
8346,2132,3,02-10-2025,3
8406,3506,3,06-07-2025,3
8657,7622,3,16-01-2026,3
8758,793,3,15-12-2025,3
8894,2969,3,11-02-2025,3
9213,3055,3,25-08-2025,3
9317,5064,3,05-01-2025,3
9480,5831,3,21-06-2025,3
9513,5593,3,25-11-2025,3
9533,5727,3,18-05-2025,3
9554,6085,3,07-08-2025,3
9701,5964,3,09-01-2025,3
9892,761,3,23-06-2025,3
9899,3165,3,20-01-2025,3
9937,6470,3,01-09-2025,3
10019,793,3,14-09-2025,3
10094,1901,3,13-02-2025,3
10468,2504,3,20-09-2025,3
10674,6630,3,21-03-2025,3
10729,4006,3,29-01-2025,3
10915,2307,3,02-06-2025,3
11147,742,3,25-12-2025,3
11272,6056,3,21-05-2025,3
11541,575,3,23-12-2025,3
11635,936,3,03-12-2025,3
11688,6924,3,01-06-2025,3
11731,4618,3,25-09-2025,3
11845,7751,3,06-03-2025,3
11952,622,3,12-09-2025,3
12060,4574,3,10-06-2025,3
12191,3864,3,08-08-2025,3
12229,507,3,17-03-2025,3
12499,7468,3,21-12-2025,3
12528,5438,3,08-08-2025,3
12752,884,3,13-08-2025,3
12809,2406,3,02-02-2025,3
12812,6421,3,11-07-2025,3
12837,7843,3,07-01-2025,3
12848,1789,3,18-10-2025,3
12865,4090,3,13-11-2025,3
12952,7966,3,25-07-2025,3
13040,3266,3,06-11-2025,3
13197,2261,3,14-12-2025,3
13450,2830,3,30-01-2025,3
13631,2347,3,22-04-2025,3
13656,3242,3,25-06-2025,3
13727,5394,3,10-01-2025,3
13764,6893,3,17-11-2025,3
13838,4870,3,14-02-2025,3
13986,2038,3,20-02-2025,3
14080,6338,3,04-10-2025,3
14189,280,3,26-11-2025,3
14289,2650,3,30-05-2025,3
14334,7111,3,19-08-2025,3
14500,826,3,06-05-2025,3
14614,5991,3,25-06-2025,3
14675,1165,3,11-05-2025,3
14747,2125,3,07-03-2025,3
15094,3134,3,11-06-2025,3
15188,1793,3,03-09-2025,3
15316,5329,3,09-01-2026,3
15320,6267,3,04-06-2025,3
15612,4157,3,16-12-2025,3
15615,1546,3,31-05-2025,3
15684,6259,3,06-09-2025,3
15722,4634,3,09-06-2025,3
15796,6270,3,14-03-2025,3
15894,5301,3,17-10-2025,3
15994,7006,3,26-07-2025,3
16050,4967,3,16-07-2025,3
16142,5203,3,21-11-2025,3
16157,5499,3,11-03-2025,3
16291,3256,3,18-11-2025,3
16312,943,3,15-07-2025,3
16508,7266,3,22-04-2025,3
16626,6252,3,20-09-2025,3
16733,4054,3,20-09-2025,3
16738,6252,3,21-11-2025,3
16770,2777,3,29-08-2025,3
16795,6063,3,15-09-2025,3
17091,6798,3,27-04-2025,3
17211,7146,3,29-05-2025,3
17249,2866,3,15-04-2025,3
17384,6303,3,12-04-2025,3
17595,467,3,30-11-2025,3
17738,3905,3,11-05-2025,3
17861,7389,3,17-01-2025,3
17952,3019,3,31-07-2025,3
18360,4101,3,14-04-2025,3
18439,29,3,22-04-2025,3
18450,2740,3,17-11-2025,3
18545,5972,3,04-04-2025,3
18585,4097,3,08-03-2025,3
18665,1383,3,21-02-2025,3
18679,661,3,02-11-2025,3
18710,4610,3,19-02-2025,3
18713,6283,3,17-06-2025,3
18831,5172,3,19-11-2025,3
18988,3244,3,02-08-2025,3
18996,3719,3,31-08-2025,3
19182,3204,3,03-08-2025,3
19321,4936,3,08-05-2025,3
19770,1246,3,11-10-2025,3
19796,6851,3,19-02-2025,3
19942,4823,3,29-04-2025,3
20102,1367,3,29-04-2025,3
20213,5787,3,21-11-2025,3
20257,4027,3,10-06-2025,3
20611,6590,3,01-05-2025,3
20781,3826,3,22-07-2025,3
20840,7752,3,06-06-2025,3
20869,6043,3,01-06-2025,3
20981,3577,3,28-01-2025,3
21047,2554,3,13-11-2025,3
21074,4986,3,08-08-2025,3
21202,6384,3,12-07-2025,3
21290,7429,3,04-07-2025,3
21387,5208,3,04-10-2025,3
21785,2760,3,10-11-2025,3
22170,1440,3,16-11-2025,3
22360,433,3,05-02-2025,3
22445,2151,3,10-10-2025,3
22470,6374,3,02-01-2026,3
22730,5210,3,12-05-2025,3
22828,5782,3,08-03-2025,3
22850,4799,3,14-10-2025,3
22866,7684,3,01-06-2025,3
23005,2497,3,21-11-2025,3
23294,5292,3,10-02-2025,3
23368,4102,3,13-12-2025,3
23549,5711,3,03-09-2025,3
23732,1411,3,18-04-2025,3
23761,3073,3,16-09-2025,3
23846,3851,3,18-02-2025,3
24051,4079,3,25-03-2025,3
24405,1493,3,19-09-2025,3
24451,5619,3,17-10-2025,3
24578,2687,3,15-02-2025,3
24612,6687,3,08-03-2025,3
24799,3354,3,16-03-2025,3
24826,6747,3,19-04-2025,3
25025,7508,3,22-12-2025,3
25128,1068,3,17-09-2025,3
25295,2283,3,04-03-2025,3
25300,7614,3,30-12-2025,3
25366,7890,3,11-05-2025,3
25468,6488,3,29-10-2025,3
25492,4168,3,10-10-2025,3
25701,5935,3,22-02-2025,3
25902,3120,3,17-11-2025,3
26055,1288,3,15-07-2025,3
26060,5437,3,01-05-2025,3
26416,2420,3,04-10-2025,3
26525,2300,3,26-06-2025,3
26861,6310,3,02-07-2025,3
27005,6846,3,21-09-2025,3
27056,7908,3,01-09-2025,3
27195,3193,3,03-03-2025,3
27315,7445,3,01-01-2026,3
27693,7212,3,16-03-2025,3
27995,2855,3,14-07-2025,3
198,7325,14,03-07-2025,3
251,241,14,14-08-2025,3
334,5599,14,07-09-2025,3
349,3005,14,26-03-2025,3
429,1841,14,30-03-2025,3
510,7340,14,10-09-2025,3
553,3339,14,12-01-2026,3
667,1630,14,11-01-2026,3
674,7795,14,10-05-2025,3
757,6205,14,07-10-2025,3
889,4627,14,10-07-2025,3
1026,6372,14,07-11-2025,3
1133,7137,14,20-08-2025,3
1168,845,14,09-01-2025,3
1322,1871,14,14-06-2025,3
1679,6014,14,28-10-2025,3
2011,5112,14,14-03-2025,3
2106,1936,14,20-01-2025,3
2143,393,14,14-05-2025,3
2167,6274,14,09-06-2025,3
2241,4264,14,22-04-2025,3
2259,5959,14,22-07-2025,3
2327,2359,14,17-10-2025,3
2452,591,14,07-09-2025,3
2455,5808,14,21-11-2025,3
2820,5990,14,29-12-2025,3
2871,3446,14,10-12-2025,3
3295,113,14,05-08-2025,3
3346,4251,14,08-12-2025,3
3572,207,14,03-09-2025,3
3813,829,14,27-06-2025,3
3837,7642,14,16-07-2025,3
3842,14,14,14-07-2025,3
3885,1698,14,12-01-2025,3
3905,4515,14,07-06-2025,3
3912,2736,14,24-10-2025,3
4092,2694,14,16-07-2025,3
4149,2420,14,01-09-2025,3
4270,1881,14,23-02-2025,3
4360,2150,14,19-11-2025,3
4447,5521,14,09-08-2025,3
4652,7053,14,14-10-2025,3
4811,3360,14,21-12-2025,3
4870,4002,14,17-12-2025,3
5238,7803,14,08-01-2026,3
5264,1994,14,23-09-2025,3
5285,7569,14,03-02-2025,3
5527,485,14,13-05-2025,3
5598,7848,14,07-04-2025,3
5614,1446,14,19-12-2025,3
5620,3444,14,04-06-2025,3
5679,4202,14,17-03-2025,3
5786,4060,14,12-02-2025,3
6135,7587,14,15-06-2025,3
6161,4417,14,13-09-2025,3
6512,1323,14,25-06-2025,3
6568,2418,14,23-09-2025,3
6614,2520,14,24-10-2025,3
6678,5991,14,25-11-2025,3
6977,2108,14,15-09-2025,3
7406,3654,14,28-02-2025,3
7542,3628,14,06-02-2025,3
7555,6101,14,21-12-2025,3
7962,4970,14,09-11-2025,3
8252,5265,14,02-03-2025,3
8342,7546,14,18-07-2025,3
8368,2656,14,27-06-2025,3
8551,4436,14,10-12-2025,3
8642,4372,14,22-01-2025,3
8660,5765,14,06-03-2025,3
9103,3602,14,23-03-2025,3
9181,7685,14,27-06-2025,3
9218,2520,14,04-04-2025,3
9256,676,14,08-06-2025,3
9313,236,14,07-11-2025,3
9460,2918,14,24-10-2025,3
9715,3615,14,16-11-2025,3
9851,1291,14,17-04-2025,3
9879,7299,14,07-11-2025,3
9982,7582,14,05-12-2025,3
10327,3651,14,08-01-2025,3
10337,1079,14,07-01-2026,3
10364,1129,14,11-02-2025,3
10383,6652,14,29-05-2025,3
10477,4607,14,22-03-2025,3
10617,2260,14,22-04-2025,3
10645,3610,14,12-12-2025,3
10716,2991,14,04-03-2025,3
10757,2340,14,03-12-2025,3
11019,1266,14,26-10-2025,3
11051,5785,14,05-09-2025,3
11075,5470,14,05-04-2025,3
11095,1384,14,06-04-2025,3
11192,4250,14,25-05-2025,3
11261,3705,14,31-05-2025,3
11440,2591,14,06-11-2025,3
11508,2393,14,05-01-2025,3
11668,5080,14,08-03-2025,3
11697,2461,14,09-11-2025,3
11787,7078,14,09-09-2025,3
12092,4505,14,30-06-2025,3
12119,7727,14,29-07-2025,3
12214,972,14,28-10-2025,3
12227,319,14,07-12-2025,3
12764,3548,14,03-06-2025,3
13193,3303,14,05-01-2026,3
13211,46,14,16-05-2025,3
13252,1012,14,13-01-2026,3
13311,7937,14,09-07-2025,3
13322,3897,14,21-06-2025,3
13413,2839,14,19-04-2025,3
13605,4169,14,04-10-2025,3
13807,1734,14,26-10-2025,3
13994,2346,14,11-06-2025,3
14106,3463,14,25-03-2025,3
14376,1630,14,11-01-2025,3
14433,5018,14,03-06-2025,3
14464,6348,14,30-08-2025,3
14712,7982,14,26-01-2025,3
14839,5744,14,14-08-2025,3
14867,5332,14,21-10-2025,3
15150,652,14,06-11-2025,3
15174,5296,14,03-04-2025,3
15277,1561,14,21-02-2025,3
15323,4205,14,04-05-2025,3
15347,7825,14,26-05-2025,3
15443,3032,14,09-05-2025,3
15570,4436,14,21-01-2025,3
15648,4803,14,24-07-2025,3
16206,2562,14,07-07-2025,3
16287,4667,14,30-09-2025,3
16345,160,14,21-11-2025,3
16413,179,14,11-03-2025,3
16471,7745,14,07-03-2025,3
16548,527,14,19-02-2025,3
16755,5287,14,05-05-2025,3
16789,6007,14,06-03-2025,3
16815,6089,14,14-11-2025,3
16921,2014,14,21-11-2025,3
16960,1046,14,21-11-2025,3
16970,4863,14,06-01-2026,3
17039,1573,14,05-11-2025,3
17368,2240,14,14-11-2025,3
17388,5661,14,14-06-2025,3
17389,7692,14,23-05-2025,3
17455,4314,14,23-04-2025,3
17581,2340,14,20-11-2025,3
17910,3492,14,22-09-2025,3
17912,7679,14,14-04-2025,3
17954,5435,14,03-07-2025,3
18137,1034,14,31-12-2025,3
18295,4489,14,08-08-2025,3
18334,2841,14,24-02-2025,3
18540,7954,14,08-05-2025,3
18680,6237,14,10-06-2025,3
18761,418,14,16-12-2025,3
18818,6589,14,06-12-2025,3
18938,5818,14,12-07-2025,3
19111,3531,14,24-05-2025,3
19255,1169,14,04-03-2025,3
19446,7646,14,06-04-2025,3
19528,2543,14,06-03-2025,3
19594,2841,14,02-11-2025,3
19605,3428,14,23-04-2025,3
19719,4034,14,04-05-2025,3
19738,1405,14,13-06-2025,3
19748,6662,14,03-01-2025,3
19749,6514,14,29-11-2025,3
19757,5653,14,24-11-2025,3
19894,5811,14,24-08-2025,3
19912,6511,14,11-07-2025,3
19958,2599,14,09-04-2025,3
20229,381,14,27-05-2025,3
20361,6630,14,09-05-2025,3
20724,7174,14,13-09-2025,3
20808,1397,14,25-01-2025,3
20970,1257,14,23-03-2025,3
21581,7826,14,06-02-2025,3
21763,4355,14,25-07-2025,3
21805,7743,14,24-08-2025,3
21952,1012,14,01-01-2026,3
21956,7346,14,07-01-2025,3
22039,5854,14,15-08-2025,3
22083,6269,14,29-09-2025,3
22123,3447,14,15-02-2025,3
22318,2772,14,25-09-2025,3
22402,5234,14,14-07-2025,3
22650,2917,14,26-10-2025,3
22854,70,14,13-08-2025,3
22905,5724,14,01-05-2025,3
22956,4699,14,07-11-2025,3
23109,3778,14,02-11-2025,3
23320,7593,14,24-07-2025,3
23611,1414,14,09-09-2025,3
23710,4168,14,28-10-2025,3
23719,7208,14,12-01-2026,3
23888,1518,14,27-03-2025,3
24001,5006,14,03-01-2026,3
24064,6490,14,23-07-2025,3
24205,3431,14,26-05-2025,3
24459,1896,14,07-02-2025,3
24463,797,14,23-08-2025,3
24549,893,14,20-05-2025,3
24608,5232,14,11-04-2025,3
24627,1254,14,20-11-2025,3
24704,1194,14,12-12-2025,3
24818,4973,14,13-11-2025,3
24851,3668,14,06-03-2025,3
25119,3236,14,10-03-2025,3
25149,2290,14,20-01-2025,3
25287,7669,14,07-07-2025,3
25684,4987,14,09-01-2026,3
25767,4868,14,31-03-2025,3
25895,7848,14,24-10-2025,3
25945,7973,14,19-01-2025,3
26138,776,14,25-08-2025,3
26180,6104,14,27-04-2025,3
26344,7729,14,02-09-2025,3
26377,17,14,08-03-2025,3
26395,4896,14,26-01-2025,3
26397,1168,14,29-01-2025,3
26450,2064,14,03-10-2025,3
26466,3860,14,14-05-2025,3
26837,7482,14,10-12-2025,3
26843,3914,14,12-06-2025,3
26960,5774,14,18-09-2025,3
27036,5826,14,10-08-2025,3
27044,1537,14,04-01-2026,3
27152,2303,14,09-09-2025,3
27168,3250,14,27-11-2025,3
27573,6888,14,02-06-2025,3
27597,7994,14,14-12-2025,3
27685,5769,14,03-01-2025,3
27955,7434,14,22-10-2025,3
123,2185,22,22-04-2025,3
133,4707,22,14-11-2025,3
160,7096,22,06-06-2025,3
233,7751,22,13-01-2026,3
276,6697,22,09-11-2025,3
277,529,22,28-03-2025,3
542,4950,22,10-10-2025,3
624,7280,22,03-09-2025,3
890,3161,22,15-04-2025,3
1219,3583,22,10-05-2025,3
1249,5633,22,21-12-2025,3
1343,4925,22,22-10-2025,3
1476,4401,22,19-04-2025,3
1566,3837,22,13-04-2025,3
1666,1571,22,20-03-2025,3
1745,262,22,24-11-2025,3
1797,1906,22,25-05-2025,3
1923,1620,22,02-11-2025,3
2062,3836,22,01-09-2025,3
2123,6394,22,16-01-2026,3
2158,3232,22,04-04-2025,3
2238,4378,22,08-06-2025,3
2274,5031,22,04-12-2025,3
2288,2241,22,15-08-2025,3
2462,7030,22,09-12-2025,3
2531,5052,22,12-09-2025,3
2673,3898,22,18-06-2025,3
3296,4065,22,09-01-2026,3
3583,7397,22,25-03-2025,3
3584,1899,22,17-08-2025,3
3632,3559,22,05-01-2026,3
3666,4907,22,25-03-2025,3
3705,6546,22,14-03-2025,3
3976,5984,22,16-03-2025,3
4013,4503,22,30-01-2025,3
4110,4257,22,28-05-2025,3
4433,2073,22,09-12-2025,3
4521,5347,22,05-09-2025,3
4743,5175,22,19-01-2025,3
5146,6076,22,24-02-2025,3
5303,3895,22,26-09-2025,3
5344,6117,22,29-10-2025,3
5600,438,22,29-03-2025,3
5632,6078,22,02-07-2025,3
5748,7576,22,18-09-2025,3
5802,6903,22,10-03-2025,3
6045,5655,22,15-01-2025,3
6168,1799,22,13-12-2025,3
6288,6643,22,26-10-2025,3
6305,6536,22,26-09-2025,3
6371,1393,22,17-10-2025,3
6655,3278,22,24-11-2025,3
6843,4183,22,10-07-2025,3
6942,3805,22,08-03-2025,3
7022,76,22,29-11-2025,3
7110,3285,22,11-10-2025,3
7223,4181,22,27-05-2025,3
7283,4361,22,20-11-2025,3
7579,1783,22,05-02-2025,3
7675,3833,22,20-01-2025,3
7700,7176,22,21-02-2025,3
7785,1085,22,06-09-2025,3
7808,3417,22,26-04-2025,3
7959,2392,22,30-11-2025,3
8011,3970,22,30-06-2025,3
8052,7487,22,29-03-2025,3
8094,6292,22,28-06-2025,3
8195,3198,22,18-05-2025,3
8331,4927,22,03-07-2025,3
8495,1975,22,21-11-2025,3
8536,373,22,22-02-2025,3
8992,7775,22,01-07-2025,3
9061,1142,22,10-02-2025,3
9270,2624,22,14-06-2025,3
9274,4160,22,27-06-2025,3
9510,7191,22,10-12-2025,3
9798,2476,22,16-08-2025,3
9987,5354,22,31-08-2025,3
10133,84,22,10-04-2025,3
10234,3222,22,12-11-2025,3
10238,4368,22,02-12-2025,3
10317,6397,22,05-03-2025,3
10369,5354,22,08-08-2025,3
10498,7039,22,09-01-2026,3
10505,7145,22,07-01-2026,3
10582,4174,22,16-03-2025,3
10681,803,22,29-12-2025,3
10733,5258,22,12-09-2025,3
10845,6519,22,17-01-2025,3
10913,918,22,09-03-2025,3
11117,5735,22,14-12-2025,3
11187,443,22,26-04-2025,3
11195,7743,22,28-04-2025,3
11243,3811,22,18-01-2025,3
11268,5315,22,25-08-2025,3
11343,154,22,03-10-2025,3
11382,3027,22,31-05-2025,3
11505,1660,22,25-07-2025,3
11518,5582,22,07-07-2025,3
11915,1029,22,14-10-2025,3
11976,1761,22,27-07-2025,3
12401,4214,22,09-07-2025,3
12422,6497,22,20-02-2025,3
12441,6392,22,02-06-2025,3
12446,7621,22,29-04-2025,3
12463,843,22,22-06-2025,3
12561,7780,22,17-05-2025,3
12594,1733,22,17-10-2025,3
12609,3157,22,26-03-2025,3
12680,3850,22,11-03-2025,3
12845,2474,22,25-02-2025,3
12870,4358,22,31-03-2025,3
13218,6896,22,09-05-2025,3
13345,4521,22,15-02-2025,3
13489,6379,22,09-02-2025,3
13509,480,22,06-03-2025,3
13657,6743,22,01-12-2025,3
13757,824,22,21-01-2025,3
13782,6419,22,24-05-2025,3
13938,5621,22,27-11-2025,3
14402,4472,22,29-12-2025,3
14495,5012,22,20-08-2025,3
14679,6827,22,06-12-2025,3
14800,3036,22,05-03-2025,3
15263,7404,22,10-10-2025,3
15276,1349,22,09-02-2025,3
15308,4236,22,23-06-2025,3
15445,3844,22,05-04-2025,3
15530,4668,22,15-12-2025,3
15756,6599,22,14-07-2025,3
15757,490,22,22-03-2025,3
16052,5567,22,28-12-2025,3
16193,4090,22,06-03-2025,3
16259,7803,22,17-06-2025,3
16274,7046,22,08-08-2025,3
16671,1337,22,28-04-2025,3
16936,6538,22,14-02-2025,3
17112,18,22,24-03-2025,3
17364,376,22,17-02-2025,3
17414,2652,22,12-10-2025,3
17832,7370,22,29-08-2025,3
18180,3103,22,25-05-2025,3
18282,86,22,20-10-2025,3
18296,350,22,25-11-2025,3
18491,6556,22,23-01-2025,3
18517,400,22,03-09-2025,3
18582,3095,22,26-06-2025,3
18659,7393,22,17-02-2025,3
18682,1537,22,23-04-2025,3
18738,1127,22,03-08-2025,3
18883,6071,22,14-09-2025,3
18907,7993,22,25-11-2025,3
18916,3063,22,17-04-2025,3
19066,4066,22,24-07-2025,3
19124,5538,22,24-02-2025,3
19142,6466,22,01-03-2025,3
19170,7565,22,24-07-2025,3
19342,7468,22,21-05-2025,3
19365,2973,22,09-01-2026,3
19486,6555,22,17-05-2025,3
19965,165,22,21-09-2025,3
20061,7423,22,23-07-2025,3
20153,1850,22,14-03-2025,3
20373,5784,22,09-08-2025,3
20458,2935,22,23-04-2025,3
20592,2098,22,18-12-2025,3
20717,7671,22,13-07-2025,3
20774,4390,22,17-09-2025,3
20966,5058,22,17-05-2025,3
21019,4057,22,04-06-2025,3
21036,4971,22,30-07-2025,3
21280,5185,22,27-12-2025,3
21308,4802,22,09-08-2025,3
21420,6452,22,27-02-2025,3
21490,7073,22,18-05-2025,3
21870,6580,22,02-05-2025,3
21874,4630,22,10-11-2025,3
21878,7668,22,24-04-2025,3
22058,2341,22,15-10-2025,3
22161,7802,22,02-10-2025,3
22191,2068,22,10-02-2025,3
22258,6329,22,20-12-2025,3
22761,1254,22,02-09-2025,3
22780,5706,22,04-07-2025,3
22868,4939,22,16-01-2025,3
22939,1407,22,28-06-2025,3
22969,3626,22,15-10-2025,3
23155,2111,22,22-10-2025,3
23349,1647,22,20-01-2025,3
23403,7749,22,28-10-2025,3
23455,5709,22,16-11-2025,3
23495,861,22,18-01-2025,3
23502,2383,22,27-05-2025,3
23696,1725,22,09-09-2025,3
23709,5938,22,16-02-2025,3
24088,487,22,21-04-2025,3
24090,2870,22,03-09-2025,3
24155,2569,22,30-10-2025,3
24283,6959,22,27-02-2025,3
24300,3076,22,08-12-2025,3
24334,6083,22,31-10-2025,3
24336,7846,22,16-01-2025,3
24473,3754,22,05-02-2025,3
24488,3803,22,21-01-2025,3
24652,5729,22,25-11-2025,3
24832,2687,22,17-07-2025,3
24860,855,22,31-05-2025,3
24905,4890,22,03-07-2025,3
24927,3540,22,05-11-2025,3
25098,4991,22,23-08-2025,3
25338,3917,22,01-01-2026,3
25426,6353,22,27-12-2025,3
25434,242,22,01-07-2025,3
25440,7707,22,06-06-2025,3
25500,4730,22,25-09-2025,3
25547,6223,22,09-02-2025,3
25597,4669,22,10-10-2025,3
25653,5471,22,19-11-2025,3
25830,7111,22,18-05-2025,3
25859,5513,22,11-07-2025,3
26068,3154,22,19-06-2025,3
26457,4489,22,08-02-2025,3
26465,2449,22,20-05-2025,3
26506,113,22,06-07-2025,3
26512,1335,22,12-01-2025,3
26544,6034,22,04-08-2025,3
26745,4425,22,26-04-2025,3
26809,5964,22,04-01-2026,3
26911,6325,22,09-02-2025,3
26988,6519,22,22-07-2025,3
27107,2722,22,29-05-2025,3
27318,3581,22,06-01-2025,3
27386,2680,22,03-01-2026,3
27491,4295,22,20-07-2025,3
27721,5223,22,16-01-2025,3
196,2472,21,19-10-2025,3
395,808,21,12-01-2026,3
439,4873,21,07-04-2025,3
574,789,21,26-07-2025,3
593,3291,21,10-05-2025,3
618,6737,21,03-09-2025,3
1023,5260,21,07-07-2025,3
1094,3082,21,08-08-2025,3
1199,6174,21,31-01-2025,3
1403,3176,21,03-06-2025,3
1409,1473,21,26-12-2025,3
1593,4673,21,30-09-2025,3
1647,3749,21,15-09-2025,3
1693,3442,21,21-02-2025,3
1802,3207,21,17-10-2025,3
1853,1987,21,30-05-2025,3
1893,3348,21,07-06-2025,3
1918,4649,21,18-01-2025,3
2111,4212,21,03-03-2025,3
2515,7790,21,05-04-2025,3
2564,7850,21,19-01-2025,3
2892,6177,21,19-06-2025,3
3093,6083,21,16-03-2025,3
3122,2606,21,17-09-2025,3
3679,4226,21,03-07-2025,3
3718,56,21,04-11-2025,3
3772,2549,21,08-12-2025,3
3840,3489,21,19-10-2025,3
3849,2428,21,11-11-2025,3
3872,7332,21,02-06-2025,3
3874,6005,21,11-01-2025,3
3987,5350,21,17-05-2025,3
4042,7849,21,20-04-2025,3
4093,2335,21,14-01-2026,3
4151,1869,21,18-08-2025,3
4237,2176,21,11-05-2025,3
4316,2868,21,11-01-2025,3
4342,3915,21,10-08-2025,3
4444,5752,21,19-07-2025,3
4618,7531,21,26-04-2025,3
4649,1478,21,07-10-2025,3
4726,5394,21,05-11-2025,3
5230,7920,21,09-11-2025,3
5359,5557,21,01-09-2025,3
5541,7999,21,19-08-2025,3
5674,5984,21,09-07-2025,3
5905,4240,21,25-03-2025,3
6004,4715,21,25-10-2025,3
6143,861,21,11-12-2025,3
6373,5592,21,23-01-2025,3
6421,4851,21,31-03-2025,3
6561,1273,21,19-02-2025,3
6950,3498,21,18-08-2025,3
7011,2890,21,16-04-2025,3
7060,5883,21,30-10-2025,3
7207,1612,21,28-07-2025,3
7213,3038,21,17-09-2025,3
7294,4197,21,18-04-2025,3
7326,2679,21,12-06-2025,3
7328,6262,21,19-01-2025,3
7340,671,21,12-03-2025,3
7528,5853,21,09-04-2025,3
7704,498,21,05-12-2025,3
7733,2653,21,19-02-2025,3
7917,6039,21,10-09-2025,3
7940,4513,21,26-05-2025,3
8003,1196,21,15-12-2025,3
8004,5832,21,05-08-2025,3
8201,3699,21,28-10-2025,3
8231,1335,21,11-12-2025,3
8710,4009,21,16-02-2025,3
8798,2467,21,17-08-2025,3
9012,1761,21,29-10-2025,3
9297,1374,21,13-03-2025,3
9486,6613,21,20-01-2025,3
9612,3350,21,28-07-2025,3
9829,5986,21,06-03-2025,3
9844,774,21,16-12-2025,3
9853,822,21,10-08-2025,3
9869,5463,21,20-02-2025,3
9896,3142,21,07-02-2025,3
9944,6697,21,20-08-2025,3
10156,575,21,15-02-2025,3
10188,4360,21,23-08-2025,3
10281,5385,21,21-11-2025,3
10377,4366,21,08-03-2025,3
10457,7013,21,29-12-2025,3
10523,433,21,11-05-2025,3
10536,7803,21,22-05-2025,3
10746,212,21,15-10-2025,3
10799,2003,21,08-08-2025,3
11302,5695,21,22-11-2025,3
11417,91,21,13-10-2025,3
11978,1592,21,08-03-2025,3
12001,1316,21,25-02-2025,3
12210,3754,21,15-02-2025,3
12500,2082,21,25-02-2025,3
12531,5505,21,09-11-2025,3
12578,1969,21,06-01-2025,3
12862,2223,21,16-01-2026,3
12889,5558,21,17-07-2025,3
12946,6787,21,12-10-2025,3
12973,4552,21,12-07-2025,3
12978,5668,21,03-10-2025,3
13015,2588,21,17-08-2025,3
13032,6212,21,09-08-2025,3
13083,332,21,21-05-2025,3
13282,7923,21,20-02-2025,3
13418,3913,21,26-12-2025,3
13507,3715,21,28-09-2025,3
13591,272,21,27-03-2025,3
13868,7740,21,25-11-2025,3
14110,5461,21,04-05-2025,3
14143,1101,21,28-06-2025,3
14326,3304,21,28-02-2025,3
14400,3649,21,22-04-2025,3
14439,5131,21,29-12-2025,3
14787,4032,21,13-11-2025,3
14962,7219,21,04-02-2025,3
15057,6728,21,18-10-2025,3
15087,2602,21,26-11-2025,3
15169,3019,21,24-03-2025,3
15229,3364,21,01-06-2025,3
15285,2342,21,03-07-2025,3
15309,6946,21,15-11-2025,3
15389,1956,21,22-06-2025,3
15393,5915,21,06-04-2025,3
15416,5989,21,11-03-2025,3
15587,2557,21,17-01-2025,3
15665,7194,21,04-01-2025,3
15743,6375,21,31-01-2025,3
15990,1813,21,19-09-2025,3
16014,427,21,23-08-2025,3
16019,7860,21,05-07-2025,3
16062,388,21,02-07-2025,3
16100,815,21,01-09-2025,3
16112,2519,21,28-03-2025,3
16297,3264,21,18-08-2025,3
16501,3376,21,17-12-2025,3
16572,7559,21,17-11-2025,3
16678,6349,21,27-09-2025,3
17104,1962,21,24-12-2025,3
17294,1550,21,12-11-2025,3
17492,5914,21,21-02-2025,3
17572,2097,21,20-02-2025,3
17752,245,21,29-05-2025,3
17795,6155,21,16-08-2025,3
17842,3654,21,01-04-2025,3
17942,3325,21,09-01-2025,3
17985,3318,21,19-08-2025,3
18089,6456,21,28-08-2025,3
18418,1954,21,11-01-2025,3
18441,6950,21,14-07-2025,3
18447,2633,21,26-03-2025,3
18478,3456,21,18-03-2025,3
18518,4013,21,13-02-2025,3
18565,5303,21,15-10-2025,3
18840,433,21,23-12-2025,3
19049,2113,21,19-03-2025,3
19248,1458,21,22-01-2025,3
19277,5388,21,07-03-2025,3
19300,1405,21,06-09-2025,3
19346,7992,21,22-12-2025,3
19443,3376,21,10-01-2026,3
19601,7702,21,12-07-2025,3
19607,4192,21,29-01-2025,3
19713,7698,21,03-01-2025,3
19877,3215,21,17-04-2025,3
20079,6746,21,17-09-2025,3
20107,2147,21,30-01-2025,3
20295,2136,21,10-07-2025,3
20338,5106,21,30-06-2025,3
20339,3642,21,13-03-2025,3
20511,7742,21,01-11-2025,3
20532,4728,21,17-07-2025,3
20676,4107,21,18-02-2025,3
20772,7063,21,28-10-2025,3
20916,381,21,21-11-2025,3
21255,7604,21,24-01-2025,3
21294,2643,21,19-03-2025,3
21321,1954,21,25-01-2025,3
21456,3413,21,21-03-2025,3
21576,3886,21,01-12-2025,3
21812,2111,21,28-08-2025,3
21841,173,21,31-07-2025,3
22100,5148,21,28-01-2025,3
22253,6495,21,30-05-2025,3
22321,6197,21,30-12-2025,3
22393,4916,21,14-10-2025,3
22452,711,21,27-04-2025,3
22573,366,21,04-12-2025,3
22871,4323,21,09-09-2025,3
23041,692,21,25-08-2025,3
23181,4897,21,18-05-2025,3
23228,7634,21,29-01-2025,3
23233,3976,21,20-03-2025,3
23338,596,21,13-04-2025,3
23434,1922,21,04-09-2025,3
23471,1080,21,29-07-2025,3
23601,5323,21,26-07-2025,3
23695,6286,21,03-12-2025,3
23901,6418,21,08-11-2025,3
24126,1594,21,04-09-2025,3
24567,3488,21,14-01-2026,3
24595,4062,21,08-05-2025,3
24784,1466,21,21-02-2025,3
24935,4694,21,11-01-2026,3
24970,5974,21,09-08-2025,3
24977,558,21,22-06-2025,3
25040,2186,21,17-02-2025,3
25160,2526,21,06-12-2025,3
25395,4788,21,17-03-2025,3
25408,6422,21,20-05-2025,3
25459,6344,21,03-12-2025,3
25637,2037,21,18-07-2025,3
25658,3012,21,11-03-2025,3
25677,1008,21,16-09-2025,3
25715,7784,21,17-01-2026,3
25849,6394,21,26-08-2025,3
26062,939,21,28-05-2025,3
26144,1628,21,20-09-2025,3
26173,6461,21,26-06-2025,3
26214,6160,21,30-05-2025,3
26320,2478,21,30-09-2025,3
26347,2261,21,06-03-2025,3
26396,6563,21,27-02-2025,3
26507,2922,21,14-02-2025,3
26678,6285,21,05-12-2025,3
26886,4822,21,16-03-2025,3
27012,5064,21,01-08-2025,3
27262,3199,21,04-11-2025,3
27323,3800,21,11-03-2025,3
27399,3690,21,20-03-2025,3
27737,2849,21,08-10-2025,3
27819,3067,21,18-12-2025,3
27960,5984,21,18-02-2025,3
598,3859,10,20-08-2025,3
610,3590,10,16-11-2025,3
738,2021,10,05-01-2026,3
765,4982,10,03-05-2025,3
813,2286,10,20-11-2025,3
893,4378,10,16-06-2025,3
898,4628,10,21-03-2025,3
913,1224,10,01-09-2025,3
1068,1678,10,24-03-2025,3
1139,7189,10,06-08-2025,3
1344,4975,10,08-01-2026,3
1356,6001,10,27-08-2025,3
1552,2592,10,02-06-2025,3
1559,2305,10,03-09-2025,3
1617,1894,10,21-09-2025,3
1770,5818,10,21-02-2025,3
1793,303,10,09-05-2025,3
1887,812,10,26-03-2025,3
2340,4958,10,25-02-2025,3
2618,6662,10,31-05-2025,3
2625,1513,10,20-03-2025,3
2635,980,10,25-05-2025,3
2717,991,10,18-10-2025,3
2719,2225,10,10-10-2025,3
2771,6938,10,24-12-2025,3
2825,6489,10,01-10-2025,3
2860,2958,10,25-01-2025,3
2873,151,10,17-09-2025,3
3010,6602,10,10-01-2026,3
3013,5803,10,04-05-2025,3
3067,2377,10,09-01-2026,3
3097,6879,10,01-11-2025,3
3608,2552,10,10-04-2025,3
3628,2147,10,10-07-2025,3
3737,1367,10,03-03-2025,3
3917,395,10,28-03-2025,3
3966,121,10,21-01-2025,3
4044,2317,10,17-07-2025,3
4135,603,10,27-08-2025,3
4179,1544,10,15-04-2025,3
4354,4658,10,10-04-2025,3
4383,2999,10,28-03-2025,3
4403,5350,10,19-09-2025,3
4441,4078,10,24-12-2025,3
4567,6423,10,14-11-2025,3
4672,167,10,02-03-2025,3
4686,6467,10,12-02-2025,3
4766,4117,10,04-01-2025,3
5144,7675,10,18-04-2025,3
5170,2527,10,14-04-2025,3
5210,2124,10,04-09-2025,3
5339,4004,10,26-09-2025,3
5556,1089,10,16-02-2025,3
5628,6557,10,26-03-2025,3
5776,6717,10,07-07-2025,3
5936,6427,10,22-05-2025,3
6184,3755,10,30-06-2025,3
6429,4086,10,20-12-2025,3
6432,893,10,15-05-2025,3
6459,394,10,16-01-2026,3
6530,445,10,10-08-2025,3
6749,3459,10,28-12-2025,3
6779,6295,10,23-10-2025,3
6789,2609,10,14-09-2025,3
6874,4142,10,16-11-2025,3
7081,4932,10,15-03-2025,3
7100,616,10,09-09-2025,3
7239,6172,10,24-06-2025,3
7858,5853,10,23-08-2025,3
7963,6869,10,23-05-2025,3
8149,2106,10,27-05-2025,3
8332,6128,10,24-12-2025,3
8467,6207,10,08-07-2025,3
8491,5093,10,02-01-2026,3
8526,4613,10,15-05-2025,3
8647,822,10,01-01-2026,3
8780,7912,10,16-12-2025,3
8788,587,10,12-09-2025,3
8844,4728,10,13-11-2025,3
8882,4506,10,01-03-2025,3
9057,6197,10,04-01-2026,3
9137,4908,10,07-07-2025,3
9149,7598,10,24-07-2025,3
9526,1196,10,05-09-2025,3
9654,6174,10,28-01-2025,3
9872,4892,10,26-04-2025,3
9909,3402,10,21-10-2025,3
9922,6431,10,12-09-2025,3
9965,7254,10,21-04-2025,3
10314,4287,10,30-01-2025,3
10336,3509,10,18-11-2025,3
10360,4778,10,14-07-2025,3
10386,7016,10,10-06-2025,3
10493,2360,10,31-10-2025,3
10615,333,10,05-07-2025,3
10626,3985,10,12-03-2025,3
10747,2484,10,17-06-2025,3
10939,7038,10,05-10-2025,3
10979,6620,10,15-06-2025,3
11142,1885,10,15-01-2025,3
11214,3048,10,29-06-2025,3
11257,2991,10,05-06-2025,3
11552,3992,10,26-11-2025,3
11665,1462,10,03-04-2025,3
11695,7061,10,21-02-2025,3
11707,2599,10,23-12-2025,3
11735,538,10,15-09-2025,3
11749,1295,10,02-06-2025,3
11948,7198,10,30-09-2025,3
12109,6347,10,22-07-2025,3
12170,639,10,31-07-2025,3
12312,2838,10,21-09-2025,3
12400,7306,10,04-12-2025,3
12436,723,10,28-01-2025,3
12438,3514,10,18-01-2026,3
12478,2766,10,23-04-2025,3
12481,4822,10,11-07-2025,3
12511,5482,10,29-07-2025,3
12523,2275,10,16-07-2025,3
12543,3320,10,24-07-2025,3
12580,5221,10,13-11-2025,3
12814,1761,10,04-12-2025,3
12842,5792,10,23-12-2025,3
13048,2891,10,18-03-2025,3
13073,2970,10,01-09-2025,3
13188,1988,10,11-09-2025,3
13210,1580,10,20-02-2025,3
13323,1536,10,25-01-2025,3
13387,2678,10,20-09-2025,3
13616,4970,10,26-07-2025,3
13640,7386,10,16-11-2025,3
13685,3324,10,23-07-2025,3
13719,3556,10,14-04-2025,3
13733,1853,10,22-07-2025,3
13844,3033,10,09-01-2026,3
13902,2270,10,30-01-2025,3
14000,2504,10,05-08-2025,3
14032,7328,10,11-11-2025,3
14129,4222,10,01-09-2025,3
14132,4983,10,18-08-2025,3
14355,5171,10,18-10-2025,3
14362,615,10,30-05-2025,3
15031,4773,10,03-06-2025,3
15400,2069,10,16-10-2025,3
15418,3267,10,13-07-2025,3
15427,6886,10,28-01-2025,3
15649,3099,10,21-07-2025,3
15811,6867,10,02-08-2025,3
15979,2604,10,18-04-2025,3
15998,6947,10,03-01-2026,3
16085,3465,10,08-08-2025,3
16183,2260,10,08-11-2025,3
16384,6041,10,11-03-2025,3
16484,7092,10,09-05-2025,3
16618,4990,10,19-07-2025,3
16722,208,10,27-07-2025,3
16762,1257,10,16-01-2026,3
17031,5224,10,10-11-2025,3
17051,5503,10,05-04-2025,3
17180,7159,10,28-08-2025,3
17369,5986,10,05-05-2025,3
17439,5766,10,21-06-2025,3
17709,4258,10,17-07-2025,3
17846,736,10,21-04-2025,3
17932,6211,10,08-01-2025,3
17949,6525,10,04-02-2025,3
18100,7917,10,14-03-2025,3
18111,6888,10,24-08-2025,3
18216,7616,10,25-10-2025,3
18571,4581,10,15-04-2025,3
18931,7114,10,17-01-2026,3
18939,362,10,20-09-2025,3
18945,4035,10,31-08-2025,3
18992,2317,10,09-03-2025,3
19097,2090,10,12-12-2025,3
19105,6839,10,15-01-2025,3
19157,4565,10,19-04-2025,3
19183,744,10,02-07-2025,3
19280,4393,10,12-08-2025,3
19675,7052,10,20-01-2025,3
19760,4153,10,26-11-2025,3
19867,2909,10,15-12-2025,3
19927,6369,10,12-01-2025,3
20071,773,10,14-08-2025,3
20371,1620,10,07-04-2025,3
20479,1794,10,02-03-2025,3
20846,4661,10,11-07-2025,3
21337,6109,10,26-11-2025,3
21432,2028,10,27-10-2025,3
21654,4222,10,20-06-2025,3
21777,524,10,18-02-2025,3
22164,3765,10,18-01-2026,3
22238,885,10,31-08-2025,3
22333,1818,10,20-07-2025,3
22512,7210,10,01-03-2025,3
22590,1339,10,08-03-2025,3
22673,3986,10,29-01-2025,3
23061,1833,10,15-08-2025,3
23108,4341,10,14-02-2025,3
23131,5516,10,28-09-2025,3
23149,777,10,05-04-2025,3
23541,7143,10,12-07-2025,3
23605,7121,10,22-03-2025,3
23687,7310,10,30-11-2025,3
23924,5194,10,12-05-2025,3
23977,5447,10,12-08-2025,3
24358,2956,10,11-01-2025,3
24412,494,10,22-11-2025,3
24425,4050,10,12-08-2025,3
24548,4079,10,28-03-2025,3
24644,1455,10,16-11-2025,3
24792,6651,10,03-03-2025,3
24965,1369,10,17-09-2025,3
25449,2352,10,02-04-2025,3
25639,3892,10,22-03-2025,3
25718,1712,10,20-03-2025,3
25784,3841,10,22-07-2025,3
25943,6795,10,22-02-2025,3
26037,5937,10,21-05-2025,3
26170,2626,10,07-10-2025,3
26302,3594,10,20-10-2025,3
26517,1629,10,03-01-2026,3
26524,7782,10,17-09-2025,3
26673,5899,10,09-01-2026,3
26833,632,10,06-12-2025,3
26917,2060,10,27-04-2025,3
26962,1894,10,21-06-2025,3
26982,2768,10,20-08-2025,3
26996,5189,10,14-05-2025,3
27153,3799,10,02-01-2025,3
27171,3402,10,06-03-2025,3
27261,1028,10,22-01-2025,3
27572,6757,10,04-08-2025,3
27623,3816,10,15-10-2025,3
27652,846,10,20-11-2025,3
27699,3796,10,09-02-2025,3
27730,2189,10,10-06-2025,3
293,6595,12,01-08-2025,3
391,4828,12,09-12-2025,3
531,2480,12,24-06-2025,3
626,5593,12,10-09-2025,3
801,1780,12,21-05-2025,3
834,3786,12,03-01-2025,3
984,5737,12,23-09-2025,3
1052,2235,12,15-08-2025,3
1255,4621,12,14-07-2025,3
1259,2811,12,16-01-2025,3
1498,1476,12,15-11-2025,3
1609,7658,12,18-12-2025,3
1692,6498,12,25-08-2025,3
1703,929,12,18-11-2025,3
1740,1852,12,20-10-2025,3
1766,1272,12,06-03-2025,3
1924,322,12,31-07-2025,3
1963,4535,12,25-10-2025,3
2083,1375,12,18-12-2025,3
2098,5176,12,13-05-2025,3
2136,1130,12,21-10-2025,3
2139,5880,12,16-10-2025,3
2176,4444,12,31-05-2025,3
2228,2632,12,29-10-2025,3
2233,2127,12,16-05-2025,3
2392,6962,12,04-10-2025,3
2407,4169,12,02-06-2025,3
2410,3092,12,18-10-2025,3
2428,751,12,06-06-2025,3
2510,3305,12,24-09-2025,3
2622,2190,12,17-01-2025,3
2845,3988,12,12-01-2025,3
2941,2872,12,31-01-2025,3
3159,5537,12,30-05-2025,3
3236,430,12,22-03-2025,3
3239,2820,12,06-07-2025,3
3341,1666,12,18-12-2025,3
3369,5978,12,06-11-2025,3
3371,7300,12,21-10-2025,3
3397,3577,12,10-12-2025,3
3480,3329,12,08-09-2025,3
3546,6098,12,11-06-2025,3
3801,3667,12,18-05-2025,3
4191,7767,12,28-03-2025,3
4209,5565,12,24-06-2025,3
4216,4760,12,19-06-2025,3
4296,2279,12,12-02-2025,3
4384,282,12,20-02-2025,3
4413,3877,12,17-09-2025,3
4546,7482,12,31-12-2025,3
4573,6336,12,11-09-2025,3
4875,3218,12,06-06-2025,3
4988,219,12,29-04-2025,3
5071,6561,12,03-01-2026,3
5176,6057,12,18-05-2025,3
5195,3518,12,13-08-2025,3
5207,5183,12,13-03-2025,3
5383,855,12,17-01-2026,3
5413,7175,12,12-06-2025,3
5669,1397,12,22-01-2025,3
5750,3811,12,30-04-2025,3
5764,2155,12,24-09-2025,3
5890,488,12,29-01-2025,3
6241,2519,12,23-10-2025,3
6300,2603,12,17-12-2025,3
6496,5134,12,11-01-2026,3
6548,4695,12,31-08-2025,3
6608,3517,12,03-12-2025,3
6826,5562,12,15-03-2025,3
6890,6717,12,02-12-2025,3
6891,1077,12,26-01-2025,3
6932,4296,12,07-09-2025,3
6943,2191,12,05-05-2025,3
7020,4500,12,16-10-2025,3
7031,4251,12,02-12-2025,3
7064,4267,12,26-09-2025,3
7369,2124,12,28-11-2025,3
7530,66,12,04-05-2025,3
7605,5739,12,02-08-2025,3
7901,7887,12,08-05-2025,3
8182,438,12,14-05-2025,3
8319,7814,12,16-06-2025,3
8407,6420,12,05-05-2025,3
8519,2598,12,20-04-2025,3
8520,5846,12,06-05-2025,3
8569,2798,12,15-06-2025,3
8824,4211,12,16-10-2025,3
8905,3013,12,24-05-2025,3
8911,7385,12,11-11-2025,3
8970,4169,12,16-01-2026,3
9023,227,12,20-01-2025,3
9193,5435,12,14-05-2025,3
9475,7389,12,11-01-2025,3
9678,7944,12,09-06-2025,3
9711,127,12,15-03-2025,3
9923,3892,12,04-12-2025,3
9978,1422,12,10-07-2025,3
10154,7710,12,04-05-2025,3
10184,4787,12,22-02-2025,3
10868,2465,12,31-08-2025,3
11101,2041,12,09-01-2026,3
11145,6131,12,04-06-2025,3
11383,4235,12,18-02-2025,3
11495,4549,12,18-07-2025,3
11823,7611,12,21-04-2025,3
12030,115,12,03-11-2025,3
12031,6474,12,06-03-2025,3
12178,3949,12,05-02-2025,3
12192,2070,12,08-03-2025,3
12199,2195,12,30-05-2025,3
12479,7583,12,05-04-2025,3
12494,5956,12,20-12-2025,3
12648,7820,12,05-05-2025,3
13084,2815,12,03-08-2025,3
13093,1014,12,01-12-2025,3
13192,6057,12,04-01-2025,3
13216,5861,12,13-05-2025,3
13235,1404,12,03-04-2025,3
13561,6539,12,19-03-2025,3
13760,877,12,20-02-2025,3
13761,6729,12,07-05-2025,3
13835,2344,12,13-11-2025,3
13872,925,12,05-09-2025,3
13956,5794,12,29-03-2025,3
14202,829,12,24-11-2025,3
14249,6997,12,14-01-2025,3
14405,4712,12,13-02-2025,3
14448,1925,12,16-06-2025,3
14556,972,12,18-05-2025,3
14811,1511,12,25-06-2025,3
14818,751,12,13-11-2025,3
15255,6431,12,02-08-2025,3
15375,484,12,07-09-2025,3
15396,3054,12,10-02-2025,3
15438,4123,12,03-08-2025,3
15695,1738,12,29-08-2025,3
15890,5969,12,28-05-2025,3
15997,5599,12,24-12-2025,3
16038,7131,12,18-01-2026,3
16194,4707,12,26-04-2025,3
16277,6841,12,06-11-2025,3
16305,1828,12,12-07-2025,3
16461,6387,12,11-01-2025,3
16493,805,12,24-04-2025,3
16513,5914,12,07-01-2026,3
16576,6596,12,11-06-2025,3
16604,5493,12,13-01-2026,3
16793,2046,12,22-02-2025,3
16876,1853,12,22-01-2025,3
16891,2465,12,24-12-2025,3
17293,5335,12,31-05-2025,3
17379,3255,12,21-02-2025,3
17401,4271,12,16-01-2025,3
17424,4182,12,11-10-2025,3
17868,2896,12,25-01-2025,3
17979,2212,12,27-11-2025,3
18009,1184,12,30-08-2025,3
18098,4366,12,12-09-2025,3
18457,6757,12,11-07-2025,3
18576,1766,12,13-08-2025,3
18668,1218,12,27-11-2025,3
18981,7111,12,19-01-2025,3
19065,420,12,02-05-2025,3
19067,5794,12,20-05-2025,3
19133,7283,12,25-04-2025,3
19305,3389,12,23-02-2025,3
19463,2853,12,03-04-2025,3
19617,7388,12,07-01-2025,3
19663,2759,12,09-04-2025,3
19707,3887,12,01-04-2025,3
19716,1096,12,31-08-2025,3
20057,7431,12,24-05-2025,3
20137,742,12,14-09-2025,3
20146,6113,12,26-06-2025,3
20157,478,12,21-06-2025,3
20182,3706,12,29-10-2025,3
20232,2573,12,31-10-2025,3
20384,5676,12,07-11-2025,3
20438,1195,12,11-09-2025,3
20579,3391,12,03-11-2025,3
20674,2376,12,18-02-2025,3
20807,3009,12,02-02-2025,3
20936,853,12,25-04-2025,3
21138,7112,12,06-01-2026,3
21313,575,12,07-03-2025,3
21328,1737,12,24-06-2025,3
21367,5603,12,01-05-2025,3
21389,2649,12,13-03-2025,3
21446,7820,12,30-04-2025,3
21479,4478,12,28-07-2025,3
21560,789,12,19-07-2025,3
21696,6136,12,28-06-2025,3
21781,1808,12,30-08-2025,3
22028,7936,12,03-01-2025,3
22163,2366,12,20-11-2025,3
22366,5934,12,14-02-2025,3
22484,7924,12,11-02-2025,3
22592,925,12,26-06-2025,3
22612,4446,12,07-01-2025,3
22680,5665,12,24-12-2025,3
22934,162,12,25-06-2025,3
23044,6770,12,21-09-2025,3
23221,2740,12,30-12-2025,3
23308,2809,12,29-06-2025,3
23332,5268,12,04-08-2025,3
23442,5228,12,06-05-2025,3
23458,1080,12,05-04-2025,3
23498,4593,12,21-01-2025,3
23542,6819,12,19-06-2025,3
23559,1748,12,28-04-2025,3
23822,6149,12,06-01-2026,3
23862,1808,12,01-04-2025,3
23899,6312,12,31-05-2025,3
24017,3773,12,24-06-2025,3
24125,6100,12,16-01-2025,3
24148,5055,12,07-06-2025,3
24364,6956,12,25-04-2025,3
24613,1104,12,27-09-2025,3
24647,218,12,01-03-2025,3
24671,7469,12,22-02-2025,3
24924,5721,12,15-11-2025,3
25377,1746,12,03-01-2025,3
25476,7867,12,23-01-2025,3
25521,4321,12,20-06-2025,3
26021,784,12,03-01-2025,3
26257,49,12,22-05-2025,3
26294,3271,12,02-01-2026,3
26694,3966,12,07-07-2025,3
26879,2351,12,19-06-2025,3
26951,1019,12,07-01-2025,3
27075,2992,12,02-01-2026,3
27113,4883,12,28-11-2025,3
27162,6874,12,29-05-2025,3
27389,2706,12,03-07-2025,3
27590,1200,12,01-09-2025,3
27600,1394,12,05-08-2025,3
27635,386,12,16-10-2025,3
27747,1447,12,27-01-2025,3
27933,2036,12,20-07-2025,3
102,5357,24,18-03-2025,3
258,4718,24,30-08-2025,3
300,5464,24,28-10-2025,3
523,4290,24,15-12-2025,3
623,2202,24,15-11-2025,3
741,182,24,23-07-2025,3
825,5120,24,02-08-2025,3
951,2041,24,14-11-2025,3
989,3401,24,26-06-2025,3
1267,6222,24,09-06-2025,3
1296,7098,24,26-06-2025,3
1387,227,24,09-05-2025,3
1466,7234,24,14-02-2025,3
1485,2806,24,10-10-2025,3
1808,2647,24,27-05-2025,3
1819,1443,24,08-10-2025,3
1889,3684,24,16-12-2025,3
1926,6806,24,03-09-2025,3
2014,6666,24,15-07-2025,3
2038,2429,24,19-12-2025,3
2058,7822,24,10-08-2025,3
2092,3275,24,01-11-2025,3
2196,5259,24,04-07-2025,3
2221,2947,24,05-04-2025,3
2226,6714,24,22-03-2025,3
2374,1264,24,09-08-2025,3
2431,567,24,26-12-2025,3
2760,746,24,27-12-2025,3
2781,4859,24,29-03-2025,3
2821,6096,24,18-08-2025,3
3027,661,24,11-10-2025,3
3060,4887,24,24-05-2025,3
3110,7902,24,12-07-2025,3
3201,7755,24,26-08-2025,3
3279,2913,24,02-03-2025,3
3354,5555,24,30-07-2025,3
3542,5593,24,07-01-2026,3
3652,2882,24,30-03-2025,3
3703,5115,24,10-11-2025,3
3823,129,24,31-01-2025,3
3984,5773,24,15-09-2025,3
4047,586,24,11-05-2025,3
4071,5290,24,22-11-2025,3
4473,1987,24,09-05-2025,3
4520,3801,24,15-12-2025,3
4698,4852,24,22-04-2025,3
4775,1404,24,27-08-2025,3
4963,746,24,19-11-2025,3
4987,5082,24,12-11-2025,3
4992,158,24,28-06-2025,3
5018,2845,24,24-09-2025,3
5106,1109,24,06-10-2025,3
5169,6672,24,23-09-2025,3
5402,1266,24,02-08-2025,3
5425,5954,24,06-11-2025,3
5873,6633,24,11-08-2025,3
5982,6948,24,18-05-2025,3
5989,6317,24,17-08-2025,3
6127,984,24,11-12-2025,3
6134,5862,24,25-03-2025,3
6158,3998,24,16-03-2025,3
6171,3870,24,05-01-2026,3
6240,4293,24,24-06-2025,3
6280,1253,24,09-12-2025,3
6303,4333,24,07-05-2025,3
6341,7556,24,09-10-2025,3
6353,2390,24,20-02-2025,3
6370,2477,24,30-05-2025,3
6387,6259,24,11-11-2025,3
6455,5827,24,02-04-2025,3
6478,1423,24,31-03-2025,3
6848,6107,24,07-11-2025,3
6900,4962,24,22-09-2025,3
6962,5682,24,29-05-2025,3
7184,934,24,15-04-2025,3
7196,4830,24,05-06-2025,3
7317,4924,24,01-01-2025,3
7413,4107,24,17-01-2026,3
7532,608,24,19-08-2025,3
7551,6637,24,09-05-2025,3
7553,2014,24,07-04-2025,3
7646,2601,24,18-01-2025,3
7738,5445,24,14-03-2025,3
8043,7248,24,16-01-2026,3
8048,5902,24,22-02-2025,3
8120,4067,24,28-01-2025,3
8306,3652,24,05-08-2025,3
8488,7479,24,16-01-2026,3
8644,5417,24,22-02-2025,3
8971,1709,24,05-04-2025,3
9000,5873,24,04-06-2025,3
9107,2877,24,11-08-2025,3
9114,7933,24,01-05-2025,3
9159,5795,24,06-07-2025,3
9184,1252,24,22-08-2025,3
9324,871,24,19-03-2025,3
9587,6663,24,26-09-2025,3
9753,3382,24,14-03-2025,3
9946,7377,24,03-01-2025,3
9955,2731,24,04-11-2025,3
10112,1133,24,16-03-2025,3
10142,7339,24,25-04-2025,3
10420,5964,24,20-09-2025,3
10485,7520,24,06-10-2025,3
10572,1528,24,26-11-2025,3
10592,3290,24,12-07-2025,3
10988,160,24,17-01-2025,3
11168,6413,24,21-12-2025,3
11266,4817,24,10-10-2025,3
11423,6155,24,31-08-2025,3
11474,859,24,23-08-2025,3
11742,2026,24,03-05-2025,3
11746,5730,24,14-08-2025,3
11805,4018,24,16-08-2025,3
11822,3966,24,18-01-2026,3
11831,3106,24,31-12-2025,3
11963,6480,24,24-12-2025,3
12112,4790,24,12-12-2025,3
12382,5757,24,06-08-2025,3
12495,5827,24,21-06-2025,3
12570,2660,24,10-06-2025,3
12799,5914,24,18-04-2025,3
12907,2402,24,11-08-2025,3
13269,3835,24,14-06-2025,3
13391,4195,24,07-07-2025,3
13419,1973,24,01-04-2025,3
13617,707,24,29-08-2025,3
13747,6803,24,13-01-2026,3
13852,5148,24,29-05-2025,3
14220,6434,24,29-09-2025,3
14240,5812,24,25-04-2025,3
14324,2460,24,20-08-2025,3
14392,3710,24,02-01-2026,3
14410,4623,24,16-04-2025,3
14650,6099,24,23-05-2025,3
14918,645,24,07-06-2025,3
15172,804,24,05-09-2025,3
15334,768,24,27-07-2025,3
15621,5015,24,19-09-2025,3
15896,3781,24,03-12-2025,3
15915,1279,24,17-05-2025,3
16267,2483,24,21-05-2025,3
16367,6163,24,12-11-2025,3
16423,5498,24,25-03-2025,3
16598,6574,24,21-08-2025,3
16704,6572,24,20-11-2025,3
16719,693,24,08-12-2025,3
16856,1558,24,03-04-2025,3
17222,7591,24,29-09-2025,3
17367,3905,24,11-09-2025,3
17789,1295,24,17-12-2025,3
17833,2561,24,30-06-2025,3
17865,4745,24,30-11-2025,3
18000,621,24,04-01-2026,3
18020,2674,24,29-12-2025,3
18171,4794,24,07-12-2025,3
18172,5123,24,16-10-2025,3
18181,3705,24,27-02-2025,3
18209,7667,24,29-05-2025,3
18246,7909,24,20-02-2025,3
18379,1239,24,11-10-2025,3
18380,3202,24,21-11-2025,3
18434,7249,24,11-10-2025,3
18522,6980,24,17-06-2025,3
18715,5109,24,01-12-2025,3
18733,7994,24,30-05-2025,3
18752,4232,24,30-12-2025,3
18756,5647,24,11-10-2025,3
18768,7474,24,15-09-2025,3
18970,2809,24,17-03-2025,3
19093,6851,24,16-12-2025,3
19185,2542,24,25-10-2025,3
19209,978,24,24-12-2025,3
19282,963,24,22-04-2025,3
19311,2892,24,01-05-2025,3
19368,7512,24,23-08-2025,3
19414,3144,24,13-01-2026,3
19457,7576,24,24-05-2025,3
19618,3302,24,10-01-2026,3
19639,5699,24,10-07-2025,3
19714,6961,24,16-05-2025,3
19840,401,24,20-05-2025,3
19984,397,24,22-11-2025,3
20245,50,24,30-03-2025,3
20286,4311,24,20-06-2025,3
20388,3403,24,28-02-2025,3
20582,7803,24,25-08-2025,3
20833,1115,24,04-03-2025,3
20895,2342,24,05-09-2025,3
21094,270,24,28-05-2025,3
21627,5751,24,24-08-2025,3
21645,583,24,06-04-2025,3
22087,7574,24,07-11-2025,3
22184,7471,24,01-03-2025,3
22205,7042,24,06-09-2025,3
22208,6362,24,03-09-2025,3
22241,6058,24,10-07-2025,3
22328,4634,24,31-01-2025,3
22356,5936,24,10-09-2025,3
22477,6048,24,13-10-2025,3
22648,6627,24,01-11-2025,3
22796,3602,24,12-06-2025,3
23103,4579,24,19-11-2025,3
23139,1821,24,15-10-2025,3
23237,3900,24,07-09-2025,3
23526,5707,24,28-08-2025,3
23529,5533,24,26-07-2025,3
23900,2527,24,13-01-2025,3
23992,2024,24,03-12-2025,3
23998,7605,24,30-05-2025,3
24073,3455,24,28-11-2025,3
24242,5388,24,26-01-2025,3
24585,3697,24,26-01-2025,3
24597,1505,24,26-04-2025,3
24600,1559,24,03-10-2025,3
24617,4669,24,19-04-2025,3
24852,4174,24,05-11-2025,3
24868,4881,24,13-01-2026,3
25363,2235,24,07-02-2025,3
25376,6510,24,08-10-2025,3
25473,4422,24,17-01-2026,3
25475,1623,24,15-01-2026,3
25520,5777,24,02-05-2025,3
25624,5584,24,24-12-2025,3
26050,2188,24,31-03-2025,3
26072,1208,24,14-02-2025,3
26126,2875,24,30-12-2025,3
26471,5936,24,24-12-2025,3
26491,5286,24,24-07-2025,3
26692,7595,24,11-06-2025,3
26915,6783,24,07-05-2025,3
27170,852,24,06-07-2025,3
27344,1709,24,05-12-2025,3
27365,2132,24,02-03-2025,3
27380,3086,24,11-10-2025,3
27456,7643,24,02-01-2025,3
27521,3171,24,09-05-2025,3
27711,6021,24,02-03-2025,3
27740,7579,24,27-12-2025,3
27754,3864,24,05-01-2025,3
27835,6528,24,09-11-2025,3
27952,45,24,09-06-2025,3
136,3372,18,11-07-2025,3
259,989,18,24-07-2025,3
775,649,18,28-06-2025,3
1149,6639,18,29-09-2025,3
1177,4704,18,04-01-2026,3
1451,7063,18,03-05-2025,3
1516,3430,18,07-04-2025,3
1757,6503,18,29-01-2025,3
1866,3609,18,06-04-2025,3
2359,2194,18,05-04-2025,3
2550,1618,18,02-10-2025,3
2621,7757,18,25-08-2025,3
2657,7176,18,25-05-2025,3
2672,5329,18,10-01-2026,3
2832,618,18,05-10-2025,3
2931,4015,18,26-01-2025,3
2949,6438,18,09-07-2025,3
3029,2355,18,09-01-2025,3
3044,7125,18,31-03-2025,3
3390,2396,18,04-05-2025,3
3421,7352,18,03-10-2025,3
3477,435,18,06-10-2025,3
3502,6946,18,14-04-2025,3
3655,5080,18,31-12-2025,3
3725,791,18,18-05-2025,3
4019,2164,18,03-05-2025,3
4118,4334,18,18-03-2025,3
4140,2386,18,31-03-2025,3
4175,4687,18,29-10-2025,3
4640,4887,18,03-01-2025,3
4645,5006,18,24-03-2025,3
4847,4129,18,25-08-2025,3
5028,6490,18,06-01-2026,3
5030,2288,18,13-10-2025,3
5069,4711,18,04-07-2025,3
5200,1153,18,03-01-2025,3
5514,7091,18,13-06-2025,3
5531,3284,18,04-06-2025,3
5537,5348,18,19-12-2025,3
5719,5615,18,28-06-2025,3
5758,2645,18,22-10-2025,3
5801,7520,18,09-01-2026,3
5804,7206,18,10-07-2025,3
5846,4416,18,04-01-2026,3
5951,79,18,11-04-2025,3
5986,6715,18,17-01-2026,3
6103,3069,18,03-07-2025,3
6122,500,18,05-04-2025,3
6422,567,18,19-05-2025,3
6461,7992,18,10-10-2025,3
6477,3369,18,28-03-2025,3
6665,6152,18,16-01-2026,3
6701,6799,18,15-08-2025,3
7005,6500,18,05-10-2025,3
7071,4913,18,15-06-2025,3
7087,7906,18,09-01-2025,3
7180,4519,18,06-09-2025,3
7243,7685,18,30-12-2025,3
7325,5422,18,18-12-2025,3
7397,6180,18,22-08-2025,3
7471,7717,18,26-03-2025,3
7535,7944,18,10-01-2025,3
7562,3182,18,12-03-2025,3
7631,2818,18,09-02-2025,3
7637,7443,18,06-10-2025,3
7682,1359,18,24-04-2025,3
7712,136,18,12-01-2025,3
7752,3730,18,29-09-2025,3
7791,5510,18,13-03-2025,3
8009,4282,18,14-06-2025,3
8427,1241,18,22-04-2025,3
9002,3917,18,08-09-2025,3
9142,2007,18,15-01-2025,3
9300,1526,18,14-08-2025,3
9349,3767,18,08-08-2025,3
9539,7421,18,08-02-2025,3
9594,5232,18,19-11-2025,3
9710,3741,18,28-05-2025,3
9751,403,18,13-11-2025,3
9768,2831,18,27-07-2025,3
9778,7443,18,23-07-2025,3
9806,1253,18,23-05-2025,3
9814,5024,18,27-06-2025,3
9941,5790,18,18-10-2025,3
10052,5874,18,15-10-2025,3
10083,4407,18,01-10-2025,3
10274,5973,18,21-10-2025,3
10449,3487,18,15-04-2025,3
10526,5543,18,15-12-2025,3
10826,1207,18,10-02-2025,3
10841,2061,18,13-05-2025,3
10856,4101,18,28-09-2025,3
10896,7287,18,15-06-2025,3
11172,4770,18,08-07-2025,3
11334,6419,18,09-09-2025,3
11547,1167,18,17-05-2025,3
11548,2503,18,21-10-2025,3
11713,4987,18,15-03-2025,3
11925,7747,18,11-08-2025,3
11939,6781,18,27-08-2025,3
12315,6514,18,10-05-2025,3
12413,4919,18,28-01-2025,3
12465,4659,18,22-06-2025,3
12652,4159,18,22-02-2025,3
13161,4502,18,23-11-2025,3
13222,2665,18,11-03-2025,3
13325,2366,18,12-08-2025,3
13355,7306,18,09-11-2025,3
13515,6087,18,07-02-2025,3
13551,5565,18,17-01-2025,3
13618,4629,18,18-03-2025,3
13668,5202,18,15-04-2025,3
13789,4371,18,28-12-2025,3
14038,7894,18,19-09-2025,3
14107,3759,18,11-06-2025,3
14141,4392,18,20-08-2025,3
14244,7539,18,25-06-2025,3
14306,5349,18,24-11-2025,3
14487,2974,18,23-12-2025,3
14515,7343,18,06-11-2025,3
14570,1809,18,07-10-2025,3
14580,545,18,03-08-2025,3
14653,6310,18,09-04-2025,3
14691,1856,18,17-07-2025,3
15011,999,18,04-01-2026,3
15095,2486,18,29-10-2025,3
15247,6796,18,28-03-2025,3
15369,3668,18,22-04-2025,3
15575,3345,18,01-01-2026,3
15599,937,18,17-04-2025,3
15691,121,18,29-07-2025,3
15717,5887,18,11-07-2025,3
15737,7259,18,01-08-2025,3
15747,3961,18,30-07-2025,3
15797,2249,18,17-04-2025,3
15827,386,18,11-06-2025,3
15866,4399,18,25-09-2025,3
16394,244,18,13-07-2025,3
16467,6068,18,07-04-2025,3
16492,4232,18,29-07-2025,3
16591,5228,18,01-05-2025,3
16802,721,18,23-06-2025,3
16847,3882,18,31-01-2025,3
17161,3219,18,20-02-2025,3
17338,5065,18,06-05-2025,3
17371,2852,18,29-12-2025,3
17672,716,18,06-11-2025,3
17677,2948,18,14-01-2025,3
17773,5068,18,12-01-2026,3
17837,978,18,26-03-2025,3
18143,6842,18,17-05-2025,3
18523,947,18,18-07-2025,3
18686,4433,18,01-09-2025,3
18985,1390,18,11-11-2025,3
19085,6551,18,19-04-2025,3
19099,6677,18,18-03-2025,3
19173,2408,18,10-09-2025,3
19299,2520,18,30-03-2025,3
19434,175,18,02-08-2025,3
19506,4137,18,27-06-2025,3
19755,7128,18,10-03-2025,3
19880,7155,18,18-07-2025,3
19913,6734,18,18-08-2025,3
20039,5619,18,09-03-2025,3
20105,2423,18,12-12-2025,3
20126,351,18,15-10-2025,3
20158,4198,18,07-06-2025,3
20268,1361,18,15-01-2025,3
20302,2702,18,06-08-2025,3
20322,3788,18,08-03-2025,3
20403,6475,18,11-04-2025,3
20436,4724,18,26-10-2025,3
20449,7874,18,17-01-2025,3
20682,7114,18,20-09-2025,3
20693,271,18,05-09-2025,3
20927,7262,18,31-08-2025,3
21048,6933,18,15-07-2025,3
21097,3487,18,05-01-2025,3
21133,3042,18,26-11-2025,3
21296,6589,18,22-01-2025,3
21467,6302,18,14-08-2025,3
21498,6060,18,17-05-2025,3
21584,4133,18,29-06-2025,3
21673,6597,18,13-06-2025,3
21721,5888,18,19-01-2025,3
21968,6552,18,18-06-2025,3
22180,6258,18,27-05-2025,3
22738,2296,18,25-03-2025,3
22856,2430,18,31-10-2025,3
22997,2911,18,03-09-2025,3
23071,4439,18,11-09-2025,3
23101,5560,18,28-02-2025,3
23211,7921,18,21-11-2025,3
23224,2175,18,01-03-2025,3
23259,5654,18,11-05-2025,3
23361,5353,18,04-09-2025,3
23488,2401,18,09-08-2025,3
23521,6935,18,01-02-2025,3
23553,2310,18,03-03-2025,3
23571,4218,18,07-08-2025,3
23602,2135,18,17-01-2025,3
23646,6750,18,01-10-2025,3
23931,709,18,05-06-2025,3
23934,7832,18,19-04-2025,3
23936,2799,18,11-01-2026,3
24232,3113,18,21-12-2025,3
24321,1474,18,26-11-2025,3
24376,4397,18,31-07-2025,3
24457,1200,18,12-01-2026,3
24511,2585,18,26-08-2025,3
24517,939,18,15-11-2025,3
24664,3421,18,23-05-2025,3
24672,2789,18,03-10-2025,3
24767,3482,18,25-06-2025,3
25108,4455,18,19-09-2025,3
25215,7627,18,10-11-2025,3
25246,6375,18,24-01-2025,3
25749,157,18,03-03-2025,3
25918,3942,18,15-09-2025,3
25966,2309,18,07-04-2025,3
26032,6490,18,04-07-2025,3
26092,3671,18,04-06-2025,3
26094,2429,18,14-07-2025,3
26194,1181,18,11-11-2025,3
26447,1164,18,31-07-2025,3
26454,4464,18,20-12-2025,3
26764,3773,18,12-02-2025,3
26769,2185,18,15-10-2025,3
26841,7099,18,10-04-2025,3
27080,4091,18,02-12-2025,3
27186,3445,18,26-03-2025,3
27217,3684,18,09-09-2025,3
27402,5568,18,14-07-2025,3
27548,1593,18,24-05-2025,3
27593,5871,18,13-05-2025,3
27675,5626,18,31-08-2025,3
27692,4712,18,08-09-2025,3
27743,3464,18,23-08-2025,3
27778,3777,18,01-08-2025,3
27809,1339,18,15-06-2025,3
27821,5928,18,02-06-2025,3
27828,5295,18,09-07-2025,3
27855,3621,18,24-12-2025,3
409,6265,11,16-06-2025,3
487,1232,11,24-02-2025,3
655,2679,11,16-06-2025,3
1097,5830,11,24-03-2025,3
1107,2885,11,30-03-2025,3
1125,7309,11,27-08-2025,3
1130,895,11,23-09-2025,3
1218,2368,11,24-08-2025,3
1248,2625,11,10-05-2025,3
1345,2249,11,12-01-2026,3
1751,3912,11,02-10-2025,3
1942,3947,11,30-10-2025,3
2144,7692,11,09-08-2025,3
2229,749,11,08-02-2025,3
2234,1468,11,04-12-2025,3
2369,1584,11,02-07-2025,3
2451,3539,11,24-02-2025,3
2530,7137,11,04-12-2025,3
2613,4967,11,19-08-2025,3
2870,2466,11,09-11-2025,3
2932,1199,11,08-03-2025,3
3043,1279,11,27-05-2025,3
3274,1888,11,24-09-2025,3
3362,7239,11,08-04-2025,3
3424,5365,11,06-10-2025,3
3505,4335,11,02-06-2025,3
3531,6934,11,09-04-2025,3
3664,5383,11,23-08-2025,3
3728,2510,11,21-12-2025,3
3826,991,11,07-04-2025,3
3971,6267,11,31-01-2025,3
4002,1388,11,14-07-2025,3
4108,6445,11,22-07-2025,3
4181,3007,11,15-11-2025,3
4185,6186,11,01-02-2025,3
4213,4644,11,08-02-2025,3
4275,5940,11,20-09-2025,3
4287,1093,11,20-02-2025,3
4323,414,11,31-03-2025,3
4350,2150,11,28-02-2025,3
4409,581,11,22-05-2025,3
4431,3111,11,11-04-2025,3
4475,4949,11,14-01-2026,3
4529,690,11,07-05-2025,3
4685,1044,11,03-08-2025,3
4795,3917,11,13-08-2025,3
4934,1347,11,09-04-2025,3
4959,7103,11,14-06-2025,3
4978,5197,11,28-01-2025,3
5043,6668,11,19-05-2025,3
5492,4381,11,15-08-2025,3
5525,2190,11,16-04-2025,3
5699,4076,11,20-09-2025,3
6024,239,11,01-02-2025,3
6082,7985,11,17-05-2025,3
6116,2649,11,08-04-2025,3
6159,6050,11,11-12-2025,3
6230,7802,11,22-08-2025,3
6357,2105,11,10-04-2025,3
6376,7776,11,07-12-2025,3
6714,1422,11,12-09-2025,3
6760,4718,11,22-08-2025,3
6762,2948,11,14-04-2025,3
6790,2459,11,15-04-2025,3
6840,6738,11,08-11-2025,3
6844,6014,11,20-06-2025,3
6968,2949,11,20-11-2025,3
7080,4936,11,07-05-2025,3
7282,5722,11,17-01-2026,3
7295,2779,11,07-05-2025,3
7345,2488,11,14-05-2025,3
7351,3966,11,22-06-2025,3
7377,5745,11,04-08-2025,3
7457,3823,11,04-02-2025,3
7689,1382,11,19-02-2025,3
7837,443,11,29-11-2025,3
7883,7362,11,22-01-2025,3
7885,440,11,31-10-2025,3
7980,7388,11,20-07-2025,3
8055,4812,11,24-04-2025,3
8265,457,11,06-07-2025,3
8400,4880,11,06-07-2025,3
8457,2360,11,05-07-2025,3
8765,3363,11,11-03-2025,3
9121,1362,11,26-05-2025,3
9638,2331,11,18-05-2025,3
9790,2527,11,07-01-2025,3
9891,1421,11,01-03-2025,3
9918,6763,11,21-10-2025,3
10192,3708,11,21-10-2025,3
10214,438,11,29-03-2025,3
10283,7857,11,24-07-2025,3
10356,3829,11,29-05-2025,3
10397,372,11,13-08-2025,3
10453,1458,11,07-02-2025,3
10561,547,11,11-03-2025,3
10820,6429,11,11-09-2025,3
10946,275,11,27-01-2025,3
11160,6454,11,16-01-2025,3
11161,3166,11,14-03-2025,3
11289,726,11,26-10-2025,3
11349,4079,11,15-01-2025,3
11399,2648,11,13-02-2025,3
11678,6057,11,21-10-2025,3
12159,7234,11,07-05-2025,3
12304,5253,11,03-12-2025,3
12534,2625,11,05-01-2025,3
12603,1437,11,26-10-2025,3
12653,6198,11,20-04-2025,3
12697,4327,11,15-02-2025,3
12729,5624,11,15-01-2025,3
12943,4254,11,01-11-2025,3
12959,7634,11,11-06-2025,3
13176,1249,11,06-08-2025,3
13221,7831,11,21-12-2025,3
13267,383,11,30-11-2025,3
13457,2553,11,30-11-2025,3
13473,7443,11,29-07-2025,3
13501,1024,11,08-05-2025,3
13666,3289,11,06-08-2025,3
13857,7104,11,02-08-2025,3
13937,1359,11,19-02-2025,3
14183,2312,11,29-10-2025,3
14316,3056,11,23-02-2025,3
14321,3576,11,11-06-2025,3
14436,3072,11,02-02-2025,3
14505,7891,11,03-07-2025,3
14562,5277,11,08-03-2025,3
14649,3226,11,14-03-2025,3
14774,2856,11,02-07-2025,3
14868,915,11,20-03-2025,3
15143,4638,11,23-02-2025,3
15200,575,11,13-03-2025,3
15239,7352,11,28-10-2025,3
15505,3761,11,15-05-2025,3
15669,2592,11,15-01-2026,3
15688,2918,11,05-09-2025,3
15708,3620,11,08-02-2025,3
15784,5617,11,18-01-2025,3
15888,419,11,17-02-2025,3
15962,4464,11,29-01-2025,3
16124,6099,11,14-07-2025,3
16234,6146,11,20-05-2025,3
16434,7108,11,31-08-2025,3
16466,553,11,11-01-2025,3
16714,540,11,08-04-2025,3
16824,1762,11,29-09-2025,3
17251,1799,11,13-01-2026,3
17608,7384,11,01-11-2025,3
17648,383,11,21-10-2025,3
17991,7442,11,27-05-2025,3
18286,591,11,02-07-2025,3
18290,4734,11,15-05-2025,3
18464,2872,11,22-04-2025,3
18573,4537,11,12-02-2025,3
18698,2775,11,16-02-2025,3
18723,3959,11,25-09-2025,3
18776,7250,11,09-04-2025,3
18777,4724,11,23-12-2025,3
18794,7394,11,21-07-2025,3
18984,1080,11,02-09-2025,3
19112,1537,11,03-02-2025,3
19163,7767,11,12-10-2025,3
19181,4150,11,21-09-2025,3
19227,5259,11,31-05-2025,3
19278,4884,11,14-12-2025,3
19313,1334,11,25-12-2025,3
19319,2797,11,01-12-2025,3
19427,5492,11,06-08-2025,3
19593,7430,11,23-09-2025,3
19674,2697,11,07-02-2025,3
19806,2589,11,16-09-2025,3
19810,4879,11,31-08-2025,3
19826,3695,11,12-04-2025,3
19976,4369,11,02-01-2025,3
20291,6764,11,06-05-2025,3
20415,771,11,07-04-2025,3
20456,48,11,17-05-2025,3
20472,5369,11,06-09-2025,3
20507,7663,11,17-06-2025,3
20796,7264,11,30-01-2025,3
20816,6400,11,02-04-2025,3
20864,2073,11,07-01-2026,3
21073,5439,11,23-09-2025,3
21233,7290,11,12-06-2025,3
21405,362,11,28-07-2025,3
21472,4235,11,28-06-2025,3
21497,1936,11,05-03-2025,3
21735,7047,11,06-04-2025,3
21793,7533,11,20-07-2025,3
21891,4126,11,27-12-2025,3
21896,582,11,30-11-2025,3
22334,298,11,30-12-2025,3
22708,4806,11,21-07-2025,3
22747,6148,11,08-11-2025,3
22758,5735,11,10-12-2025,3
22771,5427,11,03-09-2025,3
22773,427,11,11-01-2026,3
22802,3267,11,29-11-2025,3
22931,184,11,16-10-2025,3
23527,5559,11,07-05-2025,3
23531,66,11,22-09-2025,3
23723,363,11,25-11-2025,3
23768,7308,11,09-03-2025,3
23811,5504,11,04-03-2025,3
23902,5151,11,12-07-2025,3
23939,6088,11,06-10-2025,3
23945,5352,11,24-08-2025,3
24016,2890,11,17-01-2026,3
24295,6915,11,09-03-2025,3
24437,6950,11,04-05-2025,3
24537,2433,11,20-12-2025,3
24611,2943,11,30-04-2025,3
24707,4366,11,13-08-2025,3
24735,2246,11,20-09-2025,3
24745,4517,11,14-02-2025,3
24952,2280,11,07-03-2025,3
24960,3553,11,14-07-2025,3
24987,3394,11,03-09-2025,3
25037,467,11,07-01-2026,3
25349,2910,11,19-12-2025,3
25365,243,11,25-02-2025,3
25512,1247,11,03-06-2025,3
25582,7053,11,17-05-2025,3
25605,2388,11,10-03-2025,3
25766,7331,11,30-04-2025,3
25872,3371,11,23-11-2025,3
26000,2682,11,17-02-2025,3
26026,563,11,02-03-2025,3
26362,5346,11,14-11-2025,3
26469,6684,11,22-08-2025,3
26487,5604,11,28-09-2025,3
26521,5381,11,24-10-2025,3
26526,1014,11,02-01-2025,3
26566,5070,11,06-10-2025,3
26662,1916,11,09-12-2025,3
26734,2832,11,26-02-2025,3
26802,298,11,23-02-2025,3
26827,6474,11,15-04-2025,3
27041,4205,11,26-05-2025,3
27137,2501,11,17-12-2025,3
27193,3335,11,05-01-2025,3
27366,4343,11,11-07-2025,3
27525,4473,11,15-02-2025,3
27788,272,11,20-12-2025,3
27813,1067,11,08-09-2025,3
65,1744,15,22-04-2025,3
81,3202,15,22-07-2025,3
614,4762,15,15-10-2025,3
686,7032,15,17-07-2025,3
739,2351,15,27-12-2025,3
833,2510,15,08-01-2026,3
990,5766,15,09-05-2025,3
1013,7912,15,12-11-2025,3
1038,2757,15,04-09-2025,3
1103,6785,15,22-07-2025,3
1838,3099,15,13-01-2026,3
2012,5345,15,31-10-2025,3
2044,2717,15,26-06-2025,3
2110,4914,15,03-05-2025,3
2378,1607,15,07-01-2026,3
2391,5065,15,22-11-2025,3
2491,212,15,06-07-2025,3
3083,2485,15,25-02-2025,3
3133,7359,15,27-10-2025,3
3589,2704,15,25-12-2025,3
3768,6986,15,08-01-2025,3
4129,7279,15,07-04-2025,3
4139,520,15,08-10-2025,3
4164,1609,15,15-10-2025,3
4199,331,15,11-08-2025,3
4305,5620,15,04-07-2025,3
4385,2509,15,10-03-2025,3
4443,428,15,05-10-2025,3
4500,1128,15,12-07-2025,3
4617,1039,15,09-09-2025,3
4658,944,15,24-07-2025,3
4705,938,15,05-09-2025,3
5235,6090,15,01-01-2026,3
5250,4455,15,14-08-2025,3
5316,3328,15,16-05-2025,3
5416,6848,15,04-01-2026,3
5454,4441,15,26-01-2025,3
5725,7004,15,08-07-2025,3
5745,5621,15,14-09-2025,3
5752,5345,15,29-05-2025,3
5814,4027,15,29-03-2025,3
5977,4358,15,18-02-2025,3
5984,3405,15,12-07-2025,3
6021,4731,15,28-07-2025,3
6140,6870,15,27-10-2025,3
6284,3761,15,02-04-2025,3
6696,938,15,23-11-2025,3
6747,4106,15,13-03-2025,3
6806,1370,15,23-04-2025,3
6816,507,15,05-04-2025,3
6828,7543,15,04-01-2025,3
7006,1436,15,07-01-2026,3
7120,597,15,05-07-2025,3
7173,4920,15,28-08-2025,3
7254,799,15,26-11-2025,3
7496,184,15,01-09-2025,3
7821,3698,15,12-08-2025,3
7996,6719,15,06-06-2025,3
8184,6583,15,17-02-2025,3
8198,5346,15,17-07-2025,3
8219,2411,15,11-08-2025,3
8360,251,15,17-01-2025,3
8389,6458,15,23-06-2025,3
8404,2580,15,15-01-2026,3
8479,5041,15,27-09-2025,3
8510,7109,15,25-10-2025,3
8708,7893,15,06-10-2025,3
8774,3561,15,14-01-2025,3
8778,1957,15,16-10-2025,3
8779,7089,15,08-10-2025,3
8837,6607,15,04-05-2025,3
8864,7187,15,15-01-2026,3
8884,2656,15,18-07-2025,3
8986,3611,15,14-09-2025,3
9200,6777,15,03-01-2026,3
9266,7639,15,21-10-2025,3
9433,6648,15,26-08-2025,3
9457,1983,15,01-11-2025,3
9518,5020,15,17-03-2025,3
9535,3016,15,23-04-2025,3
9586,720,15,19-03-2025,3
9702,994,15,05-12-2025,3
9757,7932,15,14-01-2025,3
9765,7879,15,30-11-2025,3
9994,1573,15,23-04-2025,3
10009,7109,15,01-02-2025,3
10074,3879,15,27-06-2025,3
10113,7638,15,12-01-2025,3
10217,4296,15,05-07-2025,3
10231,2573,15,12-02-2025,3
10259,117,15,22-06-2025,3
10277,3749,15,28-04-2025,3
10329,1949,15,19-03-2025,3
10333,7199,15,21-07-2025,3
10460,689,15,18-11-2025,3
10643,6426,15,24-11-2025,3
10765,4197,15,13-02-2025,3
10774,5519,15,11-02-2025,3
10893,2283,15,20-02-2025,3
10933,3750,15,15-03-2025,3
11276,5413,15,22-10-2025,3
11372,4132,15,25-11-2025,3
11515,4629,15,13-12-2025,3
11600,2800,15,04-03-2025,3
11817,3787,15,30-01-2025,3
11843,2484,15,06-06-2025,3
12016,6339,15,18-03-2025,3
12143,2602,15,30-01-2025,3
12279,1591,15,12-01-2025,3
12471,6725,15,31-08-2025,3
12496,5985,15,03-09-2025,3
12536,1832,15,24-05-2025,3
12602,4997,15,27-12-2025,3
12826,3447,15,18-07-2025,3
13153,5447,15,29-08-2025,3
13480,3334,15,28-09-2025,3
13614,2951,15,09-04-2025,3
13661,6747,15,15-03-2025,3
13738,464,15,07-09-2025,3
13775,2995,15,08-02-2025,3
13849,1436,15,16-04-2025,3
13859,7530,15,30-06-2025,3
13970,3731,15,22-10-2025,3
14138,2081,15,20-02-2025,3
14221,2052,15,24-09-2025,3
14331,7034,15,06-01-2025,3
14453,4532,15,07-04-2025,3
14517,1956,15,23-06-2025,3
14561,2060,15,29-01-2025,3
14700,5646,15,05-01-2026,3
14721,2980,15,02-01-2025,3
14903,4255,15,07-01-2026,3
15132,1634,15,02-06-2025,3
15138,1834,15,20-03-2025,3
15217,698,15,27-04-2025,3
15432,1479,15,19-02-2025,3
15705,1788,15,08-06-2025,3
15764,4846,15,29-08-2025,3
15774,2407,15,27-09-2025,3
15936,5907,15,29-12-2025,3
15949,5616,15,13-08-2025,3
16131,827,15,15-07-2025,3
16167,6511,15,06-01-2025,3
16207,131,15,21-01-2025,3
16311,1539,15,19-08-2025,3
16380,7276,15,06-04-2025,3
16418,744,15,04-12-2025,3
16438,5442,15,13-12-2025,3
16474,1080,15,28-02-2025,3
16530,6471,15,27-12-2025,3
16648,4477,15,24-09-2025,3
16888,3005,15,16-02-2025,3
16923,6575,15,18-08-2025,3
16950,1136,15,15-08-2025,3
17132,5614,15,21-06-2025,3
17217,7715,15,13-05-2025,3
17248,4682,15,23-12-2025,3
17284,541,15,20-11-2025,3
17312,4091,15,16-02-2025,3
17391,4618,15,11-12-2025,3
17567,5818,15,21-09-2025,3
17732,4782,15,24-02-2025,3
17805,3457,15,12-02-2025,3
17814,820,15,26-12-2025,3
17926,1024,15,03-12-2025,3
18078,6997,15,11-08-2025,3
18160,3743,15,07-07-2025,3
18300,5369,15,07-08-2025,3
18416,5283,15,17-05-2025,3
18521,7698,15,28-08-2025,3
18722,5367,15,10-01-2026,3
18775,976,15,23-01-2025,3
18799,6507,15,17-09-2025,3
19053,941,15,26-06-2025,3
19139,6889,15,04-01-2026,3
19160,4324,15,17-06-2025,3
19193,2894,15,03-06-2025,3
19232,94,15,14-10-2025,3
19349,6279,15,13-03-2025,3
19451,7605,15,01-03-2025,3
19526,2001,15,29-08-2025,3
19575,463,15,21-07-2025,3
19632,5337,15,08-08-2025,3
19682,7740,15,28-01-2025,3
19809,3070,15,14-06-2025,3
19879,2739,15,23-04-2025,3
20117,7028,15,08-08-2025,3
20224,2846,15,16-03-2025,3
20248,4430,15,06-01-2025,3
20319,6480,15,12-08-2025,3
20368,3346,15,16-01-2026,3
20374,1693,15,30-10-2025,3
20381,1691,15,26-12-2025,3
20509,6203,15,12-09-2025,3
20543,7247,15,29-04-2025,3
20746,399,15,23-06-2025,3
20871,7585,15,30-07-2025,3
20993,5535,15,03-06-2025,3
21090,5617,15,19-08-2025,3
21195,6725,15,22-02-2025,3
21232,7353,15,02-12-2025,3
21355,1788,15,15-01-2025,3
21396,2695,15,09-06-2025,3
21421,7932,15,30-11-2025,3
21541,7919,15,03-07-2025,3
21638,6109,15,17-12-2025,3
21892,6791,15,14-06-2025,3
22064,827,15,18-02-2025,3
22076,7432,15,10-04-2025,3
22194,3912,15,30-07-2025,3
22244,652,15,16-08-2025,3
22343,5875,15,04-03-2025,3
22654,7964,15,13-06-2025,3
22668,1223,15,03-09-2025,3
22733,4517,15,27-05-2025,3
22735,124,15,01-11-2025,3
22754,5727,15,09-09-2025,3
22907,3884,15,12-06-2025,3
23261,1614,15,12-04-2025,3
23480,1880,15,29-01-2025,3
23545,5171,15,02-10-2025,3
23678,2426,15,30-11-2025,3
23830,3926,15,14-03-2025,3
23889,3452,15,30-04-2025,3
23971,4576,15,31-08-2025,3
24000,4788,15,07-09-2025,3
24054,7779,15,19-08-2025,3
24436,1531,15,31-08-2025,3
24475,5978,15,22-03-2025,3
24586,39,15,13-12-2025,3
25067,7232,15,11-04-2025,3
25396,3699,15,22-01-2025,3
25679,6968,15,10-12-2025,3
25881,390,15,17-01-2026,3
26047,5714,15,21-11-2025,3
26156,1079,15,29-06-2025,3
26254,6668,15,18-02-2025,3
26280,4316,15,31-12-2025,3
26306,5810,15,14-05-2025,3
26571,5328,15,28-12-2025,3
26674,3766,15,29-06-2025,3
26860,2049,15,25-06-2025,3
26970,7583,15,18-10-2025,3
27094,565,15,02-04-2025,3
27263,3735,15,30-01-2025,3
27518,3042,15,16-01-2026,3
27570,644,15,19-04-2025,3
27700,7826,15,03-03-2025,3
27889,5194,15,08-03-2025,3
27945,4110,15,19-11-2025,3
85,5520,16,17-12-2025,3
202,2163,16,10-03-2025,3
476,1801,16,28-08-2025,3
488,2818,16,05-01-2025,3
504,4053,16,30-07-2025,3
513,2325,16,11-06-2025,3
528,1281,16,23-12-2025,3
561,4706,16,30-09-2025,3
651,70,16,06-02-2025,3
681,7993,16,30-04-2025,3
733,3976,16,06-03-2025,3
864,3056,16,19-07-2025,3
910,3688,16,23-02-2025,3
1141,3910,16,30-04-2025,3
1443,862,16,14-08-2025,3
1528,6770,16,05-04-2025,3
1684,6431,16,26-04-2025,3
1688,1205,16,16-07-2025,3
1722,6441,16,20-01-2025,3
1764,5587,16,01-10-2025,3
1848,3237,16,22-02-2025,3
1903,935,16,24-07-2025,3
1973,45,16,08-10-2025,3
2076,1618,16,11-01-2025,3
2260,6923,16,07-03-2025,3
2311,6829,16,07-01-2026,3
2324,581,16,05-09-2025,3
2419,3788,16,26-08-2025,3
2574,2197,16,22-07-2025,3
2689,5656,16,05-03-2025,3
2855,2075,16,21-09-2025,3
2974,5866,16,18-09-2025,3
3039,6587,16,25-02-2025,3
3148,3083,16,01-07-2025,3
3413,7130,16,23-08-2025,3
3476,7947,16,11-11-2025,3
3481,452,16,16-03-2025,3
3506,1953,16,18-05-2025,3
3566,817,16,17-04-2025,3
3648,3809,16,09-01-2025,3
3673,3178,16,13-07-2025,3
3700,4925,16,29-08-2025,3
3930,7747,16,09-01-2026,3
4109,5764,16,20-05-2025,3
4340,3776,16,04-12-2025,3
4445,7304,16,31-05-2025,3
4488,1233,16,26-01-2025,3
4518,2388,16,08-09-2025,3
4695,4648,16,17-03-2025,3
4727,970,16,27-08-2025,3
4820,6139,16,10-02-2025,3
4974,2935,16,06-01-2026,3
5253,4156,16,30-06-2025,3
5260,376,16,30-07-2025,3
5467,845,16,05-09-2025,3
5487,6950,16,13-05-2025,3
5520,1292,16,02-08-2025,3
5535,6595,16,06-10-2025,3
5544,1185,16,21-02-2025,3
5650,7229,16,23-05-2025,3
5651,7840,16,12-03-2025,3
5783,3250,16,25-04-2025,3
5969,7320,16,19-07-2025,3
5972,4847,16,10-09-2025,3
6272,6501,16,19-07-2025,3
6366,5109,16,02-05-2025,3
6677,333,16,11-03-2025,3
6845,4739,16,02-11-2025,3
6989,6029,16,04-04-2025,3
7183,4129,16,02-01-2025,3
7329,492,16,15-07-2025,3
7424,1552,16,09-03-2025,3
7561,2801,16,04-02-2025,3
7633,6096,16,08-10-2025,3
7661,7640,16,17-03-2025,3
7686,1345,16,19-07-2025,3
7817,7382,16,05-02-2025,3
7942,3158,16,09-08-2025,3
7945,7204,16,01-06-2025,3
8023,3349,16,02-05-2025,3
8061,420,16,02-08-2025,3
8117,3601,16,10-05-2025,3
8158,2459,16,29-04-2025,3
8183,993,16,28-08-2025,3
8232,7140,16,14-06-2025,3
8466,1374,16,19-05-2025,3
8560,1037,16,18-08-2025,3
8624,2232,16,10-07-2025,3
8661,7440,16,28-01-2025,3
8888,6998,16,29-12-2025,3
8932,2591,16,26-03-2025,3
8933,3047,16,25-11-2025,3
8973,5562,16,22-08-2025,3
9178,4587,16,11-06-2025,3
9413,194,16,14-03-2025,3
9465,4480,16,10-10-2025,3
9543,6825,16,30-07-2025,3
10131,6795,16,13-11-2025,3
10189,1168,16,20-12-2025,3
10195,6477,16,21-06-2025,3
10198,3303,16,09-10-2025,3
10298,6280,16,04-01-2025,3
10482,4725,16,22-05-2025,3
10603,7885,16,24-06-2025,3
10728,598,16,07-09-2025,3
10759,2623,16,07-11-2025,3
10786,6322,16,29-01-2025,3
11072,3077,16,16-06-2025,3
11301,215,16,15-01-2026,3
11332,2430,16,03-01-2026,3
11357,3192,16,18-12-2025,3
11387,779,16,24-03-2025,3
11445,4141,16,17-05-2025,3
11498,1562,16,12-03-2025,3
11804,4322,16,05-02-2025,3
11854,5413,16,20-04-2025,3
12064,2707,16,25-03-2025,3
12244,2678,16,09-01-2025,3
12328,453,16,16-03-2025,3
12331,5811,16,14-08-2025,3
12348,2774,16,14-04-2025,3
12464,2757,16,25-08-2025,3
12636,5030,16,27-02-2025,3
12710,2431,16,30-10-2025,3
12824,3643,16,30-12-2025,3
12850,2019,16,20-02-2025,3
12931,5370,16,30-08-2025,3
12956,1895,16,02-02-2025,3
13141,4488,16,29-11-2025,3
13279,2754,16,23-10-2025,3
13281,2529,16,09-07-2025,3
13464,1765,16,10-08-2025,3
13564,4793,16,26-10-2025,3
13565,3142,16,28-06-2025,3
14045,1739,16,05-08-2025,3
14145,2138,16,08-05-2025,3
14243,1338,16,25-02-2025,3
14577,97,16,04-06-2025,3
14590,754,16,24-12-2025,3
14646,1093,16,20-09-2025,3
14748,2443,16,16-06-2025,3
14829,5987,16,11-03-2025,3
15096,2414,16,16-07-2025,3
15124,3956,16,06-04-2025,3
15207,5862,16,01-03-2025,3
15327,4748,16,13-11-2025,3
15419,1329,16,21-11-2025,3
15458,6347,16,07-06-2025,3
15546,2134,16,15-02-2025,3
15783,7971,16,08-06-2025,3
16076,4538,16,27-04-2025,3
16127,1073,16,06-01-2025,3
16195,6652,16,04-04-2025,3
16300,2180,16,11-12-2025,3
16304,140,16,22-11-2025,3
16483,7478,16,07-12-2025,3
16571,4878,16,23-09-2025,3
16675,901,16,01-09-2025,3
16769,1902,16,04-01-2025,3
16904,1100,16,23-03-2025,3
17100,961,16,01-09-2025,3
17279,883,16,30-12-2025,3
17286,6611,16,26-05-2025,3
17334,7314,16,07-09-2025,3
17357,317,16,03-06-2025,3
17456,3222,16,21-09-2025,3
17641,7551,16,14-01-2025,3
17757,2134,16,01-03-2025,3
18004,1392,16,12-01-2026,3
18017,3075,16,01-02-2025,3
18169,7791,16,21-06-2025,3
18182,501,16,08-10-2025,3
18363,6714,16,27-04-2025,3
18431,3843,16,10-05-2025,3
18647,576,16,05-10-2025,3
18766,1110,16,23-08-2025,3
18804,1925,16,29-04-2025,3
19021,6305,16,14-01-2025,3
19287,385,16,28-06-2025,3
19438,6416,16,19-02-2025,3
19580,1359,16,08-09-2025,3
19653,4473,16,27-11-2025,3
19672,6187,16,13-07-2025,3
19718,5168,16,03-08-2025,3
19764,7670,16,21-10-2025,3
19805,7079,16,21-06-2025,3
19884,3177,16,13-10-2025,3
19895,6265,16,31-03-2025,3
19964,4620,16,12-12-2025,3
20167,2702,16,07-02-2025,3
20531,5340,16,10-06-2025,3
20617,2554,16,24-07-2025,3
20727,1419,16,09-10-2025,3
20754,6736,16,11-06-2025,3
20911,7987,16,23-05-2025,3
20979,303,16,22-01-2025,3
21207,308,16,09-12-2025,3
21256,1545,16,18-12-2025,3
21297,4142,16,08-01-2026,3
21411,6608,16,09-06-2025,3
21701,583,16,12-05-2025,3
21713,3066,16,04-02-2025,3
21744,5153,16,11-05-2025,3
21757,3416,16,20-07-2025,3
21929,1730,16,10-12-2025,3
21992,7972,16,16-02-2025,3
22031,6938,16,08-05-2025,3
22537,5597,16,13-04-2025,3
22547,1331,16,15-01-2026,3
22790,3313,16,08-03-2025,3
22921,4137,16,21-06-2025,3
23154,6422,16,12-10-2025,3
23206,3437,16,01-12-2025,3
23219,913,16,11-04-2025,3
23249,2526,16,02-06-2025,3
23321,798,16,02-01-2026,3
23433,975,16,04-11-2025,3
23506,1882,16,16-03-2025,3
23819,217,16,09-03-2025,3
23855,5528,16,13-07-2025,3
24288,4361,16,19-06-2025,3
24315,6818,16,07-01-2026,3
24335,7050,16,09-12-2025,3
24450,4658,16,18-05-2025,3
24458,7956,16,05-08-2025,3
24822,5105,16,19-12-2025,3
24824,3625,16,06-06-2025,3
25076,7889,16,26-08-2025,3
25087,3980,16,27-06-2025,3
25464,3802,16,13-11-2025,3
25501,3286,16,13-09-2025,3
25598,3490,16,19-11-2025,3
25602,929,16,23-10-2025,3
25779,3833,16,06-02-2025,3
25874,1403,16,16-01-2026,3
26027,7006,16,04-08-2025,3
26053,209,16,08-08-2025,3
26058,7259,16,10-06-2025,3
26341,4160,16,20-01-2025,3
26371,626,16,11-01-2026,3
26475,6832,16,23-10-2025,3
26539,6323,16,03-10-2025,3
26624,6155,16,28-06-2025,3
26652,2030,16,06-04-2025,3
26987,2059,16,14-01-2025,3
27114,2361,16,13-02-2025,3
27225,2060,16,06-12-2025,3
27564,6411,16,15-05-2025,3
27581,4770,16,11-12-2025,3
27665,2678,16,06-06-2025,3
27910,397,16,26-06-2025,3
27998,7470,16,01-11-2025,3
37,681,1,17-04-2025,3
174,6145,1,11-03-2025,3
418,3918,1,29-08-2025,3
455,5287,1,08-07-2025,3
551,189,1,18-03-2025,3
587,1839,1,07-01-2025,3
754,2590,1,26-02-2025,3
848,2260,1,22-06-2025,3
1075,7433,1,10-10-2025,3
1166,3976,1,16-01-2025,3
1180,2910,1,21-10-2025,3
1592,6019,1,29-07-2025,3
1730,6539,1,28-12-2025,3
1792,5021,1,16-07-2025,3
2007,5330,1,05-01-2025,3
2165,5493,1,24-10-2025,3
2220,3462,1,24-06-2025,3
2262,2504,1,07-06-2025,3
2333,5892,1,12-09-2025,3
2370,1431,1,01-11-2025,3
2411,3987,1,21-10-2025,3
2527,5707,1,14-11-2025,3
2683,22,1,18-10-2025,3
3259,2308,1,19-05-2025,3
3674,7003,1,10-01-2025,3
3774,5633,1,10-11-2025,3
3780,6065,1,07-09-2025,3
3807,5704,1,01-10-2025,3
3888,2818,1,03-08-2025,3
3958,5535,1,25-07-2025,3
3972,4397,1,06-10-2025,3
4293,264,1,17-03-2025,3
4538,2219,1,09-10-2025,3
4704,5789,1,30-06-2025,3
4929,2857,1,01-12-2025,3
4941,5916,1,17-03-2025,3
5005,788,1,25-10-2025,3
5042,1044,1,16-03-2025,3
5101,4188,1,18-12-2025,3
5324,990,1,11-09-2025,3
5377,5611,1,05-12-2025,3
5390,175,1,13-12-2025,3
5481,5859,1,13-01-2026,3
5488,3293,1,20-10-2025,3
5530,3446,1,02-11-2025,3
5827,2942,1,30-07-2025,3
5898,3686,1,25-10-2025,3
5998,5670,1,29-10-2025,3
6048,4521,1,05-12-2025,3
6251,246,1,27-12-2025,3
6298,7971,1,24-01-2025,3
6351,104,1,19-04-2025,3
6819,4800,1,25-03-2025,3
6902,5210,1,25-04-2025,3
7038,1757,1,28-10-2025,3
7077,7506,1,05-06-2025,3
7191,5324,1,01-10-2025,3
7626,7999,1,16-01-2025,3
7764,3406,1,09-11-2025,3
7944,7151,1,06-06-2025,3
7952,926,1,24-11-2025,3
8152,4689,1,12-02-2025,3
8619,2958,1,08-07-2025,3
8872,4880,1,13-08-2025,3
8966,2719,1,04-12-2025,3
8999,6329,1,11-05-2025,3
9109,355,1,11-05-2025,3
9189,2019,1,09-04-2025,3
9231,4848,1,18-10-2025,3
9259,5379,1,21-11-2025,3
9747,876,1,25-07-2025,3
9822,4607,1,14-12-2025,3
9950,6825,1,26-08-2025,3
9970,7797,1,02-03-2025,3
10065,3923,1,24-05-2025,3
10101,423,1,05-08-2025,3
10127,4953,1,18-05-2025,3
10146,6215,1,10-12-2025,3
10149,7709,1,02-10-2025,3
10169,7505,1,12-05-2025,3
10196,21,1,16-07-2025,3
10415,4592,1,25-03-2025,3
10547,5982,1,02-03-2025,3
10595,211,1,15-05-2025,3
10619,5097,1,14-01-2026,3
10634,3252,1,17-11-2025,3
10668,169,1,15-07-2025,3
10693,4731,1,28-03-2025,3
10739,4063,1,14-01-2025,3
10974,1363,1,04-01-2026,3
11041,990,1,09-09-2025,3
11156,7587,1,05-11-2025,3
11220,7458,1,11-09-2025,3
11306,3,1,19-01-2025,3
11308,880,1,28-02-2025,3
11368,6836,1,12-09-2025,3
11393,2293,1,16-10-2025,3
11492,6994,1,22-06-2025,3
11519,3052,1,25-06-2025,3
11702,4519,1,25-10-2025,3
11832,7857,1,03-04-2025,3
11961,2668,1,20-07-2025,3
12096,4487,1,08-06-2025,3
12172,3249,1,05-01-2026,3
12320,7804,1,28-03-2025,3
12346,6593,1,15-12-2025,3
12469,1972,1,25-06-2025,3
12552,67,1,28-06-2025,3
12703,3498,1,02-02-2025,3
12811,1380,1,16-07-2025,3
12951,825,1,25-03-2025,3
13140,5760,1,13-01-2026,3
13206,7873,1,15-03-2025,3
13248,4974,1,23-01-2025,3
13482,6240,1,28-04-2025,3
13535,7612,1,29-09-2025,3
13612,7978,1,07-02-2025,3
13627,852,1,23-02-2025,3
13988,5509,1,20-10-2025,3
14094,7042,1,19-02-2025,3
14123,7553,1,19-09-2025,3
14137,3289,1,02-07-2025,3
14167,7201,1,05-01-2026,3
14272,7844,1,28-05-2025,3
14335,7766,1,24-08-2025,3
14364,6735,1,18-10-2025,3
14388,2076,1,29-10-2025,3
14622,4409,1,12-02-2025,3
14667,6568,1,19-03-2025,3
14795,5579,1,30-10-2025,3
14889,5348,1,28-09-2025,3
15049,3814,1,23-06-2025,3
15184,4369,1,26-03-2025,3
15278,1569,1,05-07-2025,3
15340,2324,1,10-06-2025,3
15342,7742,1,09-10-2025,3
15453,6327,1,01-12-2025,3
15456,3632,1,09-01-2026,3
15606,2713,1,15-08-2025,3
15650,6564,1,06-12-2025,3
15819,7482,1,14-01-2026,3
15917,2407,1,20-01-2025,3
15995,2057,1,14-10-2025,3
16105,2650,1,07-04-2025,3
16224,7962,1,02-01-2026,3
16319,242,1,16-08-2025,3
16458,1185,1,20-01-2025,3
16491,6309,1,17-07-2025,3
16495,2952,1,07-10-2025,3
16559,4389,1,17-07-2025,3
16652,598,1,06-10-2025,3
16794,7605,1,08-11-2025,3
16907,2996,1,02-01-2025,3
16958,5415,1,14-12-2025,3
17026,7943,1,08-08-2025,3
17170,4585,1,10-02-2025,3
17200,5838,1,12-11-2025,3
17321,7070,1,17-08-2025,3
17403,6812,1,02-04-2025,3
17508,7391,1,27-03-2025,3
17513,1562,1,16-02-2025,3
17670,3657,1,07-11-2025,3
17679,5948,1,12-07-2025,3
17758,5068,1,22-11-2025,3
17938,4989,1,22-05-2025,3
18197,4523,1,15-11-2025,3
18489,3262,1,20-01-2025,3
18551,1694,1,06-04-2025,3
18570,5436,1,30-05-2025,3
18852,2590,1,20-05-2025,3
18963,6226,1,15-08-2025,3
19221,4762,1,31-12-2025,3
19482,1699,1,26-10-2025,3
19555,5615,1,08-05-2025,3
19582,7745,1,05-01-2025,3
19638,7989,1,18-05-2025,3
19704,537,1,14-06-2025,3
19750,75,1,27-11-2025,3
19811,6202,1,02-02-2025,3
19856,7011,1,12-06-2025,3
19865,3117,1,02-10-2025,3
19876,3667,1,20-11-2025,3
19978,917,1,24-09-2025,3
20060,4765,1,05-07-2025,3
20171,5143,1,03-05-2025,3
20183,6593,1,04-02-2025,3
20201,6507,1,14-05-2025,3
20283,222,1,09-05-2025,3
20289,7411,1,27-10-2025,3
20982,4281,1,20-04-2025,3
21088,53,1,30-11-2025,3
21161,3546,1,04-05-2025,3
21336,4725,1,21-12-2025,3
21675,4045,1,07-02-2025,3
21816,1018,1,30-01-2025,3
21820,1555,1,10-10-2025,3
21864,3459,1,05-03-2025,3
21934,7688,1,11-12-2025,3
22024,4287,1,08-04-2025,3
22189,2546,1,09-06-2025,3
22261,6636,1,04-09-2025,3
22283,4268,1,02-01-2025,3
22309,5543,1,16-05-2025,3
22447,1767,1,19-04-2025,3
22545,5763,1,28-12-2025,3
22549,7899,1,23-12-2025,3
22614,1957,1,28-01-2025,3
22635,2226,1,23-07-2025,3
22691,7561,1,04-05-2025,3
23078,1437,1,19-11-2025,3
23102,453,1,04-09-2025,3
23144,3655,1,16-02-2025,3
23427,7217,1,15-06-2025,3
23479,4244,1,21-10-2025,3
23633,2434,1,01-12-2025,3
23865,342,1,28-06-2025,3
23890,799,1,08-07-2025,3
23990,2318,1,28-02-2025,3
24002,3557,1,10-03-2025,3
24077,591,1,08-04-2025,3
24298,4080,1,29-03-2025,3
24302,4559,1,18-01-2025,3
24311,5303,1,20-09-2025,3
24351,1035,1,30-06-2025,3
24500,1604,1,15-05-2025,3
24712,6832,1,04-03-2025,3
24779,7296,1,08-08-2025,3
24920,7749,1,05-02-2025,3
24958,4686,1,27-08-2025,3
25236,5235,1,28-08-2025,3
25279,4944,1,03-11-2025,3
25347,3240,1,02-05-2025,3
25519,4921,1,06-04-2025,3
25608,1812,1,18-04-2025,3
25651,7794,1,16-10-2025,3
25661,1403,1,12-01-2026,3
25845,5426,1,31-08-2025,3
26097,652,1,18-07-2025,3
26106,2115,1,24-04-2025,3
26187,5873,1,10-10-2025,3
26406,3512,1,24-02-2025,3
26414,7561,1,21-10-2025,3
26442,1784,1,27-07-2025,3
26835,5390,1,04-07-2025,3
26856,567,1,19-08-2025,3
26867,7981,1,10-07-2025,3
26933,6512,1,30-03-2025,3
26935,2900,1,10-11-2025,3
27074,4939,1,24-05-2025,3
27530,4964,1,16-06-2025,3
27639,1297,1,18-01-2025,3
83,3777,23,18-08-2025,3
360,4078,23,14-04-2025,3
502,4728,23,03-04-2025,3
627,1695,23,21-03-2025,3
812,4370,23,02-12-2025,3
828,7117,23,24-09-2025,3
883,1862,23,05-10-2025,3
916,5890,23,06-06-2025,3
1018,6306,23,26-05-2025,3
1087,445,23,13-07-2025,3
1171,3123,23,06-10-2025,3
1270,2404,23,30-09-2025,3
1288,1173,23,21-11-2025,3
1445,1157,23,12-10-2025,3
1627,6401,23,09-11-2025,3
1667,1882,23,18-01-2026,3
1695,2799,23,27-11-2025,3
2131,3529,23,09-09-2025,3
2157,5578,23,24-06-2025,3
2159,1967,23,03-05-2025,3
2219,3007,23,15-08-2025,3
2698,6600,23,10-07-2025,3
2702,260,23,04-01-2026,3
2725,3558,23,14-06-2025,3
2790,5058,23,28-05-2025,3
2880,4434,23,21-03-2025,3
2883,3152,23,22-08-2025,3
2939,5044,23,21-06-2025,3
3113,6505,23,07-07-2025,3
3130,7776,23,23-05-2025,3
3431,4625,23,27-01-2025,3
3451,10,23,14-04-2025,3
3752,1173,23,28-11-2025,3
3764,3427,23,05-03-2025,3
3779,2602,23,02-01-2026,3
3935,5242,23,23-12-2025,3
4046,2579,23,16-02-2025,3
4086,785,23,02-11-2025,3
4115,5458,23,14-06-2025,3
4285,5334,23,30-11-2025,3
4397,7445,23,08-09-2025,3
4531,5388,23,09-07-2025,3
4773,2977,23,21-07-2025,3
4855,2732,23,05-12-2025,3
4867,2284,23,06-05-2025,3
4907,5863,23,03-08-2025,3
5319,4268,23,15-06-2025,3
5365,7207,23,05-10-2025,3
5382,4255,23,22-11-2025,3
5456,6157,23,04-08-2025,3
5519,3696,23,01-02-2025,3
5763,895,23,17-08-2025,3
5886,263,23,13-08-2025,3
6000,5597,23,31-03-2025,3
6086,6847,23,08-03-2025,3
6088,3424,23,12-04-2025,3
6312,4468,23,07-03-2025,3
6374,4587,23,29-05-2025,3
6466,90,23,18-12-2025,3
6492,5435,23,18-05-2025,3
6596,3504,23,21-05-2025,3
6607,1839,23,15-03-2025,3
6831,5575,23,08-12-2025,3
6854,5226,23,07-11-2025,3
7029,6276,23,05-03-2025,3
7105,515,23,12-02-2025,3
7292,7460,23,07-07-2025,3
7454,1729,23,24-04-2025,3
7508,3130,23,18-01-2025,3
7591,1907,23,06-07-2025,3
7707,557,23,29-01-2025,3
7763,1525,23,03-10-2025,3
7978,2208,23,12-10-2025,3
8020,5266,23,03-07-2025,3
8270,7796,23,06-03-2025,3
8289,862,23,23-05-2025,3
8339,5375,23,22-04-2025,3
8359,6789,23,11-07-2025,3
8515,6134,23,17-09-2025,3
8590,3990,23,22-07-2025,3
8785,7363,23,12-10-2025,3
8809,2851,23,02-11-2025,3
8940,4816,23,16-06-2025,3
8987,7054,23,28-09-2025,3
8988,7813,23,12-11-2025,3
9033,2009,23,22-09-2025,3
9260,6495,23,05-08-2025,3
9273,6771,23,29-05-2025,3
9442,1498,23,12-11-2025,3
9550,5669,23,24-05-2025,3
9571,3898,23,17-11-2025,3
9622,2302,23,21-04-2025,3
9648,5012,23,14-01-2026,3
9694,6560,23,11-06-2025,3
9752,7195,23,29-01-2025,3
10027,119,23,18-05-2025,3
10032,1156,23,15-01-2026,3
10092,300,23,23-04-2025,3
10275,620,23,25-02-2025,3
10286,1687,23,23-11-2025,3
10390,5095,23,14-06-2025,3
10413,4374,23,20-02-2025,3
10624,1099,23,20-11-2025,3
10654,7266,23,28-03-2025,3
10754,1889,23,23-12-2025,3
10855,164,23,17-01-2026,3
11446,444,23,07-09-2025,3
11522,4619,23,29-07-2025,3
11786,4819,23,18-12-2025,3
11815,4365,23,03-03-2025,3
11860,983,23,10-02-2025,3
11885,5231,23,15-06-2025,3
11946,5289,23,31-12-2025,3
12164,4035,23,18-08-2025,3
12237,1254,23,10-11-2025,3
12563,980,23,06-02-2025,3
12596,4165,23,24-03-2025,3
12751,884,23,17-01-2026,3
12984,4281,23,18-07-2025,3
13054,5006,23,17-02-2025,3
13075,2799,23,27-06-2025,3
13117,6989,23,16-01-2025,3
13144,3701,23,16-09-2025,3
13219,3596,23,17-12-2025,3
13265,7864,23,21-08-2025,3
13537,5043,23,07-11-2025,3
13623,6924,23,14-05-2025,3
13671,6446,23,01-06-2025,3
13681,967,23,04-12-2025,3
13705,7210,23,05-09-2025,3
13886,7202,23,08-06-2025,3
14013,2470,23,16-07-2025,3
14048,2822,23,19-05-2025,3
14625,3938,23,05-04-2025,3
14657,1730,23,17-12-2025,3
14754,6425,23,30-12-2025,3
14886,2026,23,22-03-2025,3
14933,7562,23,05-01-2026,3
15068,5627,23,23-09-2025,3
15112,4863,23,19-02-2025,3
15274,3399,23,25-05-2025,3
15508,2937,23,12-11-2025,3
15726,4095,23,16-10-2025,3
15740,3967,23,10-01-2025,3
15892,1459,23,18-02-2025,3
15925,2266,23,31-10-2025,3
15951,5775,23,29-10-2025,3
16128,2384,23,06-11-2025,3
16136,1524,23,30-09-2025,3
16368,5411,23,03-03-2025,3
16440,4807,23,15-04-2025,3
16589,7993,23,21-10-2025,3
16697,2682,23,22-11-2025,3
16760,7256,23,12-02-2025,3
16910,911,23,26-08-2025,3
17005,339,23,29-06-2025,3
17117,3219,23,03-04-2025,3
17197,3854,23,27-09-2025,3
17228,7998,23,21-02-2025,3
17351,1027,23,13-11-2025,3
17382,3608,23,08-09-2025,3
17528,7601,23,05-09-2025,3
17560,6643,23,17-01-2025,3
17729,3562,23,23-12-2025,3
17782,2577,23,02-11-2025,3
17857,1875,23,27-05-2025,3
17933,1624,23,23-05-2025,3
17993,3811,23,18-10-2025,3
18005,147,23,22-11-2025,3
18047,4881,23,04-05-2025,3
18102,7778,23,28-08-2025,3
18178,5642,23,18-01-2025,3
18275,7356,23,13-10-2025,3
18315,5398,23,19-08-2025,3
18468,7268,23,19-03-2025,3
18535,7401,23,12-02-2025,3
18546,92,23,10-09-2025,3
18785,164,23,25-08-2025,3
18830,3409,23,15-10-2025,3
18866,6602,23,02-08-2025,3
18903,4163,23,28-12-2025,3
18950,3972,23,29-05-2025,3
19095,6599,23,26-02-2025,3
19155,1623,23,22-10-2025,3
19331,2469,23,09-12-2025,3
19658,956,23,22-09-2025,3
19662,4707,23,16-09-2025,3
19766,275,23,23-05-2025,3
19792,948,23,14-01-2026,3
19847,3221,23,10-01-2025,3
19898,3179,23,19-05-2025,3
19935,6951,23,07-01-2026,3
20000,4615,23,05-06-2025,3
20267,7573,23,04-04-2025,3
20383,1837,23,03-10-2025,3
20409,3256,23,05-08-2025,3
20481,6565,23,14-04-2025,3
20487,2966,23,21-01-2025,3
20521,4704,23,03-01-2025,3
20732,7283,23,16-09-2025,3
20810,6966,23,09-12-2025,3
21199,1862,23,05-08-2025,3
21754,6146,23,01-08-2025,3
21885,6828,23,11-01-2026,3
21889,4015,23,08-10-2025,3
21893,2873,23,26-07-2025,3
21995,1191,23,27-12-2025,3
22078,984,23,03-04-2025,3
22117,26,23,23-08-2025,3
22129,6731,23,14-08-2025,3
22217,5021,23,25-07-2025,3
22250,3449,23,10-08-2025,3
22307,7363,23,06-06-2025,3
22493,4407,23,04-10-2025,3
22554,543,23,09-01-2025,3
22885,5709,23,12-11-2025,3
23148,4374,23,18-01-2026,3
23245,6219,23,03-02-2025,3
23280,6891,23,28-10-2025,3
23357,5027,23,04-05-2025,3
23536,5292,23,04-06-2025,3
23557,6898,23,01-12-2025,3
23607,5830,23,24-08-2025,3
23637,6906,23,03-01-2026,3
23842,500,23,03-11-2025,3
23845,1038,23,11-01-2026,3
24063,7722,23,08-08-2025,3
24239,6761,23,14-08-2025,3
24274,3869,23,09-10-2025,3
24299,7674,23,16-05-2025,3
24552,2597,23,19-07-2025,3
25117,5119,23,09-03-2025,3
25164,7703,23,05-04-2025,3
25293,7196,23,01-02-2025,3
25454,1860,23,11-04-2025,3
25495,2945,23,22-06-2025,3
25586,2850,23,30-05-2025,3
25662,5186,23,25-02-2025,3
25869,7229,23,02-06-2025,3
25883,3195,23,05-09-2025,3
25941,272,23,01-10-2025,3
26063,6845,23,20-11-2025,3
26133,4164,23,26-06-2025,3
26248,7403,23,13-07-2025,3
26292,802,23,03-01-2026,3
26336,7075,23,25-08-2025,3
26590,6057,23,31-07-2025,3
26882,2535,23,09-11-2025,3
26905,7558,23,13-04-2025,3
27104,4881,23,24-07-2025,3
27140,3008,23,20-12-2025,3
27158,7949,23,15-02-2025,3
27223,4655,23,04-01-2025,3
27317,6648,23,15-04-2025,3
27437,4870,23,26-10-2025,3
27640,259,23,03-04-2025,3
91,677,17,30-11-2025,3
215,4581,17,06-07-2025,3
222,1318,17,09-07-2025,3
345,91,17,18-09-2025,3
370,1707,17,08-10-2025,3
499,1786,17,18-03-2025,3
572,7476,17,30-11-2025,3
882,7899,17,16-07-2025,3
892,1560,17,05-07-2025,3
1117,4600,17,07-04-2025,3
1120,7948,17,28-08-2025,3
1156,4568,17,01-06-2025,3
1256,3584,17,16-02-2025,3
1275,7898,17,14-11-2025,3
1550,1009,17,20-10-2025,3
1602,4089,17,04-01-2025,3
1662,154,17,12-05-2025,3
1746,7545,17,29-07-2025,3
1758,4022,17,24-05-2025,3
1762,1538,17,27-04-2025,3
1801,6633,17,13-04-2025,3
1818,3932,17,28-01-2025,3
1850,6527,17,17-04-2025,3
1867,4729,17,10-02-2025,3
1966,1766,17,20-05-2025,3
2328,3666,17,19-04-2025,3
2511,895,17,12-02-2025,3
2553,3433,17,28-03-2025,3
2615,3336,17,05-12-2025,3
2637,5387,17,19-09-2025,3
2756,6418,17,24-05-2025,3
3210,3254,17,06-02-2025,3
3253,6145,17,06-01-2026,3
3288,4820,17,18-08-2025,3
3344,4651,17,11-01-2025,3
3587,2946,17,26-03-2025,3
3797,1173,17,28-05-2025,3
3929,4089,17,25-05-2025,3
3983,121,17,23-09-2025,3
4087,3528,17,26-12-2025,3
4146,5794,17,09-01-2026,3
4260,5888,17,07-01-2026,3
4272,4363,17,08-12-2025,3
4506,7838,17,13-10-2025,3
4648,934,17,19-06-2025,3
4833,970,17,19-06-2025,3
4866,2863,17,19-08-2025,3
5221,6174,17,10-09-2025,3
5759,5423,17,09-11-2025,3
5785,3032,17,19-11-2025,3
5815,4728,17,10-04-2025,3
5934,6572,17,14-05-2025,3
5960,5808,17,25-03-2025,3
6019,1510,17,22-05-2025,3
6133,3404,17,18-12-2025,3
6259,2517,17,03-08-2025,3
6372,5495,17,03-12-2025,3
6395,4025,17,11-12-2025,3
6507,2845,17,14-05-2025,3
6709,1134,17,29-03-2025,3
6827,1454,17,28-03-2025,3
6904,5853,17,17-06-2025,3
6945,2819,17,17-01-2025,3
6981,7562,17,18-03-2025,3
7194,6570,17,14-08-2025,3
7347,266,17,24-11-2025,3
7372,3295,17,16-02-2025,3
7526,1630,17,11-09-2025,3
7818,1899,17,12-07-2025,3
7833,5705,17,09-06-2025,3
7867,5227,17,05-01-2026,3
7879,7798,17,01-09-2025,3
7988,6081,17,09-08-2025,3
8014,6380,17,16-12-2025,3
8045,5145,17,12-07-2025,3
8046,2848,17,13-11-2025,3
8089,729,17,17-11-2025,3
8214,300,17,11-01-2026,3
8387,2405,17,13-06-2025,3
8428,571,17,15-02-2025,3
8501,272,17,10-02-2025,3
8690,5903,17,07-11-2025,3
8716,2576,17,25-03-2025,3
8822,5901,17,11-01-2026,3
8842,260,17,04-01-2025,3
8857,3279,17,31-05-2025,3
8890,7294,17,17-11-2025,3
9031,1415,17,05-10-2025,3
9333,4761,17,11-06-2025,3
9404,7102,17,04-12-2025,3
9641,4402,17,21-09-2025,3
9714,5275,17,29-08-2025,3
9885,4256,17,07-12-2025,3
9916,2690,17,08-05-2025,3
9991,1022,17,14-11-2025,3
9993,1688,17,03-06-2025,3
10014,7997,17,02-01-2026,3
10041,6720,17,30-05-2025,3
10099,6642,17,22-06-2025,3
10211,6823,17,14-01-2026,3
10366,6760,17,07-08-2025,3
10396,6796,17,15-05-2025,3
10563,3425,17,04-11-2025,3
10649,6295,17,12-07-2025,3
10861,199,17,19-08-2025,3
11248,2386,17,21-07-2025,3
11280,1071,17,05-08-2025,3
11392,1540,17,22-07-2025,3
11523,7336,17,14-03-2025,3
11559,6721,17,19-07-2025,3
11560,7287,17,18-07-2025,3
11814,4403,17,08-12-2025,3
11932,3202,17,13-05-2025,3
12029,7536,17,23-07-2025,3
12132,3106,17,16-06-2025,3
12179,7696,17,16-11-2025,3
12308,7470,17,14-10-2025,3
12322,6659,17,21-04-2025,3
12514,372,17,23-02-2025,3
12516,6727,17,30-10-2025,3
12538,3520,17,02-03-2025,3
12635,438,17,29-01-2025,3
12700,6888,17,24-11-2025,3
12727,993,17,03-01-2026,3
12863,6799,17,06-01-2025,3
12869,3486,17,15-11-2025,3
12947,1233,17,12-08-2025,3
13002,1368,17,15-08-2025,3
13077,1321,17,05-02-2025,3
13203,341,17,28-05-2025,3
13212,6756,17,14-06-2025,3
13348,7583,17,14-07-2025,3
13401,886,17,22-12-2025,3
13476,534,17,30-03-2025,3
13555,592,17,15-02-2025,3
13585,4955,17,16-12-2025,3
13712,3578,17,26-05-2025,3
13968,3811,17,08-02-2025,3
13973,7014,17,03-02-2025,3
13989,1265,17,07-04-2025,3
14003,1363,17,01-06-2025,3
14078,6541,17,07-01-2026,3
14140,3928,17,09-02-2025,3
14377,1680,17,25-11-2025,3
14548,2258,17,17-08-2025,3
14884,1111,17,06-07-2025,3
15084,5232,17,15-08-2025,3
15131,2026,17,14-08-2025,3
15279,1972,17,06-02-2025,3
15404,4664,17,14-05-2025,3
15405,4862,17,28-11-2025,3
15410,170,17,13-07-2025,3
15414,4832,17,17-11-2025,3
15591,191,17,09-08-2025,3
15601,6981,17,20-02-2025,3
15609,1297,17,17-11-2025,3
15642,5627,17,22-08-2025,3
15645,7795,17,26-06-2025,3
15799,3490,17,30-05-2025,3
15858,4,17,29-01-2025,3
16056,3122,17,09-07-2025,3
16138,5099,17,20-12-2025,3
16150,2066,17,31-08-2025,3
16453,1374,17,05-03-2025,3
16498,6824,17,07-12-2025,3
16573,3624,17,17-12-2025,3
16649,2120,17,06-12-2025,3
16841,7293,17,30-08-2025,3
16853,7144,17,18-05-2025,3
16906,1844,17,01-01-2026,3
17043,3387,17,27-03-2025,3
17095,2860,17,15-05-2025,3
17195,6314,17,12-12-2025,3
17407,3136,17,14-07-2025,3
17539,6221,17,18-10-2025,3
17764,1575,17,11-01-2025,3
17788,6628,17,07-07-2025,3
18041,7964,17,15-01-2026,3
18130,836,17,15-08-2025,3
18301,7104,17,15-05-2025,3
18427,6918,17,19-08-2025,3
18502,7508,17,13-11-2025,3
18797,792,17,02-01-2025,3
19159,2441,17,10-06-2025,3
19187,3329,17,17-01-2025,3
19424,2728,17,17-04-2025,3
19530,7494,17,20-04-2025,3
19564,2414,17,20-07-2025,3
19570,2931,17,12-09-2025,3
19870,3242,17,15-12-2025,3
19968,3484,17,16-04-2025,3
20070,3902,17,07-06-2025,3
20209,6097,17,26-08-2025,3
20526,6843,17,29-10-2025,3
20584,2864,17,10-09-2025,3
20751,1800,17,14-01-2025,3
20894,7320,17,07-12-2025,3
20929,1085,17,02-01-2025,3
21103,3198,17,23-01-2025,3
21132,236,17,11-08-2025,3
21201,6625,17,10-08-2025,3
21243,1664,17,09-09-2025,3
21301,439,17,22-06-2025,3
21460,3255,17,22-11-2025,3
21553,276,17,21-09-2025,3
21574,6442,17,08-10-2025,3
21623,3913,17,16-06-2025,3
21745,5104,17,29-07-2025,3
21814,4756,17,16-05-2025,3
21910,4717,17,23-11-2025,3
21944,2687,17,21-07-2025,3
22009,1556,17,11-02-2025,3
22019,4071,17,23-12-2025,3
22098,3342,17,17-04-2025,3
22106,3463,17,28-08-2025,3
22223,5581,17,19-08-2025,3
22312,960,17,14-10-2025,3
22348,1476,17,04-02-2025,3
22478,320,17,06-12-2025,3
22565,3360,17,14-11-2025,3
22724,1367,17,01-08-2025,3
22726,6702,17,04-11-2025,3
22731,4716,17,20-07-2025,3
22813,674,17,22-03-2025,3
23020,4441,17,24-07-2025,3
23425,5259,17,06-09-2025,3
23773,1492,17,09-08-2025,3
23864,6435,17,13-05-2025,3
23963,7292,17,21-06-2025,3
24203,1820,17,28-07-2025,3
24212,3755,17,20-04-2025,3
24410,7122,17,12-08-2025,3
24434,854,17,08-06-2025,3
24526,5684,17,06-01-2026,3
24736,1634,17,21-02-2025,3
24809,4467,17,06-01-2025,3
24819,5247,17,20-09-2025,3
24889,679,17,20-07-2025,3
25191,1578,17,10-05-2025,3
25266,2135,17,08-06-2025,3
25312,316,17,10-07-2025,3
25415,2572,17,15-08-2025,3
25446,6946,17,29-01-2025,3
25526,549,17,23-09-2025,3
25565,626,17,19-09-2025,3
25609,6794,17,25-09-2025,3
25656,2513,17,12-03-2025,3
25692,5572,17,30-11-2025,3
25727,1317,17,22-12-2025,3
25797,5200,17,04-12-2025,3
25798,4834,17,14-08-2025,3
25858,6488,17,01-12-2025,3
25915,6745,17,07-05-2025,3
26002,1754,17,01-04-2025,3
26024,4547,17,11-02-2025,3
26166,1077,17,02-12-2025,3
26385,1323,17,28-07-2025,3
26393,1025,17,11-01-2026,3
26438,5883,17,01-08-2025,3
26604,93,17,06-05-2025,3
26656,7876,17,17-10-2025,3
26877,5700,17,18-10-2025,3
26891,7434,17,26-01-2025,3
27096,311,17,27-07-2025,3
27293,7509,17,14-07-2025,3
27404,1763,17,06-08-2025,3
27419,7251,17,04-12-2025,3
27534,4978,17,11-12-2025,3
27717,5482,17,06-11-2025,3
27812,1479,17,16-11-2025,3
71,6263,13,17-07-2025,5
78,6201,13,06-04-2025,5
148,7275,13,07-05-2025,5
231,5361,13,07-05-2025,5
232,5855,13,01-11-2025,5
350,7413,13,25-05-2025,5
363,7193,13,06-12-2025,5
577,3823,13,06-08-2025,5
691,4204,13,08-07-2025,5
723,4510,13,05-06-2025,5
740,738,13,08-10-2025,5
773,3351,13,12-11-2025,5
785,5372,13,03-01-2025,5
1206,2364,13,18-08-2025,5
1266,7370,13,18-05-2025,5
1299,5867,13,09-11-2025,5
1312,7019,13,13-05-2025,5
1316,3674,13,09-08-2025,5
1330,169,13,27-08-2025,5
1354,2457,13,10-02-2025,5
1457,351,13,20-11-2025,5
1478,7102,13,11-10-2025,5
1565,4118,13,26-03-2025,5
1575,1000,13,24-01-2025,5
1651,5473,13,18-10-2025,5
1702,6151,13,09-05-2025,5
1711,306,13,04-06-2025,5
2016,2938,13,17-03-2025,5
2214,2825,13,12-07-2025,5
2239,6713,13,07-09-2025,5
2273,312,13,05-06-2025,5
2473,5950,13,23-12-2025,5
2589,4756,13,22-12-2025,5
2757,6698,13,22-08-2025,5
2837,6426,13,18-03-2025,5
2948,4218,13,07-08-2025,5
3176,5912,13,22-01-2025,5
3289,4019,13,15-08-2025,5
3347,1271,13,05-02-2025,5
3350,6805,13,14-06-2025,5
3396,3881,13,16-02-2025,5
3420,1855,13,16-01-2026,5
3448,7736,13,11-04-2025,5
3498,6138,13,09-03-2025,5
3536,4782,13,17-04-2025,5
3585,3742,13,15-05-2025,5
3611,5997,13,09-06-2025,5
3670,5049,13,14-09-2025,5
4021,6416,13,06-05-2025,5
4478,7310,13,24-05-2025,5
4492,3263,13,02-08-2025,5
4722,5250,13,19-05-2025,5
4854,1051,13,03-10-2025,5
5068,7105,13,10-04-2025,5
5251,6782,13,24-12-2025,5
5399,7768,13,20-11-2025,5
5417,5767,13,06-01-2025,5
5872,3167,13,30-03-2025,5
6155,4842,13,12-01-2026,5
6584,6176,13,21-09-2025,5
6612,2455,13,06-02-2025,5
6719,3695,13,14-05-2025,5
6766,7992,13,29-12-2025,5
6809,3356,13,10-02-2025,5
6821,2630,13,07-01-2026,5
6935,5982,13,26-01-2025,5
7249,5704,13,24-09-2025,5
7705,5029,13,24-07-2025,5
7721,537,13,06-12-2025,5
7844,7351,13,25-01-2025,5
7884,774,13,12-07-2025,5
7997,599,13,20-07-2025,5
8016,7166,13,04-10-2025,5
8257,3325,13,03-12-2025,5
8675,5732,13,19-03-2025,5
8705,2646,13,18-03-2025,5
8902,968,13,08-08-2025,5
8920,4391,13,20-10-2025,5
8929,253,13,28-10-2025,5
8963,474,13,18-11-2025,5
9437,3865,13,08-06-2025,5
9532,5676,13,08-01-2025,5
9572,6254,13,29-07-2025,5
9826,6379,13,09-04-2025,5
9874,1870,13,26-10-2025,5
9906,3980,13,04-10-2025,5
10151,6643,13,05-11-2025,5
10551,4579,13,01-09-2025,5
10627,7791,13,11-05-2025,5
10639,7555,13,04-02-2025,5
10665,2186,13,05-01-2026,5
10742,7923,13,12-08-2025,5
10867,2746,13,28-06-2025,5
10911,4770,13,03-10-2025,5
11209,6788,13,25-07-2025,5
11216,6576,13,07-05-2025,5
11273,1567,13,21-03-2025,5
11396,6274,13,09-06-2025,5
11627,2646,13,26-06-2025,5
11667,850,13,27-03-2025,5
11800,3206,13,29-03-2025,5
11806,3011,13,25-10-2025,5
11807,5911,13,03-09-2025,5
11922,7404,13,25-05-2025,5
11973,1372,13,28-09-2025,5
12217,1541,13,30-01-2025,5
12539,4433,13,16-01-2026,5
12613,4073,13,01-04-2025,5
12618,7419,13,22-09-2025,5
12655,6705,13,11-07-2025,5
12920,6163,13,25-09-2025,5
13047,5255,13,14-02-2025,5
13164,7500,13,06-05-2025,5
13241,2476,13,06-01-2025,5
13505,1060,13,15-08-2025,5
13751,7413,13,25-11-2025,5
14314,3672,13,13-08-2025,5
14320,4804,13,15-01-2026,5
14514,7496,13,02-11-2025,5
14725,2152,13,03-01-2026,5
14788,2631,13,18-05-2025,5
14947,3386,13,03-06-2025,5
15195,5012,13,19-03-2025,5
15348,1904,13,08-11-2025,5
15472,608,13,07-10-2025,5
15622,558,13,16-01-2025,5
15701,4588,13,18-07-2025,5
15795,7938,13,29-07-2025,5
15956,3806,13,29-06-2025,5
16068,348,13,03-06-2025,5
16149,4532,13,09-01-2025,5
16488,2292,13,18-07-2025,5
16682,1882,13,02-02-2025,5
16931,1897,13,29-01-2025,5
16938,6707,13,24-10-2025,5
16959,7992,13,14-01-2026,5
17029,5336,13,10-11-2025,5
17054,1432,13,17-12-2025,5
17062,5412,13,08-07-2025,5
17315,1712,13,26-03-2025,5
17433,6650,13,29-04-2025,5
17547,6707,13,17-03-2025,5
17655,4346,13,17-09-2025,5
17682,813,13,21-02-2025,5
17690,4638,13,27-11-2025,5
17710,1786,13,14-11-2025,5
17820,6780,13,28-04-2025,5
17843,6324,13,29-01-2025,5
17854,784,13,08-11-2025,5
18065,1201,13,10-07-2025,5
18347,808,13,28-06-2025,5
18357,4149,13,05-01-2026,5
18854,5747,13,29-07-2025,5
18930,6349,13,12-01-2025,5
19051,3662,13,12-01-2026,5
19119,7343,13,17-02-2025,5
19273,4004,13,07-12-2025,5
19328,7771,13,29-05-2025,5
19429,5868,13,04-07-2025,5
19478,5843,13,29-12-2025,5
19604,2769,13,14-07-2025,5
19610,7442,13,04-05-2025,5
19627,2570,13,25-10-2025,5
19640,594,13,31-07-2025,5
19661,2876,13,06-01-2025,5
20135,4973,13,13-06-2025,5
20223,4949,13,29-09-2025,5
20233,3806,13,15-10-2025,5
20240,7211,13,13-07-2025,5
20244,572,13,19-04-2025,5
20354,7300,13,23-10-2025,5
20488,2386,13,30-07-2025,5
20648,6724,13,19-04-2025,5
20689,2399,13,14-11-2025,5
20789,2988,13,06-01-2026,5
20893,4267,13,25-06-2025,5
21065,3057,13,26-01-2025,5
21415,6182,13,22-09-2025,5
21668,1532,13,17-01-2025,5
21767,7700,13,29-09-2025,5
21788,4392,13,28-02-2025,5
21860,2056,13,18-01-2025,5
22052,1176,13,12-06-2025,5
22085,3892,13,06-07-2025,5
22178,3532,13,08-03-2025,5
22299,3652,13,24-08-2025,5
22422,2501,13,19-08-2025,5
22482,3940,13,23-02-2025,5
22489,6599,13,28-06-2025,5
22608,4442,13,02-05-2025,5
22723,2280,13,08-02-2025,5
22736,148,13,30-04-2025,5
23003,3595,13,19-06-2025,5
23031,5450,13,17-11-2025,5
23232,4204,13,10-01-2025,5
23389,1472,13,19-07-2025,5
23412,511,13,15-11-2025,5
23593,1819,13,02-06-2025,5
23688,5963,13,08-02-2025,5
23734,6828,13,22-10-2025,5
23762,5419,13,23-10-2025,5
23925,3118,13,02-02-2025,5
23935,2506,13,22-09-2025,5
23982,1320,13,10-04-2025,5
24087,1785,13,20-06-2025,5
24104,3071,13,01-10-2025,5
24220,2406,13,27-03-2025,5
24247,5765,13,02-06-2025,5
24417,6280,13,14-08-2025,5
24604,578,13,09-06-2025,5
24789,7897,13,06-11-2025,5
24916,7583,13,06-08-2025,5
25137,1458,13,28-12-2025,5
25233,786,13,18-04-2025,5
25481,2583,13,02-06-2025,5
25628,3429,13,22-02-2025,5
25832,4504,13,19-05-2025,5
25838,6254,13,10-02-2025,5
25916,6768,13,28-03-2025,5
26031,7574,13,15-07-2025,5
26317,2857,13,03-10-2025,5
26617,4319,13,16-08-2025,5
26636,5096,13,24-01-2025,5
26654,7397,13,07-05-2025,5
26685,6485,13,21-02-2025,5
26729,2211,13,06-02-2025,5
27006,23,13,26-02-2025,5
27047,4655,13,28-03-2025,5
27125,5032,13,06-11-2025,5
27149,7153,13,18-02-2025,5
27157,6247,13,22-10-2025,5
27161,2662,13,13-05-2025,5
27207,136,13,27-06-2025,5
27258,4999,13,07-03-2025,5
27445,7176,13,05-11-2025,5
27616,1720,13,07-09-2025,5
27648,3102,13,19-01-2025,5
27724,4452,13,17-07-2025,5
27746,3073,13,05-02-2025,5
27941,921,13,17-10-2025,5
2,6607,23,03-03-2025,5
223,3773,23,19-07-2025,5
241,6480,23,12-07-2025,5
279,1134,23,17-08-2025,5
437,5662,23,10-12-2025,5
635,5452,23,11-11-2025,5
867,4887,23,29-12-2025,5
952,1643,23,07-08-2025,5
960,4055,23,12-09-2025,5
985,674,23,10-01-2025,5
1022,5800,23,04-12-2025,5
1025,6998,23,28-02-2025,5
1146,5038,23,09-04-2025,5
1541,7229,23,05-01-2026,5
1699,7624,23,01-01-2026,5
1720,5000,23,15-04-2025,5
2065,5430,23,28-04-2025,5
2296,4877,23,28-03-2025,5
2375,1062,23,01-10-2025,5
2694,4895,23,15-05-2025,5
2764,5605,23,14-01-2026,5
2807,6075,23,15-01-2025,5
2823,750,23,27-06-2025,5
3006,6095,23,24-02-2025,5
3074,3953,23,18-01-2026,5
3161,252,23,25-12-2025,5
3504,3212,23,07-04-2025,5
3567,1229,23,30-03-2025,5
3623,6535,23,16-06-2025,5
3893,3710,23,03-08-2025,5
3961,3374,23,25-07-2025,5
3994,1973,23,25-12-2025,5
4116,3828,23,24-07-2025,5
4170,2269,23,07-01-2025,5
4242,4289,23,30-01-2025,5
4365,1687,23,23-03-2025,5
4429,4367,23,01-11-2025,5
4609,6081,23,14-11-2025,5
4647,1270,23,10-09-2025,5
4657,5471,23,03-06-2025,5
4662,7254,23,09-09-2025,5
4732,1651,23,05-01-2025,5
5108,1559,23,04-10-2025,5
5224,814,23,10-04-2025,5
5234,1690,23,02-06-2025,5
5415,1426,23,21-02-2025,5
5743,7592,23,12-10-2025,5
5767,388,23,16-09-2025,5
5795,6373,23,10-05-2025,5
5817,2179,23,02-01-2026,5
5938,1177,23,07-03-2025,5
5940,1745,23,26-03-2025,5
6028,1188,23,21-07-2025,5
6036,7992,23,24-05-2025,5
6163,3797,23,16-03-2025,5
6367,4971,23,17-11-2025,5
6389,2704,23,11-05-2025,5
6813,4127,23,31-12-2025,5
6903,6591,23,29-07-2025,5
6944,3648,23,12-01-2026,5
6961,7019,23,17-08-2025,5
7168,3855,23,16-04-2025,5
7310,1281,23,21-11-2025,5
7342,6793,23,20-01-2025,5
7386,3893,23,16-05-2025,5
7523,3764,23,27-08-2025,5
7635,6222,23,18-05-2025,5
7672,3937,23,08-12-2025,5
7762,5043,23,16-01-2025,5
7874,1217,23,16-06-2025,5
7876,3998,23,29-09-2025,5
8007,4110,23,24-05-2025,5
8062,4890,23,18-01-2025,5
8205,2997,23,16-02-2025,5
8399,5273,23,17-08-2025,5
8415,1934,23,25-01-2025,5
8434,5437,23,14-03-2025,5
8540,1046,23,10-11-2025,5
8665,6300,23,27-01-2025,5
8721,6499,23,03-04-2025,5
8893,4824,23,09-07-2025,5
9199,7709,23,01-08-2025,5
9248,5875,23,16-02-2025,5
9588,7726,23,22-03-2025,5
9642,7655,23,26-04-2025,5
9967,6202,23,17-09-2025,5
9989,4710,23,18-06-2025,5
10182,2957,23,29-04-2025,5
10293,2954,23,23-10-2025,5
10496,657,23,10-07-2025,5
10497,5306,23,18-12-2025,5
10502,1615,23,19-07-2025,5
10796,2325,23,19-11-2025,5
10914,3255,23,15-10-2025,5
11078,4671,23,23-01-2025,5
11123,2612,23,30-07-2025,5
11170,218,23,28-03-2025,5
11294,4248,23,08-06-2025,5
11473,501,23,24-03-2025,5
12129,2562,23,11-09-2025,5
12251,4428,23,11-08-2025,5
12318,5976,23,08-03-2025,5
12696,1674,23,11-12-2025,5
12735,3467,23,23-04-2025,5
12823,304,23,21-04-2025,5
12858,4315,23,15-02-2025,5
12902,236,23,30-07-2025,5
12905,2104,23,23-08-2025,5
12996,2538,23,26-12-2025,5
13012,5607,23,28-05-2025,5
13229,4527,23,15-08-2025,5
13283,753,23,28-06-2025,5
13557,4531,23,08-01-2025,5
13583,5971,23,27-05-2025,5
13610,5823,23,24-03-2025,5
14052,3400,23,01-09-2025,5
14118,7603,23,16-01-2026,5
14226,7407,23,15-05-2025,5
14441,7273,23,21-03-2025,5
14493,1885,23,20-09-2025,5
14532,5446,23,01-02-2025,5
14535,3503,23,17-03-2025,5
14615,1836,23,01-11-2025,5
14641,7296,23,09-12-2025,5
14720,3707,23,05-08-2025,5
14778,454,23,20-10-2025,5
14781,2573,23,27-11-2025,5
14877,1958,23,04-08-2025,5
14881,256,23,03-12-2025,5
14961,1702,23,29-03-2025,5
15224,6139,23,03-12-2025,5
15659,7571,23,30-06-2025,5
15689,7052,23,14-09-2025,5
15692,5496,23,05-12-2025,5
16037,7060,23,02-12-2025,5
16180,1125,23,21-01-2025,5
16235,969,23,07-01-2025,5
16392,529,23,26-01-2025,5
16650,2914,23,10-03-2025,5
16664,1366,23,18-11-2025,5
16821,2201,23,30-01-2025,5
16879,7861,23,08-08-2025,5
16894,580,23,20-09-2025,5
16937,3248,23,09-01-2026,5
17096,620,23,21-11-2025,5
17234,4417,23,28-01-2025,5
17262,7071,23,08-03-2025,5
17353,658,23,05-06-2025,5
17390,6399,23,20-07-2025,5
17517,7956,23,02-10-2025,5
17767,6560,23,08-04-2025,5
17983,6975,23,16-11-2025,5
18025,5453,23,01-08-2025,5
18138,1335,23,18-01-2026,5
18617,910,23,30-03-2025,5
18642,4854,23,29-01-2025,5
18750,5505,23,23-05-2025,5
18822,3032,23,26-03-2025,5
18851,338,23,31-01-2025,5
18869,5261,23,26-09-2025,5
19036,137,23,05-12-2025,5
19084,4306,23,26-12-2025,5
19154,7198,23,23-12-2025,5
19189,2122,23,01-07-2025,5
19397,2488,23,26-06-2025,5
19411,4386,23,14-02-2025,5
19659,7077,23,11-01-2025,5
19660,7249,23,07-04-2025,5
19905,7749,23,22-07-2025,5
19982,4895,23,22-11-2025,5
20034,2624,23,08-01-2026,5
20115,1993,23,11-10-2025,5
20585,1536,23,14-04-2025,5
20609,6271,23,04-06-2025,5
20654,3290,23,18-05-2025,5
20755,7479,23,15-05-2025,5
21177,4128,23,05-01-2025,5
21219,7930,23,22-08-2025,5
21690,1165,23,27-06-2025,5
21699,7260,23,17-12-2025,5
21851,165,23,18-01-2026,5
21865,3190,23,17-06-2025,5
22221,2196,23,16-10-2025,5
22319,3126,23,08-01-2026,5
22354,3271,23,07-08-2025,5
22418,3974,23,30-10-2025,5
22722,6311,23,15-07-2025,5
22778,397,23,12-03-2025,5
22834,6151,23,22-09-2025,5
22849,1353,23,08-06-2025,5
22902,7630,23,08-04-2025,5
22917,5534,23,26-04-2025,5
23164,6580,23,19-02-2025,5
23172,2581,23,02-03-2025,5
23327,3031,23,21-01-2025,5
23464,4130,23,25-11-2025,5
23523,2213,23,03-03-2025,5
23564,5953,23,11-07-2025,5
23649,4084,23,05-02-2025,5
23700,7425,23,14-01-2025,5
24027,1899,23,24-11-2025,5
24032,2919,23,02-12-2025,5
24115,4447,23,10-08-2025,5
24217,3485,23,15-01-2026,5
24565,6176,23,25-05-2025,5
25097,1255,23,04-12-2025,5
25100,118,23,01-06-2025,5
25294,4075,23,11-06-2025,5
25389,5902,23,02-07-2025,5
25432,7671,23,31-01-2025,5
25603,4019,23,12-12-2025,5
25682,6753,23,06-10-2025,5
25891,7718,23,20-09-2025,5
25944,6084,23,11-02-2025,5
25978,4653,23,23-10-2025,5
26080,7936,23,25-02-2025,5
26091,776,23,02-09-2025,5
26312,7658,23,07-05-2025,5
26351,6275,23,07-01-2026,5
26355,669,23,03-03-2025,5
26468,5499,23,02-02-2025,5
26518,6680,23,05-02-2025,5
26615,7368,23,30-04-2025,5
26770,3491,23,13-09-2025,5
27279,6631,23,11-03-2025,5
27295,517,23,13-04-2025,5
27336,6356,23,13-06-2025,5
27354,4938,23,21-07-2025,5
27500,1737,23,31-03-2025,5
27622,631,23,20-08-2025,5
27807,205,23,25-12-2025,5
27817,6049,23,02-07-2025,5
27875,3018,23,28-02-2025,5
27878,4553,23,13-03-2025,5
140,4451,6,10-09-2025,5
245,6810,6,08-02-2025,5
271,3971,6,03-11-2025,5
274,7356,6,07-12-2025,5
536,550,6,07-01-2026,5
906,5438,6,19-06-2025,5
957,5673,6,09-01-2025,5
978,7891,6,08-02-2025,5
1005,4592,6,09-02-2025,5
1054,3624,6,22-05-2025,5
1203,1842,6,04-05-2025,5
1204,1208,6,03-01-2026,5
1653,3823,6,10-10-2025,5
1698,1047,6,07-10-2025,5
1891,2115,6,03-05-2025,5
2289,3277,6,03-05-2025,5
2440,3242,6,14-01-2025,5
2513,6781,6,30-10-2025,5
2631,1281,6,26-10-2025,5
2739,2971,6,15-04-2025,5
3106,5747,6,10-05-2025,5
3225,2264,6,12-11-2025,5
3352,815,6,11-03-2025,5
3516,1316,6,13-06-2025,5
3555,2157,6,13-02-2025,5
3932,5341,6,25-07-2025,5
4079,7714,6,13-05-2025,5
4147,2285,6,30-03-2025,5
4256,4719,6,30-05-2025,5
4453,6975,6,17-11-2025,5
4552,3605,6,29-06-2025,5
4827,6089,6,19-01-2025,5
4828,5611,6,26-06-2025,5
4845,4106,6,13-08-2025,5
5017,3512,6,19-12-2025,5
5073,1579,6,26-08-2025,5
5111,1132,6,02-07-2025,5
5493,7360,6,24-05-2025,5
5494,7080,6,02-08-2025,5
5513,1416,6,27-09-2025,5
5825,3377,6,20-07-2025,5
5839,3302,6,19-07-2025,5
6032,6989,6,20-10-2025,5
6119,5294,6,24-11-2025,5
6154,4617,6,05-01-2025,5
6225,5248,6,14-01-2026,5
6257,231,6,18-09-2025,5
6425,663,6,13-07-2025,5
6570,1241,6,28-04-2025,5
6650,6479,6,27-11-2025,5
6670,7007,6,05-10-2025,5
7142,3048,6,14-05-2025,5
7417,5749,6,12-01-2026,5
7461,1999,6,30-06-2025,5
7540,4535,6,15-07-2025,5
7550,910,6,28-02-2025,5
7708,2865,6,21-11-2025,5
7809,2305,6,18-02-2025,5
7834,3418,6,26-06-2025,5
7880,5468,6,05-09-2025,5
7898,2810,6,29-12-2025,5
7899,5008,6,04-05-2025,5
7922,1028,6,07-07-2025,5
8109,3197,6,10-04-2025,5
8295,3050,6,22-06-2025,5
8307,611,6,18-04-2025,5
8358,2703,6,16-01-2025,5
8429,495,6,12-11-2025,5
8454,1339,6,31-08-2025,5
8682,5738,6,14-07-2025,5
8747,7801,6,22-01-2025,5
8786,3948,6,04-11-2025,5
8928,7976,6,07-08-2025,5
9063,2198,6,26-06-2025,5
9085,5723,6,04-01-2025,5
9216,5955,6,08-04-2025,5
9348,6112,6,16-12-2025,5
9777,3555,6,27-09-2025,5
9808,7359,6,02-01-2025,5
9841,4399,6,26-03-2025,5
10004,7913,6,08-09-2025,5
10076,7215,6,18-10-2025,5
10107,2343,6,13-07-2025,5
10126,6727,6,25-10-2025,5
10157,5244,6,14-10-2025,5
10213,3490,6,15-09-2025,5
10221,7737,6,23-09-2025,5
10326,3571,6,06-03-2025,5
10394,682,6,20-01-2025,5
10677,6971,6,09-03-2025,5
10842,7966,6,15-02-2025,5
11543,7463,6,30-07-2025,5
11868,2223,6,16-12-2025,5
11993,2067,6,16-04-2025,5
12038,3187,6,11-11-2025,5
12080,1889,6,19-02-2025,5
12144,602,6,22-01-2025,5
12493,7588,6,28-07-2025,5
12591,4087,6,05-01-2026,5
12660,5060,6,27-02-2025,5
12670,5594,6,31-05-2025,5
12767,3589,6,20-05-2025,5
12792,4611,6,01-01-2026,5
12868,5878,6,06-12-2025,5
13115,4736,6,19-07-2025,5
13499,5963,6,19-02-2025,5
13527,817,6,30-09-2025,5
13600,4790,6,03-11-2025,5
14056,7619,6,29-03-2025,5
14372,4217,6,01-07-2025,5
14443,162,6,09-03-2025,5
14507,4817,6,15-04-2025,5
14551,920,6,30-04-2025,5
14573,4512,6,16-09-2025,5
14661,4475,6,12-01-2026,5
14737,7101,6,01-10-2025,5
14990,4620,6,21-02-2025,5
15213,2197,6,23-10-2025,5
15614,6806,6,28-05-2025,5
15868,1950,6,22-10-2025,5
15954,4861,6,14-06-2025,5
16036,692,6,07-01-2025,5
16164,1813,6,05-09-2025,5
16244,1528,6,08-12-2025,5
16520,2121,6,31-01-2025,5
16754,1557,6,24-09-2025,5
16805,6950,6,05-04-2025,5
16828,6625,6,04-04-2025,5
16941,1131,6,03-08-2025,5
17105,7889,6,02-04-2025,5
17406,3018,6,05-04-2025,5
17468,798,6,27-02-2025,5
17506,674,6,31-12-2025,5
17557,457,6,13-02-2025,5
17612,1859,6,22-01-2025,5
17830,2836,6,01-04-2025,5
18345,6390,6,05-01-2025,5
18387,746,6,04-12-2025,5
18413,635,6,12-01-2025,5
18438,6482,6,02-08-2025,5
18731,7991,6,04-03-2025,5
18824,2988,6,20-05-2025,5
18910,5734,6,02-12-2025,5
18983,3602,6,12-02-2025,5
19017,2754,6,22-01-2025,5
19118,289,6,06-05-2025,5
19243,2234,6,24-04-2025,5
19245,3182,6,17-02-2025,5
19475,7407,6,01-10-2025,5
19483,7808,6,15-01-2025,5
19531,2091,6,06-03-2025,5
19700,6849,6,16-03-2025,5
19788,870,6,18-10-2025,5
19936,4721,6,27-06-2025,5
19981,4456,6,12-01-2026,5
20008,382,6,04-06-2025,5
20017,4504,6,31-12-2025,5
20133,931,6,04-01-2025,5
20187,4940,6,21-09-2025,5
20348,3217,6,09-03-2025,5
20359,7974,6,12-12-2025,5
20706,4611,6,19-01-2025,5
20762,5287,6,16-07-2025,5
20885,4671,6,10-04-2025,5
21155,3892,6,11-07-2025,5
21270,5675,6,29-09-2025,5
21309,5919,6,28-07-2025,5
21539,5017,6,27-10-2025,5
21609,4307,6,26-11-2025,5
21727,2755,6,03-07-2025,5
21782,3346,6,06-09-2025,5
22000,2803,6,22-02-2025,5
22227,4791,6,04-08-2025,5
22568,6359,6,13-09-2025,5
22636,4467,6,29-06-2025,5
22655,7063,6,10-03-2025,5
22656,1936,6,15-04-2025,5
22713,7571,6,16-10-2025,5
22772,1376,6,14-12-2025,5
23080,5556,6,13-05-2025,5
23174,2207,6,02-03-2025,5
23210,4519,6,06-10-2025,5
23256,7371,6,12-02-2025,5
23579,2406,6,18-12-2025,5
24093,2424,6,30-12-2025,5
24129,7045,6,06-01-2026,5
24161,7549,6,27-04-2025,5
24328,4317,6,13-07-2025,5
24373,7393,6,09-10-2025,5
24758,5465,6,12-04-2025,5
24839,1262,6,20-04-2025,5
25106,1636,6,09-06-2025,5
25124,3024,6,27-10-2025,5
25178,3147,6,08-07-2025,5
25257,666,6,03-03-2025,5
25388,6625,6,14-02-2025,5
25418,6492,6,23-09-2025,5
25505,2107,6,04-01-2026,5
25541,518,6,14-08-2025,5
25574,1392,6,17-03-2025,5
25593,7199,6,24-03-2025,5
25921,5046,6,22-04-2025,5
26049,4541,6,19-05-2025,5
26530,1008,6,09-06-2025,5
26548,2901,6,08-01-2025,5
26690,4178,6,21-08-2025,5
26854,522,6,01-07-2025,5
27030,3855,6,30-07-2025,5
27177,3964,6,10-10-2025,5
27178,7215,6,24-07-2025,5
27340,6512,6,14-01-2026,5
27349,6200,6,22-06-2025,5
27895,5166,6,08-02-2025,5
82,7966,4,03-01-2025,5
105,7846,4,10-06-2025,5
165,111,4,15-09-2025,5
234,605,4,29-10-2025,5
414,467,4,17-04-2025,5
447,5861,4,02-11-2025,5
901,7032,4,02-02-2025,5
1262,4150,4,13-04-2025,5
1333,7503,4,07-09-2025,5
1350,782,4,23-03-2025,5
1355,1166,4,15-06-2025,5
1581,121,4,24-07-2025,5
1681,5998,4,18-06-2025,5
2021,5310,4,14-10-2025,5
2267,6810,4,21-06-2025,5
2337,2071,4,22-11-2025,5
2350,6551,4,12-07-2025,5
2367,3610,4,03-08-2025,5
2479,972,4,31-08-2025,5
2512,745,4,22-08-2025,5
2644,7371,4,17-10-2025,5
2695,4954,4,23-01-2025,5
2713,1363,4,29-08-2025,5
2799,6336,4,05-12-2025,5
2901,4199,4,20-10-2025,5
3290,1476,4,02-02-2025,5
3315,3039,4,03-12-2025,5
3433,7597,4,03-02-2025,5
3457,3608,4,25-07-2025,5
3573,7798,4,11-12-2025,5
3738,3959,4,24-11-2025,5
3854,5998,4,11-01-2026,5
4112,4504,4,19-07-2025,5
4251,6531,4,04-01-2026,5
4303,2804,4,24-05-2025,5
4348,4297,4,17-12-2025,5
4374,2854,4,06-01-2026,5
4415,4529,4,22-06-2025,5
4542,1723,4,29-12-2025,5
4565,4600,4,06-02-2025,5
4671,402,4,29-12-2025,5
4682,871,4,27-12-2025,5
4878,3490,4,07-06-2025,5
5022,6522,4,29-03-2025,5
5027,2295,4,19-04-2025,5
5233,4506,4,27-06-2025,5
5301,3185,4,27-08-2025,5
5448,5140,4,12-10-2025,5
5476,585,4,11-11-2025,5
5567,1481,4,07-12-2025,5
5607,4573,4,27-10-2025,5
5677,543,4,29-04-2025,5
5705,2144,4,08-02-2025,5
5831,1849,4,21-04-2025,5
5884,6472,4,30-09-2025,5
5891,1535,4,03-11-2025,5
6011,5539,4,15-08-2025,5
6562,4573,4,21-12-2025,5
6850,7636,4,15-01-2025,5
6913,3275,4,19-11-2025,5
7306,340,4,13-02-2025,5
7344,2205,4,15-04-2025,5
7357,2129,4,07-03-2025,5
7430,2717,4,17-02-2025,5
7565,1037,4,12-07-2025,5
7607,2714,4,27-03-2025,5
7687,4925,4,30-10-2025,5
8092,4571,4,01-02-2025,5
8096,5769,4,18-06-2025,5
8327,5927,4,27-11-2025,5
8357,4974,4,11-11-2025,5
8518,7263,4,02-01-2026,5
8891,552,4,29-10-2025,5
8952,340,4,15-07-2025,5
9201,6287,4,27-07-2025,5
9327,2722,4,30-07-2025,5
9440,3799,4,28-11-2025,5
9620,3348,4,07-01-2026,5
9825,169,4,11-05-2025,5
9962,3186,4,11-11-2025,5
10232,6647,4,18-08-2025,5
10296,561,4,07-09-2025,5
10353,2792,4,12-09-2025,5
10503,4967,4,11-01-2026,5
10661,4274,4,25-08-2025,5
10929,3818,4,28-05-2025,5
10941,7247,4,27-10-2025,5
11758,6863,4,11-10-2025,5
11793,7872,4,13-01-2025,5
11893,2566,4,20-03-2025,5
11985,798,4,06-04-2025,5
12103,550,4,21-08-2025,5
12203,70,4,04-07-2025,5
12238,248,4,16-08-2025,5
12274,6599,4,30-04-2025,5
12420,3330,4,05-04-2025,5
12452,2027,4,11-01-2026,5
12480,264,4,30-03-2025,5
12564,7736,4,25-10-2025,5
12657,7099,4,18-01-2026,5
12658,7044,4,26-01-2025,5
12843,2024,4,18-04-2025,5
13236,7796,4,01-07-2025,5
13245,5029,4,24-08-2025,5
13254,4948,4,02-05-2025,5
13316,3253,4,05-06-2025,5
13558,5334,4,28-05-2025,5
13646,4346,4,19-03-2025,5
13689,3965,4,04-12-2025,5
13787,5773,4,04-11-2025,5
13847,7845,4,03-06-2025,5
13881,4206,4,08-01-2026,5
14047,7797,4,12-06-2025,5
14166,7944,4,03-01-2025,5
14435,1987,4,28-09-2025,5
15181,464,4,13-08-2025,5
15679,5847,4,18-10-2025,5
15775,167,4,03-11-2025,5
15884,2950,4,31-05-2025,5
16144,7804,4,27-09-2025,5
16326,3175,4,30-09-2025,5
16521,1945,4,23-08-2025,5
16680,3941,4,22-01-2025,5
16727,2484,4,12-05-2025,5
16757,418,4,12-09-2025,5
16831,2009,4,28-01-2025,5
17446,7679,4,14-07-2025,5
17570,7727,4,27-08-2025,5
17600,4562,4,03-05-2025,5
17605,7053,4,19-09-2025,5
17740,6386,4,04-01-2025,5
17863,1694,4,21-02-2025,5
17971,5319,4,06-08-2025,5
17975,1192,4,02-03-2025,5
18038,2106,4,08-08-2025,5
18331,524,4,09-03-2025,5
18451,4785,4,30-10-2025,5
18509,4301,4,06-04-2025,5
18638,4409,4,17-11-2025,5
18707,4766,4,29-08-2025,5
19062,6773,4,20-04-2025,5
19192,944,4,25-06-2025,5
19240,974,4,29-06-2025,5
19263,3754,4,04-02-2025,5
19841,7422,4,03-04-2025,5
19929,7708,4,20-02-2025,5
19999,3274,4,19-02-2025,5
20162,5113,4,29-10-2025,5
20168,37,4,24-10-2025,5
20238,1261,4,11-09-2025,5
20329,2624,4,28-01-2025,5
20399,3030,4,09-11-2025,5
20935,4691,4,09-03-2025,5
20942,5900,4,23-09-2025,5
21024,260,4,25-04-2025,5
21463,850,4,15-01-2026,5
21533,6698,4,10-02-2025,5
21572,5900,4,09-01-2026,5
21622,6890,4,26-11-2025,5
21711,4878,4,19-06-2025,5
21738,3783,4,07-08-2025,5
21748,4673,4,01-01-2025,5
21839,7324,4,12-10-2025,5
21964,3201,4,07-05-2025,5
22103,2015,4,18-04-2025,5
22271,943,4,09-10-2025,5
22324,1954,4,23-11-2025,5
22326,6918,4,08-04-2025,5
22341,4797,4,05-01-2026,5
22511,4476,4,28-11-2025,5
22575,6408,4,08-10-2025,5
22623,6344,4,13-06-2025,5
23032,2835,4,05-01-2025,5
23190,2153,4,30-09-2025,5
23422,7315,4,15-05-2025,5
23463,1865,4,12-05-2025,5
23577,2835,4,14-04-2025,5
23631,7863,4,14-06-2025,5
24224,3491,4,30-11-2025,5
24360,1997,4,02-01-2026,5
24372,4919,4,01-11-2025,5
24541,7749,4,30-03-2025,5
24653,3278,4,31-12-2025,5
24833,2304,4,04-04-2025,5
24906,6679,4,06-03-2025,5
25024,1470,4,19-01-2025,5
25051,1486,4,10-02-2025,5
25077,1869,4,17-08-2025,5
25202,2014,4,10-04-2025,5
25320,33,4,28-10-2025,5
25351,6961,4,26-03-2025,5
25514,1747,4,01-07-2025,5
25789,7879,4,10-01-2026,5
26191,7773,4,24-04-2025,5
26217,1,4,14-09-2025,5
26227,871,4,31-10-2025,5
26230,5099,4,21-01-2025,5
26339,6839,4,28-10-2025,5
26432,835,4,26-05-2025,5
26556,6177,4,09-02-2025,5
26562,5428,4,13-02-2025,5
26737,7405,4,05-09-2025,5
26842,3506,4,26-08-2025,5
26846,2131,4,16-07-2025,5
26872,2433,4,22-07-2025,5
27043,3357,4,05-01-2026,5
27069,5320,4,27-04-2025,5
27130,1410,4,17-10-2025,5
27320,5757,4,27-05-2025,5
27321,6603,4,18-06-2025,5
27364,7821,4,25-10-2025,5
27708,6371,4,21-04-2025,5
27987,6533,4,05-11-2025,5
42,6458,9,27-04-2025,5
393,1705,9,16-10-2025,5
540,6349,9,03-08-2025,5
764,5186,9,25-01-2025,5
976,4271,9,28-01-2025,5
977,6405,9,29-07-2025,5
1161,1095,9,06-05-2025,5
1533,4723,9,06-01-2026,5
1570,670,9,18-02-2025,5
1743,685,9,12-10-2025,5
1896,3722,9,09-10-2025,5
2018,7050,9,29-05-2025,5
2026,3474,9,07-06-2025,5
2057,5375,9,14-07-2025,5
2271,7368,9,28-11-2025,5
2612,1930,9,13-09-2025,5
2728,999,9,04-04-2025,5
2827,2470,9,10-09-2025,5
2882,3916,9,06-03-2025,5
2890,6357,9,30-06-2025,5
2917,5768,9,06-05-2025,5
3028,5982,9,15-01-2026,5
3250,54,9,04-10-2025,5
3264,2578,9,25-05-2025,5
3277,2235,9,31-10-2025,5
3330,2929,9,16-01-2026,5
3372,5176,9,08-03-2025,5
3688,5567,9,14-12-2025,5
3851,7256,9,03-10-2025,5
3975,4517,9,22-02-2025,5
3988,225,9,24-12-2025,5
4082,7986,9,26-03-2025,5
4264,2158,9,18-07-2025,5
4314,3958,9,16-01-2026,5
4655,3095,9,29-08-2025,5
4661,3911,9,26-05-2025,5
5044,7063,9,18-11-2025,5
5197,1098,9,02-04-2025,5
5261,1688,9,18-04-2025,5
5284,2877,9,10-08-2025,5
5294,4419,9,01-06-2025,5
5325,1998,9,20-02-2025,5
5746,1694,9,18-09-2025,5
6094,3312,9,24-02-2025,5
6139,7460,9,29-09-2025,5
6176,6065,9,21-06-2025,5
6289,7365,9,31-08-2025,5
6783,2889,9,04-10-2025,5
7299,4117,9,19-03-2025,5
7305,4478,9,28-01-2025,5
7336,1257,9,23-06-2025,5
7348,6651,9,06-12-2025,5
7363,2146,9,19-03-2025,5
7371,4780,9,13-07-2025,5
7405,2066,9,21-10-2025,5
7516,933,9,02-12-2025,5
7805,4434,9,31-01-2025,5
7854,7062,9,12-05-2025,5
7985,3467,9,20-06-2025,5
8131,3670,9,28-02-2025,5
8373,2623,9,18-04-2025,5
8451,1069,9,14-01-2026,5
8490,6806,9,11-01-2025,5
8534,1884,9,10-01-2025,5
8600,1737,9,02-02-2025,5
8613,2487,9,30-10-2025,5
8871,1152,9,03-06-2025,5
8964,6660,9,27-05-2025,5
9050,3762,9,05-09-2025,5
9105,1361,9,30-10-2025,5
9115,1726,9,22-08-2025,5
9287,2571,9,09-09-2025,5
9289,5260,9,06-07-2025,5
9610,1133,9,02-05-2025,5
9611,804,9,11-02-2025,5
9618,7893,9,26-06-2025,5
9696,2331,9,21-08-2025,5
9796,3088,9,10-06-2025,5
9948,6591,9,11-06-2025,5
9952,1054,9,05-02-2025,5
10328,7633,9,08-11-2025,5
10381,3774,9,01-11-2025,5
10578,3751,9,08-06-2025,5
10776,754,9,21-06-2025,5
10922,1930,9,29-03-2025,5
11146,4376,9,03-06-2025,5
11365,2099,9,14-08-2025,5
11412,4739,9,18-05-2025,5
11480,169,9,14-03-2025,5
11551,6336,9,16-08-2025,5
11571,65,9,18-07-2025,5
11994,2378,9,26-02-2025,5
12515,1128,9,23-07-2025,5
12566,1355,9,08-03-2025,5
12817,1942,9,18-01-2025,5
13240,1411,9,01-01-2026,5
13321,797,9,03-06-2025,5
13358,6004,9,17-02-2025,5
13396,681,9,15-01-2025,5
13444,3969,9,10-09-2025,5
13520,5003,9,25-11-2025,5
13552,295,9,11-08-2025,5
13594,6730,9,14-12-2025,5
13794,2390,9,20-03-2025,5
13825,1603,9,24-04-2025,5
13846,4613,9,29-04-2025,5
13866,863,9,15-02-2025,5
13941,1477,9,07-12-2025,5
13991,3710,9,21-10-2025,5
14051,1502,9,21-01-2025,5
14164,2482,9,09-08-2025,5
14203,4983,9,05-04-2025,5
14209,3278,9,26-12-2025,5
14424,7671,9,29-09-2025,5
14591,7536,9,26-06-2025,5
14707,2476,9,19-08-2025,5
14713,6626,9,10-09-2025,5
14885,7463,9,03-10-2025,5
14951,2180,9,03-10-2025,5
14966,5651,9,02-02-2025,5
15004,6045,9,10-01-2025,5
15228,5903,9,15-01-2025,5
15387,408,9,06-03-2025,5
15499,184,9,05-02-2025,5
15597,2576,9,04-12-2025,5
15686,2387,9,01-08-2025,5
16101,6020,9,20-01-2025,5
16221,6424,9,21-09-2025,5
16415,6411,9,30-10-2025,5
16533,7845,9,16-09-2025,5
16624,5004,9,24-03-2025,5
16726,3338,9,19-10-2025,5
16748,6575,9,12-09-2025,5
16822,2153,9,10-12-2025,5
16830,5866,9,27-04-2025,5
17040,4365,9,05-07-2025,5
17053,3843,9,31-08-2025,5
17190,1757,9,21-03-2025,5
17235,2498,9,07-06-2025,5
17573,5352,9,07-10-2025,5
17615,6276,9,10-04-2025,5
17624,6064,9,02-09-2025,5
17689,336,9,15-06-2025,5
17803,2750,9,13-12-2025,5
17916,4324,9,24-08-2025,5
17939,782,9,04-10-2025,5
17982,1006,9,05-08-2025,5
18316,1260,9,02-08-2025,5
18465,1776,9,29-12-2025,5
18745,3024,9,14-11-2025,5
18877,257,9,10-11-2025,5
19180,5757,9,19-12-2025,5
19198,824,9,12-03-2025,5
19402,2812,9,24-12-2025,5
19697,856,9,05-12-2025,5
19868,600,9,30-10-2025,5
20386,5114,9,10-08-2025,5
20492,6817,9,04-11-2025,5
20660,3981,9,12-01-2026,5
21041,7647,9,17-06-2025,5
21241,2220,9,25-02-2025,5
21388,4577,9,18-10-2025,5
21406,2831,9,20-07-2025,5
21631,2861,9,14-11-2025,5
21652,5085,9,12-12-2025,5
21765,4261,9,21-05-2025,5
21819,4114,9,28-02-2025,5
21971,4325,9,07-02-2025,5
22536,5548,9,23-01-2025,5
22562,6469,9,29-04-2025,5
22750,6827,9,19-10-2025,5
22957,2454,9,07-01-2026,5
22964,5620,9,24-03-2025,5
22986,2465,9,06-01-2026,5
23066,1653,9,13-07-2025,5
23097,1892,9,20-06-2025,5
23509,885,9,26-07-2025,5
23707,4674,9,02-01-2026,5
23785,5956,9,05-10-2025,5
23804,888,9,11-11-2025,5
23869,1122,9,17-04-2025,5
23878,2175,9,15-01-2026,5
23907,326,9,28-02-2025,5
24166,6266,9,11-11-2025,5
24183,5417,9,14-12-2025,5
24287,1691,9,09-08-2025,5
24501,842,9,27-07-2025,5
24515,2586,9,18-07-2025,5
24693,7502,9,01-01-2025,5
24701,2171,9,27-07-2025,5
24730,840,9,08-08-2025,5
24766,7629,9,04-11-2025,5
24837,2420,9,09-08-2025,5
25123,4531,9,28-06-2025,5
25181,3830,9,26-07-2025,5
25234,7538,9,13-04-2025,5
25274,7861,9,31-03-2025,5
25370,5976,9,11-02-2025,5
25460,1044,9,03-05-2025,5
25494,2564,9,13-09-2025,5
25626,7609,9,23-05-2025,5
25811,36,9,21-05-2025,5
25857,881,9,23-01-2025,5
25894,1829,9,28-09-2025,5
25972,823,9,14-06-2025,5
26640,6970,9,16-12-2025,5
27105,3374,9,05-04-2025,5
27256,5893,9,04-07-2025,5
27418,2420,9,12-03-2025,5
27544,35,9,19-10-2025,5
27656,3368,9,12-01-2025,5
27853,6071,9,16-06-2025,5
14,7538,14,17-10-2025,5
95,229,14,07-09-2025,5
401,3581,14,05-10-2025,5
464,7235,14,09-07-2025,5
780,3925,14,15-09-2025,5
787,168,14,27-07-2025,5
874,1342,14,18-09-2025,5
997,6045,14,29-05-2025,5
1353,6734,14,08-07-2025,5
1486,3494,14,21-07-2025,5
1726,1301,14,13-10-2025,5
1995,3605,14,15-09-2025,5
2023,6006,14,17-07-2025,5
2154,3,14,02-03-2025,5
2187,3045,14,10-11-2025,5
2278,503,14,12-03-2025,5
2643,830,14,16-06-2025,5
2679,366,14,31-08-2025,5
2686,7082,14,24-08-2025,5
2701,5890,14,23-04-2025,5
2959,2258,14,04-12-2025,5
3031,7650,14,21-04-2025,5
3251,7424,14,22-05-2025,5
3422,6306,14,13-11-2025,5
3610,6804,14,06-11-2025,5
3665,4855,14,09-09-2025,5
3683,2355,14,15-06-2025,5
3708,2356,14,11-11-2025,5
3770,6226,14,14-04-2025,5
3916,1698,14,09-01-2025,5
4107,1448,14,13-06-2025,5
4141,6960,14,20-10-2025,5
4261,5203,14,20-07-2025,5
4304,318,14,07-04-2025,5
4519,1996,14,01-01-2026,5
4605,7232,14,13-03-2025,5
4863,3757,14,18-01-2025,5
4879,7014,14,11-05-2025,5
5064,5491,14,29-09-2025,5
5174,1337,14,20-01-2025,5
5263,4288,14,25-01-2025,5
5463,2921,14,10-09-2025,5
5618,6080,14,02-04-2025,5
5981,5667,14,15-01-2026,5
6148,545,14,22-07-2025,5
6196,5103,14,07-10-2025,5
6274,5382,14,28-08-2025,5
6544,7739,14,09-05-2025,5
6653,7094,14,31-05-2025,5
6798,3710,14,28-06-2025,5
6801,3546,14,03-10-2025,5
6884,2039,14,01-02-2025,5
7403,587,14,05-09-2025,5
7463,5559,14,16-01-2025,5
7770,3892,14,24-11-2025,5
7811,4942,14,12-01-2025,5
8080,3178,14,20-10-2025,5
8161,7029,14,22-09-2025,5
8349,5037,14,02-09-2025,5
8403,1579,14,30-08-2025,5
8420,5924,14,28-08-2025,5
8575,3579,14,14-09-2025,5
8582,5729,14,16-07-2025,5
8604,4681,14,21-01-2025,5
8806,7866,14,27-07-2025,5
8862,7627,14,18-01-2025,5
9207,4168,14,03-01-2025,5
9265,4253,14,10-04-2025,5
9283,3745,14,17-05-2025,5
9376,7289,14,23-12-2025,5
9593,1076,14,09-10-2025,5
9746,1171,14,20-08-2025,5
9759,3091,14,13-12-2025,5
10538,6053,14,03-06-2025,5
10696,4212,14,14-10-2025,5
10701,3439,14,24-05-2025,5
10895,16,14,30-08-2025,5
10936,6353,14,15-06-2025,5
11065,5223,14,17-06-2025,5
11171,7187,14,03-04-2025,5
11260,6258,14,04-04-2025,5
11422,6110,14,31-07-2025,5
11876,320,14,22-08-2025,5
11926,334,14,31-08-2025,5
11940,226,14,09-04-2025,5
12005,6617,14,27-01-2025,5
12104,376,14,10-09-2025,5
12218,7868,14,05-10-2025,5
12694,6054,14,18-11-2025,5
12903,4314,14,28-05-2025,5
13178,2117,14,28-11-2025,5
13237,7398,14,04-09-2025,5
13270,5947,14,07-05-2025,5
13590,1759,14,19-10-2025,5
13625,474,14,27-07-2025,5
13707,6109,14,30-03-2025,5
13939,2416,14,30-10-2025,5
14054,1492,14,15-05-2025,5
14085,3851,14,02-06-2025,5
14104,642,14,17-04-2025,5
14642,3604,14,27-10-2025,5
14965,4876,14,01-11-2025,5
14974,4283,14,22-01-2025,5
15411,306,14,27-11-2025,5
15626,6103,14,14-03-2025,5
15673,2918,14,17-03-2025,5
15706,7628,14,10-06-2025,5
16054,4322,14,26-01-2025,5
16186,6858,14,14-01-2025,5
16352,7812,14,10-01-2026,5
16402,2523,14,01-11-2025,5
16475,4003,14,21-07-2025,5
16476,1127,14,28-01-2025,5
16510,2911,14,18-12-2025,5
16540,2055,14,28-08-2025,5
16723,4540,14,22-11-2025,5
16742,5845,14,19-01-2025,5
17009,335,14,17-10-2025,5
17036,4479,14,20-09-2025,5
17462,7190,14,29-03-2025,5
17722,7833,14,27-07-2025,5
17743,5563,14,13-05-2025,5
17944,1770,14,19-03-2025,5
17999,7645,14,02-11-2025,5
18008,4581,14,03-12-2025,5
18030,1870,14,07-08-2025,5
18235,1021,14,03-06-2025,5
18264,3957,14,06-05-2025,5
18479,6059,14,15-01-2026,5
18482,213,14,09-10-2025,5
18499,4346,14,04-07-2025,5
18625,2938,14,13-12-2025,5
18699,1857,14,03-07-2025,5
18744,5951,14,13-09-2025,5
18873,3862,14,29-06-2025,5
19059,4680,14,04-09-2025,5
19204,6206,14,29-04-2025,5
19308,7391,14,13-07-2025,5
19333,4194,14,01-04-2025,5
19357,3695,14,07-06-2025,5
19448,7218,14,25-01-2025,5
19786,467,14,05-01-2026,5
19859,2052,14,30-04-2025,5
19937,3906,14,30-06-2025,5
19980,3442,14,09-08-2025,5
20059,2087,14,03-10-2025,5
20084,3783,14,21-06-2025,5
20088,3964,14,31-01-2025,5
20110,6719,14,18-11-2025,5
20177,1392,14,30-03-2025,5
20212,5665,14,25-07-2025,5
20303,3204,14,03-01-2025,5
20343,4199,14,28-04-2025,5
20460,2664,14,11-04-2025,5
20464,2510,14,15-04-2025,5
20533,741,14,01-12-2025,5
20581,3228,14,14-01-2025,5
20667,5013,14,05-02-2025,5
20897,3638,14,06-03-2025,5
20932,696,14,07-12-2025,5
21246,1742,14,19-12-2025,5
21276,6666,14,28-05-2025,5
21773,3120,14,09-07-2025,5
21913,3739,14,26-12-2025,5
21928,5754,14,18-05-2025,5
21957,1710,14,13-02-2025,5
21960,6830,14,17-05-2025,5
22053,3194,14,08-08-2025,5
22335,1846,14,15-03-2025,5
22435,291,14,07-02-2025,5
22471,4692,14,25-06-2025,5
22529,3217,14,04-07-2025,5
22618,607,14,18-06-2025,5
22640,3122,14,23-10-2025,5
22798,4474,14,07-03-2025,5
22908,1216,14,31-10-2025,5
23137,3716,14,02-02-2025,5
23146,939,14,21-10-2025,5
23292,2447,14,17-01-2026,5
23345,145,14,23-04-2025,5
23451,5514,14,14-02-2025,5
23653,4772,14,24-01-2025,5
23933,3105,14,02-02-2025,5
24058,1377,14,10-01-2025,5
24171,3830,14,27-01-2025,5
24271,2457,14,01-03-2025,5
24540,4116,14,17-12-2025,5
24734,360,14,22-11-2025,5
24742,5586,14,06-01-2026,5
24874,4981,14,15-03-2025,5
24922,5731,14,14-11-2025,5
25185,6828,14,14-06-2025,5
25455,1316,14,25-03-2025,5
25646,7749,14,15-11-2025,5
25873,1301,14,06-12-2025,5
25929,1546,14,02-04-2025,5
26052,3346,14,13-01-2025,5
26231,4890,14,04-03-2025,5
26359,7607,14,27-02-2025,5
26514,2231,14,30-12-2025,5
26789,5560,14,27-12-2025,5
27048,4479,14,24-03-2025,5
27227,5544,14,13-06-2025,5
27486,5652,14,16-01-2025,5
27511,1749,14,07-11-2025,5
27540,3161,14,19-04-2025,5
27580,273,14,18-06-2025,5
27929,3691,14,14-01-2026,5
154,1272,16,19-02-2025,5
443,5178,16,11-04-2025,5
556,2556,16,02-06-2025,5
885,7006,16,22-11-2025,5
1361,2217,16,10-02-2025,5
1368,4684,16,05-01-2026,5
1395,1761,16,17-10-2025,5
1508,4983,16,27-07-2025,5
1831,4705,16,02-05-2025,5
1908,7383,16,08-09-2025,5
1939,4373,16,20-01-2025,5
1989,6224,16,06-05-2025,5
3702,4418,16,24-10-2025,5
3747,7155,16,22-02-2025,5
3819,3709,16,18-10-2025,5
3863,3099,16,29-11-2025,5
4028,7682,16,06-02-2025,5
4337,205,16,21-09-2025,5
4789,5033,16,28-02-2025,5
5051,763,16,16-07-2025,5
5156,7289,16,11-12-2025,5
5190,4402,16,04-11-2025,5
5395,6384,16,06-01-2025,5
5462,1991,16,17-09-2025,5
5506,4879,16,14-11-2025,5
5642,4465,16,25-09-2025,5
5766,7160,16,19-10-2025,5
6053,826,16,27-06-2025,5
6105,1009,16,18-08-2025,5
6110,4340,16,03-01-2026,5
6150,7967,16,06-12-2025,5
6153,1752,16,06-04-2025,5
6356,2761,16,05-11-2025,5
6369,618,16,21-03-2025,5
6641,2023,16,18-12-2025,5
6772,2570,16,08-01-2025,5
6788,6491,16,15-10-2025,5
6855,3462,16,13-08-2025,5
6910,53,16,17-05-2025,5
6990,3518,16,01-11-2025,5
7156,3978,16,03-05-2025,5
7262,5014,16,03-10-2025,5
7287,2903,16,19-01-2025,5
7290,3673,16,27-03-2025,5
7432,4734,16,27-04-2025,5
7788,2523,16,26-10-2025,5
7853,7231,16,01-11-2025,5
7897,1568,16,08-11-2025,5
7914,6211,16,24-05-2025,5
8133,6796,16,01-01-2025,5
8140,6531,16,27-11-2025,5
8168,6860,16,24-06-2025,5
8591,775,16,11-09-2025,5
8950,1363,16,10-09-2025,5
8993,2292,16,12-08-2025,5
9038,18,16,26-09-2025,5
9116,1410,16,19-04-2025,5
9250,5625,16,01-05-2025,5
9384,2751,16,25-05-2025,5
9498,1011,16,29-10-2025,5
9810,3050,16,08-03-2025,5
10007,5566,16,06-02-2025,5
10017,5870,16,24-12-2025,5
10222,1337,16,13-10-2025,5
10237,4475,16,16-07-2025,5
10266,3556,16,10-04-2025,5
10371,1672,16,25-05-2025,5
10393,6270,16,26-11-2025,5
10552,1577,16,24-09-2025,5
10676,6606,16,20-10-2025,5
10695,3486,16,14-08-2025,5
10780,7427,16,31-05-2025,5
10817,5412,16,22-01-2025,5
10947,3118,16,13-07-2025,5
10955,3439,16,06-08-2025,5
11094,3301,16,21-02-2025,5
11104,3018,16,09-12-2025,5
11138,22,16,13-12-2025,5
11157,7443,16,06-08-2025,5
11226,3551,16,26-03-2025,5
11236,1075,16,31-03-2025,5
11404,3019,16,18-08-2025,5
11435,4371,16,28-06-2025,5
11479,5774,16,16-01-2026,5
11818,1088,16,10-08-2025,5
11883,2823,16,23-02-2025,5
11942,4023,16,21-11-2025,5
11959,4777,16,21-10-2025,5
12126,3621,16,11-10-2025,5
12407,6400,16,26-04-2025,5
12427,3206,16,17-01-2025,5
12504,55,16,27-05-2025,5
12743,3309,16,15-09-2025,5
12949,4017,16,20-05-2025,5
13458,4538,16,06-12-2025,5
13559,5225,16,31-01-2025,5
13932,7422,16,19-03-2025,5
14028,5166,16,14-12-2025,5
14058,3344,16,23-05-2025,5
14370,1418,16,18-01-2026,5
14416,5254,16,05-08-2025,5
14437,4426,16,15-02-2025,5
14582,4755,16,23-03-2025,5
14598,4972,16,23-03-2025,5
14798,29,16,11-11-2025,5
14823,1374,16,02-01-2026,5
15017,6821,16,20-04-2025,5
15076,7418,16,16-02-2025,5
15153,527,16,27-02-2025,5
15257,1432,16,29-04-2025,5
15331,2237,16,08-09-2025,5
15362,864,16,18-12-2025,5
15904,1538,16,10-11-2025,5
16165,4791,16,21-01-2025,5
16293,7059,16,06-03-2025,5
16359,6884,16,21-11-2025,5
16360,1747,16,06-06-2025,5
16439,1510,16,11-11-2025,5
16607,7592,16,20-03-2025,5
16734,5255,16,20-10-2025,5
17018,6236,16,30-12-2025,5
17192,800,16,29-10-2025,5
17237,5917,16,06-09-2025,5
17662,5327,16,23-01-2025,5
17703,2143,16,19-10-2025,5
17831,5149,16,05-03-2025,5
17956,403,16,10-03-2025,5
18048,7526,16,20-09-2025,5
18534,7954,16,28-03-2025,5
18783,1636,16,23-08-2025,5
18918,7742,16,20-04-2025,5
18927,6063,16,18-05-2025,5
19025,7706,16,08-08-2025,5
19212,474,16,03-01-2026,5
19453,1543,16,02-09-2025,5
19588,2404,16,09-01-2025,5
19703,2534,16,29-01-2025,5
19901,7923,16,03-04-2025,5
19990,3215,16,03-09-2025,5
19994,5840,16,13-03-2025,5
20043,389,16,27-12-2025,5
20188,5318,16,05-07-2025,5
20220,7918,16,05-07-2025,5
20330,6046,16,28-07-2025,5
20377,6962,16,18-11-2025,5
20670,6713,16,28-07-2025,5
20716,1299,16,10-08-2025,5
20965,1196,16,24-04-2025,5
21043,6001,16,21-04-2025,5
21101,3178,16,06-05-2025,5
21214,660,16,01-01-2025,5
21380,4582,16,09-10-2025,5
21403,5937,16,09-02-2025,5
21452,3220,16,05-08-2025,5
21636,7799,16,18-05-2025,5
21653,7903,16,16-10-2025,5
21677,2641,16,18-12-2025,5
21750,6060,16,20-04-2025,5
21762,6184,16,10-02-2025,5
21972,879,16,18-01-2025,5
22041,4341,16,15-11-2025,5
22281,2910,16,09-07-2025,5
22359,4314,16,21-04-2025,5
22387,3258,16,03-01-2026,5
22467,7277,16,02-02-2025,5
22886,5394,16,13-02-2025,5
22932,6423,16,01-04-2025,5
22941,3780,16,06-02-2025,5
22970,3314,16,08-01-2025,5
23384,5811,16,27-12-2025,5
23621,2688,16,04-01-2025,5
23669,3549,16,01-10-2025,5
23918,4348,16,17-10-2025,5
23927,4507,16,17-05-2025,5
24031,3922,16,22-03-2025,5
24133,3234,16,19-08-2025,5
24285,7844,16,10-10-2025,5
24403,4353,16,03-09-2025,5
24528,843,16,12-12-2025,5
24603,6346,16,21-11-2025,5
24757,1195,16,09-08-2025,5
25091,33,16,19-05-2025,5
25331,3101,16,06-06-2025,5
25437,1631,16,28-11-2025,5
25504,7233,16,30-01-2025,5
25584,2261,16,23-11-2025,5
25652,2795,16,28-12-2025,5
25728,4539,16,14-01-2026,5
25730,2198,16,18-12-2025,5
25904,5674,16,10-05-2025,5
25909,5299,16,14-02-2025,5
25920,3204,16,05-05-2025,5
25925,5564,16,24-09-2025,5
26022,5375,16,16-05-2025,5
26199,7563,16,31-10-2025,5
26265,7479,16,08-12-2025,5
26421,5121,16,29-01-2025,5
26588,2897,16,16-08-2025,5
26606,4518,16,24-10-2025,5
26985,712,16,17-11-2025,5
27122,162,16,27-12-2025,5
27251,190,16,06-01-2025,5
27282,2108,16,31-03-2025,5
27369,7262,16,31-01-2025,5
27561,7838,16,02-08-2025,5
27689,1962,16,01-07-2025,5
27748,6862,16,13-06-2025,5
27937,467,16,25-12-2025,5
18,3224,7,18-01-2025,5
120,1501,7,23-09-2025,5
269,6397,7,11-03-2025,5
547,2952,7,17-05-2025,5
634,3830,7,10-07-2025,5
657,164,7,05-04-2025,5
805,4478,7,10-01-2026,5
870,4072,7,03-06-2025,5
962,1068,7,14-11-2025,5
968,729,7,24-05-2025,5
1212,5001,7,03-01-2025,5
1317,5497,7,22-04-2025,5
1492,207,7,03-01-2025,5
1529,3224,7,25-08-2025,5
1618,4278,7,07-12-2025,5
1913,1153,7,09-08-2025,5
1929,3639,7,27-08-2025,5
1971,6523,7,03-05-2025,5
2215,60,7,11-03-2025,5
2312,1772,7,17-05-2025,5
2478,1719,7,04-03-2025,5
2532,2055,7,05-04-2025,5
2616,7340,7,25-06-2025,5
2805,77,7,28-03-2025,5
3024,1594,7,11-06-2025,5
3033,2125,7,09-06-2025,5
3052,2261,7,01-08-2025,5
3356,5411,7,04-07-2025,5
3575,5536,7,01-06-2025,5
3607,7688,7,29-09-2025,5
3864,2367,7,09-09-2025,5
3923,4052,7,14-03-2025,5
4000,3397,7,01-10-2025,5
4104,3880,7,16-02-2025,5
4840,5316,7,16-05-2025,5
4877,7003,7,24-07-2025,5
4899,2925,7,09-11-2025,5
4991,6455,7,24-08-2025,5
5129,5853,7,11-05-2025,5
5172,2913,7,08-06-2025,5
5254,4199,7,19-12-2025,5
5267,7834,7,19-01-2025,5
5343,1241,7,18-10-2025,5
5596,5857,7,17-12-2025,5
5949,6655,7,19-07-2025,5
6590,1611,7,03-04-2025,5
6688,7548,7,19-10-2025,5
6782,795,7,19-04-2025,5
6802,6963,7,28-11-2025,5
6861,6387,7,09-07-2025,5
7320,2642,7,21-04-2025,5
7512,7302,7,03-02-2025,5
7527,6711,7,06-08-2025,5
7698,3062,7,15-12-2025,5
7753,5702,7,01-03-2025,5
7950,6110,7,29-10-2025,5
8210,4133,7,17-03-2025,5
8246,6891,7,18-01-2026,5
8496,1811,7,25-02-2025,5
8545,1098,7,04-09-2025,5
8620,5354,7,04-06-2025,5
8648,6972,7,07-02-2025,5
8783,960,7,03-05-2025,5
9102,1028,7,16-05-2025,5
9305,354,7,11-01-2025,5
9506,3126,7,16-02-2025,5
9548,521,7,06-03-2025,5
9555,7283,7,08-10-2025,5
9683,583,7,11-11-2025,5
9964,4299,7,24-10-2025,5
9981,5933,7,03-01-2025,5
10122,1892,7,07-02-2025,5
10124,1456,7,06-04-2025,5
10260,7204,7,11-11-2025,5
10287,681,7,26-07-2025,5
10402,118,7,22-09-2025,5
10414,2268,7,16-06-2025,5
10499,3491,7,30-11-2025,5
10618,7489,7,05-07-2025,5
10694,6842,7,11-12-2025,5
10703,5442,7,26-09-2025,5
10708,2361,7,08-02-2025,5
10764,4741,7,09-09-2025,5
10806,6348,7,07-05-2025,5
10910,7739,7,21-07-2025,5
11052,7640,7,16-10-2025,5
11112,3392,7,15-11-2025,5
11355,3437,7,28-07-2025,5
11715,245,7,10-04-2025,5
11874,5157,7,14-04-2025,5
11989,5334,7,24-07-2025,5
12398,664,7,28-01-2025,5
12739,1881,7,21-03-2025,5
12760,6339,7,14-03-2025,5
12933,3451,7,15-04-2025,5
13107,519,7,21-08-2025,5
13272,935,7,07-10-2025,5
13371,6719,7,01-08-2025,5
13676,405,7,10-04-2025,5
13879,1331,7,27-04-2025,5
14214,2852,7,02-10-2025,5
14315,4938,7,16-06-2025,5
14423,5555,7,24-12-2025,5
14483,3119,7,29-11-2025,5
14698,5186,7,27-12-2025,5
14768,4585,7,19-03-2025,5
15003,6991,7,27-07-2025,5
15059,4830,7,23-11-2025,5
15071,6108,7,01-08-2025,5
15322,1994,7,07-06-2025,5
15625,7346,7,14-04-2025,5
15711,7286,7,16-09-2025,5
15742,2454,7,12-07-2025,5
15830,2109,7,31-07-2025,5
16086,1623,7,26-08-2025,5
16118,6845,7,08-02-2025,5
16119,3254,7,24-06-2025,5
16132,3569,7,12-05-2025,5
16211,960,7,26-08-2025,5
16390,7899,7,01-10-2025,5
16563,6690,7,09-06-2025,5
16670,4910,7,17-01-2025,5
16676,1866,7,11-01-2026,5
16901,2288,7,30-07-2025,5
17067,7029,7,30-01-2025,5
17099,3760,7,18-10-2025,5
17152,2272,7,22-07-2025,5
17306,3309,7,01-08-2025,5
17349,5329,7,16-05-2025,5
17451,2476,7,04-05-2025,5
17483,802,7,16-01-2025,5
17565,7561,7,20-04-2025,5
17599,7911,7,22-06-2025,5
17714,3654,7,26-06-2025,5
17822,3279,7,24-02-2025,5
17934,5330,7,05-09-2025,5
18084,2311,7,22-07-2025,5
18203,5464,7,12-07-2025,5
18223,5566,7,13-10-2025,5
18271,4795,7,20-04-2025,5
18455,7402,7,11-06-2025,5
18490,1392,7,05-02-2025,5
18675,3785,7,30-06-2025,5
19052,7768,7,09-05-2025,5
19195,3171,7,30-12-2025,5
19552,5515,7,14-05-2025,5
19705,4420,7,02-06-2025,5
19861,3463,7,28-04-2025,5
20273,2344,7,18-08-2025,5
20407,7022,7,03-09-2025,5
20434,1056,7,08-03-2025,5
20747,5187,7,19-01-2025,5
20766,7336,7,01-04-2025,5
20835,694,7,31-08-2025,5
20926,4801,7,21-01-2025,5
21029,1223,7,19-10-2025,5
21061,1705,7,05-07-2025,5
21079,2583,7,08-01-2025,5
21148,3088,7,19-09-2025,5
21284,4431,7,14-07-2025,5
21625,2310,7,18-01-2025,5
21802,1119,7,28-07-2025,5
22344,3178,7,05-10-2025,5
22441,1650,7,02-05-2025,5
22443,7066,7,07-02-2025,5
22534,3543,7,24-12-2025,5
22669,1970,7,08-06-2025,5
22959,185,7,13-06-2025,5
23011,2040,7,16-09-2025,5
23234,4101,7,25-10-2025,5
23262,940,7,03-07-2025,5
23439,412,7,06-10-2025,5
23485,6227,7,02-11-2025,5
23697,5292,7,07-10-2025,5
23708,6063,7,12-11-2025,5
23726,4824,7,04-04-2025,5
23777,5190,7,18-01-2026,5
23780,4057,7,01-08-2025,5
23792,5689,7,19-03-2025,5
23999,3641,7,19-04-2025,5
24143,2463,7,10-03-2025,5
24190,3614,7,28-05-2025,5
24633,5734,7,28-09-2025,5
24806,1107,7,29-06-2025,5
24898,3066,7,16-10-2025,5
24990,3821,7,29-11-2025,5
25304,4734,7,03-11-2025,5
25336,648,7,13-10-2025,5
25391,420,7,14-11-2025,5
25400,7421,7,16-08-2025,5
25419,1391,7,18-11-2025,5
25463,489,7,28-05-2025,5
25566,6601,7,08-04-2025,5
26064,5454,7,28-07-2025,5
26168,3787,7,01-10-2025,5
26596,2633,7,28-03-2025,5
26597,1497,7,27-04-2025,5
26811,497,7,18-04-2025,5
26868,6424,7,25-01-2025,5
26940,6126,7,03-07-2025,5
27198,4274,7,06-10-2025,5
27292,183,7,05-01-2025,5
27314,3036,7,14-05-2025,5
27494,2424,7,17-08-2025,5
27657,6070,7,14-06-2025,5
27659,5249,7,27-03-2025,5
27687,5939,7,30-01-2025,5
59,2055,12,11-02-2025,5
100,943,12,14-10-2025,5
260,6845,12,14-01-2026,5
416,3213,12,04-04-2025,5
581,617,12,04-05-2025,5
597,770,12,06-04-2025,5
632,332,12,30-11-2025,5
653,6252,12,02-04-2025,5
917,7980,12,10-01-2025,5
1101,7013,12,08-02-2025,5
1106,7253,12,30-07-2025,5
1225,3212,12,23-09-2025,5
1365,4025,12,24-09-2025,5
1438,6721,12,23-01-2025,5
1621,3620,12,30-11-2025,5
1705,1586,12,08-02-2025,5
1809,4277,12,12-07-2025,5
1907,5154,12,20-07-2025,5
1911,2792,12,23-06-2025,5
2151,2973,12,08-12-2025,5
2402,2571,12,15-01-2025,5
2577,3404,12,11-05-2025,5
2847,520,12,05-06-2025,5
2978,7790,12,25-10-2025,5
4193,7276,12,21-12-2025,5
4313,6868,12,10-01-2026,5
4317,602,12,10-05-2025,5
4328,185,12,13-07-2025,5
4358,732,12,08-10-2025,5
4472,5382,12,19-01-2025,5
4653,6229,12,22-11-2025,5
4767,1382,12,02-12-2025,5
5084,5492,12,01-01-2026,5
5090,6964,12,07-09-2025,5
5191,5659,12,10-01-2025,5
5247,3976,12,13-08-2025,5
5328,2241,12,28-06-2025,5
5361,485,12,27-11-2025,5
5410,3350,12,04-12-2025,5
5452,7990,12,04-12-2025,5
5613,1776,12,26-05-2025,5
5732,4658,12,13-01-2026,5
5742,3866,12,04-04-2025,5
5842,5417,12,21-05-2025,5
6050,2795,12,03-08-2025,5
6167,1184,12,07-06-2025,5
6203,1382,12,31-08-2025,5
6759,832,12,19-06-2025,5
6773,671,12,12-07-2025,5
7121,6255,12,07-10-2025,5
7147,5549,12,11-08-2025,5
7246,6292,12,05-01-2025,5
7250,7666,12,04-05-2025,5
7291,1648,12,13-09-2025,5
7333,3217,12,06-05-2025,5
7358,1375,12,20-01-2025,5
7583,6418,12,09-04-2025,5
7888,1448,12,01-01-2025,5
7976,879,12,10-02-2025,5
8167,5859,12,05-02-2025,5
8305,639,12,20-02-2025,5
8393,6909,12,10-02-2025,5
8473,1545,12,10-01-2025,5
8556,475,12,09-12-2025,5
8614,4896,12,02-04-2025,5
8730,4829,12,18-08-2025,5
8855,4367,12,26-01-2025,5
8886,7845,12,13-05-2025,5
9625,3436,12,11-10-2025,5
9639,4688,12,17-11-2025,5
9749,644,12,23-11-2025,5
9935,936,12,31-12-2025,5
10218,2856,12,29-10-2025,5
10443,3726,12,27-05-2025,5
10562,5315,12,13-02-2025,5
10761,191,12,18-05-2025,5
10834,6899,12,20-08-2025,5
10884,5936,12,14-04-2025,5
11026,621,12,25-03-2025,5
11103,7800,12,12-01-2025,5
11182,540,12,19-01-2025,5
11183,4878,12,28-06-2025,5
11201,3829,12,30-09-2025,5
11205,1807,12,12-11-2025,5
11352,440,12,02-08-2025,5
11388,1063,12,18-11-2025,5
11407,99,12,28-10-2025,5
11790,5975,12,07-09-2025,5
12118,899,12,24-11-2025,5
12461,1924,12,25-01-2025,5
12519,1926,12,14-01-2025,5
12544,1863,12,01-03-2025,5
12582,6893,12,20-08-2025,5
12619,1292,12,16-08-2025,5
12784,1546,12,19-06-2025,5
12835,7141,12,05-05-2025,5
12988,4347,12,26-09-2025,5
13091,576,12,01-03-2025,5
13202,6310,12,27-06-2025,5
13228,4622,12,16-01-2025,5
13275,2863,12,29-05-2025,5
13310,7096,12,24-03-2025,5
13691,2851,12,30-08-2025,5
13701,3270,12,28-11-2025,5
13770,4898,12,04-04-2025,5
13875,3125,12,02-02-2025,5
14055,3734,12,10-01-2025,5
14072,3556,12,27-01-2025,5
14127,7199,12,07-02-2025,5
14154,4482,12,25-07-2025,5
14521,5383,12,08-10-2025,5
14890,4726,12,16-10-2025,5
15881,3581,12,13-06-2025,5
16209,304,12,31-05-2025,5
16331,6666,12,13-06-2025,5
16500,502,12,13-08-2025,5
16519,1126,12,07-05-2025,5
16560,1201,12,20-03-2025,5
16954,5833,12,23-08-2025,5
17289,1973,12,03-04-2025,5
17307,4928,12,27-05-2025,5
17313,3068,12,19-08-2025,5
17392,5086,12,24-05-2025,5
17604,3930,12,11-09-2025,5
17810,5966,12,15-02-2025,5
17919,1596,12,16-04-2025,5
17997,6490,12,24-02-2025,5
18092,5773,12,08-12-2025,5
18188,1175,12,27-04-2025,5
18476,3735,12,24-03-2025,5
18596,1366,12,28-12-2025,5
19076,3631,12,15-10-2025,5
19179,5654,12,15-09-2025,5
19276,7537,12,07-08-2025,5
19369,4076,12,01-12-2025,5
19396,1667,12,25-04-2025,5
19515,7234,12,22-12-2025,5
19546,4678,12,14-03-2025,5
19606,556,12,06-03-2025,5
19736,5219,12,08-08-2025,5
19774,4416,12,06-06-2025,5
19915,4631,12,14-05-2025,5
19987,6498,12,07-04-2025,5
20113,2093,12,24-12-2025,5
20191,4772,12,07-10-2025,5
20294,4081,12,14-02-2025,5
20489,1538,12,07-09-2025,5
20720,4927,12,31-10-2025,5
20723,599,12,16-04-2025,5
20843,326,12,09-05-2025,5
20847,4733,12,15-01-2026,5
20852,2102,12,12-10-2025,5
20947,4045,12,20-04-2025,5
20972,2990,12,08-10-2025,5
21060,1311,12,14-03-2025,5
21289,490,12,12-10-2025,5
21335,3903,12,05-03-2025,5
21368,6246,12,23-08-2025,5
21408,3064,12,06-08-2025,5
21529,1333,12,06-05-2025,5
21635,1545,12,31-10-2025,5
21811,7632,12,23-09-2025,5
21958,1744,12,28-10-2025,5
22147,5600,12,31-10-2025,5
22594,4970,12,22-09-2025,5
22682,1008,12,05-08-2025,5
22775,5851,12,23-06-2025,5
22830,5848,12,04-04-2025,5
22833,1060,12,04-12-2025,5
22870,3008,12,02-06-2025,5
22884,4576,12,17-02-2025,5
23094,2492,12,23-10-2025,5
23343,4391,12,12-07-2025,5
23347,4348,12,12-08-2025,5
23516,2389,12,26-03-2025,5
23560,2988,12,24-10-2025,5
23610,3136,12,10-11-2025,5
23772,5199,12,16-09-2025,5
23806,78,12,27-09-2025,5
23980,3870,12,29-09-2025,5
24199,6329,12,08-11-2025,5
24257,4093,12,06-04-2025,5
24305,7205,12,14-06-2025,5
24510,1489,12,27-02-2025,5
24610,3802,12,03-07-2025,5
24984,1706,12,03-08-2025,5
24997,933,12,11-04-2025,5
25291,7854,12,20-06-2025,5
25474,7084,12,11-09-2025,5
25643,1757,12,23-04-2025,5
25800,3019,12,31-12-2025,5
25890,1688,12,20-04-2025,5
26019,7458,12,02-02-2025,5
26082,7121,12,08-02-2025,5
26197,4769,12,24-06-2025,5
26574,5384,12,28-09-2025,5
26749,1074,12,27-10-2025,5
26819,6170,12,10-03-2025,5
26828,4631,12,04-10-2025,5
27376,4615,12,29-04-2025,5
27392,433,12,26-10-2025,5
27642,312,12,27-09-2025,5
27726,5004,12,23-08-2025,5
27963,4769,12,01-02-2025,5
472,7949,1,28-05-2025,5
485,667,1,15-03-2025,5
844,4307,1,16-08-2025,5
937,442,1,25-11-2025,5
1157,3104,1,06-07-2025,5
1170,6111,1,07-02-2025,5
1207,3828,1,18-12-2025,5
1585,7671,1,08-01-2025,5
1656,846,1,11-01-2025,5
1829,2710,1,10-01-2026,5
1835,1737,1,24-07-2025,5
2029,4589,1,13-05-2025,5
2077,1683,1,21-12-2025,5
2103,1201,1,06-06-2025,5
2225,7850,1,28-11-2025,5
2403,7883,1,09-03-2025,5
2582,5424,1,25-10-2025,5
2584,5677,1,26-01-2025,5
2793,5903,1,23-07-2025,5
3144,4466,1,10-12-2025,5
3237,1191,1,21-03-2025,5
3414,2690,1,04-09-2025,5
3471,6565,1,02-10-2025,5
3756,2727,1,15-07-2025,5
3965,632,1,10-09-2025,5
4184,11,1,04-04-2025,5
4352,3416,1,05-09-2025,5
4394,5010,1,26-07-2025,5
4644,411,1,08-11-2025,5
4708,4173,1,04-08-2025,5
5007,6731,1,04-03-2025,5
5045,7885,1,18-12-2025,5
5114,7958,1,06-10-2025,5
5135,3272,1,01-05-2025,5
5150,1034,1,07-10-2025,5
5276,3523,1,06-09-2025,5
5375,2512,1,04-08-2025,5
5495,317,1,21-11-2025,5
5578,7169,1,20-12-2025,5
5845,1635,1,19-07-2025,5
5927,6738,1,02-01-2025,5
6039,7679,1,12-01-2025,5
6217,854,1,29-09-2025,5
6314,360,1,30-05-2025,5
6358,1772,1,25-10-2025,5
6573,5889,1,11-06-2025,5
6598,3784,1,03-04-2025,5
6603,5134,1,07-11-2025,5
6636,7710,1,18-11-2025,5
6664,3529,1,23-03-2025,5
6753,5526,1,02-04-2025,5
6930,1199,1,09-03-2025,5
7096,2964,1,24-08-2025,5
7356,4116,1,19-01-2025,5
7601,6584,1,16-05-2025,5
7628,1076,1,11-01-2026,5
7781,3368,1,02-01-2025,5
7930,7079,1,20-10-2025,5
7951,561,1,10-04-2025,5
8037,3587,1,11-12-2025,5
8189,3394,1,10-01-2026,5
8330,5498,1,11-12-2025,5
8481,6003,1,03-04-2025,5
8576,3418,1,13-03-2025,5
8742,2655,1,30-05-2025,5
8787,1274,1,07-05-2025,5
8848,1462,1,11-11-2025,5
8938,3964,1,24-11-2025,5
8945,2228,1,14-12-2025,5
9046,1103,1,28-08-2025,5
9127,1231,1,26-02-2025,5
9237,5183,1,21-07-2025,5
9321,5789,1,27-10-2025,5
9417,6422,1,14-08-2025,5
9623,6001,1,10-05-2025,5
9624,1900,1,23-07-2025,5
9727,7446,1,14-12-2025,5
9797,7240,1,06-08-2025,5
9894,3800,1,04-01-2026,5
9910,6370,1,02-03-2025,5
9956,2407,1,06-03-2025,5
10025,7389,1,27-03-2025,5
10030,5832,1,09-06-2025,5
10417,5711,1,13-01-2025,5
10433,30,1,27-04-2025,5
10513,3389,1,10-06-2025,5
10633,319,1,16-08-2025,5
11013,2712,1,09-10-2025,5
11169,739,1,30-06-2025,5
11286,4087,1,15-06-2025,5
11379,3590,1,06-06-2025,5
11869,3398,1,20-12-2025,5
11918,5652,1,01-04-2025,5
12053,4871,1,08-12-2025,5
12162,3931,1,08-04-2025,5
12252,3640,1,06-02-2025,5
12284,4174,1,25-06-2025,5
12358,5045,1,28-08-2025,5
12362,5687,1,25-08-2025,5
12677,7000,1,15-10-2025,5
12813,5143,1,04-01-2026,5
13209,530,1,07-11-2025,5
13351,4160,1,21-08-2025,5
13412,3864,1,27-04-2025,5
13898,5223,1,30-11-2025,5
13907,5967,1,26-03-2025,5
14112,2264,1,22-12-2025,5
14555,885,1,14-01-2026,5
14704,5213,1,28-10-2025,5
14770,6422,1,03-06-2025,5
14790,3475,1,07-11-2025,5
14913,5188,1,18-07-2025,5
14949,2875,1,27-01-2025,5
14971,2643,1,02-10-2025,5
15051,388,1,12-05-2025,5
15189,4526,1,02-06-2025,5
15291,7642,1,01-03-2025,5
15365,3460,1,18-04-2025,5
15377,5621,1,03-08-2025,5
15385,1436,1,06-09-2025,5
15444,3822,1,03-12-2025,5
15461,7015,1,02-07-2025,5
15531,7427,1,04-05-2025,5
16028,6428,1,28-10-2025,5
16033,461,1,17-01-2025,5
16114,5929,1,20-11-2025,5
16185,5482,1,30-03-2025,5
16335,7829,1,25-12-2025,5
16725,4200,1,24-05-2025,5
17300,4472,1,21-07-2025,5
17319,4618,1,19-12-2025,5
17336,5816,1,14-01-2026,5
17359,4138,1,03-01-2026,5
17426,5253,1,29-04-2025,5
17473,2194,1,26-07-2025,5
17520,2972,1,22-05-2025,5
17619,5829,1,25-12-2025,5
17630,6819,1,02-06-2025,5
17640,2311,1,27-02-2025,5
17721,4113,1,20-04-2025,5
17855,6817,1,04-09-2025,5
17908,2777,1,02-05-2025,5
17921,3455,1,23-01-2025,5
18250,1754,1,26-03-2025,5
18274,105,1,08-05-2025,5
18354,4359,1,22-12-2025,5
18419,812,1,17-02-2025,5
18515,626,1,18-02-2025,5
18774,5900,1,08-01-2025,5
18814,3948,1,12-12-2025,5
19086,4959,1,10-11-2025,5
19146,5202,1,15-08-2025,5
19149,5021,1,21-05-2025,5
19214,3662,1,27-08-2025,5
19400,58,1,20-06-2025,5
19497,4376,1,07-01-2026,5
19573,4074,1,15-05-2025,5
19637,4971,1,12-01-2025,5
20418,1951,1,15-11-2025,5
20597,1333,1,26-12-2025,5
20650,6306,1,04-07-2025,5
20882,4726,1,05-04-2025,5
20976,706,1,01-02-2025,5
21076,3370,1,14-09-2025,5
21107,7725,1,03-12-2025,5
21326,2304,1,20-08-2025,5
21419,506,1,05-04-2025,5
21496,3306,1,02-01-2026,5
21858,11,1,27-07-2025,5
22043,1174,1,27-07-2025,5
22133,7866,1,15-09-2025,5
22300,2695,1,05-02-2025,5
22455,3711,1,19-07-2025,5
22641,2736,1,31-03-2025,5
22942,5600,1,23-11-2025,5
22981,3153,1,12-03-2025,5
23248,1687,1,04-07-2025,5
23518,6050,1,09-04-2025,5
23850,1098,1,05-08-2025,5
23853,3580,1,10-05-2025,5
23854,5539,1,09-06-2025,5
23858,6977,1,25-02-2025,5
24169,2516,1,22-06-2025,5
24422,3595,1,26-09-2025,5
24570,3430,1,02-12-2025,5
24696,6638,1,29-07-2025,5
24722,280,1,31-10-2025,5
24802,2776,1,04-09-2025,5
24925,4896,1,19-03-2025,5
25448,3289,1,20-09-2025,5
25482,5117,1,12-03-2025,5
25748,2960,1,10-12-2025,5
26791,1826,1,23-05-2025,5
26792,858,1,09-05-2025,5
27076,2267,1,01-06-2025,5
27083,3346,1,06-02-2025,5
27147,4531,1,09-08-2025,5
27265,6769,1,17-02-2025,5
27405,1861,1,06-02-2025,5
27495,2116,1,15-11-2025,5
27599,1347,1,07-07-2025,5
27690,998,1,03-10-2025,5
27701,6567,1,25-12-2025,5
27973,2888,1,27-08-2025,5
72,5260,11,29-10-2025,5
87,3485,11,09-05-2025,5
339,4543,11,14-02-2025,5
343,6487,11,16-10-2025,5
583,4965,11,06-08-2025,5
762,1209,11,28-10-2025,5
845,7399,11,30-07-2025,5
918,499,11,15-12-2025,5
1089,4777,11,06-07-2025,5
1441,7097,11,05-01-2026,5
1785,3592,11,05-07-2025,5
1925,1281,11,21-12-2025,5
2078,4493,11,03-10-2025,5
2117,32,11,15-01-2026,5
2320,4731,11,16-07-2025,5
2570,5966,11,02-01-2026,5
2699,1721,11,12-10-2025,5
2798,7634,11,26-02-2025,5
3091,5458,11,26-09-2025,5
3150,4384,11,25-12-2025,5
3222,2631,11,30-12-2025,5
3327,4565,11,20-06-2025,5
3565,6629,11,02-05-2025,5
3582,1029,11,12-04-2025,5
3808,3035,11,07-01-2025,5
4330,5696,11,28-06-2025,5
4344,1098,11,05-06-2025,5
4387,5523,11,23-06-2025,5
4420,809,11,15-07-2025,5
4430,1875,11,20-04-2025,5
4599,1309,11,17-05-2025,5
4784,185,11,17-03-2025,5
5192,4093,11,16-02-2025,5
5396,2316,11,14-11-2025,5
5449,822,11,11-01-2025,5
5511,7990,11,24-03-2025,5
5680,5459,11,28-01-2025,5
5904,4947,11,02-02-2025,5
5992,5628,11,27-03-2025,5
6034,6385,11,04-03-2025,5
6111,958,11,23-08-2025,5
6435,5031,11,09-04-2025,5
6635,849,11,06-01-2025,5
6676,4958,11,23-03-2025,5
6771,5026,11,09-01-2026,5
6916,4059,11,02-05-2025,5
7135,170,11,04-07-2025,5
7186,3518,11,04-04-2025,5
7275,4560,11,25-05-2025,5
7382,1614,11,28-09-2025,5
7569,5814,11,17-10-2025,5
7772,3409,11,09-01-2025,5
7773,1266,11,23-04-2025,5
8074,7977,11,20-03-2025,5
8098,3228,11,06-06-2025,5
8192,275,11,16-01-2026,5
8229,6150,11,27-02-2025,5
8271,3179,11,25-02-2025,5
8438,401,11,20-07-2025,5
8601,6066,11,06-10-2025,5
8628,5781,11,07-11-2025,5
8757,39,11,27-09-2025,5
9443,4793,11,22-09-2025,5
9462,3489,11,28-06-2025,5
9468,2369,11,30-08-2025,5
9815,4494,11,13-09-2025,5
9958,7231,11,18-11-2025,5
10534,3642,11,02-03-2025,5
10781,266,11,11-12-2025,5
10808,5624,11,27-01-2025,5
10916,4755,11,16-08-2025,5
11208,5065,11,31-03-2025,5
11242,5771,11,04-09-2025,5
11249,4997,11,11-07-2025,5
11285,6977,11,14-12-2025,5
11307,2602,11,23-02-2025,5
11340,7532,11,02-12-2025,5
11722,1933,11,19-03-2025,5
12025,500,11,18-02-2025,5
12046,5388,11,20-07-2025,5
12100,6602,11,09-04-2025,5
12127,2982,11,15-03-2025,5
12174,2291,11,24-06-2025,5
12357,3670,11,08-04-2025,5
12439,5381,11,24-04-2025,5
12565,2352,11,08-02-2025,5
12884,7312,11,21-04-2025,5
12930,4092,11,07-07-2025,5
12997,4830,11,24-09-2025,5
13373,6209,11,23-05-2025,5
13433,6515,11,21-03-2025,5
13488,2895,11,04-03-2025,5
13495,7257,11,29-05-2025,5
13678,2325,11,14-01-2026,5
13736,6454,11,20-08-2025,5
13867,5167,11,11-03-2025,5
13955,3690,11,08-11-2025,5
14144,7830,11,06-05-2025,5
14200,1459,11,19-07-2025,5
14268,958,11,19-08-2025,5
14309,3955,11,06-07-2025,5
14384,1463,11,11-09-2025,5
14404,257,11,24-05-2025,5
14575,7551,11,12-09-2025,5
14624,4414,11,16-11-2025,5
14640,2086,11,27-07-2025,5
14838,3061,11,08-06-2025,5
14876,197,11,03-12-2025,5
15014,1740,11,16-01-2025,5
15072,5176,11,07-12-2025,5
15337,2214,11,20-11-2025,5
15428,7967,11,09-12-2025,5
15459,3726,11,13-01-2025,5
15462,4528,11,02-11-2025,5
15473,6637,11,12-12-2025,5
15486,6326,11,20-10-2025,5
15833,5345,11,22-11-2025,5
15878,4840,11,17-04-2025,5
15910,7071,11,13-04-2025,5
15944,3269,11,26-06-2025,5
15967,3416,11,01-09-2025,5
16213,6268,11,01-01-2025,5
16517,4300,11,15-02-2025,5
16532,5154,11,11-12-2025,5
16816,1629,11,22-11-2025,5
16980,948,11,21-11-2025,5
17278,2806,11,04-05-2025,5
17519,5930,11,27-12-2025,5
17601,7493,11,26-01-2025,5
17667,4940,11,08-05-2025,5
17894,5202,11,20-05-2025,5
17953,7340,11,12-04-2025,5
18010,2911,11,25-04-2025,5
18116,124,11,11-09-2025,5
18119,1931,11,24-05-2025,5
18399,2098,11,13-07-2025,5
18500,7164,11,04-03-2025,5
18826,5188,11,28-07-2025,5
18861,1884,11,16-05-2025,5
18900,6008,11,26-04-2025,5
19013,7189,11,19-07-2025,5
19167,6330,11,07-09-2025,5
19403,1809,11,11-02-2025,5
19452,5572,11,13-07-2025,5
19547,912,11,04-09-2025,5
19727,5214,11,31-12-2025,5
19816,4068,11,08-01-2026,5
19919,7639,11,29-01-2025,5
20144,2396,11,29-03-2025,5
20276,1035,11,22-08-2025,5
20404,5364,11,13-03-2025,5
20408,3009,11,13-04-2025,5
20571,1001,11,02-07-2025,5
20700,5247,11,03-01-2026,5
20748,5953,11,23-12-2025,5
20848,7434,11,29-08-2025,5
20867,3285,11,24-12-2025,5
21006,4987,11,22-02-2025,5
21211,2394,11,23-04-2025,5
21824,5508,11,02-10-2025,5
22172,6438,11,28-11-2025,5
22664,4203,11,04-03-2025,5
22743,5701,11,13-12-2025,5
22819,7751,11,29-10-2025,5
23077,4670,11,10-11-2025,5
23159,4777,11,23-02-2025,5
23161,540,11,12-04-2025,5
23179,5031,11,09-12-2025,5
23450,2355,11,23-07-2025,5
23519,7573,11,10-09-2025,5
23840,4730,11,30-11-2025,5
24108,155,11,01-03-2025,5
24122,4352,11,17-04-2025,5
24273,1016,11,27-07-2025,5
24533,7126,11,28-09-2025,5
24538,7830,11,06-03-2025,5
25314,1691,11,16-03-2025,5
25421,7530,11,25-02-2025,5
25510,2692,11,01-01-2025,5
25531,1451,11,27-02-2025,5
25681,6863,11,19-01-2025,5
25773,7479,11,27-04-2025,5
25795,1075,11,21-10-2025,5
26150,6385,11,28-01-2025,5
26177,6575,11,21-12-2025,5
26651,1465,11,26-08-2025,5
26688,3187,11,10-01-2026,5
26702,1444,11,01-01-2025,5
26820,6360,11,04-02-2025,5
26866,2685,11,07-12-2025,5
26870,6364,11,07-01-2025,5
26876,4542,11,31-07-2025,5
27218,4750,11,22-07-2025,5
27281,3438,11,30-01-2025,5
27334,7363,11,22-09-2025,5
27359,1891,11,05-12-2025,5
27378,1444,11,18-12-2025,5
27554,2141,11,05-11-2025,5
27591,433,11,17-06-2025,5
27756,5412,11,13-01-2026,5
27794,1104,11,01-01-2025,5
27824,5169,11,25-03-2025,5
27944,6116,11,12-10-2025,5
24,3600,24,24-06-2025,5
74,4868,24,13-01-2025,5
183,3711,24,06-01-2025,5
200,4865,24,16-08-2025,5
239,6079,24,27-03-2025,5
264,1423,24,21-09-2025,5
283,3196,24,11-10-2025,5
319,5388,24,09-07-2025,5
503,307,24,09-01-2026,5
823,3269,24,19-05-2025,5
866,1238,24,15-02-2025,5
1134,5195,24,29-01-2025,5
1151,5360,24,27-05-2025,5
1364,5286,24,23-07-2025,5
1598,7901,24,19-09-2025,5
1723,898,24,06-08-2025,5
1733,4343,24,30-01-2025,5
1881,2947,24,09-03-2025,5
1894,3333,24,11-01-2025,5
2134,2341,24,08-12-2025,5
2425,525,24,01-01-2025,5
2487,3625,24,14-04-2025,5
2774,1305,24,13-01-2026,5
3096,637,24,30-04-2025,5
3208,6905,24,11-10-2025,5
3283,2116,24,04-09-2025,5
3331,6137,24,17-02-2025,5
3348,6522,24,05-06-2025,5
3391,5253,24,17-08-2025,5
3427,5259,24,20-12-2025,5
3509,1554,24,09-08-2025,5
3528,424,24,26-03-2025,5
3593,415,24,12-12-2025,5
3695,5972,24,09-01-2026,5
3974,7654,24,06-11-2025,5
4091,6474,24,10-03-2025,5
4103,133,24,13-05-2025,5
4105,7861,24,18-11-2025,5
4228,1909,24,13-07-2025,5
4308,3080,24,05-01-2025,5
4380,2937,24,15-01-2026,5
4458,395,24,12-11-2025,5
4622,2467,24,13-01-2025,5
4664,5332,24,19-07-2025,5
5237,1763,24,15-10-2025,5
5290,6573,24,17-02-2025,5
5500,2208,24,03-01-2026,5
5599,6282,24,22-01-2025,5
6085,6192,24,12-10-2025,5
6137,4373,24,18-02-2025,5
6165,5587,24,23-02-2025,5
6204,4235,24,15-06-2025,5
6304,6055,24,18-05-2025,5
6321,7682,24,03-04-2025,5
6322,7635,24,22-10-2025,5
6355,6362,24,25-02-2025,5
6394,3188,24,03-07-2025,5
6405,3276,24,19-08-2025,5
6516,5120,24,13-08-2025,5
6680,3932,24,17-09-2025,5
7116,7109,24,10-05-2025,5
7151,7069,24,31-10-2025,5
7202,87,24,13-07-2025,5
7374,7171,24,21-03-2025,5
7750,6323,24,11-04-2025,5
8066,2696,24,05-03-2025,5
8581,7286,24,22-07-2025,5
8592,5983,24,03-06-2025,5
9153,5181,24,03-09-2025,5
9290,2591,24,17-12-2025,5
9663,6478,24,11-01-2026,5
9724,7051,24,11-01-2026,5
9890,1949,24,30-05-2025,5
9928,7863,24,15-08-2025,5
10057,2160,24,13-10-2025,5
10338,3294,24,14-06-2025,5
10442,557,24,03-11-2025,5
10525,2980,24,28-07-2025,5
10586,4906,24,11-12-2025,5
10735,4632,24,14-06-2025,5
10970,2976,24,20-03-2025,5
11074,7027,24,15-02-2025,5
11438,3879,24,16-02-2025,5
11449,2542,24,18-03-2025,5
11450,919,24,03-08-2025,5
11856,502,24,14-01-2025,5
11920,2074,24,10-04-2025,5
12148,5732,24,02-08-2025,5
12241,3717,24,03-05-2025,5
12442,1971,24,09-01-2025,5
12484,3167,24,07-02-2025,5
12567,1791,24,03-06-2025,5
12748,487,24,23-04-2025,5
12772,3730,24,28-04-2025,5
13071,2499,24,23-12-2025,5
13170,2534,24,16-12-2025,5
13234,7898,24,06-06-2025,5
13274,4574,24,19-04-2025,5
13446,7998,24,14-01-2026,5
13654,7780,24,23-01-2025,5
13817,5786,24,27-12-2025,5
14294,5446,24,18-09-2025,5
14313,5251,24,10-06-2025,5
14317,4018,24,20-11-2025,5
14373,3519,24,25-03-2025,5
14446,6238,24,11-03-2025,5
14543,5311,24,02-07-2025,5
14595,6278,24,19-03-2025,5
14617,677,24,26-06-2025,5
14692,907,24,15-06-2025,5
14758,1626,24,14-05-2025,5
14784,3943,24,15-06-2025,5
14931,130,24,15-09-2025,5
14982,1278,24,08-03-2025,5
15547,662,24,14-04-2025,5
15662,4019,24,26-03-2025,5
15829,6506,24,22-05-2025,5
16035,846,24,10-02-2025,5
16341,7892,24,29-03-2025,5
16448,4053,24,18-09-2025,5
16553,1459,24,21-05-2025,5
16558,5584,24,19-02-2025,5
16786,213,24,12-01-2026,5
17422,7024,24,16-07-2025,5
17897,4591,24,23-07-2025,5
18001,1472,24,14-01-2026,5
18118,2520,24,19-01-2025,5
18324,6942,24,04-09-2025,5
18374,3402,24,30-05-2025,5
18467,13,24,13-07-2025,5
18646,2855,24,11-09-2025,5
18653,5537,24,06-11-2025,5
18793,7790,24,02-06-2025,5
18832,3918,24,24-06-2025,5
18891,4912,24,05-06-2025,5
18972,3843,24,15-03-2025,5
18986,6775,24,25-02-2025,5
19098,3818,24,08-01-2026,5
19197,4159,24,25-05-2025,5
19562,3627,24,22-01-2025,5
19723,3679,24,02-09-2025,5
19752,5993,24,23-06-2025,5
19863,6486,24,30-08-2025,5
19903,2001,24,11-04-2025,5
19932,962,24,13-11-2025,5
19951,3053,24,22-05-2025,5
19959,740,24,27-01-2025,5
19983,2161,24,28-04-2025,5
20007,1271,24,25-12-2025,5
20090,1044,24,04-03-2025,5
20215,1217,24,21-10-2025,5
20320,5280,24,27-02-2025,5
20656,7533,24,21-02-2025,5
20736,3151,24,09-04-2025,5
21032,7887,24,24-08-2025,5
21046,5043,24,23-09-2025,5
21123,7858,24,10-04-2025,5
21224,3293,24,27-10-2025,5
21235,1091,24,12-03-2025,5
21299,6416,24,14-02-2025,5
21361,382,24,11-01-2025,5
21916,1259,24,10-02-2025,5
22097,4867,24,31-12-2025,5
22207,5192,24,19-06-2025,5
22209,4033,24,12-02-2025,5
22415,5487,24,19-01-2025,5
22822,339,24,27-08-2025,5
23431,5504,24,29-06-2025,5
23472,3649,24,31-03-2025,5
23693,2371,24,02-10-2025,5
23722,7657,24,17-07-2025,5
23769,5255,24,27-01-2025,5
23835,3816,24,22-07-2025,5
23839,4939,24,09-10-2025,5
24144,7877,24,02-04-2025,5
24294,5263,24,04-04-2025,5
24406,7119,24,18-03-2025,5
24419,4349,24,12-01-2026,5
24544,4381,24,20-03-2025,5
24846,5492,24,14-02-2025,5
24953,3742,24,22-04-2025,5
25016,6001,24,31-01-2025,5
25052,492,24,20-06-2025,5
25082,420,24,22-07-2025,5
25356,4809,24,27-10-2025,5
25506,4074,24,19-12-2025,5
25518,7049,24,12-06-2025,5
25711,2594,24,20-01-2025,5
25777,2353,24,20-11-2025,5
25806,1078,24,16-04-2025,5
25828,2028,24,06-08-2025,5
25839,3601,24,18-08-2025,5
26140,684,24,06-03-2025,5
26154,2642,24,28-09-2025,5
26289,5306,24,17-04-2025,5
26523,6452,24,17-01-2026,5
26559,3847,24,04-05-2025,5
26582,4129,24,27-04-2025,5
26599,5572,24,28-03-2025,5
26871,4324,24,18-02-2025,5
27319,5467,24,07-01-2026,5
27786,4249,24,05-12-2025,5
27972,1720,24,11-01-2025,5
118,6819,5,23-03-2025,5
176,6682,5,15-11-2025,5
240,2545,5,02-02-2025,5
419,6822,5,06-03-2025,5
471,5290,5,20-11-2025,5
621,6060,5,08-01-2025,5
868,4250,5,08-08-2025,5
912,633,5,14-11-2025,5
966,3059,5,19-02-2025,5
1671,5331,5,30-06-2025,5
1759,912,5,05-03-2025,5
1857,7559,5,07-07-2025,5
1952,1734,5,10-02-2025,5
2102,1671,5,22-10-2025,5
2175,2828,5,01-01-2026,5
2190,4861,5,02-02-2025,5
2298,3253,5,15-07-2025,5
2310,2200,5,31-07-2025,5
2458,2057,5,23-08-2025,5
2542,4401,5,26-07-2025,5
2734,444,5,03-04-2025,5
2787,4241,5,18-08-2025,5
2988,6537,5,04-04-2025,5
3171,7097,5,15-01-2025,5
3300,1835,5,13-12-2025,5
3320,1121,5,04-05-2025,5
3367,6051,5,01-02-2025,5
3400,4104,5,18-01-2026,5
3723,144,5,08-09-2025,5
4057,6935,5,17-01-2025,5
4215,6671,5,21-06-2025,5
4247,3727,5,08-01-2025,5
4379,5445,5,21-01-2025,5
4476,371,5,10-10-2025,5
4481,2801,5,08-04-2025,5
4549,3412,5,18-12-2025,5
4581,7683,5,12-01-2025,5
4729,7003,5,20-10-2025,5
4882,6969,5,26-06-2025,5
4923,1288,5,26-01-2025,5
5159,7788,5,19-04-2025,5
5241,7121,5,07-10-2025,5
5318,1673,5,09-04-2025,5
5540,5646,5,28-06-2025,5
5844,7797,5,19-07-2025,5
6087,2839,5,11-05-2025,5
6248,5811,5,20-04-2025,5
6350,7125,5,26-01-2025,5
6853,6344,5,16-04-2025,5
6906,3862,5,27-07-2025,5
6951,4629,5,23-08-2025,5
6963,1375,5,08-12-2025,5
6998,7167,5,11-05-2025,5
7070,1668,5,02-12-2025,5
7075,6604,5,19-05-2025,5
7076,7833,5,29-10-2025,5
7078,3877,5,07-04-2025,5
7083,4683,5,04-10-2025,5
7408,5127,5,07-03-2025,5
7513,1090,5,29-10-2025,5
7777,7285,5,09-12-2025,5
7948,4563,5,02-02-2025,5
8019,1324,5,17-11-2025,5
8126,5963,5,18-04-2025,5
8514,331,5,03-03-2025,5
8517,2172,5,03-02-2025,5
8568,443,5,01-12-2025,5
8739,1983,5,04-01-2026,5
8983,2519,5,20-10-2025,5
9026,7887,5,10-08-2025,5
9032,7160,5,17-08-2025,5
9089,602,5,28-09-2025,5
9156,1306,5,18-05-2025,5
9253,4995,5,13-12-2025,5
9272,5561,5,02-01-2025,5
9329,7343,5,22-10-2025,5
9388,1057,5,06-12-2025,5
9393,1728,5,31-10-2025,5
9467,970,5,08-04-2025,5
9670,3660,5,12-08-2025,5
9784,32,5,09-01-2026,5
9813,6725,5,08-04-2025,5
9973,2613,5,01-09-2025,5
10150,949,5,16-04-2025,5
10172,4549,5,01-08-2025,5
10311,3613,5,11-05-2025,5
10358,1026,5,28-05-2025,5
10529,3023,5,19-09-2025,5
10768,7750,5,21-02-2025,5
10783,4000,5,15-01-2026,5
10816,2102,5,09-02-2025,5
11057,2072,5,04-08-2025,5
11237,6104,5,30-01-2025,5
11287,6265,5,25-04-2025,5
11318,7177,5,20-11-2025,5
11366,4073,5,08-08-2025,5
11376,1723,5,30-04-2025,5
11481,4514,5,02-11-2025,5
11510,23,5,14-08-2025,5
11954,4328,5,09-08-2025,5
11988,3531,5,25-08-2025,5
12140,1324,5,12-06-2025,5
12181,3477,5,23-02-2025,5
12669,6455,5,13-01-2026,5
12732,7322,5,05-08-2025,5
12859,762,5,08-02-2025,5
13019,6965,5,14-12-2025,5
13070,7820,5,26-01-2025,5
13090,5099,5,07-10-2025,5
13151,4275,5,08-11-2025,5
13232,7993,5,04-01-2026,5
13247,4666,5,10-08-2025,5
13660,5774,5,09-12-2025,5
13783,7896,5,19-08-2025,5
13854,5554,5,09-03-2025,5
14176,6554,5,10-09-2025,5
14481,2370,5,16-06-2025,5
14509,380,5,30-07-2025,5
14616,5922,5,08-11-2025,5
14783,2639,5,16-07-2025,5
14850,5259,5,06-01-2026,5
14911,1655,5,07-04-2025,5
15441,3694,5,24-07-2025,5
15732,633,5,25-12-2025,5
16308,2223,5,31-01-2025,5
16377,170,5,01-02-2025,5
16397,3033,5,12-09-2025,5
16502,1533,5,07-05-2025,5
16651,1098,5,02-04-2025,5
16874,7450,5,14-02-2025,5
16920,3001,5,31-08-2025,5
17126,4187,5,04-02-2025,5
17144,7014,5,02-05-2025,5
17196,1351,5,18-04-2025,5
17236,7234,5,27-03-2025,5
17488,7207,5,05-06-2025,5
17577,1711,5,15-09-2025,5
17697,5363,5,15-04-2025,5
17800,7393,5,26-10-2025,5
17808,3588,5,10-02-2025,5
17828,2452,5,04-07-2025,5
17929,7475,5,19-03-2025,5
18007,608,5,13-06-2025,5
18430,2733,5,04-09-2025,5
18660,3824,5,29-01-2025,5
18787,2599,5,03-04-2025,5
18905,150,5,14-10-2025,5
19141,4363,5,30-07-2025,5
19217,247,5,14-03-2025,5
19720,4356,5,13-07-2025,5
20333,7705,5,17-09-2025,5
20822,6527,5,15-05-2025,5
20837,6624,5,17-12-2025,5
20857,1591,5,26-12-2025,5
20888,1250,5,30-11-2025,5
20914,2347,5,16-08-2025,5
20956,2457,5,11-05-2025,5
21269,6222,5,18-03-2025,5
21277,5719,5,29-11-2025,5
21398,3651,5,31-12-2025,5
21707,7076,5,15-01-2026,5
21853,3268,5,14-11-2025,5
22015,4111,5,20-07-2025,5
22638,1744,5,29-07-2025,5
22872,2795,5,15-04-2025,5
23012,5835,5,13-11-2025,5
23086,3486,5,04-04-2025,5
23200,2163,5,28-04-2025,5
23215,2185,5,07-03-2025,5
23317,7457,5,22-12-2025,5
23323,3452,5,10-06-2025,5
23496,2221,5,21-09-2025,5
23625,4383,5,01-12-2025,5
23979,4682,5,26-03-2025,5
24489,7922,5,14-11-2025,5
24521,5499,5,18-08-2025,5
24587,868,5,03-03-2025,5
24606,5251,5,13-01-2025,5
24731,440,5,17-05-2025,5
24820,558,5,17-04-2025,5
24897,307,5,23-07-2025,5
25012,4503,5,20-12-2025,5
25030,7788,5,06-11-2025,5
25168,7419,5,23-02-2025,5
25332,3827,5,23-10-2025,5
25457,3347,5,03-02-2025,5
25486,6279,5,29-11-2025,5
25685,5510,5,20-12-2025,5
25695,3001,5,27-10-2025,5
25793,312,5,05-01-2026,5
25931,2219,5,06-03-2025,5
26004,2838,5,05-10-2025,5
26017,400,5,09-01-2025,5
26490,2433,5,07-01-2025,5
26907,7745,5,24-09-2025,5
27092,6907,5,05-07-2025,5
27283,4112,5,29-11-2025,5
27587,6444,5,07-06-2025,5
27709,639,5,03-08-2025,5
27757,4214,5,24-01-2025,5
27758,3542,5,14-11-2025,5
27802,5439,5,30-08-2025,5
55,4822,22,13-10-2025,5
60,3473,22,23-10-2025,5
178,1684,22,15-07-2025,5
218,194,22,12-03-2025,5
281,7695,22,06-03-2025,5
383,3495,22,03-02-2025,5
1276,2795,22,23-05-2025,5
1428,7390,22,19-03-2025,5
1523,1596,22,29-07-2025,5
1537,3790,22,11-05-2025,5
1595,5131,22,15-09-2025,5
1685,7605,22,04-12-2025,5
1772,3428,22,16-12-2025,5
1871,969,22,25-11-2025,5
2385,4323,22,07-04-2025,5
2447,6827,22,02-10-2025,5
2507,747,22,08-05-2025,5
2630,4936,22,31-01-2025,5
2649,7976,22,02-11-2025,5
2804,3809,22,03-01-2025,5
2926,5701,22,22-11-2025,5
2986,2728,22,19-02-2025,5
2990,4738,22,07-03-2025,5
3049,3110,22,21-12-2025,5
3073,3048,22,26-04-2025,5
3360,7160,22,23-08-2025,5
3606,7647,22,15-01-2026,5
3742,298,22,04-01-2026,5
3746,1004,22,29-09-2025,5
3790,7949,22,16-10-2025,5
3951,6705,22,17-03-2025,5
4742,6707,22,18-01-2026,5
5248,3198,22,24-05-2025,5
5249,637,22,03-06-2025,5
5291,2556,22,16-07-2025,5
5306,3340,22,08-03-2025,5
5351,4147,22,21-01-2025,5
5724,866,22,06-02-2025,5
5935,1576,22,19-03-2025,5
6106,6687,22,16-05-2025,5
6115,3599,22,19-09-2025,5
6177,5194,22,05-04-2025,5
6200,1235,22,16-05-2025,5
6265,2791,22,20-05-2025,5
6302,5796,22,12-08-2025,5
6336,1717,22,20-08-2025,5
6436,1993,22,11-12-2025,5
6484,431,22,20-04-2025,5
6505,2712,22,26-06-2025,5
6812,1414,22,13-08-2025,5
7041,2592,22,31-05-2025,5
7133,2209,22,14-01-2025,5
7231,2937,22,11-01-2025,5
7335,323,22,11-05-2025,5
7401,2516,22,28-03-2025,5
7456,7636,22,07-01-2025,5
7529,1961,22,25-10-2025,5
7543,3177,22,21-06-2025,5
7657,974,22,15-09-2025,5
7658,2899,22,26-06-2025,5
7799,4819,22,20-05-2025,5
8042,822,22,17-02-2025,5
8292,5866,22,22-07-2025,5
8341,2550,22,27-10-2025,5
8555,1815,22,06-07-2025,5
8640,2815,22,23-04-2025,5
9007,7698,22,11-09-2025,5
9110,5931,22,24-05-2025,5
9158,1816,22,29-09-2025,5
9370,5465,22,13-10-2025,5
9390,2636,22,02-03-2025,5
9561,1501,22,09-01-2026,5
9613,7926,22,27-05-2025,5
9707,2343,22,14-04-2025,5
10011,6992,22,24-09-2025,5
10115,6137,22,02-11-2025,5
10225,7349,22,22-07-2025,5
10250,2330,22,23-06-2025,5
10352,7119,22,30-04-2025,5
10401,1057,22,12-12-2025,5
10478,3843,22,26-04-2025,5
10812,5438,22,26-09-2025,5
10899,5740,22,29-05-2025,5
10938,191,22,21-06-2025,5
11002,4506,22,03-01-2025,5
11185,738,22,05-07-2025,5
11507,1195,22,19-04-2025,5
11590,2169,22,28-02-2025,5
11747,4203,22,30-06-2025,5
11995,6970,22,21-05-2025,5
12039,2652,22,04-04-2025,5
12121,6,22,13-01-2025,5
12275,3296,22,28-03-2025,5
12285,3040,22,06-01-2026,5
12724,7752,22,21-01-2025,5
12926,2684,22,23-03-2025,5
13086,1369,22,09-10-2025,5
13100,4082,22,07-03-2025,5
13264,156,22,17-01-2026,5
13293,3495,22,05-09-2025,5
13359,2571,22,23-10-2025,5
13645,4217,22,14-01-2025,5
13706,5911,22,18-05-2025,5
13759,5601,22,29-12-2025,5
14005,7719,22,25-02-2025,5
14096,3599,22,09-08-2025,5
14172,6461,22,25-09-2025,5
14343,2060,22,19-06-2025,5
14557,5018,22,01-05-2025,5
14709,6823,22,26-06-2025,5
14716,2401,22,11-06-2025,5
14796,7959,22,12-09-2025,5
14827,7166,22,07-10-2025,5
14828,1284,22,19-04-2025,5
14870,559,22,14-01-2026,5
14987,3473,22,24-10-2025,5
15022,3822,22,13-12-2025,5
15179,3216,22,01-10-2025,5
15437,6903,22,03-12-2025,5
15553,979,22,27-11-2025,5
15589,5750,22,10-09-2025,5
15629,120,22,13-07-2025,5
15924,4726,22,11-01-2026,5
15996,5589,22,19-09-2025,5
16152,5210,22,17-08-2025,5
16223,6070,22,12-06-2025,5
16275,1407,22,21-07-2025,5
16429,2842,22,26-06-2025,5
16468,5652,22,25-03-2025,5
16543,5539,22,28-03-2025,5
16552,6628,22,13-11-2025,5
16593,4121,22,03-01-2025,5
16662,4698,22,25-03-2025,5
16913,1875,22,03-08-2025,5
17086,2367,22,30-08-2025,5
17146,7514,22,07-11-2025,5
17285,3944,22,04-02-2025,5
17352,3047,22,02-12-2025,5
17400,5328,22,10-08-2025,5
17499,5958,22,20-04-2025,5
17760,1609,22,26-04-2025,5
17840,7319,22,04-01-2026,5
18043,3266,22,01-10-2025,5
18132,6287,22,22-01-2025,5
18211,230,22,19-04-2025,5
18259,2466,22,17-12-2025,5
18667,3416,22,10-07-2025,5
18754,1316,22,22-01-2025,5
18859,1963,22,20-04-2025,5
18863,7390,22,22-09-2025,5
19395,436,22,18-09-2025,5
19534,4109,22,13-05-2025,5
19569,985,22,26-01-2025,5
19668,7820,22,24-06-2025,5
19763,3558,22,31-10-2025,5
20160,3393,22,07-09-2025,5
20400,1623,22,16-07-2025,5
20645,1262,22,01-08-2025,5
20879,946,22,14-06-2025,5
20892,5530,22,09-09-2025,5
21596,4156,22,24-01-2025,5
21666,7754,22,05-03-2025,5
22095,3473,22,30-03-2025,5
22120,6061,22,22-05-2025,5
22466,515,22,16-10-2025,5
22653,542,22,09-05-2025,5
22889,4672,22,21-02-2025,5
23004,5518,22,03-01-2025,5
23028,1185,22,04-06-2025,5
23125,365,22,19-04-2025,5
23375,3201,22,13-05-2025,5
23448,4437,22,06-10-2025,5
23544,1376,22,27-12-2025,5
23694,6446,22,13-04-2025,5
23808,2796,22,15-08-2025,5
23984,7387,22,30-06-2025,5
24074,4564,22,18-05-2025,5
24244,2503,22,14-08-2025,5
24323,1701,22,31-08-2025,5
24506,3615,22,06-08-2025,5
24775,3901,22,03-05-2025,5
24813,6781,22,24-02-2025,5
24866,3983,22,09-08-2025,5
25196,994,22,21-07-2025,5
25223,4063,22,30-06-2025,5
25413,3658,22,20-12-2025,5
26018,4132,22,12-05-2025,5
26258,5715,22,12-08-2025,5
26603,5346,22,09-09-2025,5
26666,5237,22,04-05-2025,5
26677,5364,22,27-03-2025,5
26810,7829,22,10-06-2025,5
26880,1335,22,26-08-2025,5
27206,4411,22,29-09-2025,5
27250,8000,22,20-07-2025,5
27350,5889,22,03-11-2025,5
27433,2079,22,29-11-2025,5
27459,921,22,04-08-2025,5
27474,6667,22,23-11-2025,5
27595,5588,22,26-06-2025,5
27682,7618,22,09-12-2025,5
27927,7286,22,16-01-2026,5
49,7757,3,24-09-2025,5
113,1633,3,26-02-2025,5
181,3155,3,18-05-2025,5
192,6104,3,01-06-2025,5
246,5644,3,16-03-2025,5
389,6192,3,03-01-2026,5
884,5560,3,16-03-2025,5
908,5497,3,03-05-2025,5
967,7384,3,17-01-2025,5
998,2687,3,02-01-2026,5
1021,3209,3,04-02-2025,5
1074,7736,3,05-08-2025,5
1394,7502,3,24-04-2025,5
1622,2322,3,26-01-2025,5
1830,5940,3,24-08-2025,5
1846,2526,3,11-09-2025,5
1872,4736,3,07-12-2025,5
2055,5774,3,26-09-2025,5
2063,6311,3,09-12-2025,5
2360,4025,3,06-02-2025,5
2368,1691,3,11-07-2025,5
2424,2139,3,09-07-2025,5
2551,7474,3,11-08-2025,5
2566,2870,3,21-01-2025,5
2620,5078,3,21-02-2025,5
2685,1435,3,19-12-2025,5
2710,1802,3,14-01-2026,5
3256,679,3,09-01-2025,5
3263,7571,3,23-12-2025,5
3485,7181,3,01-01-2025,5
3696,3645,3,25-04-2025,5
3833,4133,3,29-06-2025,5
3942,580,3,06-04-2025,5
4224,6019,3,11-10-2025,5
4368,1168,3,25-06-2025,5
4770,4413,3,16-05-2025,5
4928,1380,3,15-03-2025,5
4935,5502,3,29-04-2025,5
4972,6097,3,03-06-2025,5
5179,2940,3,25-07-2025,5
5293,7826,3,06-01-2025,5
5312,5359,3,19-09-2025,5
5450,4885,3,11-02-2025,5
5823,1137,3,11-08-2025,5
6347,5973,3,06-09-2025,5
6388,3479,3,24-12-2025,5
6922,364,3,09-07-2025,5
6983,4821,3,27-09-2025,5
6994,6383,3,23-10-2025,5
7107,6306,3,05-12-2025,5
7212,4874,3,04-11-2025,5
7218,3636,3,03-01-2025,5
7387,7767,3,20-09-2025,5
7395,7597,3,02-07-2025,5
7476,2174,3,24-05-2025,5
7545,5839,3,10-03-2025,5
7652,6844,3,12-05-2025,5
8069,48,3,11-01-2025,5
8108,4478,3,06-11-2025,5
8281,6877,3,17-12-2025,5
8367,3885,3,23-01-2025,5
8638,7076,3,27-11-2025,5
8846,5775,3,18-03-2025,5
8934,7119,3,11-08-2025,5
8937,5487,3,14-11-2025,5
9022,7262,3,09-10-2025,5
9277,7999,3,10-09-2025,5
9405,1985,3,12-01-2026,5
9605,428,3,23-11-2025,5
9621,7874,3,10-10-2025,5
10061,1162,3,29-04-2025,5
10166,5028,3,12-04-2025,5
10239,2977,3,06-10-2025,5
10240,4593,3,18-07-2025,5
10257,3306,3,11-08-2025,5
10662,6233,3,06-10-2025,5
10792,5705,3,10-12-2025,5
11001,5447,3,15-01-2026,5
11224,6429,3,20-05-2025,5
11377,3780,3,13-11-2025,5
11400,3697,3,08-10-2025,5
11478,1062,3,26-11-2025,5
11530,608,3,01-01-2026,5
11545,5322,3,09-01-2026,5
11569,2136,3,07-08-2025,5
11782,5151,3,03-09-2025,5
11853,387,3,14-10-2025,5
11864,5936,3,08-09-2025,5
11910,5382,3,28-04-2025,5
12062,4877,3,09-09-2025,5
12209,6229,3,26-07-2025,5
12288,3491,3,21-07-2025,5
12584,1116,3,01-07-2025,5
12667,6429,3,11-01-2025,5
12795,2645,3,30-03-2025,5
13041,6950,3,23-08-2025,5
13472,3684,3,27-04-2025,5
13533,7643,3,12-04-2025,5
13619,6369,3,26-06-2025,5
13853,7105,3,29-04-2025,5
14150,2462,3,05-05-2025,5
14501,1906,3,15-10-2025,5
14504,1625,3,11-12-2025,5
14693,4712,3,08-07-2025,5
15005,6779,3,19-09-2025,5
15226,3771,3,13-11-2025,5
15245,646,3,17-10-2025,5
15332,1527,3,08-09-2025,5
15358,6407,3,19-03-2025,5
15500,5554,3,08-08-2025,5
15563,4338,3,16-01-2025,5
15767,1955,3,07-11-2025,5
16031,3187,3,11-02-2025,5
16161,4475,3,31-05-2025,5
16416,1784,3,23-05-2025,5
16567,546,3,14-06-2025,5
16622,7913,3,28-05-2025,5
16743,3778,3,06-01-2026,5
17055,4301,3,15-04-2025,5
17153,5020,3,18-09-2025,5
17305,4118,3,31-03-2025,5
17340,2653,3,16-11-2025,5
17636,254,3,24-06-2025,5
18312,7952,3,22-01-2025,5
18505,6724,3,20-01-2025,5
18507,5125,3,11-08-2025,5
18568,6744,3,02-03-2025,5
18753,7381,3,01-01-2025,5
18806,6981,3,06-07-2025,5
19010,1512,3,18-03-2025,5
19380,2466,3,10-09-2025,5
19466,3992,3,26-12-2025,5
19599,3775,3,21-08-2025,5
19656,4822,3,14-11-2025,5
19842,2959,3,20-02-2025,5
19851,5110,3,22-01-2025,5
20197,3544,3,28-04-2025,5
20210,273,3,06-02-2025,5
20370,2710,3,20-10-2025,5
20447,1808,3,15-07-2025,5
20561,1,3,26-11-2025,5
20595,715,3,08-02-2025,5
20744,2476,3,17-07-2025,5
20934,6871,3,17-06-2025,5
21054,7194,3,05-01-2026,5
21082,2270,3,04-06-2025,5
21196,5944,3,20-01-2025,5
21222,3243,3,27-01-2025,5
21271,6314,3,05-11-2025,5
21608,1510,3,20-09-2025,5
21660,7112,3,19-07-2025,5
21709,7068,3,19-09-2025,5
21803,1999,3,14-07-2025,5
21980,7849,3,24-02-2025,5
22119,3762,3,14-06-2025,5
22667,5634,3,30-06-2025,5
22674,1417,3,27-10-2025,5
22746,3352,3,30-06-2025,5
22789,2493,3,22-04-2025,5
23084,72,3,20-03-2025,5
23193,4838,3,20-02-2025,5
23285,6807,3,25-06-2025,5
23333,4624,3,12-05-2025,5
23390,7603,3,14-05-2025,5
23435,4448,3,14-01-2026,5
23468,1525,3,30-08-2025,5
23904,1429,3,10-07-2025,5
23983,2559,3,19-01-2025,5
24284,3538,3,17-01-2026,5
24331,7426,3,28-12-2025,5
24834,2481,3,05-06-2025,5
24867,994,3,02-09-2025,5
24919,678,3,11-03-2025,5
24967,379,3,29-03-2025,5
25031,7453,3,15-04-2025,5
25205,5524,3,30-09-2025,5
25222,390,3,11-11-2025,5
25272,1054,3,29-09-2025,5
25371,4503,3,05-03-2025,5
25686,571,3,14-03-2025,5
25788,5318,3,28-10-2025,5
25875,1495,3,12-11-2025,5
25956,5903,3,02-03-2025,5
26028,2496,3,03-09-2025,5
26100,1564,3,02-07-2025,5
26145,3601,3,28-08-2025,5
26380,7967,3,27-03-2025,5
26481,1578,3,28-11-2025,5
26502,5586,3,22-11-2025,5
26781,4329,3,01-11-2025,5
27011,4702,3,09-11-2025,5
27232,4043,3,14-02-2025,5
27234,6144,3,17-06-2025,5
27332,4880,3,05-04-2025,5
27352,3011,3,22-10-2025,5
27357,4566,3,16-04-2025,5
27415,4588,3,20-07-2025,5
27546,6992,3,01-02-2025,5
27549,4193,3,14-10-2025,5
27594,418,3,31-10-2025,5
27852,3656,3,12-12-2025,5
11,3840,20,01-08-2025,5
250,4614,20,28-05-2025,5
309,6576,20,25-11-2025,5
460,5887,20,11-01-2025,5
729,1925,20,16-10-2025,5
745,3483,20,16-09-2025,5
1109,5349,20,10-05-2025,5
1300,3463,20,02-04-2025,5
1328,312,20,23-02-2025,5
1491,6626,20,06-06-2025,5
2325,2915,20,20-04-2025,5
2377,4842,20,24-05-2025,5
2397,4144,20,23-11-2025,5
2414,4418,20,25-02-2025,5
2489,6752,20,15-11-2025,5
2500,1817,20,14-06-2025,5
2729,4651,20,10-09-2025,5
2778,1453,20,29-03-2025,5
3022,4027,20,27-09-2025,5
3023,2217,20,24-05-2025,5
3103,838,20,04-10-2025,5
3234,7516,20,13-03-2025,5
3245,4076,20,05-12-2025,5
3376,4184,20,24-05-2025,5
3580,1076,20,05-04-2025,5
3626,1471,20,09-03-2025,5
4059,1712,20,23-11-2025,5
4249,3794,20,25-10-2025,5
4263,5995,20,22-01-2025,5
4297,4720,20,23-01-2025,5
4300,4524,20,03-07-2025,5
4345,7218,20,22-03-2025,5
4389,3327,20,07-01-2025,5
4418,972,20,27-09-2025,5
4465,2356,20,28-04-2025,5
5070,1489,20,22-07-2025,5
5218,2448,20,29-08-2025,5
5239,2003,20,18-02-2025,5
5579,3417,20,16-05-2025,5
5676,3204,20,07-10-2025,5
5778,7163,20,14-02-2025,5
5910,5990,20,10-07-2025,5
6081,3499,20,25-09-2025,5
6326,5253,20,19-03-2025,5
6442,4616,20,05-01-2025,5
6565,5771,20,12-02-2025,5
6725,3178,20,11-08-2025,5
6751,3057,20,27-01-2025,5
6811,2969,20,28-11-2025,5
6911,6923,20,18-06-2025,5
6936,4952,20,17-04-2025,5
7266,6915,20,15-12-2025,5
7390,5541,20,04-10-2025,5
7420,2946,20,09-01-2026,5
7739,7525,20,01-01-2026,5
7754,3293,20,20-07-2025,5
7926,341,20,01-07-2025,5
7964,5405,20,14-07-2025,5
7973,967,20,09-09-2025,5
8338,5849,20,26-08-2025,5
8476,6904,20,23-09-2025,5
8680,7607,20,20-05-2025,5
8800,7742,20,21-04-2025,5
8960,975,20,16-03-2025,5
9449,1462,20,14-01-2026,5
9725,7097,20,17-04-2025,5
9769,4819,20,10-01-2026,5
10043,4546,20,12-05-2025,5
10100,5066,20,07-01-2026,5
10331,6445,20,14-01-2025,5
10667,7542,20,19-01-2025,5
10687,7172,20,18-04-2025,5
11029,1792,20,06-07-2025,5
11657,6865,20,19-07-2025,5
12017,5089,20,18-10-2025,5
12113,876,20,12-08-2025,5
12198,1609,20,14-08-2025,5
12205,7296,20,23-08-2025,5
12294,2430,20,14-08-2025,5
12339,6013,20,08-01-2026,5
12466,5358,20,08-05-2025,5
12608,1229,20,24-02-2025,5
12742,2911,20,11-06-2025,5
12776,5944,20,27-12-2025,5
12950,1931,20,25-12-2025,5
13308,7866,20,02-03-2025,5
13332,708,20,26-07-2025,5
13375,4936,20,05-09-2025,5
13578,5058,20,13-04-2025,5
13596,314,20,22-02-2025,5
13684,2608,20,13-05-2025,5
13890,3133,20,21-11-2025,5
14009,2115,20,28-04-2025,5
14300,2298,20,08-01-2026,5
14673,3750,20,25-12-2025,5
14702,5126,20,08-05-2025,5
14775,7196,20,26-12-2025,5
14819,5733,20,31-03-2025,5
14824,523,20,28-12-2025,5
14837,2858,20,11-05-2025,5
14991,2892,20,27-12-2025,5
15114,6561,20,12-12-2025,5
15117,2749,20,11-12-2025,5
15201,1107,20,31-03-2025,5
15746,2070,20,14-06-2025,5
15838,5846,20,21-04-2025,5
16051,2749,20,11-06-2025,5
16156,2606,20,25-11-2025,5
16181,4810,20,06-02-2025,5
16309,5747,20,11-01-2025,5
16356,880,20,07-09-2025,5
16421,7977,20,03-10-2025,5
16480,3540,20,30-05-2025,5
16659,705,20,11-09-2025,5
16806,2626,20,19-12-2025,5
16893,7085,20,02-01-2026,5
17028,7927,20,26-12-2025,5
17076,6622,20,15-10-2025,5
17241,2485,20,26-03-2025,5
17320,383,20,19-04-2025,5
17784,4000,20,28-04-2025,5
17856,7708,20,21-08-2025,5
17869,4124,20,07-08-2025,5
18014,1840,20,14-09-2025,5
18064,3904,20,07-02-2025,5
18114,5184,20,18-01-2025,5
18304,1621,20,20-09-2025,5
18318,3356,20,17-08-2025,5
18325,682,20,15-07-2025,5
18359,4330,20,30-11-2025,5
18432,579,20,31-07-2025,5
18588,6684,20,23-10-2025,5
18593,4318,20,26-08-2025,5
19256,2409,20,06-07-2025,5
19379,7449,20,14-11-2025,5
19513,3104,20,04-02-2025,5
19696,2337,20,08-05-2025,5
19887,4140,20,24-08-2025,5
20012,7093,20,06-12-2025,5
20058,4960,20,09-01-2025,5
20424,3867,20,18-10-2025,5
20545,2249,20,14-09-2025,5
20576,2640,20,09-03-2025,5
20580,5780,20,04-01-2026,5
20630,5355,20,06-10-2025,5
20738,2425,20,02-05-2025,5
20823,2588,20,25-07-2025,5
21231,877,20,24-02-2025,5
21316,1608,20,11-03-2025,5
21444,4337,20,31-10-2025,5
21583,4306,20,16-08-2025,5
21655,2733,20,10-12-2025,5
21912,2589,20,02-05-2025,5
22014,2782,20,11-01-2025,5
22195,4106,20,02-03-2025,5
22303,2841,20,18-05-2025,5
22474,2326,20,03-07-2025,5
22541,2703,20,05-11-2025,5
22649,6679,20,04-08-2025,5
22768,3089,20,16-11-2025,5
22809,1560,20,05-02-2025,5
22825,2862,20,20-04-2025,5
22895,1835,20,03-03-2025,5
22933,755,20,05-01-2025,5
23083,4430,20,26-12-2025,5
23242,3587,20,16-12-2025,5
23402,2666,20,26-05-2025,5
23570,6744,20,03-01-2025,5
23578,1574,20,13-02-2025,5
23585,7565,20,30-09-2025,5
23645,5847,20,28-10-2025,5
23764,1786,20,14-04-2025,5
23894,7126,20,06-02-2025,5
23958,4163,20,22-05-2025,5
24121,703,20,17-05-2025,5
24531,6945,20,22-07-2025,5
24750,4474,20,04-02-2025,5
24803,6774,20,24-07-2025,5
24861,7312,20,13-01-2026,5
24932,3115,20,20-04-2025,5
24938,6600,20,25-05-2025,5
25021,2621,20,25-06-2025,5
25026,2045,20,03-04-2025,5
25273,5451,20,22-05-2025,5
25327,6816,20,02-03-2025,5
25484,2884,20,11-03-2025,5
25759,4666,20,02-02-2025,5
25911,175,20,27-12-2025,5
26319,5840,20,25-12-2025,5
26349,5346,20,12-03-2025,5
26419,6317,20,10-04-2025,5
26572,6695,20,23-05-2025,5
26736,981,20,12-06-2025,5
26974,2600,20,29-03-2025,5
27034,6095,20,05-10-2025,5
27596,2415,20,02-02-2025,5
169,2069,17,21-02-2025,5
182,2357,17,03-07-2025,5
294,5714,17,25-04-2025,5
772,4123,17,11-06-2025,5
942,5282,17,23-05-2025,5
1081,841,17,30-07-2025,5
1320,3014,17,21-07-2025,5
1696,7030,17,03-02-2025,5
1938,1514,17,21-08-2025,5
1990,1043,17,15-07-2025,5
2246,3832,17,10-08-2025,5
2365,2677,17,05-01-2026,5
2390,2155,17,24-11-2025,5
2480,5487,17,23-01-2025,5
2707,5384,17,17-07-2025,5
2894,2605,17,10-04-2025,5
2906,302,17,25-11-2025,5
2996,5699,17,29-04-2025,5
3489,2104,17,29-05-2025,5
3799,5774,17,26-02-2025,5
3914,6708,17,18-01-2026,5
3973,3364,17,05-05-2025,5
3986,3766,17,15-01-2026,5
4030,6227,17,07-11-2025,5
4201,4923,17,19-05-2025,5
4253,5038,17,20-02-2025,5
4259,7035,17,21-07-2025,5
4596,5500,17,11-07-2025,5
4687,872,17,10-10-2025,5
4709,6566,17,26-01-2025,5
4711,1377,17,21-08-2025,5
4712,7991,17,15-01-2026,5
4774,5623,17,25-11-2025,5
4880,3,17,07-04-2025,5
4968,2346,17,15-12-2025,5
5063,6379,17,11-12-2025,5
5232,2956,17,04-08-2025,5
5273,5483,17,29-03-2025,5
5283,817,17,05-03-2025,5
5408,3703,17,10-04-2025,5
5420,4383,17,20-09-2025,5
5482,5995,17,19-04-2025,5
5518,930,17,02-01-2025,5
5659,6189,17,25-02-2025,5
5835,3263,17,22-03-2025,5
5849,7333,17,25-08-2025,5
6427,4595,17,18-01-2025,5
6563,3603,17,26-07-2025,5
6800,1727,17,10-03-2025,5
6899,3349,17,27-08-2025,5
7050,6472,17,02-01-2026,5
7079,5920,17,12-07-2025,5
7118,3306,17,12-12-2025,5
7221,6196,17,16-10-2025,5
7229,4035,17,01-02-2025,5
7847,2074,17,07-06-2025,5
7859,3340,17,12-12-2025,5
7860,5473,17,01-01-2026,5
8077,2145,17,13-04-2025,5
8113,785,17,26-07-2025,5
8578,7107,17,04-07-2025,5
9254,6992,17,16-06-2025,5
9307,4211,17,24-11-2025,5
9420,3482,17,04-04-2025,5
9456,3311,17,02-01-2025,5
9689,5035,17,04-10-2025,5
9954,67,17,22-08-2025,5
10183,6903,17,25-12-2025,5
10190,7472,17,19-01-2025,5
10208,4342,17,18-12-2025,5
10226,3576,17,04-08-2025,5
10470,6684,17,15-08-2025,5
10511,1648,17,17-09-2025,5
10573,1733,17,30-06-2025,5
10596,5019,17,31-01-2025,5
10997,5390,17,04-10-2025,5
11088,818,17,01-04-2025,5
11456,807,17,01-11-2025,5
11562,1902,17,19-12-2025,5
12015,5383,17,20-08-2025,5
12108,1051,17,06-07-2025,5
12243,2119,17,09-09-2025,5
12255,7498,17,01-07-2025,5
12305,1004,17,01-04-2025,5
12601,3328,17,15-06-2025,5
12775,2571,17,13-03-2025,5
13042,5617,17,27-03-2025,5
13314,3975,17,23-02-2025,5
13454,1146,17,21-03-2025,5
13502,1892,17,13-06-2025,5
13728,84,17,18-10-2025,5
13732,7638,17,21-02-2025,5
14069,5576,17,25-07-2025,5
14231,7213,17,22-07-2025,5
14332,1995,17,03-11-2025,5
14390,113,17,13-08-2025,5
14396,6622,17,08-09-2025,5
14459,3617,17,10-02-2025,5
14574,6507,17,23-05-2025,5
14984,4750,17,11-03-2025,5
15222,7604,17,14-12-2025,5
15305,5614,17,15-05-2025,5
15388,190,17,19-10-2025,5
15450,6377,17,04-12-2025,5
15885,2397,17,19-02-2025,5
16178,4665,17,23-12-2025,5
16204,3654,17,06-07-2025,5
16595,7177,17,05-07-2025,5
16645,2205,17,20-04-2025,5
16897,5336,17,06-06-2025,5
16983,1767,17,11-08-2025,5
17166,7206,17,21-03-2025,5
17252,3608,17,08-07-2025,5
17415,1740,17,16-12-2025,5
17471,6762,17,19-09-2025,5
17593,3932,17,09-09-2025,5
17628,6272,17,22-01-2025,5
17669,7634,17,18-01-2025,5
17951,1706,17,03-06-2025,5
18053,3440,17,31-05-2025,5
18121,3665,17,24-08-2025,5
18921,660,17,24-07-2025,5
19032,3877,17,21-11-2025,5
19301,1928,17,16-05-2025,5
19339,577,17,30-11-2025,5
19484,3605,17,05-08-2025,5
19538,5266,17,03-02-2025,5
19710,5859,17,15-06-2025,5
19759,2567,17,06-09-2025,5
19807,3712,17,21-04-2025,5
20055,859,17,12-09-2025,5
20092,2423,17,12-01-2025,5
20246,1181,17,23-08-2025,5
20261,3899,17,02-08-2025,5
20366,4880,17,24-07-2025,5
20669,1026,17,07-11-2025,5
20758,563,17,16-07-2025,5
21035,5152,17,22-09-2025,5
21098,4694,17,08-08-2025,5
21218,2647,17,20-08-2025,5
21260,4255,17,13-01-2026,5
21464,3187,17,18-02-2025,5
21786,5614,17,15-01-2025,5
21863,568,17,27-08-2025,5
21974,3985,17,27-10-2025,5
22310,5090,17,16-07-2025,5
22311,6511,17,05-03-2025,5
22406,1,17,23-10-2025,5
22429,2306,17,01-04-2025,5
22473,991,17,30-04-2025,5
22572,4101,17,23-04-2025,5
22611,2561,17,08-05-2025,5
22763,283,17,18-03-2025,5
22875,5494,17,04-07-2025,5
22876,3673,17,10-02-2025,5
23026,7759,17,23-07-2025,5
23085,4289,17,12-05-2025,5
23098,6343,17,18-06-2025,5
23812,7980,17,01-09-2025,5
23968,4335,17,07-06-2025,5
24396,1613,17,12-01-2026,5
24418,1892,17,06-07-2025,5
24509,950,17,15-07-2025,5
24577,1042,17,26-12-2025,5
24636,4856,17,18-03-2025,5
24657,1748,17,16-10-2025,5
24928,5320,17,23-08-2025,5
24949,3003,17,18-04-2025,5
25042,3512,17,28-10-2025,5
25139,3372,17,18-08-2025,5
25145,1662,17,20-11-2025,5
25237,2984,17,03-08-2025,5
25507,6988,17,24-10-2025,5
25596,2970,17,01-04-2025,5
25631,222,17,02-06-2025,5
25747,1346,17,11-06-2025,5
25851,5484,17,25-01-2025,5
26204,4452,17,11-07-2025,5
26222,3382,17,20-05-2025,5
26311,3985,17,18-08-2025,5
26605,4504,17,25-08-2025,5
26658,7090,17,28-04-2025,5
26668,5553,17,19-04-2025,5
26679,722,17,15-12-2025,5
26776,7635,17,19-08-2025,5
26829,7930,17,21-05-2025,5
26849,5677,17,09-04-2025,5
26964,1630,17,01-04-2025,5
26971,7840,17,14-03-2025,5
27112,5900,17,12-03-2025,5
27305,2011,17,09-08-2025,5
27400,6126,17,18-11-2025,5
27519,1096,17,20-12-2025,5
27745,7812,17,07-01-2025,5
27791,1612,17,27-04-2025,5
27883,249,17,31-10-2025,5
114,379,2,19-02-2025,5
282,3806,2,05-01-2026,5
382,890,2,29-11-2025,5
423,5296,2,07-02-2025,5
430,267,2,30-07-2025,5
718,3961,2,20-09-2025,5
1192,2269,2,19-01-2025,5
1352,1106,2,01-02-2025,5
1668,438,2,02-04-2025,5
1856,6093,2,13-08-2025,5
1998,2944,2,02-04-2025,5
2302,1310,2,19-10-2025,5
2445,904,2,16-07-2025,5
2484,6105,2,27-08-2025,5
2554,5982,2,24-04-2025,5
2565,1984,2,01-01-2026,5
2648,7102,2,22-02-2025,5
2684,4072,2,15-06-2025,5
2851,2172,2,05-01-2025,5
2953,2568,2,12-11-2025,5
3126,597,2,19-09-2025,5
3165,4609,2,14-01-2025,5
3260,1387,2,03-01-2025,5
3892,7398,2,04-01-2026,5
4241,1802,2,28-06-2025,5
4248,3649,2,27-08-2025,5
4254,6331,2,26-09-2025,5
4624,5406,2,20-08-2025,5
4707,1251,2,08-09-2025,5
4806,448,2,06-04-2025,5
5112,3317,2,11-01-2025,5
5131,6686,2,27-01-2025,5
5292,200,2,12-12-2025,5
5589,6575,2,12-10-2025,5
5733,219,2,10-02-2025,5
6332,5341,2,06-08-2025,5
6365,1973,2,01-08-2025,5
6378,7682,2,02-05-2025,5
6792,7373,2,17-06-2025,5
6878,2005,2,09-05-2025,5
7059,797,2,09-08-2025,5
7124,7928,2,10-05-2025,5
7157,1357,2,18-11-2025,5
7197,530,2,27-09-2025,5
7322,5283,2,01-05-2025,5
7327,6035,2,17-03-2025,5
7484,1936,2,08-12-2025,5
7557,4090,2,31-01-2025,5
7726,3792,2,21-01-2025,5
7732,7676,2,23-02-2025,5
7810,6995,2,25-07-2025,5
7836,4717,2,28-11-2025,5
7957,2759,2,13-08-2025,5
7987,4219,2,13-01-2025,5
8352,6498,2,02-09-2025,5
8394,3357,2,10-10-2025,5
8397,307,2,14-04-2025,5
8695,6927,2,25-10-2025,5
8802,5437,2,28-12-2025,5
8811,504,2,21-05-2025,5
8859,7760,2,03-04-2025,5
8861,4411,2,01-01-2026,5
8873,350,2,30-11-2025,5
9008,7527,2,01-08-2025,5
9051,2461,2,13-07-2025,5
9095,1826,2,07-02-2025,5
9112,731,2,06-05-2025,5
9148,650,2,03-01-2025,5
9316,6815,2,13-04-2025,5
9551,5283,2,02-06-2025,5
9578,6539,2,14-01-2025,5
9760,7232,2,04-07-2025,5
9794,2122,2,19-12-2025,5
9939,1492,2,20-11-2025,5
10040,7080,2,14-01-2026,5
10350,1242,2,21-11-2025,5
10399,951,2,14-01-2026,5
10440,5302,2,18-11-2025,5
10580,3829,2,29-11-2025,5
10721,2183,2,15-01-2026,5
10907,5672,2,02-04-2025,5
11085,3077,2,22-07-2025,5
11661,3929,2,19-10-2025,5
11761,7212,2,17-04-2025,5
12013,6458,2,16-04-2025,5
12134,6349,2,10-05-2025,5
12583,892,2,13-05-2025,5
12599,1228,2,17-06-2025,5
12833,203,2,09-04-2025,5
12851,4626,2,22-09-2025,5
12981,3182,2,02-11-2025,5
12993,7437,2,17-03-2025,5
13181,741,2,09-02-2025,5
13385,1138,2,09-12-2025,5
13570,5480,2,21-07-2025,5
13834,7363,2,07-02-2025,5
14491,7471,2,08-12-2025,5
14528,4023,2,22-12-2025,5
14738,5086,2,14-01-2025,5
14745,3439,2,24-07-2025,5
14866,5158,2,12-10-2025,5
14874,6571,2,18-09-2025,5
14941,1131,2,05-12-2025,5
15070,990,2,11-03-2025,5
15193,7440,2,30-04-2025,5
15197,1099,2,11-11-2025,5
15354,850,2,20-04-2025,5
15367,7653,2,03-06-2025,5
15595,5017,2,16-12-2025,5
15640,6669,2,30-10-2025,5
16000,1759,2,11-06-2025,5
16073,5816,2,24-11-2025,5
16344,5136,2,18-01-2026,5
16420,3303,2,27-06-2025,5
16584,2191,2,10-11-2025,5
16587,7182,2,22-04-2025,5
16653,4058,2,13-09-2025,5
16968,2827,2,15-07-2025,5
16990,7704,2,14-06-2025,5
17078,1048,2,07-09-2025,5
17157,1972,2,17-07-2025,5
17250,7568,2,25-05-2025,5
17258,433,2,17-07-2025,5
17445,4676,2,08-08-2025,5
17540,4765,2,20-12-2025,5
17620,757,2,03-11-2025,5
17658,6043,2,06-03-2025,5
17785,3606,2,07-11-2025,5
17794,5106,2,25-04-2025,5
18252,6106,2,10-04-2025,5
18541,4266,2,18-01-2026,5
18543,7712,2,03-03-2025,5
18586,5920,2,13-01-2026,5
19073,2303,2,28-05-2025,5
19104,5903,2,22-05-2025,5
19625,1827,2,01-05-2025,5
19715,5961,2,06-09-2025,5
20166,601,2,07-02-2025,5
20614,7906,2,05-06-2025,5
20632,3588,2,23-06-2025,5
20639,2511,2,02-12-2025,5
20662,1419,2,10-09-2025,5
20821,6186,2,15-07-2025,5
21058,830,2,24-06-2025,5
21331,1273,2,09-10-2025,5
21393,7133,2,14-03-2025,5
21555,6249,2,25-07-2025,5
21601,7257,2,06-11-2025,5
21919,3419,2,14-06-2025,5
22020,633,2,01-02-2025,5
22226,6515,2,11-09-2025,5
22316,7884,2,21-02-2025,5
22518,4651,2,07-05-2025,5
22542,4500,2,01-11-2025,5
22610,4301,2,02-11-2025,5
22709,7604,2,14-05-2025,5
22823,1154,2,02-01-2026,5
23016,4594,2,15-04-2025,5
23040,4219,2,13-12-2025,5
23048,4864,2,08-12-2025,5
23487,5195,2,12-10-2025,5
23603,4326,2,26-08-2025,5
23745,5642,2,28-02-2025,5
23805,1243,2,01-02-2025,5
24056,6114,2,12-12-2025,5
24359,20,2,29-06-2025,5
24386,3743,2,15-10-2025,5
24428,441,2,05-10-2025,5
24545,1145,2,05-10-2025,5
24863,5925,2,22-09-2025,5
24881,77,2,11-07-2025,5
24891,1350,2,15-12-2025,5
25074,4485,2,13-01-2026,5
25252,3583,2,26-11-2025,5
25255,4253,2,03-06-2025,5
25302,1988,2,13-01-2026,5
25472,1528,2,06-05-2025,5
25572,1971,2,26-09-2025,5
25613,5468,2,04-06-2025,5
25709,5750,2,24-05-2025,5
25947,3456,2,03-07-2025,5
26325,672,2,07-12-2025,5
26437,4159,2,08-07-2025,5
26462,2120,2,13-07-2025,5
26485,2608,2,15-07-2025,5
26533,4497,2,05-05-2025,5
26973,6559,2,07-12-2025,5
27027,1782,2,12-05-2025,5
27072,1813,2,02-07-2025,5
27166,4052,2,17-04-2025,5
27243,2221,2,06-02-2025,5
27441,6262,2,18-01-2026,5
27605,2583,2,22-11-2025,5
27664,1047,2,06-04-2025,5
27919,2635,2,12-02-2025,5
122,2143,25,09-01-2025,5
249,4773,25,16-05-2025,5
342,5531,25,25-01-2025,5
397,5941,25,21-02-2025,5
456,7329,25,18-08-2025,5
570,2836,25,21-06-2025,5
675,444,25,29-07-2025,5
798,6873,25,23-01-2025,5
921,3033,25,16-03-2025,5
970,4439,25,06-10-2025,5
1040,5381,25,26-09-2025,5
1102,4784,25,13-09-2025,5
1112,5328,25,13-03-2025,5
1183,4276,25,01-11-2025,5
1327,3471,25,09-02-2025,5
1513,485,25,08-12-2025,5
2052,5440,25,05-05-2025,5
2125,6261,25,20-10-2025,5
2148,6555,25,18-01-2026,5
2149,4853,25,20-11-2025,5
2227,4139,25,26-08-2025,5
2283,4151,25,20-01-2025,5
2363,2953,25,06-05-2025,5
2547,795,25,19-01-2025,5
2976,858,25,17-03-2025,5
3002,648,25,08-11-2025,5
3061,7462,25,27-06-2025,5
3102,772,25,31-03-2025,5
3363,1264,25,12-04-2025,5
3450,4847,25,16-08-2025,5
3484,6176,25,18-03-2025,5
3495,1738,25,04-01-2025,5
4627,4025,25,01-02-2025,5
4725,7547,25,21-07-2025,5
4731,608,25,19-09-2025,5
4956,7022,25,27-05-2025,5
5061,7687,25,08-08-2025,5
5231,5573,25,02-06-2025,5
5333,7945,25,28-04-2025,5
5473,1075,25,12-12-2025,5
5791,4815,25,11-11-2025,5
5967,7760,25,05-07-2025,5
5988,5754,25,02-01-2026,5
6005,6653,25,07-05-2025,5
6242,3404,25,27-06-2025,5
6328,7690,25,25-06-2025,5
6928,5564,25,23-12-2025,5
7036,1866,25,19-11-2025,5
7084,584,25,20-08-2025,5
7129,496,25,09-09-2025,5
7507,3826,25,05-09-2025,5
7814,4260,25,04-01-2026,5
7849,5865,25,05-06-2025,5
7881,1885,25,17-03-2025,5
8320,4795,25,26-07-2025,5
8683,6622,25,17-03-2025,5
9072,1515,25,11-04-2025,5
9160,4552,25,26-08-2025,5
9328,6038,25,29-11-2025,5
9505,4406,25,23-12-2025,5
9580,7087,25,08-08-2025,5
9609,5509,25,27-09-2025,5
9832,3893,25,06-01-2026,5
9839,6019,25,27-02-2025,5
9866,6698,25,28-03-2025,5
10055,1126,25,13-10-2025,5
10129,6720,25,07-10-2025,5
10623,748,25,23-11-2025,5
10664,7252,25,05-08-2025,5
10760,6628,25,03-04-2025,5
11000,4167,25,03-04-2025,5
11028,6542,25,28-02-2025,5
11295,6849,25,02-07-2025,5
11328,1664,25,26-05-2025,5
11538,5513,25,15-05-2025,5
11895,198,25,15-01-2025,5
12351,848,25,10-06-2025,5
12675,5629,25,20-07-2025,5
13038,6353,25,28-03-2025,5
13399,5999,25,23-08-2025,5
13435,717,25,26-02-2025,5
13451,7514,25,08-11-2025,5
13840,1760,25,21-11-2025,5
14023,559,25,10-03-2025,5
14063,2649,25,06-12-2025,5
14312,3475,25,17-08-2025,5
14473,6341,25,17-02-2025,5
14576,6808,25,26-10-2025,5
14727,128,25,29-04-2025,5
14744,3524,25,02-01-2026,5
14986,4060,25,15-08-2025,5
14992,263,25,04-07-2025,5
15187,5419,25,27-04-2025,5
15302,5340,25,17-10-2025,5
15555,7563,25,24-07-2025,5
15753,6050,25,13-04-2025,5
16330,2125,25,02-10-2025,5
16470,2207,25,10-06-2025,5
16674,129,25,01-07-2025,5
16784,5972,25,16-10-2025,5
16838,1836,25,13-09-2025,5
16860,575,25,13-12-2025,5
16924,491,25,22-07-2025,5
17261,1848,25,20-04-2025,5
17269,2923,25,14-03-2025,5
17399,5497,25,23-03-2025,5
17668,5294,25,25-12-2025,5
17702,558,25,25-01-2025,5
17812,4233,25,28-11-2025,5
18228,6603,25,26-05-2025,5
18267,151,25,03-02-2025,5
18378,454,25,16-03-2025,5
18426,7320,25,03-07-2025,5
18670,2236,25,03-03-2025,5
18809,7185,25,29-10-2025,5
18911,5955,25,24-07-2025,5
18979,1261,25,22-05-2025,5
19003,152,25,17-03-2025,5
19559,886,25,30-11-2025,5
19574,3276,25,06-07-2025,5
19600,2913,25,15-07-2025,5
19758,6953,25,13-02-2025,5
19820,7320,25,07-08-2025,5
20082,3480,25,12-04-2025,5
20315,605,25,28-10-2025,5
20382,1788,25,20-02-2025,5
20514,1780,25,10-01-2026,5
20651,1097,25,02-09-2025,5
20663,3875,25,04-02-2025,5
20701,6957,25,01-01-2026,5
20749,3711,25,13-05-2025,5
20876,6162,25,16-08-2025,5
20977,5928,25,08-09-2025,5
21004,1253,25,25-02-2025,5
21023,7095,25,24-04-2025,5
21066,142,25,13-04-2025,5
21240,859,25,27-08-2025,5
21489,1907,25,18-09-2025,5
21538,3201,25,22-11-2025,5
21595,5505,25,27-04-2025,5
21780,628,25,26-06-2025,5
21815,4225,25,10-08-2025,5
21844,1081,25,12-10-2025,5
22139,854,25,08-04-2025,5
22458,1326,25,28-12-2025,5
22838,257,25,04-05-2025,5
22864,2188,25,16-10-2025,5
23074,1427,25,05-11-2025,5
23126,1112,25,09-04-2025,5
23532,6214,25,16-07-2025,5
23598,1078,25,07-11-2025,5
23786,1761,25,08-10-2025,5
23852,3695,25,13-06-2025,5
23861,1292,25,01-06-2025,5
23880,6232,25,23-10-2025,5
23996,6650,25,21-01-2025,5
24021,3116,25,08-01-2026,5
24173,1802,25,15-07-2025,5
24209,7213,25,16-09-2025,5
24215,1836,25,25-11-2025,5
24390,2447,25,06-03-2025,5
24640,1307,25,21-09-2025,5
24726,5145,25,02-03-2025,5
24728,5260,25,15-08-2025,5
24739,2650,25,26-04-2025,5
25107,4233,25,21-05-2025,5
25114,7504,25,06-07-2025,5
25170,3558,25,11-07-2025,5
25214,2740,25,21-02-2025,5
25640,6372,25,16-01-2025,5
25674,4451,25,17-11-2025,5
25690,7958,25,01-10-2025,5
25719,6648,25,19-02-2025,5
25819,3059,25,09-01-2026,5
26045,3174,25,27-08-2025,5
26274,2580,25,25-11-2025,5
26275,2892,25,17-01-2026,5
26297,2915,25,23-08-2025,5
26357,6488,25,17-09-2025,5
26399,7264,25,07-01-2025,5
26433,4661,25,09-09-2025,5
26580,3555,25,02-03-2025,5
26732,259,25,01-09-2025,5
26969,4688,25,09-05-2025,5
26993,2630,25,19-03-2025,5
27276,1241,25,13-01-2025,5
27291,4461,25,27-11-2025,5
27312,7067,25,22-10-2025,5
27377,4901,25,21-12-2025,5
27396,1462,25,28-08-2025,5
27528,6106,25,09-12-2025,5
27539,3449,25,24-07-2025,5
27631,3760,25,20-05-2025,5
27703,6048,25,15-02-2025,5
16,2072,19,03-02-2025,5
45,5506,19,28-12-2025,5
76,3786,19,29-09-2025,5
175,218,19,14-10-2025,5
327,3118,19,09-02-2025,5
347,7539,19,23-12-2025,5
677,6486,19,18-03-2025,5
703,6062,19,08-04-2025,5
846,6357,19,12-07-2025,5
1105,2913,19,26-07-2025,5
1135,3515,19,17-07-2025,5
1376,2863,19,17-02-2025,5
1515,7971,19,19-04-2025,5
1611,6553,19,08-01-2025,5
1812,2385,19,20-05-2025,5
2006,4323,19,11-04-2025,5
2427,4054,19,10-04-2025,5
2638,7009,19,19-12-2025,5
2833,2604,19,09-08-2025,5
2916,7697,19,28-03-2025,5
3246,6158,19,10-04-2025,5
3373,3059,19,05-03-2025,5
3524,936,19,11-10-2025,5
3915,6591,19,16-02-2025,5
4037,1054,19,14-07-2025,5
4081,768,19,31-08-2025,5
4474,5442,19,05-06-2025,5
4714,7241,19,11-03-2025,5
4939,5809,19,05-09-2025,5
5050,3842,19,12-04-2025,5
5139,3751,19,17-02-2025,5
5472,2986,19,02-11-2025,5
5581,6051,19,17-09-2025,5
5587,6559,19,08-12-2025,5
5690,3941,19,21-01-2025,5
5753,86,19,14-09-2025,5
5888,2519,19,09-07-2025,5
5954,6770,19,28-06-2025,5
5955,4793,19,15-02-2025,5
5964,6090,19,26-07-2025,5
6102,7061,19,25-01-2025,5
6123,6604,19,30-01-2025,5
6142,901,19,24-05-2025,5
6385,4207,19,30-01-2025,5
6571,1949,19,14-12-2025,5
6576,6902,19,12-11-2025,5
6684,15,19,12-06-2025,5
6740,7285,19,14-04-2025,5
6824,1766,19,03-06-2025,5
7018,6035,19,06-08-2025,5
7144,2417,19,04-07-2025,5
7232,6527,19,01-05-2025,5
7519,6816,19,11-07-2025,5
7587,4974,19,04-09-2025,5
7789,2335,19,06-08-2025,5
7886,3849,19,26-11-2025,5
8031,7279,19,07-09-2025,5
8102,4773,19,28-05-2025,5
8212,3097,19,14-08-2025,5
8566,4341,19,08-02-2025,5
8731,66,19,21-07-2025,5
8917,6224,19,12-08-2025,5
8930,2653,19,13-10-2025,5
9004,2832,19,31-05-2025,5
9090,7615,19,20-05-2025,5
9257,6202,19,28-01-2025,5
9503,5455,19,21-08-2025,5
9589,7082,19,06-09-2025,5
9801,5834,19,15-10-2025,5
9933,4410,19,01-09-2025,5
10006,4521,19,02-09-2025,5
10010,5585,19,09-03-2025,5
10077,4025,19,22-04-2025,5
10272,2216,19,04-09-2025,5
10426,6689,19,07-10-2025,5
10427,6086,19,23-08-2025,5
11211,963,19,22-03-2025,5
11325,6088,19,09-03-2025,5
11485,1278,19,16-10-2025,5
11628,2819,19,16-11-2025,5
12233,2889,19,17-04-2025,5
12386,3034,19,20-05-2025,5
12501,4428,19,03-11-2025,5
12733,5920,19,04-11-2025,5
12846,4961,19,21-09-2025,5
12975,7209,19,31-12-2025,5
13273,4499,19,13-12-2025,5
13280,4978,19,27-12-2025,5
13395,1728,19,18-02-2025,5
13460,4685,19,13-11-2025,5
13690,1787,19,03-01-2025,5
13767,1063,19,21-09-2025,5
13949,6234,19,01-06-2025,5
13963,777,19,20-06-2025,5
14119,7603,19,12-03-2025,5
14136,472,19,22-03-2025,5
14251,6266,19,02-01-2025,5
14581,6072,19,01-04-2025,5
14687,6620,19,18-06-2025,5
14810,7114,19,07-11-2025,5
15212,4639,19,25-05-2025,5
15256,4482,19,19-06-2025,5
15386,4966,19,26-01-2025,5
15494,137,19,21-03-2025,5
15655,915,19,10-05-2025,5
15863,7894,19,15-09-2025,5
16236,1827,19,07-11-2025,5
16261,3878,19,04-12-2025,5
16314,2773,19,22-04-2025,5
16399,1327,19,12-01-2025,5
16465,6616,19,10-08-2025,5
16472,5470,19,06-04-2025,5
16736,7969,19,17-09-2025,5
16779,2597,19,23-08-2025,5
16855,6345,19,13-10-2025,5
17034,5401,19,03-06-2025,5
17068,7572,19,09-07-2025,5
17169,871,19,25-10-2025,5
17290,4415,19,20-01-2025,5
17534,117,19,22-08-2025,5
17596,1559,19,29-03-2025,5
17707,1997,19,27-01-2025,5
17711,6112,19,27-09-2025,5
17745,3260,19,13-07-2025,5
18158,6696,19,18-09-2025,5
18333,832,19,10-12-2025,5
18336,306,19,13-11-2025,5
18366,7312,19,12-01-2025,5
18705,3801,19,17-10-2025,5
18874,6690,19,05-06-2025,5
18980,1796,19,06-04-2025,5
19480,4678,19,27-02-2025,5
19584,6353,19,15-07-2025,5
19925,3599,19,25-04-2025,5
20002,3525,19,29-01-2025,5
20089,2717,19,27-03-2025,5
20142,5940,19,10-01-2026,5
20392,7796,19,24-12-2025,5
20440,7046,19,08-01-2025,5
20627,7473,19,05-10-2025,5
20636,2200,19,01-02-2025,5
20685,5189,19,27-07-2025,5
20714,7342,19,03-03-2025,5
20776,726,19,29-09-2025,5
20811,3794,19,02-11-2025,5
20832,2444,19,13-12-2025,5
20904,3742,19,01-03-2025,5
21225,7977,19,12-01-2026,5
21600,4664,19,07-04-2025,5
21661,4518,19,14-06-2025,5
21722,2835,19,06-01-2026,5
21884,1026,19,06-11-2025,5
21963,3165,19,14-09-2025,5
22104,7418,19,21-03-2025,5
22794,6643,19,05-01-2026,5
22840,5697,19,29-09-2025,5
23282,4830,19,19-02-2025,5
23304,5861,19,15-11-2025,5
23429,4254,19,13-11-2025,5
23582,1853,19,23-11-2025,5
23584,2160,19,09-01-2025,5
24039,2564,19,26-02-2025,5
24214,1220,19,07-07-2025,5
24276,2173,19,09-10-2025,5
24355,3722,19,18-09-2025,5
24666,5751,19,10-01-2026,5
24982,7523,19,02-04-2025,5
25154,1111,19,12-10-2025,5
25220,6670,19,20-10-2025,5
25231,6696,19,22-01-2025,5
25485,4706,19,01-02-2025,5
25549,5753,19,28-12-2025,5
25580,1521,19,09-01-2026,5
25774,5463,19,28-01-2025,5
25906,7270,19,30-05-2025,5
26220,4281,19,23-11-2025,5
26239,5179,19,25-06-2025,5
26332,4832,19,06-03-2025,5
26697,415,19,05-06-2025,5
26863,4966,19,27-11-2025,5
26921,4207,19,20-04-2025,5
26952,4930,19,04-08-2025,5
26979,5067,19,19-05-2025,5
27239,6558,19,05-05-2025,5
27626,1741,19,13-01-2026,5
27629,7684,19,24-04-2025,5
27696,1133,19,02-12-2025,5
27865,3788,19,29-07-2025,5
27907,3928,19,28-05-2025,5
27908,867,19,14-01-2026,5
132,4666,18,01-02-2025,5
235,3304,18,22-09-2025,5
569,7120,18,26-06-2025,5
735,4095,18,11-09-2025,5
881,3408,18,23-08-2025,5
915,4314,18,30-07-2025,5
1002,3191,18,11-09-2025,5
1053,2136,18,01-01-2025,5
1143,3483,18,09-02-2025,5
1261,3318,18,24-10-2025,5
1650,6787,18,12-11-2025,5
1664,4539,18,18-06-2025,5
1898,4983,18,20-07-2025,5
1949,4955,18,12-09-2025,5
1955,467,18,06-09-2025,5
1985,3555,18,27-11-2025,5
2032,4990,18,07-12-2025,5
2653,5260,18,15-09-2025,5
2786,7148,18,12-11-2025,5
3129,5966,18,25-08-2025,5
3146,3234,18,31-01-2025,5
3462,5329,18,05-05-2025,5
3518,4755,18,02-10-2025,5
3557,7608,18,19-07-2025,5
3642,7306,18,02-06-2025,5
4074,5335,18,22-02-2025,5
4113,7914,18,27-05-2025,5
4117,7737,18,26-08-2025,5
4137,2783,18,14-03-2025,5
4195,7631,18,24-01-2025,5
4364,7508,18,20-04-2025,5
4902,7707,18,21-09-2025,5
4904,7094,18,09-07-2025,5
4962,410,18,10-09-2025,5
5104,7881,18,02-05-2025,5
5211,7378,18,12-03-2025,5
5548,7389,18,20-07-2025,5
5957,4732,18,22-11-2025,5
5983,1338,18,29-10-2025,5
6172,5273,18,28-03-2025,5
6187,7647,18,03-01-2025,5
6431,4900,18,15-07-2025,5
6448,1251,18,06-08-2025,5
7073,2537,18,20-03-2025,5
7263,548,18,28-04-2025,5
7332,7580,18,19-11-2025,5
7353,4612,18,31-08-2025,5
7435,91,18,08-05-2025,5
7840,2244,18,01-06-2025,5
8204,7716,18,07-01-2025,5
8435,7823,18,19-09-2025,5
8654,7209,18,28-05-2025,5
9382,987,18,23-11-2025,5
9557,3756,18,19-09-2025,5
9661,3281,18,24-07-2025,5
9842,5822,18,11-08-2025,5
9858,5971,18,04-04-2025,5
9924,3071,18,30-01-2025,5
10307,4905,18,28-05-2025,5
10785,5077,18,09-04-2025,5
10787,7306,18,12-01-2026,5
10813,7784,18,02-01-2026,5
10852,5404,18,11-07-2025,5
11191,3865,18,27-04-2025,5
11194,4409,18,18-04-2025,5
11331,1577,18,21-03-2025,5
11427,5552,18,17-10-2025,5
11489,2990,18,04-11-2025,5
11721,6211,18,18-01-2025,5
11935,708,18,27-10-2025,5
11968,5423,18,07-08-2025,5
12117,5826,18,08-09-2025,5
12437,1289,18,29-11-2025,5
12451,7453,18,03-07-2025,5
12587,5110,18,07-09-2025,5
12678,4074,18,24-11-2025,5
12690,4281,18,07-09-2025,5
12713,2650,18,13-06-2025,5
12723,343,18,06-06-2025,5
13124,794,18,19-11-2025,5
13214,466,18,17-10-2025,5
13303,2230,18,08-02-2025,5
13342,6124,18,18-05-2025,5
13361,6618,18,22-11-2025,5
13398,5787,18,03-04-2025,5
13550,30,18,15-11-2025,5
13569,429,18,23-10-2025,5
13641,6001,18,16-10-2025,5
13809,2896,18,12-02-2025,5
13942,3597,18,09-01-2026,5
14026,6732,18,01-10-2025,5
14135,1733,18,28-01-2025,5
14539,7091,18,29-10-2025,5
14861,5090,18,19-11-2025,5
15238,43,18,23-04-2025,5
15431,6286,18,03-05-2025,5
15518,3063,18,10-07-2025,5
15542,3672,18,08-01-2025,5
15592,2148,18,11-01-2026,5
15723,5326,18,27-06-2025,5
15801,32,18,14-10-2025,5
15901,7555,18,17-11-2025,5
15929,4148,18,03-08-2025,5
16029,1933,18,03-06-2025,5
16280,6132,18,08-01-2026,5
16372,3388,18,09-03-2025,5
16400,2488,18,12-09-2025,5
16693,7920,18,09-05-2025,5
16766,2380,18,01-01-2026,5
16797,900,18,05-12-2025,5
16798,3460,18,04-10-2025,5
16966,5085,18,28-03-2025,5
17003,2905,18,03-03-2025,5
17120,5094,18,15-09-2025,5
17151,7411,18,15-01-2026,5
17582,6607,18,22-06-2025,5
17678,2975,18,17-12-2025,5
17749,510,18,28-03-2025,5
17947,758,18,26-04-2025,5
17962,7118,18,22-09-2025,5
18112,2647,18,22-03-2025,5
18204,5281,18,07-05-2025,5
18436,1148,18,17-04-2025,5
18516,5416,18,19-03-2025,5
18592,3807,18,03-12-2025,5
18808,3496,18,20-11-2025,5
18827,123,18,25-04-2025,5
18952,1652,18,09-06-2025,5
19007,5403,18,27-11-2025,5
19131,7242,18,08-05-2025,5
19315,1369,18,14-02-2025,5
19441,1886,18,06-05-2025,5
19721,5161,18,13-03-2025,5
19896,3277,18,04-10-2025,5
19954,473,18,27-09-2025,5
20109,4973,18,28-08-2025,5
20259,1496,18,03-03-2025,5
20278,5888,18,27-11-2025,5
20908,616,18,09-10-2025,5
21062,4828,18,03-01-2025,5
21229,7282,18,01-03-2025,5
21330,3512,18,02-05-2025,5
21416,7060,18,28-04-2025,5
21450,7497,18,03-05-2025,5
21471,2509,18,09-07-2025,5
21593,6421,18,07-03-2025,5
22137,577,18,12-01-2026,5
22308,2522,18,17-07-2025,5
22388,6045,18,24-08-2025,5
22398,3156,18,27-02-2025,5
22634,7359,18,27-07-2025,5
22659,3641,18,12-05-2025,5
22742,5297,18,16-02-2025,5
22816,3197,18,04-08-2025,5
23133,4336,18,23-09-2025,5
23163,5307,18,01-09-2025,5
23401,4270,18,26-12-2025,5
23731,3082,18,09-08-2025,5
24219,1233,18,24-03-2025,5
24254,434,18,10-01-2025,5
24269,6986,18,08-04-2025,5
24367,7855,18,09-08-2025,5
24368,2473,18,25-07-2025,5
24441,2193,18,28-10-2025,5
24559,3450,18,16-10-2025,5
24643,6005,18,23-04-2025,5
24871,4653,18,14-07-2025,5
25059,224,18,01-06-2025,5
25182,4909,18,26-08-2025,5
25284,6436,18,12-01-2025,5
25467,1473,18,11-02-2025,5
25530,2935,18,16-06-2025,5
25714,328,18,10-06-2025,5
25726,1170,18,03-08-2025,5
25772,6454,18,21-08-2025,5
25924,6429,18,14-01-2025,5
25984,545,18,17-06-2025,5
26206,406,18,13-09-2025,5
26772,5606,18,07-01-2025,5
26923,4517,18,28-02-2025,5
27061,1983,18,21-10-2025,5
27118,1979,18,04-06-2025,5
27126,4308,18,20-11-2025,5
27370,3887,18,08-06-2025,5
27447,1398,18,01-08-2025,5
27505,1200,18,25-02-2025,5
27558,4427,18,16-09-2025,5
44,2147,10,10-02-2025,5
109,6872,10,03-01-2025,5
129,390,10,10-10-2025,5
137,4085,10,04-06-2025,5
184,4353,10,01-01-2025,5
212,4301,10,22-07-2025,5
316,2820,10,20-01-2025,5
633,7025,10,29-06-2025,5
662,1758,10,06-05-2025,5
888,2649,10,03-12-2025,5
1001,2555,10,01-12-2025,5
1082,3207,10,10-10-2025,5
1332,3075,10,04-08-2025,5
1620,7831,10,08-08-2025,5
1752,1045,10,15-11-2025,5
1842,4162,10,23-04-2025,5
2000,4865,10,15-09-2025,5
2382,1826,10,29-05-2025,5
2422,7595,10,24-01-2025,5
2886,7260,10,17-06-2025,5
2900,2198,10,17-11-2025,5
3058,6545,10,14-12-2025,5
3217,6249,10,13-03-2025,5
3318,416,10,04-12-2025,5
3404,4457,10,16-10-2025,5
3482,2672,10,18-05-2025,5
3604,2779,10,18-09-2025,5
3669,3246,10,11-05-2025,5
3818,255,10,26-08-2025,5
4073,278,10,24-08-2025,5
4198,4346,10,22-05-2025,5
4310,2666,10,11-07-2025,5
4630,326,10,25-07-2025,5
4749,5606,10,02-09-2025,5
4765,6933,10,13-01-2025,5
5006,5730,10,16-10-2025,5
5142,2384,10,26-09-2025,5
5394,6785,10,17-01-2026,5
5574,7284,10,07-12-2025,5
5575,7708,10,26-06-2025,5
5790,7534,10,27-10-2025,5
6018,7972,10,07-10-2025,5
6375,7276,10,23-05-2025,5
6540,1125,10,14-10-2025,5
6803,2363,10,12-10-2025,5
6805,1011,10,06-05-2025,5
6868,7425,10,02-01-2026,5
7017,464,10,10-03-2025,5
7037,5036,10,01-04-2025,5
7089,2660,10,28-12-2025,5
7195,2042,10,20-12-2025,5
7464,5740,10,12-07-2025,5
7706,2430,10,24-12-2025,5
7716,6811,10,19-12-2025,5
7819,4284,10,13-11-2025,5
7868,4255,10,09-09-2025,5
7947,5239,10,24-06-2025,5
8506,2158,10,28-10-2025,5
8918,7414,10,11-04-2025,5
9227,2883,10,13-03-2025,5
9368,2818,10,22-09-2025,5
9530,2120,10,03-01-2026,5
9564,1221,10,14-07-2025,5
9647,5700,10,30-07-2025,5
9871,754,10,26-08-2025,5
9942,3708,10,22-02-2025,5
10090,2905,10,24-09-2025,5
10264,903,10,22-08-2025,5
10370,4320,10,31-10-2025,5
10673,600,10,23-03-2025,5
10726,5001,10,19-05-2025,5
11162,2081,10,25-12-2025,5
11624,1336,10,14-12-2025,5
11829,2591,10,02-02-2025,5
11949,6976,10,17-04-2025,5
12180,3472,10,11-07-2025,5
12183,7518,10,04-05-2025,5
12226,1665,10,04-08-2025,5
12240,2714,10,05-03-2025,5
12289,6537,10,17-11-2025,5
12381,7827,10,01-11-2025,5
12498,2374,10,06-01-2026,5
12547,7554,10,28-06-2025,5
12604,831,10,10-03-2025,5
13017,731,10,15-02-2025,5
13023,400,10,11-04-2025,5
13132,5581,10,21-11-2025,5
13175,1496,10,03-02-2025,5
13547,462,10,03-04-2025,5
13634,3880,10,08-01-2025,5
13742,2193,10,14-12-2025,5
14108,4675,10,09-09-2025,5
14273,2460,10,12-03-2025,5
14290,6104,10,13-11-2025,5
14363,2122,10,02-08-2025,5
14518,188,10,10-10-2025,5
14621,1910,10,15-01-2025,5
14665,764,10,19-02-2025,5
14706,231,10,24-01-2025,5
14729,4860,10,04-07-2025,5
14740,6492,10,20-10-2025,5
14743,3847,10,05-03-2025,5
14756,7679,10,28-10-2025,5
14791,2405,10,03-01-2025,5
14831,1800,10,21-11-2025,5
15047,7303,10,06-01-2025,5
15325,1167,10,01-09-2025,5
15470,7803,10,28-12-2025,5
15535,7348,10,14-09-2025,5
15550,3649,10,18-01-2026,5
15607,6985,10,18-02-2025,5
15652,305,10,30-08-2025,5
15735,3142,10,29-09-2025,5
16016,5161,10,16-04-2025,5
16411,1832,10,15-12-2025,5
16464,4887,10,18-06-2025,5
16690,2768,10,26-11-2025,5
16971,6479,10,06-03-2025,5
16999,173,10,13-05-2025,5
17042,1963,10,16-01-2025,5
17244,5112,10,26-12-2025,5
17385,474,10,17-08-2025,5
17521,2285,10,06-01-2025,5
17902,4000,10,21-11-2025,5
17995,2229,10,07-05-2025,5
18062,7158,10,20-07-2025,5
18117,2989,10,15-04-2025,5
18145,1828,10,13-01-2025,5
18237,5292,10,30-09-2025,5
18249,3719,10,20-10-2025,5
18328,3486,10,20-10-2025,5
18528,2660,10,22-01-2025,5
18652,5595,10,19-06-2025,5
18683,5357,10,29-04-2025,5
18924,3957,10,01-07-2025,5
19150,4947,10,20-04-2025,5
19791,5840,10,16-08-2025,5
20161,3546,10,18-04-2025,5
20522,7816,10,14-05-2025,5
20554,567,10,06-12-2025,5
20825,88,10,18-01-2026,5
21056,6568,10,05-06-2025,5
21182,2189,10,13-10-2025,5
21264,1603,10,06-01-2025,5
21265,2298,10,06-09-2025,5
21503,1672,10,31-07-2025,5
21523,2437,10,01-03-2025,5
21632,6974,10,16-12-2025,5
21859,3075,10,03-11-2025,5
22005,5384,10,22-10-2025,5
22125,3065,10,29-05-2025,5
22481,4645,10,06-07-2025,5
22598,1308,10,24-04-2025,5
22697,2786,10,09-06-2025,5
22699,6856,10,05-07-2025,5
22829,1824,10,13-12-2025,5
22903,4635,10,25-06-2025,5
23030,1905,10,31-10-2025,5
23093,1051,10,10-04-2025,5
23244,745,10,18-01-2026,5
23380,6435,10,12-01-2025,5
23459,195,10,11-12-2025,5
23473,6957,10,27-05-2025,5
23642,2008,10,09-08-2025,5
23668,5950,10,21-07-2025,5
24164,3513,10,21-09-2025,5
24365,3087,10,17-05-2025,5
24572,1425,10,07-03-2025,5
24948,1130,10,21-07-2025,5
25069,2382,10,28-09-2025,5
25489,330,10,14-05-2025,5
26228,3903,10,03-01-2025,5
26242,6758,10,20-05-2025,5
26251,1044,10,22-03-2025,5
26424,1140,10,18-03-2025,5
26440,3324,10,25-11-2025,5
26505,570,10,26-04-2025,5
26522,5562,10,17-06-2025,5
26799,6081,10,09-06-2025,5
26865,4609,10,09-12-2025,5
26904,7025,10,09-07-2025,5
26950,7112,10,09-07-2025,5
26976,1759,10,13-03-2025,5
27355,584,10,30-09-2025,5
27535,2169,10,14-09-2025,5
27620,1909,10,31-08-2025,5
27771,2008,10,24-09-2025,5
39,7868,8,01-02-2025,5
128,1480,8,05-04-2025,5
483,6370,8,09-08-2025,5
494,1311,8,03-01-2026,5
722,1714,8,20-06-2025,5
778,7078,8,17-03-2025,5
852,2996,8,23-12-2025,5
982,7062,8,22-06-2025,5
1067,6466,8,10-12-2025,5
1408,7153,8,25-05-2025,5
1410,3871,8,27-09-2025,5
1425,1633,8,16-09-2025,5
1432,880,8,15-01-2026,5
1480,3493,8,09-12-2025,5
2001,7499,8,17-11-2025,5
2140,5440,8,08-06-2025,5
2235,1220,8,04-05-2025,5
2257,4201,8,27-03-2025,5
2305,597,8,02-10-2025,5
2339,7448,8,19-02-2025,5
2736,318,8,08-06-2025,5
3179,6858,8,03-11-2025,5
3226,19,8,06-08-2025,5
3270,2253,8,31-05-2025,5
3351,1026,8,02-12-2025,5
3633,3203,8,27-03-2025,5
3678,1566,8,10-06-2025,5
4018,3254,8,08-08-2025,5
4078,7104,8,12-03-2025,5
4322,3543,8,26-04-2025,5
4508,7938,8,22-02-2025,5
4575,773,8,22-10-2025,5
4621,2813,8,24-07-2025,5
4761,3208,8,27-03-2025,5
4864,6732,8,06-11-2025,5
5035,1912,8,07-08-2025,5
5155,7191,8,15-01-2025,5
5334,3215,8,13-03-2025,5
5442,3875,8,11-06-2025,5
5464,5425,8,19-11-2025,5
5626,1853,8,05-01-2025,5
5647,4844,8,22-12-2025,5
5670,3132,8,27-07-2025,5
5875,7646,8,27-07-2025,5
5987,6269,8,30-01-2025,5
5995,738,8,22-12-2025,5
6437,7689,8,27-11-2025,5
6674,4169,8,09-03-2025,5
7126,6985,8,12-10-2025,5
7167,6335,8,17-09-2025,5
7392,7005,8,26-06-2025,5
7470,6523,8,02-10-2025,5
7642,4443,8,24-12-2025,5
7701,5960,8,14-05-2025,5
7911,6659,8,09-08-2025,5
7915,5573,8,23-09-2025,5
8107,2882,8,24-02-2025,5
8119,357,8,08-12-2025,5
8251,2215,8,09-08-2025,5
8261,3933,8,13-05-2025,5
8697,2102,8,12-09-2025,5
8712,7528,8,14-05-2025,5
8998,4762,8,10-10-2025,5
9091,751,8,29-08-2025,5
9151,972,8,09-03-2025,5
9205,4084,8,31-12-2025,5
9536,6101,8,16-06-2025,5
9562,7802,8,06-01-2025,5
9772,2547,8,31-05-2025,5
9990,4011,8,05-03-2025,5
10066,7862,8,12-09-2025,5
10302,4727,8,22-11-2025,5
10641,2236,8,05-02-2025,5
10753,3011,8,17-07-2025,5
10897,5511,8,27-09-2025,5
10932,4949,8,21-03-2025,5
11099,3392,8,10-08-2025,5
11100,2887,8,23-11-2025,5
11886,6970,8,09-04-2025,5
11944,7351,8,28-12-2025,5
12423,6334,8,09-01-2026,5
12435,3708,8,28-01-2025,5
12475,517,8,28-11-2025,5
12537,4684,8,09-11-2025,5
12585,7480,8,30-07-2025,5
12796,4335,8,03-11-2025,5
12932,230,8,24-11-2025,5
13036,4560,8,11-01-2026,5
13326,3152,8,16-10-2025,5
13425,6462,8,05-07-2025,5
13428,5243,8,08-03-2025,5
13478,7751,8,26-04-2025,5
13593,6392,8,05-07-2025,5
13635,3224,8,11-06-2025,5
13737,6417,8,20-03-2025,5
13746,163,8,23-02-2025,5
13855,267,8,13-04-2025,5
14007,2852,8,20-12-2025,5
14033,4338,8,15-08-2025,5
14182,3952,8,06-03-2025,5
14188,3530,8,09-02-2025,5
14233,4207,8,12-03-2025,5
14426,4900,8,31-08-2025,5
14599,2111,8,29-09-2025,5
15214,93,8,18-01-2026,5
15398,4673,8,26-10-2025,5
15583,4250,8,11-04-2025,5
15590,6739,8,11-06-2025,5
15627,5416,8,28-05-2025,5
16030,2070,8,03-04-2025,5
16134,6689,8,19-07-2025,5
16268,973,8,06-04-2025,5
16285,7536,8,20-01-2025,5
16348,2598,8,03-03-2025,5
16586,841,8,08-04-2025,5
16619,4977,8,18-12-2025,5
16633,3826,8,21-02-2025,5
16823,5614,8,03-11-2025,5
16940,7849,8,19-10-2025,5
16986,3477,8,01-02-2025,5
17125,468,8,10-02-2025,5
17148,7310,8,23-02-2025,5
17328,4225,8,23-04-2025,5
17585,967,8,19-11-2025,5
17701,5148,8,21-08-2025,5
17770,1796,8,07-10-2025,5
17792,5521,8,05-02-2025,5
17858,5795,8,12-02-2025,5
17887,3847,8,06-12-2025,5
18536,6641,8,20-03-2025,5
18574,4204,8,14-01-2026,5
18690,1233,8,21-04-2025,5
18790,2920,8,19-12-2025,5
18878,6015,8,05-09-2025,5
19090,690,8,21-06-2025,5
19109,5873,8,26-10-2025,5
19120,7612,8,22-11-2025,5
19753,3733,8,31-03-2025,5
19986,4727,8,05-12-2025,5
20184,981,8,10-07-2025,5
20304,3290,8,18-03-2025,5
20390,4772,8,09-10-2025,5
20649,3273,8,24-08-2025,5
20842,1681,8,01-01-2026,5
21125,4178,8,19-09-2025,5
21212,5589,8,21-08-2025,5
21217,7128,8,10-11-2025,5
21524,730,8,16-01-2026,5
21813,7889,8,20-02-2025,5
22080,1419,8,15-02-2025,5
22285,4565,8,03-09-2025,5
22725,3078,8,07-07-2025,5
22760,973,8,25-04-2025,5
22863,786,8,25-05-2025,5
23207,251,8,27-08-2025,5
23520,14,8,18-12-2025,5
23790,5019,8,19-05-2025,5
24620,3674,8,06-01-2026,5
24869,7087,8,08-11-2025,5
24899,1464,8,17-12-2025,5
24903,1594,8,17-10-2025,5
24966,467,8,05-02-2025,5
25184,828,8,21-01-2025,5
25194,551,8,27-04-2025,5
25345,2645,8,06-03-2025,5
25414,629,8,06-02-2025,5
25451,826,8,26-10-2025,5
25534,7608,8,04-02-2025,5
25543,4102,8,31-03-2025,5
25870,6540,8,03-07-2025,5
25936,5076,8,04-01-2026,5
26086,3870,8,03-12-2025,5
26200,2896,8,30-11-2025,5
26364,1517,8,01-11-2025,5
26528,6763,8,20-06-2025,5
26570,7625,8,12-12-2025,5
26683,3456,8,06-07-2025,5
26875,4688,8,07-01-2025,5
26892,3028,8,07-07-2025,5
26983,1568,8,11-04-2025,5
27458,3380,8,04-03-2025,5
27481,5825,8,06-01-2025,5
27670,2533,8,08-09-2025,5
27678,5185,8,09-04-2025,5
27763,7156,8,05-11-2025,5
27845,621,8,06-09-2025,5
27887,1795,8,08-02-2025,5
188,7813,21,11-02-2025,5
266,2517,21,14-08-2025,5
562,671,21,30-05-2025,5
645,3718,21,05-01-2025,5
685,7280,21,06-01-2026,5
786,4424,21,15-05-2025,5
1228,2353,21,17-03-2025,5
1238,2220,21,04-12-2025,5
1245,4762,21,17-12-2025,5
1377,6647,21,10-01-2025,5
1464,7619,21,11-09-2025,5
1501,4287,21,18-02-2025,5
1583,7598,21,18-05-2025,5
1584,5034,21,12-09-2025,5
1858,5909,21,21-03-2025,5
2384,6633,21,04-04-2025,5
2749,408,21,11-04-2025,5
2800,3239,21,05-05-2025,5
2933,4433,21,21-11-2025,5
2944,4280,21,21-03-2025,5
2982,3432,21,14-01-2026,5
3095,3322,21,11-07-2025,5
3158,1752,21,28-05-2025,5
3447,3591,21,23-08-2025,5
3452,4886,21,19-10-2025,5
3631,6751,21,09-08-2025,5
3740,3217,21,23-10-2025,5
3784,4640,21,15-03-2025,5
3931,5709,21,07-05-2025,5
4321,3390,21,29-10-2025,5
4338,4014,21,16-04-2025,5
4583,1694,21,18-05-2025,5
4606,982,21,09-09-2025,5
4675,7088,21,03-05-2025,5
4872,5886,21,27-12-2025,5
5282,6571,21,24-07-2025,5
5360,7448,21,14-05-2025,5
5386,3243,21,04-09-2025,5
5629,4795,21,24-04-2025,5
5696,6755,21,20-01-2025,5
5730,1480,21,22-12-2025,5
5749,2770,21,26-09-2025,5
5788,2074,21,08-01-2026,5
5799,5291,21,06-01-2025,5
6430,729,21,16-01-2025,5
6510,2123,21,21-01-2025,5
6520,3602,21,24-11-2025,5
6593,3560,21,04-03-2025,5
6804,5572,21,05-04-2025,5
7235,7596,21,01-11-2025,5
7309,6990,21,04-07-2025,5
7458,7265,21,20-08-2025,5
7671,3368,21,16-04-2025,5
7943,5040,21,16-02-2025,5
7994,2506,21,18-12-2025,5
8277,6726,21,07-04-2025,5
8286,4042,21,31-12-2025,5
8781,4142,21,01-05-2025,5
8820,6987,21,22-04-2025,5
9133,832,21,07-03-2025,5
9165,6463,21,02-03-2025,5
9170,7302,21,25-02-2025,5
9233,7736,21,31-03-2025,5
9263,5107,21,03-01-2026,5
9345,1885,21,26-02-2025,5
9346,4898,21,03-04-2025,5
9431,4928,21,10-10-2025,5
9504,7097,21,14-04-2025,5
9729,5626,21,31-12-2025,5
9741,7662,21,26-08-2025,5
9838,3574,21,31-07-2025,5
9880,6217,21,22-01-2025,5
9986,3155,21,02-05-2025,5
10392,1652,21,22-07-2025,5
10604,1570,21,04-08-2025,5
10798,7490,21,07-12-2025,5
10978,3811,21,16-11-2025,5
11330,399,21,05-04-2025,5
11333,7423,21,07-06-2025,5
11370,7107,21,02-06-2025,5
11408,1961,21,01-02-2025,5
11482,485,21,20-04-2025,5
11902,660,21,07-05-2025,5
11955,6253,21,12-09-2025,5
12175,342,21,26-12-2025,5
12277,6622,21,05-09-2025,5
12345,156,21,03-11-2025,5
12730,2027,21,21-03-2025,5
13285,695,21,09-08-2025,5
13643,7372,21,07-02-2025,5
13819,3426,21,12-01-2026,5
13940,1775,21,20-12-2025,5
14057,5113,21,31-01-2025,5
14637,5807,21,02-02-2025,5
14647,1676,21,03-04-2025,5
14710,4648,21,11-05-2025,5
14929,4512,21,16-06-2025,5
15129,527,21,12-04-2025,5
15412,7435,21,23-03-2025,5
15512,1098,21,19-06-2025,5
15565,1670,21,23-09-2025,5
15581,1464,21,08-06-2025,5
15713,4040,21,06-01-2025,5
15777,7803,21,20-11-2025,5
15865,725,21,09-10-2025,5
15895,4051,21,02-10-2025,5
16012,5954,21,21-10-2025,5
16066,4732,21,24-05-2025,5
16251,2882,21,04-01-2025,5
16252,5114,21,21-10-2025,5
16265,2243,21,12-03-2025,5
16382,1528,21,19-08-2025,5
16403,4891,21,06-07-2025,5
16836,1063,21,17-04-2025,5
16948,7357,21,18-01-2026,5
16977,2380,21,16-06-2025,5
17485,5630,21,09-11-2025,5
17592,7066,21,25-06-2025,5
17629,6595,21,30-07-2025,5
18037,5115,21,26-04-2025,5
18140,536,21,24-07-2025,5
18281,4017,21,16-09-2025,5
18344,2702,21,13-03-2025,5
18442,683,21,21-02-2025,5
18569,469,21,17-07-2025,5
18594,5337,21,02-12-2025,5
18769,3203,21,13-07-2025,5
18843,2458,21,30-01-2025,5
18946,6841,21,13-02-2025,5
19130,6385,21,21-04-2025,5
19303,58,21,04-01-2025,5
19436,7868,21,21-09-2025,5
19449,4111,21,30-05-2025,5
19511,417,21,25-09-2025,5
19521,6037,21,15-08-2025,5
19677,7932,21,05-12-2025,5
19680,3212,21,26-09-2025,5
20285,3707,21,08-10-2025,5
20327,1228,21,05-12-2025,5
20819,2885,21,01-07-2025,5
20836,6670,21,23-08-2025,5
20909,6379,21,13-08-2025,5
20944,3160,21,28-08-2025,5
21099,7869,21,07-01-2025,5
21746,3474,21,22-03-2025,5
22543,1201,21,15-06-2025,5
22955,2503,21,10-11-2025,5
23661,7149,21,10-07-2025,5
23950,4882,21,23-07-2025,5
24066,2872,21,17-10-2025,5
24135,3736,21,30-05-2025,5
24196,7857,21,21-08-2025,5
24225,6159,21,08-05-2025,5
24248,1545,21,11-08-2025,5
24322,6510,21,05-01-2025,5
24401,387,21,18-09-2025,5
24583,6080,21,06-01-2025,5
24665,6895,21,14-02-2025,5
24777,6515,21,23-05-2025,5
24913,4846,21,16-08-2025,5
24914,1369,21,10-09-2025,5
25209,1312,21,23-06-2025,5
25410,6199,21,25-03-2025,5
25470,518,21,07-05-2025,5
25479,111,21,25-11-2025,5
25720,1984,21,24-05-2025,5
25787,6684,21,08-01-2026,5
26012,4366,21,21-09-2025,5
26090,4561,21,20-10-2025,5
26103,3494,21,03-11-2025,5
26179,3579,21,19-12-2025,5
26240,7226,21,02-05-2025,5
26313,7926,21,22-12-2025,5
26318,2726,21,17-01-2025,5
26725,1919,21,24-07-2025,5
26730,4296,21,09-06-2025,5
27185,3700,21,20-12-2025,5
27210,7995,21,09-01-2025,5
27304,3821,21,08-01-2026,5
27571,6720,21,06-09-2025,5
27728,7153,21,03-01-2026,5
27731,6481,21,22-05-2025,5
27742,3016,21,31-08-2025,5
27983,3175,21,24-01-2025,5
323,6216,15,14-12-2025,5
354,154,15,05-03-2025,5
386,4104,15,29-08-2025,5
392,6738,15,12-07-2025,5
405,4476,15,02-03-2025,5
454,1387,15,16-09-2025,5
646,3121,15,25-03-2025,5
692,1329,15,11-03-2025,5
708,1069,15,31-08-2025,5
795,2034,15,02-08-2025,5
879,2393,15,13-12-2025,5
1131,5102,15,05-03-2025,5
1136,1379,15,13-09-2025,5
1458,913,15,10-05-2025,5
1556,1184,15,13-01-2025,5
2231,2867,15,14-05-2025,5
2301,3041,15,24-11-2025,5
2448,3035,15,16-11-2025,5
2469,6353,15,13-08-2025,5
2627,3892,15,06-03-2025,5
2721,5400,15,14-01-2026,5
2737,3379,15,08-05-2025,5
2865,709,15,04-07-2025,5
2868,4767,15,07-03-2025,5
3099,6065,15,13-10-2025,5
3181,190,15,05-11-2025,5
3269,4113,15,04-10-2025,5
3329,1618,15,28-04-2025,5
3521,4316,15,28-01-2025,5
3894,2851,15,14-01-2025,5
4543,1430,15,23-06-2025,5
4694,5432,15,04-03-2025,5
4700,6529,15,02-11-2025,5
5220,669,15,19-11-2025,5
5477,6761,15,29-10-2025,5
5941,4494,15,08-05-2025,5
5944,864,15,11-06-2025,5
5959,573,15,30-11-2025,5
6392,3813,15,06-01-2025,5
6464,57,15,04-02-2025,5
6522,5680,15,05-01-2026,5
6547,2680,15,09-10-2025,5
6589,3014,15,14-03-2025,5
6679,1982,15,28-05-2025,5
6687,6485,15,19-12-2025,5
6838,6786,15,21-09-2025,5
6960,5668,15,04-01-2025,5
7729,5332,15,27-08-2025,5
8249,4596,15,01-07-2025,5
8458,6619,15,06-07-2025,5
8808,4553,15,20-03-2025,5
8879,1222,15,11-12-2025,5
8967,7061,15,30-11-2025,5
9230,2882,15,27-12-2025,5
9529,673,15,29-04-2025,5
9595,4111,15,21-11-2025,5
9596,3190,15,24-04-2025,5
9902,5748,15,30-09-2025,5
10089,6990,15,21-08-2025,5
10555,1096,15,01-12-2025,5
10565,5016,15,04-01-2025,5
10622,5105,15,11-04-2025,5
11015,6188,15,03-11-2025,5
11091,2175,15,06-09-2025,5
11267,4225,15,04-01-2026,5
11561,7249,15,01-03-2025,5
11764,489,15,20-11-2025,5
11936,1912,15,02-12-2025,5
12044,1368,15,06-12-2025,5
12091,5034,15,28-06-2025,5
12535,358,15,21-08-2025,5
13061,5476,15,24-08-2025,5
13088,3888,15,18-05-2025,5
13417,2288,15,01-08-2025,5
13461,3791,15,04-02-2025,5
13510,4981,15,06-03-2025,5
13523,1860,15,26-11-2025,5
13683,1920,15,09-12-2025,5
14277,303,15,27-11-2025,5
14329,6374,15,06-01-2026,5
14519,2354,15,31-08-2025,5
14662,100,15,21-12-2025,5
14801,6743,15,15-07-2025,5
14955,6174,15,01-05-2025,5
15144,802,15,25-07-2025,5
15148,4029,15,19-07-2025,5
15230,2045,15,23-07-2025,5
15240,6984,15,16-11-2025,5
15361,2771,15,08-09-2025,5
15433,7933,15,08-01-2026,5
15594,6785,15,29-03-2025,5
15808,5525,15,24-12-2025,5
16320,82,15,15-09-2025,5
16551,7036,15,06-08-2025,5
16635,1922,15,20-10-2025,5
16768,6920,15,16-05-2025,5
16796,7670,15,30-08-2025,5
16877,4612,15,01-01-2026,5
16933,5432,15,18-01-2025,5
17083,4060,15,18-02-2025,5
17106,4841,15,18-11-2025,5
17574,1298,15,10-12-2025,5
17727,2294,15,28-08-2025,5
17765,2878,15,02-06-2025,5
17900,5477,15,19-12-2025,5
17901,6093,15,19-07-2025,5
18003,6763,15,16-02-2025,5
18308,6037,15,18-01-2025,5
18310,2486,15,27-01-2025,5
18711,6809,15,14-04-2025,5
18782,3996,15,10-12-2025,5
18971,5787,15,24-10-2025,5
19116,5031,15,14-11-2025,5
19394,5633,15,01-09-2025,5
19409,3187,15,26-02-2025,5
19501,5128,15,17-02-2025,5
19540,1921,15,22-10-2025,5
19620,454,15,18-08-2025,5
19800,3668,15,27-04-2025,5
19908,2891,15,04-11-2025,5
20011,3108,15,08-09-2025,5
20345,2270,15,15-01-2026,5
20442,4958,15,11-07-2025,5
20524,1195,15,14-08-2025,5
20589,1476,15,03-12-2025,5
20969,107,15,22-11-2025,5
21078,7288,15,29-06-2025,5
21119,6182,15,10-01-2026,5
21120,1144,15,15-01-2025,5
21130,1345,15,18-11-2025,5
21197,7064,15,27-01-2025,5
21409,3166,15,30-01-2025,5
21519,1332,15,25-12-2025,5
21997,4505,15,05-05-2025,5
22295,4921,15,26-11-2025,5
22427,3989,15,05-02-2025,5
22454,7304,15,23-04-2025,5
22853,2438,15,05-10-2025,5
22904,6587,15,02-03-2025,5
23021,2586,15,12-01-2026,5
23027,1688,15,15-01-2026,5
23046,2065,15,07-02-2025,5
23057,5989,15,11-04-2025,5
23121,5197,15,11-05-2025,5
23960,997,15,08-05-2025,5
23967,2448,15,12-06-2025,5
23985,3567,15,14-09-2025,5
24026,2015,15,24-06-2025,5
24099,2900,15,09-10-2025,5
24290,810,15,12-07-2025,5
24291,3893,15,02-11-2025,5
24443,1104,15,17-01-2025,5
24631,476,15,22-07-2025,5
24698,4428,15,17-02-2025,5
25045,6577,15,13-08-2025,5
25125,870,15,04-05-2025,5
25242,5051,15,01-05-2025,5
25267,727,15,26-08-2025,5
25307,6516,15,10-05-2025,5
25422,1059,15,23-01-2025,5
25691,7637,15,01-07-2025,5
26175,3357,15,17-08-2025,5
26186,7601,15,25-10-2025,5
26283,5916,15,23-10-2025,5
26346,1370,15,25-04-2025,5
26711,3884,15,13-05-2025,5
26778,7574,15,07-11-2025,5
26852,1932,15,19-08-2025,5
27164,2811,15,21-02-2025,5
27191,5675,15,17-07-2025,5
27381,4889,15,13-02-2025,5
27472,4649,15,05-01-2026,5
27482,1131,15,16-01-2025,5
27654,6476,15,12-12-2025,5
27759,4512,15,14-01-2025,5
27803,6737,15,26-03-2025,5
27979,4469,15,05-10-2025,5
27999,1781,15,03-11-2025,5
189,7541,12,18-01-2026,2
226,2947,12,23-04-2025,2
448,4262,12,09-05-2025,2
489,3180,12,12-08-2025,2
605,1795,12,10-03-2025,2
688,7949,12,23-12-2025,2
857,653,12,01-03-2025,2
955,3838,12,23-05-2025,2
1000,811,12,26-09-2025,2
1638,5488,12,20-09-2025,2
1663,7807,12,26-07-2025,2
1767,4531,12,30-12-2025,2
1773,7424,12,23-06-2025,2
2209,698,12,07-02-2025,2
2265,1421,12,06-04-2025,2
2331,1656,12,30-01-2025,2
3124,5223,12,15-07-2025,2
3267,5038,12,08-01-2026,2
3686,894,12,23-10-2025,2
3741,3925,12,08-07-2025,2
4173,7564,12,20-03-2025,2
4204,5125,12,06-07-2025,2
4558,3768,12,15-01-2025,2
4738,7691,12,01-08-2025,2
4856,5519,12,10-01-2026,2
4861,5644,12,15-12-2025,2
5807,400,12,12-11-2025,2
5953,1108,12,30-10-2025,2
6141,2898,12,30-06-2025,2
6223,4567,12,04-01-2026,2
6252,1814,12,21-06-2025,2
6253,5188,12,18-01-2026,2
6323,3820,12,29-07-2025,2
6468,1837,12,02-03-2025,2
6498,3712,12,14-04-2025,2
6551,7361,12,25-11-2025,2
6775,6716,12,05-12-2025,2
6980,3060,12,15-07-2025,2
7108,7191,12,21-12-2025,2
7236,4387,12,19-08-2025,2
7639,3725,12,30-05-2025,2
7813,3913,12,20-03-2025,2
8564,6246,12,03-10-2025,2
8740,6464,12,20-08-2025,2
8770,6999,12,31-12-2025,2
9030,1433,12,10-04-2025,2
9064,7900,12,06-08-2025,2
9241,6440,12,05-02-2025,2
9371,7048,12,01-11-2025,2
9688,2932,12,31-07-2025,2
10081,1079,12,10-10-2025,2
10773,4413,12,27-05-2025,2
10794,2221,12,08-11-2025,2
10860,7904,12,17-09-2025,2
10918,1028,12,23-09-2025,2
10977,6088,12,13-05-2025,2
10996,5640,12,14-10-2025,2
11674,7272,12,12-08-2025,2
11911,5831,12,30-11-2025,2
12133,6310,12,03-01-2026,2
12207,7557,12,10-09-2025,2
12559,4330,12,18-12-2025,2
12955,5923,12,31-03-2025,2
13180,6256,12,14-01-2025,2
13411,243,12,27-08-2025,2
13648,4393,12,15-01-2025,2
14131,4556,12,07-07-2025,2
14425,9,12,15-09-2025,2
14853,2313,12,21-07-2025,2
15023,863,12,04-01-2026,2
15623,5573,12,06-01-2026,2
15980,7903,12,03-01-2025,2
16804,6971,12,26-07-2025,2
16873,755,12,04-09-2025,2
17229,7199,12,27-09-2025,2
17824,2633,12,14-11-2025,2
18314,2682,12,11-06-2025,2
18779,6202,12,09-09-2025,2
19174,7410,12,01-02-2025,2
19398,7209,12,30-07-2025,2
19433,3613,12,03-10-2025,2
19751,3432,12,20-09-2025,2
19886,3347,12,17-06-2025,2
19948,2645,12,06-10-2025,2
20462,7986,12,03-12-2025,2
20613,841,12,27-12-2025,2
20991,4718,12,06-11-2025,2
21318,4114,12,19-11-2025,2
21557,4910,12,16-02-2025,2
22292,769,12,21-01-2025,2
22753,6796,12,31-01-2025,2
22841,4637,12,17-05-2025,2
22867,7256,12,06-09-2025,2
22948,2183,12,28-03-2025,2
23222,1805,12,20-06-2025,2
23486,4650,12,30-04-2025,2
23568,2761,12,17-05-2025,2
23591,4386,12,03-01-2025,2
23743,1153,12,24-01-2025,2
23948,5113,12,18-04-2025,2
24110,6951,12,03-11-2025,2
24352,3484,12,12-01-2026,2
24392,973,12,15-01-2025,2
24645,4492,12,24-08-2025,2
24950,1950,12,03-04-2025,2
25156,4211,12,05-01-2026,2
25241,1648,12,21-11-2025,2
25498,5183,12,25-07-2025,2
25536,3807,12,17-09-2025,2
25694,3363,12,07-08-2025,2
26237,3712,12,17-01-2025,2
26980,232,12,17-12-2025,2
27046,1480,12,19-05-2025,2
27557,7108,12,26-04-2025,2
27578,5144,12,24-12-2025,2
27727,1924,12,04-08-2025,2
204,2081,1,19-04-2025,2
469,2485,1,16-07-2025,2
602,7091,1,04-08-2025,2
625,5127,1,24-12-2025,2
710,3392,1,16-10-2025,2
979,5481,1,18-02-2025,2
1303,4550,1,01-06-2025,2
1338,6284,1,23-11-2025,2
1633,1306,1,11-07-2025,2
1993,6440,1,12-04-2025,2
2303,2482,1,05-12-2025,2
3045,4672,1,21-02-2025,2
3115,1428,1,26-02-2025,2
3276,4690,1,19-05-2025,2
3291,3229,1,22-03-2025,2
3475,4400,1,26-09-2025,2
3812,3143,1,13-05-2025,2
3898,6923,1,02-02-2025,2
4223,4909,1,08-01-2025,2
4702,5874,1,10-11-2025,2
4740,5176,1,19-07-2025,2
4858,3369,1,27-10-2025,2
5055,5910,1,28-07-2025,2
5405,6321,1,11-08-2025,2
5857,3030,1,15-08-2025,2
5913,6866,1,25-07-2025,2
5925,6063,1,23-01-2025,2
6075,3209,1,04-06-2025,2
6192,2425,1,12-12-2025,2
6294,5553,1,27-06-2025,2
6746,3951,1,19-07-2025,2
6882,2743,1,10-01-2026,2
6969,5737,1,07-03-2025,2
7146,4490,1,17-02-2025,2
7164,1407,1,26-10-2025,2
7244,559,1,09-03-2025,2
7312,6866,1,20-02-2025,2
7492,6607,1,10-11-2025,2
7559,6085,1,03-10-2025,2
8916,691,1,14-09-2025,2
8947,6900,1,10-09-2025,2
9401,3010,1,29-11-2025,2
9601,4964,1,02-01-2026,2
9626,4855,1,15-12-2025,2
9862,2574,1,29-11-2025,2
10216,7803,1,08-07-2025,2
10894,1246,1,02-09-2025,2
11630,6825,1,09-02-2025,2
11686,3657,1,20-08-2025,2
11996,2876,1,17-10-2025,2
12295,5247,1,08-05-2025,2
12378,6469,1,28-07-2025,2
12695,1938,1,13-07-2025,2
13143,2668,1,16-09-2025,2
13432,2473,1,25-04-2025,2
13818,3675,1,20-01-2025,2
13945,5285,1,09-12-2025,2
14338,5744,1,01-10-2025,2
14511,5412,1,05-10-2025,2
14603,7453,1,11-12-2025,2
14683,6470,1,01-01-2026,2
15097,6908,1,02-03-2025,2
16092,6947,1,03-07-2025,2
16266,6486,1,29-07-2025,2
16279,3976,1,14-01-2025,2
16376,6266,1,17-10-2025,2
16542,1518,1,07-03-2025,2
17048,689,1,13-08-2025,2
17219,2665,1,18-07-2025,2
17888,3486,1,13-05-2025,2
17918,2959,1,19-06-2025,2
18214,5945,1,12-07-2025,2
18371,6172,1,12-07-2025,2
18488,4786,1,08-11-2025,2
18622,6993,1,21-09-2025,2
18673,2064,1,19-09-2025,2
18694,3351,1,13-01-2026,2
18885,4803,1,14-01-2026,2
19075,6896,1,11-08-2025,2
19122,3468,1,22-07-2025,2
19258,941,1,22-03-2025,2
19754,3932,1,14-08-2025,2
19993,6104,1,25-02-2025,2
20045,589,1,22-10-2025,2
20467,917,1,04-11-2025,2
20476,7937,1,10-02-2025,2
20547,1452,1,25-02-2025,2
20687,4077,1,17-04-2025,2
20980,6895,1,13-11-2025,2
21352,6774,1,13-05-2025,2
21431,6975,1,22-10-2025,2
21644,5717,1,29-06-2025,2
21693,5073,1,25-10-2025,2
21784,3883,1,07-07-2025,2
21961,2067,1,12-01-2026,2
22151,820,1,04-10-2025,2
22347,6506,1,02-01-2025,2
22436,5292,1,20-11-2025,2
23135,432,1,24-07-2025,2
23168,2700,1,13-04-2025,2
23182,3291,1,01-05-2025,2
23267,5170,1,16-03-2025,2
23424,5601,1,29-03-2025,2
23497,4911,1,17-03-2025,2
23837,756,1,13-05-2025,2
23883,3352,1,13-03-2025,2
24461,5826,1,22-10-2025,2
24651,3316,1,19-12-2025,2
24720,3164,1,09-03-2025,2
25121,2465,1,27-07-2025,2
25153,6429,1,31-10-2025,2
25339,3312,1,26-05-2025,2
25741,4529,1,15-10-2025,2
25871,7359,1,18-11-2025,2
25951,5087,1,23-07-2025,2
26303,6680,1,27-12-2025,2
26350,6483,1,18-04-2025,2
26400,7924,1,27-03-2025,2
26743,5663,1,06-06-2025,2
27739,1094,1,23-09-2025,2
27762,6922,1,05-01-2025,2
27867,7822,1,08-01-2025,2
27991,6653,1,11-02-2025,2
101,3517,13,18-04-2025,2
278,2120,13,13-01-2025,2
679,2381,13,25-06-2025,2
760,3485,13,02-09-2025,2
770,5679,13,07-01-2026,2
1104,1225,13,13-09-2025,2
1169,4038,13,18-12-2025,2
1645,50,13,23-01-2025,2
1724,5137,13,23-08-2025,2
1852,6194,13,03-10-2025,2
2071,6355,13,12-02-2025,2
2361,2124,13,26-05-2025,2
2499,1875,13,16-09-2025,2
2604,5366,13,21-11-2025,2
2662,1735,13,15-04-2025,2
3012,6361,13,03-02-2025,2
3443,4966,13,22-12-2025,2
3658,7775,13,30-04-2025,2
3748,4795,13,01-10-2025,2
3918,7076,13,07-01-2025,2
3947,4524,13,25-05-2025,2
4133,2294,13,08-06-2025,2
4230,2023,13,18-08-2025,2
4532,6456,13,16-06-2025,2
5407,1375,13,21-10-2025,2
5826,3913,13,15-05-2025,2
5847,6807,13,19-12-2025,2
5942,2335,13,18-03-2025,2
6078,1050,13,18-10-2025,2
6220,5760,13,31-07-2025,2
6232,6503,13,28-01-2025,2
6383,2089,13,21-08-2025,2
6610,3820,13,30-08-2025,2
6721,1055,13,21-04-2025,2
7161,29,13,08-08-2025,2
7941,3223,13,02-09-2025,2
7960,22,13,10-01-2025,2
8078,2827,13,21-09-2025,2
8290,551,13,05-04-2025,2
8316,3399,13,15-12-2025,2
8605,4359,13,27-11-2025,2
8804,584,13,05-03-2025,2
9157,2275,13,05-12-2025,2
9177,1758,13,13-11-2025,2
9285,7707,13,26-09-2025,2
9472,968,13,10-10-2025,2
9544,5431,13,27-05-2025,2
9780,3517,13,29-12-2025,2
10280,5107,13,20-10-2025,2
10349,6253,13,06-05-2025,2
10455,762,13,18-03-2025,2
10663,6013,13,09-08-2025,2
10917,3242,13,07-10-2025,2
11020,2036,13,01-09-2025,2
11133,6370,13,09-01-2025,2
11313,169,13,03-08-2025,2
11344,7533,13,06-08-2025,2
11502,850,13,21-10-2025,2
11581,4,13,07-12-2025,2
11919,3422,13,05-02-2025,2
12726,3194,13,10-05-2025,2
12774,2373,13,13-10-2025,2
12821,1556,13,07-12-2025,2
13803,1289,13,10-06-2025,2
13909,1605,13,26-03-2025,2
14029,245,13,11-03-2025,2
14311,1729,13,06-01-2026,2
14346,1974,13,05-10-2025,2
14389,6265,13,30-04-2025,2
14512,1431,13,05-05-2025,2
14761,2590,13,05-06-2025,2
14789,5133,13,22-02-2025,2
15356,4956,13,02-09-2025,2
15554,5272,13,01-12-2025,2
16106,2832,13,10-01-2026,2
16911,2134,13,27-02-2025,2
17013,1326,13,15-10-2025,2
17014,7884,13,26-12-2025,2
17061,548,13,16-08-2025,2
17295,3435,13,12-10-2025,2
17380,3858,13,31-10-2025,2
17428,6133,13,12-11-2025,2
17504,1194,13,20-08-2025,2
17571,7839,13,12-08-2025,2
17736,622,13,25-08-2025,2
17893,3110,13,14-05-2025,2
18055,1865,13,07-07-2025,2
18179,3681,13,27-01-2025,2
18187,7174,13,28-03-2025,2
18200,1360,13,10-10-2025,2
18469,7549,13,07-10-2025,2
18537,7257,13,02-02-2025,2
18630,741,13,24-05-2025,2
18671,3630,13,27-10-2025,2
19611,2217,13,20-04-2025,2
20307,2150,13,09-03-2025,2
21151,5990,13,21-04-2025,2
21234,6080,13,17-02-2025,2
21402,4862,13,15-05-2025,2
21430,625,13,11-06-2025,2
21542,2675,13,22-12-2025,2
21559,2529,13,21-06-2025,2
21753,7476,13,26-07-2025,2
21900,7467,13,18-01-2025,2
22461,617,13,10-04-2025,2
22574,3388,13,21-06-2025,2
22835,1617,13,16-03-2025,2
23053,4452,13,24-12-2025,2
23430,2037,13,08-07-2025,2
23469,635,13,13-02-2025,2
24208,6738,13,29-06-2025,2
24317,3391,13,04-01-2026,2
24670,567,13,01-10-2025,2
24770,5282,13,08-04-2025,2
24774,1589,13,11-06-2025,2
24838,6331,13,05-01-2026,2
24843,1916,13,22-04-2025,2
25055,7777,13,25-05-2025,2
25101,6743,13,17-07-2025,2
25985,1987,13,22-11-2025,2
26174,5999,13,23-09-2025,2
26314,7359,13,12-07-2025,2
26356,1628,13,24-11-2025,2
26358,7596,13,15-01-2026,2
26473,6484,13,13-05-2025,2
26885,713,13,28-06-2025,2
27116,4682,13,06-05-2025,2
27471,5978,13,11-02-2025,2
27922,3103,13,15-09-2025,2
27934,3116,13,20-09-2025,2
564,4505,17,14-12-2025,2
596,6283,17,30-10-2025,2
600,451,17,25-04-2025,2
756,1916,17,31-05-2025,2
839,7417,17,01-11-2025,2
1111,1803,17,17-04-2025,2
1181,4327,17,13-03-2025,2
1798,6969,17,01-01-2025,2
1914,1242,17,16-04-2025,2
2061,1105,17,13-02-2025,2
2133,4701,17,10-02-2025,2
2942,2555,17,11-08-2025,2
3105,3586,17,21-01-2025,2
3147,4715,17,01-02-2025,2
3214,6520,17,05-05-2025,2
3334,1306,17,01-05-2025,2
3862,6992,17,28-06-2025,2
4150,6797,17,06-01-2025,2
4362,4305,17,30-05-2025,2
4450,2311,17,10-06-2025,2
4537,3723,17,19-05-2025,2
4822,4337,17,25-12-2025,2
5164,7383,17,17-01-2026,2
5553,341,17,30-03-2025,2
5909,6044,17,07-05-2025,2
6015,1857,17,23-05-2025,2
6618,6662,17,21-09-2025,2
6685,3367,17,10-08-2025,2
6834,7175,17,02-12-2025,2
6974,2671,17,13-06-2025,2
7468,5877,17,23-08-2025,2
7534,1321,17,20-06-2025,2
7548,6417,17,05-08-2025,2
7755,7026,17,30-08-2025,2
7895,7267,17,14-12-2025,2
7967,6261,17,28-01-2025,2
8317,7375,17,26-12-2025,2
8328,7587,17,10-10-2025,2
8618,5733,17,20-06-2025,2
8688,3406,17,02-10-2025,2
8699,6675,17,31-07-2025,2
8704,309,17,07-06-2025,2
8719,2491,17,20-02-2025,2
8801,135,17,31-05-2025,2
9001,6087,17,24-05-2025,2
9335,1887,17,07-10-2025,2
9591,6680,17,09-02-2025,2
10387,6139,17,19-11-2025,2
10957,405,17,23-01-2025,2
11066,3628,17,04-02-2025,2
11256,6545,17,14-06-2025,2
11544,2790,17,15-06-2025,2
12081,1742,17,20-10-2025,2
12272,3856,17,28-09-2025,2
12310,2136,17,27-03-2025,2
12350,1704,17,02-07-2025,2
12513,435,17,19-02-2025,2
12542,7275,17,06-01-2025,2
12699,7521,17,14-11-2025,2
12877,864,17,07-04-2025,2
13082,3947,17,29-07-2025,2
13133,3403,17,06-12-2025,2
13337,6545,17,22-09-2025,2
13491,7330,17,18-02-2025,2
13586,5871,17,02-11-2025,2
13723,7470,17,22-03-2025,2
14012,2665,17,16-12-2025,2
14121,773,17,23-10-2025,2
14394,3533,17,03-02-2025,2
14510,823,17,15-04-2025,2
14694,6761,17,21-03-2025,2
14764,4715,17,02-07-2025,2
15126,1436,17,16-08-2025,2
15196,1013,17,22-03-2025,2
15269,5722,17,17-03-2025,2
15313,1052,17,12-02-2025,2
15355,3625,17,27-06-2025,2
15653,3719,17,06-09-2025,2
15766,6859,17,23-10-2025,2
15803,6730,17,08-12-2025,2
15807,477,17,18-12-2025,2
16057,4341,17,27-08-2025,2
16340,3002,17,09-11-2025,2
17155,2618,17,30-05-2025,2
17253,1229,17,12-02-2025,2
17819,6950,17,27-06-2025,2
18126,131,17,13-01-2025,2
18372,7730,17,26-07-2025,2
19151,952,17,13-12-2025,2
19194,7995,17,18-01-2025,2
19691,2073,17,06-02-2025,2
19822,6516,17,20-06-2025,2
20106,1173,17,21-11-2025,2
20516,1623,17,04-04-2025,2
20703,4565,17,15-03-2025,2
20779,7913,17,09-04-2025,2
20938,6787,17,30-03-2025,2
20957,5948,17,21-11-2025,2
21292,5724,17,05-10-2025,2
21950,407,17,31-03-2025,2
22146,4036,17,08-03-2025,2
22350,2438,17,07-05-2025,2
22444,7417,17,07-05-2025,2
22457,4661,17,12-04-2025,2
22624,1147,17,16-12-2025,2
22645,2323,17,05-12-2025,2
22755,7672,17,12-02-2025,2
22998,5068,17,09-03-2025,2
23051,977,17,15-10-2025,2
23087,1971,17,11-03-2025,2
23191,2702,17,13-08-2025,2
23388,4723,17,01-11-2025,2
23552,6423,17,09-07-2025,2
23589,1314,17,04-04-2025,2
24460,2373,17,26-01-2025,2
24490,1990,17,31-01-2025,2
24505,3986,17,26-02-2025,2
24786,695,17,29-10-2025,2
25039,4351,17,11-09-2025,2
25085,6201,17,23-09-2025,2
25188,748,17,09-07-2025,2
25390,204,17,03-05-2025,2
25540,3815,17,29-04-2025,2
26098,2573,17,20-04-2025,2
26461,4359,17,18-06-2025,2
26558,894,17,02-09-2025,2
26847,4841,17,13-03-2025,2
26958,7556,17,09-05-2025,2
26998,6190,17,18-01-2026,2
27647,1969,17,12-09-2025,2
27990,4948,17,26-04-2025,2
470,4924,6,09-11-2025,2
759,256,6,15-10-2025,2
896,3950,6,08-08-2025,2
911,1184,6,08-10-2025,2
1372,5619,6,02-04-2025,2
1418,1275,6,08-12-2025,2
1504,876,6,14-10-2025,2
1820,6739,6,03-07-2025,2
1953,4299,6,26-10-2025,2
1981,1614,6,03-04-2025,2
2590,893,6,12-01-2025,2
3534,7296,6,23-07-2025,2
3622,638,6,10-12-2025,2
3960,4868,6,27-10-2025,2
4065,4978,6,17-06-2025,2
4168,2486,6,26-07-2025,2
4239,6071,6,18-07-2025,2
4388,919,6,29-05-2025,2
4462,4913,6,09-03-2025,2
4696,5943,6,04-10-2025,2
4715,3267,6,30-01-2025,2
4851,6673,6,07-01-2025,2
5569,1772,6,23-10-2025,2
5592,3687,6,22-06-2025,2
5625,7031,6,21-07-2025,2
5772,4722,6,15-02-2025,2
5841,1361,6,18-09-2025,2
5897,2814,6,14-03-2025,2
5980,7577,6,14-12-2025,2
6069,6542,6,13-03-2025,2
6189,5615,6,11-01-2026,2
6292,3956,6,19-07-2025,2
6818,3020,6,10-06-2025,2
6841,3456,6,07-03-2025,2
6914,1622,6,14-03-2025,2
6941,2754,6,17-01-2025,2
7007,1961,6,21-01-2025,2
7230,7800,6,01-01-2025,2
7598,2831,6,13-08-2025,2
8041,3092,6,01-11-2025,2
8151,2672,6,26-02-2025,2
8177,3495,6,23-08-2025,2
8304,2138,6,05-06-2025,2
9397,7913,6,25-01-2025,2
9398,4950,6,21-12-2025,2
9657,6306,6,21-02-2025,2
9803,2774,6,11-07-2025,2
9929,999,6,01-09-2025,2
10046,322,6,08-06-2025,2
10071,3446,6,18-11-2025,2
10362,3305,6,18-05-2025,2
10419,1953,6,07-02-2025,2
10500,4264,6,11-05-2025,2
10543,3779,6,31-05-2025,2
10943,6572,6,27-02-2025,2
10952,7828,6,25-12-2025,2
10999,5405,6,01-04-2025,2
11745,5910,6,10-12-2025,2
11826,2594,6,26-12-2025,2
11929,896,6,28-03-2025,2
12201,5950,6,29-11-2025,2
12590,5460,6,04-12-2025,2
12683,6285,6,15-09-2025,2
12693,6045,6,26-04-2025,2
13225,298,6,23-09-2025,2
13276,419,6,25-02-2025,2
13346,5088,6,06-03-2025,2
13365,5146,6,16-04-2025,2
13447,5687,6,30-09-2025,2
13484,1893,6,13-01-2026,2
13525,2057,6,06-11-2025,2
13962,415,6,13-01-2025,2
14339,431,6,26-01-2025,2
14592,2936,6,21-08-2025,2
15300,165,6,07-04-2025,2
15490,1397,6,17-10-2025,2
15687,3176,6,06-06-2025,2
15720,3478,6,22-09-2025,2
15761,7319,6,01-04-2025,2
15843,1307,6,08-01-2026,2
15903,506,6,13-08-2025,2
16013,7872,6,11-02-2025,2
16428,430,6,24-09-2025,2
16522,3759,6,29-04-2025,2
16557,2608,6,04-08-2025,2
17016,5513,6,23-12-2025,2
17291,6382,6,03-11-2025,2
17563,3168,6,22-04-2025,2
17611,625,6,02-08-2025,2
17657,345,6,08-11-2025,2
17659,1758,6,07-09-2025,2
17684,4480,6,12-08-2025,2
17735,4878,6,02-08-2025,2
18302,3741,6,27-10-2025,2
18692,2763,6,12-10-2025,2
18858,5292,6,21-10-2025,2
18944,5002,6,26-07-2025,2
18991,4208,6,21-02-2025,2
19244,3443,6,27-04-2025,2
19318,1307,6,19-06-2025,2
19393,300,6,13-04-2025,2
19444,4550,6,02-11-2025,2
19739,5431,6,14-03-2025,2
19773,2456,6,27-10-2025,2
19819,6804,6,16-01-2026,2
19991,3538,6,08-01-2026,2
20360,5866,6,15-12-2025,2
20397,3489,6,27-03-2025,2
20795,7842,6,23-09-2025,2
21252,6590,6,23-10-2025,2
21283,2018,6,06-08-2025,2
21437,7309,6,05-01-2025,2
21733,1963,6,01-10-2025,2
22739,4351,6,01-07-2025,2
23033,1959,6,21-05-2025,2
23379,7041,6,21-10-2025,2
23457,3515,6,12-01-2025,2
23493,5423,6,10-09-2025,2
24167,7956,6,19-12-2025,2
24439,3214,6,05-01-2026,2
24486,1876,6,08-08-2025,2
24855,6146,6,06-02-2025,2
25102,7073,6,18-11-2025,2
25254,6208,6,10-01-2026,2
25577,1529,6,20-09-2025,2
25919,4449,6,11-11-2025,2
26207,6437,6,03-11-2025,2
26321,6154,6,22-08-2025,2
26647,3452,6,25-05-2025,2
26746,2205,6,09-05-2025,2
26913,3846,6,22-05-2025,2
27216,4570,6,03-01-2025,2
27514,4035,6,08-03-2025,2
27586,4457,6,14-01-2026,2
134,2733,15,23-03-2025,2
357,7658,15,19-08-2025,2
802,5615,15,05-08-2025,2
974,2606,15,24-04-2025,2
1122,3996,15,25-12-2025,2
1254,3366,15,30-01-2025,2
1624,6333,15,23-11-2025,2
1649,5378,15,30-06-2025,2
1970,2449,15,15-04-2025,2
2046,5265,15,26-01-2025,2
2130,4946,15,19-04-2025,2
2186,6574,15,28-04-2025,2
2321,2298,15,27-04-2025,2
2696,6904,15,17-01-2025,2
2927,1593,15,29-04-2025,2
3359,1545,15,14-06-2025,2
3783,800,15,16-03-2025,2
3817,3041,15,14-09-2025,2
4229,1837,15,07-01-2025,2
4347,5764,15,18-12-2025,2
4494,4988,15,07-06-2025,2
4628,7852,15,08-10-2025,2
5014,3616,15,29-05-2025,2
5088,3706,15,10-11-2025,2
5412,3486,15,04-09-2025,2
5630,429,15,31-05-2025,2
5646,3510,15,27-10-2025,2
5933,3004,15,19-09-2025,2
6144,1047,15,15-05-2025,2
6214,6823,15,18-02-2025,2
6744,993,15,31-12-2025,2
7163,4708,15,24-07-2025,2
7663,174,15,17-08-2025,2
7715,7523,15,12-08-2025,2
8209,5678,15,21-08-2025,2
8312,6560,15,31-10-2025,2
8448,2200,15,12-11-2025,2
9430,3785,15,10-07-2025,2
9496,6404,15,01-06-2025,2
9511,2471,15,19-06-2025,2
9889,6433,15,30-07-2025,2
10165,1589,15,10-04-2025,2
10680,6033,15,25-01-2025,2
10699,6205,15,19-04-2025,2
10912,2444,15,23-04-2025,2
11155,6829,15,18-02-2025,2
11218,5783,15,03-01-2025,2
11461,6685,15,06-09-2025,2
11631,2137,15,01-04-2025,2
11835,265,15,30-07-2025,2
11877,5931,15,21-08-2025,2
11966,5343,15,23-12-2025,2
12155,2281,15,28-07-2025,2
12673,1483,15,27-10-2025,2
13126,6752,15,21-11-2025,2
13754,7563,15,01-01-2026,2
13806,6908,15,16-07-2025,2
14099,7240,15,04-07-2025,2
14430,6301,15,23-08-2025,2
14432,7824,15,24-02-2025,2
14485,2419,15,08-10-2025,2
14571,2292,15,15-11-2025,2
15142,5797,15,09-07-2025,2
15168,5522,15,25-03-2025,2
15264,6755,15,21-07-2025,2
15339,7664,15,10-06-2025,2
15487,72,15,12-07-2025,2
16197,948,15,24-11-2025,2
16409,6754,15,16-01-2026,2
16526,1267,15,13-01-2025,2
16656,879,15,30-06-2025,2
16785,7022,15,17-12-2025,2
16864,6002,15,21-09-2025,2
16934,3312,15,18-03-2025,2
17438,5751,15,06-01-2025,2
17761,7706,15,21-03-2025,2
18028,4802,15,20-06-2025,2
18075,7556,15,14-01-2026,2
18161,7841,15,11-09-2025,2
18165,44,15,26-09-2025,2
18597,5599,15,11-04-2025,2
18749,6323,15,03-02-2025,2
18842,3716,15,26-01-2025,2
18995,3797,15,28-10-2025,2
19242,5681,15,19-04-2025,2
19260,3682,15,19-11-2025,2
19458,6805,15,31-05-2025,2
19740,3881,15,25-09-2025,2
20022,912,15,29-03-2025,2
20175,6733,15,09-01-2026,2
20185,6767,15,31-07-2025,2
20429,1284,15,11-05-2025,2
20528,3983,15,26-06-2025,2
21209,2670,15,12-07-2025,2
21210,6265,15,15-10-2025,2
21322,3279,15,23-12-2025,2
21475,4062,15,05-06-2025,2
21650,3256,15,10-06-2025,2
21922,3514,15,10-07-2025,2
22006,1692,15,26-12-2025,2
22204,2200,15,10-04-2025,2
22274,3758,15,13-04-2025,2
22298,6535,15,11-01-2025,2
22577,4257,15,18-04-2025,2
23091,2370,15,15-04-2025,2
23230,1684,15,16-03-2025,2
23336,4172,15,16-05-2025,2
23366,2408,15,05-05-2025,2
23476,2649,15,01-03-2025,2
23512,4127,15,24-06-2025,2
23748,3293,15,03-03-2025,2
23781,4094,15,10-01-2025,2
23949,1673,15,14-04-2025,2
24038,3323,15,30-01-2025,2
24072,5076,15,11-01-2026,2
24168,3512,15,24-03-2025,2
24223,147,15,18-12-2025,2
24805,5951,15,14-08-2025,2
24828,7212,15,31-12-2025,2
25041,7098,15,04-08-2025,2
25190,4911,15,23-08-2025,2
25221,1472,15,05-10-2025,2
25229,3038,15,15-09-2025,2
25447,269,15,10-08-2025,2
25957,4774,15,07-01-2025,2
26149,6235,15,20-04-2025,2
26412,3733,15,12-11-2025,2
26439,4187,15,24-04-2025,2
27057,1361,15,08-06-2025,2
27089,630,15,11-06-2025,2
27214,5220,15,29-12-2025,2
27497,949,15,26-04-2025,2
27608,7368,15,05-02-2025,2
27680,1938,15,08-08-2025,2
27838,5198,15,03-10-2025,2
27976,7876,15,19-08-2025,2
149,1011,2,23-12-2025,2
486,6849,2,18-01-2026,2
575,3830,2,13-10-2025,2
1073,3453,2,17-01-2025,2
1110,241,2,25-11-2025,2
1240,3657,2,22-01-2025,2
1302,1713,2,01-01-2026,2
1539,3687,2,02-06-2025,2
1906,1637,2,25-09-2025,2
1986,7621,2,04-08-2025,2
2526,529,2,07-06-2025,2
2706,334,2,10-02-2025,2
3030,4097,2,17-01-2025,2
3139,3322,2,02-01-2026,2
3192,1127,2,03-03-2025,2
3233,6616,2,02-01-2025,2
3294,1189,2,08-08-2025,2
3405,7763,2,26-10-2025,2
4080,144,2,30-04-2025,2
4289,5787,2,09-04-2025,2
4688,587,2,05-04-2025,2
4691,26,2,17-03-2025,2
4754,1183,2,02-01-2026,2
4800,3722,2,11-09-2025,2
4829,4316,2,13-05-2025,2
4857,2275,2,10-10-2025,2
5067,7554,2,09-10-2025,2
5117,3629,2,27-12-2025,2
5990,2465,2,18-06-2025,2
6089,4808,2,08-12-2025,2
6390,103,2,19-06-2025,2
6406,5718,2,15-11-2025,2
6420,2150,2,19-04-2025,2
6474,614,2,22-09-2025,2
6642,4207,2,30-06-2025,2
7225,4376,2,02-01-2026,2
7301,5687,2,14-09-2025,2
7486,1741,2,26-10-2025,2
7500,3153,2,25-01-2025,2
7873,3214,2,06-08-2025,2
7979,7542,2,28-02-2025,2
8193,3106,2,16-08-2025,2
8646,7741,2,14-10-2025,2
9062,7113,2,20-06-2025,2
9141,5442,2,05-05-2025,2
9282,6762,2,19-06-2025,2
9284,7591,2,18-03-2025,2
9500,236,2,04-03-2025,2
9527,3977,2,23-02-2025,2
9983,5148,2,24-07-2025,2
10063,240,2,06-02-2025,2
10171,6833,2,02-12-2025,2
10903,4765,2,09-05-2025,2
11503,373,2,18-05-2025,2
11546,2753,2,04-07-2025,2
11743,1107,2,22-12-2025,2
11838,7443,2,13-08-2025,2
11917,7123,2,12-02-2025,2
12093,7770,2,28-03-2025,2
12161,3450,2,31-03-2025,2
12581,6904,2,31-05-2025,2
12589,3249,2,19-12-2025,2
12647,7892,2,13-09-2025,2
12836,6370,2,03-10-2025,2
12901,4073,2,24-09-2025,2
13587,2799,2,18-04-2025,2
13664,7027,2,12-11-2025,2
13975,7090,2,12-10-2025,2
14030,5493,2,12-03-2025,2
14091,4765,2,05-11-2025,2
14124,1666,2,09-09-2025,2
14428,3433,2,28-07-2025,2
14785,4564,2,08-05-2025,2
15161,7195,2,09-01-2025,2
15280,4451,2,15-04-2025,2
15303,7494,2,06-09-2025,2
15559,1979,2,02-02-2025,2
15900,6462,2,10-04-2025,2
16163,4872,2,01-10-2025,2
16506,4874,2,05-01-2026,2
17140,901,2,17-11-2025,2
17256,5260,2,04-09-2025,2
17363,580,2,19-07-2025,2
17478,1041,2,22-09-2025,2
17631,2429,2,16-06-2025,2
17754,750,2,04-12-2025,2
17936,7384,2,11-01-2025,2
18068,5353,2,24-11-2025,2
18215,3589,2,16-04-2025,2
18650,31,2,22-09-2025,2
18998,1262,2,05-05-2025,2
19040,4088,2,12-07-2025,2
19162,7804,2,05-09-2025,2
19470,1079,2,19-11-2025,2
19592,5681,2,14-07-2025,2
19598,6665,2,16-08-2025,2
19681,143,2,28-03-2025,2
19772,4216,2,04-08-2025,2
19920,6391,2,02-06-2025,2
19989,6838,2,10-10-2025,2
20211,161,2,08-01-2026,2
20270,1591,2,05-06-2025,2
20583,6363,2,02-02-2025,2
20792,4503,2,02-10-2025,2
20803,6658,2,19-04-2025,2
20870,3057,2,22-05-2025,2
21400,5872,2,17-09-2025,2
21580,6770,2,19-05-2025,2
21848,2556,2,28-06-2025,2
21977,156,2,27-02-2025,2
22622,6493,2,21-08-2025,2
22786,1605,2,30-10-2025,2
22893,7783,2,08-11-2025,2
23316,2556,2,18-02-2025,2
23416,2124,2,18-07-2025,2
23740,3115,2,29-12-2025,2
23814,6619,2,19-06-2025,2
23930,3563,2,05-07-2025,2
24182,3151,2,23-01-2025,2
24270,2179,2,26-05-2025,2
24749,7602,2,10-09-2025,2
24797,5343,2,22-04-2025,2
24945,3486,2,19-09-2025,2
25158,5813,2,17-03-2025,2
25354,7943,2,17-12-2025,2
25368,553,2,30-05-2025,2
25635,1429,2,20-01-2025,2
25782,6428,2,05-10-2025,2
25848,7691,2,25-08-2025,2
26014,4168,2,27-09-2025,2
26310,1109,2,02-05-2025,2
27135,1485,2,14-07-2025,2
27252,4028,2,05-02-2025,2
27266,3696,2,29-03-2025,2
27333,2111,2,09-01-2025,2
27371,5596,2,30-01-2025,2
27420,6217,2,18-03-2025,2
17,5712,7,06-12-2025,2
446,833,7,07-04-2025,2
768,2951,7,12-10-2025,2
1159,7368,7,10-03-2025,2
1455,5941,7,24-09-2025,2
1544,4572,7,21-08-2025,2
1839,2706,7,12-03-2025,2
1922,2868,7,09-01-2025,2
1958,4902,7,16-12-2025,2
1960,3765,7,02-08-2025,2
2049,400,7,12-11-2025,2
2224,1685,7,03-09-2025,2
2315,4180,7,09-08-2025,2
2767,6898,7,02-07-2025,2
2795,775,7,24-08-2025,2
2937,917,7,05-03-2025,2
3271,2900,7,11-03-2025,2
3595,6235,7,03-10-2025,2
3699,1091,7,07-05-2025,2
4174,6742,7,22-08-2025,2
4265,1206,7,13-08-2025,2
4271,2490,7,20-03-2025,2
4466,6847,7,28-02-2025,2
4642,7578,7,02-11-2025,2
4960,6179,7,11-01-2026,2
5181,4303,7,18-09-2025,2
5326,7796,7,03-03-2025,2
5418,7536,7,26-06-2025,2
5692,5287,7,15-11-2025,2
5822,391,7,10-12-2025,2
6043,4012,7,19-05-2025,2
6147,382,7,10-06-2025,2
6359,1652,7,25-12-2025,2
6987,6087,7,04-09-2025,2
7095,6869,7,07-09-2025,2
7360,4520,7,29-10-2025,2
7366,6133,7,09-06-2025,2
7536,2097,7,02-07-2025,2
7602,3528,7,26-03-2025,2
7864,7997,7,05-06-2025,2
7913,2497,7,14-01-2026,2
8169,1070,7,03-01-2026,2
8202,6793,7,16-12-2025,2
8669,3425,7,06-10-2025,2
8803,1215,7,29-05-2025,2
8818,1279,7,14-06-2025,2
8919,6530,7,11-01-2025,2
9053,1907,7,07-11-2025,2
9560,7207,7,05-11-2025,2
9739,6780,7,23-08-2025,2
9831,5548,7,26-01-2025,2
9867,1415,7,10-03-2025,2
10346,1538,7,07-01-2025,2
10631,3632,7,17-04-2025,2
10823,6436,7,28-12-2025,2
10901,5729,7,08-06-2025,2
11212,3624,7,14-08-2025,2
11591,2313,7,02-10-2025,2
11605,5066,7,04-10-2025,2
11643,668,7,06-12-2025,2
11672,7659,7,25-01-2025,2
11947,2425,7,07-03-2025,2
11960,3570,7,13-10-2025,2
12147,5800,7,11-01-2026,2
12182,5163,7,26-08-2025,2
12245,7628,7,16-01-2025,2
12263,6831,7,26-10-2025,2
13699,5866,7,09-01-2025,2
14068,1680,7,24-10-2025,2
14074,456,7,18-09-2025,2
14421,3868,7,07-11-2025,2
14882,3949,7,04-03-2025,2
14916,1971,7,21-03-2025,2
15035,6615,7,20-05-2025,2
15045,3044,7,26-10-2025,2
15134,7515,7,10-11-2025,2
15155,4834,7,16-01-2025,2
15237,3737,7,07-08-2025,2
15698,7451,7,10-10-2025,2
15859,648,7,25-04-2025,2
15909,1250,7,24-03-2025,2
16090,6968,7,22-05-2025,2
16625,2296,7,05-03-2025,2
16750,6067,7,26-06-2025,2
17167,871,7,20-12-2025,2
17766,4397,7,08-12-2025,2
18610,7012,7,05-05-2025,2
18648,4044,7,11-07-2025,2
18732,1848,7,09-07-2025,2
18836,513,7,11-06-2025,2
19332,7476,7,15-12-2025,2
19775,3877,7,21-07-2025,2
20036,3170,7,11-01-2025,2
20451,4716,7,24-02-2025,2
20695,3778,7,23-11-2025,2
20725,1233,7,10-08-2025,2
20753,7524,7,31-01-2025,2
20891,4205,7,14-08-2025,2
21118,3876,7,30-05-2025,2
21165,6259,7,26-07-2025,2
21362,1003,7,18-05-2025,2
21461,3124,7,16-04-2025,2
21546,5035,7,28-03-2025,2
21664,1881,7,01-09-2025,2
22306,4500,7,19-06-2025,2
22507,1700,7,18-08-2025,2
22586,880,7,09-03-2025,2
22672,2058,7,01-03-2025,2
22757,3958,7,20-02-2025,2
22812,5965,7,01-08-2025,2
22927,5631,7,12-01-2026,2
23110,1428,7,07-05-2025,2
23145,977,7,06-03-2025,2
23170,5162,7,02-01-2026,2
23419,4906,7,07-05-2025,2
23674,6551,7,27-01-2025,2
23698,4013,7,27-10-2025,2
23705,6729,7,24-07-2025,2
23841,1005,7,04-01-2026,2
24286,6825,7,04-01-2025,2
24313,7996,7,02-01-2025,2
24381,7258,7,16-12-2025,2
24607,7910,7,24-12-2025,2
25172,1460,7,03-07-2025,2
25193,2838,7,04-06-2025,2
25278,2381,7,19-12-2025,2
25600,5679,7,25-01-2025,2
25808,2537,7,12-03-2025,2
26033,1837,7,19-06-2025,2
26459,769,7,03-08-2025,2
27228,258,7,01-10-2025,2
27259,1604,7,14-01-2026,2
27269,300,7,16-09-2025,2
27285,2324,7,07-07-2025,2
27360,2907,7,19-04-2025,2
27610,7253,7,26-07-2025,2
27660,4845,7,28-10-2025,2
27770,3155,7,30-10-2025,2
27997,3639,7,27-05-2025,2
124,5084,11,19-04-2025,2
150,3558,11,22-06-2025,2
190,5935,11,03-05-2025,2
207,5085,11,03-02-2025,2
355,2602,11,21-02-2025,2
714,5317,11,13-12-2025,2
878,6406,11,01-01-2025,2
1012,3453,11,14-07-2025,2
1137,5269,11,14-01-2025,2
1358,6784,11,25-01-2025,2
1359,6503,11,06-01-2026,2
1741,4095,11,12-01-2025,2
2041,3350,11,20-11-2025,2
2084,7450,11,29-10-2025,2
2334,6235,11,21-08-2025,2
2585,7446,11,24-02-2025,2
2663,4063,11,08-01-2025,2
2766,5729,11,31-01-2025,2
2791,4086,11,05-06-2025,2
3682,4120,11,17-01-2025,2
3760,4495,11,04-03-2025,2
4509,4861,11,31-03-2025,2
4534,4943,11,24-06-2025,2
5076,3195,11,05-05-2025,2
5099,6393,11,14-03-2025,2
5436,2,11,13-12-2025,2
5591,6105,11,07-01-2025,2
5731,4662,11,16-09-2025,2
5932,5516,11,02-06-2025,2
6068,5696,11,12-02-2025,2
6229,39,11,17-01-2026,2
6327,3430,11,05-05-2025,2
6536,4175,11,03-01-2025,2
6793,3833,11,27-07-2025,2
7370,5730,11,01-05-2025,2
7667,7015,11,06-01-2025,2
7747,4589,11,05-02-2025,2
8116,7711,11,08-04-2025,2
8442,3656,11,05-03-2025,2
8493,1080,11,25-08-2025,2
8572,1285,11,30-07-2025,2
8662,3113,11,14-04-2025,2
8707,3514,11,09-01-2025,2
9262,4611,11,19-05-2025,2
9592,1507,11,30-01-2025,2
9713,7706,11,30-12-2025,2
10062,165,11,15-02-2025,2
10104,4523,11,16-03-2025,2
10348,899,11,16-03-2025,2
10601,1112,11,18-11-2025,2
10698,3874,11,05-10-2025,2
11079,4991,11,05-12-2025,2
11394,902,11,26-05-2025,2
11647,2865,11,16-08-2025,2
11714,5195,11,19-09-2025,2
11789,3167,11,04-08-2025,2
11866,5013,11,17-05-2025,2
12373,3964,11,15-01-2025,2
12443,4915,11,26-07-2025,2
12704,710,11,02-03-2025,2
12849,4690,11,01-01-2026,2
13324,4250,11,04-12-2025,2
13356,4102,11,05-06-2025,2
13360,3030,11,04-11-2025,2
13427,7051,11,02-04-2025,2
14429,4652,11,15-10-2025,2
14875,1428,11,28-05-2025,2
15067,3934,11,23-09-2025,2
15265,2635,11,14-11-2025,2
15349,7740,11,07-04-2025,2
15537,4920,11,28-03-2025,2
15690,1069,11,06-02-2025,2
15922,255,11,13-09-2025,2
15931,1477,11,12-01-2025,2
15984,814,11,29-01-2025,2
16160,3342,11,10-03-2025,2
16369,2113,11,06-05-2025,2
16850,7958,11,22-03-2025,2
16916,1559,11,03-10-2025,2
17045,5919,11,21-02-2025,2
17081,4019,11,30-11-2025,2
17119,7913,11,10-11-2025,2
17323,7426,11,05-03-2025,2
17783,3313,11,06-10-2025,2
17876,3500,11,03-07-2025,2
18052,2429,11,08-03-2025,2
18269,2403,11,06-01-2026,2
18697,6513,11,15-12-2025,2
18719,7450,11,07-05-2025,2
18857,2537,11,02-07-2025,2
19239,1324,11,30-05-2025,2
19737,2464,11,17-10-2025,2
19992,3321,11,02-03-2025,2
20019,2208,11,22-11-2025,2
20179,2952,11,20-03-2025,2
20308,6625,11,24-06-2025,2
20349,1500,11,30-04-2025,2
20362,2096,11,04-06-2025,2
20478,7830,11,27-06-2025,2
20506,5907,11,18-07-2025,2
20634,7935,11,28-09-2025,2
20655,2642,11,19-12-2025,2
20665,1186,11,08-11-2025,2
21001,7062,11,10-03-2025,2
21708,266,11,17-05-2025,2
21726,7672,11,22-02-2025,2
22096,3670,11,01-07-2025,2
22115,2008,11,15-12-2025,2
22413,390,11,09-06-2025,2
22938,6860,11,23-02-2025,2
22943,1173,11,25-06-2025,2
22968,3030,11,17-10-2025,2
23243,4773,11,15-01-2026,2
23313,2220,11,13-05-2025,2
23539,7996,11,04-01-2026,2
23914,3717,11,20-08-2025,2
23956,3094,11,05-07-2025,2
24012,1051,11,27-01-2025,2
24151,2582,11,05-06-2025,2
24194,7703,11,03-12-2025,2
24338,3742,11,08-03-2025,2
24342,2976,11,29-07-2025,2
24719,2885,11,03-07-2025,2
24747,4867,11,30-10-2025,2
25048,865,11,18-11-2025,2
25283,6699,11,24-10-2025,2
25546,3590,11,16-05-2025,2
25667,4828,11,31-08-2025,2
25791,3392,11,15-12-2025,2
26316,6861,11,27-12-2025,2
26327,1239,11,06-12-2025,2
26509,6011,11,24-02-2025,2
26664,4888,11,19-07-2025,2
26667,5594,11,11-08-2025,2
26691,550,11,14-01-2026,2
26853,7254,11,03-09-2025,2
27235,5931,11,22-10-2025,2
27921,5684,11,13-02-2025,2
27975,2691,11,30-09-2025,2
177,2443,21,16-10-2025,2
255,69,21,31-01-2025,2
680,2064,21,31-07-2025,2
701,1334,21,22-06-2025,2
853,1731,21,27-04-2025,2
886,3392,21,07-12-2025,2
1126,6073,21,27-07-2025,2
1186,3825,21,08-06-2025,2
2200,7685,21,11-08-2025,2
2373,6248,21,04-09-2025,2
2575,4303,21,16-07-2025,2
2586,6493,21,02-01-2025,2
2716,6127,21,16-02-2025,2
2752,7383,21,27-05-2025,2
2779,1847,21,28-07-2025,2
2854,5570,21,13-02-2025,2
3026,7425,21,13-09-2025,2
3118,4020,21,13-09-2025,2
3547,2583,21,10-08-2025,2
3710,2901,21,11-03-2025,2
3981,4392,21,07-01-2026,2
4085,5650,21,29-12-2025,2
4498,6267,21,27-10-2025,2
4548,3805,21,10-11-2025,2
4724,223,21,27-11-2025,2
4741,1489,21,09-05-2025,2
4782,252,21,23-07-2025,2
5078,1684,21,14-11-2025,2
5183,6415,21,22-08-2025,2
5184,4149,21,17-11-2025,2
5320,6036,21,28-04-2025,2
5404,7546,21,12-05-2025,2
5887,656,21,23-02-2025,2
6125,5751,21,28-02-2025,2
6444,2072,21,13-12-2025,2
6693,5365,21,06-03-2025,2
6949,1641,21,23-06-2025,2
7072,513,21,12-06-2025,2
7385,4543,21,20-04-2025,2
7498,6001,21,03-11-2025,2
7999,4253,21,07-09-2025,2
8081,4830,21,31-05-2025,2
8351,4807,21,06-07-2025,2
8577,5118,21,02-07-2025,2
8869,2955,21,11-10-2025,2
9425,5569,21,15-02-2025,2
9723,4791,21,07-10-2025,2
9932,7665,21,16-09-2025,2
10048,531,21,24-09-2025,2
10452,4678,21,17-05-2025,2
10570,4950,21,28-06-2025,2
10651,2256,21,02-02-2025,2
10679,5940,21,29-11-2025,2
10788,2040,21,05-11-2025,2
10878,5214,21,07-01-2025,2
10964,4816,21,08-12-2025,2
11390,3044,21,18-10-2025,2
11475,1830,21,17-11-2025,2
11602,6889,21,22-06-2025,2
11888,3412,21,30-07-2025,2
11981,1723,21,15-02-2025,2
12740,6880,21,11-11-2025,2
12758,3932,21,26-09-2025,2
12779,1247,21,28-04-2025,2
12974,7022,21,28-08-2025,2
13057,6168,21,27-08-2025,2
13076,5357,21,08-08-2025,2
13300,2034,21,05-07-2025,2
13716,5486,21,11-01-2026,2
13774,7673,21,03-01-2025,2
14125,49,21,23-10-2025,2
14323,2048,21,13-12-2025,2
14340,1995,21,21-05-2025,2
14415,6211,21,05-03-2025,2
14669,4033,21,09-12-2025,2
15218,6698,21,20-04-2025,2
15534,4018,21,27-09-2025,2
15568,1891,21,27-06-2025,2
15724,1449,21,19-02-2025,2
15880,6992,21,20-01-2025,2
15893,5165,21,24-03-2025,2
16003,4493,21,20-11-2025,2
16010,6233,21,09-05-2025,2
16200,247,21,12-12-2025,2
16242,4512,21,12-07-2025,2
16318,1190,21,11-06-2025,2
16364,6456,21,15-05-2025,2
16529,5827,21,27-10-2025,2
16741,7688,21,18-01-2026,2
16790,3900,21,06-09-2025,2
16819,4877,21,19-02-2025,2
17142,5895,21,28-09-2025,2
17341,1838,21,07-03-2025,2
17587,1008,21,22-05-2025,2
18080,3622,21,02-07-2025,2
18226,6015,21,21-12-2025,2
18232,7453,21,02-08-2025,2
18383,5948,21,08-12-2025,2
18838,4067,21,01-08-2025,2
19070,994,21,18-11-2025,2
19391,4479,21,02-04-2025,2
19685,4405,21,11-02-2025,2
20050,5015,21,30-11-2025,2
20104,3583,21,02-05-2025,2
20138,3843,21,25-11-2025,2
20241,5702,21,15-01-2026,2
20351,5985,21,15-02-2025,2
20497,2646,21,02-08-2025,2
20851,2987,21,28-04-2025,2
21063,3504,21,08-07-2025,2
21349,5935,21,20-10-2025,2
21592,28,21,31-05-2025,2
21712,1109,21,08-05-2025,2
21962,6106,21,25-04-2025,2
22029,6123,21,27-07-2025,2
22055,5755,21,22-08-2025,2
22450,7754,21,13-03-2025,2
22581,88,21,04-04-2025,2
23398,2704,21,24-04-2025,2
23595,519,21,09-07-2025,2
23616,542,21,18-01-2026,2
23916,5096,21,24-06-2025,2
24131,4081,21,31-07-2025,2
24926,6179,21,08-09-2025,2
25008,22,21,26-06-2025,2
25511,7424,21,30-04-2025,2
25620,3120,21,10-07-2025,2
26209,7506,21,17-07-2025,2
26244,1721,21,23-10-2025,2
26855,7153,21,12-02-2025,2
26898,6514,21,05-12-2025,2
27117,3862,21,19-06-2025,2
27424,223,21,26-11-2025,2
27443,7811,21,23-04-2025,2
27498,609,21,07-11-2025,2
27615,3442,21,26-05-2025,2
27815,4852,21,13-10-2025,2
27879,7720,21,11-08-2025,2
27977,6351,21,10-01-2025,2
27980,5595,21,10-06-2025,2
141,2620,22,22-06-2025,2
301,3025,22,06-04-2025,2
783,847,22,18-05-2025,2
969,4343,22,23-04-2025,2
1398,2276,22,29-10-2025,2
1423,1726,22,31-05-2025,2
1561,2221,22,26-12-2025,2
2090,2875,22,03-09-2025,2
2307,7883,22,14-09-2025,2
2610,2718,22,26-04-2025,2
2722,2619,22,26-03-2025,2
2969,6081,22,08-05-2025,2
3104,6394,22,17-09-2025,2
3216,6829,22,05-12-2025,2
3275,5809,22,28-07-2025,2
3406,2942,22,10-11-2025,2
3535,4134,22,24-07-2025,2
3549,2711,22,07-11-2025,2
3788,4516,22,25-04-2025,2
3834,7491,22,17-09-2025,2
3866,7608,22,19-05-2025,2
3938,3175,22,04-02-2025,2
4067,4079,22,13-12-2025,2
4084,938,22,11-04-2025,2
4614,2441,22,05-05-2025,2
4793,6217,22,12-07-2025,2
4884,4903,22,21-01-2025,2
5332,3235,22,30-01-2025,2
5497,2165,22,27-12-2025,2
6009,473,22,08-10-2025,2
6404,4107,22,20-02-2025,2
6881,7340,22,19-11-2025,2
7009,4642,22,20-02-2025,2
7255,1153,22,18-12-2025,2
7497,3197,22,26-04-2025,2
7956,2450,22,25-09-2025,2
8036,729,22,14-01-2026,2
8047,729,22,16-10-2025,2
8097,7111,22,03-11-2025,2
8213,7999,22,09-01-2026,2
8664,4849,22,12-02-2025,2
9099,7501,22,14-07-2025,2
9208,6984,22,11-02-2025,2
9352,4198,22,20-07-2025,2
9687,367,22,14-11-2025,2
9971,6165,22,05-09-2025,2
9974,3692,22,25-04-2025,2
10155,7879,22,03-04-2025,2
10158,4813,22,19-05-2025,2
10178,5178,22,28-02-2025,2
10271,3703,22,04-11-2025,2
10347,3776,22,21-11-2025,2
10549,5237,22,15-01-2026,2
10690,1948,22,02-04-2025,2
10832,933,22,23-10-2025,2
10835,3740,22,24-04-2025,2
10965,3194,22,25-03-2025,2
11115,4756,22,14-08-2025,2
11149,1607,22,15-05-2025,2
11150,6802,22,09-01-2025,2
11345,3310,22,24-09-2025,2
11620,7623,22,15-02-2025,2
11703,1838,22,23-09-2025,2
12571,2485,22,25-06-2025,2
12621,7229,22,03-01-2026,2
12666,5834,22,17-07-2025,2
12722,5365,22,08-03-2025,2
12804,6756,22,11-12-2025,2
12806,3602,22,16-01-2026,2
13089,5601,22,13-01-2025,2
13135,6232,22,15-03-2025,2
13553,2881,22,15-04-2025,2
13928,4598,22,08-09-2025,2
14049,5805,22,08-07-2025,2
14152,6980,22,01-09-2025,2
14271,1323,22,01-12-2025,2
14279,6992,22,30-08-2025,2
14442,2164,22,22-04-2025,2
15287,4052,22,04-08-2025,2
15371,438,22,14-04-2025,2
16290,4008,22,27-04-2025,2
17202,4178,22,18-12-2025,2
17475,7537,22,17-10-2025,2
17851,4478,22,08-01-2026,2
17892,4844,22,04-11-2025,2
18213,937,22,17-03-2025,2
18268,2479,22,02-03-2025,2
18294,3337,22,21-03-2025,2
18317,2386,22,11-12-2025,2
18644,768,22,31-10-2025,2
18709,281,22,10-01-2025,2
18716,5322,22,27-03-2025,2
18880,1703,22,09-01-2025,2
19560,6536,22,13-04-2025,2
19629,5409,22,13-05-2025,2
19892,6757,22,08-01-2026,2
20046,3525,22,29-10-2025,2
20130,7990,22,07-03-2025,2
20264,4767,22,10-01-2026,2
20713,905,22,08-06-2025,2
21064,1017,22,23-09-2025,2
21127,1452,22,09-11-2025,2
21145,1989,22,23-09-2025,2
21183,4124,22,27-04-2025,2
21454,3166,22,18-12-2025,2
21807,1429,22,07-02-2025,2
22160,1805,22,21-05-2025,2
22322,216,22,06-11-2025,2
22411,1353,22,13-12-2025,2
22494,7792,22,02-08-2025,2
22710,4141,22,21-12-2025,2
22748,5563,22,11-05-2025,2
22880,3153,22,01-09-2025,2
23171,6506,22,20-07-2025,2
23807,1632,22,03-01-2025,2
23868,7437,22,18-02-2025,2
23937,1121,22,13-09-2025,2
24435,3923,22,07-08-2025,2
24442,2133,22,30-03-2025,2
24519,3588,22,31-12-2025,2
24558,5953,22,04-08-2025,2
24908,6486,22,01-04-2025,2
25135,5428,22,30-06-2025,2
25341,7224,22,10-05-2025,2
25594,745,22,30-08-2025,2
25606,6207,22,18-04-2025,2
25745,6780,22,04-10-2025,2
26146,3893,22,07-03-2025,2
26342,5549,22,09-12-2025,2
26401,1539,22,17-01-2025,2
26480,6716,22,27-08-2025,2
26492,5515,22,19-11-2025,2
26551,1316,22,27-03-2025,2
26671,7905,22,31-10-2025,2
26727,2963,22,11-11-2025,2
27064,2157,22,03-10-2025,2
27226,6575,22,15-01-2025,2
27248,1098,22,15-12-2025,2
27300,3595,22,08-02-2025,2
27967,5553,22,18-11-2025,2
365,5224,9,03-10-2025,2
532,1110,9,18-04-2025,2
541,438,9,18-08-2025,2
664,7824,9,21-03-2025,2
709,7048,9,29-01-2025,2
789,250,9,08-05-2025,2
928,4349,9,15-02-2025,2
1154,3615,9,09-02-2025,2
1251,5793,9,05-07-2025,2
1323,1323,9,22-12-2025,2
1520,6176,9,18-07-2025,2
1582,2579,9,13-07-2025,2
1588,2426,9,10-10-2025,2
1813,5910,9,23-07-2025,2
2579,7306,9,08-09-2025,2
2597,1805,9,06-09-2025,2
2782,7046,9,13-03-2025,2
2810,7646,9,28-06-2025,2
3436,4833,9,26-10-2025,2
3803,2440,9,24-11-2025,2
3939,7434,9,23-08-2025,2
3956,4354,9,15-07-2025,2
3977,611,9,14-02-2025,2
4023,1341,9,16-10-2025,2
4056,147,9,25-06-2025,2
4120,6688,9,23-02-2025,2
4136,1099,9,30-07-2025,2
4144,3429,9,13-08-2025,2
4217,6699,9,12-01-2025,2
4616,3531,9,12-01-2026,2
4901,7584,9,30-04-2025,2
5013,1214,9,25-05-2025,2
5122,5144,9,24-10-2025,2
5277,5795,9,27-05-2025,2
5330,3455,9,31-12-2025,2
5381,7523,9,17-10-2025,2
5718,896,9,16-01-2025,2
5779,6600,9,06-08-2025,2
5975,3002,9,28-04-2025,2
6027,3639,9,15-10-2025,2
6554,3772,9,10-03-2025,2
6572,1528,9,05-09-2025,2
6623,7457,9,20-03-2025,2
6732,2120,9,22-03-2025,2
6754,1591,9,04-01-2026,2
6892,3581,9,13-04-2025,2
6908,7572,9,06-06-2025,2
6955,3545,9,20-07-2025,2
7019,7867,9,24-10-2025,2
7216,4090,9,11-11-2025,2
7286,228,9,23-10-2025,2
7780,7852,9,18-03-2025,2
8103,4066,9,30-10-2025,2
8311,6729,9,11-10-2025,2
8347,7831,9,02-05-2025,2
8655,2123,9,06-06-2025,2
9086,6184,9,05-03-2025,2
9451,5980,9,29-01-2025,2
9525,5478,9,28-05-2025,2
9721,3249,9,25-10-2025,2
9972,5712,9,19-10-2025,2
9988,5959,9,24-03-2025,2
10132,350,9,07-01-2026,2
10459,7436,9,08-03-2025,2
10577,2163,9,15-11-2025,2
11531,7233,9,03-09-2025,2
11564,4696,9,16-12-2025,2
11578,1029,9,28-06-2025,2
12010,2584,9,11-11-2025,2
12303,570,9,22-12-2025,2
12468,3530,9,05-07-2025,2
12527,2069,9,18-12-2025,2
12558,1417,9,29-06-2025,2
12785,6117,9,25-08-2025,2
12925,1262,9,23-04-2025,2
12929,2886,9,08-02-2025,2
12976,2338,9,22-03-2025,2
13106,6645,9,16-08-2025,2
13486,4377,9,15-10-2025,2
13765,1151,9,13-10-2025,2
13998,911,9,15-01-2026,2
14126,5485,9,11-01-2025,2
14381,3411,9,14-02-2025,2
14567,213,9,31-10-2025,2
14847,5757,9,14-04-2025,2
15488,3693,9,19-03-2025,2
15677,5810,9,06-09-2025,2
15822,6068,9,10-05-2025,2
15914,917,9,27-11-2025,2
16083,2926,9,16-07-2025,2
16460,4624,9,31-08-2025,2
16673,2974,9,21-12-2025,2
17301,2093,9,28-12-2025,2
17461,3289,9,27-11-2025,2
17497,4464,9,12-03-2025,2
17635,2516,9,30-07-2025,2
17663,1738,9,07-09-2025,2
17741,806,9,14-03-2025,2
18131,6148,9,20-03-2025,2
18337,5053,9,12-07-2025,2
18401,6028,9,23-03-2025,2
18435,1298,9,04-06-2025,2
18495,835,9,15-10-2025,2
18767,2092,9,16-01-2025,2
18798,4700,9,22-05-2025,2
18978,6864,9,02-03-2025,2
19018,2483,9,12-09-2025,2
19269,2594,9,23-01-2025,2
19423,7106,9,23-06-2025,2
19523,2596,9,08-11-2025,2
20027,1338,9,09-10-2025,2
20074,7003,9,28-11-2025,2
20664,1150,9,28-12-2025,2
20786,7761,9,05-05-2025,2
20830,5621,9,01-03-2025,2
21686,7245,9,06-04-2025,2
21921,1641,9,21-10-2025,2
22397,2835,9,19-05-2025,2
22509,7577,9,05-07-2025,2
22524,1886,9,08-03-2025,2
22811,117,9,06-10-2025,2
23337,7805,9,09-01-2025,2
23397,330,9,27-07-2025,2
24080,1326,9,11-05-2025,2
24105,5825,9,13-11-2025,2
24123,7466,9,07-04-2025,2
24340,416,9,22-01-2025,2
24706,7629,9,03-01-2026,2
24724,1873,9,16-12-2025,2
25061,1127,9,01-05-2025,2
25235,7637,9,10-08-2025,2
25621,3262,9,03-12-2025,2
26123,2675,9,10-02-2025,2
26234,3939,9,04-06-2025,2
26813,3633,9,28-06-2025,2
26894,5480,9,12-01-2025,2
27143,1468,9,07-08-2025,2
27197,7273,9,27-06-2025,2
27213,4284,9,21-01-2025,2
27432,5281,9,06-08-2025,2
27857,565,9,19-09-2025,2
179,5386,24,03-01-2025,2
328,805,24,27-06-2025,2
611,3986,24,18-12-2025,2
1660,6347,24,07-09-2025,2
1756,3906,24,29-07-2025,2
1909,5840,24,17-09-2025,2
2025,6411,24,02-08-2025,2
2100,1111,24,13-04-2025,2
2150,4659,24,26-07-2025,2
2197,1551,24,01-11-2025,2
2395,1262,24,11-06-2025,2
2650,3977,24,13-09-2025,2
3085,1244,24,03-01-2025,2
4123,1702,24,24-12-2025,2
4290,5270,24,15-04-2025,2
4612,6276,24,31-01-2025,2
5134,7426,24,03-02-2025,2
5236,874,24,27-01-2025,2
5297,5029,24,03-11-2025,2
5754,4933,24,25-08-2025,2
5824,3890,24,23-08-2025,2
6202,249,24,05-07-2025,2
6560,3415,24,05-01-2025,2
6646,6106,24,07-04-2025,2
6799,2394,24,22-01-2025,2
6873,1323,24,23-11-2025,2
6927,5587,24,20-09-2025,2
7574,5625,24,31-07-2025,2
7693,6438,24,08-03-2025,2
7711,1287,24,25-05-2025,2
8059,5061,24,04-10-2025,2
8272,6821,24,16-07-2025,2
8553,4222,24,21-07-2025,2
8733,2694,24,17-01-2025,2
8946,6481,24,19-12-2025,2
8997,6446,24,13-03-2025,2
9104,1858,24,20-06-2025,2
9271,7863,24,26-08-2025,2
9699,4593,24,07-01-2025,2
10140,3643,24,04-04-2025,2
10609,2327,24,24-11-2025,2
10638,5144,24,21-04-2025,2
10902,138,24,17-12-2025,2
11536,4731,24,07-02-2025,2
11584,2393,24,28-07-2025,2
11639,5953,24,23-10-2025,2
11669,6192,24,08-12-2025,2
11849,1538,24,18-01-2026,2
12311,4824,24,27-06-2025,2
12333,6147,24,24-02-2025,2
12444,191,24,24-04-2025,2
13238,512,24,23-07-2025,2
13753,1018,24,27-04-2025,2
13860,4185,24,02-07-2025,2
13887,6388,24,19-11-2025,2
13913,7002,24,03-07-2025,2
13999,1825,24,12-10-2025,2
14100,4882,24,20-05-2025,2
14275,4858,24,06-12-2025,2
14676,7236,24,22-02-2025,2
14904,7600,24,05-01-2025,2
14948,6359,24,31-03-2025,2
15194,3600,24,04-10-2025,2
15707,1464,24,03-01-2025,2
15768,1390,24,28-12-2025,2
15941,786,24,14-03-2025,2
15952,3195,24,11-08-2025,2
16892,5669,24,19-12-2025,2
17131,7360,24,08-01-2026,2
17145,6643,24,21-12-2025,2
17209,7399,24,02-04-2025,2
17361,3272,24,30-06-2025,2
17417,2097,24,25-04-2025,2
17535,6280,24,30-01-2025,2
17673,4909,24,17-11-2025,2
17821,2383,24,31-10-2025,2
17834,4319,24,30-12-2025,2
17990,5176,24,29-03-2025,2
18208,3259,24,16-08-2025,2
18332,2277,24,11-01-2026,2
18475,3015,24,18-08-2025,2
18691,5923,24,03-06-2025,2
19257,4066,24,02-04-2025,2
19320,410,24,03-09-2025,2
19576,1568,24,07-03-2025,2
19812,3808,24,06-08-2025,2
19838,2980,24,10-04-2025,2
20083,3358,24,27-11-2025,2
20352,7439,24,28-02-2025,2
20420,4110,24,19-06-2025,2
20437,1429,24,02-07-2025,2
20510,7681,24,15-01-2026,2
20704,3721,24,09-10-2025,2
21189,3448,24,23-03-2025,2
21458,4200,24,12-12-2025,2
21473,5661,24,26-08-2025,2
21827,7657,24,20-03-2025,2
21897,6158,24,29-12-2025,2
22007,5665,24,09-02-2025,2
22190,2833,24,27-11-2025,2
22339,447,24,26-02-2025,2
22721,5814,24,14-12-2025,2
22881,555,24,05-10-2025,2
22952,2449,24,06-10-2025,2
22953,7255,24,23-09-2025,2
23089,1335,24,11-10-2025,2
23123,7223,24,30-09-2025,2
23229,4317,24,21-10-2025,2
23537,695,24,17-02-2025,2
23670,1126,24,09-04-2025,2
23714,3513,24,17-06-2025,2
23725,5417,24,05-01-2025,2
23765,4112,24,03-01-2025,2
23871,6800,24,10-08-2025,2
23922,3754,24,13-04-2025,2
24149,2707,24,04-11-2025,2
24282,865,24,28-09-2025,2
24445,6761,24,09-11-2025,2
24556,5684,24,08-11-2025,2
24630,3595,24,20-04-2025,2
24740,188,24,31-10-2025,2
25056,627,24,16-01-2026,2
25260,5210,24,02-02-2025,2
25407,4056,24,21-09-2025,2
25754,7176,24,01-08-2025,2
25950,5548,24,06-05-2025,2
26410,7285,24,25-08-2025,2
26427,3253,24,15-02-2025,2
26537,816,24,15-11-2025,2
26750,7299,24,04-12-2025,2
26756,1391,24,09-01-2025,2
26808,7262,24,18-03-2025,2
26887,3284,24,15-11-2025,2
27029,4943,24,19-01-2025,2
27106,5708,24,01-08-2025,2
27275,1317,24,23-06-2025,2
27473,6981,24,07-06-2025,2
27523,6173,24,06-01-2025,2
27621,763,24,06-03-2025,2
27710,2075,24,31-07-2025,2
27741,2954,24,27-03-2025,2
66,413,20,10-10-2025,2
155,6138,20,20-06-2025,2
164,2549,20,01-02-2025,2
436,40,20,26-01-2025,2
711,2790,20,29-03-2025,2
748,6552,20,12-09-2025,2
784,3141,20,20-03-2025,2
926,6458,20,03-11-2025,2
943,5388,20,09-02-2025,2
1121,3223,20,02-04-2025,2
1411,5119,20,05-10-2025,2
1630,5826,20,25-01-2025,2
1768,6737,20,03-03-2025,2
2066,3080,20,22-06-2025,2
2555,1627,20,31-08-2025,2
2801,7392,20,14-09-2025,2
2867,3942,20,21-07-2025,2
2895,3500,20,05-07-2025,2
3078,4218,20,09-05-2025,2
3090,4651,20,09-05-2025,2
3108,411,20,21-08-2025,2
3143,2758,20,02-01-2025,2
3337,5801,20,17-04-2025,2
3444,1890,20,09-11-2025,2
3690,2778,20,09-04-2025,2
3785,7774,20,20-03-2025,2
3820,3267,20,24-03-2025,2
3910,1529,20,17-05-2025,2
3982,2812,20,06-02-2025,2
4183,205,20,28-08-2025,2
4333,6146,20,04-05-2025,2
4602,2353,20,12-03-2025,2
4680,2139,20,08-12-2025,2
4838,822,20,28-02-2025,2
5077,2648,20,23-06-2025,2
5313,2034,20,26-11-2025,2
5479,2159,20,24-07-2025,2
6129,7453,20,01-08-2025,2
6273,6219,20,07-04-2025,2
6325,3126,20,10-10-2025,2
6975,135,20,07-12-2025,2
7865,7198,20,18-01-2026,2
8165,3048,20,01-11-2025,2
8188,7200,20,12-05-2025,2
8324,1874,20,05-07-2025,2
8650,3150,20,19-07-2025,2
8673,2439,20,29-11-2025,2
8915,6081,20,13-04-2025,2
9354,4413,20,29-05-2025,2
9607,2072,20,11-02-2025,2
9627,2798,20,15-11-2025,2
10136,2894,20,07-01-2026,2
10355,6766,20,22-01-2025,2
10359,3542,20,30-07-2025,2
10516,2651,20,28-03-2025,2
10730,2715,20,05-03-2025,2
11131,7955,20,09-12-2025,2
11143,2060,20,26-03-2025,2
11425,28,20,13-04-2025,2
11436,2112,20,05-08-2025,2
11784,5558,20,10-01-2025,2
11819,33,20,25-04-2025,2
11858,1973,20,15-06-2025,2
12041,676,20,11-01-2025,2
12300,6316,20,05-03-2025,2
12313,5213,20,28-08-2025,2
12344,4678,20,09-10-2025,2
12449,1124,20,23-05-2025,2
12630,3415,20,26-09-2025,2
12633,4386,20,13-03-2025,2
13415,5714,20,14-11-2025,2
13584,4998,20,18-07-2025,2
13851,6726,20,06-11-2025,2
13995,3028,20,19-03-2025,2
14397,2767,20,11-10-2025,2
14648,3491,20,19-07-2025,2
14922,4976,20,27-03-2025,2
15182,5206,20,07-12-2025,2
15314,7722,20,25-06-2025,2
15839,719,20,28-04-2025,2
15874,7796,20,26-01-2025,2
16077,3808,20,06-11-2025,2
16159,4420,20,29-03-2025,2
16196,3585,20,12-05-2025,2
16351,2535,20,17-10-2025,2
16379,3732,20,22-12-2025,2
16507,2039,20,11-09-2025,2
16803,6264,20,25-08-2025,2
16869,3972,20,02-01-2026,2
17181,1789,20,13-04-2025,2
17576,7964,20,03-01-2025,2
17753,6121,20,30-08-2025,2
18090,7842,20,15-07-2025,2
18606,4291,20,03-06-2025,2
18685,7387,20,30-11-2025,2
19077,3894,20,14-04-2025,2
19158,2000,20,08-12-2025,2
19387,7173,20,14-11-2025,2
19566,986,20,25-05-2025,2
19747,1432,20,20-02-2025,2
19924,6814,20,27-01-2025,2
20281,96,20,08-11-2025,2
20800,908,20,31-01-2025,2
20829,5526,20,28-09-2025,2
20939,859,20,21-06-2025,2
21302,3507,20,01-11-2025,2
21364,4961,20,31-07-2025,2
21502,3990,20,29-04-2025,2
21549,2429,20,12-01-2026,2
21617,2636,20,09-11-2025,2
21731,2250,20,22-05-2025,2
22410,7025,20,18-07-2025,2
22421,5021,20,10-02-2025,2
22508,3625,20,30-10-2025,2
22910,3966,20,22-03-2025,2
22978,3675,20,18-11-2025,2
22991,2966,20,27-04-2025,2
23134,2971,20,03-03-2025,2
23183,7374,20,19-12-2025,2
23199,6057,20,23-11-2025,2
23423,5863,20,17-11-2025,2
23713,7562,20,10-01-2026,2
23793,5068,20,22-03-2025,2
24134,596,20,22-11-2025,2
24382,6146,20,21-03-2025,2
24529,7060,20,26-02-2025,2
24605,6076,20,09-06-2025,2
24622,3914,20,14-11-2025,2
24961,231,20,07-05-2025,2
25325,4788,20,15-07-2025,2
25350,5424,20,18-06-2025,2
25352,461,20,09-07-2025,2
25491,7131,20,18-12-2025,2
25882,1445,20,20-03-2025,2
26195,6621,20,14-09-2025,2
26236,5278,20,05-02-2025,2
26529,81,20,03-10-2025,2
26607,1606,20,24-11-2025,2
27071,1916,20,18-08-2025,2
27179,3884,20,24-05-2025,2
27683,6003,20,04-04-2025,2
29,3727,14,03-01-2026,2
47,3799,14,10-04-2025,2
335,2243,14,14-12-2025,2
495,374,14,01-01-2026,2
644,6883,14,08-01-2025,2
716,2228,14,06-10-2025,2
1004,5300,14,21-08-2025,2
1263,1513,14,24-09-2025,2
1807,2214,14,24-06-2025,2
2027,3747,14,19-01-2025,2
2075,7484,14,18-06-2025,2
2114,1462,14,07-01-2025,2
2748,172,14,03-11-2025,2
2824,6736,14,14-08-2025,2
2878,4975,14,27-01-2025,2
3464,6310,14,20-04-2025,2
3474,4753,14,02-08-2025,2
3602,3009,14,23-02-2025,2
3858,963,14,08-03-2025,2
4076,5070,14,18-06-2025,2
4378,947,14,06-11-2025,2
4764,7696,14,26-08-2025,2
5089,2983,14,22-11-2025,2
5322,6032,14,24-06-2025,2
5640,5243,14,02-05-2025,2
6079,2718,14,14-02-2025,2
6107,4184,14,20-12-2025,2
6417,5363,14,28-04-2025,2
6447,3058,14,10-12-2025,2
6669,6741,14,30-04-2025,2
7015,6960,14,19-01-2025,2
7744,4423,14,05-11-2025,2
7820,4023,14,18-05-2025,2
8000,2369,14,31-12-2025,2
8065,1188,14,02-10-2025,2
8070,3625,14,16-10-2025,2
8099,1462,14,16-05-2025,2
8240,4427,14,26-01-2025,2
8314,1935,14,20-07-2025,2
8865,4027,14,23-08-2025,2
9210,1933,14,13-02-2025,2
9364,566,14,03-07-2025,2
9386,7589,14,16-01-2026,2
9463,7461,14,31-05-2025,2
9743,2729,14,13-03-2025,2
9793,6035,14,27-02-2025,2
9904,7196,14,25-03-2025,2
10037,7656,14,19-12-2025,2
10038,3208,14,15-10-2025,2
10168,6700,14,28-03-2025,2
10245,5562,14,21-11-2025,2
10261,5208,14,20-11-2025,2
10289,4044,14,15-05-2025,2
10717,5430,14,05-09-2025,2
11374,2725,14,21-12-2025,2
11980,5110,14,22-04-2025,2
12018,96,14,04-12-2025,2
12048,933,14,17-10-2025,2
12106,6916,14,10-02-2025,2
12645,3299,14,30-07-2025,2
12689,6413,14,22-08-2025,2
12714,6679,14,12-01-2026,2
13174,2852,14,26-12-2025,2
13295,5120,14,06-06-2025,2
13511,3623,14,30-10-2025,2
13788,3187,14,25-09-2025,2
13858,1778,14,03-12-2025,2
13977,2192,14,24-08-2025,2
14180,7766,14,25-10-2025,2
14196,3746,14,12-11-2025,2
14205,7932,14,11-07-2025,2
14259,6314,14,01-09-2025,2
14409,120,14,02-01-2026,2
14586,4231,14,12-03-2025,2
14898,2455,14,09-01-2026,2
14936,2471,14,06-10-2025,2
14940,6819,14,18-12-2025,2
15699,6544,14,17-10-2025,2
15710,5728,14,07-01-2026,2
15826,6125,14,29-09-2025,2
15849,6183,14,05-06-2025,2
15870,4577,14,02-04-2025,2
16184,1287,14,15-03-2025,2
16227,3538,14,13-03-2025,2
16283,3244,14,22-04-2025,2
16568,3456,14,07-04-2025,2
16756,6058,14,04-12-2025,2
17089,1692,14,17-08-2025,2
17511,2895,14,01-11-2025,2
17524,2215,14,25-11-2025,2
17548,3234,14,06-04-2025,2
17726,7779,14,04-10-2025,2
17839,5594,14,24-03-2025,2
18087,1107,14,22-12-2025,2
18107,3751,14,15-01-2026,2
18206,7035,14,24-06-2025,2
18207,3625,14,20-07-2025,2
18309,4852,14,19-05-2025,2
18539,5385,14,03-02-2025,2
18693,308,14,25-12-2025,2
18747,3528,14,10-02-2025,2
18771,388,14,20-10-2025,2
18867,4879,14,01-01-2026,2
18958,5803,14,28-02-2025,2
19541,2106,14,19-08-2025,2
19971,6351,14,08-08-2025,2
20140,596,14,03-02-2025,2
20398,5356,14,06-03-2025,2
20430,2425,14,14-01-2026,2
20475,1840,14,02-10-2025,2
20788,5710,14,30-04-2025,2
21729,2707,14,11-08-2025,2
21771,6867,14,22-11-2025,2
22966,7828,14,29-06-2025,2
23072,2313,14,12-09-2025,2
23278,2154,14,08-11-2025,2
23400,6765,14,10-08-2025,2
23798,2112,14,03-02-2025,2
24037,3679,14,27-09-2025,2
24547,6706,14,26-06-2025,2
24602,404,14,07-09-2025,2
24658,7426,14,28-10-2025,2
24873,5729,14,30-04-2025,2
24894,3944,14,21-05-2025,2
24979,4392,14,10-04-2025,2
25270,112,14,14-07-2025,2
25301,468,14,01-01-2025,2
25689,7558,14,13-03-2025,2
25700,1369,14,27-03-2025,2
26010,6400,14,15-01-2025,2
26085,2558,14,10-12-2025,2
26216,6057,14,18-05-2025,2
26535,2336,14,17-03-2025,2
26540,6657,14,26-09-2025,2
26850,5994,14,28-09-2025,2
26994,98,14,01-06-2025,2
27385,2628,14,07-07-2025,2
27568,115,14,14-08-2025,2
27669,3284,14,19-08-2025,2
27722,5974,14,20-02-2025,2
27765,3821,14,18-11-2025,2
27790,4305,14,15-07-2025,2
187,6242,19,21-08-2025,2
515,1237,19,04-02-2025,2
559,3952,19,06-09-2025,2
727,2867,19,13-01-2026,2
732,2703,19,20-04-2025,2
1027,988,19,20-05-2025,2
1072,1542,19,29-07-2025,2
1092,1642,19,10-01-2026,2
1421,3302,19,13-10-2025,2
1453,824,19,23-02-2025,2
1794,1931,19,23-01-2025,2
1836,2429,19,05-10-2025,2
1863,3882,19,19-02-2025,2
2107,4812,19,04-08-2025,2
2147,1741,19,17-08-2025,2
2236,3118,19,05-12-2025,2
3032,768,19,11-06-2025,2
3399,975,19,03-07-2025,2
3442,6146,19,24-11-2025,2
3789,1841,19,06-03-2025,2
3792,1340,19,04-06-2025,2
3882,4567,19,28-03-2025,2
3989,7003,19,05-11-2025,2
5140,5826,19,14-01-2025,2
5182,3921,19,22-01-2025,2
5347,4787,19,17-11-2025,2
5965,3215,19,25-03-2025,2
5974,5661,19,09-08-2025,2
6008,6128,19,28-11-2025,2
6222,5999,19,23-08-2025,2
6393,7016,19,11-12-2025,2
6397,3739,19,12-03-2025,2
6485,3394,19,29-06-2025,2
6627,1894,19,01-09-2025,2
6666,1168,19,11-01-2025,2
6781,4408,19,12-08-2025,2
6847,6121,19,28-08-2025,2
6952,7417,19,03-04-2025,2
7198,1127,19,14-05-2025,2
8051,7113,19,10-02-2025,2
8123,854,19,11-11-2025,2
8482,678,19,23-06-2025,2
8527,1991,19,14-03-2025,2
8595,3339,19,13-11-2025,2
9185,2816,19,26-10-2025,2
9275,3305,19,13-02-2025,2
9821,5201,19,10-05-2025,2
9995,6034,19,23-02-2025,2
10033,6255,19,26-08-2025,2
10121,4972,19,29-05-2025,2
10335,1276,19,12-04-2025,2
10509,6520,19,30-07-2025,2
10874,4072,19,05-10-2025,2
11055,6988,19,28-04-2025,2
11167,4632,19,17-06-2025,2
11729,3770,19,28-05-2025,2
11953,3685,19,05-11-2025,2
12011,7363,19,07-03-2025,2
12231,1472,19,20-11-2025,2
12260,3560,19,30-08-2025,2
12365,214,19,28-04-2025,2
12532,4970,19,05-02-2025,2
12709,1627,19,22-01-2025,2
12831,3964,19,04-10-2025,2
12890,6695,19,02-09-2025,2
12998,7414,19,21-04-2025,2
13528,7609,19,11-12-2025,2
13544,1085,19,11-09-2025,2
13638,5139,19,06-08-2025,2
14291,849,19,28-07-2025,2
14408,3129,19,27-02-2025,2
14690,1165,19,07-08-2025,2
14816,3506,19,24-11-2025,2
14908,29,19,03-09-2025,2
14919,2797,19,24-02-2025,2
15039,1757,19,15-05-2025,2
15317,6463,19,31-03-2025,2
15479,6589,19,25-10-2025,2
15598,7380,19,17-11-2025,2
15802,154,19,02-02-2025,2
15806,3446,19,27-01-2025,2
15837,2369,19,25-06-2025,2
15857,7191,19,30-05-2025,2
15871,5566,19,01-02-2025,2
16026,868,19,18-08-2025,2
16048,3473,19,30-11-2025,2
16155,7075,19,28-06-2025,2
16168,5544,19,26-08-2025,2
16187,7403,19,16-06-2025,2
16839,5921,19,10-05-2025,2
16898,661,19,25-05-2025,2
17160,5945,19,12-03-2025,2
17978,3640,19,17-08-2025,2
18330,1983,19,25-12-2025,2
18884,3366,19,03-12-2025,2
18942,3235,19,21-05-2025,2
18943,5437,19,19-04-2025,2
19145,3989,19,06-12-2025,2
19265,2583,19,30-04-2025,2
19479,4715,19,02-01-2026,2
19553,7721,19,30-03-2025,2
19623,6019,19,01-01-2026,2
19730,1521,19,11-02-2025,2
19855,6839,19,27-02-2025,2
19874,679,19,19-02-2025,2
20015,7080,19,25-05-2025,2
20263,4902,19,30-04-2025,2
20395,2773,19,05-05-2025,2
20741,3854,19,18-09-2025,2
20782,2207,19,26-04-2025,2
21077,4248,19,30-08-2025,2
21081,3363,19,10-05-2025,2
21435,6728,19,13-02-2025,2
21687,6464,19,31-10-2025,2
21770,1728,19,24-05-2025,2
21838,1249,19,27-03-2025,2
22741,2604,19,09-05-2025,2
22767,1597,19,05-06-2025,2
22951,1781,19,23-05-2025,2
23147,483,19,11-08-2025,2
23235,3648,19,09-01-2025,2
23287,2229,19,28-01-2025,2
23504,2608,19,30-05-2025,2
23550,3167,19,07-08-2025,2
23562,2200,19,31-12-2025,2
23849,3133,19,22-03-2025,2
24234,5123,19,17-03-2025,2
24344,4930,19,30-09-2025,2
24550,5718,19,18-08-2025,2
24753,5544,19,14-08-2025,2
24983,5901,19,05-12-2025,2
25425,2489,19,05-06-2025,2
25528,2012,19,20-08-2025,2
25704,3127,19,21-08-2025,2
25740,328,19,22-07-2025,2
25785,6260,19,28-07-2025,2
25967,4283,19,23-09-2025,2
26394,5416,19,10-04-2025,2
27165,2766,19,11-06-2025,2
27208,4371,19,23-09-2025,2
27429,2590,19,02-08-2025,2
27671,7467,19,26-02-2025,2
152,1412,25,24-07-2025,2
311,7394,25,28-08-2025,2
544,3820,25,31-01-2025,2
676,7442,25,17-05-2025,2
769,6089,25,21-12-2025,2
869,3875,25,05-06-2025,2
1006,2295,25,06-12-2025,2
1339,4042,25,24-02-2025,2
1405,7630,25,08-10-2025,2
1526,368,25,11-01-2026,2
1814,6254,25,16-07-2025,2
1870,7345,25,03-07-2025,2
2181,1845,25,15-07-2025,2
2529,7946,25,16-05-2025,2
2603,689,25,12-08-2025,2
2839,6476,25,12-01-2025,2
2921,4070,25,24-08-2025,2
2952,2544,25,02-09-2025,2
2955,5122,25,10-01-2026,2
3223,824,25,30-07-2025,2
3890,4969,25,17-04-2025,2
4061,6804,25,30-05-2025,2
4090,2801,25,29-07-2025,2
4219,581,25,19-07-2025,2
4410,1562,25,01-02-2025,2
4437,4578,25,25-09-2025,2
4570,3781,25,01-01-2026,2
4576,429,25,13-11-2025,2
4579,1313,25,26-05-2025,2
4666,1888,25,27-08-2025,2
4897,223,25,15-06-2025,2
4964,5175,25,11-08-2025,2
5208,5392,25,12-02-2025,2
5346,541,25,15-06-2025,2
5498,7155,25,11-01-2026,2
5923,1275,25,19-03-2025,2
5948,5650,25,17-01-2026,2
6285,5791,25,25-05-2025,2
6306,148,25,05-02-2025,2
6683,5150,25,14-05-2025,2
7003,7347,25,11-01-2026,2
7145,1842,25,15-12-2025,2
7443,5062,25,29-01-2025,2
7606,4687,25,24-03-2025,2
7878,6704,25,18-08-2025,2
8022,4743,25,28-05-2025,2
8105,5867,25,29-07-2025,2
8180,7189,25,21-10-2025,2
8335,4926,25,25-09-2025,2
8679,3563,25,28-10-2025,2
8959,1857,25,13-12-2025,2
9014,1938,25,04-10-2025,2
9258,1915,25,02-11-2025,2
9856,4427,25,01-10-2025,2
10310,6749,25,18-11-2025,2
10544,4343,25,16-11-2025,2
11062,7931,25,04-08-2025,2
11063,3361,25,03-11-2025,2
11096,2947,25,06-03-2025,2
11452,5885,25,24-10-2025,2
11457,2221,25,06-11-2025,2
11460,3889,25,05-04-2025,2
11529,6390,25,16-09-2025,2
11626,1970,25,16-06-2025,2
11986,4588,25,19-09-2025,2
12065,3591,25,31-10-2025,2
12340,6471,25,09-11-2025,2
13330,4093,25,21-05-2025,2
13402,2222,25,23-09-2025,2
13471,2501,25,12-10-2025,2
13780,6773,25,26-10-2025,2
14245,4392,25,02-07-2025,2
14444,4322,25,16-01-2026,2
14597,747,25,01-03-2025,2
14859,2263,25,17-11-2025,2
15038,7904,25,03-10-2025,2
15099,6401,25,28-04-2025,2
15236,5058,25,19-08-2025,2
15284,7928,25,13-01-2025,2
15434,6211,25,15-03-2025,2
15798,5082,25,08-04-2025,2
15959,4605,25,08-12-2025,2
16222,5547,25,28-12-2025,2
16322,3328,25,10-08-2025,2
16396,3311,25,06-01-2026,2
16417,5983,25,19-07-2025,2
16808,2575,25,28-05-2025,2
17154,1600,25,05-04-2025,2
17273,7224,25,05-08-2025,2
17299,6465,25,21-11-2025,2
17860,3345,25,28-04-2025,2
18082,4699,25,16-10-2025,2
18222,3997,25,26-04-2025,2
18433,1949,25,30-11-2025,2
18538,1778,25,13-01-2026,2
18657,5444,25,02-01-2025,2
18791,4042,25,27-01-2025,2
18897,2664,25,16-05-2025,2
19152,7589,25,11-07-2025,2
19293,633,25,13-12-2025,2
19392,4835,25,31-12-2025,2
19609,4285,25,11-01-2025,2
19849,3236,25,14-11-2025,2
20363,716,25,23-11-2025,2
20444,2218,25,24-02-2025,2
20498,2143,25,23-10-2025,2
20500,2167,25,24-02-2025,2
20638,6351,25,11-12-2025,2
20962,1436,25,10-01-2026,2
21157,5047,25,10-05-2025,2
21247,6290,25,11-11-2025,2
21375,3659,25,08-05-2025,2
21391,3316,25,30-03-2025,2
21438,5940,25,25-12-2025,2
21905,5495,25,04-04-2025,2
21955,6323,25,14-12-2025,2
22010,7604,25,23-05-2025,2
22325,3696,25,05-03-2025,2
22630,389,25,28-07-2025,2
22651,5013,25,26-06-2025,2
23247,771,25,13-01-2025,2
23344,4703,25,11-05-2025,2
23438,717,25,22-10-2025,2
23618,1994,25,18-10-2025,2
23675,4744,25,21-03-2025,2
24404,2070,25,26-02-2025,2
24785,3536,25,27-05-2025,2
24955,5612,25,17-09-2025,2
25138,2069,25,25-02-2025,2
25199,4870,25,16-02-2025,2
25201,6532,25,09-08-2025,2
25571,3970,25,14-12-2025,2
25623,6538,25,26-01-2025,2
25687,5137,25,25-01-2025,2
25958,6047,25,16-11-2025,2
25987,6416,25,17-05-2025,2
26036,2722,25,12-01-2025,2
26549,3566,25,16-01-2025,2
26981,2603,25,28-03-2025,2
27345,4574,25,13-10-2025,2
27769,7198,25,26-10-2025,2
27826,1815,25,04-05-2025,2
27958,5465,25,01-06-2025,2
79,5538,4,14-11-2025,2
115,1777,4,14-05-2025,2
197,6364,4,14-07-2025,2
521,1124,4,21-08-2025,2
819,6342,4,14-01-2025,2
922,3613,4,07-09-2025,2
1190,5898,4,06-02-2025,2
1347,2721,4,16-08-2025,2
1402,7931,4,13-09-2025,2
1765,4630,4,26-05-2025,2
1790,7886,4,31-05-2025,2
1832,4383,4,09-12-2025,2
2112,3504,4,10-06-2025,2
2222,1731,4,09-06-2025,2
2314,3193,4,09-02-2025,2
2549,4241,4,01-01-2025,2
2583,579,4,10-04-2025,2
2665,144,4,17-01-2025,2
2704,6673,4,31-12-2025,2
2724,2957,4,04-02-2025,2
3273,2933,4,31-03-2025,2
3603,4828,4,20-01-2025,2
3717,6347,4,15-08-2025,2
3776,7871,4,28-07-2025,2
4124,1408,4,23-07-2025,2
4159,1852,4,10-05-2025,2
4361,1057,4,18-04-2025,2
4404,3061,4,30-07-2025,2
4452,3268,4,31-08-2025,2
4526,3491,4,18-10-2025,2
5118,3943,4,27-06-2025,2
5121,7250,4,04-09-2025,2
5522,5836,4,26-08-2025,2
5739,7323,4,25-07-2025,2
6112,3075,4,20-01-2025,2
6361,743,4,01-07-2025,2
6497,1447,4,11-04-2025,2
6720,3295,4,08-08-2025,2
6919,1563,4,02-09-2025,2
7274,1807,4,02-03-2025,2
7354,6436,4,15-10-2025,2
7394,5912,4,10-11-2025,2
7761,6650,4,15-04-2025,2
7767,474,4,11-05-2025,2
8303,1,4,14-09-2025,2
8388,1035,4,22-04-2025,2
8411,7764,4,15-01-2025,2
8414,1507,4,04-08-2025,2
8422,7059,4,24-05-2025,2
8453,5431,4,19-09-2025,2
8586,3170,4,15-10-2025,2
8791,7907,4,16-05-2025,2
8829,7778,4,27-08-2025,2
9052,3649,4,20-12-2025,2
9130,6894,4,19-11-2025,2
9363,5276,4,02-04-2025,2
9408,3852,4,16-05-2025,2
9534,5267,4,11-09-2025,2
9617,5728,4,03-06-2025,2
10020,2960,4,27-04-2025,2
10791,2240,4,20-11-2025,2
10937,6622,4,29-11-2025,2
10982,1247,4,08-09-2025,2
11045,3673,4,01-09-2025,2
11082,2652,4,02-04-2025,2
11281,7126,4,02-05-2025,2
11310,5047,4,04-04-2025,2
11736,1753,4,28-04-2025,2
12325,943,4,30-08-2025,2
12445,1120,4,03-12-2025,2
12541,133,4,14-11-2025,2
12818,2605,4,24-01-2025,2
12860,5444,4,01-06-2025,2
13195,281,4,21-11-2025,2
13377,1234,4,14-01-2026,2
13779,6904,4,13-08-2025,2
14070,757,4,07-01-2025,2
14632,3056,4,10-08-2025,2
14956,6832,4,28-12-2025,2
15015,7708,4,27-12-2025,2
15180,7292,4,30-05-2025,2
15442,7584,4,10-02-2025,2
15466,1257,4,21-05-2025,2
15620,3119,4,13-02-2025,2
15752,1538,4,06-11-2025,2
16431,2207,4,12-03-2025,2
16463,1755,4,23-12-2025,2
16535,3768,4,12-09-2025,2
17447,39,4,17-11-2025,2
17618,4990,4,24-03-2025,2
17747,6952,4,31-07-2025,2
17798,2381,4,17-05-2025,2
17937,3789,4,21-11-2025,2
18031,5978,4,14-08-2025,2
18449,4112,4,08-03-2025,2
18712,5519,4,29-08-2025,2
19056,7051,4,09-01-2025,2
19136,2569,4,24-04-2025,2
19252,4199,4,17-03-2025,2
19268,6004,4,19-12-2025,2
19334,4095,4,29-10-2025,2
19413,3448,4,24-01-2025,2
19554,6433,4,10-10-2025,2
19869,7958,4,09-04-2025,2
20563,1439,4,25-02-2025,2
20708,4271,4,20-11-2025,2
20722,6809,4,12-07-2025,2
20735,6223,4,05-09-2025,2
21011,6181,4,01-02-2025,2
21227,2317,4,30-08-2025,2
21764,6378,4,21-12-2025,2
21843,3969,4,24-08-2025,2
22419,3003,4,12-03-2025,2
22434,2031,4,06-10-2025,2
22579,1324,4,20-08-2025,2
22716,2380,4,24-04-2025,2
23115,7573,4,15-03-2025,2
23283,7919,4,19-07-2025,2
23335,4021,4,08-01-2025,2
24216,6273,4,20-10-2025,2
24391,7237,4,10-05-2025,2
24599,3065,4,10-05-2025,2
24662,4307,4,08-04-2025,2
24780,299,4,08-01-2025,2
25049,5969,4,03-01-2026,2
25435,2168,4,27-11-2025,2
25554,5930,4,05-07-2025,2
25688,6337,4,02-12-2025,2
25841,730,4,21-10-2025,2
25877,5618,4,15-01-2025,2
26117,1218,4,22-05-2025,2
26198,7745,4,20-09-2025,2
26201,4837,4,10-08-2025,2
26202,3978,4,11-09-2025,2
26384,3885,4,21-03-2025,2
26477,3939,4,05-04-2025,2
26708,4637,4,25-07-2025,2
26888,5153,4,27-05-2025,2
27062,3966,4,08-08-2025,2
27086,7235,4,27-03-2025,2
27189,5541,4,26-08-2025,2
27423,2406,4,05-05-2025,2
27520,3663,4,26-07-2025,2
27843,311,4,13-08-2025,2
27902,3893,4,20-12-2025,2
171,3212,8,15-12-2025,2
351,3010,8,11-06-2025,2
505,6071,8,31-07-2025,2
595,1467,8,29-10-2025,2
820,7609,8,13-10-2025,2
1080,6282,8,02-08-2025,2
1386,6070,8,29-03-2025,2
1424,3676,8,16-03-2025,2
1707,4464,8,30-05-2025,2
1748,1843,8,15-05-2025,2
2050,524,8,15-08-2025,2
2053,4590,8,26-04-2025,2
2494,364,8,13-07-2025,2
2557,7547,8,04-09-2025,2
2785,991,8,02-06-2025,2
2915,2699,8,20-08-2025,2
3018,981,8,28-12-2025,2
3212,6217,8,27-11-2025,2
3685,1572,8,30-10-2025,2
3941,846,8,23-05-2025,2
4055,2416,8,08-02-2025,2
4083,7892,8,27-12-2025,2
4125,2952,8,13-04-2025,2
4208,2359,8,13-09-2025,2
4523,825,8,02-09-2025,2
4572,670,8,19-05-2025,2
5087,1121,8,29-03-2025,2
5348,887,8,10-09-2025,2
5508,6503,8,06-11-2025,2
5664,2287,8,22-06-2025,2
5859,7354,8,07-10-2025,2
5866,2152,8,22-01-2025,2
6007,7775,8,16-03-2025,2
6180,6818,8,03-09-2025,2
6310,7870,8,29-10-2025,2
6524,7011,8,01-03-2025,2
6585,446,8,03-11-2025,2
6599,7757,8,19-03-2025,2
6651,508,8,24-05-2025,2
6920,272,8,31-05-2025,2
7293,915,8,05-02-2025,2
7685,1727,8,05-01-2025,2
7741,6642,8,09-09-2025,2
7972,2140,8,07-07-2025,2
8125,1822,8,29-01-2025,2
8379,3579,8,12-04-2025,2
8395,728,8,17-04-2025,2
8541,3621,8,10-06-2025,2
8754,497,8,01-09-2025,2
8856,1891,8,31-01-2025,2
9079,1014,8,05-11-2025,2
9281,2636,8,07-03-2025,2
9314,6170,8,05-12-2025,2
9410,2902,8,02-01-2026,2
9917,3018,8,10-11-2025,2
10139,3775,8,25-02-2025,2
10144,536,8,16-03-2025,2
10270,4941,8,13-11-2025,2
10444,3815,8,23-08-2025,2
10935,5229,8,19-05-2025,2
10956,5034,8,27-11-2025,2
11090,1811,8,18-01-2026,2
11174,4207,8,29-09-2025,2
11199,1557,8,22-09-2025,2
11210,1515,8,17-08-2025,2
11692,2984,8,09-05-2025,2
12070,541,8,06-06-2025,2
12242,5863,8,10-08-2025,2
12342,2988,8,20-12-2025,2
12414,1439,8,01-09-2025,2
12518,519,8,23-08-2025,2
12656,353,8,25-03-2025,2
13109,4398,8,30-07-2025,2
13204,7311,8,23-08-2025,2
13288,7533,8,03-06-2025,2
13333,7082,8,26-03-2025,2
14034,2761,8,18-01-2025,2
14185,749,8,16-09-2025,2
14327,2513,8,08-05-2025,2
14349,4339,8,16-07-2025,2
14797,2405,8,05-05-2025,2
14946,3683,8,24-02-2025,2
15106,7588,8,17-06-2025,2
15177,3333,8,25-04-2025,2
15560,2841,8,01-05-2025,2
15920,4586,8,16-09-2025,2
16011,5138,8,22-12-2025,2
16148,4712,8,06-04-2025,2
16342,6071,8,10-05-2025,2
16375,5838,8,01-02-2025,2
16643,2344,8,05-11-2025,2
16812,3002,8,21-12-2025,2
16912,7471,8,26-11-2025,2
17017,1229,8,12-05-2025,2
17977,518,8,31-10-2025,2
18024,267,8,13-05-2025,2
18319,7874,8,27-09-2025,2
18562,3685,8,22-01-2025,2
18572,1834,8,11-09-2025,2
18632,4726,8,04-11-2025,2
19072,2238,8,11-12-2025,2
19297,6757,8,13-11-2025,2
19508,2165,8,22-03-2025,2
19543,3279,8,26-09-2025,2
19645,5199,8,15-04-2025,2
19995,640,8,03-04-2025,2
20249,4201,8,01-08-2025,2
20341,2295,8,31-08-2025,2
20530,548,8,22-03-2025,2
21110,6835,8,09-01-2026,2
21486,4660,8,05-01-2025,2
21947,6071,8,23-01-2025,2
21994,837,8,07-06-2025,2
22130,851,8,14-09-2025,2
22909,5559,8,09-09-2025,2
23035,1496,8,10-01-2026,2
23060,2433,8,09-07-2025,2
23377,5229,8,01-05-2025,2
23475,3168,8,28-02-2025,2
23528,46,8,06-01-2025,2
24028,2480,8,25-09-2025,2
24053,2640,8,14-04-2025,2
24251,5268,8,22-01-2025,2
24579,5050,8,09-11-2025,2
24594,2019,8,30-08-2025,2
24623,5403,8,28-12-2025,2
24763,1163,8,21-11-2025,2
25057,5760,8,26-08-2025,2
25144,3312,8,15-01-2025,2
25179,6312,8,23-10-2025,2
25427,4821,8,19-05-2025,2
25428,3151,8,09-02-2025,2
25444,4620,8,02-07-2025,2
25705,6304,8,26-11-2025,2
25829,2422,8,03-10-2025,2
26276,5892,8,18-06-2025,2
26565,6218,8,15-11-2025,2
26832,1399,8,24-01-2025,2
27267,113,8,04-06-2025,2
27310,2575,8,16-05-2025,2
27313,7115,8,23-11-2025,2
27324,2236,8,14-11-2025,2
27337,1559,8,08-12-2025,2
27395,7551,8,14-08-2025,2
27476,3666,8,07-10-2025,2
27751,7402,8,12-03-2025,2
384,7169,3,21-04-2025,2
435,826,3,01-11-2025,2
1132,330,3,08-12-2025,2
1234,4534,3,20-12-2025,2
1459,6023,3,02-01-2025,2
1499,5223,3,19-07-2025,2
1606,4953,3,31-12-2025,2
1615,5892,3,21-09-2025,2
1806,5954,3,22-07-2025,2
2164,6354,3,11-09-2025,2
2379,3357,3,11-02-2025,2
2742,1077,3,05-11-2025,2
2856,2888,3,26-02-2025,2
2947,5426,3,26-11-2025,2
3079,318,3,07-10-2025,2
3131,4078,3,16-06-2025,2
3230,961,3,07-10-2025,2
3249,2023,3,19-01-2025,2
3878,6671,3,25-08-2025,2
4737,422,3,14-08-2025,2
4965,1696,3,21-10-2025,2
5310,6570,3,25-08-2025,2
5443,7134,3,28-07-2025,2
6042,6708,3,03-09-2025,2
6254,789,3,09-02-2025,2
6299,186,3,24-03-2025,2
6413,5226,3,28-01-2025,2
6600,4578,3,14-07-2025,2
6613,1068,3,12-01-2025,2
7034,3524,3,08-02-2025,2
7267,6264,3,28-07-2025,2
7268,2939,3,17-07-2025,2
7448,6780,3,19-04-2025,2
7504,2448,3,15-08-2025,2
7655,2724,3,10-07-2025,2
7904,6736,3,01-05-2025,2
8353,2518,3,04-10-2025,2
8617,187,3,04-01-2025,2
9081,2354,3,21-04-2025,2
9145,4780,3,20-10-2025,2
9387,6926,3,27-11-2025,2
9633,2199,3,08-10-2025,2
9659,3409,3,12-03-2025,2
10252,340,3,14-11-2025,2
10404,1745,3,04-01-2026,2
10567,6211,3,11-07-2025,2
11030,4910,3,27-06-2025,2
11139,7020,3,19-06-2025,2
11180,6191,3,16-07-2025,2
11348,887,3,10-04-2025,2
11431,7055,3,30-11-2025,2
11437,7711,3,23-05-2025,2
11534,3636,3,04-03-2025,2
11691,1178,3,03-04-2025,2
12349,5051,3,28-08-2025,2
13134,4187,3,12-01-2025,2
13139,6353,3,20-03-2025,2
13163,1885,3,19-04-2025,2
13230,4380,3,31-01-2025,2
13772,3387,3,20-11-2025,2
13798,1439,3,19-04-2025,2
13900,4684,3,25-05-2025,2
13930,474,3,14-01-2025,2
13952,1144,3,06-02-2025,2
13966,4173,3,11-05-2025,2
14468,5888,3,06-01-2025,2
14541,6944,3,10-01-2025,2
14589,6311,3,12-01-2026,2
14925,3455,3,15-05-2025,2
15209,6124,3,01-10-2025,2
15392,5397,3,29-07-2025,2
15440,7823,3,09-10-2025,2
15853,764,3,07-01-2026,2
16042,2041,3,30-07-2025,2
16080,459,3,05-02-2025,2
16718,6738,3,01-05-2025,2
16724,4657,3,26-11-2025,2
16972,4477,3,11-07-2025,2
17116,4245,3,22-12-2025,2
17124,1380,3,04-02-2025,2
17436,4795,3,26-09-2025,2
17443,65,3,28-12-2025,2
17545,3518,3,26-02-2025,2
17566,7622,3,27-02-2025,2
17653,5744,3,21-04-2025,2
17885,2729,3,20-08-2025,2
18077,4051,3,23-04-2025,2
18177,7613,3,08-05-2025,2
18270,7605,3,28-06-2025,2
18619,7578,3,29-11-2025,2
18735,5573,3,03-08-2025,2
18823,5301,3,29-10-2025,2
18895,967,3,25-03-2025,2
19034,3903,3,17-11-2025,2
19164,4111,3,21-01-2025,2
19304,2250,3,02-03-2025,2
19340,289,3,24-07-2025,2
19597,5370,3,01-12-2025,2
19769,2818,3,21-11-2025,2
19797,4501,3,16-08-2025,2
19798,1933,3,06-08-2025,2
20053,386,3,13-12-2025,2
20324,7079,3,26-08-2025,2
20549,7344,3,16-09-2025,2
20697,6066,3,12-01-2026,2
20718,6744,3,27-08-2025,2
20996,1086,3,10-08-2025,2
21166,579,3,10-12-2025,2
21310,7650,3,22-04-2025,2
21466,4773,3,27-05-2025,2
21562,5317,3,20-10-2025,2
21591,2902,3,19-12-2025,2
21798,2695,3,23-05-2025,2
21966,3943,3,05-10-2025,2
21987,7381,3,10-08-2025,2
22056,7988,3,03-07-2025,2
22068,3662,3,29-05-2025,2
22362,1601,3,25-04-2025,2
22644,3372,3,03-01-2026,2
22676,5057,3,02-09-2025,2
23250,5678,3,05-02-2025,2
23274,2572,3,27-02-2025,2
23307,7170,3,09-05-2025,2
23481,2145,3,18-01-2025,2
23524,1787,3,18-01-2026,2
23624,5169,3,29-01-2025,2
23987,5315,3,12-11-2025,2
24154,5381,3,05-09-2025,2
24383,364,3,22-10-2025,2
24415,424,3,11-09-2025,2
24497,3457,3,19-05-2025,2
24618,3811,3,08-01-2025,2
24723,1766,3,29-03-2025,2
24761,7288,3,14-01-2026,2
24764,6044,3,28-07-2025,2
24918,4855,3,09-05-2025,2
24991,5990,3,07-09-2025,2
24998,1273,3,12-01-2025,2
25060,6810,3,19-06-2025,2
25118,7733,3,04-05-2025,2
25216,32,3,21-08-2025,2
25803,5154,3,14-06-2025,2
26132,2487,3,05-12-2025,2
26354,3523,3,21-06-2025,2
26391,7044,3,16-05-2025,2
27021,938,3,09-04-2025,2
27196,334,3,11-11-2025,2
27439,650,3,12-07-2025,2
27560,3913,3,15-03-2025,2
27646,6555,3,16-08-2025,2
84,5554,18,05-12-2025,2
457,6683,18,22-06-2025,2
914,4700,18,22-12-2025,2
975,1093,18,15-01-2025,2
1210,2044,18,07-03-2025,2
1367,2846,18,23-08-2025,2
1580,357,18,28-10-2025,2
1683,829,18,23-12-2025,2
1796,2720,18,02-05-2025,2
1902,6673,18,19-08-2025,2
1997,4345,18,13-05-2025,2
2115,3451,18,15-09-2025,2
2454,722,18,20-02-2025,2
2784,7278,18,20-04-2025,2
2831,1159,18,02-02-2025,2
2881,6499,18,08-08-2025,2
3050,7792,18,11-01-2026,2
3076,4332,18,12-09-2025,2
3691,5486,18,16-01-2025,2
3940,5683,18,12-01-2026,2
4156,3954,18,03-12-2025,2
4267,3077,18,25-05-2025,2
4307,5119,18,30-04-2025,2
4343,7424,18,14-01-2026,2
4772,4689,18,24-11-2025,2
5173,4294,18,20-12-2025,2
5551,3732,18,05-06-2025,2
5638,5505,18,03-04-2025,2
5703,4091,18,17-12-2025,2
5775,1532,18,30-03-2025,2
5840,2434,18,24-12-2025,2
5848,2868,18,25-07-2025,2
5899,7012,18,26-06-2025,2
6120,6950,18,14-01-2026,2
6231,2789,18,13-01-2025,2
6587,2692,18,13-09-2025,2
6659,3921,18,04-12-2025,2
6703,7815,18,13-08-2025,2
6765,2292,18,31-10-2025,2
7185,7282,18,30-09-2025,2
7214,7708,18,19-09-2025,2
7493,7720,18,31-03-2025,2
7746,5713,18,05-08-2025,2
8122,2399,18,09-06-2025,2
8146,4904,18,02-07-2025,2
9162,1547,18,25-09-2025,2
9325,3458,18,19-06-2025,2
9380,5032,18,02-04-2025,2
9415,1286,18,09-02-2025,2
9481,3936,18,04-03-2025,2
9507,4728,18,06-04-2025,2
9893,646,18,18-11-2025,2
10167,7496,18,09-03-2025,2
10306,5796,18,07-11-2025,2
10766,1981,18,31-05-2025,2
11010,3186,18,09-05-2025,2
11081,6984,18,01-08-2025,2
11119,6454,18,31-01-2025,2
11217,1890,18,18-02-2025,2
11320,5980,18,18-05-2025,2
11459,7264,18,16-06-2025,2
11496,7785,18,21-09-2025,2
11611,5051,18,24-04-2025,2
12105,7408,18,21-02-2025,2
12167,4437,18,30-10-2025,2
12334,3646,18,30-03-2025,2
12454,1035,18,20-09-2025,2
12672,963,18,03-01-2025,2
13182,7722,18,25-05-2025,2
13224,629,18,04-06-2025,2
13262,5777,18,09-12-2025,2
13430,6192,18,28-08-2025,2
13748,4114,18,19-12-2025,2
13801,2943,18,09-03-2025,2
14195,5046,18,25-01-2025,2
14232,2324,18,23-10-2025,2
14486,5045,18,02-06-2025,2
14558,517,18,24-05-2025,2
14604,3367,18,09-07-2025,2
14606,3835,18,21-02-2025,2
15165,5033,18,21-02-2025,2
15788,13,18,02-04-2025,2
15835,7422,18,14-01-2026,2
16299,7701,18,15-10-2025,2
16687,7203,18,06-11-2025,2
16848,752,18,24-07-2025,2
17156,889,18,28-05-2025,2
17214,3483,18,09-07-2025,2
17430,4594,18,30-03-2025,2
17836,1959,18,15-01-2026,2
18133,5120,18,22-08-2025,2
18339,846,18,04-01-2026,2
18504,6531,18,07-08-2025,2
18557,429,18,16-02-2025,2
18628,2957,18,19-01-2025,2
18684,6936,18,24-06-2025,2
18871,6441,18,03-05-2025,2
18966,889,18,23-06-2025,2
18969,4817,18,16-04-2025,2
19020,869,18,20-06-2025,2
19046,7674,18,19-01-2025,2
19140,6791,18,11-06-2025,2
19370,4464,18,09-11-2025,2
19550,5416,18,14-05-2025,2
19702,1332,18,31-12-2025,2
19784,7287,18,22-01-2025,2
20013,5796,18,04-04-2025,2
20040,3390,18,15-11-2025,2
20214,7146,18,19-01-2025,2
20534,1843,18,05-12-2025,2
20838,3396,18,02-08-2025,2
20887,263,18,25-02-2025,2
21108,5104,18,01-05-2025,2
21288,4911,18,10-03-2025,2
21300,537,18,05-01-2026,2
21570,3898,18,15-02-2025,2
21682,2617,18,15-03-2025,2
21792,1151,18,18-03-2025,2
21800,7719,18,11-07-2025,2
21909,5237,18,14-01-2026,2
22022,662,18,23-02-2025,2
22233,5245,18,24-01-2025,2
22280,1438,18,02-01-2026,2
22390,1583,18,11-12-2025,2
22440,876,18,03-01-2025,2
22990,3298,18,01-12-2025,2
23567,4208,18,16-09-2025,2
23612,6831,18,26-01-2025,2
23655,1174,18,03-12-2025,2
23770,2814,18,02-06-2025,2
23799,632,18,13-05-2025,2
24085,682,18,17-08-2025,2
24102,4539,18,11-04-2025,2
24211,5240,18,06-11-2025,2
24507,2221,18,03-07-2025,2
24563,1221,18,07-09-2025,2
24619,2755,18,27-10-2025,2
24650,6815,18,09-11-2025,2
24752,2149,18,26-09-2025,2
25090,7051,18,31-01-2025,2
25120,2481,18,04-12-2025,2
25523,3299,18,27-09-2025,2
25818,4703,18,10-01-2025,2
25822,2684,18,10-02-2025,2
26413,4704,18,11-07-2025,2
26720,2750,18,28-07-2025,2
26779,1046,18,23-01-2025,2
26785,6871,18,14-11-2025,2
27694,3818,18,30-04-2025,2
27702,7733,18,05-05-2025,2
27804,2891,18,19-05-2025,2
318,5164,5,02-01-2025,2
390,7105,5,29-07-2025,2
512,7492,5,01-04-2025,2
554,3207,5,03-10-2025,2
567,2944,5,14-02-2025,2
622,1836,5,01-07-2025,2
1187,1294,5,28-08-2025,2
1279,2238,5,19-06-2025,2
1325,3891,5,06-07-2025,2
1625,2122,5,27-05-2025,2
2207,4586,5,30-03-2025,2
2409,5062,5,06-06-2025,2
2504,78,5,01-01-2026,2
2958,1639,5,05-11-2025,2
2964,19,5,22-03-2025,2
3100,5573,5,11-05-2025,2
3180,2324,5,18-11-2025,2
4143,7914,5,23-07-2025,2
4258,4987,5,23-04-2025,2
4363,5606,5,25-09-2025,2
4487,50,5,24-10-2025,2
4692,526,5,26-03-2025,2
4883,2982,5,09-07-2025,2
5423,3117,5,13-06-2025,2
5526,6880,5,19-06-2025,2
5639,825,5,12-01-2025,2
5756,4161,5,01-09-2025,2
5920,6145,5,05-04-2025,2
6330,6610,5,16-03-2025,2
6638,4419,5,17-09-2025,2
7023,1879,5,27-07-2025,2
7525,2394,5,26-03-2025,2
7664,248,5,03-02-2025,2
7910,2254,5,07-01-2026,2
7968,5765,5,07-12-2025,2
8112,4089,5,12-12-2025,2
8159,6395,5,14-06-2025,2
8344,7383,5,13-03-2025,2
8512,5451,5,11-12-2025,2
8538,5574,5,29-04-2025,2
8870,5430,5,03-04-2025,2
9319,1993,5,12-10-2025,2
9478,3134,5,23-05-2025,2
9495,6394,5,02-09-2025,2
9681,1740,5,21-12-2025,2
9697,1333,5,02-09-2025,2
10368,7491,5,11-06-2025,2
10412,3119,5,09-01-2026,2
10784,6558,5,24-07-2025,2
11229,2103,5,08-09-2025,2
11841,4778,5,08-02-2025,2
12006,5162,5,13-06-2025,2
12043,7659,5,27-11-2025,2
12061,1688,5,15-03-2025,2
12066,2847,5,05-10-2025,2
12087,6174,5,13-02-2025,2
12141,1589,5,21-06-2025,2
12236,611,5,03-05-2025,2
12440,6975,5,04-01-2026,2
12460,939,5,25-12-2025,2
12777,2018,5,23-02-2025,2
12815,696,5,11-02-2025,2
13098,1334,5,10-06-2025,2
13609,1950,5,22-04-2025,2
13822,2571,5,23-06-2025,2
13924,3720,5,27-07-2025,2
13983,3087,5,01-09-2025,2
14092,657,5,17-09-2025,2
14171,3743,5,22-07-2025,2
14257,4003,5,05-07-2025,2
14260,6136,5,06-12-2025,2
14337,1567,5,27-11-2025,2
14358,6158,5,13-04-2025,2
14451,4242,5,30-09-2025,2
14565,2249,5,29-06-2025,2
15079,1348,5,19-06-2025,2
15221,6755,5,15-01-2026,2
15522,7932,5,11-12-2025,2
15844,6845,5,30-09-2025,2
16205,1350,5,20-06-2025,2
16699,1099,5,24-11-2025,2
16942,5029,5,18-01-2025,2
16967,3645,5,09-08-2025,2
17280,3265,5,17-01-2025,2
17375,5828,5,03-05-2025,2
17546,2153,5,18-01-2025,2
17716,2392,5,30-09-2025,2
17950,5314,5,10-12-2025,2
18045,6349,5,22-04-2025,2
18218,5992,5,09-09-2025,2
18257,735,5,31-05-2025,2
18350,3994,5,01-05-2025,2
18407,495,5,03-03-2025,2
18674,6603,5,17-01-2025,2
18678,3584,5,14-04-2025,2
18993,6726,5,31-03-2025,2
19188,165,5,17-05-2025,2
19591,5785,5,23-11-2025,2
19888,7288,5,22-06-2025,2
20014,5410,5,11-12-2025,2
20518,1338,5,01-01-2026,2
20920,5367,5,03-01-2025,2
20922,1292,5,18-08-2025,2
21071,4542,5,23-06-2025,2
21115,2867,5,09-11-2025,2
21291,3132,5,29-04-2025,2
21417,7775,5,25-03-2025,2
21535,4083,5,25-03-2025,2
22032,6654,5,02-11-2025,2
22034,1664,5,27-07-2025,2
22040,7272,5,21-09-2025,2
22074,5691,5,14-10-2025,2
22082,2381,5,17-05-2025,2
22169,892,5,24-06-2025,2
22338,3756,5,21-02-2025,2
22395,4883,5,17-01-2026,2
22745,232,5,10-09-2025,2
22890,6306,5,09-05-2025,2
22929,5558,5,13-01-2025,2
23000,3461,5,09-01-2025,2
23042,320,5,04-01-2025,2
23213,1873,5,01-08-2025,2
23329,6582,5,18-04-2025,2
23466,3865,5,26-06-2025,2
23647,3051,5,16-01-2025,2
23856,1430,5,14-06-2025,2
23866,330,5,06-11-2025,2
23953,1643,5,20-09-2025,2
24030,1956,5,31-08-2025,2
24136,5544,5,09-03-2025,2
24275,3852,5,03-07-2025,2
24301,1516,5,15-11-2025,2
24524,871,5,12-08-2025,2
24555,1094,5,05-06-2025,2
24715,2716,5,23-12-2025,2
24902,1465,5,04-06-2025,2
25649,2387,5,01-08-2025,2
25660,840,5,05-01-2025,2
25672,4042,5,08-04-2025,2
25804,2973,5,29-11-2025,2
25975,2619,5,17-01-2026,2
26023,2691,5,25-01-2025,2
26315,3167,5,31-08-2025,2
26420,4541,5,03-05-2025,2
26717,4839,5,09-01-2025,2
26826,4687,5,24-08-2025,2
27077,6891,5,11-12-2025,2
27260,6512,5,08-06-2025,2
27290,4709,5,03-07-2025,2
27329,3305,5,19-03-2025,2
27537,533,5,09-05-2025,2
27661,2850,5,06-08-2025,2
27988,3535,5,06-03-2025,2
104,2738,23,22-06-2025,2
159,2075,23,20-05-2025,2
332,2718,23,25-11-2025,2
774,598,23,08-01-2025,2
851,3610,23,03-12-2025,2
1044,3781,23,07-10-2025,2
1059,4282,23,23-03-2025,2
1100,6274,23,15-12-2025,2
1129,2126,23,20-11-2025,2
1197,6458,23,22-12-2025,2
1205,6928,23,19-01-2025,2
1396,463,23,29-06-2025,2
1497,1951,23,06-07-2025,2
1777,3062,23,08-01-2026,2
1928,1838,23,08-01-2025,2
2020,5446,23,16-01-2026,2
2042,3620,23,16-12-2025,2
2441,2256,23,02-03-2025,2
2519,7080,23,15-04-2025,2
2522,5695,23,06-08-2025,2
2614,6230,23,07-05-2025,2
3003,2294,23,12-03-2025,2
3175,2416,23,01-10-2025,2
3301,7566,23,24-09-2025,2
3379,6779,23,30-10-2025,2
3697,3991,23,14-03-2025,2
4034,826,23,21-04-2025,2
4412,7855,23,22-04-2025,2
5533,6814,23,12-04-2025,2
5619,4679,23,20-06-2025,2
5687,691,23,02-05-2025,2
6533,3868,23,27-07-2025,2
6712,5714,23,13-03-2025,2
6837,6631,23,14-06-2025,2
7053,5311,23,15-12-2025,2
7103,5246,23,18-08-2025,2
7503,1161,23,18-06-2025,2
7584,4917,23,20-05-2025,2
8187,2469,23,20-07-2025,2
8194,1182,23,07-07-2025,2
8402,7513,23,11-02-2025,2
8408,4082,23,07-01-2025,2
8418,867,23,31-03-2025,2
8562,5693,23,07-01-2026,2
8681,4404,23,22-03-2025,2
9308,3329,23,25-12-2025,2
9375,4080,23,03-01-2025,2
9383,2447,23,17-09-2025,2
9870,6797,23,14-05-2025,2
10022,1897,23,15-07-2025,2
10042,5725,23,22-01-2025,2
10300,4449,23,31-03-2025,2
10389,1619,23,13-09-2025,2
10771,6746,23,11-05-2025,2
10843,706,23,04-03-2025,2
11312,7649,23,01-01-2025,2
11324,767,23,28-04-2025,2
11346,1559,23,16-06-2025,2
11375,1276,23,13-10-2025,2
11384,7393,23,23-07-2025,2
11453,2487,23,16-11-2025,2
11484,1083,23,19-02-2025,2
11699,2994,23,24-07-2025,2
11717,2513,23,09-07-2025,2
12250,5411,23,13-09-2025,2
12612,5085,23,29-04-2025,2
12663,5448,23,14-12-2025,2
12765,1295,23,15-01-2025,2
13066,3661,23,01-07-2025,2
13769,1509,23,26-05-2025,2
13816,2601,23,10-11-2025,2
13964,3390,23,28-10-2025,2
13980,5244,23,07-11-2025,2
13981,7410,23,13-11-2025,2
14536,1668,23,05-10-2025,2
14826,5490,23,26-09-2025,2
14849,4537,23,25-07-2025,2
14873,6703,23,13-01-2026,2
14879,28,23,20-05-2025,2
15012,4353,23,21-06-2025,2
15149,878,23,17-04-2025,2
15198,4655,23,06-08-2025,2
15408,7575,23,02-06-2025,2
15468,1311,23,01-04-2025,2
15579,4976,23,07-03-2025,2
15693,7273,23,02-10-2025,2
15741,227,23,12-12-2025,2
15934,3205,23,10-08-2025,2
15971,379,23,20-02-2025,2
15982,40,23,31-08-2025,2
16295,3675,23,11-11-2025,2
16677,1248,23,27-06-2025,2
17552,144,23,22-11-2025,2
17695,7333,23,27-07-2025,2
17976,5361,23,02-04-2025,2
18156,1172,23,26-03-2025,2
18448,5044,23,16-02-2025,2
18481,1984,23,27-11-2025,2
18519,6430,23,01-12-2025,2
18855,6997,23,11-06-2025,2
19236,7841,23,19-03-2025,2
19306,2896,23,01-03-2025,2
19474,179,23,09-06-2025,2
19728,2403,23,13-03-2025,2
19729,3214,23,29-09-2025,2
20559,6991,23,26-06-2025,2
20599,1885,23,21-10-2025,2
20625,2298,23,05-12-2025,2
20783,5702,23,10-05-2025,2
20794,5404,23,16-01-2025,2
21376,3375,23,18-04-2025,2
21459,867,23,12-05-2025,2
21659,7855,23,22-10-2025,2
21710,4316,23,12-12-2025,2
21796,530,23,13-11-2025,2
21873,5355,23,10-05-2025,2
21882,6091,23,13-03-2025,2
22011,6965,23,30-06-2025,2
22256,3727,23,21-01-2025,2
22357,3625,23,20-09-2025,2
22377,4302,23,26-09-2025,2
22517,6665,23,07-05-2025,2
22588,9,23,27-10-2025,2
22619,3900,23,29-01-2025,2
22815,3307,23,24-09-2025,2
22920,360,23,08-08-2025,2
23680,3095,23,18-07-2025,2
23755,4184,23,01-10-2025,2
23975,1788,23,18-08-2025,2
24272,2828,23,06-08-2025,2
24414,3678,23,05-01-2025,2
24433,7668,23,12-02-2025,2
24590,6708,23,19-03-2025,2
24790,329,23,16-12-2025,2
24793,1100,23,28-08-2025,2
24796,1082,23,25-12-2025,2
25010,4532,23,11-12-2025,2
25152,1836,23,26-03-2025,2
25175,4483,23,02-05-2025,2
25240,1617,23,31-05-2025,2
25710,6136,23,13-01-2026,2
25854,3538,23,20-06-2025,2
26020,5490,23,19-03-2025,2
26122,3105,23,13-02-2025,2
26208,7190,23,07-01-2025,2
26273,2179,23,20-08-2025,2
26445,2096,23,18-01-2026,2
27050,196,23,25-02-2025,2
27085,741,23,13-11-2025,2
27139,5035,23,17-01-2026,2
27181,5488,23,31-08-2025,2
27316,6833,23,06-04-2025,2
27358,6117,23,02-04-2025,2
27839,6231,23,06-07-2025,2
272,3186,10,27-08-2025,2
431,5244,10,24-08-2025,2
670,6224,10,06-07-2025,2
816,1966,10,23-11-2025,2
994,5757,10,10-09-2025,2
1011,4068,10,30-10-2025,2
1069,6633,10,21-05-2025,2
1297,4721,10,27-06-2025,2
1340,2181,10,12-07-2025,2
1704,2367,10,24-08-2025,2
1916,4858,10,01-03-2025,2
1956,6351,10,02-11-2025,2
2059,7530,10,04-03-2025,2
2199,3806,10,11-01-2025,2
2444,7532,10,28-12-2025,2
2537,5115,10,17-10-2025,2
2747,7213,10,03-08-2025,2
2991,6698,10,28-04-2025,2
3386,7076,10,19-04-2025,2
3543,2911,10,02-04-2025,2
3653,1964,10,27-10-2025,2
3943,6581,10,14-01-2025,2
4052,6088,10,16-06-2025,2
4063,7115,10,03-08-2025,2
4781,7203,10,09-04-2025,2
4889,3623,10,31-12-2025,2
5331,3000,10,23-07-2025,2
5424,6126,10,14-01-2026,2
5916,5330,10,17-12-2025,2
6197,5308,10,05-08-2025,2
6479,1936,10,27-09-2025,2
6564,2901,10,12-10-2025,2
6578,5594,10,07-09-2025,2
6738,7665,10,07-11-2025,2
7603,5581,10,01-01-2025,2
7615,3934,10,01-04-2025,2
7634,2052,10,25-10-2025,2
7790,4776,10,19-05-2025,2
7866,743,10,11-10-2025,2
7965,6302,10,21-01-2025,2
8217,1378,10,15-05-2025,2
8233,771,10,06-02-2025,2
8242,1227,10,14-01-2025,2
8259,7703,10,29-01-2025,2
8756,1862,10,31-10-2025,2
9043,2505,10,29-10-2025,2
9096,7443,10,06-01-2025,2
9479,2335,10,01-03-2025,2
9514,7016,10,19-11-2025,2
9674,6450,10,29-11-2025,2
9818,2614,10,17-01-2026,2
10185,6405,10,04-12-2025,2
10315,3366,10,14-10-2025,2
10395,7700,10,15-02-2025,2
10488,2088,10,16-03-2025,2
10548,4031,10,19-06-2025,2
10594,1583,10,27-08-2025,2
10620,4252,10,24-08-2025,2
10711,3136,10,08-01-2025,2
10877,1958,10,24-09-2025,2
10926,1134,10,05-03-2025,2
11186,4593,10,31-03-2025,2
11409,644,10,29-10-2025,2
11741,2649,10,16-12-2025,2
11882,4329,10,01-07-2025,2
12052,7493,10,17-02-2025,2
12353,961,10,18-08-2025,2
12409,4401,10,02-06-2025,2
12512,943,10,22-11-2025,2
12921,7173,10,28-10-2025,2
13468,541,10,05-06-2025,2
13659,6103,10,23-03-2025,2
13969,1476,10,19-12-2025,2
14064,2771,10,16-04-2025,2
14134,5021,10,07-10-2025,2
14139,3546,10,28-05-2025,2
14265,2988,10,08-06-2025,2
14460,2663,10,18-05-2025,2
14467,2671,10,21-02-2025,2
14583,803,10,12-09-2025,2
14682,5118,10,03-05-2025,2
14920,1496,10,22-08-2025,2
15326,4225,10,13-01-2025,2
15760,988,10,24-02-2025,2
15965,840,10,22-07-2025,2
15999,5443,10,15-01-2025,2
16075,6531,10,03-09-2025,2
16171,3231,10,19-05-2025,2
16220,5765,10,13-05-2025,2
16395,4669,10,29-07-2025,2
16844,4359,10,21-03-2025,2
16866,6431,10,19-02-2025,2
16885,5283,10,14-01-2026,2
16984,785,10,01-05-2025,2
17074,5614,10,04-01-2026,2
17079,262,10,29-09-2025,2
17080,2045,10,01-02-2025,2
17482,1913,10,09-01-2025,2
17594,3368,10,10-09-2025,2
17623,7146,10,04-06-2025,2
17922,1993,10,26-05-2025,2
18163,1313,10,06-12-2025,2
18212,2810,10,15-11-2025,2
18729,2339,10,22-12-2025,2
18896,6689,10,11-09-2025,2
19175,218,10,12-01-2026,2
19350,3060,10,31-12-2025,2
19509,1433,10,08-02-2025,2
19909,421,10,15-10-2025,2
20006,4262,10,07-08-2025,2
20590,4186,10,06-04-2025,2
20624,4447,10,09-03-2025,2
20767,5926,10,02-07-2025,2
20834,6459,10,21-02-2025,2
21037,4495,10,03-09-2025,2
21451,3054,10,17-10-2025,2
21976,7691,10,12-05-2025,2
22023,758,10,06-08-2025,2
22183,3566,10,07-03-2025,2
22353,6098,10,17-06-2025,2
22380,4622,10,12-01-2026,2
22604,7907,10,31-03-2025,2
22877,3619,10,01-04-2025,2
22879,1934,10,19-07-2025,2
23018,4051,10,11-08-2025,2
23075,190,10,18-08-2025,2
23351,5603,10,17-01-2026,2
23627,6219,10,21-01-2025,2
23908,1713,10,18-01-2026,2
23959,4718,10,04-02-2025,2
24018,6397,10,17-03-2025,2
24184,6500,10,30-05-2025,2
24246,5131,10,05-01-2025,2
24265,975,10,18-04-2025,2
24289,6661,10,29-07-2025,2
24985,3306,10,05-11-2025,2
25313,1537,10,06-01-2026,2
25342,7843,10,14-08-2025,2
25362,4843,10,25-03-2025,2
25535,5927,10,29-07-2025,2
25739,1293,10,19-02-2025,2
25935,7762,10,02-06-2025,2
26079,4505,10,11-04-2025,2
26409,6121,10,16-06-2025,2
26415,4860,10,17-08-2025,2
26448,2424,10,18-10-2025,2
26534,5385,10,30-04-2025,2
26830,4407,10,12-01-2026,2
26906,3407,10,15-02-2025,2
27111,3331,10,18-05-2025,2
27297,4725,10,04-09-2025,2
27617,4763,10,15-08-2025,2
27677,4037,10,10-01-2025,2
27801,6118,10,03-12-2025,2
27830,2169,10,20-08-2025,2
263,7447,16,22-02-2025,2
492,162,16,28-11-2025,2
713,5300,16,03-12-2025,2
746,2125,16,14-11-2025,2
750,4287,16,11-08-2025,2
767,2990,16,14-08-2025,2
1007,3012,16,28-08-2025,2
1020,3801,16,08-10-2025,2
1185,1039,16,29-08-2025,2
1321,6277,16,19-09-2025,2
1511,821,16,13-07-2025,2
1519,6677,16,28-09-2025,2
1654,358,16,23-08-2025,2
1721,1955,16,07-06-2025,2
1779,4378,16,18-05-2025,2
2254,3413,16,19-08-2025,2
2345,6789,16,26-01-2025,2
2518,2225,16,17-09-2025,2
3238,1170,16,19-11-2025,2
3370,3346,16,07-01-2025,2
3507,6472,16,31-05-2025,2
3548,728,16,02-09-2025,2
3775,5421,16,24-11-2025,2
4405,3594,16,07-07-2025,2
4502,6980,16,09-04-2025,2
4503,3406,16,23-07-2025,2
4580,2608,16,30-01-2025,2
4626,3225,16,23-05-2025,2
4908,7980,16,26-12-2025,2
4999,1488,16,23-01-2025,2
5133,46,16,27-05-2025,2
5138,5869,16,23-12-2025,2
5340,5155,16,02-02-2025,2
5461,6190,16,07-06-2025,2
5528,1834,16,20-06-2025,2
5565,5574,16,16-09-2025,2
5717,6036,16,13-04-2025,2
5794,6777,16,24-09-2025,2
6219,7304,16,14-09-2025,2
6263,4096,16,01-12-2025,2
6281,4203,16,21-12-2025,2
6532,203,16,31-07-2025,2
6682,5364,16,27-08-2025,2
6739,4493,16,04-05-2025,2
7398,4094,16,11-11-2025,2
7445,7750,16,14-10-2025,2
8236,7181,16,24-02-2025,2
8500,7228,16,09-05-2025,2
8745,2215,16,11-09-2025,2
8889,218,16,28-06-2025,2
9294,4191,16,20-08-2025,2
9323,5951,16,25-08-2025,2
9379,1689,16,03-07-2025,2
9552,7885,16,08-02-2025,2
9614,1189,16,16-01-2026,2
9704,2737,16,12-01-2025,2
9705,2427,16,07-01-2025,2
9742,3149,16,04-09-2025,2
9774,4177,16,24-06-2025,2
9819,7076,16,01-10-2025,2
9837,1196,16,18-06-2025,2
10079,4935,16,23-04-2025,2
10297,2695,16,01-08-2025,2
10351,4384,16,04-06-2025,2
10403,6610,16,18-07-2025,2
10437,1990,16,28-11-2025,2
11179,7528,16,09-06-2025,2
11342,5212,16,09-05-2025,2
11992,2155,16,16-04-2025,2
12287,609,16,20-08-2025,2
12326,6731,16,19-02-2025,2
12396,292,16,17-09-2025,2
12426,5952,16,29-12-2025,2
12431,2474,16,30-06-2025,2
12625,6947,16,09-10-2025,2
12822,6045,16,06-01-2026,2
13492,426,16,22-04-2025,2
13548,61,16,10-01-2025,2
13573,2598,16,28-06-2025,2
13901,614,16,20-12-2025,2
13960,7506,16,30-06-2025,2
14354,6342,16,12-09-2025,2
14427,1055,16,22-04-2025,2
14553,5769,16,11-10-2025,2
14844,6941,16,17-01-2025,2
14864,2113,16,29-04-2025,2
14942,7609,16,06-12-2025,2
15406,6580,16,30-06-2025,2
15429,6950,16,08-10-2025,2
15682,4733,16,14-01-2026,2
15815,2265,16,21-10-2025,2
15861,5384,16,14-06-2025,2
16097,3386,16,05-12-2025,2
16435,454,16,29-07-2025,2
16487,1318,16,10-12-2025,2
16525,7512,16,22-11-2025,2
16539,6073,16,23-04-2025,2
16758,3146,16,03-01-2025,2
16862,5174,16,18-07-2025,2
16883,2998,16,03-04-2025,2
17177,5786,16,08-11-2025,2
18115,6881,16,26-09-2025,2
18164,4842,16,16-06-2025,2
19237,4812,16,11-01-2026,2
19377,3284,16,16-11-2025,2
19537,6284,16,08-05-2025,2
19557,6461,16,13-07-2025,2
19734,755,16,24-03-2025,2
19955,4134,16,17-06-2025,2
20065,1591,16,20-06-2025,2
20101,3386,16,31-12-2025,2
20896,480,16,08-05-2025,2
20925,3473,16,02-05-2025,2
21092,3328,16,15-01-2026,2
21230,3387,16,01-04-2025,2
21383,7895,16,25-02-2025,2
21433,5528,16,14-11-2025,2
21618,2882,16,26-12-2025,2
21742,7039,16,14-04-2025,2
22093,3824,16,18-05-2025,2
22127,761,16,22-05-2025,2
22199,1976,16,14-10-2025,2
22270,4890,16,13-06-2025,2
22284,7573,16,04-10-2025,2
22383,297,16,15-11-2025,2
22439,868,16,24-04-2025,2
22633,6007,16,28-05-2025,2
22859,57,16,19-10-2025,2
22862,2281,16,04-09-2025,2
22900,6672,16,05-07-2025,2
23079,3598,16,02-02-2025,2
23505,4953,16,24-06-2025,2
23658,3010,16,08-09-2025,2
24023,1422,16,27-09-2025,2
24065,2791,16,24-12-2025,2
24097,6237,16,25-04-2025,2
24320,7002,16,08-09-2025,2
24534,6092,16,06-02-2025,2
24878,5441,16,19-12-2025,2
25079,4233,16,29-09-2025,2
25133,7694,16,17-05-2025,2
25587,1083,16,04-01-2025,2
25810,6468,16,22-11-2025,2
25954,1916,16,21-12-2025,2
26070,3626,16,01-03-2025,2
26422,3815,16,19-10-2025,2
26446,5442,16,12-01-2025,2
26453,4465,16,06-07-2025,2
26547,3406,16,20-04-2025,2
26681,7520,16,19-12-2025,2
26844,4825,16,18-03-2025,2
26884,1455,16,10-08-2025,2
27363,313,16,28-07-2025,2
27426,7726,16,04-10-2025,2
27582,6944,16,19-06-2025,2
27609,4653,16,10-04-2025,2
27833,258,16,08-04-2025,2
13,4489,20,02-05-2025,6
420,5124,20,22-09-2025,6
529,394,20,28-06-2025,6
631,4315,20,05-01-2026,6
663,6375,20,23-03-2025,6
954,5265,20,21-09-2025,6
1043,4176,20,30-07-2025,6
1308,2774,20,29-01-2025,6
1415,2402,20,25-09-2025,6
1506,1646,20,20-02-2025,6
1933,5019,20,01-12-2025,6
2877,2010,20,28-01-2025,6
2993,5757,20,29-03-2025,6
3152,3305,20,12-07-2025,6
3243,1772,20,25-10-2025,6
3408,4666,20,17-08-2025,6
3440,2568,20,18-01-2026,6
3492,2783,20,07-08-2025,6
3556,1280,20,17-02-2025,6
3726,3778,20,11-03-2025,6
3933,5707,20,23-09-2025,6
3995,228,20,26-06-2025,6
4525,295,20,21-05-2025,6
4584,2251,20,06-04-2025,6
4668,740,20,23-05-2025,6
4919,4651,20,08-10-2025,6
5075,7207,20,08-09-2025,6
5258,6377,20,03-11-2025,6
5447,6881,20,22-08-2025,6
5483,2290,20,15-09-2025,6
5486,6734,20,11-02-2025,6
5747,5510,20,26-05-2025,6
5829,1990,20,05-01-2025,6
6418,2293,20,24-08-2025,6
6619,1985,20,15-10-2025,6
6730,4795,20,18-05-2025,6
6823,5884,20,03-07-2025,6
6851,3290,20,22-06-2025,6
6867,5824,20,16-02-2025,6
6923,1293,20,29-04-2025,6
7240,6302,20,11-01-2025,6
7367,3612,20,05-06-2025,6
7400,3638,20,10-12-2025,6
7421,3776,20,21-05-2025,6
7447,1041,20,01-01-2026,6
7857,5218,20,28-08-2025,6
7966,1108,20,10-04-2025,6
8082,4481,20,19-09-2025,6
8083,956,20,11-11-2025,6
8325,6053,20,14-01-2025,6
8670,66,20,08-03-2025,6
9009,3546,20,14-07-2025,6
9236,1264,20,10-09-2025,6
9799,2130,20,07-12-2025,6
9960,7857,20,12-05-2025,6
10015,7129,20,28-01-2025,6
10173,708,20,21-11-2025,6
10295,4920,20,21-02-2025,6
10424,749,20,14-07-2025,6
10464,6485,20,30-07-2025,6
10608,7369,20,03-08-2025,6
10621,5918,20,23-02-2025,6
10702,7332,20,13-02-2025,6
10782,4730,20,17-06-2025,6
11023,6323,20,17-05-2025,6
11252,1486,20,05-08-2025,6
11401,7480,20,24-10-2025,6
11476,3204,20,21-11-2025,6
11710,5648,20,30-09-2025,6
11808,550,20,10-04-2025,6
11987,6280,20,22-09-2025,6
12606,7072,20,27-07-2025,6
12661,607,20,17-05-2025,6
13065,6254,20,06-02-2025,6
13443,5320,20,24-07-2025,6
13885,610,20,29-12-2025,6
14050,4823,20,24-08-2025,6
14374,7502,20,30-04-2025,6
14520,5908,20,12-04-2025,6
14542,771,20,14-01-2026,6
14634,7298,20,09-05-2025,6
14636,2245,20,25-02-2025,6
14746,7515,20,30-01-2025,6
14944,336,20,09-12-2025,6
14963,2393,20,11-05-2025,6
15118,2835,20,03-06-2025,6
15234,3808,20,09-07-2025,6
15235,4793,20,25-08-2025,6
15564,5314,20,14-02-2025,6
15697,6917,20,11-06-2025,6
15938,4109,20,19-12-2025,6
16117,2889,20,29-12-2025,6
16179,4659,20,23-12-2025,6
16284,7064,20,07-01-2026,6
16385,6873,20,23-08-2025,6
17090,5938,20,28-11-2025,6
17207,5611,20,08-03-2025,6
17491,7018,20,30-10-2025,6
17731,3673,20,10-03-2025,6
18054,5116,20,03-04-2025,6
18239,3742,20,24-11-2025,6
18415,6651,20,01-11-2025,6
18714,2818,20,28-03-2025,6
18879,6129,20,12-07-2025,6
18975,7066,20,14-02-2025,6
19060,539,20,22-08-2025,6
19356,182,20,24-02-2025,6
19756,4014,20,21-06-2025,6
19793,3017,20,15-11-2025,6
19830,6682,20,23-01-2025,6
19970,2598,20,04-12-2025,6
20159,5483,20,11-12-2025,6
20265,5494,20,03-06-2025,6
20336,2880,20,28-12-2025,6
20750,5721,20,21-07-2025,6
20899,78,20,24-03-2025,6
21105,3477,20,09-04-2025,6
21162,1069,20,05-04-2025,6
21259,4034,20,07-07-2025,6
21274,6215,20,08-12-2025,6
21804,5337,20,05-07-2025,6
21867,750,20,12-01-2025,6
22215,7243,20,10-11-2025,6
22491,6452,20,18-06-2025,6
22555,929,20,23-03-2025,6
22582,1502,20,09-07-2025,6
22712,1608,20,22-11-2025,6
22720,6875,20,09-09-2025,6
23025,3100,20,30-12-2025,6
23136,1226,20,17-01-2026,6
23217,1797,20,10-07-2025,6
23238,3066,20,05-01-2025,6
23298,6629,20,12-08-2025,6
23538,7004,20,21-03-2025,6
23673,4563,20,13-07-2025,6
23758,4316,20,11-05-2025,6
23913,6904,20,15-07-2025,6
24067,89,20,04-03-2025,6
24111,4742,20,22-05-2025,6
24333,2383,20,05-08-2025,6
24407,4537,20,21-01-2025,6
24512,6288,20,04-10-2025,6
25650,5906,20,27-12-2025,6
25821,5707,20,02-12-2025,6
25847,766,20,06-07-2025,6
26025,4704,20,10-10-2025,6
26622,7485,20,04-07-2025,6
26706,4521,20,08-07-2025,6
27347,7866,20,26-05-2025,6
27448,4844,20,15-04-2025,6
27744,3977,20,26-04-2025,6
27749,4920,20,27-03-2025,6
27854,1262,20,17-05-2025,6
27974,2506,20,27-12-2025,6
127,2934,13,08-07-2025,6
330,6878,13,18-10-2025,6
585,245,13,20-09-2025,6
730,7253,13,14-05-2025,6
758,7361,13,30-07-2025,6
1015,1797,13,30-08-2025,6
1033,4814,13,02-07-2025,6
1036,4299,13,30-06-2025,6
1174,2290,13,30-11-2025,6
1447,591,13,08-07-2025,6
1472,5908,13,02-01-2026,6
1493,5439,13,18-03-2025,6
1734,3794,13,27-05-2025,6
1781,5198,13,15-05-2025,6
2210,5441,13,13-07-2025,6
2317,670,13,15-02-2025,6
2354,7005,13,16-01-2026,6
2386,907,13,16-12-2025,6
2562,2684,13,09-06-2025,6
2708,5082,13,10-07-2025,6
2887,5563,13,26-03-2025,6
3004,4976,13,24-03-2025,6
3011,4843,13,11-09-2025,6
3499,552,13,11-06-2025,6
3712,6282,13,19-01-2025,6
3827,1022,13,13-03-2025,6
4905,6228,13,10-01-2026,6
4912,4234,13,10-09-2025,6
4998,7785,13,12-10-2025,6
5123,2983,13,15-10-2025,6
5175,5004,13,16-06-2025,6
5458,4590,13,21-03-2025,6
5552,6732,13,01-08-2025,6
5615,6463,13,05-01-2026,6
5768,1691,13,08-08-2025,6
5994,1246,13,11-08-2025,6
6003,3885,13,17-03-2025,6
6118,2440,13,10-10-2025,6
6212,1006,13,13-05-2025,6
6308,3492,13,02-03-2025,6
6457,6286,13,15-12-2025,6
6499,5469,13,19-11-2025,6
6726,1361,13,26-01-2025,6
6745,3054,13,10-12-2025,6
7047,6689,13,30-01-2025,6
7148,302,13,20-08-2025,6
7409,3712,13,30-08-2025,6
7472,4997,13,02-04-2025,6
7838,4320,13,13-10-2025,6
8072,2643,13,17-01-2025,6
8364,5175,13,30-07-2025,6
8539,1488,13,07-05-2025,6
8962,5232,13,21-02-2025,6
9027,3320,13,17-11-2025,6
9309,2900,13,01-01-2025,6
9395,4365,13,08-07-2025,6
9632,4548,13,26-03-2025,6
9692,6536,13,16-05-2025,6
10438,953,13,14-04-2025,6
10568,1146,13,15-07-2025,6
10640,4155,13,03-02-2025,6
10646,7762,13,09-11-2025,6
10715,5551,13,26-08-2025,6
10871,4098,13,27-07-2025,6
11797,1089,13,21-12-2025,6
12189,2788,13,09-12-2025,6
12548,5942,13,02-05-2025,6
12937,2087,13,24-04-2025,6
13516,4867,13,08-12-2025,6
13598,6187,13,13-10-2025,6
13776,256,13,11-12-2025,6
13814,2507,13,16-06-2025,6
13832,5093,13,25-09-2025,6
14065,7186,13,12-09-2025,6
14095,7064,13,24-02-2025,6
14097,1409,13,30-11-2025,6
14179,4130,13,09-08-2025,6
14369,2600,13,23-03-2025,6
14554,479,13,26-06-2025,6
14924,3819,13,22-07-2025,6
14930,7533,13,18-01-2025,6
15089,859,13,06-04-2025,6
15107,3961,13,24-03-2025,6
15286,1994,13,23-07-2025,6
15341,2660,13,17-08-2025,6
15422,3148,13,31-07-2025,6
15477,341,13,03-01-2025,6
15593,2669,13,26-01-2025,6
15763,2505,13,10-05-2025,6
16091,3600,13,15-06-2025,6
16147,6125,13,29-11-2025,6
17123,5690,13,30-06-2025,6
17270,5501,13,15-06-2025,6
17271,1365,13,17-09-2025,6
17311,4848,13,15-11-2025,6
17844,7768,13,26-11-2025,6
18044,6197,13,13-10-2025,6
18124,1250,13,20-04-2025,6
18242,2556,13,24-09-2025,6
18248,2304,13,12-04-2025,6
18641,3003,13,14-01-2026,6
18651,4801,13,31-03-2025,6
18656,467,13,22-12-2025,6
18664,99,13,29-06-2025,6
18676,2352,13,25-12-2025,6
18889,7659,13,06-05-2025,6
18987,4945,13,26-03-2025,6
19103,1664,13,07-10-2025,6
19527,7087,13,02-09-2025,6
20075,166,13,24-11-2025,6
20203,24,13,25-03-2025,6
20310,5877,13,09-03-2025,6
20378,2586,13,18-10-2025,6
20809,2337,13,31-01-2025,6
20856,4006,13,18-12-2025,6
20931,2290,13,03-10-2025,6
21441,3302,13,19-12-2025,6
21695,3401,13,01-05-2025,6
22213,3897,13,06-06-2025,6
22268,1939,13,24-09-2025,6
22286,7526,13,26-02-2025,6
22589,5395,13,22-09-2025,6
22615,497,13,10-03-2025,6
23186,7129,13,09-04-2025,6
23535,1706,13,11-07-2025,6
23940,149,13,14-02-2025,6
24326,474,13,19-05-2025,6
24375,5818,13,17-06-2025,6
24495,5688,13,04-04-2025,6
24804,2045,13,21-07-2025,6
24943,4769,13,24-01-2025,6
25173,4255,13,23-04-2025,6
25187,7768,13,16-05-2025,6
25198,5003,13,15-06-2025,6
25316,7851,13,17-11-2025,6
25348,2359,13,20-09-2025,6
25488,3695,13,02-05-2025,6
25539,1026,13,17-01-2026,6
25755,2645,13,17-07-2025,6
25994,4099,13,19-12-2025,6
26516,4801,13,15-04-2025,6
26563,3690,13,29-03-2025,6
26873,780,13,08-01-2026,6
26954,145,13,25-09-2025,6
27100,4684,13,30-05-2025,6
27254,271,13,20-03-2025,6
27326,2311,13,29-04-2025,6
27916,4887,13,25-07-2025,6
27936,1209,13,15-10-2025,6
145,1847,19,22-12-2025,6
147,1978,19,23-01-2025,6
302,1902,19,17-08-2025,6
434,5493,19,10-12-2025,6
637,4173,19,27-09-2025,6
1017,1728,19,24-11-2025,6
1278,1000,19,21-05-2025,6
1454,5073,19,21-07-2025,6
1456,4211,19,23-06-2025,6
1527,2027,19,14-10-2025,6
1941,6501,19,22-05-2025,6
2003,4764,19,19-12-2025,6
2048,2147,19,25-08-2025,6
2177,1112,19,12-09-2025,6
2483,4689,19,17-04-2025,6
2912,2073,19,21-06-2025,6
2961,6968,19,18-03-2025,6
3040,1790,19,05-09-2025,6
3086,6383,19,07-08-2025,6
3116,4652,19,09-12-2025,6
3522,2437,19,11-11-2025,6
3561,7617,19,01-09-2025,6
3650,1377,19,02-12-2025,6
3865,6805,19,11-02-2025,6
4119,4905,19,27-11-2025,6
4207,5044,19,13-07-2025,6
4280,737,19,26-11-2025,6
4326,560,19,05-10-2025,6
4459,4077,19,18-07-2025,6
4571,2494,19,05-01-2025,6
4747,5223,19,31-12-2025,6
4849,6387,19,19-08-2025,6
4985,4510,19,14-10-2025,6
5216,7425,19,20-02-2025,6
5338,7034,19,11-07-2025,6
5714,7326,19,06-05-2025,6
5970,3124,19,30-03-2025,6
6362,5622,19,18-01-2025,6
6581,4193,19,15-04-2025,6
6668,2246,19,18-07-2025,6
6776,6142,19,18-08-2025,6
7219,5302,19,03-04-2025,6
7624,4581,19,21-08-2025,6
8221,757,19,27-11-2025,6
8255,1543,19,18-11-2025,6
8606,265,19,15-08-2025,6
8906,6846,19,29-11-2025,6
9643,4340,19,06-02-2025,6
9675,2639,19,22-01-2025,6
9887,7304,19,07-01-2026,6
10093,2223,19,24-01-2025,6
10463,3310,19,31-08-2025,6
10906,139,19,27-10-2025,6
10930,3522,19,06-11-2025,6
10986,6483,19,16-01-2025,6
10987,2253,19,21-07-2025,6
11036,1092,19,04-01-2025,6
11493,7817,19,16-03-2025,6
11709,5446,19,29-11-2025,6
11724,6389,19,21-08-2025,6
11774,5211,19,03-01-2026,6
11846,7322,19,11-02-2025,6
11859,5145,19,06-12-2025,6
11914,7836,19,26-12-2025,6
12007,4693,19,24-12-2025,6
12095,170,19,18-11-2025,6
12142,6317,19,28-07-2025,6
12654,1310,19,18-02-2025,6
12684,4750,19,29-06-2025,6
12875,6482,19,19-01-2025,6
12968,1025,19,19-11-2025,6
12971,3665,19,01-09-2025,6
13102,1114,19,04-06-2025,6
13296,5288,19,23-02-2025,6
13724,4498,19,10-09-2025,6
13741,6867,19,27-11-2025,6
14113,7397,19,04-05-2025,6
14173,1323,19,30-03-2025,6
14177,6265,19,02-01-2026,6
14252,2834,19,02-04-2025,6
14301,1111,19,01-02-2025,6
14438,5497,19,25-09-2025,6
14450,6523,19,21-02-2025,6
14900,3167,19,13-07-2025,6
14914,4957,19,27-07-2025,6
15116,2203,19,15-10-2025,6
15566,6434,19,27-10-2025,6
15950,2828,19,18-03-2025,6
15989,3975,19,12-02-2025,6
16139,2447,19,17-10-2025,6
16218,3035,19,15-06-2025,6
16485,1221,19,11-09-2025,6
17069,7451,19,16-09-2025,6
17110,4675,19,14-12-2025,6
17122,407,19,12-01-2025,6
17239,4559,19,07-11-2025,6
17263,7685,19,14-11-2025,6
17268,1507,19,24-02-2025,6
17343,7429,19,12-09-2025,6
17396,1315,19,27-12-2025,6
17427,3547,19,10-03-2025,6
17826,7099,19,26-04-2025,6
17866,6798,19,04-06-2025,6
17917,4165,19,08-12-2025,6
18136,5041,19,06-08-2025,6
18144,2977,19,24-12-2025,6
18376,5856,19,17-01-2026,6
18395,7707,19,18-12-2025,6
18494,3998,19,10-10-2025,6
18581,6483,19,29-01-2025,6
18587,6714,19,05-06-2025,6
18886,1499,19,26-08-2025,6
18901,1992,19,21-07-2025,6
19275,5812,19,02-06-2025,6
19374,2231,19,28-05-2025,6
20149,5305,19,27-11-2025,6
20452,6115,19,21-12-2025,6
20490,1942,19,20-09-2025,6
20503,5274,19,03-01-2025,6
20990,6170,19,08-01-2025,6
21002,5506,19,08-01-2025,6
21027,4704,19,13-10-2025,6
21068,2212,19,13-06-2025,6
21111,5931,19,02-10-2025,6
21275,5344,19,25-05-2025,6
21527,1989,19,20-07-2025,6
22061,4268,19,08-08-2025,6
22174,1470,19,04-06-2025,6
22548,7172,19,24-12-2025,6
23013,5732,19,16-09-2025,6
23272,3962,19,28-02-2025,6
23326,3284,19,25-09-2025,6
23414,4708,19,22-06-2025,6
23644,5996,19,12-08-2025,6
23796,2077,19,06-09-2025,6
23928,1341,19,31-10-2025,6
24084,5615,19,07-10-2025,6
24314,3473,19,08-05-2025,6
24350,1826,19,31-05-2025,6
24962,5955,19,28-08-2025,6
25292,1190,19,28-11-2025,6
26269,1731,19,14-11-2025,6
26290,5586,19,14-01-2025,6
26631,5943,19,16-12-2025,6
27014,2677,19,09-11-2025,6
27353,5727,19,13-07-2025,6
27533,7996,19,28-04-2025,6
27712,64,19,23-02-2025,6
220,7725,18,09-12-2025,6
325,3658,18,09-08-2025,6
331,6740,18,22-10-2025,6
367,6206,18,07-01-2025,6
398,2881,18,20-11-2025,6
694,5783,18,17-07-2025,6
752,2283,18,18-12-2025,6
938,7005,18,08-10-2025,6
1084,5143,18,29-12-2025,6
1128,5429,18,11-05-2025,6
1150,4924,18,21-07-2025,6
1273,3440,18,20-12-2025,6
1331,5155,18,11-09-2025,6
1522,6505,18,23-05-2025,6
1613,6899,18,29-01-2025,6
1616,2607,18,01-01-2025,6
1642,6771,18,02-02-2025,6
2875,7022,18,30-05-2025,6
2971,3914,18,07-02-2025,6
3082,2624,18,11-10-2025,6
3137,5046,18,15-06-2025,6
3154,1206,18,27-04-2025,6
3232,2535,18,12-01-2026,6
3552,6628,18,22-07-2025,6
3640,4038,18,04-11-2025,6
3824,6295,18,08-11-2025,6
3876,1251,18,04-11-2025,6
4004,526,18,31-08-2025,6
4145,1947,18,17-02-2025,6
4601,7522,18,10-09-2025,6
4639,5299,18,22-07-2025,6
4730,868,18,13-01-2025,6
5736,3338,18,31-08-2025,6
6243,6859,18,10-01-2025,6
6246,5686,18,22-02-2025,6
6334,2946,18,05-04-2025,6
6348,19,18,18-02-2025,6
6489,6516,18,14-04-2025,6
6625,5348,18,23-06-2025,6
7085,2866,18,30-04-2025,6
7578,7957,18,07-11-2025,6
7619,7616,18,29-06-2025,6
7683,3101,18,04-10-2025,6
7903,4967,18,28-12-2025,6
8326,2678,18,29-10-2025,6
8746,5653,18,20-03-2025,6
8821,4909,18,05-11-2025,6
8839,1170,18,01-03-2025,6
9059,2397,18,28-04-2025,6
9195,2270,18,16-12-2025,6
9459,2645,18,11-08-2025,6
9579,7499,18,20-12-2025,6
9915,5287,18,24-09-2025,6
10024,481,18,20-01-2025,6
10044,3776,18,24-10-2025,6
10045,5482,18,23-11-2025,6
10772,4207,18,25-06-2025,6
10882,4294,18,28-03-2025,6
10924,427,18,10-07-2025,6
11269,4848,18,26-11-2025,6
11358,5032,18,12-02-2025,6
11369,6787,18,26-01-2025,6
11511,2684,18,20-05-2025,6
11594,7591,18,04-07-2025,6
11873,3160,18,18-04-2025,6
12035,2458,18,17-03-2025,6
12068,552,18,23-06-2025,6
12754,5510,18,21-09-2025,6
12894,3615,18,01-08-2025,6
12896,3269,18,28-12-2025,6
13185,7125,18,06-10-2025,6
13186,7139,18,04-02-2025,6
13500,5294,18,16-08-2025,6
13943,2868,18,07-04-2025,6
14082,5634,18,30-09-2025,6
14159,6086,18,25-07-2025,6
14304,4044,18,21-06-2025,6
14417,7379,18,05-08-2025,6
14584,3234,18,04-05-2025,6
15043,6699,18,16-01-2026,6
15113,4025,18,31-05-2025,6
15152,7087,18,11-04-2025,6
15260,6234,18,04-03-2025,6
15449,4780,18,08-05-2025,6
15561,4098,18,25-09-2025,6
15664,730,18,22-12-2025,6
15709,2600,18,24-11-2025,6
15825,5564,18,07-07-2025,6
15898,2810,18,13-05-2025,6
16288,2693,18,24-10-2025,6
16564,3862,18,05-09-2025,6
16730,6072,18,07-07-2025,6
16774,3359,18,12-08-2025,6
17350,5512,18,19-09-2025,6
17509,5088,18,24-04-2025,6
17718,1983,18,01-01-2025,6
17759,4347,18,23-01-2025,6
18057,2202,18,10-05-2025,6
18095,4478,18,19-06-2025,6
18201,6442,18,09-06-2025,6
18243,6830,18,15-03-2025,6
18396,4554,18,23-08-2025,6
18466,5753,18,25-01-2025,6
18792,5164,18,18-01-2025,6
19184,7175,18,23-10-2025,6
19208,3000,18,19-01-2025,6
19542,2836,18,19-06-2025,6
19694,1000,18,29-12-2025,6
19782,894,18,29-01-2025,6
19783,4813,18,22-06-2025,6
19985,2905,18,14-03-2025,6
20018,395,18,12-11-2025,6
20826,7095,18,25-10-2025,6
21030,2542,18,16-08-2025,6
21304,5866,18,27-09-2025,6
21612,2103,18,07-01-2026,6
21759,5247,18,27-06-2025,6
21835,1217,18,09-03-2025,6
21846,5325,18,23-05-2025,6
21932,4744,18,30-05-2025,6
22038,5488,18,17-03-2025,6
22626,7193,18,07-09-2025,6
22696,3928,18,31-07-2025,6
22792,7627,18,21-09-2025,6
23081,1121,18,27-06-2025,6
23194,6339,18,14-03-2025,6
23499,5211,18,25-12-2025,6
23551,3480,18,29-10-2025,6
23898,6833,18,17-12-2025,6
23955,5412,18,09-06-2025,6
24573,6411,18,20-07-2025,6
24678,490,18,10-10-2025,6
25001,1347,18,22-06-2025,6
25412,4569,18,13-01-2025,6
25439,5059,18,27-10-2025,6
25552,5973,18,27-04-2025,6
25708,6162,18,24-02-2025,6
25930,7897,18,28-07-2025,6
26135,832,18,18-08-2025,6
26334,3529,18,26-07-2025,6
26532,5044,18,11-08-2025,6
26946,6704,18,09-07-2025,6
27201,2098,18,30-11-2025,6
27658,4901,18,11-01-2025,6
27840,6246,18,26-01-2025,6
27881,3770,18,26-06-2025,6
27892,2901,18,03-10-2025,6
27940,4976,18,22-03-2025,6
31,584,16,19-02-2025,6
545,4206,16,03-11-2025,6
576,1792,16,19-09-2025,6
684,7489,16,25-07-2025,6
963,1055,16,07-06-2025,6
1555,2570,16,23-06-2025,6
1962,6460,16,08-12-2025,6
1987,3718,16,11-03-2025,6
2047,953,16,01-07-2025,6
2182,6850,16,04-12-2025,6
2351,2666,16,09-05-2025,6
2634,4772,16,09-01-2026,6
2687,6898,16,29-05-2025,6
2730,2940,16,25-03-2025,6
3494,5575,16,12-06-2025,6
3510,1243,16,02-01-2025,6
3711,3220,16,24-12-2025,6
4020,2886,16,13-05-2025,6
4160,2853,16,27-08-2025,6
4231,4551,16,30-05-2025,6
4355,740,16,24-01-2025,6
4547,7111,16,22-06-2025,6
4706,2393,16,05-11-2025,6
5026,2124,16,12-04-2025,6
5103,1667,16,23-12-2025,6
5387,3428,16,02-03-2025,6
5688,4475,16,19-12-2025,6
5712,2119,16,17-04-2025,6
6185,2934,16,22-08-2025,6
6270,6710,16,10-12-2025,6
6715,2015,16,16-12-2025,6
6727,6485,16,17-12-2025,6
6864,5013,16,04-05-2025,6
7150,5943,16,14-08-2025,6
7190,6548,16,05-01-2026,6
7521,7665,16,06-08-2025,6
7552,4650,16,08-01-2026,6
7564,5943,16,30-07-2025,6
7841,4399,16,30-01-2025,6
8104,3399,16,21-07-2025,6
8431,4944,16,23-03-2025,6
8486,5196,16,30-04-2025,6
8550,4852,16,20-12-2025,6
8763,2548,16,07-08-2025,6
8789,5612,16,16-09-2025,6
9074,1203,16,24-06-2025,6
9161,678,16,07-07-2025,6
9356,4982,16,22-01-2025,6
10209,634,16,27-02-2025,6
10462,866,16,07-12-2025,6
10517,2191,16,20-05-2025,6
10684,389,16,20-02-2025,6
10689,1879,16,13-10-2025,6
10724,6423,16,21-05-2025,6
10818,2950,16,26-03-2025,6
11130,7383,16,12-08-2025,6
11319,2918,16,22-05-2025,6
11509,2936,16,10-06-2025,6
11535,3494,16,19-08-2025,6
11728,6109,16,02-08-2025,6
11982,1079,16,27-07-2025,6
12385,4989,16,14-01-2025,6
12483,6795,16,30-09-2025,6
12556,7321,16,13-09-2025,6
12579,3076,16,31-08-2025,6
12808,1792,16,11-04-2025,6
12957,6519,16,12-01-2025,6
13001,2502,16,04-02-2025,6
13119,406,16,01-09-2025,6
13123,4645,16,01-06-2025,6
13239,2660,16,09-04-2025,6
13327,7591,16,25-09-2025,6
13416,4593,16,29-10-2025,6
13455,1270,16,03-06-2025,6
13477,357,16,06-04-2025,6
13562,399,16,16-04-2025,6
13651,1231,16,29-09-2025,6
13829,3603,16,24-11-2025,6
14044,7711,16,03-02-2025,6
14869,2991,16,29-04-2025,6
14921,3914,16,06-02-2025,6
15223,245,16,12-06-2025,6
15481,610,16,04-12-2025,6
15654,7309,16,19-08-2025,6
16005,1431,16,19-01-2025,6
16216,2574,16,24-06-2025,6
16302,7868,16,08-07-2025,6
16303,4849,16,09-01-2025,6
16585,4540,16,14-05-2025,6
16952,1327,16,17-01-2025,6
17277,4783,16,04-01-2025,6
17345,6056,16,09-12-2025,6
17931,2910,16,24-12-2025,6
17970,882,16,15-03-2025,6
18293,5257,16,17-01-2025,6
18566,3520,16,10-05-2025,6
18815,5228,16,23-06-2025,6
19081,6882,16,01-05-2025,6
19220,367,16,20-07-2025,6
19251,6829,16,01-09-2025,6
19354,5258,16,20-09-2025,6
19439,621,16,01-01-2026,6
19742,1142,16,15-07-2025,6
20550,5115,16,02-11-2025,6
20637,3059,16,19-06-2025,6
20958,7332,16,08-09-2025,6
20994,2532,16,10-08-2025,6
21017,5263,16,27-07-2025,6
21167,3600,16,12-01-2025,6
21551,7688,16,12-05-2025,6
21566,6666,16,27-04-2025,6
21579,6492,16,06-10-2025,6
21685,1337,16,21-03-2025,6
22102,347,16,09-12-2025,6
22134,7722,16,22-07-2025,6
22263,7933,16,08-11-2025,6
22296,6079,16,09-04-2025,6
22456,2039,16,27-03-2025,6
22744,5710,16,31-01-2025,6
22882,3931,16,19-06-2025,6
22883,131,16,30-08-2025,6
23404,3140,16,23-12-2025,6
23892,5623,16,31-12-2025,6
24379,1854,16,16-01-2026,6
24400,1429,16,24-10-2025,6
24716,6642,16,09-10-2025,6
24773,3292,16,22-03-2025,6
25023,6695,16,11-10-2025,6
25132,2970,16,22-11-2025,6
25693,6807,16,05-09-2025,6
26767,6378,16,23-09-2025,6
26804,423,16,13-11-2025,6
26965,2426,16,29-09-2025,6
27003,1699,16,13-09-2025,6
27138,2298,16,15-09-2025,6
27209,6086,16,04-02-2025,6
27585,5308,16,24-08-2025,6
27601,154,16,13-01-2025,6
27627,3602,16,11-05-2025,6
27720,2758,16,20-04-2025,6
27848,3003,16,13-11-2025,6
48,1967,10,26-05-2025,6
315,928,10,28-03-2025,6
374,434,10,13-03-2025,6
396,3901,10,23-10-2025,6
1076,3844,10,06-10-2025,6
1230,1435,10,10-03-2025,6
1543,6862,10,07-11-2025,6
1736,3641,10,28-08-2025,6
1932,7017,10,10-06-2025,6
2128,2739,10,29-07-2025,6
2188,6349,10,25-01-2025,6
2497,7012,10,08-10-2025,6
2602,5631,10,30-03-2025,6
2647,3297,10,17-08-2025,6
2930,216,10,22-02-2025,6
3162,4367,10,07-07-2025,6
3473,4970,10,07-09-2025,6
3594,6617,10,10-04-2025,6
3639,5294,10,16-05-2025,6
3793,3396,10,18-01-2026,6
4171,2056,10,18-06-2025,6
4279,6030,10,05-09-2025,6
4507,3736,10,16-12-2025,6
4620,4160,10,04-09-2025,6
4846,7194,10,12-07-2025,6
4924,842,10,22-05-2025,6
5012,6008,10,14-03-2025,6
5024,990,10,16-10-2025,6
6195,197,10,01-09-2025,6
6205,1873,10,20-07-2025,6
6316,166,10,12-02-2025,6
6458,6591,10,03-01-2025,6
6786,6522,10,16-04-2025,6
7171,7131,10,12-12-2025,6
7220,510,10,04-01-2025,6
7592,4565,10,07-01-2025,6
8225,312,10,24-06-2025,6
8228,913,10,17-09-2025,6
8274,6655,10,06-10-2025,6
8528,7615,10,13-05-2025,6
8588,4510,10,04-10-2025,6
8607,1193,10,02-02-2025,6
8823,2055,10,05-01-2025,6
8874,6023,10,06-07-2025,6
8878,3425,10,22-06-2025,6
9211,2445,10,20-01-2025,6
9389,7172,10,08-03-2025,6
9399,3184,10,30-07-2025,6
10263,7269,10,24-09-2025,6
10290,2834,10,04-04-2025,6
10494,3708,10,06-01-2026,6
10614,7935,10,02-04-2025,6
10670,4608,10,18-03-2025,6
10862,2156,10,07-01-2025,6
11070,4838,10,11-01-2026,6
11173,7988,10,22-08-2025,6
11177,30,10,25-01-2025,6
11527,953,10,17-01-2025,6
11528,5156,10,14-07-2025,6
11779,5263,10,20-08-2025,6
11821,3760,10,07-06-2025,6
12009,5964,10,09-03-2025,6
12012,3631,10,17-02-2025,6
12024,4714,10,27-02-2025,6
12617,4045,10,08-01-2026,6
12638,1071,10,08-10-2025,6
12708,4400,10,05-05-2025,6
13150,1111,10,18-11-2025,6
13258,5979,10,26-01-2025,6
13261,4247,10,14-02-2025,6
13271,4279,10,16-01-2026,6
13376,1631,10,25-01-2025,6
13536,4558,10,04-10-2025,6
13542,1985,10,08-06-2025,6
13589,3269,10,23-09-2025,6
13911,2695,10,21-12-2025,6
14463,1672,10,23-05-2025,6
14484,3355,10,25-01-2025,6
14741,1998,10,30-11-2025,6
14932,5815,10,05-05-2025,6
15028,5961,10,31-08-2025,6
15060,1473,10,22-02-2025,6
15370,7779,10,17-12-2025,6
15608,2447,10,09-12-2025,6
16044,4078,10,03-09-2025,6
16154,1144,10,14-04-2025,6
16642,2611,10,29-05-2025,6
16679,6450,10,05-10-2025,6
16865,58,10,26-12-2025,6
16998,4179,10,31-01-2025,6
17454,846,10,24-05-2025,6
17941,7837,10,17-06-2025,6
18173,1473,10,19-05-2025,6
18392,4225,10,16-05-2025,6
18461,527,10,25-07-2025,6
18590,4224,10,18-10-2025,6
18702,5384,10,03-03-2025,6
18736,336,10,24-07-2025,6
18795,1292,10,20-07-2025,6
19422,7326,10,13-01-2026,6
19532,2222,10,11-12-2025,6
19536,5745,10,06-10-2025,6
19565,3244,10,07-12-2025,6
19621,5950,10,25-07-2025,6
19972,7815,10,16-12-2025,6
20081,7027,10,28-11-2025,6
20119,2009,10,16-01-2025,6
20470,65,10,04-01-2026,6
20502,7625,10,29-04-2025,6
20573,2607,10,21-12-2025,6
20868,4176,10,16-03-2025,6
20907,672,10,26-02-2025,6
21015,2624,10,19-09-2025,6
21153,262,10,03-01-2026,6
21457,1181,10,24-06-2025,6
21857,5873,10,22-08-2025,6
21894,776,10,29-11-2025,6
22121,2734,10,15-01-2026,6
22165,510,10,23-06-2025,6
22652,3793,10,16-03-2025,6
22820,5892,10,08-06-2025,6
22913,6680,10,10-04-2025,6
23260,3678,10,18-04-2025,6
23712,2296,10,12-02-2025,6
23750,5115,10,13-03-2025,6
23778,4779,10,30-07-2025,6
24033,3184,10,13-12-2025,6
24157,3643,10,06-02-2025,6
24551,3794,10,07-08-2025,6
25786,2914,10,12-01-2025,6
25809,6122,10,05-07-2025,6
26268,4640,10,21-01-2025,6
26387,7089,10,08-01-2025,6
26761,5245,10,10-04-2025,6
26815,7425,10,10-04-2025,6
26942,4053,10,25-07-2025,6
27612,6554,10,28-06-2025,6
27619,4457,10,28-04-2025,6
237,2575,3,05-04-2025,6
517,4083,3,30-05-2025,6
565,4760,3,16-05-2025,6
1313,3918,3,05-10-2025,6
1360,2176,3,24-06-2025,6
1483,913,3,27-07-2025,6
1590,4189,3,25-10-2025,6
1626,2230,3,18-02-2025,6
1643,2677,3,10-09-2025,6
2015,560,3,13-04-2025,6
2232,1538,3,20-08-2025,6
2329,1539,3,28-04-2025,6
2364,4379,3,04-10-2025,6
2461,1411,3,23-10-2025,6
2626,5739,3,23-09-2025,6
2697,4680,3,28-02-2025,6
2720,4089,3,12-03-2025,6
2960,1424,3,10-01-2026,6
3163,6322,3,21-11-2025,6
3409,4274,3,05-04-2025,6
3750,3411,3,20-12-2025,6
3868,1090,3,09-01-2025,6
4088,7825,3,15-06-2025,6
4262,3183,3,05-09-2025,6
4269,2190,3,29-09-2025,6
4408,7359,3,23-10-2025,6
4423,5898,3,30-07-2025,6
4869,1844,3,30-04-2025,6
4971,5323,3,08-01-2025,6
5627,7763,3,20-02-2025,6
5684,7216,3,23-01-2025,6
5956,2279,3,14-09-2025,6
6099,871,3,30-03-2025,6
6379,5197,3,03-02-2025,6
6391,1337,3,04-01-2025,6
6519,3577,3,09-01-2026,6
6706,95,3,13-06-2025,6
7182,1663,3,08-01-2025,6
7766,961,3,04-09-2025,6
7921,6285,3,22-02-2025,6
7995,7379,3,07-04-2025,6
8053,3754,3,04-08-2025,6
8056,2177,3,09-02-2025,6
8256,3372,3,02-11-2025,6
8845,5017,3,01-11-2025,6
9279,2439,3,15-05-2025,6
9428,744,3,04-10-2025,6
9722,5493,3,20-10-2025,6
10114,2308,3,17-10-2025,6
10388,4536,3,01-08-2025,6
11255,1411,3,30-11-2025,6
11429,5689,3,27-03-2025,6
11738,4127,3,26-10-2025,6
11962,6347,3,05-06-2025,6
11998,4550,3,04-11-2025,6
12014,3194,3,13-11-2025,6
12266,2782,3,21-04-2025,6
12355,4701,3,14-02-2025,6
12377,138,3,20-02-2025,6
12873,6406,3,04-05-2025,6
12944,7309,3,02-04-2025,6
13380,3929,3,07-07-2025,6
13407,2216,3,08-07-2025,6
14076,6102,3,21-09-2025,6
14116,6497,3,14-04-2025,6
14280,2471,3,20-07-2025,6
14891,2655,3,21-09-2025,6
15066,5923,3,11-09-2025,6
15243,2710,3,10-10-2025,6
15315,3196,3,21-08-2025,6
15330,1526,3,18-03-2025,6
15454,3925,3,25-10-2025,6
15467,6461,3,26-06-2025,6
15879,2054,3,09-02-2025,6
16355,4561,3,22-05-2025,6
16961,6670,3,20-10-2025,6
17008,6284,3,11-11-2025,6
17022,3929,3,11-04-2025,6
17378,647,3,31-07-2025,6
17381,1613,3,24-12-2025,6
17413,7187,3,19-06-2025,6
17646,1912,3,03-05-2025,6
17882,6910,3,06-12-2025,6
17969,886,3,07-06-2025,6
18445,6870,3,23-05-2025,6
18616,4297,3,18-11-2025,6
19001,4516,3,15-05-2025,6
19047,6179,3,11-06-2025,6
19177,5634,3,20-04-2025,6
19335,1267,3,12-01-2026,6
19827,6038,3,31-07-2025,6
19938,4498,3,23-03-2025,6
20154,2159,3,05-04-2025,6
20226,3483,3,28-03-2025,6
20323,6276,3,18-07-2025,6
20525,1788,3,05-01-2025,6
20787,1404,3,14-07-2025,6
20804,5861,3,28-01-2025,6
21085,2810,3,19-05-2025,6
21159,2256,3,07-09-2025,6
21213,6505,3,31-03-2025,6
21226,594,3,04-09-2025,6
21547,3533,3,16-02-2025,6
21548,2079,3,28-01-2025,6
21671,6206,3,02-07-2025,6
21832,6332,3,02-11-2025,6
21879,5722,3,21-04-2025,6
22089,6675,3,19-12-2025,6
22404,7209,3,14-07-2025,6
22765,6278,3,26-06-2025,6
23198,6447,3,21-06-2025,6
23330,2196,3,21-10-2025,6
24062,3017,3,12-08-2025,6
24091,2164,3,04-05-2025,6
24113,1461,3,18-11-2025,6
24267,7257,3,28-09-2025,6
24895,7981,3,21-03-2025,6
25002,7181,3,08-04-2025,6
25247,4363,3,14-06-2025,6
25324,529,3,24-02-2025,6
25423,4408,3,19-10-2025,6
25648,1156,3,28-03-2025,6
25738,1754,3,03-04-2025,6
25768,7372,3,13-01-2025,6
25842,7036,3,29-12-2025,6
25861,4156,3,13-11-2025,6
25965,4393,3,05-01-2026,6
25969,5409,3,11-10-2025,6
26142,416,3,25-08-2025,6
26203,6649,3,16-06-2025,6
26616,3631,3,20-06-2025,6
26859,3748,3,04-03-2025,6
27088,7128,3,14-05-2025,6
27156,3799,3,14-02-2025,6
27240,1688,3,23-03-2025,6
27470,1952,3,12-11-2025,6
27891,5221,3,08-09-2025,6
440,1391,2,09-02-2025,6
1348,5544,2,28-07-2025,6
1495,3630,2,24-07-2025,6
1824,3025,2,30-03-2025,6
2326,2369,2,17-12-2025,6
2396,1736,2,19-12-2025,6
2456,698,2,02-03-2025,6
3016,6514,2,22-01-2025,6
3066,4012,2,20-05-2025,6
3089,7842,2,30-12-2025,6
3266,6429,2,30-01-2025,6
3513,831,2,21-08-2025,6
3563,5368,2,11-01-2025,6
3614,4260,2,12-06-2025,6
3627,431,2,18-08-2025,6
3830,5440,2,08-12-2025,6
3993,4514,2,05-12-2025,6
4436,1244,2,29-03-2025,6
4485,3097,2,26-06-2025,6
4489,7752,2,18-01-2026,6
4813,738,2,09-09-2025,6
5217,5279,2,28-03-2025,6
6261,501,2,14-03-2025,6
6504,4847,2,22-09-2025,6
6546,7336,2,03-09-2025,6
7524,6128,2,11-11-2025,6
7554,491,2,21-12-2025,6
7946,2337,2,12-06-2025,6
8245,7696,2,22-02-2025,6
8737,1364,2,07-12-2025,6
8898,1386,2,13-01-2026,6
8922,7288,2,24-04-2025,6
8925,3128,2,18-01-2025,6
9491,1560,2,10-06-2025,6
9521,2101,2,19-01-2025,6
9733,2271,2,28-12-2025,6
9792,3191,2,08-01-2026,6
9843,5290,2,17-06-2025,6
9884,1567,2,23-05-2025,6
10029,6359,2,03-06-2025,6
10109,5683,2,02-02-2025,6
10212,7047,2,22-01-2025,6
10469,7839,2,08-10-2025,6
10550,2281,2,04-02-2025,6
11238,1619,2,25-04-2025,6
11380,57,2,29-12-2025,6
11666,6918,2,11-01-2025,6
12072,7360,2,09-12-2025,6
12220,1732,2,22-10-2025,6
12424,6510,2,04-12-2025,6
12491,3690,2,21-07-2025,6
12497,702,2,20-06-2025,6
12627,1955,2,17-11-2025,6
12793,5789,2,19-03-2025,6
13637,6032,2,14-11-2025,6
13694,6986,2,06-01-2026,6
13917,5115,2,09-04-2025,6
14071,2935,2,07-08-2025,6
14239,3681,2,08-07-2025,6
14452,7038,2,08-03-2025,6
14960,7026,2,09-02-2025,6
15054,1141,2,26-01-2025,6
15146,1550,2,21-04-2025,6
15268,2718,2,30-01-2025,6
15586,2207,2,06-09-2025,6
15817,4579,2,22-10-2025,6
15945,6223,2,15-01-2025,6
16007,6627,2,01-02-2025,6
16549,5373,2,27-03-2025,6
16691,7869,2,28-05-2025,6
16857,3156,2,15-10-2025,6
16875,2305,2,27-02-2025,6
16935,3363,2,30-07-2025,6
17024,4093,2,23-05-2025,6
17246,1841,2,26-06-2025,6
17693,7412,2,29-12-2025,6
18029,5907,2,16-11-2025,6
18240,4287,2,22-03-2025,6
18277,6795,2,05-06-2025,6
18578,5900,2,23-05-2025,6
18765,599,2,19-12-2025,6
18872,2756,2,05-12-2025,6
19024,1822,2,21-02-2025,6
19337,6075,2,31-05-2025,6
19372,7290,2,02-03-2025,6
19853,6569,2,06-06-2025,6
19860,3981,2,01-05-2025,6
19904,1932,2,12-10-2025,6
19934,4207,2,02-06-2025,6
19945,7275,2,03-08-2025,6
20132,7817,2,30-03-2025,6
20204,3588,2,09-03-2025,6
20217,6359,2,22-04-2025,6
20633,2206,2,15-09-2025,6
21031,2008,2,01-01-2026,6
21350,3377,2,13-01-2025,6
21703,4918,2,25-03-2025,6
21959,4050,2,25-09-2025,6
21991,7218,2,10-04-2025,6
22628,3225,2,04-10-2025,6
22677,5163,2,09-05-2025,6
22873,1211,2,12-02-2025,6
23022,3243,2,22-08-2025,6
23062,4652,2,16-10-2025,6
23184,2346,2,15-08-2025,6
23281,5604,2,19-04-2025,6
23305,4662,2,29-03-2025,6
23373,7344,2,22-06-2025,6
23396,1154,2,22-01-2025,6
23540,6648,2,12-09-2025,6
24055,6507,2,02-02-2025,6
24172,1588,2,10-11-2025,6
24237,1655,2,18-10-2025,6
25078,7572,2,02-01-2025,6
25141,3706,2,25-03-2025,6
25249,5629,2,09-06-2025,6
25303,3492,2,25-01-2025,6
25372,2126,2,07-05-2025,6
25424,5098,2,30-09-2025,6
25578,3702,2,24-09-2025,6
25634,6046,2,22-02-2025,6
25733,5215,2,03-02-2025,6
25757,1117,2,19-02-2025,6
25865,5257,2,11-04-2025,6
25959,3183,2,06-04-2025,6
25980,544,2,02-09-2025,6
26102,1000,2,14-09-2025,6
26498,1312,2,11-01-2025,6
26862,2905,2,31-03-2025,6
26893,3474,2,13-02-2025,6
27045,5455,2,25-11-2025,6
27108,7458,2,26-11-2025,6
27229,6959,2,24-11-2025,6
27249,5629,2,29-04-2025,6
27676,7815,2,08-01-2026,6
27832,7958,2,29-07-2025,6
103,6646,8,07-03-2025,6
288,2053,8,15-02-2025,6
338,327,8,15-12-2025,6
410,1458,8,04-10-2025,6
811,1428,8,12-07-2025,6
830,2082,8,05-08-2025,6
840,7771,8,04-03-2025,6
1127,2642,8,15-10-2025,6
1282,6061,8,20-09-2025,6
1637,1717,8,12-01-2026,6
2119,2486,8,08-01-2026,6
2174,1903,8,11-11-2025,6
2450,6072,8,07-04-2025,6
2693,7303,8,23-02-2025,6
3111,4963,8,27-06-2025,6
3185,1012,8,17-02-2025,6
3467,454,8,13-07-2025,6
3692,6129,8,20-06-2025,6
4298,3488,8,23-07-2025,6
4335,7847,8,14-12-2025,6
4419,92,8,06-10-2025,6
4454,2224,8,29-11-2025,6
4610,7501,8,06-02-2025,6
4683,2780,8,30-01-2025,6
4808,5956,8,12-01-2026,6
5047,2240,8,25-07-2025,6
5364,5583,8,29-11-2025,6
5585,6896,8,08-08-2025,6
5663,1593,8,19-03-2025,6
5673,6858,8,07-07-2025,6
5820,1106,8,02-08-2025,6
5862,6161,8,22-03-2025,6
6208,5379,8,16-02-2025,6
6213,5635,8,07-12-2025,6
7258,2375,8,16-01-2025,6
7718,4544,8,10-08-2025,6
8498,359,8,21-11-2025,6
8565,6223,8,24-01-2025,6
8726,4767,8,09-12-2025,6
8729,5669,8,09-06-2025,6
8850,2610,8,03-08-2025,6
8975,7148,8,25-10-2025,6
9455,3220,8,10-06-2025,6
10012,128,8,18-04-2025,6
10060,1280,8,01-01-2026,6
10134,5201,8,02-01-2026,6
10206,4836,8,05-09-2025,6
10508,3728,8,24-12-2025,6
10515,6258,8,13-08-2025,6
10863,3233,8,27-06-2025,6
12153,5088,8,29-04-2025,6
12306,5616,8,17-07-2025,6
12319,4016,8,24-02-2025,6
12330,4252,8,20-01-2025,6
12418,7882,8,01-07-2025,6
12487,2807,8,01-01-2025,6
12506,1450,8,16-03-2025,6
12691,747,8,17-06-2025,6
13029,4652,8,16-12-2025,6
13039,6694,8,15-11-2025,6
13096,6680,8,26-08-2025,6
13722,5491,8,31-08-2025,6
13882,4130,8,25-05-2025,6
14353,7821,8,06-04-2025,6
14382,5763,8,18-07-2025,6
14652,4756,8,26-05-2025,6
14888,1224,8,30-12-2025,6
14957,1055,8,31-01-2025,6
15231,2288,8,06-01-2026,6
15259,609,8,27-03-2025,6
15318,2153,8,26-12-2025,6
15736,4251,8,06-01-2026,6
15738,3106,8,02-07-2025,6
15792,3754,8,05-04-2025,6
15983,495,8,18-03-2025,6
16099,3440,8,13-07-2025,6
16306,3939,8,16-01-2026,6
16566,6750,8,29-11-2025,6
16629,3104,8,04-01-2025,6
16861,2334,8,23-02-2025,6
16963,3106,8,03-01-2026,6
17434,6524,8,14-06-2025,6
17578,1798,8,10-12-2025,6
17780,724,8,14-01-2026,6
18166,1986,8,25-10-2025,6
18620,2798,8,16-11-2025,6
18864,5046,8,12-01-2025,6
19004,840,8,29-01-2025,6
19045,4611,8,27-05-2025,6
19522,116,8,30-12-2025,6
19586,5708,8,16-01-2025,6
20073,1907,8,17-04-2025,6
20247,405,8,04-03-2025,6
20300,4697,8,24-02-2025,6
20417,289,8,01-06-2025,6
20824,6318,8,04-03-2025,6
21116,530,8,21-03-2025,6
21338,1861,8,05-06-2025,6
21426,4327,8,05-11-2025,6
21634,5730,8,04-02-2025,6
21688,4596,8,25-05-2025,6
21789,2346,8,16-06-2025,6
21825,2000,8,30-05-2025,6
22167,1774,8,28-06-2025,6
22177,5682,8,20-10-2025,6
22260,4693,8,24-01-2025,6
22480,7612,8,01-02-2025,6
22486,5072,8,28-02-2025,6
22688,2861,8,21-03-2025,6
22704,7851,8,10-03-2025,6
22901,2557,8,18-04-2025,6
23346,6154,8,04-11-2025,6
23962,3329,8,19-02-2025,6
24264,1272,8,19-03-2025,6
24699,7277,8,31-01-2025,6
24892,3261,8,21-09-2025,6
25080,7894,8,14-07-2025,6
25364,2469,8,08-02-2025,6
25373,7906,8,22-08-2025,6
25384,3933,8,25-03-2025,6
25570,7027,8,06-03-2025,6
25753,5098,8,11-01-2026,6
25805,104,8,22-06-2025,6
25897,3151,8,20-12-2025,6
25989,6063,8,30-03-2025,6
26007,6144,8,29-09-2025,6
26632,6044,8,15-07-2025,6
26742,7741,8,23-06-2025,6
27020,1962,8,05-08-2025,6
27099,1417,8,31-08-2025,6
27182,4806,8,30-12-2025,6
27311,15,8,20-02-2025,6
27382,271,8,08-05-2025,6
27406,2361,8,05-01-2025,6
27684,1797,8,05-01-2025,6
27966,6416,8,18-08-2025,6
32,5555,11,25-05-2025,6
73,5849,11,13-06-2025,6
291,1357,11,27-05-2025,6
548,7092,11,17-10-2025,6
592,2657,11,12-09-2025,6
835,1999,11,26-10-2025,6
1077,664,11,29-03-2025,6
1213,6078,11,14-11-2025,6
1215,5014,11,29-10-2025,6
1694,5222,11,12-11-2025,6
2732,6669,11,09-03-2025,6
2899,6650,11,13-06-2025,6
2909,3671,11,15-05-2025,6
3382,5907,11,23-06-2025,6
3778,4930,11,29-06-2025,6
4008,6241,11,16-10-2025,6
4220,54,11,22-03-2025,6
4512,7803,11,04-08-2025,6
4843,4183,11,19-07-2025,6
4868,4741,11,02-07-2025,6
5384,4073,11,11-11-2025,6
5431,6898,11,15-09-2025,6
5911,3665,11,25-11-2025,6
5978,2751,11,22-05-2025,6
6095,1576,11,22-03-2025,6
6595,3507,11,01-02-2025,6
6810,5191,11,23-11-2025,6
6859,2951,11,16-01-2025,6
6984,3524,11,23-08-2025,6
7154,890,11,18-08-2025,6
7175,6784,11,30-03-2025,6
7452,7851,11,29-05-2025,6
7636,7570,11,17-09-2025,6
7731,4503,11,24-03-2025,6
8035,3949,11,20-05-2025,6
8172,7479,11,21-02-2025,6
8421,371,11,11-09-2025,6
8943,3000,11,13-04-2025,6
9203,5385,11,12-02-2025,6
9232,7001,11,21-09-2025,6
9485,5030,11,14-09-2025,6
9664,6339,11,20-07-2025,6
9903,2527,11,23-06-2025,6
9957,1751,11,09-06-2025,6
10262,2136,11,05-11-2025,6
10374,2660,11,09-10-2025,6
10425,5993,11,04-11-2025,6
10566,461,11,15-04-2025,6
10705,1153,11,27-06-2025,6
10992,4498,11,20-05-2025,6
11059,3709,11,14-02-2025,6
11154,2675,11,31-10-2025,6
11198,5645,11,04-11-2025,6
11606,5831,11,04-05-2025,6
11690,2111,11,18-02-2025,6
11916,6816,11,13-07-2025,6
12366,7670,11,03-01-2026,6
12384,6451,11,12-03-2025,6
12705,155,11,12-12-2025,6
13068,2706,11,05-08-2025,6
13436,7878,11,01-07-2025,6
13545,7306,11,25-09-2025,6
13790,3195,11,08-10-2025,6
13880,1062,11,16-12-2025,6
13910,6137,11,01-10-2025,6
14380,1118,11,12-09-2025,6
14959,274,11,06-12-2025,6
15122,1175,11,07-09-2025,6
15154,3345,11,14-03-2025,6
15465,7062,11,08-08-2025,6
15790,848,11,07-01-2025,6
15887,7716,11,08-04-2025,6
15939,4802,11,19-06-2025,6
16065,775,11,26-10-2025,6
16088,3295,11,03-04-2025,6
16191,2713,11,27-02-2025,6
16292,661,11,08-02-2025,6
16457,511,11,16-11-2025,6
16775,751,11,13-03-2025,6
16896,530,11,01-02-2025,6
16909,3574,11,02-05-2025,6
17113,3006,11,10-08-2025,6
17930,1471,11,14-03-2025,6
17945,4888,11,04-03-2025,6
18127,4845,11,10-01-2026,6
18285,1459,11,24-10-2025,6
18484,1631,11,16-09-2025,6
18492,4200,11,06-02-2025,6
19102,2565,11,31-08-2025,6
19440,4235,11,07-05-2025,6
19476,2553,11,26-12-2025,6
19507,3629,11,15-01-2025,6
19957,5931,11,14-01-2026,6
20029,6561,11,29-07-2025,6
20111,3876,11,15-10-2025,6
20292,5672,11,16-10-2025,6
20439,6643,11,09-07-2025,6
20756,7613,11,02-11-2025,6
20900,6594,11,01-03-2025,6
20924,6200,11,06-05-2025,6
21360,707,11,31-08-2025,6
21407,6090,11,14-09-2025,6
21462,6674,11,29-01-2025,6
21714,6256,11,28-01-2025,6
21880,214,11,15-02-2025,6
22016,197,11,12-11-2025,6
22186,3239,11,13-07-2025,6
22301,4492,11,06-07-2025,6
22369,7856,11,03-10-2025,6
22566,3671,11,17-02-2025,6
22922,3602,11,01-03-2025,6
22989,1477,11,04-11-2025,6
23010,1409,11,27-04-2025,6
23364,5811,11,07-09-2025,6
23394,6306,11,21-04-2025,6
23410,4991,11,17-10-2025,6
23444,5328,11,12-07-2025,6
23597,3206,11,22-08-2025,6
23677,5290,11,24-10-2025,6
23897,3473,11,24-09-2025,6
24101,2073,11,23-08-2025,6
24112,3730,11,25-04-2025,6
24200,655,11,06-06-2025,6
24258,5713,11,08-01-2025,6
24971,4097,11,06-05-2025,6
25033,3265,11,12-04-2025,6
25627,2876,11,21-04-2025,6
25678,7625,11,16-05-2025,6
26735,5138,11,20-03-2025,6
27031,4778,11,29-08-2025,6
27175,363,11,22-01-2025,6
27270,2079,11,19-10-2025,6
27409,955,11,12-10-2025,6
27714,3619,11,05-08-2025,6
27760,7591,11,31-01-2025,6
112,2511,7,23-04-2025,6
296,1898,7,10-08-2025,6
442,6594,7,07-09-2025,6
557,1307,7,26-01-2025,6
590,3641,7,22-02-2025,6
873,3022,7,24-12-2025,6
931,7412,7,14-12-2025,6
946,3637,7,10-06-2025,6
1283,6417,7,16-08-2025,6
1470,6335,7,31-05-2025,6
1558,6661,7,16-01-2026,6
1954,4977,7,13-04-2025,6
2380,2030,7,19-04-2025,6
2498,1891,7,26-12-2025,6
2715,1883,7,29-12-2025,6
2994,6331,7,30-11-2025,6
3483,3628,7,23-05-2025,6
3621,2992,7,23-05-2025,6
3743,6596,7,14-01-2026,6
3767,1096,7,03-06-2025,6
3800,5761,7,20-09-2025,6
3928,6849,7,08-08-2025,6
4594,5693,7,14-11-2025,6
4600,498,7,29-05-2025,6
4757,7835,7,22-09-2025,6
4798,3451,7,17-07-2025,6
5110,7330,7,21-05-2025,6
5186,6368,7,23-03-2025,6
5429,6386,7,28-03-2025,6
5430,6901,7,12-04-2025,6
6016,6594,7,28-08-2025,6
6526,2476,7,07-03-2025,6
7399,6163,7,09-11-2025,6
7438,4827,7,18-03-2025,6
7906,3635,7,01-11-2025,6
7909,5860,7,09-04-2025,6
8145,1191,7,11-01-2025,6
8622,6407,7,09-11-2025,6
8723,6161,7,25-07-2025,6
8772,2208,7,19-04-2025,6
8908,4388,7,09-04-2025,6
9215,4892,7,26-01-2025,6
9783,7707,7,27-12-2025,6
9901,1873,7,16-01-2026,6
10036,6628,7,15-01-2026,6
10058,2490,7,08-04-2025,6
10254,6320,7,16-03-2025,6
10418,4420,7,07-10-2025,6
10422,4402,7,07-01-2025,6
10431,1334,7,28-10-2025,6
10553,4150,7,23-08-2025,6
10556,1462,7,19-06-2025,6
10704,538,7,11-05-2025,6
11068,7327,7,17-07-2025,6
11106,4052,7,24-07-2025,6
11524,5719,7,16-06-2025,6
11795,865,7,16-09-2025,6
12033,1925,7,14-03-2025,6
12246,2199,7,02-02-2025,6
12269,1353,7,01-01-2025,6
12273,3764,7,18-01-2025,6
12327,5320,7,17-09-2025,6
12597,3192,7,21-02-2025,6
12628,2462,7,05-05-2025,6
12646,5919,7,06-01-2026,6
12662,7721,7,25-07-2025,6
12738,3138,7,12-05-2025,6
12847,4122,7,10-01-2025,6
13255,7739,7,06-03-2025,6
13470,1336,7,22-12-2025,6
13603,6805,7,07-02-2025,6
13773,548,7,15-11-2025,6
14010,2366,7,02-09-2025,6
14053,593,7,14-03-2025,6
14111,6536,7,25-11-2025,6
14117,988,7,21-11-2025,6
14181,5160,7,17-07-2025,6
14212,2983,7,06-02-2025,6
14225,7790,7,23-05-2025,6
14739,174,7,25-04-2025,6
15062,7841,7,08-05-2025,6
15282,2809,7,09-01-2025,6
15283,2199,7,27-06-2025,6
15492,5432,7,20-07-2025,6
15641,5232,7,04-05-2025,6
16343,1250,7,15-03-2025,6
16370,1836,7,18-12-2025,6
16992,6072,7,25-07-2025,6
17266,4738,7,21-09-2025,6
17327,5051,7,20-07-2025,6
17889,5919,7,21-10-2025,6
18142,5460,7,12-04-2025,6
18176,1012,7,03-11-2025,6
18906,7404,7,09-05-2025,6
19462,7189,7,10-09-2025,6
19587,2260,7,16-11-2025,6
19722,4448,7,29-07-2025,6
20068,4013,7,25-04-2025,6
20461,1679,7,31-12-2025,6
20493,970,7,23-04-2025,6
20850,656,7,22-10-2025,6
21010,6454,7,12-11-2025,6
21072,2722,7,13-02-2025,6
21238,5032,7,08-06-2025,6
21469,7165,7,08-01-2025,6
21630,5399,7,15-02-2025,6
21847,5896,7,21-08-2025,6
21925,4648,7,07-05-2025,6
21942,6587,7,08-12-2025,6
22539,2169,7,03-01-2025,6
22587,538,7,05-10-2025,6
22617,2659,7,25-07-2025,6
22658,5615,7,28-02-2025,6
22962,5208,7,25-01-2025,6
23105,903,7,08-12-2025,6
23566,1964,7,31-08-2025,6
23604,950,7,09-02-2025,6
24669,7599,7,12-12-2025,6
24703,1125,7,19-01-2025,6
24849,3406,7,04-02-2025,6
24872,820,7,10-11-2025,6
24976,2724,7,31-10-2025,6
25072,5140,7,05-11-2025,6
25280,4727,7,08-01-2025,6
25441,6936,7,25-03-2025,6
25783,46,7,12-06-2025,6
25949,4080,7,14-09-2025,6
26470,7174,7,20-03-2025,6
26896,125,7,11-07-2025,6
26978,2114,7,21-04-2025,6
27017,865,7,19-08-2025,6
27565,7786,7,27-05-2025,6
27566,5236,7,17-06-2025,6
27761,796,7,28-03-2025,6
27914,4401,7,07-06-2025,6
43,3183,1,03-01-2026,6
107,1812,1,24-12-2025,6
284,5197,1,08-01-2025,6
306,2509,1,29-01-2025,6
451,1290,1,22-11-2025,6
589,7412,1,16-06-2025,6
1055,5507,1,05-10-2025,6
1229,1248,1,24-02-2025,6
1247,2176,1,14-12-2025,6
1742,1304,1,25-09-2025,6
1847,305,1,14-07-2025,6
2420,929,1,16-01-2026,6
2539,5122,1,17-12-2025,6
3007,1480,1,14-08-2025,6
3117,6253,1,01-09-2025,6
3667,7850,1,24-08-2025,6
4068,5429,1,22-12-2025,6
4396,6751,1,20-11-2025,6
4456,862,1,12-03-2025,6
4496,141,1,16-03-2025,6
4568,5199,1,02-09-2025,6
4689,1770,1,19-11-2025,6
4776,3583,1,16-05-2025,6
5219,1787,1,02-08-2025,6
5504,2679,1,10-11-2025,6
5693,6833,1,29-10-2025,6
5880,3857,1,07-04-2025,6
5885,3056,1,26-06-2025,6
6297,1395,1,28-07-2025,6
6452,514,1,07-12-2025,6
6733,7469,1,07-10-2025,6
6849,5552,1,02-06-2025,6
7222,6821,1,22-12-2025,6
7404,7544,1,11-05-2025,6
7546,2166,1,12-12-2025,6
8088,4367,1,26-03-2025,6
8148,7364,1,06-12-2025,6
8254,2858,1,23-01-2025,6
8603,5718,1,26-10-2025,6
8985,2780,1,20-09-2025,6
9439,2587,1,03-09-2025,6
9652,7617,1,08-07-2025,6
9847,3464,1,15-01-2026,6
9848,592,1,21-11-2025,6
10518,3674,1,19-01-2025,6
10740,3068,1,12-12-2025,6
10854,232,1,17-06-2025,6
10984,2698,1,28-10-2025,6
11129,7584,1,01-01-2026,6
11652,3279,1,20-02-2025,6
11904,5786,1,15-07-2025,6
11927,1944,1,04-03-2025,6
12042,1438,1,04-10-2025,6
12049,182,1,01-01-2025,6
12371,6706,1,16-08-2025,6
12991,5850,1,13-09-2025,6
13179,3854,1,07-07-2025,6
13259,7241,1,20-08-2025,6
13423,6638,1,16-01-2025,6
13700,723,1,02-10-2025,6
13714,2139,1,29-11-2025,6
13744,5734,1,10-09-2025,6
13843,2690,1,17-10-2025,6
14098,1938,1,11-10-2025,6
14549,5697,1,26-01-2025,6
14735,7353,1,05-03-2025,6
15219,4356,1,20-06-2025,6
15382,4510,1,20-06-2025,6
15712,3806,1,25-06-2025,6
15955,2434,1,14-01-2025,6
16046,5798,1,30-09-2025,6
16447,5085,1,14-03-2025,6
16641,4762,1,09-10-2025,6
16745,2226,1,27-09-2025,6
16882,4905,1,03-01-2026,6
16993,4356,1,10-05-2025,6
17060,3357,1,04-04-2025,6
17298,4570,1,09-01-2025,6
17347,6571,1,24-01-2025,6
17429,5570,1,01-01-2026,6
17790,2602,1,10-01-2026,6
18091,5792,1,27-02-2025,6
18241,4969,1,16-08-2025,6
18298,2704,1,01-07-2025,6
18400,898,1,25-03-2025,6
18672,4464,1,13-07-2025,6
18915,6369,1,05-08-2025,6
19091,744,1,16-08-2025,6
19190,6557,1,21-01-2025,6
19922,6449,1,29-11-2025,6
20085,4064,1,14-01-2025,6
20200,7750,1,22-03-2025,6
20696,6477,1,15-06-2025,6
20818,4309,1,28-05-2025,6
20960,2766,1,07-06-2025,6
21026,4801,1,09-03-2025,6
21137,212,1,21-10-2025,6
21705,2409,1,28-09-2025,6
21743,4009,1,29-09-2025,6
21760,250,1,02-09-2025,6
22073,4613,1,30-09-2025,6
22394,105,1,21-11-2025,6
22596,3636,1,12-08-2025,6
23153,7691,1,02-08-2025,6
23188,7270,1,26-09-2025,6
24011,5413,1,02-03-2025,6
24193,1484,1,20-12-2025,6
24221,894,1,06-02-2025,6
24226,1418,1,16-05-2025,6
24280,6313,1,17-03-2025,6
24370,3790,1,04-08-2025,6
24377,6536,1,05-12-2025,6
24523,467,1,08-10-2025,6
24756,7488,1,24-04-2025,6
25070,2929,1,02-04-2025,6
25629,546,1,18-05-2025,6
25896,7734,1,29-03-2025,6
25948,1671,1,23-12-2025,6
26219,5392,1,03-10-2025,6
26378,2456,1,01-01-2026,6
26402,3681,1,04-05-2025,6
26538,814,1,14-12-2025,6
26633,767,1,15-02-2025,6
26930,6804,1,16-10-2025,6
27095,7705,1,29-12-2025,6
27141,2635,1,24-08-2025,6
27327,4763,1,02-12-2025,6
27346,5868,1,27-03-2025,6
27348,5879,1,11-08-2025,6
27450,3853,1,20-04-2025,6
27598,5627,1,23-10-2025,6
27604,3481,1,16-12-2025,6
27637,2172,1,04-07-2025,6
27993,4656,1,21-06-2025,6
94,3338,17,12-01-2025,6
225,3034,17,03-02-2025,6
841,6377,17,19-02-2025,6
1158,770,17,03-02-2025,6
1315,1757,17,15-01-2025,6
1433,942,17,15-10-2025,6
1965,7834,17,05-01-2025,6
2022,5951,17,25-04-2025,6
2264,7134,17,17-10-2025,6
2336,3507,17,15-09-2025,6
2559,2816,17,22-12-2025,6
2857,2176,17,20-08-2025,6
2897,510,17,20-04-2025,6
3205,1299,17,26-04-2025,6
3814,5385,17,30-04-2025,6
4070,6552,17,11-12-2025,6
4202,6268,17,18-11-2025,6
4225,6601,17,03-09-2025,6
4334,146,17,28-07-2025,6
4426,343,17,02-01-2025,6
4755,6205,17,17-05-2025,6
4771,6443,17,02-06-2025,6
4938,1776,17,23-04-2025,6
5009,1329,17,30-05-2025,6
5371,7853,17,09-08-2025,6
5474,235,17,10-08-2025,6
5517,6039,17,03-08-2025,6
5539,5029,17,18-02-2025,6
5671,947,17,10-12-2025,6
5686,510,17,10-12-2025,6
6736,4658,17,25-12-2025,6
6820,5528,17,11-01-2025,6
6829,1855,17,23-01-2025,6
7337,7848,17,15-11-2025,6
7361,4325,17,26-02-2025,6
8362,7980,17,03-11-2025,6
8365,7322,17,24-05-2025,6
8439,214,17,31-07-2025,6
8522,2378,17,04-01-2025,6
8689,3970,17,27-04-2025,6
8768,2869,17,22-02-2025,6
9041,6915,17,28-04-2025,6
9146,6602,17,04-01-2026,6
9881,2322,17,17-07-2025,6
10372,1065,17,16-02-2025,6
10456,2671,17,14-08-2025,6
10524,3087,17,10-08-2025,6
10660,5571,17,07-10-2025,6
10801,996,17,09-10-2025,6
10923,5618,17,29-09-2025,6
11120,3706,17,09-08-2025,6
11300,5150,17,20-04-2025,6
11771,6125,17,27-08-2025,6
12473,4348,17,05-07-2025,6
12476,3308,17,11-07-2025,6
12745,4263,17,06-07-2025,6
12746,5294,17,19-09-2025,6
12856,5755,17,27-09-2025,6
13172,5471,17,12-05-2025,6
13344,4263,17,14-05-2025,6
13630,5532,17,06-05-2025,6
13642,4924,17,06-09-2025,6
14017,492,17,04-08-2025,6
14161,3781,17,22-04-2025,6
14174,304,17,28-10-2025,6
14285,6964,17,10-02-2025,6
14964,2398,17,12-08-2025,6
15033,5336,17,18-01-2026,6
15100,5808,17,10-10-2025,6
15271,1222,17,19-03-2025,6
15402,2444,17,02-06-2025,6
15552,5175,17,19-03-2025,6
15823,6406,17,10-01-2026,6
15930,5593,17,27-10-2025,6
15973,4341,17,06-05-2025,6
16383,4502,17,17-11-2025,6
16426,4278,17,23-05-2025,6
16574,329,17,22-04-2025,6
16776,4686,17,03-08-2025,6
16814,5051,17,23-05-2025,6
17162,4482,17,01-12-2025,6
17362,7185,17,25-04-2025,6
17469,7422,17,01-11-2025,6
17525,4250,17,29-05-2025,6
17603,5790,17,30-03-2025,6
17642,5944,17,11-07-2025,6
18370,7986,17,25-10-2025,6
18817,2365,17,10-05-2025,6
19019,6860,17,13-11-2025,6
19153,7714,17,02-02-2025,6
19234,3896,17,30-07-2025,6
19292,3025,17,08-11-2025,6
19469,4526,17,31-08-2025,6
19477,3520,17,20-01-2025,6
19650,4759,17,02-10-2025,6
20004,3454,17,25-12-2025,6
20721,3238,17,30-12-2025,6
20740,2421,17,20-02-2025,6
20878,5617,17,10-01-2025,6
21282,4563,17,02-02-2025,6
21413,2237,17,15-03-2025,6
21558,111,17,29-05-2025,6
21676,3291,17,18-07-2025,6
22128,2237,17,13-01-2026,6
22346,1427,17,30-08-2025,6
22396,7461,17,26-02-2025,6
22533,7181,17,15-01-2026,6
22719,6597,17,23-09-2025,6
22836,2845,17,11-02-2025,6
23095,3574,17,26-07-2025,6
23353,2524,17,03-06-2025,6
23623,6999,17,21-02-2025,6
23704,5508,17,12-11-2025,6
23775,51,17,13-05-2025,6
23988,7875,17,19-03-2025,6
24162,3034,17,11-07-2025,6
24259,1561,17,08-02-2025,6
24593,1515,17,14-08-2025,6
24697,296,17,05-07-2025,6
24787,6971,17,01-06-2025,6
24810,3949,17,25-11-2025,6
25110,2878,17,04-11-2025,6
25281,861,17,27-08-2025,6
25297,3163,17,25-06-2025,6
25445,3032,17,17-07-2025,6
25801,7822,17,24-05-2025,6
26148,5975,17,31-10-2025,6
26193,6277,17,27-03-2025,6
27128,3134,17,03-12-2025,6
27719,4242,17,11-11-2025,6
27846,3027,17,13-01-2025,6
27942,2274,17,02-03-2025,6
110,2378,23,14-01-2025,6
172,5989,23,30-11-2025,6
194,7976,23,09-11-2025,6
310,5402,23,17-02-2025,6
607,3167,23,30-01-2025,6
630,3554,23,02-04-2025,6
771,4714,23,30-12-2025,6
897,4145,23,09-12-2025,6
1632,1684,23,06-01-2025,6
1861,3833,23,05-11-2025,6
2170,6705,23,15-04-2025,6
2304,7049,23,05-01-2025,6
2669,547,23,24-01-2025,6
3349,3739,23,04-01-2026,6
3520,7558,23,08-10-2025,6
3527,1990,23,02-09-2025,6
3731,3742,23,13-05-2025,6
3895,6405,23,04-01-2026,6
3922,2983,23,19-06-2025,6
3946,6248,23,18-06-2025,6
4182,4025,23,05-08-2025,6
4221,1651,23,26-01-2025,6
4375,427,23,25-04-2025,6
4421,7804,23,25-03-2025,6
4701,3021,23,24-02-2025,6
4981,4032,23,27-02-2025,6
5031,1938,23,22-03-2025,6
5274,1688,23,25-05-2025,6
5603,1030,23,20-10-2025,6
5838,1409,23,28-01-2025,6
6808,182,23,03-10-2025,6
6912,1432,23,27-01-2025,6
7062,3524,23,12-08-2025,6
7253,4131,23,09-04-2025,6
7684,6845,23,08-11-2025,6
7719,3527,23,01-07-2025,6
8154,1267,23,14-10-2025,6
8243,4862,23,10-01-2025,6
8285,4701,23,16-05-2025,6
8288,6552,23,05-09-2025,6
8396,7996,23,11-01-2026,6
8423,45,23,14-12-2025,6
8851,1664,23,02-07-2025,6
9198,6543,23,28-07-2025,6
9531,1831,23,06-08-2025,6
9787,5201,23,09-02-2025,6
9846,4232,23,17-12-2025,6
10091,3166,23,18-07-2025,6
10527,1899,23,18-02-2025,6
10683,7655,23,18-01-2025,6
10686,3986,23,28-02-2025,6
10810,1689,23,14-07-2025,6
10825,1568,23,04-05-2025,6
10971,4042,23,11-07-2025,6
11012,1953,23,10-01-2026,6
11426,1328,23,29-09-2025,6
11847,7140,23,08-01-2026,6
12271,1840,23,09-08-2025,6
12316,1852,23,06-03-2025,6
12324,4817,23,06-12-2025,6
12486,3293,23,25-04-2025,6
12640,5316,23,13-02-2025,6
12749,6168,23,06-07-2025,6
12797,4603,23,08-05-2025,6
12904,7713,23,23-10-2025,6
13171,2907,23,16-09-2025,6
13194,5176,23,07-07-2025,6
13199,6169,23,25-01-2025,6
13606,4963,23,18-06-2025,6
13921,7562,23,05-09-2025,6
14086,7133,23,28-09-2025,6
14222,1567,23,22-06-2025,6
14854,491,23,17-10-2025,6
14901,1094,23,28-08-2025,6
14910,41,23,03-07-2025,6
15294,5929,23,26-12-2025,6
15569,3626,23,15-01-2025,6
15632,887,23,15-06-2025,6
15923,199,23,09-12-2025,6
16024,2100,23,22-09-2025,6
16111,2950,23,11-03-2025,6
16192,7311,23,11-01-2026,6
16324,7760,23,16-09-2025,6
16524,7308,23,22-12-2025,6
16716,5616,23,13-10-2025,6
16889,1595,23,14-10-2025,6
17019,6531,23,13-03-2025,6
17243,2695,23,13-10-2025,6
17569,1638,23,14-12-2025,6
17744,7670,23,10-01-2026,6
17841,589,23,08-12-2025,6
18483,1811,23,06-01-2026,6
18579,1537,23,18-09-2025,6
18920,4073,23,28-09-2025,6
19057,6043,23,27-06-2025,6
19450,7401,23,02-09-2025,6
19517,4688,23,11-01-2026,6
19698,2119,23,01-08-2025,6
20003,5147,23,03-01-2025,6
20080,4113,23,07-07-2025,6
20202,3423,23,26-02-2025,6
20284,4071,23,12-02-2025,6
20527,3334,23,11-07-2025,6
20874,6681,23,19-09-2025,6
21095,4416,23,27-02-2025,6
21208,5347,23,07-07-2025,6
21258,7260,23,07-01-2026,6
21356,4380,23,15-07-2025,6
21656,5279,23,11-02-2025,6
22027,607,23,10-11-2025,6
22203,4527,23,31-03-2025,6
22522,2362,23,06-03-2025,6
22701,1577,23,24-09-2025,6
23534,7456,23,08-09-2025,6
23574,5662,23,09-03-2025,6
23816,2878,23,26-02-2025,6
24139,233,23,27-02-2025,6
25210,630,23,09-12-2025,6
25638,5222,23,02-03-2025,6
25964,1149,23,27-04-2025,6
26158,4745,23,21-08-2025,6
26215,440,23,26-03-2025,6
26291,7651,23,29-11-2025,6
26373,5421,23,24-07-2025,6
26657,6561,23,26-11-2025,6
27010,7043,23,22-10-2025,6
27204,5799,23,02-10-2025,6
27478,1871,23,09-10-2025,6
27849,3779,23,03-05-2025,6
27884,7279,23,14-12-2025,6
168,5376,5,11-11-2025,6
317,5260,5,29-08-2025,6
815,162,5,27-10-2025,6
1079,4969,5,03-10-2025,6
1098,4924,5,12-01-2025,6
1399,3184,5,14-06-2025,6
1444,2994,5,16-08-2025,6
1525,7395,5,21-06-2025,6
1725,7923,5,27-03-2025,6
2169,4945,5,15-12-2025,6
2204,3632,5,06-11-2025,6
2280,4504,5,25-10-2025,6
2416,5242,5,08-12-2025,6
2556,5739,5,08-07-2025,6
2560,2267,5,03-08-2025,6
2914,1495,5,10-10-2025,6
3446,732,5,03-09-2025,6
3751,28,5,19-11-2025,6
3920,5834,5,16-03-2025,6
4005,661,5,09-09-2025,6
4006,458,5,29-07-2025,6
4484,5517,5,20-04-2025,6
4530,4394,5,29-11-2025,6
4719,6970,5,01-01-2025,6
4810,1448,5,05-01-2025,6
5162,7710,5,09-06-2025,6
5314,5326,5,14-06-2025,6
5433,2356,5,01-12-2025,6
6218,7863,5,29-11-2025,6
6340,2778,5,27-08-2025,6
6409,1759,5,15-01-2026,6
6741,1915,5,20-05-2025,6
6875,7651,5,12-09-2025,6
7094,1751,5,19-04-2025,6
7423,7618,5,01-03-2025,6
7570,5842,5,06-06-2025,6
7969,2845,5,04-01-2026,6
8141,7196,5,12-03-2025,6
8179,4987,5,31-01-2025,6
8282,1561,5,01-06-2025,6
8350,6530,5,25-08-2025,6
8382,7359,5,24-05-2025,6
8759,4514,5,28-11-2025,6
9234,4366,5,24-01-2025,6
9366,2822,5,07-05-2025,6
9672,1974,5,01-09-2025,6
9700,391,5,02-08-2025,6
10051,7335,5,06-02-2025,6
10054,6524,5,04-09-2025,6
10492,3679,5,10-08-2025,6
10642,1498,5,04-01-2026,6
11701,2637,5,14-02-2025,6
11812,206,5,30-10-2025,6
11879,1999,5,03-01-2026,6
11881,4893,5,28-10-2025,6
12620,2075,5,05-01-2026,6
12664,4045,5,12-02-2025,6
12800,6658,5,28-04-2025,6
13078,6804,5,20-05-2025,6
13250,329,5,21-09-2025,6
13674,2282,5,28-10-2025,6
13957,5682,5,07-08-2025,6
14011,979,5,21-02-2025,6
14469,6987,5,22-04-2025,6
14755,2583,5,06-08-2025,6
14996,6799,5,07-02-2025,6
15007,7290,5,12-09-2025,6
15024,7764,5,09-05-2025,6
15061,6175,5,13-10-2025,6
15088,1963,5,10-02-2025,6
15469,7482,5,14-05-2025,6
15907,1790,5,19-02-2025,6
16414,6342,5,24-06-2025,6
16630,6771,5,27-01-2025,6
16994,4095,5,23-05-2025,6
17339,2268,5,22-08-2025,6
17441,5349,5,26-04-2025,6
17500,4077,5,01-08-2025,6
18244,5998,5,18-03-2025,6
18272,7337,5,09-05-2025,6
18726,5298,5,09-04-2025,6
18820,6035,5,10-09-2025,6
19063,7322,5,27-11-2025,6
19213,6236,5,19-04-2025,6
19363,6335,5,13-11-2025,6
19367,3658,5,21-02-2025,6
19426,7551,5,05-06-2025,6
19496,7679,5,25-08-2025,6
19666,5997,5,05-04-2025,6
19709,6365,5,18-12-2025,6
19725,2338,5,22-05-2025,6
19931,3713,5,11-11-2025,6
19975,2878,5,11-11-2025,6
20103,3365,5,02-09-2025,6
20340,7810,5,04-10-2025,6
20445,5761,5,09-12-2025,6
20688,3075,5,29-03-2025,6
21382,7887,5,23-03-2025,6
21586,7380,5,05-07-2025,6
21908,1516,5,18-03-2025,6
22070,2978,5,31-08-2025,6
22149,192,5,19-03-2025,6
23067,6092,5,04-05-2025,6
23122,7836,5,06-10-2025,6
23130,6333,5,16-09-2025,6
23263,6829,5,30-08-2025,6
23372,1215,5,22-10-2025,6
23547,5142,5,11-06-2025,6
23590,6639,5,21-08-2025,6
23730,3279,5,01-10-2025,6
23737,5569,5,01-02-2025,6
24409,7718,5,05-01-2026,6
24423,5674,5,25-09-2025,6
24560,5390,5,04-10-2025,6
24690,982,5,22-10-2025,6
24933,2057,5,05-05-2025,6
25109,4973,5,13-05-2025,6
25538,3921,5,25-08-2025,6
25999,5233,5,20-03-2025,6
26009,7220,5,23-09-2025,6
26226,5259,5,10-06-2025,6
26543,4472,5,20-04-2025,6
26857,1983,5,21-09-2025,6
27167,1418,5,09-12-2025,6
27303,2539,5,27-07-2025,6
27339,3549,5,10-11-2025,6
27781,2320,5,07-01-2025,6
117,4699,25,09-09-2025,6
209,697,25,09-11-2025,6
1380,3128,25,21-09-2025,6
1578,1510,25,16-02-2025,6
2173,4852,25,29-03-2025,6
2251,2461,25,24-04-2025,6
3227,5195,25,19-11-2025,6
3838,4345,25,09-09-2025,6
3902,4981,25,16-12-2025,6
4122,5634,25,18-07-2025,6
4659,6688,25,24-03-2025,6
4984,533,25,10-12-2025,6
5072,4153,25,04-08-2025,6
5137,281,25,17-06-2025,6
5457,5847,25,05-03-2025,6
5721,886,25,23-09-2025,6
5771,1680,25,22-10-2025,6
5879,241,25,07-12-2025,6
5901,7914,25,03-01-2026,6
5962,6097,25,04-10-2025,6
6002,3109,25,15-07-2025,6
6400,4517,25,12-01-2025,6
6423,7508,25,14-09-2025,6
6451,5755,25,24-05-2025,6
6877,5723,25,09-08-2025,6
6894,987,25,01-10-2025,6
6965,30,25,14-03-2025,6
7054,3658,25,18-05-2025,6
7117,3684,25,02-01-2025,6
7200,2563,25,12-10-2025,6
7278,2521,25,17-01-2026,6
7444,2343,25,16-02-2025,6
7843,7077,25,23-09-2025,6
8006,1481,25,04-10-2025,6
8284,2320,25,08-01-2025,6
8416,5073,25,17-12-2025,6
8734,5380,25,12-06-2025,6
9003,784,25,06-07-2025,6
9080,7946,25,09-12-2025,6
9304,1807,25,26-06-2025,6
9421,6313,25,23-10-2025,6
9763,2047,25,14-01-2026,6
9921,4102,25,20-01-2025,6
10059,2309,25,08-09-2025,6
10243,5777,25,16-12-2025,6
10480,6321,25,21-01-2025,6
10869,6000,25,23-01-2025,6
10900,6823,25,17-01-2025,6
11102,1067,25,27-07-2025,6
11164,228,25,18-06-2025,6
11468,786,25,31-07-2025,6
11556,950,25,17-06-2025,6
12131,2376,25,19-01-2025,6
12230,2511,25,28-05-2025,6
12392,1557,25,21-08-2025,6
12416,6420,25,13-02-2025,6
12614,6361,25,18-06-2025,6
12634,2839,25,27-07-2025,6
12963,4760,25,16-01-2025,6
13131,4379,25,08-06-2025,6
13302,7310,25,15-08-2025,6
13692,7463,25,20-10-2025,6
13982,3067,25,14-11-2025,6
14066,7012,25,27-02-2025,6
14165,6424,25,06-07-2025,6
14224,1007,25,01-01-2025,6
14395,404,25,28-10-2025,6
14836,6461,25,24-06-2025,6
14927,1,25,20-05-2025,6
15254,4284,25,02-02-2025,6
15551,7658,25,08-12-2025,6
15700,252,25,15-11-2025,6
16098,2711,25,22-06-2025,6
16354,4971,25,30-01-2025,6
16514,7279,25,11-04-2025,6
16615,5545,25,21-05-2025,6
16669,6965,25,17-04-2025,6
16686,4110,25,27-10-2025,6
16783,7838,25,21-01-2025,6
16939,5815,25,27-03-2025,6
17254,4557,25,08-03-2025,6
17853,4341,25,16-10-2025,6
18113,5328,25,19-01-2025,6
18498,6366,25,29-05-2025,6
18563,1173,25,28-08-2025,6
18786,4353,25,13-10-2025,6
18876,5442,25,15-03-2025,6
19494,3541,25,09-09-2025,6
19690,4280,25,17-01-2026,6
19943,3505,25,01-04-2025,6
20234,3540,25,04-10-2025,6
20242,2980,25,24-08-2025,6
20253,7068,25,25-10-2025,6
20269,4382,25,19-10-2025,6
20631,1147,25,15-05-2025,6
20948,7768,25,13-01-2025,6
20954,3420,25,18-08-2025,6
20963,1319,25,07-06-2025,6
21262,2656,25,08-12-2025,6
21448,2465,25,16-04-2025,6
21525,3477,25,24-04-2025,6
22037,2521,25,15-04-2025,6
22216,7640,25,06-05-2025,6
22317,736,25,25-03-2025,6
23797,3314,25,18-09-2025,6
23847,4638,25,03-07-2025,6
24022,4828,25,30-03-2025,6
24532,231,25,06-09-2025,6
24880,5906,25,24-11-2025,6
25006,7230,25,17-04-2025,6
25009,6984,25,02-07-2025,6
25213,7129,25,12-09-2025,6
25499,1640,25,19-10-2025,6
25721,5941,25,14-07-2025,6
25939,1207,25,12-05-2025,6
26232,1068,25,16-11-2025,6
26455,1637,25,02-08-2025,6
26483,1020,25,26-11-2025,6
26573,4884,25,27-06-2025,6
27277,6723,25,10-08-2025,6
27655,6101,25,17-03-2025,6
27764,6168,25,02-01-2025,6
27793,7749,25,20-06-2025,6
27882,5852,25,27-05-2025,6
27938,3005,25,04-01-2025,6
27953,6626,25,01-09-2025,6
27978,5518,25,07-03-2025,6
228,1321,24,21-10-2025,6
497,3920,24,04-04-2025,6
620,7523,24,14-04-2025,6
705,2518,24,23-09-2025,6
796,4539,24,06-02-2025,6
1065,7388,24,22-10-2025,6
1176,1135,24,08-10-2025,6
1209,3616,24,28-04-2025,6
1502,2145,24,01-04-2025,6
1517,7861,24,21-04-2025,6
1589,4029,24,19-01-2025,6
2198,1504,24,25-09-2025,6
2429,1282,24,08-06-2025,6
2822,250,24,10-02-2025,6
2903,1370,24,16-01-2026,6
3220,4357,24,18-01-2025,6
3281,4672,24,07-11-2025,6
3526,5241,24,06-12-2025,6
3937,3324,24,21-02-2025,6
3957,4160,24,22-01-2025,6
4178,4680,24,10-02-2025,6
4367,6186,24,26-08-2025,6
4563,1635,24,16-12-2025,6
4654,5907,24,18-03-2025,6
4819,5409,24,12-08-2025,6
4860,1336,24,07-03-2025,6
5002,6247,24,01-05-2025,6
5102,913,24,13-10-2025,6
5554,4774,24,12-01-2026,6
5583,1343,24,16-02-2025,6
5660,4643,24,12-12-2025,6
6416,6861,24,13-01-2025,6
6493,697,24,27-10-2025,6
6863,3866,24,04-01-2026,6
7122,4681,24,01-01-2026,6
7177,5295,24,06-03-2025,6
8625,3455,24,23-05-2025,6
8995,4933,24,15-10-2025,6
9056,1406,24,15-06-2025,6
9092,2537,24,21-09-2025,6
9186,3188,24,10-01-2025,6
9361,6301,24,30-09-2025,6
9377,1234,24,11-10-2025,6
9450,6024,24,09-09-2025,6
9502,3311,24,11-01-2025,6
9559,80,24,20-12-2025,6
9602,2515,24,12-11-2025,6
9861,707,24,14-12-2025,6
10244,7436,24,22-03-2025,6
10379,438,24,05-11-2025,6
10741,1716,24,20-08-2025,6
10975,527,24,28-10-2025,6
11188,2171,24,29-03-2025,6
11207,418,24,26-12-2025,6
11247,60,24,17-02-2025,6
11304,5038,24,03-11-2025,6
11554,6868,24,19-02-2025,6
11588,7110,24,01-06-2025,6
11979,1607,24,23-06-2025,6
12040,6907,24,28-11-2025,6
12338,6485,24,02-07-2025,6
12421,4618,24,01-07-2025,6
12762,442,24,14-11-2025,6
13004,5558,24,03-06-2025,6
13092,5165,24,17-07-2025,6
13897,1984,24,25-06-2025,6
14006,6763,24,02-01-2026,6
14101,2940,24,17-07-2025,6
14109,5302,24,14-05-2025,6
14198,4944,24,27-03-2025,6
14345,6638,24,19-11-2025,6
14670,6016,24,04-11-2025,6
14751,1721,24,15-10-2025,6
14977,500,24,24-03-2025,6
15528,6170,24,03-08-2025,6
15714,6040,24,27-04-2025,6
15953,7409,24,08-08-2025,6
16061,4781,24,23-02-2025,6
16281,2635,24,03-10-2025,6
16381,6121,24,21-02-2025,6
16590,5457,24,02-08-2025,6
16628,7758,24,04-02-2025,6
16668,4287,24,04-12-2025,6
17001,1749,24,01-10-2025,6
17049,1733,24,09-09-2025,6
17650,6401,24,08-07-2025,6
17829,919,24,12-02-2025,6
17906,69,24,30-04-2025,6
19042,4136,24,18-05-2025,6
19121,1214,24,01-04-2025,6
19125,3994,24,11-01-2026,6
19294,5504,24,27-07-2025,6
19735,785,24,07-03-2025,6
19741,332,24,23-01-2025,6
20198,4973,24,24-04-2025,6
20494,1880,24,13-12-2025,6
20974,6002,24,15-05-2025,6
21136,4556,24,02-01-2025,6
21158,3941,24,28-08-2025,6
21263,5870,24,28-05-2025,6
21392,1840,24,05-03-2025,6
21616,296,24,07-06-2025,6
21628,71,24,16-01-2025,6
21791,4565,24,21-05-2025,6
21862,1059,24,27-08-2025,6
22060,4072,24,07-01-2025,6
22358,2332,24,26-11-2025,6
22514,2857,24,22-12-2025,6
22527,2819,24,04-02-2025,6
22552,212,24,31-01-2025,6
22605,1267,24,10-06-2025,6
23503,3795,24,04-01-2026,6
23563,5531,24,10-10-2025,6
23964,2700,24,03-07-2025,6
24661,7802,24,20-12-2025,6
24683,3525,24,27-05-2025,6
25735,2557,24,01-10-2025,6
25952,4785,24,13-03-2025,6
26147,7854,24,02-12-2025,6
26581,2051,24,18-10-2025,6
26634,7784,24,25-04-2025,6
26744,6779,24,05-01-2025,6
27067,6502,24,13-11-2025,6
27090,523,24,11-11-2025,6
27205,7996,24,09-04-2025,6
27583,5564,24,09-02-2025,6
56,953,14,23-09-2025,6
62,2864,14,07-08-2025,6
89,3427,14,28-03-2025,6
90,3269,14,08-05-2025,6
210,776,14,07-01-2026,6
385,1494,14,11-08-2025,6
766,7920,14,01-04-2025,6
899,4753,14,28-10-2025,6
2005,4419,14,14-02-2025,6
2145,7897,14,22-05-2025,6
2332,555,14,12-03-2025,6
2463,1552,14,24-02-2025,6
2467,2010,14,08-03-2025,6
2482,1415,14,02-12-2025,6
2593,30,14,26-05-2025,6
2992,4522,14,05-04-2025,6
3094,4547,14,07-01-2026,6
3145,4363,14,01-01-2025,6
3178,5394,14,03-12-2025,6
3257,933,14,30-03-2025,6
3310,2243,14,22-02-2025,6
3453,3607,14,20-03-2025,6
3493,1345,14,13-05-2025,6
3525,6075,14,17-04-2025,6
3720,5359,14,26-05-2025,6
3754,6975,14,02-11-2025,6
3853,5632,14,15-11-2025,6
3954,763,14,02-03-2025,6
4203,1883,14,02-03-2025,6
4406,13,14,23-01-2025,6
4990,3965,14,11-09-2025,6
5266,6203,14,25-12-2025,6
5512,4279,14,03-07-2025,6
5532,3306,14,12-01-2026,6
6453,7286,14,04-01-2025,6
6469,3547,14,18-07-2025,6
7318,4847,14,27-04-2025,6
7384,5679,14,28-07-2025,6
8021,1871,14,16-01-2026,6
8185,7802,14,25-04-2025,6
8363,4961,14,05-04-2025,6
8436,5543,14,22-07-2025,6
8611,7339,14,10-01-2025,6
8635,181,14,08-01-2026,6
8900,6755,14,23-10-2025,6
8904,7749,14,03-11-2025,6
9435,4353,14,14-02-2025,6
10321,3490,14,12-11-2025,6
10709,6395,14,02-02-2025,6
10851,7328,14,20-01-2025,6
10969,5425,14,11-05-2025,6
11060,1661,14,24-06-2025,6
11114,5878,14,06-07-2025,6
11296,439,14,11-10-2025,6
11447,4760,14,22-03-2025,6
11549,2354,14,28-05-2025,6
11734,4302,14,03-05-2025,6
11850,6569,14,27-09-2025,6
11945,3125,14,28-08-2025,6
11997,4701,14,13-01-2025,6
12249,5427,14,10-12-2025,6
12262,261,14,22-06-2025,6
12864,3158,14,18-03-2025,6
13341,5811,14,23-09-2025,6
13452,5885,14,08-03-2025,6
13526,5094,14,21-08-2025,6
14148,6107,14,29-08-2025,6
14194,1075,14,09-01-2026,6
14254,5343,14,08-09-2025,6
14288,6721,14,09-09-2025,6
14455,5733,14,24-11-2025,6
14935,7930,14,04-04-2025,6
14976,4267,14,22-06-2025,6
15610,6105,14,19-06-2025,6
15638,4468,14,25-01-2025,6
15660,33,14,09-08-2025,6
15718,6740,14,11-07-2025,6
15804,2121,14,09-10-2025,6
15855,427,14,21-08-2025,6
15935,1785,14,07-08-2025,6
16006,668,14,11-07-2025,6
16018,3941,14,07-02-2025,6
16430,284,14,24-08-2025,6
16956,5783,14,17-04-2025,6
17065,2608,14,18-12-2025,6
17751,4666,14,31-08-2025,6
18474,4071,14,29-05-2025,6
18923,4945,14,15-11-2025,6
18964,1371,14,30-06-2025,6
19288,3539,14,30-10-2025,6
19312,7887,14,03-11-2025,6
19899,6308,14,05-06-2025,6
19967,1924,14,08-11-2025,6
20100,1395,14,01-04-2025,6
20432,106,14,27-09-2025,6
20743,3859,14,20-04-2025,6
21268,4241,14,23-11-2025,6
21610,7096,14,03-02-2025,6
21996,7624,14,14-03-2025,6
22331,4077,14,17-06-2025,6
22497,763,14,23-04-2025,6
22762,4734,14,01-06-2025,6
23001,7142,14,28-12-2025,6
23490,6391,14,22-08-2025,6
23622,5326,14,11-10-2025,6
23954,177,14,03-02-2025,6
24070,4462,14,04-08-2025,6
24188,1908,14,03-11-2025,6
24233,836,14,03-01-2025,6
24448,5596,14,09-12-2025,6
25258,1562,14,04-02-2025,6
25641,1988,14,22-09-2025,6
26016,5609,14,21-06-2025,6
26115,4453,14,22-07-2025,6
26456,2166,14,02-01-2026,6
26741,2660,14,01-07-2025,6
26754,7516,14,17-10-2025,6
26858,5580,14,02-10-2025,6
27098,1303,14,03-02-2025,6
27173,4760,14,20-09-2025,6
27706,7002,14,13-02-2025,6
27735,3882,14,07-07-2025,6
27850,7492,14,17-12-2025,6
67,7770,4,01-01-2025,6
406,1499,4,29-08-2025,6
415,2100,4,11-01-2025,6
613,2546,4,30-08-2025,6
695,5801,4,26-02-2025,6
810,2984,4,18-03-2025,6
1672,5084,4,24-12-2025,6
1717,2060,4,29-03-2025,6
1951,2979,4,12-02-2025,6
2195,3608,4,18-04-2025,6
2404,123,4,22-07-2025,6
2488,7396,4,05-08-2025,6
2714,6563,4,21-01-2025,6
2997,835,4,08-07-2025,6
3068,7174,4,08-07-2025,6
3429,6982,4,05-02-2025,6
3805,4739,4,25-11-2025,6
4187,6691,4,30-12-2025,6
4252,6598,4,25-07-2025,6
4349,5780,4,16-05-2025,6
4357,1274,4,23-08-2025,6
4660,4388,4,15-04-2025,6
4699,951,4,07-09-2025,6
4979,6374,4,02-05-2025,6
5059,4174,4,09-04-2025,6
5228,2702,4,06-06-2025,6
5327,3246,4,18-04-2025,6
6047,3796,4,17-05-2025,6
6054,1879,4,27-12-2025,6
6073,7043,4,22-07-2025,6
6170,6371,4,16-04-2025,6
6319,5495,4,03-07-2025,6
6345,6993,4,14-05-2025,6
6433,2883,4,14-05-2025,6
6552,6128,4,18-09-2025,6
6897,7633,4,20-05-2025,6
7043,2834,4,02-01-2025,6
7093,6692,4,10-08-2025,6
7422,5181,4,26-06-2025,6
7802,4463,4,30-03-2025,6
7905,3358,4,23-11-2025,6
8093,595,4,12-09-2025,6
8164,5614,4,04-02-2025,6
8280,1039,4,12-02-2025,6
8484,5916,4,05-09-2025,6
8698,7224,4,08-09-2025,6
8796,7441,4,24-04-2025,6
8799,998,4,28-08-2025,6
8868,1276,4,06-06-2025,6
9173,1133,4,10-03-2025,6
9489,6750,4,31-12-2025,6
9599,7349,4,19-12-2025,6
9695,864,4,09-01-2026,6
10251,117,4,21-06-2025,6
11148,350,4,06-09-2025,6
11181,3982,4,28-05-2025,6
11433,1289,4,03-07-2025,6
11477,3575,4,03-05-2025,6
12290,1009,4,12-05-2025,6
12805,4037,4,15-09-2025,6
12928,7211,4,04-01-2025,6
13266,5401,4,15-08-2025,6
13608,2499,4,12-08-2025,6
13730,509,4,11-12-2025,6
13811,683,4,10-08-2025,6
13899,5618,4,04-07-2025,6
14120,849,4,02-06-2025,6
14223,483,4,13-08-2025,6
14295,5058,4,05-04-2025,6
14456,5085,4,16-08-2025,6
14821,1398,4,16-01-2026,6
14880,3196,4,14-12-2025,6
15288,1269,4,15-11-2025,6
15345,2719,4,19-04-2025,6
15721,5223,4,12-08-2025,6
16021,6506,4,23-11-2025,6
16271,198,4,19-02-2025,6
16298,6276,4,19-11-2025,6
16323,7255,4,16-12-2025,6
16667,201,4,04-07-2025,6
16792,1461,4,10-09-2025,6
16943,3838,4,29-08-2025,6
17109,7070,4,28-07-2025,6
17515,6470,4,22-10-2025,6
17522,3946,4,25-10-2025,6
17645,3969,4,21-12-2025,6
18956,572,4,02-07-2025,6
19117,339,4,13-02-2025,6
19997,7581,4,25-05-2025,6
20971,7389,4,15-12-2025,6
21185,416,4,29-11-2025,6
21236,1294,4,10-04-2025,6
21266,6316,4,06-03-2025,6
22407,6485,4,13-09-2025,6
22857,4061,4,18-09-2025,6
22896,2606,4,10-12-2025,6
23058,3695,4,10-06-2025,6
23142,6765,4,17-04-2025,6
23270,4369,4,14-01-2025,6
23489,4089,4,17-10-2025,6
23721,2704,4,07-09-2025,6
23915,4406,4,06-12-2025,6
24009,3604,4,28-07-2025,6
24614,4937,4,23-05-2025,6
24673,4946,4,27-05-2025,6
24700,7941,4,09-07-2025,6
25436,4728,4,01-07-2025,6
25553,5785,4,04-10-2025,6
26212,1225,4,27-11-2025,6
26298,4351,4,27-04-2025,6
26497,228,4,26-01-2025,6
26519,3075,4,18-04-2025,6
26738,4943,4,14-11-2025,6
26967,4573,4,03-08-2025,6
27018,4125,4,06-01-2026,6
27051,4902,4,02-05-2025,6
27298,7562,4,15-06-2025,6
27428,2254,4,06-06-2025,6
27434,2793,4,23-08-2025,6
27584,7042,4,05-01-2025,6
27810,6437,4,21-11-2025,6
68,2691,21,05-06-2025,6
166,3603,21,07-11-2025,6
404,4513,21,08-07-2025,6
524,6701,21,11-04-2025,6
582,2661,21,25-03-2025,6
855,5485,21,02-07-2025,6
929,3885,21,29-11-2025,6
1095,1566,21,13-10-2025,6
1099,7765,21,24-04-2025,6
1189,7579,21,29-01-2025,6
1562,4714,21,10-12-2025,6
1610,6256,21,17-12-2025,6
1749,4007,21,13-10-2025,6
1865,4742,21,20-01-2025,6
2400,871,21,02-06-2025,6
2928,2938,21,12-11-2025,6
2979,7446,21,17-02-2025,6
3025,3209,21,19-11-2025,6
3730,4038,21,03-03-2025,6
3950,7101,21,08-08-2025,6
4306,7477,21,18-05-2025,6
4425,7701,21,31-05-2025,6
4468,3154,21,11-03-2025,6
4516,5100,21,14-06-2025,6
4859,5320,21,15-11-2025,6
4943,6309,21,25-03-2025,6
5065,1912,21,28-11-2025,6
5270,2103,21,14-11-2025,6
5621,7259,21,17-04-2025,6
6777,531,21,04-10-2025,6
6879,3598,21,21-09-2025,6
7172,3678,21,17-01-2026,6
7178,5989,21,11-12-2025,6
7181,4100,21,30-08-2025,6
7475,3902,21,26-01-2025,6
7560,333,21,12-12-2025,6
7581,4671,21,19-02-2025,6
7629,886,21,05-02-2025,6
7691,1326,21,10-12-2025,6
7848,3603,21,06-07-2025,6
8223,5769,21,27-04-2025,6
8355,6502,21,04-01-2025,6
8405,478,21,12-11-2025,6
8637,2887,21,13-02-2025,6
8736,928,21,07-09-2025,6
8903,2594,21,08-02-2025,6
9036,6913,21,22-10-2025,6
9276,1245,21,13-03-2025,6
9310,1771,21,27-11-2025,6
9516,4549,21,19-05-2025,6
10049,2731,21,31-08-2025,6
10454,2565,21,21-07-2025,6
10489,5002,21,30-04-2025,6
10576,5196,21,24-05-2025,6
10778,5825,21,06-04-2025,6
11670,4580,21,28-07-2025,6
11733,4800,21,03-05-2025,6
12555,4723,21,21-10-2025,6
12644,6458,21,17-11-2025,6
13334,3665,21,10-01-2026,6
13563,6985,21,12-01-2025,6
13571,2247,21,24-07-2025,6
13588,3875,21,16-12-2025,6
13673,3787,21,01-12-2025,6
13715,1869,21,10-04-2025,6
13726,4256,21,03-03-2025,6
13731,6138,21,17-05-2025,6
13876,4535,21,29-01-2025,6
14204,4176,21,06-01-2026,6
14593,2051,21,11-02-2025,6
15042,2785,21,24-08-2025,6
15083,1837,21,21-04-2025,6
15372,2251,21,14-02-2025,6
15436,170,21,20-04-2025,6
15727,4271,21,07-01-2025,6
16332,6180,21,25-05-2025,6
16578,7764,21,14-01-2026,6
17147,7458,21,24-10-2025,6
17205,839,21,23-05-2025,6
17481,7015,21,01-12-2025,6
18292,5799,21,23-06-2025,6
18349,5384,21,03-07-2025,6
19200,3961,21,09-01-2026,6
19405,56,21,10-01-2025,6
19946,3289,21,18-11-2025,6
20042,6005,21,03-11-2025,6
20174,1599,21,28-08-2025,6
20251,3857,21,07-09-2025,6
20890,7413,21,16-12-2025,6
21228,5895,21,17-03-2025,6
21273,1007,21,16-02-2025,6
21377,405,21,03-01-2025,6
21381,3906,21,25-05-2025,6
21563,7995,21,11-10-2025,6
21830,6084,21,25-09-2025,6
21920,915,21,01-12-2025,6
22232,2706,21,21-06-2025,6
22499,2247,21,29-10-2025,6
22528,583,21,08-11-2025,6
22600,3207,21,20-09-2025,6
23418,2556,21,02-01-2025,6
24096,651,21,07-01-2026,6
24574,4069,21,04-08-2025,6
24814,2816,21,14-06-2025,6
24923,6822,21,07-01-2026,6
25374,3296,21,26-03-2025,6
25525,4943,21,01-05-2025,6
25616,7268,21,22-10-2025,6
26124,2758,21,30-04-2025,6
26218,4733,21,21-03-2025,6
26262,7591,21,08-01-2025,6
26296,7159,21,08-01-2025,6
26567,1722,21,19-11-2025,6
26814,1891,21,02-10-2025,6
27150,7296,21,27-10-2025,6
27368,946,21,26-06-2025,6
27451,2065,21,30-10-2025,6
27499,7218,21,12-06-2025,6
27510,6071,21,01-11-2025,6
407,2989,12,09-02-2025,6
425,4552,12,11-03-2025,6
452,3638,12,30-07-2025,6
478,6057,12,04-01-2025,6
678,3810,12,14-11-2025,6
1093,6415,12,07-03-2025,6
1714,5176,12,30-03-2025,6
1947,3528,12,24-09-2025,6
1984,4548,12,06-10-2025,6
2194,5366,12,12-10-2025,6
2571,5435,12,08-01-2026,6
2705,3180,12,25-11-2025,6
2945,515,12,11-11-2025,6
3101,6842,12,07-09-2025,6
3195,5567,12,14-08-2025,6
3265,5628,12,29-01-2025,6
4390,5030,12,10-12-2025,6
4903,7064,12,25-04-2025,6
5414,3146,12,10-04-2025,6
5550,7855,12,26-04-2025,6
5637,4976,12,26-08-2025,6
5702,833,12,27-10-2025,6
5762,6855,12,21-11-2025,6
6059,1580,12,06-02-2025,6
6179,6900,12,19-09-2025,6
7104,2465,12,04-05-2025,6
7315,2024,12,23-07-2025,6
7487,3958,12,12-03-2025,6
7547,7644,12,22-12-2025,6
7779,365,12,15-06-2025,6
8266,1234,12,07-07-2025,6
8334,6204,12,02-05-2025,6
8636,1363,12,27-02-2025,6
9194,5792,12,15-11-2025,6
9299,3074,12,11-01-2026,6
9676,6819,12,17-01-2025,6
9912,875,12,16-09-2025,6
10197,905,12,23-04-2025,6
10777,3060,12,17-09-2025,6
11009,2938,12,03-03-2025,6
11016,7123,12,10-03-2025,6
11159,1844,12,14-01-2025,6
12293,5964,12,28-02-2025,6
12369,2370,12,19-12-2025,6
12893,874,12,01-01-2025,6
13024,1513,12,18-10-2025,6
14149,3944,12,09-02-2025,6
14219,5346,12,13-12-2025,6
14276,3627,12,13-01-2025,6
14293,5599,12,06-06-2025,6
14717,545,12,22-09-2025,6
14718,4271,12,14-01-2025,6
14887,4925,12,29-11-2025,6
15006,6838,12,11-01-2025,6
15507,3903,12,07-09-2025,6
15539,6210,12,24-08-2025,6
15869,4294,12,15-01-2026,6
16047,84,12,15-12-2025,6
16391,3011,12,12-11-2025,6
17044,6071,12,06-02-2025,6
17410,7789,12,26-03-2025,6
17664,5424,12,28-10-2025,6
17774,1313,12,23-07-2025,6
17957,3318,12,16-05-2025,6
18059,913,12,29-07-2025,6
18162,4672,12,04-01-2025,6
18388,1358,12,15-01-2025,6
18600,7138,12,29-11-2025,6
18654,430,12,10-10-2025,6
18780,3263,12,06-05-2025,6
18898,3801,12,17-06-2025,6
19165,4458,12,03-08-2025,6
19833,7096,12,03-01-2025,6
20063,6768,12,22-12-2025,6
20069,2724,12,11-05-2025,6
20346,6024,12,01-10-2025,6
20379,3913,12,15-03-2025,6
20544,4971,12,30-08-2025,6
20575,6736,12,11-01-2026,6
20671,1769,12,23-08-2025,6
20921,5744,12,25-06-2025,6
21135,7125,12,19-06-2025,6
21143,6976,12,16-08-2025,6
21507,1145,12,07-05-2025,6
21615,6364,12,24-05-2025,6
21639,3717,12,22-07-2025,6
21651,3952,12,03-09-2025,6
21741,6496,12,24-06-2025,6
21967,6222,12,10-01-2025,6
21973,6146,12,15-10-2025,6
22122,2264,12,17-06-2025,6
22150,7479,12,12-12-2025,6
22351,5214,12,13-01-2026,6
22352,1208,12,21-10-2025,6
22449,5231,12,21-05-2025,6
22504,3095,12,13-08-2025,6
23443,3017,12,19-09-2025,6
23774,6289,12,08-01-2026,6
23802,5965,12,12-04-2025,6
23932,227,12,19-12-2025,6
24210,3184,12,04-07-2025,6
24389,4467,12,05-03-2025,6
24569,7303,12,08-11-2025,6
24609,575,12,04-01-2026,6
24801,6730,12,30-01-2025,6
24876,471,12,22-04-2025,6
24989,4281,12,17-10-2025,6
25104,7033,12,19-08-2025,6
25129,2296,12,19-01-2025,6
25702,843,12,26-08-2025,6
25712,5872,12,11-12-2025,6
26740,3758,12,11-04-2025,6
26900,3288,12,13-06-2025,6
27477,7377,12,26-07-2025,6
27932,2391,12,15-11-2025,6
27992,3789,12,02-12-2025,6
38,7029,9,20-08-2025,6
887,3992,9,14-05-2025,6
1028,6243,9,17-03-2025,6
1665,1177,9,07-09-2025,6
1690,792,9,24-06-2025,6
1706,3039,9,08-01-2025,6
1754,7256,9,31-08-2025,6
1774,2478,9,23-11-2025,6
1784,5172,9,17-04-2025,6
1804,3071,9,25-10-2025,6
1921,7709,9,19-02-2025,6
2436,3881,9,03-05-2025,6
2457,7619,9,05-02-2025,6
2812,26,9,02-09-2025,6
2872,6983,9,01-08-2025,6
3064,7238,9,17-04-2025,6
3164,5058,9,05-11-2025,6
3252,4161,9,13-05-2025,6
4017,3908,9,25-11-2025,6
4250,2773,9,14-01-2026,6
4785,5393,9,12-04-2025,6
4842,868,9,23-05-2025,6
4933,1553,9,20-04-2025,6
5141,5657,9,06-11-2025,6
5161,6797,9,14-01-2025,6
5299,7249,9,14-05-2025,6
5985,254,9,30-04-2025,6
6174,415,9,29-09-2025,6
6256,6494,9,28-04-2025,6
6441,5717,9,28-12-2025,6
6716,3613,9,18-01-2026,6
6734,7702,9,02-05-2025,6
6888,2557,9,01-02-2025,6
7014,6715,9,20-06-2025,6
7265,7428,9,03-07-2025,6
7622,4184,9,19-11-2025,6
7784,1659,9,09-10-2025,6
8241,4887,9,30-12-2025,6
8547,2911,9,19-07-2025,6
8797,7823,9,11-08-2025,6
9120,2713,9,06-07-2025,6
9239,2572,9,03-01-2025,6
9360,4756,9,10-09-2025,6
9488,6622,9,15-07-2025,6
9582,6425,9,17-02-2025,6
9744,4131,9,18-04-2025,6
9919,3733,9,10-08-2025,6
10001,3251,9,23-07-2025,6
11360,3371,9,20-10-2025,6
11693,447,9,19-04-2025,6
11780,2856,9,24-11-2025,6
12136,5580,9,03-05-2025,6
12317,4204,9,14-11-2025,6
12406,7882,9,13-08-2025,6
12725,5936,9,19-04-2025,6
12737,2029,9,14-01-2026,6
12878,2125,9,31-03-2025,6
13067,2634,9,11-07-2025,6
13087,7001,9,15-11-2025,6
13353,4754,9,15-11-2025,6
13597,6290,9,01-08-2025,6
13633,7301,9,03-10-2025,6
13669,7021,9,24-10-2025,6
13823,2897,9,17-01-2026,6
14122,5195,9,06-12-2025,6
14278,3772,9,03-08-2025,6
14361,1824,9,06-02-2025,6
15032,511,9,08-03-2025,6
15145,7120,9,17-12-2025,6
15158,6788,9,12-06-2025,6
15266,6776,9,27-01-2025,6
15517,4572,9,26-06-2025,6
15860,5631,9,28-12-2025,6
16102,309,9,31-12-2025,6
16358,2148,9,30-08-2025,6
16637,6859,9,20-12-2025,6
16945,3633,9,25-05-2025,6
17149,3506,9,28-11-2025,6
17184,7454,9,20-03-2025,6
17245,2640,9,26-12-2025,6
17564,5597,9,07-10-2025,6
17606,6447,9,31-08-2025,6
17632,6586,9,14-07-2025,6
17700,1842,9,25-01-2025,6
17717,1913,9,17-04-2025,6
18026,469,9,07-09-2025,6
18120,4956,9,08-11-2025,6
18788,155,9,21-03-2025,6
19688,1823,9,09-05-2025,6
19825,4052,9,19-10-2025,6
19969,5659,9,24-07-2025,6
20712,1721,9,11-05-2025,6
21049,7547,9,01-07-2025,6
21278,2825,9,28-07-2025,6
21679,802,9,30-09-2025,6
21778,3380,9,16-11-2025,6
21985,377,9,11-08-2025,6
22201,6145,9,23-11-2025,6
22460,5439,9,15-08-2025,6
22639,7860,9,04-01-2026,6
23651,5984,9,17-07-2025,6
23885,710,9,14-12-2025,6
24052,3570,9,26-09-2025,6
24904,3738,9,06-02-2025,6
25974,3360,9,25-02-2025,6
26403,1270,9,14-01-2026,6
26731,4322,9,26-10-2025,6
26997,1573,9,01-04-2025,6
27328,282,9,21-08-2025,6
27383,5678,9,28-02-2025,6
27391,6605,9,01-05-2025,6
54,1031,6,17-01-2025,6
270,7146,6,23-10-2025,6
371,4832,6,15-11-2025,6
831,485,6,23-01-2025,6
956,7876,6,06-09-2025,6
996,6410,6,22-09-2025,6
1274,1192,6,13-12-2025,6
1385,5330,6,22-05-2025,6
1507,7688,6,03-06-2025,6
1674,3655,6,18-08-2025,6
2086,780,6,01-02-2025,6
2089,4183,6,03-12-2025,6
2192,4926,6,06-08-2025,6
2309,3189,6,23-12-2025,6
2859,340,6,28-11-2025,6
3134,4762,6,24-12-2025,6
3324,3279,6,30-11-2025,6
3441,2758,6,05-06-2025,6
3850,1946,6,11-10-2025,6
4169,2903,6,21-10-2025,6
4398,7510,6,04-01-2026,6
4417,7552,6,30-05-2025,6
4716,1714,6,15-01-2026,6
5922,7979,6,19-12-2025,6
6901,7819,6,10-01-2026,6
6929,1561,6,12-09-2025,6
7276,5740,6,06-01-2025,6
7595,4078,6,05-08-2025,6
8649,6597,6,19-10-2025,6
8776,5689,6,08-11-2025,6
8849,5362,6,21-05-2025,6
8880,6772,6,17-03-2025,6
9367,6712,6,22-09-2025,6
9402,5858,6,11-02-2025,6
9411,5929,6,02-10-2025,6
9992,3664,6,30-10-2025,6
10153,1565,6,25-06-2025,6
10479,5112,6,05-05-2025,6
10734,3215,6,04-10-2025,6
10859,7513,6,22-05-2025,6
11116,7288,6,15-02-2025,6
11140,1229,6,30-01-2025,6
11323,935,6,16-02-2025,6
11359,313,6,06-06-2025,6
11439,5305,6,14-11-2025,6
11863,1753,6,01-01-2025,6
11887,5092,6,08-01-2025,6
12455,6172,6,17-10-2025,6
12553,2603,6,10-01-2025,6
13383,2005,6,22-05-2025,6
13534,2123,6,05-03-2025,6
13607,5560,6,07-05-2025,6
13781,2463,6,12-07-2025,6
13786,500,6,19-09-2025,6
13984,2611,6,04-11-2025,6
14319,7372,6,01-06-2025,6
14753,1885,6,16-01-2025,6
15125,7361,6,26-03-2025,6
15324,5391,6,11-11-2025,6
15781,7219,6,30-12-2025,6
15848,2208,6,19-06-2025,6
15977,4404,6,11-07-2025,6
16246,3383,6,24-06-2025,6
16478,3127,6,22-01-2025,6
16710,7296,6,01-07-2025,6
16810,455,6,20-09-2025,6
17168,6532,6,18-04-2025,6
17373,3471,6,28-09-2025,6
17496,5143,6,17-01-2026,6
17501,2821,6,12-07-2025,6
17580,6977,6,11-08-2025,6
17909,5159,6,07-05-2025,6
18340,2165,6,20-10-2025,6
18561,3513,6,03-02-2025,6
19068,2741,6,29-11-2025,6
19561,7451,6,29-11-2025,6
19624,1722,6,09-12-2025,6
20208,3827,6,10-05-2025,6
20279,5477,6,12-02-2025,6
20459,439,6,17-10-2025,6
20905,3336,6,31-03-2025,6
21249,5582,6,26-10-2025,6
21515,3780,6,11-10-2025,6
21716,6144,6,13-01-2026,6
21730,1420,6,03-04-2025,6
22171,4723,6,20-01-2025,6
22242,3686,6,11-02-2025,6
22304,517,6,27-10-2025,6
22313,1511,6,27-08-2025,6
22670,6614,6,31-05-2025,6
22707,5056,6,07-01-2026,6
22801,2496,6,27-10-2025,6
22973,3892,6,22-07-2025,6
23116,5927,6,13-09-2025,6
23258,3041,6,18-12-2025,6
23428,7662,6,25-04-2025,6
23667,2791,6,21-06-2025,6
24146,882,6,23-08-2025,6
24479,7231,6,14-11-2025,6
24629,2978,6,06-05-2025,6
24972,2217,6,25-07-2025,6
25926,5590,6,23-04-2025,6
25973,647,6,17-08-2025,6
26111,1329,6,07-07-2025,6
26553,398,6,23-02-2025,6
26937,3665,6,14-07-2025,6
27060,932,6,01-10-2025,6
27174,521,6,19-09-2025,6
27246,6760,6,30-03-2025,6
27506,1053,6,18-05-2025,6
27607,7528,6,19-06-2025,6
27874,5701,6,25-02-2025,6
77,1219,15,16-02-2025,6
459,2809,15,14-03-2025,6
479,568,15,06-10-2025,6
776,7202,15,29-11-2025,6
821,3508,15,26-09-2025,6
1144,2690,15,01-03-2025,6
1271,1355,15,12-08-2025,6
1636,2698,15,19-06-2025,6
1718,7054,15,15-07-2025,6
1753,3990,15,14-04-2025,6
1851,3361,15,11-10-2025,6
2381,7989,15,06-08-2025,6
2660,5436,15,06-10-2025,6
2776,1851,15,15-03-2025,6
2918,398,15,27-09-2025,6
2919,824,15,18-05-2025,6
3432,917,15,08-04-2025,6
4748,2870,15,19-01-2025,6
5226,6835,15,08-09-2025,6
5308,5130,15,17-01-2026,6
5895,289,15,24-06-2025,6
5939,4425,15,10-05-2025,6
6244,3659,15,14-09-2025,6
6320,6955,15,09-09-2025,6
6368,3556,15,28-05-2025,6
6601,5152,15,16-03-2025,6
7127,2164,15,28-08-2025,6
8144,518,15,29-12-2025,6
8227,6172,15,25-08-2025,6
8313,6,15,17-06-2025,6
8348,1744,15,23-01-2025,6
8561,1659,15,03-06-2025,6
8805,6430,15,02-04-2025,6
9484,3311,15,15-07-2025,6
9499,7602,15,14-01-2026,6
9569,3645,15,18-03-2025,6
9828,2364,15,20-02-2025,6
9900,6476,15,13-08-2025,6
9934,5865,15,12-04-2025,6
10194,2777,15,24-07-2025,6
10343,3294,15,11-12-2025,6
11126,2297,15,11-01-2026,6
11405,5387,15,17-11-2025,6
11533,1498,15,26-08-2025,6
11970,7478,15,06-02-2025,6
12575,5410,15,04-12-2025,6
12803,5833,15,10-04-2025,6
12883,2627,15,18-11-2025,6
13028,2792,15,10-11-2025,6
13697,5462,15,01-07-2025,6
13734,5686,15,05-07-2025,6
14550,3100,15,02-12-2025,6
14834,6653,15,29-10-2025,6
15335,5491,15,29-12-2025,6
15529,7305,15,01-08-2025,6
15780,5375,15,30-06-2025,6
15864,6541,15,28-08-2025,6
16172,7514,15,01-01-2025,6
16353,749,15,25-01-2025,6
17107,2309,15,03-09-2025,6
17490,7130,15,27-07-2025,6
17530,1458,15,25-11-2025,6
17772,2839,15,17-01-2026,6
17896,1327,15,05-02-2025,6
18261,458,15,02-01-2026,6
18321,6060,15,07-12-2025,6
18393,2559,15,21-06-2025,6
18548,4933,15,06-01-2026,6
18621,6904,15,07-10-2025,6
18844,7021,15,06-05-2025,6
18940,30,15,26-11-2025,6
19022,262,15,12-01-2025,6
19316,4377,15,28-08-2025,6
19818,7297,15,04-03-2025,6
19878,6144,15,22-12-2025,6
20094,7381,15,09-07-2025,6
20274,4063,15,28-11-2025,6
20607,3539,15,15-11-2025,6
20785,5551,15,13-06-2025,6
20949,3644,15,21-05-2025,6
20984,7333,15,24-03-2025,6
21028,3176,15,13-12-2025,6
21042,1265,15,21-02-2025,6
21175,7314,15,29-10-2025,6
21737,4507,15,06-04-2025,6
21970,2779,15,15-03-2025,6
22051,2261,15,12-04-2025,6
22062,3989,15,04-12-2025,6
22081,1050,15,21-07-2025,6
22144,1627,15,24-10-2025,6
22224,7784,15,18-05-2025,6
22293,6955,15,10-01-2025,6
22314,7499,15,03-05-2025,6
22367,6495,15,04-02-2025,6
22540,5887,15,14-03-2025,6
22806,6981,15,06-05-2025,6
22827,2108,15,04-01-2025,6
23415,2441,15,20-11-2025,6
23548,6547,15,23-12-2025,6
23911,2107,15,22-12-2025,6
24714,2670,15,24-10-2025,6
25038,2738,15,19-07-2025,6
25131,175,15,19-12-2025,6
25265,567,15,21-09-2025,6
26048,7830,15,18-02-2025,6
26084,4989,15,24-05-2025,6
26542,6178,15,11-02-2025,6
26646,6396,15,09-06-2025,6
299,7394,22,20-06-2025,6
507,6193,22,15-10-2025,6
527,2483,22,14-10-2025,6
617,7167,22,05-08-2025,6
1031,7821,22,04-07-2025,6
1821,696,22,22-07-2025,6
2661,1272,22,10-01-2026,6
2731,1887,22,27-12-2025,6
2783,194,22,09-03-2025,6
2975,4679,22,12-06-2025,6
3319,3220,22,14-08-2025,6
3671,2558,22,30-05-2025,6
3721,860,22,19-02-2025,6
3727,4974,22,15-04-2025,6
4033,17,22,10-07-2025,6
4166,3260,22,01-03-2025,6
4186,741,22,13-09-2025,6
4192,7547,22,08-06-2025,6
4634,864,22,20-06-2025,6
4848,1445,22,18-02-2025,6
5354,6160,22,11-12-2025,6
5833,1451,22,05-02-2025,6
6183,3642,22,01-05-2025,6
6193,800,22,25-01-2025,6
7462,5019,22,09-04-2025,6
8155,2536,22,04-10-2025,6
8191,5453,22,07-12-2025,6
8492,6040,22,25-08-2025,6
8652,7752,22,21-08-2025,6
8956,5969,22,14-12-2025,6
9024,5853,22,13-07-2025,6
9226,2457,22,20-03-2025,6
9334,3751,22,02-05-2025,6
9628,2023,22,04-05-2025,6
9686,2997,22,17-11-2025,6
9698,2482,22,08-11-2025,6
10050,3137,22,04-10-2025,6
10318,1216,22,18-11-2025,6
10405,1595,22,09-01-2025,6
10406,976,22,01-06-2025,6
10797,2526,22,11-02-2025,6
10876,6346,22,13-04-2025,6
10925,3150,22,22-06-2025,6
10985,2437,22,23-02-2025,6
11526,1324,22,22-09-2025,6
11933,2334,22,03-01-2025,6
12054,5801,22,04-08-2025,6
12067,3692,22,19-12-2025,6
12158,7568,22,04-05-2025,6
12309,1132,22,11-03-2025,6
12467,1801,22,25-02-2025,6
12622,7757,22,13-09-2025,6
14546,741,22,21-02-2025,6
14830,6471,22,04-08-2025,6
15246,1068,22,14-10-2025,6
15511,7757,22,23-12-2025,6
15533,5405,22,08-12-2025,6
15961,2877,22,05-12-2025,6
16321,6594,22,12-06-2025,6
16479,7684,22,31-03-2025,6
17308,3498,22,15-05-2025,6
17465,651,22,27-09-2025,6
17626,4677,22,04-09-2025,6
17725,6293,22,16-01-2026,6
17884,4245,22,12-01-2025,6
17963,6813,22,17-04-2025,6
18199,3430,22,17-01-2026,6
18221,4529,22,13-04-2025,6
18390,7127,22,22-04-2025,6
19008,3240,22,07-03-2025,6
19196,1483,22,18-01-2025,6
20435,7804,22,08-04-2025,6
20601,6370,22,16-05-2025,6
20643,717,22,01-09-2025,6
20668,781,22,12-01-2025,6
20784,2466,22,29-03-2025,6
21005,4120,22,14-02-2025,6
21311,4198,22,19-04-2025,6
21323,3495,22,29-10-2025,6
21573,2526,22,10-11-2025,6
21775,3062,22,02-01-2026,6
22694,3012,22,04-07-2025,6
22924,320,22,22-09-2025,6
22980,7393,22,08-10-2025,6
23019,611,22,12-01-2026,6
23580,3290,22,23-11-2025,6
23599,5589,22,20-08-2025,6
23843,5616,22,25-12-2025,6
23857,4793,22,20-12-2025,6
24525,7094,22,16-01-2025,6
24778,3262,22,27-04-2025,6
25207,2749,22,26-08-2025,6
25367,5412,22,06-12-2025,6
25402,1675,22,16-06-2025,6
25614,7298,22,25-03-2025,6
25732,1631,22,26-11-2025,6
26151,781,22,15-01-2025,6
26277,3217,22,21-04-2025,6
26441,3589,22,04-06-2025,6
26552,998,22,16-07-2025,6
26755,2833,22,18-02-2025,6
26975,1052,22,06-03-2025,6
27199,5840,22,27-07-2025,6
27410,1336,22,28-02-2025,6
27430,1600,22,06-03-2025,6
27752,7659,22,06-12-2025,6
27811,2973,22,16-06-2025,6
27825,5411,22,27-05-2025,6
27869,7246,22,04-06-2025,6
34,7343,8,22-04-2025,7
36,2805,21,20-06-2025,7
142,2386,21,01-05-2025,7
205,5386,17,16-02-2025,7
320,2727,12,12-10-2025,7
465,161,17,29-11-2025,7
482,7196,8,17-05-2025,7
560,7520,12,21-01-2025,7
594,1600,13,21-11-2025,7
615,1411,12,12-01-2026,7
659,4163,12,19-06-2025,7
742,3138,8,11-05-2025,7
804,2746,12,03-12-2025,7
832,522,17,12-12-2025,7
850,5546,12,07-03-2025,7
934,3939,13,06-11-2025,7
980,1957,14,10-09-2025,7
987,7416,2,20-12-2025,7
995,5837,13,27-03-2025,7
1030,5473,12,23-04-2025,7
1045,7821,19,13-01-2026,7
1202,6225,2,01-12-2025,7
1222,1361,17,02-01-2025,7
1244,1059,14,28-05-2025,7
1287,5918,17,14-10-2025,7
1290,716,21,12-09-2025,7
1292,3324,14,16-09-2025,7
1381,510,13,10-04-2025,7
1439,176,21,11-02-2025,7
1477,6944,19,03-10-2025,7
1776,4394,2,18-01-2025,7
1795,3825,2,11-10-2025,7
1876,6428,19,30-05-2025,7
1977,7282,14,10-05-2025,7
1994,2778,17,18-04-2025,7
2040,3828,13,31-10-2025,7
2045,4500,8,17-11-2025,7
2185,3337,19,17-07-2025,7
2206,7370,19,16-04-2025,7
2208,7515,19,27-01-2025,7
2240,1665,19,20-03-2025,7
2306,2604,19,15-10-2025,7
2465,360,14,08-08-2025,7
2581,6341,12,10-01-2025,7
2623,2773,21,16-08-2025,7
2655,1107,14,25-04-2025,7
2711,128,8,23-11-2025,7
2751,1589,14,18-01-2026,7
2763,6300,17,20-12-2025,7
2768,7372,2,16-04-2025,7
2796,3119,2,08-11-2025,7
2846,3053,8,11-01-2025,7
2888,3552,13,21-08-2025,7
2998,3930,14,25-07-2025,7
3014,5050,19,02-07-2025,7
3020,4618,19,17-03-2025,7
3041,2571,17,09-03-2025,7
3140,4084,8,14-06-2025,7
3231,3750,12,14-09-2025,7
3328,4148,12,23-01-2025,7
3353,1281,14,15-10-2025,7
3418,6923,8,17-03-2025,7
3430,4268,12,29-07-2025,7
3461,2704,2,18-09-2025,7
3490,6278,12,08-09-2025,7
3586,820,13,01-03-2025,7
3613,6855,14,19-11-2025,7
3647,7658,17,27-09-2025,7
3694,6080,21,27-07-2025,7
3716,3178,8,06-06-2025,7
3839,3423,14,29-06-2025,7
3846,4600,17,28-03-2025,7
4218,2155,14,05-01-2025,7
4245,482,8,13-11-2025,7
4301,7200,2,14-11-2025,7
4331,5045,12,08-03-2025,7
4399,3907,12,28-06-2025,7
4411,7154,17,05-01-2026,7
4414,3482,2,11-01-2025,7
4428,4149,19,27-06-2025,7
4460,822,14,11-03-2025,7
4796,6802,8,28-11-2025,7
4926,3961,12,20-02-2025,7
5011,7535,8,06-02-2025,7
5086,2876,17,13-02-2025,7
5095,3038,2,20-04-2025,7
5097,2216,8,24-04-2025,7
5157,4148,2,21-06-2025,7
5215,4626,2,08-12-2025,7
5451,7003,21,20-03-2025,7
5490,3596,12,06-10-2025,7
5507,7480,2,01-10-2025,7
5515,4310,12,03-10-2025,7
5543,3303,13,16-01-2026,7
5597,365,21,18-02-2025,7
5604,7709,17,28-01-2025,7
5608,3439,19,11-07-2025,7
5643,6483,17,20-04-2025,7
5691,2891,8,07-09-2025,7
5715,3900,2,13-06-2025,7
5734,3676,21,17-10-2025,7
5793,5730,17,21-05-2025,7
5806,1826,19,01-10-2025,7
5874,4559,2,21-07-2025,7
5894,936,19,11-06-2025,7
5971,7931,8,08-05-2025,7
6209,7943,12,27-01-2025,7
6227,5179,17,22-10-2025,7
6331,4585,17,29-09-2025,7
6403,5628,19,01-06-2025,7
6586,6673,14,23-07-2025,7
6710,1022,12,10-11-2025,7
6750,3833,12,16-08-2025,7
6817,3162,19,13-05-2025,7
6833,6515,19,29-12-2025,7
6896,930,8,25-09-2025,7
6938,3552,19,16-08-2025,7
7066,7898,12,29-10-2025,7
7092,1453,14,09-11-2025,7
7233,3502,12,17-05-2025,7
7241,3273,19,05-07-2025,7
7433,1352,21,01-01-2025,7
7455,4093,19,10-06-2025,7
7474,4192,12,05-06-2025,7
7506,2533,14,12-01-2025,7
7520,3332,8,11-07-2025,7
7544,789,21,31-12-2025,7
7568,4290,17,19-09-2025,7
7589,3318,21,01-03-2025,7
7617,1697,12,15-01-2025,7
7625,1400,19,31-08-2025,7
7648,2864,21,02-11-2025,7
7668,2334,8,04-05-2025,7
7677,4267,17,17-10-2025,7
7695,4021,17,23-02-2025,7
7831,535,12,20-03-2025,7
7845,2965,14,07-02-2025,7
7852,2490,12,30-08-2025,7
7894,3595,8,05-12-2025,7
7961,4507,17,31-05-2025,7
8044,6760,12,03-04-2025,7
8073,1438,17,17-06-2025,7
8076,3296,21,02-06-2025,7
8218,6602,14,12-11-2025,7
8268,1172,2,09-04-2025,7
8375,2825,13,14-08-2025,7
8381,6174,13,16-06-2025,7
8452,1561,21,15-08-2025,7
8502,4416,21,11-04-2025,7
8641,2726,13,16-10-2025,7
8691,4063,17,25-09-2025,7
8773,5552,14,03-11-2025,7
8782,802,8,03-02-2025,7
8817,3405,14,05-09-2025,7
8854,462,2,15-12-2025,7
8863,1366,13,04-11-2025,7
9035,2183,8,03-10-2025,7
9084,5975,13,18-11-2025,7
9094,1768,2,06-06-2025,7
9187,3872,2,05-05-2025,7
9224,7689,21,22-12-2025,7
9291,5665,19,17-12-2025,7
9306,3840,14,07-06-2025,7
9394,4326,12,04-04-2025,7
9409,3512,2,18-02-2025,7
9474,745,8,20-11-2025,7
9519,6194,12,03-09-2025,7
9546,2160,13,03-10-2025,7
9590,6474,14,11-03-2025,7
9720,5275,2,19-07-2025,7
9758,5712,8,17-04-2025,7
9850,3662,19,24-06-2025,7
9873,4319,8,24-12-2025,7
10087,4399,21,01-01-2025,7
10117,3965,17,22-03-2025,7
10164,4259,17,23-09-2025,7
10227,2929,21,10-11-2025,7
10241,4447,13,06-03-2025,7
10330,6783,2,11-01-2026,7
10376,1332,2,01-01-2025,7
10450,4945,13,19-04-2025,7
10490,6117,2,28-10-2025,7
10564,2421,13,24-06-2025,7
10602,1329,13,29-12-2025,7
10688,5080,17,29-01-2025,7
10714,1247,14,25-03-2025,7
10744,83,8,11-12-2025,7
10833,7313,21,08-06-2025,7
10891,1047,19,15-04-2025,7
11108,999,2,05-10-2025,7
11111,1323,17,03-12-2025,7
11213,6356,19,28-12-2025,7
11565,4759,12,08-02-2025,7
11683,7522,13,30-12-2025,7
11705,6996,14,05-05-2025,7
11744,5859,14,01-05-2025,7
11767,1217,2,13-07-2025,7
11773,6598,19,26-09-2025,7
11825,7103,13,09-01-2026,7
11884,2773,21,20-03-2025,7
12056,7407,13,05-01-2025,7
12086,500,8,09-11-2025,7
12137,1330,14,19-10-2025,7
12200,4264,21,09-01-2026,7
12206,1137,8,06-07-2025,7
12234,1092,21,26-08-2025,7
12254,195,21,23-06-2025,7
12281,3897,19,07-01-2025,7
12292,6734,2,12-07-2025,7
12335,3169,2,31-03-2025,7
12428,772,13,06-01-2025,7
12718,7801,21,17-01-2025,7
12753,604,14,04-04-2025,7
12755,6050,8,17-07-2025,7
12854,3161,12,18-05-2025,7
12891,2784,2,07-12-2025,7
12918,1235,19,09-07-2025,7
12961,120,21,15-05-2025,7
12994,7537,13,22-02-2025,7
13003,4027,19,20-11-2025,7
13010,3385,19,18-05-2025,7
13050,6333,14,02-10-2025,7
13069,5147,14,28-03-2025,7
13072,7621,17,13-03-2025,7
13074,5484,12,29-10-2025,7
13114,2839,14,05-06-2025,7
13158,184,14,04-12-2025,7
13166,2612,12,19-09-2025,7
13168,1513,13,07-08-2025,7
13220,1278,21,14-09-2025,7
13257,3578,21,14-11-2025,7
13290,4523,2,21-01-2025,7
13307,4511,19,06-02-2025,7
13389,2390,13,01-03-2025,7
13449,3183,17,01-05-2025,7
13490,3874,2,25-10-2025,7
13529,1847,21,30-09-2025,7
13531,7780,17,26-05-2025,7
13644,5235,14,26-08-2025,7
13650,6320,8,25-06-2025,7
13688,363,21,02-07-2025,7
13815,3988,14,18-05-2025,7
13820,2288,12,25-11-2025,7
13918,7687,17,17-09-2025,7
13922,5937,12,11-04-2025,7
13947,2248,21,14-04-2025,7
14027,7405,21,26-12-2025,7
14061,4845,17,13-04-2025,7
14089,4392,13,22-05-2025,7
14407,580,12,14-11-2025,7
14749,4780,8,05-07-2025,7
14893,223,13,12-10-2025,7
14897,365,19,11-09-2025,7
15034,892,8,05-11-2025,7
15046,6869,21,01-02-2025,7
15075,1170,2,07-04-2025,7
15092,7288,8,05-10-2025,7
15115,68,13,22-11-2025,7
15249,7865,17,25-01-2025,7
15306,4183,8,07-11-2025,7
15321,3616,19,04-12-2025,7
15350,3331,12,21-08-2025,7
15374,7043,17,29-01-2025,7
15439,2267,12,05-11-2025,7
15556,2561,8,14-03-2025,7
15580,2719,17,21-05-2025,7
15671,5235,19,04-10-2025,7
15672,7030,2,13-11-2025,7
15683,6924,8,06-11-2025,7
15715,4655,8,27-01-2025,7
15729,522,19,25-02-2025,7
15750,1530,2,20-07-2025,7
15812,7047,14,08-10-2025,7
15964,1321,8,07-07-2025,7
15972,4976,14,30-08-2025,7
15992,7704,21,26-10-2025,7
16108,2920,21,16-11-2025,7
16203,538,2,23-06-2025,7
16373,5494,19,11-05-2025,7
16406,534,12,11-05-2025,7
16427,161,21,11-06-2025,7
16445,970,8,31-12-2025,7
16477,43,14,11-02-2025,7
16516,7056,14,13-08-2025,7
16706,4581,13,10-05-2025,7
16782,7210,17,19-09-2025,7
16807,2938,13,19-07-2025,7
16851,3310,21,17-08-2025,7
16926,2449,13,19-03-2025,7
17027,7887,19,29-12-2025,7
17041,697,17,16-04-2025,7
17179,274,2,22-08-2025,7
17185,3619,13,05-09-2025,7
17188,6335,13,20-10-2025,7
17225,7231,14,15-09-2025,7
17233,1492,8,21-09-2025,7
17309,4631,8,21-09-2025,7
17386,6224,8,12-07-2025,7
17472,1063,21,13-09-2025,7
17477,3391,8,12-12-2025,7
17489,1140,17,20-07-2025,7
17503,7911,12,25-12-2025,7
17507,4486,19,20-01-2025,7
17590,2481,8,06-12-2025,7
17656,5658,13,05-01-2026,7
17681,3119,17,18-02-2025,7
17816,3783,19,18-05-2025,7
17915,5490,19,06-07-2025,7
17960,917,8,22-03-2025,7
18061,5283,14,10-12-2025,7
18184,1330,17,16-01-2025,7
18230,3229,2,31-05-2025,7
18313,1039,2,31-03-2025,7
18327,2867,14,27-04-2025,7
18414,5092,19,03-11-2025,7
18636,6008,13,26-05-2025,7
18725,1434,12,20-12-2025,7
18825,6193,8,08-12-2025,7
18875,6263,2,31-10-2025,7
18948,4652,14,30-01-2025,7
18957,6131,8,04-04-2025,7
18989,2469,21,23-04-2025,7
19176,4654,17,16-02-2025,7
19270,4011,8,11-09-2025,7
19302,2624,2,10-09-2025,7
19310,532,19,28-03-2025,7
19362,442,21,22-01-2025,7
19419,7330,17,30-08-2025,7
19445,6919,13,06-05-2025,7
19502,7571,21,19-12-2025,7
19548,4315,21,27-05-2025,7
19590,636,12,11-06-2025,7
19641,7977,21,11-09-2025,7
19654,6635,2,13-02-2025,7
19794,1680,13,14-09-2025,7
19837,2210,19,18-05-2025,7
19918,516,14,09-11-2025,7
20072,2750,17,30-06-2025,7
20116,1123,14,25-07-2025,7
20118,7549,17,06-09-2025,7
20178,7042,12,30-06-2025,7
20309,3389,12,18-07-2025,7
20416,7497,19,12-08-2025,7
20443,1133,2,02-12-2025,7
20520,2217,13,12-07-2025,7
20541,5963,21,13-08-2025,7
20552,3932,2,01-02-2025,7
20557,3910,2,19-07-2025,7
20606,7605,2,16-01-2026,7
20715,547,19,08-01-2026,7
20773,3381,17,08-12-2025,7
20884,4649,8,27-08-2025,7
20913,6732,17,10-12-2025,7
20959,31,14,08-05-2025,7
21053,5078,12,12-07-2025,7
21055,7554,13,22-12-2025,7
21142,1910,8,27-12-2025,7
21206,4922,2,16-11-2025,7
21306,241,8,12-02-2025,7
21343,6911,19,11-03-2025,7
21348,5510,17,28-07-2025,7
21470,7630,13,03-06-2025,7
21571,3713,14,16-08-2025,7
21648,6750,12,27-07-2025,7
21663,6229,13,23-08-2025,7
21672,1708,14,06-08-2025,7
21749,7724,12,26-11-2025,7
21924,133,13,06-10-2025,7
21926,6669,21,18-01-2025,7
21930,5263,14,26-12-2025,7
22002,3445,12,05-08-2025,7
22003,2075,19,01-12-2025,7
22033,4379,12,16-12-2025,7
22118,1174,17,10-07-2025,7
22231,3929,8,01-01-2025,7
22235,1181,14,04-06-2025,7
22403,401,13,22-06-2025,7
22643,5341,13,12-12-2025,7
22766,4056,2,08-05-2025,7
22797,1332,14,11-12-2025,7
22860,5884,21,17-01-2025,7
23009,6343,2,22-07-2025,7
23043,1336,17,03-01-2025,7
23069,7061,8,29-10-2025,7
23156,404,21,12-03-2025,7
23196,2142,21,11-04-2025,7
23214,6018,14,02-04-2025,7
23246,4071,8,07-01-2025,7
23284,704,12,01-01-2025,7
23290,1842,12,03-04-2025,7
23295,1725,12,20-09-2025,7
23315,7365,12,24-07-2025,7
23354,954,2,01-01-2026,7
23391,4933,13,03-07-2025,7
23432,7702,2,05-02-2025,7
23437,241,19,01-05-2025,7
23641,4105,14,20-08-2025,7
23643,5766,13,13-10-2025,7
23736,5431,17,05-02-2025,7
23776,4264,17,08-01-2025,7
23789,2201,19,07-02-2025,7
23882,2717,2,02-07-2025,7
24035,2740,19,11-06-2025,7
24086,7002,2,18-03-2025,7
24103,6555,14,21-08-2025,7
24245,6385,14,02-08-2025,7
24297,4262,13,21-01-2025,7
24308,886,21,07-01-2025,7
24316,6511,19,09-06-2025,7
24329,5115,8,29-04-2025,7
24408,3826,17,02-09-2025,7
24424,7848,17,28-06-2025,7
24527,1462,12,08-03-2025,7
24663,2483,13,28-01-2025,7
24788,4407,17,11-07-2025,7
24942,5207,14,03-07-2025,7
24968,7526,8,01-08-2025,7
25004,7307,14,07-05-2025,7
25013,7882,13,06-05-2025,7
25046,4472,13,18-09-2025,7
25062,4086,2,24-07-2025,7
25092,4360,14,31-03-2025,7
25115,3537,8,11-09-2025,7
25143,3415,13,21-05-2025,7
25227,4315,8,09-12-2025,7
25286,467,14,22-05-2025,7
25346,1406,13,18-12-2025,7
25379,1220,17,21-01-2025,7
25588,7448,13,29-05-2025,7
25622,530,21,19-11-2025,7
25723,5654,19,25-06-2025,7
25725,2203,12,14-02-2025,7
25729,3866,19,28-09-2025,7
25734,6925,13,22-02-2025,7
25807,4279,13,21-03-2025,7
25860,4116,21,19-07-2025,7
25878,5134,12,18-10-2025,7
25888,6229,13,29-12-2025,7
25905,5476,14,20-04-2025,7
26005,6279,19,04-03-2025,7
26008,2868,21,03-10-2025,7
26061,4863,17,06-01-2025,7
26088,636,8,19-07-2025,7
26104,1098,2,30-01-2025,7
26143,4100,14,25-03-2025,7
26271,5355,2,10-12-2025,7
26295,2383,13,10-10-2025,7
26343,4628,13,21-11-2025,7
26482,3216,21,03-02-2025,7
26496,4367,12,17-10-2025,7
26569,324,19,20-07-2025,7
26578,6452,8,27-04-2025,7
26724,4462,14,04-11-2025,7
26757,2553,8,29-07-2025,7
26771,6831,13,04-09-2025,7
26874,1982,17,01-10-2025,7
26916,2462,13,26-04-2025,7
26956,1358,17,25-01-2025,7
27015,3844,17,30-01-2025,7
27233,7710,13,01-10-2025,7
27278,7582,13,22-06-2025,7
27287,464,17,16-09-2025,7
27438,45,12,06-01-2026,7
27449,2464,19,10-12-2025,7
27461,3482,14,24-07-2025,7
27493,3764,21,12-07-2025,7
27517,5955,21,08-04-2025,7
27736,1803,17,03-04-2025,7
27738,1034,8,16-12-2025,7
27792,7301,12,08-08-2025,7
27796,5328,19,14-06-2025,7
27820,5241,17,03-04-2025,7
27886,1625,21,30-08-2025,7
27900,6717,14,20-05-2025,7
27950,1909,19,14-08-2025,7
27965,1907,14,10-02-2025,7
28000,5044,8,28-06-2025,7
25,2201,6,19-08-2025,7
993,3031,6,11-07-2025,7
1676,5072,6,11-03-2025,7
1917,1273,6,26-04-2025,7
2347,3315,6,06-08-2025,7
2495,5531,6,25-06-2025,7
2844,6185,6,01-01-2025,7
3867,144,6,05-01-2025,7
4003,225,6,05-04-2025,7
4060,1476,6,05-12-2025,7
4786,253,6,05-12-2025,7
4996,5429,6,29-09-2025,7
5158,2361,6,07-01-2025,7
5201,3575,6,08-08-2025,7
5280,2684,6,05-09-2025,7
5287,1443,6,29-03-2025,7
5735,4170,6,18-06-2025,7
6101,123,6,15-02-2025,7
6509,1269,6,02-01-2026,7
6621,7497,6,20-11-2025,7
7176,1233,6,03-10-2025,7
8531,11,6,09-05-2025,7
8634,5777,6,26-04-2025,7
11197,2362,6,22-09-2025,7
11234,5418,6,23-04-2025,7
11441,6487,6,15-02-2025,7
11844,2123,6,20-10-2025,7
12146,1191,6,20-04-2025,7
12530,2714,6,12-08-2025,7
12736,1502,6,17-01-2025,7
13763,4705,6,12-03-2025,7
14264,7853,6,16-03-2025,7
14772,6071,6,23-08-2025,7
15292,2617,6,03-12-2025,7
15426,5299,6,25-04-2025,7
15793,702,6,15-12-2025,7
15883,3842,6,28-02-2025,7
16214,7338,6,15-09-2025,7
17073,1831,6,26-08-2025,7
17423,6504,6,15-01-2025,7
17559,7977,6,29-12-2025,7
19096,5509,6,22-09-2025,7
19114,2039,6,29-03-2025,7
19717,7524,6,16-10-2025,7
19890,3811,6,08-01-2025,7
19950,6116,6,21-04-2025,7
20262,5580,6,27-10-2025,7
20574,15,6,10-02-2025,7
20985,1585,6,16-08-2025,7
21016,4981,6,29-11-2025,7
21146,1542,6,14-08-2025,7
22004,5809,6,06-01-2025,7
22438,7187,6,21-08-2025,7
23494,3938,6,26-03-2025,7
23572,4277,6,21-01-2025,7
23744,759,6,03-01-2026,7
23783,6812,6,26-05-2025,7
24915,1067,6,10-03-2025,7
25618,1401,6,28-04-2025,7
26300,5663,6,02-09-2025,7
26489,2125,6,18-02-2025,7
27068,2972,6,31-01-2025,7
27309,5273,6,30-10-2025,7
27772,7633,6,24-02-2025,7
518,6815,7,02-12-2025,7
1309,1374,7,16-10-2025,7
1763,7406,7,04-06-2025,7
2216,6836,7,31-08-2025,7
2920,4575,7,07-02-2025,7
3070,1292,7,21-10-2025,7
4111,658,7,12-04-2025,7
4346,3818,7,30-11-2025,7
4513,7923,7,23-09-2025,7
4607,5003,7,13-09-2025,7
4619,200,7,18-07-2025,7
4952,1775,7,16-01-2025,7
5154,4490,7,03-09-2025,7
5641,7900,7,04-01-2026,7
6255,7494,7,29-09-2025,7
6629,7833,7,30-12-2025,7
6830,7159,7,12-05-2025,7
7383,7963,7,23-03-2025,7
7466,2136,7,02-01-2026,7
7933,4406,7,10-10-2025,7
7971,5236,7,16-01-2025,7
8156,3069,7,02-04-2025,7
9068,1832,7,26-01-2025,7
9220,3260,7,19-11-2025,7
9359,4185,7,20-01-2025,7
10400,637,7,24-05-2025,7
10409,5307,7,13-01-2026,7
10707,4195,7,04-05-2025,7
11651,6476,7,10-05-2025,7
12019,3470,7,29-12-2025,7
12789,1459,7,21-07-2025,7
13289,6670,7,01-07-2025,7
14008,7173,7,26-08-2025,7
14083,2302,7,01-12-2025,7
14281,2853,7,08-01-2026,7
16689,1195,7,30-06-2025,7
16928,4092,7,07-02-2025,7
17186,6552,7,26-10-2025,7
17791,4378,7,12-01-2025,7
18251,880,7,29-08-2025,7
19207,1984,7,11-12-2025,7
19407,5491,7,19-09-2025,7
19643,6852,7,20-07-2025,7
20539,6198,7,11-12-2025,7
20646,306,7,24-10-2025,7
20684,2886,7,14-12-2025,7
21187,4092,7,10-10-2025,7
21493,6819,7,09-02-2025,7
21943,3349,7,12-04-2025,7
22752,1520,7,20-07-2025,7
22805,6223,7,13-05-2025,7
22855,3500,7,15-02-2025,7
23273,5387,7,16-01-2026,7
24082,197,7,25-07-2025,7
24181,5431,7,25-12-2025,7
24469,5881,7,20-05-2025,7
24472,4658,7,12-06-2025,7
25659,6121,7,06-01-2026,7
26065,2080,7,08-03-2025,7
26225,3582,7,22-07-2025,7
26986,4603,7,21-05-2025,7
27093,7360,7,23-12-2025,7
27184,1152,7,26-08-2025,7
27487,2153,7,12-07-2025,7
411,2393,16,12-12-2025,7
1071,323,16,07-09-2025,7
1397,1626,16,02-07-2025,7
2202,6005,16,12-11-2025,7
2308,2795,16,28-03-2025,7
2600,5447,16,21-02-2025,7
3581,192,16,14-09-2025,7
4586,1066,16,01-10-2025,7
4816,6416,16,24-11-2025,7
4871,2794,16,13-10-2025,7
5180,6349,16,13-03-2025,7
5229,3055,16,08-07-2025,7
5441,756,16,20-02-2025,7
6515,6696,16,19-03-2025,7
6947,3583,16,20-11-2025,7
7153,5837,16,20-10-2025,7
7281,721,16,27-07-2025,7
7573,6487,16,12-05-2025,7
7662,4851,16,24-04-2025,7
8095,2410,16,31-07-2025,7
8287,2224,16,03-08-2025,7
8309,4329,16,21-08-2025,7
8315,1222,16,17-02-2025,7
8771,4260,16,04-01-2026,7
8927,7131,16,22-12-2025,7
9447,207,16,24-10-2025,7
9448,6045,16,18-11-2025,7
10770,3055,16,13-09-2025,7
11203,2753,16,29-04-2025,7
11689,4829,16,25-10-2025,7
11833,1677,16,13-10-2025,7
12169,2823,16,18-06-2025,7
12235,4512,16,26-10-2025,7
12825,4626,16,10-08-2025,7
13122,1968,16,10-11-2025,7
13198,456,16,21-03-2025,7
13287,1672,16,15-02-2025,7
13474,7733,16,21-03-2025,7
14305,7154,16,13-09-2025,7
15786,5772,16,06-04-2025,7
17257,1274,16,28-08-2025,7
17652,296,16,13-04-2025,7
17992,4196,16,27-10-2025,7
18192,5550,16,07-08-2025,7
18299,5945,16,03-07-2025,7
19089,6957,16,15-11-2025,7
20272,2778,16,06-12-2025,7
22302,6033,16,16-11-2025,7
22631,2413,16,22-03-2025,7
24471,6753,16,15-09-2025,7
24568,3945,16,12-06-2025,7
24807,4627,16,18-02-2025,7
25011,5445,16,18-06-2025,7
25405,7561,16,10-09-2025,7
25508,3331,16,18-12-2025,7
25760,1624,16,13-08-2025,7
26370,7659,16,29-10-2025,7
26381,490,16,26-08-2025,7
26501,6102,16,17-05-2025,7
26579,5751,16,30-03-2025,7
26595,5421,16,18-12-2025,7
26707,3747,16,16-07-2025,7
26991,2405,16,23-10-2025,7
27016,3591,16,15-07-2025,7
156,1609,15,22-09-2025,7
261,6760,15,09-11-2025,7
863,1411,15,15-08-2025,7
871,73,15,02-03-2025,7
1329,1629,15,14-08-2025,7
1569,4541,15,09-03-2025,7
2516,7071,15,03-09-2025,7
2755,5075,15,08-11-2025,7
3358,5979,15,07-02-2025,7
3637,4944,15,18-07-2025,7
3869,4457,15,27-08-2025,7
4010,3493,15,06-10-2025,7
4016,7601,15,10-11-2025,7
4024,220,15,07-01-2026,7
4402,1483,15,22-01-2025,7
4835,4847,15,07-04-2025,7
6523,2398,15,16-05-2025,7
6527,1006,15,21-02-2025,7
7026,7055,15,16-11-2025,7
7343,1886,15,23-01-2025,7
8028,7920,15,07-02-2025,7
8300,2311,15,15-06-2025,7
8465,1261,15,02-10-2025,7
8795,1567,15,28-09-2025,7
9143,5265,15,11-12-2025,7
9197,3682,15,14-02-2025,7
9483,2434,15,22-02-2025,7
9568,6768,15,07-06-2025,7
9807,2405,15,08-06-2025,7
10421,2872,15,28-11-2025,7
11284,6847,15,23-12-2025,7
11350,2483,15,21-07-2025,7
11572,639,15,30-12-2025,7
11583,5004,15,26-03-2025,7
12253,3551,15,04-11-2025,7
13104,5584,15,28-02-2025,7
14496,4402,15,07-12-2025,7
14533,669,15,04-04-2025,7
15104,5839,15,11-03-2025,7
15202,508,15,11-03-2025,7
15509,375,15,01-08-2025,7
16022,5277,15,15-11-2025,7
16176,6083,15,02-09-2025,7
16245,1457,15,16-09-2025,7
16771,6014,15,25-01-2025,7
16843,2824,15,17-03-2025,7
17171,262,15,09-01-2026,7
17264,3590,15,02-04-2025,7
17355,5199,15,31-05-2025,7
18421,6150,15,26-07-2025,7
18839,7277,15,25-09-2025,7
19215,799,15,07-05-2025,7
21386,2405,15,09-01-2025,7
21445,1708,15,13-11-2025,7
21517,3111,15,25-11-2025,7
21530,5568,15,27-11-2025,7
21779,3087,15,11-08-2025,7
22888,1417,15,11-12-2025,7
23477,1923,15,08-05-2025,7
23909,3670,15,26-12-2025,7
24992,3380,15,09-01-2025,7
25673,4483,15,13-05-2025,7
25696,7111,15,24-08-2025,7
26655,3427,15,31-07-2025,7
27968,4834,15,25-06-2025,7
158,6100,24,09-03-2025,7
185,7066,24,31-12-2025,7
297,204,24,11-09-2025,7
953,4265,24,31-03-2025,7
1816,6110,24,05-09-2025,7
2156,1340,24,21-09-2025,7
2408,2750,24,20-03-2025,7
3149,1473,24,26-04-2025,7
3169,1665,24,18-09-2025,7
3204,2917,24,14-09-2025,7
4881,7194,24,28-01-2025,7
4953,965,24,06-10-2025,7
5350,1736,24,14-05-2025,7
6084,6634,24,23-12-2025,7
6100,7163,24,09-07-2025,7
7099,6287,24,02-03-2025,7
7414,4434,24,09-07-2025,7
8127,5387,24,22-11-2025,7
8132,3852,24,17-11-2025,7
8926,3640,24,23-11-2025,7
9378,1499,24,05-10-2025,7
9637,6183,24,01-01-2025,7
10579,6449,24,24-05-2025,7
10658,788,24,14-06-2025,7
10990,7935,24,05-04-2025,7
11633,227,24,12-06-2025,7
12023,2137,24,15-06-2025,7
12034,2197,24,11-10-2025,7
12085,1825,24,28-10-2025,7
12372,1521,24,28-01-2025,7
12395,2045,24,14-05-2025,7
12433,3408,24,24-04-2025,7
12588,5223,24,11-11-2025,7
13079,7930,24,28-01-2025,7
13745,2681,24,15-07-2025,7
13824,3413,24,25-08-2025,7
13893,638,24,11-01-2025,7
13916,1391,24,15-09-2025,7
14470,4224,24,06-08-2025,7
15926,5750,24,15-05-2025,7
16666,120,24,10-02-2025,7
16744,4871,24,13-11-2025,7
17538,962,24,12-07-2025,7
18011,6895,24,03-06-2025,7
18074,5825,24,19-07-2025,7
18601,5953,24,06-08-2025,7
18959,4324,24,16-01-2026,7
19230,7018,24,13-07-2025,7
19848,451,24,30-04-2025,7
20064,2249,24,15-09-2025,7
20186,3501,24,27-10-2025,7
21358,5237,24,24-11-2025,7
21692,5013,24,30-09-2025,7
21724,6787,24,26-06-2025,7
22116,5595,24,29-10-2025,7
22259,215,24,20-12-2025,7
22544,7704,24,29-10-2025,7
22845,2501,24,27-07-2025,7
23286,1169,24,21-03-2025,7
23951,1099,24,03-08-2025,7
24601,7600,24,08-12-2025,7
25086,5952,24,10-01-2026,7
26568,5874,24,31-07-2025,7
27019,2343,24,26-08-2025,7
27042,2284,24,11-05-2025,7
601,2530,5,26-02-2025,7
1063,3430,5,14-01-2025,7
1687,369,5,09-12-2025,7
1892,7214,5,07-12-2025,7
2184,5158,5,22-11-2025,7
2753,5342,5,05-12-2025,7
3135,525,5,02-10-2025,7
3809,7317,5,17-12-2025,7
5094,6378,5,28-09-2025,7
5545,3258,5,08-01-2025,7
5616,1033,5,04-01-2026,7
5917,5971,5,11-03-2025,7
6146,2064,5,29-10-2025,7
6637,5306,5,23-06-2025,7
7082,954,5,09-05-2025,7
7323,922,5,10-06-2025,7
7489,2400,5,24-02-2025,7
8717,6064,5,20-09-2025,7
8807,5590,5,06-04-2025,7
9538,2985,5,18-12-2025,7
9824,5368,5,08-09-2025,7
9852,4315,5,28-06-2025,7
9969,3970,5,05-01-2025,7
10152,3750,5,04-08-2025,7
11031,1618,5,18-01-2025,7
11908,3093,5,18-05-2025,7
12462,3642,5,19-08-2025,7
12505,1548,5,19-10-2025,7
13022,6992,5,22-06-2025,7
13207,4283,5,14-01-2025,7
13404,5322,5,18-01-2025,7
13696,3721,5,30-06-2025,7
13711,5853,5,15-09-2025,7
14043,1112,5,02-03-2025,7
14366,4097,5,14-10-2025,7
15851,2841,5,16-09-2025,7
16120,3429,5,10-12-2025,7
16490,4668,5,01-09-2025,7
16554,4302,5,25-09-2025,7
16681,1365,5,22-03-2025,7
16833,5687,5,28-08-2025,7
16858,5266,5,26-05-2025,7
16887,1364,5,02-08-2025,7
17030,4407,5,16-04-2025,7
17287,6076,5,27-08-2025,7
17544,2269,5,06-03-2025,7
17607,4787,5,10-05-2025,7
17617,7609,5,19-01-2025,7
17850,4366,5,23-07-2025,7
18016,181,5,01-02-2025,7
18219,7645,5,16-11-2025,7
18608,1425,5,31-08-2025,7
18626,1601,5,27-07-2025,7
19581,5708,5,01-11-2025,7
20513,2481,5,08-07-2025,7
21176,6663,5,06-03-2025,7
21829,2257,5,29-03-2025,7
22265,5531,5,05-06-2025,7
22373,5994,5,12-10-2025,7
22475,5364,5,22-08-2025,7
23657,1564,5,24-03-2025,7
23679,796,5,09-05-2025,7
24431,426,5,17-08-2025,7
24748,579,5,03-12-2025,7
25644,7589,5,09-04-2025,7
26107,1297,5,13-07-2025,7
445,4173,9,13-01-2025,7
1096,4956,9,20-01-2025,7
1379,6666,9,07-01-2026,7
1594,2941,9,01-04-2025,7
1791,7068,9,16-01-2025,7
2080,2939,9,15-03-2025,7
2137,3922,9,17-04-2025,7
2242,2071,9,04-07-2025,7
2596,3521,9,19-09-2025,7
2605,4131,9,12-12-2025,7
3292,4090,9,12-07-2025,7
3657,7360,9,05-01-2025,7
3663,7572,9,30-03-2025,7
3766,7540,9,18-05-2025,7
4792,5776,9,14-04-2025,7
5726,6785,9,03-08-2025,7
6020,5860,9,26-10-2025,7
6556,3038,9,20-10-2025,7
6582,2405,9,07-07-2025,7
6876,2982,9,19-07-2025,7
7055,3976,9,23-03-2025,7
7723,7821,9,09-01-2025,7
8253,6815,9,13-05-2025,7
9010,1789,9,10-02-2025,7
9042,2742,9,20-03-2025,7
9434,7744,9,15-04-2025,7
9859,7005,9,13-03-2025,7
10096,5251,9,15-04-2025,7
11416,4884,9,01-02-2025,7
11648,4820,9,07-11-2025,7
11681,2451,9,01-09-2025,7
11852,5734,9,13-05-2025,7
12368,3384,9,14-12-2025,7
12415,6084,9,23-08-2025,7
12417,5485,9,17-03-2025,7
12593,3905,9,27-02-2025,7
12706,2304,9,01-08-2025,7
13147,3078,9,30-07-2025,7
13301,197,9,23-09-2025,7
13343,2114,9,11-06-2025,7
13905,3997,9,07-11-2025,7
14077,6083,9,19-05-2025,7
17023,1796,9,10-12-2025,7
17518,204,9,27-03-2025,7
17589,7481,9,22-05-2025,7
17973,7400,9,19-01-2025,7
18382,5465,9,13-10-2025,7
18887,333,9,26-04-2025,7
19461,5971,9,29-01-2025,7
20288,7482,9,17-01-2025,7
20679,7289,9,17-11-2025,7
20733,2726,9,19-05-2025,7
21091,1023,9,21-05-2025,7
21871,4227,9,19-05-2025,7
21954,940,9,20-09-2025,7
22714,1396,9,21-08-2025,7
23944,2350,9,25-02-2025,7
24005,659,9,21-09-2025,7
24153,3134,9,25-09-2025,7
24189,6910,9,22-10-2025,7
24576,6844,9,05-01-2026,7
25245,390,9,12-06-2025,7
25664,2388,9,01-06-2025,7
26693,6010,9,21-12-2025,7
26752,2686,9,12-03-2025,7
26931,4907,9,25-07-2025,7
27768,7594,9,09-06-2025,7
63,4246,4,05-06-2025,7
1465,4737,4,06-01-2025,7
1479,5801,4,29-12-2025,7
1744,5891,4,05-03-2025,7
1787,1298,4,16-11-2025,7
2464,4371,4,18-01-2025,7
3077,5959,4,30-05-2025,7
3434,1720,4,11-11-2025,7
3530,7968,4,27-12-2025,7
3569,2408,4,01-09-2025,7
3978,390,4,20-09-2025,7
3992,2066,4,17-10-2025,7
4814,362,4,23-05-2025,7
5435,1607,4,31-07-2025,7
6276,2273,4,16-02-2025,7
6317,6704,4,01-09-2025,7
6555,6978,4,05-08-2025,7
7028,6864,4,09-01-2026,7
7751,6613,4,28-12-2025,7
8128,2721,4,19-07-2025,7
9509,2629,4,06-07-2025,7
10354,1783,4,16-12-2025,7
10385,395,4,01-01-2025,7
10474,2794,4,02-07-2025,7
10748,2952,4,13-06-2025,7
11076,5438,4,09-01-2026,7
12367,2001,4,03-10-2025,7
12782,2575,4,06-12-2025,7
12916,4565,4,27-03-2025,7
13137,398,4,04-10-2025,7
13317,7956,4,13-03-2025,7
14534,5192,4,01-04-2025,7
14715,308,4,02-08-2025,7
14906,1208,4,27-10-2025,7
15338,1116,4,18-03-2025,7
15378,1766,4,26-05-2025,7
15716,347,4,13-06-2025,7
15770,1098,4,13-01-2026,7
16070,4083,4,20-09-2025,7
16503,6669,4,21-07-2025,7
17218,5699,4,08-08-2025,7
17529,2561,4,24-11-2025,7
17809,4517,4,13-04-2025,7
18404,2213,4,23-08-2025,7
18624,7852,4,14-04-2025,7
18816,4768,4,05-11-2025,7
20062,1769,4,24-05-2025,7
20535,4068,4,10-01-2026,7
20812,3279,4,12-12-2025,7
21084,3948,4,16-06-2025,7
22021,7004,4,23-07-2025,7
22249,6376,4,13-08-2025,7
23201,2184,4,24-03-2025,7
23293,2798,4,28-02-2025,7
23310,4894,4,19-06-2025,7
23522,5258,4,13-11-2025,7
23543,7830,4,16-08-2025,7
23887,2987,4,07-02-2025,7
24480,7502,4,02-01-2026,7
25668,5913,4,17-01-2026,7
25703,1057,4,11-11-2025,7
25940,4655,4,03-12-2025,7
26333,7961,4,27-12-2025,7
26763,557,4,29-05-2025,7
26822,6675,4,25-12-2025,7
27374,5115,4,31-08-2025,7
27633,4344,4,18-08-2025,7
27785,902,4,10-03-2025,7
163,3643,10,19-06-2025,7
433,6314,10,01-01-2025,7
930,4794,10,16-06-2025,7
1789,6930,10,24-06-2025,7
1805,2980,10,01-08-2025,7
2501,3115,10,06-04-2025,7
3579,5836,10,06-10-2025,7
4098,6230,10,04-06-2025,7
4734,4272,10,23-06-2025,7
5300,2751,10,10-03-2025,7
5357,708,10,27-05-2025,7
5654,7973,10,31-08-2025,7
7141,219,10,29-11-2025,7
7418,5577,10,25-04-2025,7
7929,7979,10,13-04-2025,7
7983,2151,10,20-08-2025,7
8170,7754,10,20-09-2025,7
8323,4132,10,07-01-2025,7
9067,440,10,17-07-2025,7
9800,6084,10,29-10-2025,7
10504,3604,10,27-03-2025,7
10769,2879,10,04-03-2025,7
10968,5972,10,08-05-2025,7
11520,3823,10,05-12-2025,7
12003,3152,10,05-11-2025,7
12922,2874,10,28-01-2025,7
13027,7862,10,15-06-2025,7
13620,2865,10,09-04-2025,7
14073,4157,10,30-05-2025,7
14406,3670,10,20-05-2025,7
14585,97,10,02-12-2025,7
15216,2087,10,14-06-2025,7
16053,2132,10,11-10-2025,7
16239,7919,10,26-04-2025,7
16258,3518,10,04-11-2025,7
16325,1752,10,04-06-2025,7
16701,5361,10,24-03-2025,7
16884,4708,10,09-09-2025,7
17204,5670,10,27-11-2025,7
17847,3448,10,25-06-2025,7
17914,7589,10,23-04-2025,7
18103,6982,10,07-05-2025,7
18734,595,10,09-06-2025,7
19298,3528,10,09-01-2026,7
19309,5885,10,21-01-2025,7
19634,5924,10,25-05-2025,7
19711,2708,10,15-06-2025,7
20296,420,10,04-11-2025,7
20326,3516,10,25-01-2025,7
20387,5990,10,26-02-2025,7
20448,2462,10,27-08-2025,7
20540,5679,10,16-08-2025,7
20764,3278,10,03-11-2025,7
20983,6174,10,14-01-2026,7
21526,3249,10,17-01-2025,7
21740,2660,10,20-09-2025,7
22220,4490,10,18-04-2025,7
22363,7211,10,01-05-2025,7
23268,5037,10,23-05-2025,7
23686,4850,10,26-06-2025,7
23938,608,10,22-10-2025,7
24019,6727,10,08-08-2025,7
24046,3788,10,12-12-2025,7
25420,7164,10,09-10-2025,7
25831,4526,10,07-05-2025,7
25990,6982,10,24-01-2025,7
26368,5782,10,26-04-2025,7
26800,1585,10,04-10-2025,7
27508,6938,10,10-01-2025,7
135,6858,3,07-09-2025,7
654,2358,3,28-02-2025,7
1427,728,3,17-01-2025,7
1612,404,3,19-01-2025,7
2580,128,3,27-02-2025,7
2836,2720,3,13-09-2025,7
2853,1042,3,06-05-2025,7
2889,5738,3,26-02-2025,7
3990,3759,3,07-01-2026,7
4211,3283,3,20-12-2025,7
4589,963,3,05-01-2026,7
4690,4192,3,22-09-2025,7
4916,6260,3,19-02-2025,7
5048,4549,3,08-09-2025,7
5335,7035,3,24-02-2025,7
5336,400,3,01-01-2025,7
5444,7137,3,08-12-2025,7
5701,7834,3,17-12-2025,7
6013,4341,3,17-03-2025,7
6412,3321,3,05-01-2026,7
6534,2231,3,21-05-2025,7
6796,2985,3,30-04-2025,7
7101,3694,3,02-06-2025,7
7638,862,3,17-01-2025,7
8206,6897,3,06-06-2025,7
8762,2076,3,27-03-2025,7
8860,4077,3,01-06-2025,7
9261,7495,3,01-03-2025,7
9286,3217,3,16-01-2025,7
9691,6783,3,12-06-2025,7
10072,1260,3,12-02-2025,7
10248,1147,3,31-03-2025,7
10616,1194,3,16-03-2025,7
10749,1864,3,02-01-2026,7
10758,6417,3,18-03-2025,7
11570,7758,3,17-08-2025,7
12650,4382,3,12-08-2025,7
12798,7960,3,03-01-2025,7
12839,2063,3,18-01-2025,7
12874,1380,3,10-03-2025,7
13762,5284,3,19-08-2025,7
14201,574,3,17-09-2025,7
14418,1476,3,31-08-2025,7
14524,3705,3,18-11-2025,7
14627,2112,3,07-01-2026,7
14799,4243,3,21-01-2025,7
14937,5261,3,14-02-2025,7
15053,236,3,19-06-2025,7
15139,2937,3,05-01-2025,7
15603,5617,3,07-07-2025,7
15873,84,3,21-07-2025,7
16327,1630,3,02-01-2025,7
17135,7839,3,05-07-2025,7
17551,1968,3,19-03-2025,7
18185,2452,3,15-09-2025,7
18323,6185,3,29-07-2025,7
18763,7244,3,01-08-2025,7
18968,2423,3,11-04-2025,7
19281,6351,3,02-02-2025,7
20010,4198,3,16-09-2025,7
20316,7885,3,28-06-2025,7
21087,4352,3,13-02-2025,7
21565,5705,3,14-08-2025,7
21783,4283,3,18-11-2025,7
21935,944,3,01-11-2025,7
22107,1640,3,28-09-2025,7
23879,3641,3,05-04-2025,7
24117,6074,3,09-02-2025,7
24584,7326,3,10-03-2025,7
24823,6027,3,08-07-2025,7
25344,3672,3,27-02-2025,7
26929,585,3,20-04-2025,7
308,2653,11,16-06-2025,7
719,6686,11,20-04-2025,7
1731,1796,11,11-06-2025,7
2033,2192,11,30-06-2025,7
2838,1483,11,15-01-2026,7
2850,7638,11,23-05-2025,7
3173,2430,11,20-03-2025,7
3945,7842,11,07-11-2025,7
4155,1457,11,15-08-2025,7
4527,1157,11,08-06-2025,7
5203,7471,11,09-02-2025,7
5278,3790,11,09-06-2025,7
5305,7265,11,22-08-2025,7
5704,7995,11,08-01-2025,7
5902,563,11,28-01-2025,7
6226,1952,11,12-11-2025,7
6657,868,11,09-05-2025,7
6846,5726,11,20-02-2025,7
7388,5532,11,22-05-2025,7
8532,7526,11,15-10-2025,7
8692,5564,11,13-11-2025,7
8728,2987,11,18-05-2025,7
8976,6341,11,29-10-2025,7
9066,610,11,09-08-2025,7
9296,6186,11,28-05-2025,7
9953,3787,11,18-05-2025,7
10827,5391,11,21-11-2025,7
11046,3051,11,08-09-2025,7
11109,3377,11,07-08-2025,7
11297,5024,11,29-03-2025,7
11483,221,11,24-08-2025,7
12082,7092,11,18-03-2025,7
13434,1081,11,14-05-2025,7
13442,3290,11,14-12-2025,7
13556,7759,11,01-07-2025,7
13662,2272,11,27-09-2025,7
13756,2920,11,30-10-2025,7
13810,1187,11,03-08-2025,7
14297,3607,11,14-03-2025,7
14307,5747,11,20-11-2025,7
14607,7392,11,05-01-2026,7
14656,7631,11,08-08-2025,7
14681,7349,11,05-11-2025,7
15133,4868,11,10-06-2025,7
15475,4933,11,10-03-2025,7
15685,6005,11,10-01-2026,7
17056,1330,11,12-05-2025,7
17342,1991,11,26-08-2025,7
18205,1606,11,03-10-2025,7
18238,4617,11,31-12-2025,7
18307,4736,11,21-12-2025,7
18470,442,11,04-06-2025,7
19128,6488,11,24-01-2025,7
19930,7812,11,12-01-2026,7
20155,7497,11,05-02-2025,7
20207,32,11,29-05-2025,7
20266,5395,11,18-01-2026,7
20644,3467,11,22-12-2025,7
20889,2047,11,30-04-2025,7
21039,5395,11,28-05-2025,7
21390,4529,11,13-12-2025,7
21670,7034,11,20-07-2025,7
22923,5750,11,08-08-2025,7
22975,5073,11,29-08-2025,7
23112,3672,11,04-12-2025,7
23216,6178,11,14-02-2025,7
23253,854,11,05-04-2025,7
23947,5514,11,16-12-2025,7
24029,605,11,07-08-2025,7
24252,2666,11,14-01-2025,7
27132,2075,11,19-08-2025,7
27221,1108,11,06-11-2025,7
27906,7145,11,27-09-2025,7
193,1293,22,06-04-2025,7
362,7780,22,15-12-2025,7
1233,5854,22,30-04-2025,7
1289,1460,22,07-08-2025,7
1738,7578,22,13-01-2026,7
1899,4352,22,12-08-2025,7
1972,1769,22,01-04-2025,7
2421,6291,22,18-10-2025,7
2433,2183,22,13-11-2025,7
2968,7765,22,13-05-2025,7
3194,6169,22,23-06-2025,7
3197,1773,22,31-05-2025,7
3323,5208,22,20-01-2025,7
3403,2154,22,13-01-2025,7
4841,5228,22,24-01-2025,7
5751,5421,22,15-03-2025,7
6131,4896,22,09-02-2025,7
6898,1584,22,03-06-2025,7
7416,6742,22,16-04-2025,7
8238,860,22,16-12-2025,7
8250,1976,22,15-01-2026,7
8525,6568,22,23-12-2025,7
8980,5110,22,09-03-2025,7
9087,4633,22,09-02-2025,7
10323,1353,22,12-10-2025,7
10752,4428,22,18-01-2026,7
11219,4045,22,15-01-2025,7
11231,6627,22,06-06-2025,7
11659,1829,22,23-06-2025,7
11783,817,22,28-07-2025,7
12299,4671,22,03-11-2025,7
12387,7620,22,30-05-2025,7
13033,2866,22,16-10-2025,7
13350,705,22,08-11-2025,7
13369,7952,22,04-09-2025,7
13582,1391,22,26-04-2025,7
13658,2113,22,09-10-2025,7
13862,7032,22,11-03-2025,7
13965,2704,22,24-12-2025,7
13992,5987,22,29-11-2025,7
14701,3809,22,06-05-2025,7
15041,6203,22,06-10-2025,7
15297,6937,22,09-04-2025,7
15363,3261,22,18-01-2026,7
15809,7684,22,25-06-2025,7
16456,7584,22,23-05-2025,7
16698,4209,22,01-11-2025,7
16707,6262,22,26-08-2025,7
17591,908,22,19-04-2025,7
17699,627,22,13-10-2025,7
18666,2145,22,11-05-2025,7
19218,647,22,05-01-2026,7
19410,2625,22,13-03-2025,7
19657,361,22,07-03-2025,7
20468,4007,22,27-02-2025,7
20504,2837,22,20-07-2025,7
20551,5420,22,21-09-2025,7
20680,809,22,04-05-2025,7
21468,303,22,27-05-2025,7
21587,6170,22,02-08-2025,7
21917,3598,22,12-12-2025,7
21948,4412,22,06-10-2025,7
22206,346,22,30-05-2025,7
22616,6646,22,15-01-2026,7
22629,5491,22,07-04-2025,7
23365,6515,22,16-03-2025,7
25590,6187,22,30-09-2025,7
25743,6372,22,25-11-2025,7
25903,2432,22,15-07-2025,7
26250,7742,22,05-04-2025,7
26807,4965,22,12-02-2025,7
27509,7288,22,30-07-2025,7
27806,5144,22,12-12-2025,7
535,6898,23,22-02-2025,7
891,7987,23,29-08-2025,7
1201,2070,23,07-02-2025,7
1412,742,23,07-04-2025,7
1803,2055,23,19-05-2025,7
2690,5862,23,30-06-2025,7
3364,2627,23,16-12-2025,7
3681,794,23,12-02-2025,7
3733,4465,23,06-03-2025,7
4069,6788,23,24-04-2025,7
4401,5951,23,07-02-2025,7
4850,7919,23,14-09-2025,7
5008,7653,23,01-12-2025,7
5193,7401,23,26-09-2025,7
5440,203,23,13-10-2025,7
5798,4514,23,21-02-2025,7
6108,6962,23,28-02-2025,7
6199,6152,23,02-10-2025,7
7051,3412,23,11-01-2026,7
7224,6905,23,21-12-2025,7
7261,2384,23,27-01-2025,7
7280,1900,23,15-01-2026,7
7391,3339,23,14-05-2025,7
7688,2124,23,07-10-2025,7
8106,1107,23,16-01-2026,7
8743,3195,23,27-09-2025,7
8990,6672,23,24-10-2025,7
9249,6615,23,16-12-2025,7
9373,7442,23,18-03-2025,7
9584,1615,23,04-10-2025,7
11044,5075,23,26-07-2025,7
11136,1918,23,25-05-2025,7
11642,2441,23,01-05-2025,7
11765,7117,23,29-03-2025,7
11974,916,23,23-04-2025,7
12222,2091,23,07-05-2025,7
12296,4125,23,22-11-2025,7
13877,6547,23,13-10-2025,7
14672,4680,23,24-12-2025,7
14988,6510,23,09-03-2025,7
15019,2160,23,29-08-2025,7
15540,7437,23,27-01-2025,7
15578,7960,23,11-03-2025,7
16096,2294,23,06-01-2026,7
16350,7671,23,06-10-2025,7
16462,3205,23,02-08-2025,7
16979,3866,23,21-09-2025,7
17220,5661,23,16-01-2025,7
17719,720,23,26-02-2025,7
17730,7489,23,18-10-2025,7
17967,7199,23,13-10-2025,7
18189,1948,23,01-06-2025,7
18224,7504,23,20-06-2025,7
18999,707,23,16-06-2025,7
19435,690,23,27-06-2025,7
20508,4010,23,19-09-2025,7
20859,6117,23,30-03-2025,7
20989,2290,23,13-04-2025,7
21129,7935,23,27-06-2025,7
21492,186,23,17-03-2025,7
21797,6236,23,21-09-2025,7
21887,5451,23,23-11-2025,7
22145,4692,23,26-11-2025,7
22155,6550,23,16-07-2025,7
22463,293,23,08-01-2026,7
22784,5017,23,13-03-2025,7
23024,4663,23,10-05-2025,7
24438,7997,23,11-06-2025,7
24634,5736,23,22-08-2025,7
24725,1057,23,03-09-2025,7
25127,7060,23,21-07-2025,7
25375,3353,23,10-06-2025,7
26196,4603,23,09-06-2025,7
26398,6243,23,16-09-2025,7
27121,4790,23,20-07-2025,7
27989,527,23,24-03-2025,7
143,2217,18,27-10-2025,7
230,4130,18,28-07-2025,7
285,2008,18,24-06-2025,7
290,943,18,01-12-2025,7
352,1661,18,10-09-2025,7
2700,7415,18,19-10-2025,7
2735,5365,18,21-10-2025,7
3141,475,18,06-09-2025,7
3392,1850,18,24-05-2025,7
3540,747,18,18-02-2025,7
3596,2198,18,15-12-2025,7
4752,3948,18,18-04-2025,7
4980,6622,18,12-12-2025,7
5244,1569,18,12-04-2025,7
5373,7302,18,01-04-2025,7
6673,1368,18,21-03-2025,7
6784,6817,18,21-11-2025,7
6858,4182,18,15-07-2025,7
7032,1375,18,13-05-2025,7
7098,2140,18,01-09-2025,7
7501,7033,18,25-12-2025,7
8658,1504,18,27-12-2025,7
8748,4061,18,20-08-2025,7
9311,5958,18,26-08-2025,7
9524,3633,18,15-09-2025,7
10106,6036,18,09-12-2025,7
10179,487,18,17-03-2025,7
10181,5686,18,03-04-2025,7
11240,49,18,18-10-2025,7
11336,3166,18,29-01-2025,7
11465,1055,18,20-10-2025,7
11671,1502,18,15-05-2025,7
12477,6456,18,21-12-2025,7
12629,4729,18,02-02-2025,7
12788,4482,18,09-01-2025,7
13045,6796,18,28-03-2025,7
13149,3823,18,02-09-2025,7
13577,7420,18,19-11-2025,7
14060,4732,18,14-09-2025,7
14489,535,18,28-10-2025,7
14724,3118,18,24-02-2025,7
14808,2012,18,02-07-2025,7
14858,3321,18,18-10-2025,7
15379,7286,18,08-07-2025,7
15754,2872,18,17-01-2025,7
16253,5935,18,15-07-2025,7
16469,3534,18,11-07-2025,7
16778,6608,18,20-03-2025,7
17330,4449,18,19-04-2025,7
17771,5221,18,06-11-2025,7
18493,3685,18,07-07-2025,7
18658,723,18,08-06-2025,7
18813,5729,18,17-03-2025,7
19824,7419,18,24-01-2025,7
19854,5769,18,08-06-2025,7
20128,6314,18,16-07-2025,7
20558,3682,18,26-06-2025,7
20973,4361,18,14-06-2025,7
21020,2390,18,07-11-2025,7
21179,5668,18,18-09-2025,7
21303,6932,18,24-09-2025,7
21436,5731,18,30-08-2025,7
22228,2455,18,05-08-2025,7
22687,340,18,18-02-2025,7
23257,5865,18,14-12-2025,7
23997,4387,18,03-10-2025,7
24378,6663,18,28-04-2025,7
24798,250,18,06-10-2025,7
24847,2341,18,21-08-2025,7
26172,3988,18,06-03-2025,7
26282,6423,18,26-03-2025,7
26575,1462,18,23-08-2025,7
27039,3463,18,16-01-2026,7
27053,1712,18,20-09-2025,7
27909,7589,18,11-11-2025,7
27948,2081,18,16-05-2025,7
498,4378,25,08-02-2025,7
2525,1157,25,30-01-2025,7
3316,1851,25,03-10-2025,7
3560,5930,25,21-12-2025,7
3668,1488,25,08-01-2025,7
3713,6610,25,20-09-2025,7
3722,7809,25,19-03-2025,7
3802,3158,25,02-12-2025,7
4651,674,25,12-02-2025,7
4797,3619,25,26-01-2025,7
5041,219,25,08-12-2025,7
5214,6857,25,04-05-2025,7
5465,3362,25,10-09-2025,7
6057,2298,25,05-02-2025,7
6077,58,25,05-03-2025,7
6360,4284,25,27-05-2025,7
6924,427,25,26-11-2025,7
7027,2646,25,27-11-2025,7
7057,6214,25,18-08-2025,7
7699,6749,25,26-10-2025,7
7757,2868,25,20-07-2025,7
7776,3667,25,30-10-2025,7
7916,5889,25,17-01-2025,7
8039,6377,25,02-03-2025,7
8380,2965,25,24-06-2025,7
8432,3453,25,23-01-2025,7
8509,5323,25,28-08-2025,7
9183,6180,25,29-11-2025,7
9245,2302,25,09-10-2025,7
9735,6968,25,01-07-2025,7
11144,7872,25,07-09-2025,7
11189,7274,25,05-08-2025,7
11225,2390,25,29-12-2025,7
11315,2782,25,01-09-2025,7
11364,841,25,03-07-2025,7
11577,5920,25,22-10-2025,7
11609,5462,25,07-05-2025,7
13291,122,25,02-12-2025,7
13467,2248,25,09-07-2025,7
13546,7778,25,30-05-2025,7
13894,3850,25,09-12-2025,7
14608,1980,25,18-11-2025,7
16296,2355,25,02-01-2025,7
16632,5410,25,24-06-2025,7
16660,3682,25,18-06-2025,7
16880,2917,25,03-09-2025,7
17510,7343,25,17-02-2025,7
17817,2567,25,03-06-2025,7
18405,6755,25,13-04-2025,7
18508,2250,25,15-11-2025,7
18778,3521,25,08-07-2025,7
19031,7815,25,22-02-2025,7
19472,2820,25,03-12-2025,7
19891,7636,25,24-02-2025,7
19910,1049,25,22-11-2025,7
19996,7429,25,13-02-2025,7
20955,6140,25,30-01-2025,7
21113,1163,25,05-10-2025,7
21250,4904,25,03-01-2026,7
21633,3077,25,23-04-2025,7
21901,1733,25,11-05-2025,7
22138,4353,25,18-01-2025,7
22365,7700,25,19-12-2025,7
22433,1020,25,05-11-2025,7
22465,4092,25,14-02-2025,7
23034,5312,25,14-08-2025,7
23617,6778,25,16-08-2025,7
24145,6949,25,13-08-2025,7
24238,5155,25,09-06-2025,7
24385,7653,25,08-01-2026,7
25900,1038,25,07-03-2025,7
25992,98,25,15-09-2025,7
26278,3155,25,17-08-2025,7
27341,1409,25,23-06-2025,7
27550,2036,25,30-09-2025,7
27863,6721,25,12-11-2025,7
1371,6535,20,27-06-2025,7
1828,5500,20,17-08-2025,7
2346,7422,20,20-10-2025,7
2852,3436,20,02-06-2025,7
3092,55,20,07-11-2025,7
3286,7956,20,15-04-2025,7
3538,7563,20,23-07-2025,7
3574,744,20,02-10-2025,7
3677,1395,20,19-12-2025,7
3709,1562,20,15-01-2025,7
4524,5440,20,01-12-2025,7
6194,2910,20,03-07-2025,7
6545,3585,20,03-09-2025,7
8483,7685,20,28-12-2025,7
8497,7836,20,19-09-2025,7
8651,2503,20,16-10-2025,7
8775,2874,20,25-08-2025,7
9228,789,20,07-01-2025,7
10446,7025,20,14-09-2025,7
10590,4803,20,22-06-2025,7
10612,6254,20,25-12-2025,7
10685,6411,20,27-10-2025,7
10725,3190,20,16-05-2025,7
11386,6975,20,24-07-2025,7
11836,4025,20,10-04-2025,7
12190,2365,20,01-08-2025,7
13030,4776,20,17-05-2025,7
13778,713,20,20-03-2025,7
13784,5526,20,14-12-2025,7
14227,1772,20,27-12-2025,7
14865,1354,20,19-05-2025,7
15102,3854,20,13-11-2025,7
15850,2046,20,06-09-2025,7
15943,6628,20,29-04-2025,7
17968,3338,20,05-08-2025,7
18147,1162,20,08-01-2026,7
18932,6275,20,29-07-2025,7
18953,404,20,28-08-2025,7
19015,7920,20,22-12-2025,7
19023,4169,20,22-05-2025,7
19327,2243,20,12-06-2025,7
19345,1567,20,26-04-2025,7
19928,3333,20,07-01-2025,7
19977,6251,20,28-01-2025,7
20024,4271,20,02-11-2025,7
20047,7137,20,02-03-2025,7
20254,3495,20,17-02-2025,7
20499,3879,20,21-05-2025,7
20683,2233,20,12-07-2025,7
20726,2189,20,31-10-2025,7
20912,4646,20,03-07-2025,7
21194,2855,20,18-08-2025,7
22505,4044,20,14-01-2025,7
22759,7800,20,11-09-2025,7
22808,2156,20,10-01-2025,7
23008,6174,20,23-11-2025,7
23092,4578,20,31-05-2025,7
23362,7098,20,05-03-2025,7
23369,4637,20,27-10-2025,7
23739,5908,20,07-08-2025,7
24421,4573,20,03-04-2025,7
24628,6780,20,30-03-2025,7
24917,7173,20,20-06-2025,7
24929,1343,20,01-12-2025,7
25442,1086,20,28-12-2025,7
25483,2967,20,18-09-2025,7
26167,179,20,22-02-2025,7
26474,2559,20,20-11-2025,7
26510,1735,20,16-06-2025,7
26639,882,20,05-10-2025,7
26803,7595,20,10-11-2025,7
26909,1438,20,06-10-2025,7
26953,7699,20,07-09-2025,7
27231,312,20,03-03-2025,7
27632,968,20,29-05-2025,7
27650,4400,20,12-01-2026,7
27885,5553,20,15-09-2025,7
93,5772,1,17-12-2025,7
353,7083,1,11-07-2025,7
422,2308,1,17-07-2025,7
704,1224,1,19-03-2025,7
1008,5992,1,12-01-2025,7
2074,2077,1,26-07-2025,7
2127,3832,1,13-05-2025,7
2189,5336,1,15-12-2025,7
2415,5284,1,14-10-2025,7
2936,757,1,09-04-2025,7
3009,52,1,09-03-2025,7
3591,6291,1,26-02-2025,7
3781,6991,1,29-10-2025,7
4292,1731,1,11-10-2025,7
4853,5290,1,06-12-2025,7
4894,5723,1,26-05-2025,7
5124,3665,1,16-05-2025,7
5147,4648,1,18-05-2025,7
5245,5901,1,07-01-2026,7
5307,7716,1,08-01-2026,7
5564,7009,1,20-03-2025,7
5635,3635,1,02-09-2025,7
5931,286,1,08-05-2025,7
6030,1890,1,16-04-2025,7
6770,1391,1,02-01-2026,7
6959,4399,1,13-06-2025,7
7128,2232,1,01-02-2025,7
7473,7042,1,25-02-2025,7
7743,1702,1,18-09-2025,7
8190,6368,1,14-01-2025,7
9129,2261,1,02-07-2025,7
10919,4853,1,19-05-2025,7
11264,5396,1,09-07-2025,7
11675,7322,1,23-07-2025,7
11684,7368,1,01-04-2025,7
11788,4818,1,11-05-2025,7
11900,7744,1,04-10-2025,7
12707,2526,1,15-04-2025,7
12778,3632,1,06-06-2025,7
13390,2622,1,04-06-2025,7
13508,7949,1,26-11-2025,7
14767,3742,1,03-09-2025,7
14820,4147,1,30-09-2025,7
14842,4920,1,02-09-2025,7
14995,4571,1,11-08-2025,7
15176,819,1,01-05-2025,7
15289,7046,1,24-04-2025,7
15498,7790,1,27-01-2025,7
15571,6596,1,04-02-2025,7
15658,7796,1,19-02-2025,7
15733,5691,1,24-07-2025,7
15778,3636,1,30-06-2025,7
15820,2256,1,26-05-2025,7
16705,7007,1,20-03-2025,7
18510,3383,1,18-01-2026,7
19371,1798,1,15-01-2026,7
19568,7080,1,03-08-2025,7
20546,2151,1,14-09-2025,7
20553,1615,1,27-02-2025,7
20596,7725,1,05-12-2025,7
21629,968,1,09-12-2025,7
21810,5817,1,22-03-2025,7
22288,6882,1,24-05-2025,7
22526,3856,1,28-07-2025,7
23111,384,1,30-04-2025,7
23454,4948,1,22-11-2025,7
23456,911,1,08-03-2025,7
23787,621,1,21-08-2025,7
24236,7701,1,04-02-2025,7
24292,2288,1,13-09-2025,7
24330,7289,1,12-07-2025,7
24398,6057,1,21-06-2025,7
24886,3388,1,17-10-2025,7
25148,3918,1,21-11-2025,7
25326,4495,1,15-09-2025,7
25429,6766,1,12-02-2025,7
25612,866,1,02-08-2025,7
27479,1499,1,03-10-2025,7
27723,6122,1,15-08-2025,7
41,5235,3,02-02-2025,1
57,5390,3,17-01-2026,1
69,2615,21,22-01-2025,1
96,2064,10,11-04-2025,1
121,2166,25,03-11-2025,1
173,3977,3,05-09-2025,1
206,7995,21,22-06-2025,1
216,964,3,17-07-2025,1
321,6338,5,02-03-2025,1
324,4988,5,16-10-2025,1
337,7218,9,29-10-2025,1
364,4576,2,15-03-2025,1
375,3351,11,24-04-2025,1
379,5420,19,02-12-2025,1
421,4231,24,07-04-2025,1
481,4189,20,08-04-2025,1
493,2781,18,29-09-2025,1
522,3988,7,23-06-2025,1
603,2333,10,22-06-2025,1
606,5043,18,26-06-2025,1
640,4922,4,12-06-2025,1
649,6487,24,27-12-2025,1
652,5886,16,31-12-2025,1
673,409,13,15-04-2025,1
683,3413,2,16-05-2025,1
689,3267,9,02-05-2025,1
690,3614,12,13-01-2025,1
698,103,5,28-03-2025,1
790,3419,21,03-04-2025,1
799,2503,25,18-03-2025,1
803,1706,13,13-12-2025,1
814,4820,2,31-01-2025,1
822,5242,7,20-04-2025,1
860,4132,22,27-12-2025,1
862,5814,20,03-03-2025,1
880,55,9,15-10-2025,1
903,4140,21,04-01-2025,1
905,3056,8,08-12-2025,1
971,7166,2,26-11-2025,1
988,5939,15,09-12-2025,1
1003,6587,25,13-09-2025,1
1024,6021,3,30-08-2025,1
1037,4917,4,20-11-2025,1
1039,1464,21,11-09-2025,1
1041,2671,15,07-03-2025,1
1051,7599,6,11-10-2025,1
1115,5774,1,12-11-2025,1
1124,6553,10,01-01-2026,1
1142,3188,21,13-05-2025,1
1147,6501,19,07-07-2025,1
1182,7909,2,28-11-2025,1
1184,3647,24,11-01-2026,1
1193,7309,20,02-08-2025,1
1257,476,23,15-01-2025,1
1268,2563,9,22-07-2025,1
1286,1099,22,19-06-2025,1
1370,434,15,08-07-2025,1
1448,6130,9,02-05-2025,1
1450,3694,19,18-09-2025,1
1452,137,5,12-10-2025,1
1461,4838,10,26-12-2025,1
1471,3402,5,08-09-2025,1
1473,2213,18,07-11-2025,1
1512,7395,13,09-08-2025,1
1518,133,15,18-09-2025,1
1571,4815,2,18-08-2025,1
1579,2362,25,27-04-2025,1
1591,2258,13,03-05-2025,1
1601,6856,19,18-02-2025,1
1619,6587,12,22-11-2025,1
1677,3133,20,07-03-2025,1
1713,7946,19,27-06-2025,1
1737,2120,9,04-11-2025,1
1747,5155,19,10-11-2025,1
1823,2364,15,12-04-2025,1
1825,768,13,09-05-2025,1
1860,6041,4,22-06-2025,1
1868,7152,7,10-02-2025,1
1874,3748,1,11-10-2025,1
1886,4164,2,05-10-2025,1
1927,4339,11,29-09-2025,1
2037,4968,25,07-01-2026,1
2054,57,13,16-05-2025,1
2082,4107,10,24-06-2025,1
2099,6127,13,16-08-2025,1
2101,3290,10,10-03-2025,1
2108,3546,7,25-12-2025,1
2166,6403,9,02-09-2025,1
2249,3700,25,27-03-2025,1
2268,139,21,02-02-2025,1
2286,4794,23,31-12-2025,1
2300,2018,23,06-07-2025,1
2322,6195,16,04-10-2025,1
2358,7903,6,27-12-2025,1
2387,5933,14,20-08-2025,1
2468,4905,17,28-02-2025,1
2477,5753,25,05-01-2025,1
2485,1257,11,18-11-2025,1
2486,47,20,11-11-2025,1
2496,5539,21,03-06-2025,1
2528,180,24,20-03-2025,1
2536,3485,15,11-01-2026,1
2538,2955,8,02-12-2025,1
2541,1561,6,25-11-2025,1
2548,5193,13,27-06-2025,1
2629,6032,18,25-06-2025,1
2656,7314,15,03-12-2025,1
2678,2597,24,20-02-2025,1
2688,4803,3,04-04-2025,1
2691,2962,7,16-04-2025,1
2743,5812,24,05-01-2026,1
2759,7483,15,18-01-2026,1
2761,80,17,02-01-2025,1
2765,2530,25,20-02-2025,1
2794,705,11,01-05-2025,1
2811,5108,24,18-06-2025,1
2843,6599,21,17-05-2025,1
2849,6655,3,11-04-2025,1
2925,734,1,02-02-2025,1
2938,79,17,01-08-2025,1
2962,1692,18,19-03-2025,1
2995,5823,17,07-01-2025,1
3034,2860,23,19-06-2025,1
3062,1215,21,09-06-2025,1
3088,1685,9,21-02-2025,1
3125,6743,1,01-12-2025,1
3151,2895,4,22-03-2025,1
3182,2045,8,04-12-2025,1
3219,2738,8,30-07-2025,1
3254,4477,21,02-12-2025,1
3268,3782,14,28-09-2025,1
3340,7696,18,26-01-2025,1
3393,2798,12,04-01-2026,1
3449,3303,10,03-05-2025,1
3487,1532,16,16-11-2025,1
3503,3932,16,24-02-2025,1
3517,1497,12,02-05-2025,1
3529,4528,18,01-01-2026,1
3562,7425,25,08-08-2025,1
3576,7929,10,22-02-2025,1
3615,1487,14,11-05-2025,1
3619,3795,10,04-04-2025,1
3635,1162,20,26-05-2025,1
3675,1335,4,22-09-2025,1
3693,29,21,23-09-2025,1
3719,3676,19,25-02-2025,1
3735,3713,1,15-09-2025,1
3749,2030,22,18-02-2025,1
3763,5323,23,18-02-2025,1
3769,6921,1,26-01-2025,1
3782,1693,12,19-11-2025,1
3795,669,9,04-02-2025,1
3816,7389,20,20-08-2025,1
3825,2755,7,03-03-2025,1
3829,1263,13,25-06-2025,1
3875,4325,20,02-06-2025,1
3880,3755,4,09-01-2025,1
3913,4225,20,25-09-2025,1
3953,5542,22,19-10-2025,1
3962,4223,21,15-12-2025,1
3964,5215,11,03-01-2025,1
3991,744,9,04-12-2025,1
3997,2987,13,10-03-2025,1
4025,3483,8,11-11-2025,1
4026,68,9,25-06-2025,1
4035,1623,18,11-11-2025,1
4039,4615,9,31-03-2025,1
4130,4288,20,08-05-2025,1
4138,836,4,25-06-2025,1
4163,2722,25,16-08-2025,1
4210,4677,24,05-10-2025,1
4226,1128,18,02-06-2025,1
4227,6505,24,09-09-2025,1
4268,834,13,18-10-2025,1
4299,3093,23,08-04-2025,1
4309,2570,14,05-06-2025,1
4377,4980,20,09-01-2026,1
4391,5051,25,03-01-2026,1
4416,4151,13,08-01-2025,1
4451,7870,1,24-02-2025,1
4499,1748,24,27-05-2025,1
4550,6107,19,16-06-2025,1
4555,7403,3,15-07-2025,1
4582,5632,3,27-04-2025,1
4585,7583,19,04-07-2025,1
4590,1878,1,22-02-2025,1
4592,3048,20,16-02-2025,1
4629,4100,13,13-02-2025,1
4673,2338,18,22-03-2025,1
4703,5195,20,18-12-2025,1
4720,5612,15,02-12-2025,1
4723,3656,7,16-02-2025,1
4728,1926,1,07-08-2025,1
4746,5670,22,22-10-2025,1
4777,2756,18,14-04-2025,1
4844,2777,18,09-12-2025,1
4887,807,12,28-10-2025,1
4891,7839,14,27-08-2025,1
4895,4634,21,10-06-2025,1
4898,6530,5,13-09-2025,1
4918,2210,4,03-01-2026,1
4937,5263,22,18-02-2025,1
4977,4965,20,30-05-2025,1
4995,5139,3,02-02-2025,1
5001,3907,25,23-04-2025,1
5040,2350,22,01-11-2025,1
5049,6837,15,27-06-2025,1
5054,1759,5,21-04-2025,1
5081,3659,20,22-09-2025,1
5125,6430,2,08-08-2025,1
5152,4377,8,20-01-2025,1
5167,7647,16,06-09-2025,1
5246,7929,24,08-01-2025,1
5298,2465,5,04-03-2025,1
5342,423,15,12-01-2025,1
5345,1411,11,24-08-2025,1
5356,1632,6,28-02-2025,1
5363,1474,14,03-12-2025,1
5368,6992,17,02-05-2025,1
5455,3728,6,10-08-2025,1
5466,5986,14,31-12-2025,1
5470,4884,10,13-01-2026,1
5546,3186,18,06-11-2025,1
5562,1210,10,24-08-2025,1
5577,7416,11,20-11-2025,1
5586,5156,9,18-10-2025,1
5649,7497,3,27-06-2025,1
5685,7471,22,25-05-2025,1
5744,6785,12,15-08-2025,1
5755,5072,19,08-11-2025,1
5760,4199,12,20-09-2025,1
5832,756,10,01-06-2025,1
5843,3562,19,09-03-2025,1
5852,5971,18,26-04-2025,1
5861,911,17,14-02-2025,1
5867,4485,12,17-02-2025,1
5870,7525,18,24-04-2025,1
5900,3569,2,24-10-2025,1
5915,4574,18,27-06-2025,1
5918,6327,7,21-06-2025,1
5924,1985,21,22-11-2025,1
5930,1946,12,24-02-2025,1
5958,2173,18,21-10-2025,1
5996,243,15,16-01-2026,1
6033,7472,18,02-06-2025,1
6055,3684,6,29-01-2025,1
6074,1537,11,02-07-2025,1
6093,7147,10,07-03-2025,1
6128,2676,20,01-09-2025,1
6160,1871,25,26-04-2025,1
6186,4685,9,05-09-2025,1
6239,6437,8,25-03-2025,1
6249,3103,21,17-01-2025,1
6279,3907,25,03-01-2025,1
6287,4260,8,26-03-2025,1
6315,5003,23,04-11-2025,1
6333,6910,24,10-11-2025,1
6399,3584,25,29-11-2025,1
6402,7282,14,09-01-2026,1
6408,5232,18,03-01-2025,1
6445,448,9,03-05-2025,1
6467,6059,16,09-11-2025,1
6476,1722,13,04-06-2025,1
6488,5646,12,18-05-2025,1
6491,4583,18,08-04-2025,1
6500,122,12,04-09-2025,1
6514,41,12,20-03-2025,1
6518,5199,7,28-12-2025,1
6531,6552,21,28-01-2025,1
6577,3686,24,07-12-2025,1
6622,7022,8,04-03-2025,1
6672,2861,9,14-07-2025,1
6698,2449,3,29-11-2025,1
6723,5757,15,04-12-2025,1
6729,4718,21,02-08-2025,1
6742,7958,10,23-02-2025,1
6795,482,18,07-05-2025,1
6797,5155,15,19-10-2025,1
6822,7218,8,25-05-2025,1
6832,6411,1,07-12-2025,1
6883,2458,20,08-03-2025,1
6895,4460,1,06-04-2025,1
6925,5740,24,18-11-2025,1
6971,3785,17,16-01-2025,1
6972,903,9,15-02-2025,1
6973,5364,2,23-11-2025,1
6995,1483,2,04-05-2025,1
7021,7679,2,26-01-2025,1
7123,1481,6,05-01-2026,1
7208,846,5,27-09-2025,1
7238,2511,14,14-03-2025,1
7242,3980,19,04-08-2025,1
7245,3608,8,01-01-2025,1
7279,5965,18,02-01-2025,1
7298,6547,25,12-01-2026,1
7389,1493,23,02-04-2025,1
7451,4102,1,01-05-2025,1
7478,5793,2,10-12-2025,1
7539,3468,21,14-05-2025,1
7549,3072,4,19-09-2025,1
7571,2065,2,03-09-2025,1
7575,165,8,12-04-2025,1
7582,3679,15,05-06-2025,1
7608,7735,6,22-10-2025,1
7612,1287,3,03-10-2025,1
7618,2171,12,19-06-2025,1
7665,6426,17,29-12-2025,1
7670,7903,10,10-03-2025,1
7674,2339,11,09-02-2025,1
7703,5911,18,27-02-2025,1
7724,4064,3,25-10-2025,1
7787,778,20,22-12-2025,1
7795,6352,19,28-10-2025,1
7828,4061,22,02-05-2025,1
7846,3609,4,21-04-2025,1
7850,2470,19,23-03-2025,1
7861,1319,5,05-10-2025,1
7862,166,14,29-12-2025,1
7875,1824,12,09-02-2025,1
7890,1722,4,29-06-2025,1
7902,4096,22,25-01-2025,1
7907,933,7,22-03-2025,1
7912,7829,3,25-06-2025,1
7919,5993,4,09-01-2025,1
7927,4018,8,20-12-2025,1
7931,3174,10,15-09-2025,1
7975,991,13,03-06-2025,1
7993,4663,24,27-09-2025,1
8005,409,12,03-06-2025,1
8033,4876,15,29-05-2025,1
8034,5566,6,04-12-2025,1
8064,4755,13,23-02-2025,1
8068,158,9,12-08-2025,1
8085,4011,9,07-12-2025,1
8100,7170,22,31-07-2025,1
8114,3285,22,09-06-2025,1
8143,3497,18,05-06-2025,1
8162,5573,11,12-01-2026,1
8166,2191,13,15-05-2025,1
8178,1724,10,16-10-2025,1
8196,2292,20,18-01-2026,1
8200,3995,1,18-09-2025,1
8208,3684,5,05-12-2025,1
8211,3883,20,21-11-2025,1
8226,3942,7,10-07-2025,1
8260,581,21,26-02-2025,1
8275,4175,22,22-01-2025,1
8374,4135,11,28-08-2025,1
8376,2825,19,23-11-2025,1
8412,6651,16,17-10-2025,1
8417,6716,14,15-05-2025,1
8419,7234,12,29-07-2025,1
8426,233,17,04-06-2025,1
8440,4450,19,18-02-2025,1
8468,5112,11,09-05-2025,1
8487,874,4,07-06-2025,1
8529,4527,23,17-02-2025,1
8567,1944,3,01-11-2025,1
8583,6122,7,23-12-2025,1
8593,6459,22,04-09-2025,1
8596,1990,13,24-04-2025,1
8598,7339,9,23-04-2025,1
8629,6164,5,04-08-2025,1
8631,2897,16,08-12-2025,1
8674,2971,13,19-03-2025,1
8677,985,12,18-03-2025,1
8687,1155,16,25-04-2025,1
8744,89,12,19-12-2025,1
8793,6507,1,10-10-2025,1
8810,4333,25,05-01-2025,1
8836,111,8,24-08-2025,1
8847,1691,19,13-02-2025,1
8876,6966,16,31-12-2025,1
8910,224,2,19-02-2025,1
8913,4409,10,18-11-2025,1
8958,1296,2,04-01-2026,1
8972,7586,7,10-01-2026,1
8979,5254,10,08-08-2025,1
9013,6227,12,22-09-2025,1
9019,6441,12,19-08-2025,1
9049,3384,7,23-06-2025,1
9055,6185,16,22-01-2025,1
9070,6184,2,05-03-2025,1
9147,492,16,08-01-2025,1
9190,648,1,23-11-2025,1
9240,7951,3,30-10-2025,1
9278,7715,21,13-02-2025,1
9293,6465,17,22-12-2025,1
9298,1752,17,16-10-2025,1
9315,4227,8,29-10-2025,1
9365,4438,9,20-01-2025,1
9369,3720,10,05-04-2025,1
9381,5458,11,02-08-2025,1
9419,6926,15,11-04-2025,1
9466,3638,23,19-10-2025,1
9508,6128,3,03-07-2025,1
9517,1718,2,18-07-2025,1
9549,6161,23,10-07-2025,1
9619,7024,19,05-07-2025,1
9629,5859,17,06-03-2025,1
9665,5328,23,13-01-2026,1
9679,2685,3,04-11-2025,1
9732,4885,19,03-05-2025,1
9737,1064,23,21-01-2025,1
9738,6985,24,25-02-2025,1
9786,7657,6,06-05-2025,1
9812,2073,8,16-01-2026,1
9823,6030,12,22-09-2025,1
9854,1609,10,21-05-2025,1
9875,1622,18,21-02-2025,1
9876,1521,17,14-12-2025,1
9886,3573,5,13-08-2025,1
9908,7937,8,16-06-2025,1
9997,19,2,10-08-2025,1
9998,3215,25,11-07-2025,1
10035,7222,15,03-09-2025,1
10053,3437,8,30-11-2025,1
10068,7135,5,21-08-2025,1
10075,2294,3,01-10-2025,1
10095,2963,8,13-05-2025,1
10097,4865,1,02-01-2026,1
10180,6161,3,27-01-2025,1
10193,5654,11,30-08-2025,1
10202,2094,21,01-04-2025,1
10228,1528,25,31-10-2025,1
10233,5749,11,14-07-2025,1
10268,4637,9,15-01-2025,1
10279,893,6,14-06-2025,1
10291,6979,17,25-10-2025,1
10312,7048,3,13-11-2025,1
10340,3208,4,17-05-2025,1
10476,4531,5,18-03-2025,1
10487,740,13,20-08-2025,1
10512,4283,8,31-12-2025,1
10531,703,10,02-02-2025,1
10554,7399,3,14-08-2025,1
10559,5884,13,26-12-2025,1
10560,6907,11,16-03-2025,1
10581,2261,21,19-08-2025,1
10599,548,15,16-01-2025,1
10613,2672,16,16-10-2025,1
10648,414,3,26-02-2025,1
10655,4448,1,25-02-2025,1
10656,2998,20,24-10-2025,1
10659,3234,7,10-05-2025,1
10692,2255,11,05-02-2025,1
10719,860,3,22-07-2025,1
10720,6541,5,26-07-2025,1
10779,2831,10,28-09-2025,1
10822,2401,23,15-10-2025,1
10850,7588,10,16-10-2025,1
10880,428,7,24-07-2025,1
10890,7487,10,28-04-2025,1
10909,2330,14,18-07-2025,1
10940,5682,12,18-10-2025,1
10944,47,15,14-02-2025,1
10972,1228,2,16-05-2025,1
11008,4231,19,15-09-2025,1
11011,1049,17,08-02-2025,1
11033,4232,23,06-11-2025,1
11034,7105,10,30-06-2025,1
11039,448,11,18-01-2026,1
11043,7882,3,07-06-2025,1
11165,2613,14,14-07-2025,1
11206,2468,11,02-11-2025,1
11241,5479,13,14-03-2025,1
11265,6468,16,03-05-2025,1
11298,6979,13,30-01-2025,1
11354,2270,10,21-08-2025,1
11397,7870,19,03-06-2025,1
11471,7455,9,12-03-2025,1
11494,6720,9,15-06-2025,1
11537,5458,21,22-04-2025,1
11563,1706,5,26-09-2025,1
11576,5474,8,20-10-2025,1
11586,1557,5,23-08-2025,1
11596,6533,19,03-01-2026,1
11616,1652,6,21-11-2025,1
11625,2280,15,26-11-2025,1
11632,1235,16,03-06-2025,1
11660,4172,1,18-07-2025,1
11700,4534,13,14-04-2025,1
11712,4999,24,21-08-2025,1
11751,7447,8,03-01-2026,1
11778,7911,24,24-08-2025,1
11781,3973,10,05-01-2025,1
11870,7810,9,28-10-2025,1
11875,6272,22,25-01-2025,1
11896,1554,15,22-07-2025,1
11928,7781,4,03-01-2025,1
11964,1728,10,24-02-2025,1
11983,7720,7,02-03-2025,1
11999,1158,6,27-09-2025,1
12000,576,23,04-11-2025,1
12076,7163,22,08-03-2025,1
12083,1444,11,23-07-2025,1
12151,3527,8,15-10-2025,1
12157,3276,14,22-01-2025,1
12224,4125,10,07-04-2025,1
12232,7048,22,02-08-2025,1
12270,2622,25,28-08-2025,1
12283,491,11,03-02-2025,1
12297,7325,24,22-09-2025,1
12343,2635,22,04-01-2026,1
12356,801,11,12-09-2025,1
12374,1957,5,31-03-2025,1
12405,1171,25,08-04-2025,1
12419,3563,13,23-07-2025,1
12482,3245,7,10-02-2025,1
12524,864,1,30-10-2025,1
12525,7558,6,06-11-2025,1
12551,5682,12,09-11-2025,1
12576,1735,13,14-06-2025,1
12577,3946,8,27-11-2025,1
12586,407,6,11-11-2025,1
12686,3750,18,27-02-2025,1
12701,7062,15,22-06-2025,1
12757,3155,9,17-01-2025,1
12786,6457,17,05-02-2025,1
12787,765,16,06-09-2025,1
12819,2094,22,28-08-2025,1
12853,7136,24,11-12-2025,1
12866,4115,3,13-10-2025,1
12919,3321,1,23-10-2025,1
12939,2516,9,12-12-2025,1
12960,3897,20,11-06-2025,1
12970,338,21,16-10-2025,1
12980,3310,4,12-07-2025,1
12989,2655,6,30-08-2025,1
13009,6690,6,26-06-2025,1
13051,611,10,28-01-2025,1
13053,6360,7,26-02-2025,1
13080,2256,10,18-02-2025,1
13101,7025,6,14-09-2025,1
13128,5554,8,29-01-2025,1
13148,2759,13,30-12-2025,1
13152,6855,12,18-02-2025,1
13173,6028,4,06-01-2025,1
13205,6147,18,19-05-2025,1
13215,4915,10,08-01-2025,1
13231,556,14,03-07-2025,1
13286,2389,23,19-06-2025,1
13299,84,24,16-06-2025,1
13366,543,16,11-09-2025,1
13379,7894,11,02-02-2025,1
13393,3784,21,14-12-2025,1
13408,1687,14,15-12-2025,1
13410,7922,21,16-01-2026,1
13414,5317,24,11-11-2025,1
13426,782,20,08-10-2025,1
13481,5795,3,27-10-2025,1
13514,1520,25,20-01-2025,1
13567,4109,15,29-08-2025,1
13592,3907,11,01-10-2025,1
13599,4977,15,08-03-2025,1
13652,5032,11,26-08-2025,1
13667,4757,23,23-05-2025,1
13675,4254,8,14-06-2025,1
13677,7929,2,21-02-2025,1
13720,7541,13,22-08-2025,1
13743,6906,7,11-02-2025,1
13768,2583,25,12-07-2025,1
13799,6816,16,03-04-2025,1
13804,7130,8,01-12-2025,1
13828,3216,19,22-01-2025,1
13871,5675,19,02-02-2025,1
13873,4806,2,18-08-2025,1
13895,294,16,09-09-2025,1
13903,141,18,04-09-2025,1
13906,482,2,20-03-2025,1
13953,658,14,03-06-2025,1
14046,5770,25,30-08-2025,1
14084,5717,25,31-12-2025,1
14130,2544,11,19-01-2025,1
14146,82,18,24-07-2025,1
14163,3872,11,03-12-2025,1
14192,4078,4,24-03-2025,1
14211,5184,23,16-08-2025,1
14218,3778,16,13-10-2025,1
14228,207,14,16-05-2025,1
14238,6582,19,13-10-2025,1
14246,2193,15,29-04-2025,1
14248,1517,24,21-08-2025,1
14274,3034,22,18-06-2025,1
14292,2030,8,28-01-2025,1
14318,2894,12,29-01-2025,1
14322,5757,6,18-12-2025,1
14344,3529,23,25-10-2025,1
14401,5087,21,31-01-2025,1
14413,6438,3,04-01-2026,1
14522,2875,21,24-07-2025,1
14529,4737,13,01-11-2025,1
14601,6077,9,21-12-2025,1
14623,2670,2,19-01-2025,1
14674,5805,2,27-01-2025,1
14677,5757,14,07-04-2025,1
14686,7976,1,28-01-2025,1
14689,3087,1,23-12-2025,1
14696,914,3,23-02-2025,1
14726,592,17,18-01-2026,1
14765,6829,17,08-07-2025,1
14780,4895,24,02-05-2025,1
14809,153,17,19-06-2025,1
14845,626,2,18-10-2025,1
14848,7962,20,31-12-2025,1
14934,940,7,05-12-2025,1
14938,5868,2,08-01-2026,1
14943,4911,19,12-11-2025,1
14980,7230,11,08-05-2025,1
14999,2264,18,16-01-2025,1
15065,3092,16,07-06-2025,1
15090,5909,4,21-04-2025,1
15136,438,22,01-11-2025,1
15173,5745,4,19-10-2025,1
15211,3571,20,18-01-2025,1
15250,536,17,12-02-2025,1
15299,2610,5,07-05-2025,1
15301,7324,14,05-11-2025,1
15311,1457,22,24-12-2025,1
15390,2142,20,21-05-2025,1
15417,7628,24,30-03-2025,1
15447,2353,15,13-06-2025,1
15497,3488,25,26-03-2025,1
15503,4222,18,29-12-2025,1
15516,1495,14,06-11-2025,1
15519,7059,11,04-08-2025,1
15532,2992,8,11-09-2025,1
15536,7000,4,14-04-2025,1
15562,1929,20,20-07-2025,1
15680,1874,8,06-01-2025,1
15728,1228,24,08-03-2025,1
15745,244,17,04-02-2025,1
15908,2961,13,06-12-2025,1
15932,5615,8,04-11-2025,1
15970,3700,12,12-01-2026,1
16025,1132,8,25-06-2025,1
16032,3124,23,28-11-2025,1
16034,7392,21,13-12-2025,1
16059,2158,3,02-10-2025,1
16074,2622,1,10-05-2025,1
16095,3951,7,10-06-2025,1
16104,5835,9,05-09-2025,1
16107,5748,1,30-10-2025,1
16110,1053,9,13-05-2025,1
16129,2256,7,20-11-2025,1
16169,6701,3,15-04-2025,1
16173,3627,2,20-12-2025,1
16219,7683,12,07-07-2025,1
16241,1434,14,24-02-2025,1
16243,6295,23,11-11-2025,1
16263,1163,25,22-11-2025,1
16272,5051,24,03-11-2025,1
16334,2951,18,02-01-2026,1
16419,4472,13,18-03-2025,1
16450,754,12,13-01-2026,1
16494,7239,10,24-05-2025,1
16509,2941,13,04-01-2026,1
16518,4835,8,31-10-2025,1
16565,338,15,21-12-2025,1
16581,7717,2,18-01-2026,1
16620,4515,6,10-07-2025,1
16627,7429,25,11-05-2025,1
16634,3754,9,23-09-2025,1
16638,837,20,09-09-2025,1
16654,4392,23,01-01-2025,1
16720,7604,11,15-02-2025,1
16721,5078,6,21-10-2025,1
16732,7770,9,10-07-2025,1
16735,5833,2,04-07-2025,1
16767,6498,14,17-05-2025,1
16818,7652,9,05-10-2025,1
16820,1241,24,16-08-2025,1
16829,6033,8,20-06-2025,1
16852,4705,25,19-07-2025,1
16870,6466,2,11-12-2025,1
16886,1636,12,28-04-2025,1
16908,2094,10,01-03-2025,1
16927,969,4,10-11-2025,1
16989,7684,15,16-04-2025,1
17006,6245,21,25-03-2025,1
17012,2902,23,19-07-2025,1
17047,5663,3,08-01-2026,1
17052,6901,6,11-12-2025,1
17057,6078,15,11-04-2025,1
17059,6705,4,07-01-2025,1
17070,4785,22,29-07-2025,1
17072,7060,9,23-03-2025,1
17098,2123,23,05-12-2025,1
17129,541,11,22-06-2025,1
17139,1096,14,14-10-2025,1
17232,239,8,06-04-2025,1
17296,301,4,30-04-2025,1
17303,594,10,21-12-2025,1
17304,2771,15,09-01-2026,1
17317,4598,20,31-05-2025,1
17329,86,8,15-01-2026,1
17344,6814,4,12-07-2025,1
17365,1619,9,24-01-2025,1
17377,795,20,02-07-2025,1
17440,1079,6,03-01-2026,1
17466,5034,9,16-09-2025,1
17523,1772,21,01-03-2025,1
17543,6620,8,02-12-2025,1
17553,3126,14,09-07-2025,1
17554,4250,3,08-04-2025,1
17556,4386,17,06-06-2025,1
17562,4301,1,08-05-2025,1
17584,4502,22,08-01-2026,1
17613,2223,16,11-03-2025,1
17691,1630,7,21-03-2025,1
17692,6330,7,29-05-2025,1
17724,5303,8,24-02-2025,1
17739,1567,9,12-12-2025,1
17748,1498,12,16-12-2025,1
17801,6886,9,09-01-2026,1
17813,7024,8,16-11-2025,1
17848,4793,13,15-07-2025,1
17877,2706,3,05-01-2025,1
17881,5865,18,25-07-2025,1
17890,2102,4,22-09-2025,1
17928,2850,16,04-01-2025,1
17946,5328,10,03-09-2025,1
18012,3364,8,27-06-2025,1
18013,1452,25,07-02-2025,1
18050,2792,11,10-09-2025,1
18060,1055,3,02-12-2025,1
18106,3529,1,21-06-2025,1
18210,6124,22,11-12-2025,1
18225,2150,9,02-01-2025,1
18229,1624,23,02-03-2025,1
18356,5943,8,24-09-2025,1
18365,6004,25,08-04-2025,1
18381,7255,5,07-01-2026,1
18385,1430,5,26-10-2025,1
18452,558,24,08-05-2025,1
18485,7194,20,02-11-2025,1
18525,7670,20,12-03-2025,1
18560,3687,25,24-11-2025,1
18575,4830,15,22-02-2025,1
18607,3008,15,07-09-2025,1
18655,4708,7,08-08-2025,1
18663,7641,1,18-09-2025,1
18706,4888,16,04-03-2025,1
18718,2680,9,01-03-2025,1
18720,5518,6,02-05-2025,1
18737,7353,7,21-08-2025,1
18751,4797,3,05-01-2026,1
18789,6266,13,11-02-2025,1
18796,4518,20,10-10-2025,1
18829,2381,11,26-05-2025,1
18833,6107,3,21-04-2025,1
18837,356,22,13-10-2025,1
18856,2502,14,01-08-2025,1
18913,7171,22,24-02-2025,1
19006,3385,22,08-09-2025,1
19014,978,24,06-06-2025,1
19071,5457,6,08-01-2025,1
19074,7448,5,26-08-2025,1
19168,7135,22,08-05-2025,1
19172,3796,22,17-02-2025,1
19235,3974,17,30-09-2025,1
19246,6644,20,25-04-2025,1
19259,1725,13,09-09-2025,1
19271,1133,2,28-11-2025,1
19296,2309,21,30-01-2025,1
19325,551,12,03-01-2026,1
19415,4238,18,12-07-2025,1
19418,3712,4,05-09-2025,1
19420,549,4,21-03-2025,1
19468,1881,9,15-09-2025,1
19485,4097,17,17-01-2025,1
19488,1232,1,26-11-2025,1
19493,5353,14,31-07-2025,1
19504,3029,23,11-08-2025,1
19512,451,5,13-12-2025,1
19524,6716,10,21-02-2025,1
19533,7358,23,06-09-2025,1
19539,5245,17,03-01-2025,1
19619,6942,6,20-03-2025,1
19622,1470,16,09-08-2025,1
19649,6036,25,09-12-2025,1
19655,7961,12,02-02-2025,1
19665,7239,25,17-06-2025,1
19701,7014,4,15-11-2025,1
19706,3852,3,11-12-2025,1
19779,3911,16,27-01-2025,1
19781,4292,15,27-06-2025,1
19785,1016,24,18-02-2025,1
19823,1992,23,20-02-2025,1
19862,3013,1,02-11-2025,1
19902,7627,23,19-04-2025,1
19974,1738,11,31-08-2025,1
20016,2275,24,16-10-2025,1
20030,5376,13,18-01-2025,1
20044,2026,25,10-02-2025,1
20054,4117,16,28-11-2025,1
20087,481,24,19-05-2025,1
20091,6396,9,18-02-2025,1
20099,6078,11,02-02-2025,1
20136,2816,24,04-08-2025,1
20139,239,6,04-07-2025,1
20176,6118,1,12-01-2026,1
20180,3697,19,17-08-2025,1
20192,7998,22,12-07-2025,1
20250,1495,13,13-07-2025,1
20287,3283,4,23-12-2025,1
20298,1647,3,07-09-2025,1
20350,7917,16,09-12-2025,1
20367,5124,6,22-04-2025,1
20411,6432,2,21-12-2025,1
20431,4614,14,10-01-2026,1
20457,134,15,30-09-2025,1
20473,588,20,22-07-2025,1
20486,161,6,25-08-2025,1
20496,1558,7,06-07-2025,1
20517,2299,4,15-01-2026,1
20556,481,23,04-09-2025,1
20569,5449,25,26-08-2025,1
20578,5808,3,27-06-2025,1
20588,3640,18,12-02-2025,1
20610,1901,24,11-04-2025,1
20616,6282,22,23-10-2025,1
20621,717,19,18-08-2025,1
20677,2634,11,18-02-2025,1
20698,4803,6,02-09-2025,1
20761,5694,1,12-11-2025,1
20768,292,5,26-07-2025,1
20798,383,5,28-10-2025,1
20880,7286,22,27-03-2025,1
20881,3337,14,27-10-2025,1
20898,40,15,12-06-2025,1
20923,7002,9,06-05-2025,1
20933,4729,5,09-06-2025,1
20937,3499,9,16-11-2025,1
20941,4773,17,01-05-2025,1
20945,2998,7,22-06-2025,1
20946,4748,22,13-12-2025,1
20950,4181,11,15-05-2025,1
20995,4705,1,17-11-2025,1
20998,2057,9,29-01-2025,1
21014,2601,25,11-08-2025,1
21038,7922,24,13-06-2025,1
21052,5847,16,01-04-2025,1
21156,901,9,18-06-2025,1
21168,4306,17,29-07-2025,1
21180,1073,17,24-08-2025,1
21242,1279,7,01-06-2025,1
21272,4753,19,08-06-2025,1
21314,4162,14,11-01-2026,1
21324,459,20,07-03-2025,1
21340,2582,10,03-09-2025,1
21404,7277,5,13-03-2025,1
21439,7370,15,19-08-2025,1
21447,1097,13,05-09-2025,1
21494,6837,9,02-11-2025,1
21509,5048,20,02-11-2025,1
21564,226,16,10-01-2026,1
21567,4686,16,22-02-2025,1
21640,3166,1,06-02-2025,1
21647,3526,12,06-10-2025,1
21662,5481,22,12-10-2025,1
21691,6413,25,29-07-2025,1
21728,3844,9,27-04-2025,1
21739,2724,11,16-10-2025,1
21751,6802,23,30-05-2025,1
21821,4806,24,16-04-2025,1
21842,5029,14,29-03-2025,1
21856,1990,2,23-06-2025,1
21861,3793,7,30-03-2025,1
21899,7416,24,25-07-2025,1
21914,5843,9,23-12-2025,1
21951,1093,16,10-08-2025,1
21965,709,21,07-08-2025,1
22059,1180,24,14-03-2025,1
22065,1311,15,11-11-2025,1
22067,1134,2,22-03-2025,1
22075,5363,6,25-03-2025,1
22111,7617,13,25-07-2025,1
22156,4925,9,26-04-2025,1
22176,6795,25,29-03-2025,1
22197,1922,13,12-01-2025,1
22230,5719,12,13-08-2025,1
22246,3503,12,05-03-2025,1
22276,6237,9,20-05-2025,1
22291,3439,19,26-09-2025,1
22342,3520,10,16-08-2025,1
22374,7158,18,03-01-2026,1
22468,3393,3,10-11-2025,1
22488,3620,4,25-04-2025,1
22495,1499,6,03-11-2025,1
22501,1028,22,21-07-2025,1
22503,1308,24,14-03-2025,1
22557,4697,15,17-03-2025,1
22627,7292,17,12-03-2025,1
22637,1240,13,19-05-2025,1
22662,6225,4,11-07-2025,1
22666,2056,19,29-12-2025,1
22675,1950,2,07-01-2025,1
22698,3801,6,26-06-2025,1
22717,959,1,28-03-2025,1
22769,6065,4,24-04-2025,1
22781,3491,13,06-07-2025,1
22791,5892,15,09-09-2025,1
22795,5533,6,23-06-2025,1
22803,6320,3,10-12-2025,1
22826,5438,5,23-02-2025,1
22847,7747,13,19-06-2025,1
22899,6573,5,23-04-2025,1
22945,1996,5,18-03-2025,1
22946,5673,24,30-05-2025,1
22967,1077,16,05-11-2025,1
22982,7684,24,31-07-2025,1
22984,2128,15,29-11-2025,1
22988,6543,12,26-11-2025,1
22992,4269,15,06-01-2025,1
22996,7884,5,06-12-2025,1
23007,1683,13,07-10-2025,1
23038,4501,18,07-01-2026,1
23052,4678,24,19-09-2025,1
23054,2585,19,13-04-2025,1
23132,2754,22,23-12-2025,1
23141,3901,21,29-01-2025,1
23143,4875,6,05-06-2025,1
23160,1749,11,05-01-2026,1
23167,2410,13,14-06-2025,1
23176,7759,3,19-04-2025,1
23180,2221,10,30-11-2025,1
23205,6185,10,15-01-2025,1
23209,5752,24,11-01-2025,1
23288,7165,24,30-05-2025,1
23291,2136,22,28-05-2025,1
23299,2607,22,27-10-2025,1
23314,3085,22,27-08-2025,1
23383,4728,7,22-11-2025,1
23386,2436,21,09-09-2025,1
23406,3391,18,12-01-2025,1
23491,4149,7,08-05-2025,1
23517,1301,11,01-01-2026,1
23620,7094,18,22-05-2025,1
23639,6265,5,27-05-2025,1
23650,815,23,17-01-2025,1
23689,2258,4,12-04-2025,1
23728,7635,8,05-05-2025,1
23735,1810,15,18-06-2025,1
23754,1467,2,04-09-2025,1
23767,7000,13,11-03-2025,1
23803,3846,7,17-02-2025,1
23821,5868,10,23-11-2025,1
23848,5633,23,01-02-2025,1
23872,1405,25,08-05-2025,1
23874,7862,17,01-04-2025,1
23891,5094,8,14-10-2025,1
23912,7106,23,21-10-2025,1
23986,5027,19,21-08-2025,1
23989,3403,7,28-05-2025,1
23993,4907,8,08-04-2025,1
24007,6017,21,31-10-2025,1
24050,4418,20,15-07-2025,1
24061,1909,10,30-07-2025,1
24098,7238,15,27-07-2025,1
24138,1248,19,31-10-2025,1
24152,7447,25,13-01-2026,1
24197,5621,23,19-03-2025,1
24201,72,16,12-03-2025,1
24229,5240,16,20-06-2025,1
24253,1368,16,22-08-2025,1
24266,5348,14,04-03-2025,1
24277,5259,23,30-05-2025,1
24278,4321,2,13-01-2025,1
24303,2206,15,05-02-2025,1
24346,2578,13,19-10-2025,1
24354,1637,20,31-08-2025,1
24420,1436,15,10-05-2025,1
24476,7535,22,07-05-2025,1
24530,6638,7,21-03-2025,1
24539,638,17,20-06-2025,1
24553,3880,21,01-01-2025,1
24582,292,4,03-05-2025,1
24596,3581,18,22-07-2025,1
24621,7502,23,17-06-2025,1
24687,7907,1,06-04-2025,1
24733,95,7,12-08-2025,1
24759,5267,15,27-07-2025,1
24762,3622,25,27-01-2025,1
24768,4798,25,14-08-2025,1
24771,5179,21,08-11-2025,1
24782,5069,15,09-01-2025,1
24795,2382,4,10-11-2025,1
24808,7745,15,27-03-2025,1
24816,3355,16,29-08-2025,1
24875,5187,7,28-04-2025,1
24879,5319,8,11-06-2025,1
24885,2003,21,20-01-2025,1
24896,2063,18,27-07-2025,1
24940,7596,16,03-01-2026,1
24954,7001,6,20-03-2025,1
24980,7600,11,10-10-2025,1
25047,4065,1,10-05-2025,1
25064,555,25,05-01-2026,1
25089,3904,14,08-02-2025,1
25112,937,9,26-09-2025,1
25126,3813,6,22-12-2025,1
25136,6803,20,13-02-2025,1
25157,6976,2,09-06-2025,1
25159,7386,14,30-07-2025,1
25169,2601,21,06-09-2025,1
25226,6134,5,07-05-2025,1
25298,1191,20,24-08-2025,1
25309,6241,10,27-04-2025,1
25310,6649,10,20-10-2025,1
25358,6402,16,25-09-2025,1
25406,6927,12,19-05-2025,1
25465,4058,9,04-03-2025,1
25487,2308,16,15-11-2025,1
25527,6748,5,08-01-2026,1
25533,5333,21,23-11-2025,1
25559,5984,23,06-11-2025,1
25560,3494,1,16-01-2025,1
25564,2880,9,14-12-2025,1
25589,1994,18,15-04-2025,1
25601,986,9,13-01-2026,1
25611,2839,13,11-12-2025,1
25625,1647,5,11-07-2025,1
25630,1529,14,29-03-2025,1
25647,1736,20,12-10-2025,1
25654,2969,13,22-05-2025,1
25736,6223,25,18-05-2025,1
25737,3790,22,16-01-2026,1
25756,6740,4,03-06-2025,1
25764,2776,6,05-03-2025,1
25769,7487,1,25-12-2025,1
25790,3882,3,05-08-2025,1
25817,5875,6,25-12-2025,1
25836,5503,14,05-01-2026,1
25886,6701,17,30-04-2025,1
25917,2207,22,22-06-2025,1
25977,3241,9,31-08-2025,1
25979,4406,24,24-05-2025,1
26041,7302,20,15-02-2025,1
26054,5171,23,05-08-2025,1
26073,6240,13,12-07-2025,1
26089,5868,7,28-03-2025,1
26093,6802,10,02-03-2025,1
26109,5531,12,24-05-2025,1
26125,6816,9,07-03-2025,1
26139,6174,2,27-07-2025,1
26141,4649,11,16-02-2025,1
26162,7111,17,16-10-2025,1
26163,4019,16,13-08-2025,1
26185,1412,19,07-12-2025,1
26223,7470,1,27-06-2025,1
26270,4775,15,04-03-2025,1
26285,4097,22,11-09-2025,1
26286,1812,4,07-10-2025,1
26301,3648,14,02-01-2025,1
26304,4293,11,12-07-2025,1
26308,4055,13,06-10-2025,1
26309,1873,13,11-02-2025,1
26338,2533,8,03-11-2025,1
26352,5949,16,31-07-2025,1
26392,2160,17,30-10-2025,1
26404,3811,7,21-10-2025,1
26463,4721,4,18-02-2025,1
26467,3662,17,31-01-2025,1
26527,4771,12,15-10-2025,1
26541,6617,15,31-10-2025,1
26587,7203,3,25-03-2025,1
26589,7024,13,07-03-2025,1
26601,3690,14,03-06-2025,1
26610,5197,9,22-06-2025,1
26611,5553,25,23-12-2025,1
26625,6354,11,04-03-2025,1
26635,634,9,23-09-2025,1
26660,1279,24,27-11-2025,1
26675,4766,1,12-11-2025,1
26714,6417,20,20-01-2025,1
26719,6470,11,06-04-2025,1
26758,6694,20,10-03-2025,1
26759,4469,12,26-07-2025,1
26762,7658,18,21-04-2025,1
26773,6441,10,22-07-2025,1
26775,7499,17,22-11-2025,1
26788,1733,24,30-01-2025,1
26790,2021,17,10-12-2025,1
26801,7301,13,27-02-2025,1
26816,5560,24,24-10-2025,1
26836,6174,21,19-10-2025,1
26838,2781,18,27-10-2025,1
26840,865,10,02-10-2025,1
26889,1251,9,03-10-2025,1
26902,308,1,20-09-2025,1
26922,2602,19,06-01-2025,1
26938,6418,4,21-08-2025,1
26948,4480,16,02-04-2025,1
26972,7050,3,29-08-2025,1
27000,123,14,30-10-2025,1
27001,3376,25,25-11-2025,1
27037,5386,15,09-10-2025,1
27059,1560,3,26-09-2025,1
27065,6698,17,26-11-2025,1
27081,5373,19,04-03-2025,1
27127,2018,11,14-09-2025,1
27148,6370,23,16-02-2025,1
27180,6972,16,05-10-2025,1
27192,449,12,18-04-2025,1
27212,5058,17,30-03-2025,1
27215,1293,19,18-02-2025,1
27230,4546,19,18-09-2025,1
27271,3143,5,13-05-2025,1
27280,1050,17,18-01-2025,1
27286,2303,15,07-07-2025,1
27294,5195,23,17-08-2025,1
27308,3274,18,28-11-2025,1
27372,5530,8,10-09-2025,1
27375,2767,7,24-06-2025,1
27440,1102,24,02-09-2025,1
27488,2794,14,04-01-2026,1
27489,7972,14,18-03-2025,1
27492,4332,16,02-08-2025,1
27503,4542,9,06-01-2025,1
27524,4531,11,06-08-2025,1
27562,2885,4,31-01-2025,1
27576,2134,21,04-01-2026,1
27643,5551,15,11-12-2025,1
27707,1465,4,24-05-2025,1
27725,7940,19,07-01-2025,1
27779,7127,7,20-12-2025,1
27780,5688,9,06-02-2025,1
27814,3322,15,15-01-2026,1
27836,7601,24,15-07-2025,1
27842,5970,10,12-07-2025,1
27859,3643,17,16-01-2026,1
27880,7652,14,14-01-2026,1
27893,2083,2,20-12-2025,1
27943,6912,4,15-01-2026,1
27964,5186,16,23-06-2025,1
27970,1301,6,18-01-2025,1
27981,3714,5,19-04-2025,1
40,3041,3,11-01-2026,8
46,651,12,02-09-2025,8
75,2533,1,24-12-2025,8
97,3245,4,12-08-2025,8
98,4734,25,15-01-2025,8
292,4624,13,24-05-2025,8
346,3292,9,25-11-2025,8
366,3032,10,02-02-2025,8
380,7239,12,24-02-2025,8
412,7735,5,06-05-2025,8
453,5082,4,18-11-2025,8
462,2646,23,26-01-2025,8
463,6882,20,28-12-2025,8
467,4731,24,28-11-2025,8
496,5283,19,16-01-2026,8
509,6805,8,16-01-2026,8
537,1713,24,15-03-2025,8
616,6675,20,07-01-2026,8
641,2590,19,20-01-2025,8
666,1058,19,16-01-2025,8
671,7711,12,20-02-2025,8
699,4240,1,25-11-2025,8
726,2124,17,25-02-2025,8
747,4074,19,17-01-2025,8
753,1788,20,13-08-2025,8
808,6290,10,01-03-2025,8
847,6527,7,19-05-2025,8
895,2953,19,15-02-2025,8
1175,5380,23,06-11-2025,8
1226,4293,1,23-06-2025,8
1231,2824,24,13-04-2025,8
1236,2295,21,10-01-2026,8
1237,2428,7,05-01-2025,8
1252,1449,13,15-08-2025,8
1260,4098,11,14-10-2025,8
1281,1810,6,14-12-2025,8
1285,1613,3,10-06-2025,8
1294,1806,21,29-07-2025,8
1301,7079,5,05-01-2025,8
1342,853,6,27-03-2025,8
1462,7297,11,13-04-2025,8
1488,7124,7,25-06-2025,8
1827,1982,15,08-11-2025,8
1983,3486,6,07-10-2025,8
2081,2776,11,28-07-2025,8
2091,5868,9,05-09-2025,8
2094,6461,2,28-12-2025,8
2129,7636,22,10-07-2025,8
2132,5535,10,02-07-2025,8
2163,82,12,08-01-2026,8
2180,133,4,23-11-2025,8
2183,5309,25,25-01-2025,8
2193,6417,6,02-02-2025,8
2252,3074,23,01-06-2025,8
2294,4486,24,08-12-2025,8
2338,4214,17,20-07-2025,8
2348,5411,16,28-12-2025,8
2398,2279,6,18-05-2025,8
2435,652,11,30-07-2025,8
2453,559,6,08-07-2025,8
2466,7044,1,04-02-2025,8
2493,2361,20,29-10-2025,8
2503,1014,25,05-03-2025,8
2540,2662,3,26-07-2025,8
2576,1110,16,13-08-2025,8
2595,5069,22,27-05-2025,8
2606,245,21,22-06-2025,8
2624,6077,2,21-09-2025,8
2675,6039,5,11-11-2025,8
2746,617,8,20-02-2025,8
2754,1082,21,25-03-2025,8
2773,757,12,19-02-2025,8
2788,5416,24,29-11-2025,8
2817,77,5,29-11-2025,8
2828,6031,14,27-06-2025,8
2829,2025,16,08-06-2025,8
2866,3185,8,08-04-2025,8
2869,6047,11,03-05-2025,8
2987,218,21,21-04-2025,8
2999,3837,11,25-09-2025,8
3127,1000,12,11-02-2025,8
3166,3073,18,31-03-2025,8
3172,4866,19,04-01-2025,8
3203,5534,9,12-12-2025,8
3224,7032,22,12-08-2025,8
3278,6623,6,24-12-2025,8
3285,7802,24,21-05-2025,8
3311,4112,5,03-06-2025,8
3322,6980,4,19-04-2025,8
3339,5027,1,13-02-2025,8
3342,7129,4,10-05-2025,8
3394,1408,8,19-01-2025,8
3410,5366,7,03-09-2025,8
3412,2692,21,22-06-2025,8
3415,5334,9,17-12-2025,8
3425,2325,12,28-02-2025,8
3479,1903,2,10-01-2025,8
3497,6990,15,13-04-2025,8
3559,3901,19,23-10-2025,8
3577,161,12,16-02-2025,8
3600,1112,13,18-06-2025,8
3636,4113,12,24-09-2025,8
3660,81,15,28-04-2025,8
3680,4685,11,24-11-2025,8
3704,3630,3,28-08-2025,8
3753,5506,7,21-03-2025,8
3883,6206,18,14-09-2025,8
3903,1854,5,08-09-2025,8
3963,1743,22,07-08-2025,8
4075,4942,2,14-08-2025,8
4099,1351,6,22-02-2025,8
4311,1766,18,20-08-2025,8
4329,1475,15,05-03-2025,8
4339,2457,21,16-07-2025,8
4457,887,6,19-01-2025,8
4461,3807,16,07-03-2025,8
4535,7824,21,25-11-2025,8
4553,1752,9,04-07-2025,8
4577,4242,19,16-01-2026,8
4735,2335,21,15-01-2026,8
4758,4103,17,11-04-2025,8
4788,5192,6,23-05-2025,8
4832,7197,10,11-01-2025,8
4888,4952,3,19-03-2025,8
4890,4724,7,04-06-2025,8
4922,7077,6,02-12-2025,8
4940,4013,7,27-08-2025,8
4944,878,8,11-09-2025,8
4947,1856,20,29-12-2025,8
5015,1075,3,11-01-2025,8
5056,2845,8,24-05-2025,8
5093,5875,8,05-04-2025,8
5128,182,12,03-01-2026,8
5178,3528,20,08-08-2025,8
5187,4392,5,06-06-2025,8
5240,3997,22,13-01-2025,8
5268,3534,23,14-03-2025,8
5304,3371,12,07-12-2025,8
5311,3905,24,22-04-2025,8
5317,719,6,07-06-2025,8
5385,1151,25,25-10-2025,8
5406,1314,3,09-07-2025,8
5428,191,9,03-12-2025,8
5439,6993,11,03-10-2025,8
5453,7230,9,23-07-2025,8
5502,4433,15,02-12-2025,8
5611,4118,19,19-06-2025,8
5624,5855,5,05-08-2025,8
5634,3629,2,23-09-2025,8
5644,3369,20,31-05-2025,8
5661,2824,20,01-06-2025,8
5694,3271,18,14-05-2025,8
5706,7185,1,28-09-2025,8
5713,1934,7,17-08-2025,8
5821,2527,25,22-02-2025,8
5836,7047,18,23-05-2025,8
5853,4386,12,13-07-2025,8
5858,2629,15,10-11-2025,8
5871,4850,7,27-02-2025,8
5876,2397,6,13-01-2026,8
5889,3995,4,02-01-2025,8
5947,5883,21,21-03-2025,8
5979,5823,23,14-01-2026,8
5993,784,15,13-02-2025,8
5999,1826,22,05-08-2025,8
6022,2191,14,10-12-2025,8
6037,4170,15,11-08-2025,8
6040,1386,22,04-09-2025,8
6052,3032,12,08-10-2025,8
6113,4685,19,03-12-2025,8
6190,4643,13,15-06-2025,8
6233,266,24,06-08-2025,8
6250,5942,8,20-06-2025,8
6311,872,8,15-08-2025,8
6428,2818,2,27-01-2025,8
6463,5510,19,20-09-2025,8
6471,6448,8,27-03-2025,8
6502,7809,14,18-03-2025,8
6654,2659,22,23-04-2025,8
6699,4519,25,25-04-2025,8
6889,7037,9,14-06-2025,8
6905,4563,15,21-06-2025,8
6915,5666,2,12-11-2025,8
6934,6779,17,24-08-2025,8
7013,614,6,22-11-2025,8
7109,4652,25,11-10-2025,8
7162,3153,5,06-07-2025,8
7169,519,6,11-08-2025,8
7215,873,7,30-09-2025,8
7257,6128,24,23-12-2025,8
7273,424,11,28-01-2025,8
7296,6354,13,10-10-2025,8
7319,2038,12,06-01-2025,8
7324,7523,15,09-07-2025,8
7341,7389,16,25-03-2025,8
7375,6590,25,19-02-2025,8
7450,6555,5,07-07-2025,8
7465,3329,24,25-06-2025,8
7505,4558,9,31-08-2025,8
7537,1069,17,15-01-2025,8
7676,4854,3,04-10-2025,8
7680,7779,12,10-12-2025,8
7713,2772,7,10-08-2025,8
7745,4129,8,28-08-2025,8
7815,442,23,18-04-2025,8
7827,2659,24,04-01-2026,8
7855,1729,2,20-09-2025,8
7891,4229,19,25-10-2025,8
7953,5738,11,22-03-2025,8
7970,1515,2,03-07-2025,8
7984,6708,2,06-02-2025,8
8002,4935,8,09-08-2025,8
8013,1179,10,27-08-2025,8
8029,461,11,30-12-2025,8
8032,338,2,03-10-2025,8
8207,1118,24,31-03-2025,8
8248,2162,3,14-01-2025,8
8343,2250,13,07-02-2025,8
8459,2756,4,12-07-2025,8
8504,699,4,01-01-2025,8
8542,7209,20,21-08-2025,8
8549,5981,7,12-03-2025,8
8558,4810,5,22-08-2025,8
8608,495,12,02-01-2025,8
8632,2961,2,15-02-2025,8
8686,3097,15,20-07-2025,8
8711,4278,21,17-01-2025,8
8732,4016,12,04-12-2025,8
8764,800,3,11-03-2025,8
8814,1413,12,15-07-2025,8
8819,4088,11,19-10-2025,8
8828,7633,25,20-09-2025,8
8877,3093,3,06-04-2025,8
8899,5487,23,12-12-2025,8
8948,2509,23,14-02-2025,8
8954,4242,23,10-01-2025,8
9040,1260,23,22-04-2025,8
9060,6827,14,29-08-2025,8
9134,557,11,09-12-2025,8
9168,3302,13,06-11-2025,8
9212,6599,19,04-01-2026,8
9229,1818,21,22-05-2025,8
9362,4481,17,08-08-2025,8
9414,2842,15,20-05-2025,8
9477,4115,19,09-12-2025,8
9487,892,10,14-10-2025,8
9522,7128,25,08-06-2025,8
9541,437,15,17-12-2025,8
9606,4342,7,16-08-2025,8
9615,7889,4,09-06-2025,8
9616,343,10,28-01-2025,8
9653,6913,3,04-08-2025,8
9669,6473,5,16-06-2025,8
9709,4002,7,11-09-2025,8
9712,4829,5,16-10-2025,8
9755,5102,5,25-01-2025,8
9781,5999,25,05-09-2025,8
9789,1330,1,28-10-2025,8
9802,7354,7,02-03-2025,8
9864,5708,16,04-01-2025,8
9888,2639,2,22-03-2025,8
9898,6236,9,10-05-2025,8
9984,605,22,15-03-2025,8
10118,4528,20,17-06-2025,8
10137,2960,16,19-01-2025,8
10199,266,13,23-11-2025,8
10205,656,20,17-10-2025,8
10236,2965,7,18-01-2026,8
10273,2904,24,06-04-2025,8
10278,2720,21,28-07-2025,8
10305,292,22,28-05-2025,8
10332,4738,10,22-08-2025,8
10367,6275,6,25-03-2025,8
10569,4660,4,23-02-2025,8
10583,3777,23,30-11-2025,8
10587,7837,5,14-10-2025,8
10597,924,3,26-12-2025,8
10606,6969,2,09-01-2026,8
10713,607,18,08-04-2025,8
10727,7178,18,17-06-2025,8
10789,7984,8,16-04-2025,8
10805,5984,14,21-06-2025,8
10815,7174,5,16-02-2025,8
10847,5963,13,20-03-2025,8
10870,6206,1,14-03-2025,8
10961,2319,18,19-08-2025,8
11053,1601,23,12-12-2025,8
11107,5665,4,19-04-2025,8
11121,632,22,30-09-2025,8
11124,6538,13,12-10-2025,8
11132,479,19,30-09-2025,8
11250,2235,4,29-07-2025,8
11251,5905,10,11-03-2025,8
11259,3737,12,22-07-2025,8
11279,5474,14,24-01-2025,8
11282,6019,19,30-04-2025,8
11347,6498,12,27-04-2025,8
11421,4936,8,30-10-2025,8
11469,6735,22,06-02-2025,8
11472,6074,8,16-05-2025,8
11525,1004,6,02-05-2025,8
11575,459,14,24-05-2025,8
11599,5756,14,12-04-2025,8
11653,3616,23,26-03-2025,8
11682,4806,21,07-03-2025,8
11687,476,16,16-08-2025,8
11706,3469,14,10-07-2025,8
11723,3685,13,12-07-2025,8
11756,257,7,01-01-2026,8
11762,4377,19,16-06-2025,8
11840,3644,11,15-10-2025,8
11842,3091,9,02-01-2026,8
11892,7401,10,27-06-2025,8
11899,6040,23,06-12-2025,8
11905,5031,17,22-10-2025,8
11923,5729,23,02-03-2025,8
12045,7481,14,27-11-2025,8
12063,1763,11,03-11-2025,8
12122,118,4,16-07-2025,8
12124,1428,5,19-04-2025,8
12184,2521,7,31-08-2025,8
12195,2323,17,15-01-2026,8
12196,5463,8,28-09-2025,8
12216,1558,4,09-10-2025,8
12282,4271,22,17-03-2025,8
12383,3333,12,17-12-2025,8
12507,4401,11,29-04-2025,8
12508,7485,12,17-07-2025,8
12520,2969,24,11-11-2025,8
12521,7075,17,07-08-2025,8
12692,7396,14,17-07-2025,8
12721,4657,14,10-01-2025,8
12750,6952,25,16-01-2025,8
12801,3089,19,15-01-2025,8
12802,2817,21,28-08-2025,8
12840,4076,22,17-03-2025,8
12885,3672,24,07-11-2025,8
12927,7474,8,20-06-2025,8
12977,2506,8,20-04-2025,8
12983,6518,6,22-09-2025,8
13006,2720,2,05-05-2025,8
13046,2198,20,17-07-2025,8
13097,7635,4,06-01-2026,8
13099,4698,3,13-06-2025,8
13120,4415,24,04-03-2025,8
13142,6563,21,16-08-2025,8
13145,5726,6,29-10-2025,8
13162,4871,2,15-10-2025,8
13223,559,24,29-07-2025,8
13278,4181,18,20-01-2025,8
13306,22,18,30-10-2025,8
13336,1127,6,02-01-2026,8
13339,5874,13,20-04-2025,8
13370,2274,4,27-01-2025,8
13386,3156,20,28-05-2025,8
13388,304,10,07-03-2025,8
13496,923,6,22-02-2025,8
13504,6675,5,02-10-2025,8
13519,1951,22,17-04-2025,8
13601,7109,4,22-09-2025,8
13602,1052,3,03-07-2025,8
13611,4441,24,26-08-2025,8
13621,7632,24,29-07-2025,8
13670,964,24,13-02-2025,8
13698,7448,24,19-10-2025,8
13702,4235,12,10-12-2025,8
13755,5694,23,29-01-2025,8
13785,6341,17,18-01-2026,8
13830,7866,10,24-06-2025,8
13870,7296,17,20-03-2025,8
13948,67,17,23-08-2025,8
13951,1228,11,21-04-2025,8
13978,3852,17,02-07-2025,8
14016,4846,6,20-09-2025,8
14022,7953,14,24-03-2025,8
14187,4143,16,01-11-2025,8
14193,496,5,26-12-2025,8
14199,6913,17,22-05-2025,8
14241,3787,24,26-03-2025,8
14258,3034,5,26-07-2025,8
14299,3455,17,07-04-2025,8
14375,5639,16,18-11-2025,8
14383,7632,12,22-12-2025,8
14386,2679,14,05-05-2025,8
14387,6579,14,17-07-2025,8
14398,55,20,01-05-2025,8
14419,5782,16,29-03-2025,8
14449,6216,17,23-02-2025,8
14479,2430,11,28-01-2025,8
14494,4432,7,24-10-2025,8
14503,3040,22,23-06-2025,8
14530,7991,5,15-09-2025,8
14596,3620,24,26-11-2025,8
14600,803,16,22-06-2025,8
14610,370,23,14-04-2025,8
14629,3595,24,27-04-2025,8
14685,2839,12,26-04-2025,8
14794,186,14,04-03-2025,8
14833,5602,10,02-03-2025,8
14840,3009,9,01-02-2025,8
14851,5678,19,12-06-2025,8
14905,2534,13,13-01-2026,8
14909,4249,15,15-09-2025,8
14923,5869,22,29-11-2025,8
14950,5982,7,02-11-2025,8
14997,4122,1,29-12-2025,8
15021,3148,16,12-09-2025,8
15050,3188,15,01-10-2025,8
15055,3610,20,16-01-2026,8
15081,5723,16,19-02-2025,8
15093,7708,23,01-01-2025,8
15164,7734,4,06-08-2025,8
15186,2225,6,30-06-2025,8
15261,5479,14,28-10-2025,8
15290,1255,14,19-07-2025,8
15296,3179,20,08-02-2025,8
15307,672,21,10-05-2025,8
15448,7807,16,23-09-2025,8
15476,5633,19,07-06-2025,8
15541,5504,8,17-01-2025,8
15585,230,23,20-04-2025,8
15678,3049,25,26-03-2025,8
15704,3646,16,31-10-2025,8
15751,7024,10,21-11-2025,8
15785,1273,3,07-01-2026,8
15824,5992,23,10-01-2025,8
15946,5435,17,22-06-2025,8
15957,2586,22,12-05-2025,8
15969,1142,9,11-08-2025,8
16109,4607,16,23-09-2025,8
16121,871,19,12-11-2025,8
16201,6523,12,06-02-2025,8
16307,1547,25,16-02-2025,8
16316,7817,8,12-03-2025,8
16329,1480,5,08-11-2025,8
16365,3102,16,05-03-2025,8
16387,7210,14,27-07-2025,8
16432,5087,10,11-03-2025,8
16454,2901,22,19-12-2025,8
16459,7188,11,29-01-2025,8
16473,538,9,28-06-2025,8
16511,4395,17,19-12-2025,8
16512,7606,24,07-12-2025,8
16684,7856,25,29-09-2025,8
16700,7441,4,09-03-2025,8
16740,5107,12,24-08-2025,8
16780,909,9,03-03-2025,8
16809,5405,24,04-03-2025,8
16813,1992,19,05-01-2025,8
16827,4134,11,07-03-2025,8
16845,7526,25,21-07-2025,8
16918,730,7,13-04-2025,8
16919,6304,9,24-09-2025,8
16964,6715,1,18-06-2025,8
16988,2408,23,18-07-2025,8
16995,5192,10,15-11-2025,8
17007,4882,18,26-01-2025,8
17085,3748,14,16-05-2025,8
17094,2373,4,11-02-2025,8
17101,4609,14,24-09-2025,8
17111,1657,20,17-07-2025,8
17138,420,4,28-02-2025,8
17141,6483,4,25-10-2025,8
17143,5772,3,26-10-2025,8
17182,6010,11,06-01-2026,8
17189,1885,7,28-09-2025,8
17199,7002,1,06-12-2025,8
17215,1560,7,06-07-2025,8
17226,3607,25,08-10-2025,8
17255,3324,8,06-09-2025,8
17292,2652,2,20-01-2025,8
17322,3081,13,20-01-2025,8
17337,5956,12,17-01-2026,8
17395,1751,2,21-04-2025,8
17408,5313,2,22-06-2025,8
17425,4342,22,12-08-2025,8
17467,6428,3,20-11-2025,8
17493,2521,10,05-05-2025,8
17531,324,3,14-08-2025,8
17532,6555,22,04-07-2025,8
17704,5841,21,07-11-2025,8
17712,7733,5,09-09-2025,8
17728,6814,4,21-02-2025,8
17802,2733,4,23-10-2025,8
17845,6214,24,30-05-2025,8
17864,3726,21,24-05-2025,8
17904,3771,17,02-11-2025,8
17959,3801,22,28-10-2025,8
17964,7599,6,21-03-2025,8
17966,1790,9,15-04-2025,8
18066,492,18,25-02-2025,8
18070,3106,12,20-08-2025,8
18104,2331,9,21-07-2025,8
18146,4494,2,10-02-2025,8
18191,3993,4,06-02-2025,8
18202,733,17,27-07-2025,8
18217,3571,24,20-01-2025,8
18227,2418,2,05-12-2025,8
18288,7349,7,27-08-2025,8
18352,6521,22,16-03-2025,8
18355,2904,6,21-03-2025,8
18362,4777,11,20-11-2025,8
18367,3501,21,14-08-2025,8
18384,6202,11,30-09-2025,8
18420,1189,8,17-04-2025,8
18422,7428,3,08-05-2025,8
18462,2445,3,08-01-2026,8
18512,2498,3,18-05-2025,8
18627,6767,7,24-12-2025,8
18634,6151,22,08-10-2025,8
18708,2823,6,30-12-2025,8
18739,5860,11,25-01-2025,8
18770,2347,14,15-07-2025,8
18811,7130,1,04-07-2025,8
18853,670,6,07-10-2025,8
18899,3853,6,07-05-2025,8
18902,1542,9,24-01-2025,8
18912,1832,16,28-02-2025,8
18925,6672,7,22-01-2025,8
18926,2472,5,25-10-2025,8
18947,4167,9,23-04-2025,8
18955,3142,11,30-01-2025,8
18965,453,7,22-08-2025,8
18977,4340,20,31-03-2025,8
18990,6739,22,01-11-2025,8
19009,7248,7,27-03-2025,8
19030,2466,22,26-07-2025,8
19100,4662,22,14-09-2025,8
19101,5876,17,18-09-2025,8
19107,2486,6,09-05-2025,8
19129,7790,19,19-04-2025,8
19143,7011,7,22-05-2025,8
19148,7128,5,09-04-2025,8
19156,4499,17,12-05-2025,8
19199,2508,21,12-01-2025,8
19223,2139,6,02-07-2025,8
19290,823,11,04-05-2025,8
19322,7219,5,17-11-2025,8
19364,2201,8,19-11-2025,8
19412,6835,20,08-08-2025,8
19430,1546,3,01-01-2025,8
19503,5078,11,30-10-2025,8
19510,587,9,31-01-2025,8
19525,2530,22,26-07-2025,8
19596,684,6,18-09-2025,8
19626,6711,3,30-03-2025,8
19633,5583,5,04-08-2025,8
19692,5484,14,04-04-2025,8
19744,3309,22,27-05-2025,8
19767,380,23,10-02-2025,8
19780,2732,10,02-12-2025,8
19821,1991,1,14-04-2025,8
19857,1642,25,26-10-2025,8
19873,852,4,30-11-2025,8
19944,7056,25,25-10-2025,8
19952,5830,5,03-09-2025,8
20037,2684,11,16-07-2025,8
20052,6248,3,12-05-2025,8
20098,3499,10,31-08-2025,8
20124,3775,4,02-02-2025,8
20164,1142,18,05-02-2025,8
20170,7563,9,01-10-2025,8
20173,708,19,31-01-2025,8
20228,5991,9,07-07-2025,8
20293,3711,1,02-01-2025,8
20344,5849,13,21-05-2025,8
20376,1688,20,09-10-2025,8
20391,6961,11,24-02-2025,8
20401,1782,4,01-05-2025,8
20406,7545,24,14-06-2025,8
20433,5241,14,28-02-2025,8
20484,7863,10,05-09-2025,8
20536,3936,13,04-02-2025,8
20612,6776,15,13-12-2025,8
20777,1848,12,15-07-2025,8
20817,5804,14,01-10-2025,8
20854,2940,6,20-08-2025,8
20860,877,18,25-11-2025,8
20992,5454,13,17-06-2025,8
21025,741,6,26-12-2025,8
21057,2511,13,09-10-2025,8
21093,4935,3,09-03-2025,8
21144,7224,13,28-01-2025,8
21172,371,14,23-08-2025,8
21198,3644,9,19-12-2025,8
21205,6140,22,04-07-2025,8
21320,1365,4,15-09-2025,8
21325,4182,20,10-04-2025,8
21339,4741,5,22-12-2025,8
21342,4311,11,01-01-2025,8
21369,4744,2,04-04-2025,8
21506,5880,11,23-11-2025,8
21518,7849,6,02-06-2025,8
21531,6485,19,17-08-2025,8
21585,7182,7,01-08-2025,8
21649,1959,12,03-02-2025,8
21808,2675,22,06-08-2025,8
21833,5582,25,04-09-2025,8
21845,508,12,12-12-2025,8
21854,5321,19,11-01-2026,8
21855,6563,15,13-03-2025,8
21915,6558,12,22-10-2025,8
21949,3552,11,09-10-2025,8
21982,4018,20,25-02-2025,8
22047,2546,19,24-08-2025,8
22049,4781,12,12-04-2025,8
22113,127,10,07-11-2025,8
22131,2428,12,22-04-2025,8
22157,7668,23,15-01-2025,8
22166,6331,8,29-04-2025,8
22173,3068,25,05-05-2025,8
22218,3006,15,30-03-2025,8
22267,2454,4,18-10-2025,8
22282,7940,1,26-02-2025,8
22315,7515,7,04-06-2025,8
22368,577,22,24-09-2025,8
22376,153,10,16-07-2025,8
22426,127,15,14-07-2025,8
22506,2129,16,29-10-2025,8
22525,2264,9,24-05-2025,8
22556,3865,16,05-08-2025,8
22599,892,13,21-03-2025,8
22665,2885,4,16-03-2025,8
22683,5357,15,15-09-2025,8
22729,4309,21,12-05-2025,8
22732,2970,15,13-11-2025,8
22749,4365,13,31-07-2025,8
22770,448,16,09-05-2025,8
22776,5881,17,20-10-2025,8
22837,5504,15,09-08-2025,8
22858,7023,20,21-11-2025,8
22919,95,11,30-05-2025,8
22925,1789,12,28-06-2025,8
22944,3734,23,24-12-2025,8
22974,5973,18,07-07-2025,8
22979,3556,2,18-08-2025,8
22999,7456,22,27-06-2025,8
23138,3825,11,12-04-2025,8
23252,3225,20,12-08-2025,8
23269,4047,3,21-11-2025,8
23301,7142,9,30-09-2025,8
23334,3345,1,08-03-2025,8
23374,2631,12,05-01-2026,8
23387,3860,20,09-07-2025,8
23426,6674,24,10-06-2025,8
23440,6474,6,16-01-2025,8
23556,899,17,12-07-2025,8
23600,6200,7,21-11-2025,8
23666,7386,6,11-10-2025,8
23672,3847,24,22-10-2025,8
23716,6766,17,25-02-2025,8
23817,1754,15,24-11-2025,8
23825,7857,24,15-01-2026,8
23833,3448,5,20-04-2025,8
23844,680,10,17-01-2026,8
23851,3893,4,25-09-2025,8
23942,4915,14,07-11-2025,8
23978,3934,9,12-12-2025,8
24003,6196,16,21-02-2025,8
24024,3184,16,28-01-2025,8
24044,940,5,09-03-2025,8
24068,2619,7,04-05-2025,8
24078,2056,15,26-04-2025,8
24081,3817,24,06-07-2025,8
24083,5407,19,12-12-2025,8
24160,3093,22,16-04-2025,8
24231,3181,19,25-10-2025,8
24256,136,7,08-11-2025,8
24293,3252,1,20-02-2025,8
24325,780,23,17-12-2025,8
24345,4562,6,02-04-2025,8
24447,7903,12,18-02-2025,8
24453,7459,14,21-10-2025,8
24496,1323,8,26-02-2025,8
24564,4613,20,07-06-2025,8
24566,4564,6,31-12-2025,8
24692,4613,2,21-02-2025,8
24695,5650,13,04-01-2025,8
24776,2875,16,19-04-2025,8
24815,111,23,13-06-2025,8
24836,6449,17,28-06-2025,8
24890,3220,21,17-11-2025,8
24900,7521,20,19-12-2025,8
24936,1090,17,07-07-2025,8
24941,5397,7,17-12-2025,8
24946,3748,24,30-05-2025,8
24951,6456,15,09-06-2025,8
24973,1102,9,16-01-2026,8
24974,464,2,16-10-2025,8
24994,732,25,01-02-2025,8
25018,5020,21,27-10-2025,8
25103,6882,8,18-05-2025,8
25134,2589,7,30-10-2025,8
25151,4638,10,23-05-2025,8
25197,5411,7,03-08-2025,8
25282,7042,16,19-08-2025,8
25328,5158,5,13-02-2025,8
25381,1979,19,27-08-2025,8
25401,3769,11,21-11-2025,8
25417,7855,18,12-10-2025,8
25438,2892,24,27-12-2025,8
25443,5972,14,17-04-2025,8
25556,5883,4,26-04-2025,8
25591,929,12,18-09-2025,8
25610,460,9,16-08-2025,8
25617,5505,21,05-12-2025,8
25632,5757,9,26-03-2025,8
25665,6701,1,24-02-2025,8
25826,5159,3,29-03-2025,8
25884,5272,8,15-09-2025,8
25938,3813,17,29-06-2025,8
25996,1852,15,29-09-2025,8
26034,580,7,29-10-2025,8
26067,7926,14,12-04-2025,8
26071,6972,19,05-02-2025,8
26131,2845,2,09-02-2025,8
26161,1513,23,03-03-2025,8
26190,4096,19,31-12-2025,8
26213,1187,10,19-08-2025,8
26221,1971,8,29-07-2025,8
26259,3370,16,13-05-2025,8
26264,6320,5,03-01-2026,8
26323,5019,16,21-04-2025,8
26330,186,17,13-03-2025,8
26361,6902,15,28-04-2025,8
26592,775,2,20-11-2025,8
26613,7535,17,08-03-2025,8
26672,51,22,14-06-2025,8
26703,5541,11,09-09-2025,8
26733,4444,14,15-10-2025,8
26747,3914,20,20-03-2025,8
26793,6821,3,09-07-2025,8
26795,2926,21,22-11-2025,8
26798,1438,12,24-06-2025,8
26881,7368,6,07-07-2025,8
26897,2327,10,10-02-2025,8
26968,2681,16,23-04-2025,8
26999,1585,10,16-08-2025,8
27024,7866,25,20-07-2025,8
27025,5829,20,29-07-2025,8
27035,4267,18,26-10-2025,8
27087,57,2,27-04-2025,8
27115,4505,23,29-11-2025,8
27120,2819,8,15-11-2025,8
27146,5935,5,22-02-2025,8
27342,4995,6,18-07-2025,8
27343,7222,5,13-07-2025,8
27379,6181,19,01-01-2026,8
27388,5559,12,16-01-2025,8
27394,1135,3,11-10-2025,8
27468,1259,17,29-10-2025,8
27475,4102,19,28-07-2025,8
27484,2232,11,28-12-2025,8
27501,2207,5,12-11-2025,8
27531,5704,16,01-06-2025,8
27592,7402,21,06-08-2025,8
27611,7633,16,31-03-2025,8
27630,4099,23,08-03-2025,8
27704,6644,14,19-08-2025,8
27732,7745,11,08-05-2025,8
27783,5108,14,26-07-2025,8
27784,4101,7,21-05-2025,8
27847,5425,24,15-12-2025,8
27872,7247,8,21-05-2025,8
27898,5515,23,13-09-2025,8
27913,7208,13,28-10-2025,8
27935,5068,23,14-03-2025,8
27962,7956,6,24-04-2025,8
3,7432,15,18-07-2025,9
51,1005,1,26-02-2025,9
252,6096,6,11-07-2025,9
262,3409,19,27-02-2025,9
333,7538,16,19-12-2025,9
426,4340,5,19-12-2025,9
458,1078,8,25-10-2025,9
609,2510,21,20-06-2025,9
629,6584,14,18-08-2025,9
697,2084,2,01-02-2025,9
755,4664,17,02-11-2025,9
793,828,19,20-07-2025,9
924,7658,6,26-06-2025,9
947,5328,25,24-02-2025,9
1114,5243,21,12-05-2025,9
1173,1125,23,21-11-2025,9
1188,975,23,08-01-2025,9
1194,5006,6,19-10-2025,9
1306,4580,10,05-12-2025,9
1310,6038,11,24-08-2025,9
1319,2846,22,30-04-2025,9
1482,3533,25,09-03-2025,9
1530,1583,17,12-11-2025,9
1549,1740,14,17-01-2025,9
1600,3560,7,22-02-2025,9
1991,3331,11,06-06-2025,9
2024,4906,13,09-08-2025,9
2237,4379,9,29-09-2025,9
2255,637,12,14-09-2025,9
2633,1274,14,09-11-2025,9
2692,5008,21,17-05-2025,9
2738,1474,4,15-01-2026,9
2814,7935,5,02-10-2025,9
2923,7248,25,04-12-2025,9
2950,6229,12,02-05-2025,9
3042,5717,5,05-11-2025,9
3046,2128,9,06-04-2025,9
3114,1023,11,08-07-2025,9
3314,6043,20,26-10-2025,9
3384,7720,13,01-03-2025,9
3466,639,4,08-01-2025,9
3537,5327,18,01-09-2025,9
3545,1082,23,10-10-2025,9
3624,5022,10,27-12-2025,9
3736,4655,17,16-06-2025,9
3832,2016,23,26-01-2025,9
3996,6182,5,21-01-2025,9
4064,4267,6,08-01-2025,9
4276,7718,3,07-03-2025,9
4278,1156,13,11-10-2025,9
4332,3357,12,14-07-2025,9
4336,6363,11,09-04-2025,9
4366,7508,24,13-06-2025,9
4372,3927,10,01-08-2025,9
4681,2695,6,22-08-2025,9
5019,226,13,27-05-2025,9
5062,142,12,20-06-2025,9
5127,1656,11,23-02-2025,9
5143,5044,8,16-07-2025,9
5288,5168,15,11-06-2025,9
5352,1425,5,18-05-2025,9
5491,3650,13,28-08-2025,9
5503,380,3,29-01-2025,9
5789,4669,14,13-11-2025,9
6091,7881,19,20-10-2025,9
6338,4807,23,18-10-2025,9
6446,7367,17,12-07-2025,9
6462,3600,21,24-02-2025,9
6472,7551,19,09-01-2025,9
6755,1712,16,07-01-2025,9
6794,2306,23,19-08-2025,9
6885,2236,10,28-12-2025,9
6917,2851,23,21-09-2025,9
6937,6328,4,12-07-2025,9
7056,3788,23,12-10-2025,9
7074,5881,1,01-03-2025,9
7088,3141,13,11-05-2025,9
7316,2898,4,03-12-2025,9
7396,6583,22,15-04-2025,9
7415,3516,15,10-07-2025,9
7426,2077,24,02-01-2026,9
7778,7811,20,21-01-2025,9
7806,2458,11,03-05-2025,9
7871,4139,2,10-08-2025,9
7900,7025,6,13-04-2025,9
7908,171,9,06-04-2025,9
7958,2784,2,05-10-2025,9
8084,4249,2,06-10-2025,9
8222,2865,22,02-02-2025,9
8462,250,11,10-09-2025,9
8475,5491,7,04-03-2025,9
8511,388,24,11-11-2025,9
8523,4525,24,27-07-2025,9
8546,1237,12,22-09-2025,9
8580,112,9,30-11-2025,9
8676,4215,24,23-07-2025,9
8696,4585,14,16-01-2025,9
8714,3825,6,05-01-2025,9
8722,5085,22,15-10-2025,9
8838,7367,14,26-11-2025,9
8853,1316,13,23-04-2025,9
8896,4118,24,01-05-2025,9
8951,5611,24,30-06-2025,9
9005,4407,10,07-03-2025,9
9017,1677,10,27-07-2025,9
9065,2797,7,28-10-2025,9
9076,7433,19,07-01-2026,9
9106,2583,19,08-03-2025,9
9124,7815,21,11-02-2025,9
9166,2634,9,12-01-2025,9
9180,7940,12,22-09-2025,9
9252,2304,24,10-02-2025,9
9441,1101,13,11-06-2025,9
9445,7830,14,30-04-2025,9
9464,3860,15,05-11-2025,9
9515,6832,7,16-06-2025,9
9528,913,17,13-12-2025,9
9719,6350,22,08-12-2025,9
9748,4515,8,19-11-2025,9
9897,1114,5,01-01-2025,9
9926,2234,3,15-10-2025,9
9999,2797,11,01-06-2025,9
10084,5618,6,20-07-2025,9
10163,1652,6,22-01-2025,9
10203,6197,17,29-01-2025,9
10313,4469,6,08-12-2025,9
10339,5881,8,04-01-2025,9
10501,4226,5,04-04-2025,9
10611,4127,20,29-01-2025,9
10736,7164,4,10-04-2025,9
10873,4746,4,11-12-2025,9
11006,2582,21,16-09-2025,9
11122,6889,17,09-12-2025,9
11215,6075,2,24-03-2025,9
11263,38,7,09-02-2025,9
11309,1938,25,30-09-2025,9
11326,6890,22,01-07-2025,9
11338,1876,13,11-05-2025,9
11414,4527,13,03-02-2025,9
11432,5577,6,23-04-2025,9
11582,6335,1,18-12-2025,9
11615,4,16,29-11-2025,9
11867,412,9,18-01-2026,9
11909,594,21,03-01-2025,9
12047,5100,5,24-06-2025,9
12098,6297,13,26-03-2025,9
12110,7982,20,08-04-2025,9
12176,7950,15,29-05-2025,9
12177,209,2,11-01-2025,9
12197,556,23,08-10-2025,9
12211,6600,3,10-12-2025,9
12215,7893,9,16-11-2025,9
12219,4148,8,25-05-2025,9
12347,7583,20,13-06-2025,9
12457,1518,3,01-02-2025,9
12568,5923,14,09-08-2025,9
12671,941,9,22-03-2025,9
12972,7357,12,04-01-2025,9
13043,5111,4,03-05-2025,9
13297,17,5,28-06-2025,9
13422,1918,19,19-03-2025,9
13439,6537,13,11-08-2025,9
13800,1538,10,09-01-2026,9
13883,1093,11,25-02-2025,9
13954,2404,7,08-09-2025,9
13971,6443,23,21-05-2025,9
14019,3538,9,20-10-2025,9
14024,3303,25,07-06-2025,9
14035,1585,6,08-11-2025,9
14142,5808,8,02-04-2025,9
14151,1619,18,09-10-2025,9
14197,1640,20,04-05-2025,9
14235,469,11,24-08-2025,9
14242,1276,1,04-11-2025,9
14302,5847,23,24-02-2025,9
14336,4385,21,11-01-2025,9
14490,267,1,09-01-2026,9
14618,1080,13,05-05-2025,9
14638,3883,13,03-02-2025,9
14699,5443,2,12-03-2025,9
14779,5713,16,02-06-2025,9
14863,6041,16,14-05-2025,9
14899,1693,1,08-12-2025,9
14917,6215,1,13-11-2025,9
14970,4210,19,18-07-2025,9
15147,2564,22,02-10-2025,9
15178,2068,25,27-03-2025,9
15233,7825,23,17-11-2025,9
15253,6027,24,27-06-2025,9
15275,2623,1,14-06-2025,9
15558,4140,14,03-05-2025,9
15573,627,6,17-01-2026,9
15605,3348,5,01-05-2025,9
15765,3616,2,02-04-2025,9
15772,4043,4,03-01-2025,9
15902,4956,8,18-02-2025,9
16229,2591,20,25-04-2025,9
16247,1923,21,01-02-2025,9
16347,4735,18,25-01-2025,9
16405,1903,8,27-06-2025,9
16499,6280,4,27-12-2025,9
16588,5647,15,19-02-2025,9
16764,4718,21,28-07-2025,9
16863,6446,13,03-09-2025,9
16973,3105,5,30-09-2025,9
16978,3003,19,05-10-2025,9
17033,1842,9,13-09-2025,9
17075,4105,1,18-06-2025,9
17084,7787,3,25-05-2025,9
17137,1415,10,28-05-2025,9
17164,2684,3,19-10-2025,9
17193,2355,22,16-03-2025,9
17224,534,17,03-06-2025,9
17412,7328,13,28-12-2025,9
17458,5859,18,08-02-2025,9
17512,915,19,01-05-2025,9
17627,7000,14,30-11-2025,9
17649,944,8,17-05-2025,9
17688,6004,16,12-11-2025,9
17746,4934,4,15-12-2025,9
17776,6622,13,28-04-2025,9
17779,1532,8,16-01-2025,9
17787,6071,25,07-07-2025,9
17923,2607,15,27-01-2025,9
18002,273,11,26-07-2025,9
18033,5026,2,14-07-2025,9
18183,1905,5,02-05-2025,9
18253,5483,22,13-09-2025,9
18306,6598,25,22-05-2025,9
18338,1834,6,24-03-2025,9
18409,3130,19,18-09-2025,9
18533,2644,16,14-04-2025,9
19078,1064,22,28-08-2025,9
19092,7555,11,09-07-2025,9
19186,1412,16,06-10-2025,9
19366,1568,17,24-07-2025,9
19373,6045,23,08-08-2025,9
19442,5244,15,08-04-2025,9
19473,948,13,08-12-2025,9
19651,1463,10,18-01-2025,9
19684,5039,6,05-02-2025,9
19746,1427,4,09-12-2025,9
19777,713,17,18-04-2025,9
19789,3835,7,19-11-2025,9
19799,2691,5,11-11-2025,9
19961,1652,12,31-10-2025,9
19988,3671,16,29-06-2025,9
20355,220,18,09-09-2025,9
20570,1148,1,03-06-2025,9
20635,1152,16,17-06-2025,9
20690,7193,1,30-06-2025,9
20710,5930,13,13-02-2025,9
20719,561,2,13-12-2025,9
20790,6919,22,16-09-2025,9
20791,613,14,26-08-2025,9
20793,7631,20,18-10-2025,9
21069,7685,4,16-04-2025,9
21149,1750,14,27-08-2025,9
21150,2157,9,03-05-2025,9
21181,6580,15,01-07-2025,9
21188,457,19,18-09-2025,9
21399,1263,2,25-03-2025,9
21487,4378,2,31-01-2025,9
21488,6022,23,06-10-2025,9
21698,1344,8,20-08-2025,9
21718,5912,4,22-12-2025,9
21881,7770,25,27-02-2025,9
21898,7152,1,26-01-2025,9
21903,4293,9,11-10-2025,9
21953,1663,6,02-07-2025,9
22110,4219,14,18-08-2025,9
22254,6106,17,03-05-2025,9
22405,683,2,12-09-2025,9
22442,3822,11,19-07-2025,9
22531,4513,19,18-10-2025,9
22595,897,4,17-01-2025,9
22751,7435,24,15-08-2025,9
22839,171,7,03-08-2025,9
22848,4986,18,08-06-2025,9
22960,3105,1,18-05-2025,9
23029,2965,22,09-07-2025,9
23050,7033,19,30-05-2025,9
23175,6299,12,29-11-2025,9
23195,7758,11,19-09-2025,9
23318,175,20,15-10-2025,9
23322,987,16,17-10-2025,9
23513,2015,13,17-11-2025,9
23663,5777,24,12-04-2025,9
23684,419,13,28-03-2025,9
23941,4368,18,24-10-2025,9
23943,3177,12,08-02-2025,9
23952,5667,1,26-11-2025,9
23965,5858,13,19-02-2025,9
23970,6078,9,04-05-2025,9
24092,2229,24,03-09-2025,9
24140,4012,12,09-03-2025,9
24192,5507,17,29-01-2025,9
24198,6070,23,12-01-2026,9
24250,1638,24,23-06-2025,9
24454,2574,8,03-01-2025,9
24498,4097,13,30-09-2025,9
24667,1340,19,14-02-2025,9
24765,6249,8,11-09-2025,9
24783,1892,16,11-01-2026,9
24812,226,10,21-01-2025,9
24884,3634,24,31-12-2025,9
24911,1849,2,29-08-2025,9
24988,4039,7,11-01-2025,9
25071,5219,15,19-06-2025,9
25150,6840,14,22-01-2025,9
25232,7276,24,24-05-2025,9
25399,1501,24,04-07-2025,9
25778,6861,5,28-04-2025,9
25846,5491,2,24-12-2025,9
25910,3661,6,08-01-2026,9
25991,1600,3,01-05-2025,9
26554,4427,6,20-11-2025,9
26620,4176,15,12-04-2025,9
26687,2724,5,25-10-2025,9
26780,1187,15,07-12-2025,9
26782,6747,5,28-04-2025,9
26787,848,25,05-01-2025,9
26794,6160,13,17-01-2025,9
26910,2552,20,18-09-2025,9
26912,5751,21,10-06-2025,9
26927,1766,21,06-12-2025,9
26941,2483,2,01-06-2025,9
27200,4140,11,07-12-2025,9
27220,3772,9,12-06-2025,9
27242,5036,5,05-06-2025,9
27414,7453,18,16-05-2025,9
27435,6282,16,23-12-2025,9
27444,2160,9,16-10-2025,9
27453,7769,17,07-08-2025,9
27457,1583,13,19-02-2025,9
27460,7086,21,26-04-2025,9
27667,4485,20,18-01-2026,9
27822,7034,11,21-09-2025,9
27894,608,1,21-04-2025,9
27911,5155,10,01-07-2025,9
27926,2376,15,10-08-2025,9
92,4793,24,09-09-2025,10
438,3919,6,03-02-2025,10
782,5329,11,03-03-2025,10
972,5876,16,21-02-2025,10
1435,3560,17,14-10-2025,10
1900,4691,19,09-01-2026,10
2004,7628,15,14-07-2025,10
2245,6441,6,15-10-2025,10
2319,5370,7,04-12-2025,10
2727,3501,14,11-07-2025,10
2972,4552,18,15-01-2025,10
3170,2150,4,31-10-2025,10
3612,1183,3,29-03-2025,10
3646,7025,4,29-08-2025,10
4291,1207,1,17-03-2025,10
4395,7119,11,13-12-2025,10
4615,3046,21,25-12-2025,10
4787,2063,4,04-04-2025,10
5401,3123,22,10-07-2025,10
5919,1657,19,30-04-2025,10
5937,660,23,28-07-2025,10
5966,7547,4,02-01-2025,10
5991,7072,7,22-01-2025,10
6181,3334,22,05-07-2025,10
6364,2803,6,04-09-2025,10
6767,4712,4,14-05-2025,10
6872,5409,21,09-01-2025,10
7330,1132,7,20-03-2025,10
7990,5994,14,24-01-2025,10
8378,1232,8,28-07-2025,10
8425,304,25,25-07-2025,10
8446,914,9,04-09-2025,10
8626,2455,22,05-12-2025,10
9845,2396,16,18-09-2025,10
9878,6601,1,19-08-2025,10
9979,3229,18,06-05-2025,10
10002,3054,9,08-09-2025,10
10141,1877,4,14-04-2025,10
10430,2372,19,08-06-2025,10
10510,232,6,11-09-2025,10
10830,6489,25,04-04-2025,10
10840,3385,12,22-11-2025,10
10879,445,21,22-08-2025,10
11067,1735,7,15-06-2025,10
11196,5106,4,17-12-2025,10
11415,1456,13,17-07-2025,10
11753,1744,14,16-11-2025,10
11969,4729,3,19-10-2025,10
11990,6475,7,21-01-2025,10
12027,5339,11,20-01-2025,10
12940,7415,18,08-08-2025,10
13338,4694,23,21-09-2025,10
13487,133,14,09-01-2025,10
13513,2122,3,12-04-2025,10
13581,6127,14,15-02-2025,10
13639,747,17,02-06-2025,10
14102,2817,15,11-10-2025,10
14611,5679,12,31-05-2025,10
15036,7090,20,10-06-2025,10
15373,5213,22,04-05-2025,10
16122,4916,25,28-06-2025,10
16135,4941,13,06-01-2026,10
16547,1089,1,02-12-2025,10
17198,7973,6,29-07-2025,10
17376,1456,20,08-06-2025,10
17835,1236,11,18-08-2025,10
17961,1239,2,21-08-2025,10
18155,7249,9,27-05-2025,10
18273,5780,8,20-04-2025,10
18527,5123,6,27-06-2025,10
18556,2881,1,19-01-2025,10
18982,7106,23,20-01-2025,10
18994,1097,20,17-02-2025,10
19338,6976,12,30-01-2025,10
19360,7711,18,20-06-2025,10
19608,1598,7,17-05-2025,10
19852,4117,24,24-05-2025,10
19914,2407,12,16-04-2025,10
20196,5479,12,02-04-2025,10
20317,2615,12,01-01-2026,10
20943,7704,15,23-12-2025,10
21223,7683,9,25-11-2025,10
21543,7705,16,02-01-2026,10
22042,3563,2,07-04-2025,10
22181,2309,25,13-07-2025,10
22679,725,3,09-06-2025,10
23239,7604,16,07-12-2025,10
23254,4840,8,01-02-2025,10
23264,917,11,04-05-2025,10
23555,4211,20,04-08-2025,10
23581,5846,13,25-04-2025,10
24174,4858,17,19-02-2025,10
24456,1398,9,13-05-2025,10
25263,2719,24,29-10-2025,10
25469,1514,13,03-11-2025,10
25569,6314,15,06-07-2025,10
26229,6140,14,30-06-2025,10
26557,5423,4,19-10-2025,10
26648,2668,25,08-03-2025,10
26700,2415,12,10-10-2025,10
26718,4419,1,10-01-2025,10
26739,2485,23,20-08-2025,10
27522,1350,14,01-01-2025,10
27797,3342,4,02-11-2025,10
696,2209,1,20-05-2025,11
720,5646,22,03-10-2025,11
724,419,1,04-05-2025,11
909,3134,11,13-11-2025,11
1535,2029,7,12-07-2025,11
1697,5662,25,17-07-2025,11
2417,5218,16,15-01-2026,12
2514,5613,13,23-05-2025,11
2569,6484,1,22-01-2025,11
3213,2148,5,26-12-2025,11
3361,7965,14,08-08-2025,11
3445,7724,7,18-03-2025,11
3634,2778,3,26-10-2025,11
4957,4276,12,13-10-2025,11
5256,3238,8,25-02-2025,12
6511,1251,11,17-04-2025,11
6997,2263,14,16-07-2025,11
7307,7751,20,10-05-2025,11
8455,7022,4,29-12-2025,11
9125,6559,15,02-10-2025,11
9423,6878,11,10-10-2025,11
9966,5717,21,22-02-2025,13
10138,7348,4,04-07-2025,12
10191,1022,2,26-01-2025,12
10247,3144,6,05-11-2025,12
10828,3711,7,31-08-2025,13
11305,5578,6,11-02-2025,11
11769,209,20,03-11-2025,13
12256,2959,23,23-12-2025,13
12741,7924,22,10-01-2025,12
12872,6505,9,30-06-2025,11
13517,3908,3,25-10-2025,11
13704,2043,19,03-05-2025,11
13892,2744,16,10-03-2025,11
14476,5384,7,15-03-2025,11
14631,6243,23,18-11-2025,11
15141,4931,14,18-12-2025,11
16407,5204,17,20-12-2025,11
16496,6294,7,27-03-2025,11
16974,1652,24,06-11-2025,11
17077,703,21,23-01-2025,14
18377,2443,21,13-06-2025,14
18398,981,21,13-10-2025,11
18635,2733,2,07-08-2025,12
19113,3490,7,01-01-2025,11
19249,171,23,07-08-2025,11
19897,7735,15,03-11-2025,11
21164,2872,17,06-02-2025,11
22453,4207,20,18-01-2025,12
22476,1954,22,06-05-2025,11
23049,1411,13,01-08-2025,11
23685,4610,3,11-12-2025,11
23795,2521,21,23-03-2025,11
23828,2779,9,10-01-2026,11
24180,4324,13,04-09-2025,11
24830,2336,9,09-04-2025,11
26943,7954,18,27-02-2025,11
27559,1092,16,01-01-2026,11
27877,614,17,29-12-2025,11
