payment_id,subscription_id,user_id,payment_date,amount_inr,payment_method,payment_status
51,3502,110,01-04-2025,0,Card,success
88,5702,4270,18-08-2025,0,Card,success
89,8158,526,23-05-2025,0,Card,success
90,2763,3449,23-05-2025,0,Card,success
99,5402,1280,27-08-2025,0,Card,success
126,5835,3007,04-06-2025,0,Card,success
134,9531,2998,11-07-2025,0,Card,success
143,9336,6611,19-08-2025,0,Card,success
198,9975,6888,18-07-2025,0,Card,success
204,7248,3244,29-01-2025,0,Card,success
232,5203,3815,11-03-2025,0,Card,success
235,1408,7326,12-04-2025,0,Card,success
318,9928,6771,05-01-2026,0,Card,success
406,8432,7464,06-07-2025,0,Card,success
418,1864,1349,25-12-2025,0,Card,success
424,10708,5282,12-01-2026,0,Card,success
437,3414,2545,28-10-2025,0,Card,success
464,2788,3730,17-09-2025,0,Card,success
643,5913,7314,02-04-2025,0,Card,success
649,3264,5036,14-09-2025,0,Card,success
679,7765,6782,31-03-2025,0,Card,success
685,9945,7658,19-01-2025,0,Card,success
699,5512,895,02-04-2025,0,Card,success
705,6793,2757,15-05-2025,0,Card,success
734,3584,5899,10-01-2026,0,Card,success
739,5716,3598,11-12-2025,0,Card,success
756,2470,4995,10-06-2025,0,Card,success
761,7523,7832,26-07-2025,0,Card,success
772,245,899,20-11-2025,0,Card,success
792,8390,6628,13-07-2025,0,Card,success
819,10010,1781,08-01-2026,0,Card,success
848,3495,6260,18-04-2025,0,Card,success
907,6677,15,02-06-2025,0,Card,success
950,1946,908,12-01-2025,0,Card,success
1020,7673,7525,20-02-2025,0,Card,success
1068,8175,5655,20-11-2025,0,Card,success
1087,5642,2457,11-12-2025,0,Card,success
1165,1495,2378,24-06-2025,0,Card,success
1174,9913,5879,22-12-2025,0,Card,success
1226,603,3959,23-06-2025,0,Card,success
1325,38,6450,15-07-2025,0,Card,success
1333,6231,443,07-11-2025,0,Card,success
1340,2221,2647,01-10-2025,0,Card,success
1350,221,2704,16-06-2025,0,Card,success
1381,1926,7030,10-10-2025,0,Card,success
1383,688,136,25-06-2025,0,Card,success
1445,6725,3795,18-07-2025,0,Card,success
1476,8930,1070,17-03-2025,0,Card,success
1478,5250,4400,09-09-2025,0,Card,success
1534,5040,7300,22-04-2025,0,Card,success
1575,4582,7781,11-12-2025,0,Card,success
1630,714,5587,28-11-2025,0,Card,success
1632,3435,146,27-09-2025,0,Card,success
1638,7577,585,31-03-2025,0,Card,success
1706,8221,2830,14-01-2025,0,Card,success
1710,7457,4363,05-12-2025,0,Card,success
1762,5723,115,01-10-2025,0,Card,success
1781,5942,2784,29-04-2025,0,Card,success
1789,1667,801,19-12-2025,0,Card,success
1794,11890,2429,18-02-2025,0,Card,success
1825,9685,4180,15-02-2025,0,Card,success
1830,5761,5788,18-12-2025,0,Card,success
1855,5883,2920,29-09-2025,0,Card,success
1892,6486,1826,23-10-2025,0,Card,success
1944,5997,918,12-05-2025,0,Card,success
1956,8959,4076,11-06-2025,0,Card,success
1971,11079,1066,13-04-2025,0,Card,success
1977,9272,1219,01-05-2025,0,Card,success
2171,5925,2542,09-11-2025,0,Card,success
2196,3580,1082,10-06-2025,0,Card,success
2210,2843,5367,29-08-2025,0,Card,success
2287,7316,5429,31-05-2025,0,Card,success
2326,915,3393,11-05-2025,0,Card,success
2355,995,6075,04-09-2025,0,Card,success
2379,10838,6007,03-01-2025,0,Card,success
2408,10591,7987,21-03-2025,0,Card,success
2444,1296,5815,03-03-2025,0,Card,success
2445,161,4575,24-07-2025,0,Card,success
2462,8581,523,27-01-2025,0,Card,success
2470,1153,4715,15-06-2025,0,Card,success
2515,6785,2128,02-01-2026,0,Card,success
2606,306,4672,24-10-2025,0,Card,success
2617,3584,5899,19-10-2025,0,Card,success
2650,703,1576,10-02-2025,0,Card,success
2715,7457,4363,18-12-2025,0,Card,success
2792,3431,3974,11-01-2025,0,Card,success
2856,2632,166,11-10-2025,0,Card,success
2883,2766,7298,15-09-2025,0,Card,success
2904,6579,826,27-07-2025,0,Card,success
2921,2934,1134,10-06-2025,0,Card,success
2982,10761,3194,17-12-2025,0,Card,success
3060,8007,328,03-06-2025,0,Card,success
3084,8516,4757,01-12-2025,0,Card,success
3113,6502,4793,01-07-2025,0,Card,success
3195,11302,3973,26-07-2025,0,Card,success
3220,4667,7806,14-11-2025,0,Card,success
3279,3499,7784,21-01-2025,0,Card,success
3287,8517,6457,10-08-2025,0,Card,success
3336,8115,4646,16-05-2025,0,Card,success
3349,4347,7787,30-08-2025,0,Card,success
3353,10005,3137,08-05-2025,0,Card,success
3362,4748,5044,21-04-2025,0,Card,success
3409,2639,937,04-07-2025,0,Card,success
3450,9709,5842,08-08-2025,0,Card,success
3455,10082,2854,19-02-2025,0,Card,success
3485,557,1726,17-04-2025,0,Card,success
3523,9830,1905,19-12-2025,0,Card,success
3543,4730,1036,07-05-2025,0,Card,success
3551,6789,3172,29-06-2025,0,Card,success
3659,9872,544,20-12-2025,0,Card,success
3688,6360,4250,04-11-2025,0,Card,success
3784,5864,7542,09-06-2025,0,Card,success
3845,9696,672,05-11-2025,0,Card,success
3864,10218,3054,13-02-2025,0,Card,success
3897,7365,143,10-03-2025,0,Card,success
3914,6229,4088,06-01-2026,0,Card,success
4049,11791,1990,22-09-2025,0,Card,success
4060,8432,7464,05-03-2025,0,Card,success
4089,5250,4400,03-08-2025,0,Card,success
4143,1674,866,09-08-2025,0,Card,success
4177,11524,755,04-03-2025,0,Card,success
4219,5406,1964,06-07-2025,0,Card,success
4234,9850,1183,06-12-2025,0,Card,success
4270,4674,2659,18-11-2025,0,Card,success
4278,9631,4108,25-07-2025,0,Card,success
4283,9418,1067,29-12-2025,0,Card,success
4305,5193,1283,10-11-2025,0,Card,success
4311,5964,950,25-10-2025,0,Card,success
4360,4916,4363,03-05-2025,0,Card,success
4392,1728,278,01-09-2025,0,Card,success
4408,556,3233,08-07-2025,0,Card,success
4416,579,1983,09-08-2025,0,Card,success
4424,5010,6435,02-10-2025,0,Card,success
4429,8021,2779,28-06-2025,0,Card,success
4583,6109,3215,09-12-2025,0,Card,success
4588,4405,6629,01-09-2025,0,Card,success
4623,6109,3215,16-08-2025,0,Card,success
4635,7204,5240,16-01-2025,0,Card,success
4646,10915,2162,10-12-2025,0,Card,success
4755,8724,7351,23-10-2025,0,Card,success
4765,7704,2484,29-09-2025,0,Card,success
4826,4336,6968,11-03-2025,0,Card,success
4855,5569,6758,04-01-2026,0,Card,success
4914,4347,7787,15-02-2025,0,Card,success
4980,688,136,19-03-2025,0,Card,success
4993,2692,1072,24-09-2025,0,Card,success
5088,1993,4373,11-07-2025,0,Card,success
5121,9919,4615,26-01-2025,0,Card,success
5143,2079,6648,14-11-2025,0,Card,success
5161,8935,7037,14-12-2025,0,Card,success
5231,5618,3425,13-05-2025,0,Card,success
5269,2452,4184,03-09-2025,0,Card,success
5274,1809,5124,30-04-2025,0,Card,success
5275,1042,3163,08-02-2025,0,Card,success
5302,10964,6507,29-04-2025,0,Card,success
5411,1157,4361,05-05-2025,0,Card,success
5426,5130,2073,20-07-2025,0,Card,success
5469,4659,1063,17-07-2025,0,Card,success
5472,7261,5373,23-12-2025,0,Card,success
5484,3808,5080,05-02-2025,0,Card,success
5495,5311,113,28-07-2025,0,Card,success
5533,4701,7681,22-07-2025,0,Card,success
5616,2717,6586,07-11-2025,0,Card,success
5628,5699,667,06-04-2025,0,Card,success
5657,2743,4645,22-04-2025,0,Card,success
5683,5148,97,18-10-2025,0,Card,success
5719,7683,935,14-08-2025,0,Card,success
5727,7464,3449,22-10-2025,0,Card,success
5744,11923,6842,22-09-2025,0,Card,success
5833,552,7953,16-09-2025,0,Card,success
5864,1416,5694,26-07-2025,0,Card,success
5965,1312,3918,01-10-2025,0,Card,success
5979,2321,4708,15-01-2025,0,Card,success
5983,8914,3318,22-12-2025,0,Card,success
5989,5474,3565,05-12-2025,0,Card,success
6000,8061,7875,03-01-2025,0,Card,success
6010,6250,6223,20-06-2025,0,Card,success
6062,5303,2477,10-05-2025,0,Card,success
6077,6442,4945,24-08-2025,0,Card,success
6120,1294,5564,07-05-2025,0,Card,success
6132,4776,519,28-03-2025,0,Card,success
6135,11834,3776,07-02-2025,0,Card,success
6158,424,1918,31-08-2025,0,Card,success
6192,5702,4270,09-06-2025,0,Card,success
6229,1605,1231,11-08-2025,0,Card,success
6307,6758,3731,12-03-2025,0,Card,success
6392,10230,5383,18-02-2025,0,Card,success
6395,3063,4114,18-07-2025,0,Card,success
6397,3860,892,12-07-2025,0,Card,success
6425,9003,548,17-08-2025,0,Card,success
6430,11731,3922,22-08-2025,0,Card,success
6482,9046,7481,05-02-2025,0,Card,success
6565,5902,3666,31-05-2025,0,Card,success
6573,10233,809,04-12-2025,0,Card,success
6616,1805,6877,21-12-2025,0,Card,success
6739,2484,321,16-07-2025,0,Card,success
6796,11952,6377,12-02-2025,0,Card,success
6837,10546,7085,13-12-2025,0,Card,success
6873,4659,1063,14-08-2025,0,Card,success
6977,2965,5143,24-10-2025,0,Card,success
7074,5523,3340,20-09-2025,0,Card,success
7095,10562,4632,06-12-2025,0,Card,success
7111,5288,3250,29-11-2025,0,Card,success
7129,10174,877,20-11-2025,0,Card,success
7138,8787,3347,04-01-2025,0,Card,success
7208,9636,1120,30-09-2025,0,Card,success
7268,11640,671,25-05-2025,0,Card,success
7357,4369,4592,26-03-2025,0,Card,success
7386,5839,6829,15-05-2025,0,Card,success
7422,3409,1059,24-01-2025,0,Card,success
7433,521,2828,18-02-2025,0,Card,success
7444,1419,4677,12-07-2025,0,Card,success
7456,616,1271,14-04-2025,0,Card,success
7475,9228,7942,23-10-2025,0,Card,success
7502,3451,5049,04-01-2026,0,Card,success
7589,10241,2701,06-10-2025,0,Card,success
7638,1114,5029,05-03-2025,0,Card,success
7688,3059,570,16-01-2026,0,Card,success
7693,4468,713,28-05-2025,0,Card,success
7733,10195,7762,03-10-2025,0,Card,success
7741,3633,5687,24-05-2025,0,Card,success
7750,454,3390,14-11-2025,0,Card,success
7775,3571,6024,15-03-2025,0,Card,success
7860,6065,531,11-02-2025,0,Card,success
7905,10637,5536,10-06-2025,0,Card,success
7911,7174,7407,22-10-2025,0,Card,success
7983,10005,3137,14-12-2025,0,Card,success
7991,10070,4444,01-05-2025,0,Card,success
8014,10732,2967,31-01-2025,0,Card,success
8023,6971,2000,06-11-2025,0,Card,success
8045,1634,7030,15-05-2025,0,Card,success
8154,4213,5978,13-04-2025,0,Card,success
8171,8586,2628,08-06-2025,0,Card,success
8183,3037,6088,25-08-2025,0,Card,success
8252,4249,630,08-12-2025,0,Card,success
8255,1700,5350,21-07-2025,0,Card,success
8341,10624,4744,24-09-2025,0,Card,success
8410,10718,7328,21-03-2025,0,Card,success
8421,7434,27,19-03-2025,0,Card,success
8556,7843,4756,02-08-2025,0,Card,success
8594,2891,6481,12-02-2025,0,Card,success
8645,8279,5757,06-10-2025,0,Card,success
8715,4557,2948,02-09-2025,0,Card,success
8767,6673,1140,16-01-2025,0,Card,success
8773,6164,4230,02-04-2025,0,Card,success
8817,7430,4028,17-12-2025,0,Card,success
8827,4973,5677,04-10-2025,0,Card,success
8883,7279,6057,12-02-2025,0,Card,success
8886,4084,4819,07-04-2025,0,Card,success
8937,5285,1744,10-04-2025,0,Card,success
8945,6504,2191,09-06-2025,0,Card,success
8957,9445,1768,04-07-2025,0,Card,success
8958,3960,5595,17-03-2025,0,Card,success
9043,6942,7515,06-09-2025,0,Card,success
9072,8028,7247,28-07-2025,0,Card,success
9093,7667,5652,01-07-2025,0,Card,success
9175,7179,5039,23-09-2025,0,Card,success
9224,8634,7572,10-05-2025,0,Card,success
9239,6065,531,13-11-2025,0,Card,success
9252,9939,6671,05-04-2025,0,Card,success
9303,6412,1402,15-05-2025,0,Card,success
9304,8290,2166,14-01-2026,0,Card,success
9377,3219,364,14-04-2025,0,Card,success
9382,10903,3259,25-06-2025,0,Card,success
9460,6168,7536,16-06-2025,0,Card,success
9486,1888,7696,07-07-2025,0,Card,success
9499,11212,7238,26-07-2025,0,Card,success
9509,2733,985,01-08-2025,0,Card,success
9636,901,2250,11-01-2025,0,Card,success
9683,3923,5000,01-10-2025,0,Card,success
9740,5988,4081,13-11-2025,0,Card,success
9744,8082,5143,08-05-2025,0,Card,success
9759,9370,3650,31-01-2025,0,Card,success
9765,316,5360,28-05-2025,0,Card,success
9773,8702,7820,09-11-2025,0,Card,success
9783,7535,1478,18-09-2025,0,Card,success
9789,670,3136,02-11-2025,0,Card,success
9801,6749,1356,27-06-2025,0,Card,success
9818,8626,7481,04-06-2025,0,Card,success
9871,205,3406,20-02-2025,0,Card,success
9905,3057,3627,22-11-2025,0,Card,success
9948,8514,1864,22-05-2025,0,Card,success
10016,3360,4722,28-08-2025,0,Card,success
10060,4696,3820,15-01-2026,0,Card,success
10105,11778,3792,29-07-2025,0,Card,success
10136,7875,1631,22-04-2025,0,Card,success
10168,9299,5419,19-08-2025,0,Card,success
10170,1306,3088,30-04-2025,0,Card,success
10190,2159,670,21-06-2025,0,Card,success
10193,3165,7040,31-01-2025,0,Card,success
10201,4336,6968,20-04-2025,0,Card,success
10204,3428,1361,03-01-2026,0,Card,success
10257,205,3406,05-04-2025,0,Card,success
10286,950,5346,25-09-2025,0,Card,success
10327,7791,5890,05-12-2025,0,Card,success
10398,3786,3289,01-02-2025,0,Card,success
10406,4810,5498,28-10-2025,0,Card,success
10519,3583,3303,15-07-2025,0,Card,success
10537,3536,4199,06-07-2025,0,Card,success
10619,9752,7670,16-09-2025,0,Card,success
10646,1730,7262,02-03-2025,0,Card,success
10671,9870,7819,28-05-2025,0,Card,success
10682,317,781,12-08-2025,0,Card,success
10721,1890,1450,25-12-2025,0,Card,success
10727,8528,1099,26-10-2025,0,Card,success
10747,3500,1684,20-04-2025,0,Card,success
10791,3234,6974,30-03-2025,0,Card,success
10834,9282,1290,04-10-2025,0,Card,success
10925,4514,2508,24-08-2025,0,Card,success
10936,9859,1941,27-10-2025,0,Card,success
10940,6925,680,10-01-2026,0,Card,success
10958,104,5601,04-10-2025,0,Card,success
10981,6754,4110,20-09-2025,0,Card,success
10986,5431,1068,13-08-2025,0,Card,success
11019,9172,5312,13-10-2025,0,Card,success
11048,403,4813,01-03-2025,0,Card,success
11085,6095,695,22-12-2025,0,Card,success
11111,3326,4985,24-08-2025,0,Card,success
11120,8981,6857,10-03-2025,0,Card,success
11138,433,1974,11-02-2025,0,Card,success
11182,3063,4114,07-04-2025,0,Card,success
11195,2788,3730,30-03-2025,0,Card,success
11206,1057,7341,09-04-2025,0,Card,success
11242,4067,3914,03-10-2025,0,Card,success
11282,7004,2444,08-08-2025,0,Card,success
11293,7099,7462,19-02-2025,0,Card,success
11296,3697,3149,17-07-2025,0,Card,success
11377,3017,1817,11-08-2025,0,Card,success
11379,9531,2998,26-07-2025,0,Card,success
11396,10358,884,19-04-2025,0,Card,success
11409,9107,6280,05-09-2025,0,Card,success
11438,7248,3244,26-08-2025,0,Card,success
11450,7675,6728,06-06-2025,0,Card,success
11461,5832,7544,14-12-2025,0,Card,success
11496,1730,7262,24-03-2025,0,Card,success
11521,10547,80,18-05-2025,0,Card,success
11537,6209,3225,12-08-2025,0,Card,success
11563,9325,4592,29-10-2025,0,Card,success
11620,6109,3215,25-04-2025,0,Card,success
11652,1371,7436,05-01-2026,0,Card,success
11703,1111,2032,20-05-2025,0,Card,success
11714,2376,1764,03-12-2025,0,Card,success
11770,6641,1108,02-11-2025,0,Card,success
11780,9134,1896,26-12-2025,0,Card,success
11816,2685,2643,02-01-2026,0,Card,success
11862,9786,4800,08-03-2025,0,Card,success
11907,6641,1108,08-02-2025,0,Card,success
11916,7908,3204,22-07-2025,0,Card,success
11987,11666,5455,08-08-2025,0,Card,success
21,9229,4099,17-02-2025,0,UPI,success
44,4381,2725,17-06-2025,0,UPI,success
55,9791,328,29-07-2025,0,UPI,success
108,6241,1572,19-09-2025,0,UPI,success
120,6694,5636,28-04-2025,0,UPI,success
162,8007,328,20-01-2025,0,UPI,success
209,10958,7172,14-09-2025,0,UPI,success
228,11890,2429,28-07-2025,0,UPI,success
238,2917,3174,14-02-2025,0,UPI,success
242,4617,1320,23-03-2025,0,UPI,success
257,5972,7998,22-08-2025,0,UPI,success
274,1794,5533,14-08-2025,0,UPI,success
327,6386,2608,05-04-2025,0,UPI,success
347,9937,328,16-01-2026,0,UPI,success
359,11460,6281,12-08-2025,0,UPI,success
366,10696,3989,16-01-2025,0,UPI,success
475,801,7753,16-12-2025,0,UPI,success
482,11704,5547,17-02-2025,0,UPI,success
525,4579,5169,27-10-2025,0,UPI,success
544,2812,3597,04-01-2026,0,UPI,success
565,2203,7803,18-05-2025,0,UPI,success
598,2912,7789,02-01-2026,0,UPI,success
599,6217,1441,10-05-2025,0,UPI,success
646,6229,4088,12-12-2025,0,UPI,success
650,7533,6477,16-09-2025,0,UPI,success
698,7259,2264,05-01-2026,0,UPI,success
708,1730,7262,14-10-2025,0,UPI,success
785,8515,1599,19-05-2025,0,UPI,success
818,1444,7418,12-11-2025,0,UPI,success
878,10868,2476,07-08-2025,0,UPI,success
881,8877,6717,17-06-2025,0,UPI,success
895,6575,4616,19-07-2025,0,UPI,success
922,4042,7086,07-08-2025,0,UPI,success
976,11374,7090,30-09-2025,0,UPI,success
1002,8521,1220,21-12-2025,0,UPI,success
1021,10650,6113,10-10-2025,0,UPI,success
1030,2766,7298,26-02-2025,0,UPI,success
1058,11871,7306,03-10-2025,0,UPI,success
1079,4587,7020,13-07-2025,0,UPI,success
1102,3576,47,24-01-2025,0,UPI,success
1115,4398,1649,11-10-2025,0,UPI,success
1150,7261,5373,02-05-2025,0,UPI,success
1179,4745,1384,10-02-2025,0,UPI,success
1200,1257,712,21-04-2025,0,UPI,success
1219,5439,4295,29-03-2025,0,UPI,success
1223,5499,5215,16-12-2025,0,UPI,success
1231,11398,7500,17-10-2025,0,UPI,success
1295,9060,4019,08-06-2025,0,UPI,success
1299,11076,3974,04-11-2025,0,UPI,success
1330,7436,6493,02-01-2026,0,UPI,success
1370,10922,4643,25-07-2025,0,UPI,success
1406,8801,3013,15-02-2025,0,UPI,success
1457,275,1094,24-11-2025,0,UPI,success
1479,9696,672,08-04-2025,0,UPI,success
1686,853,4534,22-12-2025,0,UPI,success
1792,8559,920,19-06-2025,0,UPI,success
1828,10717,1220,11-07-2025,0,UPI,success
1831,4373,5040,21-02-2025,0,UPI,success
1909,8583,6020,09-12-2025,0,UPI,success
1950,11333,2016,20-06-2025,0,UPI,success
2011,3637,6629,09-09-2025,0,UPI,success
2025,2641,96,03-01-2026,0,UPI,success
2041,10651,4480,15-12-2025,0,UPI,success
2059,11036,6534,12-04-2025,0,UPI,success
2073,4826,7647,04-11-2025,0,UPI,success
2146,6725,3795,04-01-2026,0,UPI,success
2229,11782,83,08-06-2025,0,UPI,success
2315,8273,5657,27-08-2025,0,UPI,success
2317,11209,4794,17-11-2025,0,UPI,success
2325,9783,3143,06-07-2025,0,UPI,success
2357,4903,5389,07-02-2025,0,UPI,success
2362,10924,3717,08-11-2025,0,UPI,success
2371,8877,6717,02-07-2025,0,UPI,success
2401,2357,7803,14-09-2025,0,UPI,success
2416,1560,5110,10-10-2025,0,UPI,success
2532,3572,436,26-02-2025,0,UPI,success
2545,4733,269,03-10-2025,0,UPI,success
2604,10010,1781,23-09-2025,0,UPI,success
2623,9217,3299,31-08-2025,0,UPI,success
2653,8405,7817,30-03-2025,0,UPI,success
2665,462,3204,16-02-2025,0,UPI,success
2692,1138,649,19-03-2025,0,UPI,success
2796,8153,308,19-05-2025,0,UPI,success
2836,571,5942,24-02-2025,0,UPI,success
2869,8133,5766,19-07-2025,0,UPI,success
2892,4326,5827,12-12-2025,0,UPI,success
2916,4743,696,08-02-2025,0,UPI,success
2948,9454,1064,28-12-2025,0,UPI,success
3000,9880,3879,16-01-2025,0,UPI,success
3018,7238,3218,09-02-2025,0,UPI,success
3063,8292,7946,17-06-2025,0,UPI,success
3156,8243,2216,08-12-2025,0,UPI,success
3186,2880,2190,16-03-2025,0,UPI,success
3214,10536,6536,10-09-2025,0,UPI,success
3225,1521,1069,09-07-2025,0,UPI,success
3241,4166,1643,08-12-2025,0,UPI,success
3268,6160,3345,09-07-2025,0,UPI,success
3274,4752,6889,13-03-2025,0,UPI,success
3295,1804,3848,24-12-2025,0,UPI,success
3358,5304,6071,17-04-2025,0,UPI,success
3368,5761,5788,11-07-2025,0,UPI,success
3456,8337,4796,31-01-2025,0,UPI,success
3461,4897,1924,28-11-2025,0,UPI,success
3539,8750,2084,06-07-2025,0,UPI,success
3621,10383,119,01-09-2025,0,UPI,success
3656,4529,5161,08-01-2026,0,UPI,success
3666,1809,5124,07-01-2026,0,UPI,success
3682,9646,1880,10-08-2025,0,UPI,success
3706,10661,3913,12-04-2025,0,UPI,success
3710,7436,6493,15-08-2025,0,UPI,success
3720,5797,2689,13-01-2026,0,UPI,success
3741,10994,6634,20-05-2025,0,UPI,success
3805,4446,6764,20-05-2025,0,UPI,success
3816,4973,5677,29-03-2025,0,UPI,success
3830,9193,664,22-04-2025,0,UPI,success
3848,720,947,29-10-2025,0,UPI,success
3885,4255,277,07-01-2026,0,UPI,success
3893,6836,5128,17-08-2025,0,UPI,success
3907,11602,7187,31-12-2025,0,UPI,success
3975,3923,5000,30-08-2025,0,UPI,success
4070,2845,3589,13-01-2025,0,UPI,success
4096,10404,4701,22-11-2025,0,UPI,success
4097,225,2511,24-07-2025,0,UPI,success
4119,9850,1183,29-10-2025,0,UPI,success
4122,5807,1047,19-09-2025,0,UPI,success
4138,6464,7185,03-03-2025,0,UPI,success
4141,6994,1955,22-12-2025,0,UPI,success
4213,6527,2538,06-01-2025,0,UPI,success
4302,3234,6974,13-12-2025,0,UPI,success
4351,6397,5729,01-08-2025,0,UPI,success
4417,6349,6468,31-12-2025,0,UPI,success
4465,7155,5445,16-07-2025,0,UPI,success
4515,10940,5333,04-01-2025,0,UPI,success
4545,3547,7021,26-08-2025,0,UPI,success
4550,9765,315,07-04-2025,0,UPI,success
4562,8630,1022,11-01-2026,0,UPI,success
4615,8560,1335,23-02-2025,0,UPI,success
4650,268,4378,01-06-2025,0,UPI,success
4763,1393,908,22-11-2025,0,UPI,success
4769,3495,6260,18-05-2025,0,UPI,success
4794,7465,2235,28-03-2025,0,UPI,success
4864,8495,2687,14-01-2026,0,UPI,success
4917,8409,5749,02-12-2025,0,UPI,success
4937,5699,667,11-07-2025,0,UPI,success
4950,5384,6141,08-01-2025,0,UPI,success
4974,8559,920,18-08-2025,0,UPI,success
5036,11390,6102,10-10-2025,0,UPI,success
5040,11681,1903,15-01-2025,0,UPI,success
5075,2307,6477,04-02-2025,0,UPI,success
5117,11206,896,13-10-2025,0,UPI,success
5140,10838,6007,03-07-2025,0,UPI,success
5155,5881,7720,28-04-2025,0,UPI,success
5185,7469,1871,12-01-2026,0,UPI,success
5265,10341,6985,24-10-2025,0,UPI,success
5319,2169,763,05-01-2025,0,UPI,success
5334,6960,5460,22-02-2025,0,UPI,success
5384,7673,7525,19-01-2025,0,UPI,success
5388,5618,3425,14-07-2025,0,UPI,success
5400,657,2273,04-01-2026,0,UPI,success
5439,1192,5114,28-06-2025,0,UPI,success
5450,10296,4863,09-04-2025,0,UPI,success
5489,6825,711,31-05-2025,0,UPI,success
5571,1716,1855,12-12-2025,0,UPI,success
5577,10948,7881,15-11-2025,0,UPI,success
5687,252,2482,02-11-2025,0,UPI,success
5745,9252,849,09-02-2025,0,UPI,success
5797,9553,2954,26-03-2025,0,UPI,success
5829,8581,523,02-10-2025,0,UPI,success
5937,8183,7034,16-01-2026,0,UPI,success
5992,7019,7964,13-08-2025,0,UPI,success
6020,4225,3658,09-01-2026,0,UPI,success
6045,2766,7298,07-08-2025,0,UPI,success
6106,6819,1021,23-09-2025,0,UPI,success
6107,5846,4737,14-01-2026,0,UPI,success
6146,11243,2418,01-01-2025,0,UPI,success
6175,9600,3837,12-06-2025,0,UPI,success
6223,3339,6945,03-01-2026,0,UPI,success
6275,1308,2231,14-07-2025,0,UPI,success
6277,3972,575,15-01-2026,0,UPI,success
6303,6001,6976,18-02-2025,0,UPI,success
6355,4275,2684,18-09-2025,0,UPI,success
6416,4364,7823,06-07-2025,0,UPI,success
6426,7306,5602,09-12-2025,0,UPI,success
6460,2345,6970,03-01-2025,0,UPI,success
6540,8889,6008,27-06-2025,0,UPI,success
6589,9109,4613,06-10-2025,0,UPI,success
6621,4776,519,25-07-2025,0,UPI,success
6651,5573,6195,22-03-2025,0,UPI,success
6665,6694,5636,22-07-2025,0,UPI,success
6715,10160,2452,16-06-2025,0,UPI,success
6743,8615,6853,13-07-2025,0,UPI,success
6760,4780,1467,13-09-2025,0,UPI,success
6762,8476,5934,05-01-2026,0,UPI,success
6806,9257,254,01-07-2025,0,UPI,success
6964,8282,5658,14-03-2025,0,UPI,success
6965,11576,4417,14-10-2025,0,UPI,success
7000,10566,2816,28-07-2025,0,UPI,success
7026,1716,1855,30-04-2025,0,UPI,success
7034,7737,3169,03-06-2025,0,UPI,success
7071,801,7753,19-10-2025,0,UPI,success
7075,987,2879,11-07-2025,0,UPI,success
7118,10798,1600,09-10-2025,0,UPI,success
7221,2010,3973,19-09-2025,0,UPI,success
7301,11607,7073,13-07-2025,0,UPI,success
7392,4729,6654,09-07-2025,0,UPI,success
7395,9340,4774,09-04-2025,0,UPI,success
7397,4564,6964,27-12-2025,0,UPI,success
7472,7488,2430,23-05-2025,0,UPI,success
7529,4639,197,30-03-2025,0,UPI,success
7536,11243,2418,30-01-2025,0,UPI,success
7547,9722,412,14-07-2025,0,UPI,success
7563,2158,7815,01-09-2025,0,UPI,success
7593,7244,2728,01-07-2025,0,UPI,success
7642,7062,2153,15-11-2025,0,UPI,success
7670,11783,3097,26-01-2025,0,UPI,success
7698,11373,1091,13-07-2025,0,UPI,success
7823,5925,2542,05-05-2025,0,UPI,success
7833,7148,395,13-08-2025,0,UPI,success
7880,6735,998,29-09-2025,0,UPI,success
7884,2714,6392,04-12-2025,0,UPI,success
7888,4040,7330,26-01-2025,0,UPI,success
7942,11731,3922,19-04-2025,0,UPI,success
7943,952,468,23-11-2025,0,UPI,success
8004,161,4575,25-01-2025,0,UPI,success
8015,5849,5192,24-09-2025,0,UPI,success
8135,2165,133,06-01-2025,0,UPI,success
8137,7375,868,24-04-2025,0,UPI,success
8195,11654,2672,09-07-2025,0,UPI,success
8283,10018,6594,14-11-2025,0,UPI,success
8325,9351,1127,22-05-2025,0,UPI,success
8358,10794,5492,22-04-2025,0,UPI,success
8401,1794,5533,25-10-2025,0,UPI,success
8473,1006,4412,20-02-2025,0,UPI,success
8474,4964,3920,18-10-2025,0,UPI,success
8494,8493,7119,15-07-2025,0,UPI,success
8523,3972,575,24-07-2025,0,UPI,success
8552,7171,5852,03-09-2025,0,UPI,success
8611,9718,2185,24-08-2025,0,UPI,success
8612,7154,5113,11-02-2025,0,UPI,success
8633,3930,2569,24-10-2025,0,UPI,success
8658,10843,5827,13-03-2025,0,UPI,success
8734,3930,2569,21-03-2025,0,UPI,success
8745,847,4635,28-04-2025,0,UPI,success
8797,8626,7481,16-08-2025,0,UPI,success
8807,9243,6529,10-03-2025,0,UPI,success
8871,3929,5008,30-01-2025,0,UPI,success
8879,7290,2274,28-01-2025,0,UPI,success
8902,1812,2534,25-03-2025,0,UPI,success
8949,5408,4196,01-08-2025,0,UPI,success
8999,5508,1182,09-06-2025,0,UPI,success
9046,603,3959,08-01-2026,0,UPI,success
9064,6176,7370,19-01-2025,0,UPI,success
9071,5623,5145,05-06-2025,0,UPI,success
9113,9326,2731,27-09-2025,0,UPI,success
9151,594,2548,23-03-2025,0,UPI,success
9194,8197,6651,06-05-2025,0,UPI,success
9406,118,5732,30-01-2025,0,UPI,success
9522,9904,5526,14-06-2025,0,UPI,success
9575,10175,394,08-06-2025,0,UPI,success
9579,418,806,10-02-2025,0,UPI,success
9616,9948,4964,10-05-2025,0,UPI,success
9644,1111,2032,23-08-2025,0,UPI,success
9711,8655,4920,18-07-2025,0,UPI,success
9747,8670,2215,12-09-2025,0,UPI,success
9754,2286,7390,28-02-2025,0,UPI,success
9770,4083,4716,29-05-2025,0,UPI,success
9875,10772,3595,27-03-2025,0,UPI,success
9876,8017,2858,02-01-2026,0,UPI,success
9902,4672,303,17-03-2025,0,UPI,success
10038,7502,3456,06-10-2025,0,UPI,success
10065,7647,1005,17-12-2025,0,UPI,success
10072,5512,895,07-04-2025,0,UPI,success
10120,2258,4212,04-01-2025,0,UPI,success
10128,10906,3914,24-09-2025,0,UPI,success
10164,737,4528,18-08-2025,0,UPI,success
10166,10897,2379,05-08-2025,0,UPI,success
10176,11923,6842,27-11-2025,0,UPI,success
10209,7746,2590,24-01-2025,0,UPI,success
10223,4059,5603,18-01-2025,0,UPI,success
10237,594,2548,14-04-2025,0,UPI,success
10254,8554,355,18-07-2025,0,UPI,success
10264,2983,7053,26-01-2025,0,UPI,success
10318,9716,5025,01-05-2025,0,UPI,success
10328,5804,4103,18-05-2025,0,UPI,success
10374,4587,7020,04-10-2025,0,UPI,success
10414,6786,3802,02-01-2025,0,UPI,success
10473,10964,6507,21-02-2025,0,UPI,success
10529,4586,1378,06-02-2025,0,UPI,success
10664,1621,3967,05-06-2025,0,UPI,success
10680,5617,816,15-01-2025,0,UPI,success
10787,5209,6457,25-12-2025,0,UPI,success
10897,9654,195,03-01-2025,0,UPI,success
10903,7502,3456,28-04-2025,0,UPI,success
10931,1347,1636,31-03-2025,0,UPI,success
10953,6412,1402,28-08-2025,0,UPI,success
10977,3354,2845,20-07-2025,0,UPI,success
11023,5153,2488,15-08-2025,0,UPI,success
11027,4841,2896,26-10-2025,0,UPI,success
11057,4885,1215,21-11-2025,0,UPI,success
11072,4298,2262,23-03-2025,0,UPI,success
11077,11863,1021,22-10-2025,0,UPI,success
11093,5402,1280,01-08-2025,0,UPI,success
11104,10547,80,24-06-2025,0,UPI,success
11126,10067,4714,31-01-2025,0,UPI,success
11158,11793,7676,25-08-2025,0,UPI,success
11178,1959,7277,18-10-2025,0,UPI,success
11327,9574,2931,27-01-2025,0,UPI,success
11346,10750,5791,18-08-2025,0,UPI,success
11366,9880,3879,16-12-2025,0,UPI,success
11374,6633,5340,08-12-2025,0,UPI,success
11402,11119,6697,25-06-2025,0,UPI,success
11494,8085,1207,26-12-2025,0,UPI,success
11512,6830,4932,12-06-2025,0,UPI,success
11539,7932,5954,29-11-2025,0,UPI,success
11632,6029,5339,08-10-2025,0,UPI,success
11653,10906,3914,24-11-2025,0,UPI,success
11664,3659,6756,15-12-2025,0,UPI,success
11807,3716,6489,13-10-2025,0,UPI,success
11868,11002,3510,16-06-2025,0,UPI,success
11887,701,1241,01-08-2025,0,UPI,success
11920,7004,2444,14-02-2025,0,UPI,success
11938,6079,5678,23-07-2025,0,UPI,success
11942,8284,4292,20-01-2025,0,UPI,success
11983,7561,237,04-01-2026,0,UPI,success
29,3347,5185,26-06-2025,0,NetBanking,success
33,4914,3062,19-05-2025,0,NetBanking,success
42,4654,2662,25-10-2025,0,NetBanking,success
74,4539,7720,06-06-2025,0,NetBanking,success
105,10612,1950,16-08-2025,0,NetBanking,success
176,2723,2327,22-05-2025,0,NetBanking,success
220,7694,3269,21-09-2025,0,NetBanking,success
223,6794,1414,22-04-2025,0,NetBanking,success
224,11218,7009,05-01-2026,0,NetBanking,success
267,10808,4641,02-01-2025,0,NetBanking,success
291,8508,2795,07-12-2025,0,NetBanking,success
375,7415,4569,29-11-2025,0,NetBanking,success
382,11607,7073,05-07-2025,0,NetBanking,success
394,2394,3347,12-01-2025,0,NetBanking,success
412,720,947,10-09-2025,0,NetBanking,success
445,2946,2564,11-02-2025,0,NetBanking,success
570,2629,1025,11-10-2025,0,NetBanking,success
616,10596,6832,23-05-2025,0,NetBanking,success
661,5153,2488,22-01-2025,0,NetBanking,success
664,9045,96,09-08-2025,0,NetBanking,success
702,4956,3666,24-02-2025,0,NetBanking,success
797,8525,3177,05-05-2025,0,NetBanking,success
802,11312,823,31-07-2025,0,NetBanking,success
840,10746,2759,08-03-2025,0,NetBanking,success
893,11260,1,03-10-2025,0,NetBanking,success
935,3795,3587,16-09-2025,0,NetBanking,success
937,1683,737,27-12-2025,0,NetBanking,success
952,266,7887,20-07-2025,0,NetBanking,success
1028,1779,3241,28-10-2025,0,NetBanking,success
1065,6564,5217,04-10-2025,0,NetBanking,success
1071,10018,6594,10-01-2026,0,NetBanking,success
1103,11034,7112,18-08-2025,0,NetBanking,success
1114,5284,3871,30-04-2025,0,NetBanking,success
1175,6095,695,17-03-2025,0,NetBanking,success
1208,1861,5614,09-08-2025,0,NetBanking,success
1227,7491,3200,22-11-2025,0,NetBanking,success
1236,11436,2366,17-07-2025,0,NetBanking,success
1349,10874,551,30-04-2025,0,NetBanking,success
1360,8406,7172,06-03-2025,0,NetBanking,success
1391,5401,714,07-01-2026,0,NetBanking,success
1421,10482,7874,24-03-2025,0,NetBanking,success
1424,853,4534,25-11-2025,0,NetBanking,success
1450,5319,3337,12-09-2025,0,NetBanking,success
1481,1114,5029,06-07-2025,0,NetBanking,success
1493,7790,355,05-04-2025,0,NetBanking,success
1514,5118,2458,02-05-2025,0,NetBanking,success
1519,8279,5757,05-10-2025,0,NetBanking,success
1525,4030,4360,10-01-2025,0,NetBanking,success
1543,9748,4512,09-04-2025,0,NetBanking,success
1595,6656,7415,04-11-2025,0,NetBanking,success
1631,8010,5498,10-10-2025,0,NetBanking,success
1656,5250,4400,22-12-2025,0,NetBanking,success
1684,5441,1145,01-08-2025,0,NetBanking,success
1705,5311,113,23-04-2025,0,NetBanking,success
1723,4275,2684,02-12-2025,0,NetBanking,success
1728,11327,2898,24-05-2025,0,NetBanking,success
1861,10189,87,04-05-2025,0,NetBanking,success
1864,2585,1478,15-05-2025,0,NetBanking,success
1885,4208,5036,18-02-2025,0,NetBanking,success
2000,65,4785,25-03-2025,0,NetBanking,success
2001,594,2548,24-06-2025,0,NetBanking,success
2053,9011,7733,17-05-2025,0,NetBanking,success
2065,6882,6636,11-05-2025,0,NetBanking,success
2076,4006,976,30-06-2025,0,NetBanking,success
2100,6326,6465,03-03-2025,0,NetBanking,success
2120,8897,1362,13-11-2025,0,NetBanking,success
2147,6464,7185,20-07-2025,0,NetBanking,success
2217,8650,3959,05-01-2026,0,NetBanking,success
2300,11230,6237,29-12-2025,0,NetBanking,success
2409,9653,6518,13-09-2025,0,NetBanking,success
2451,10623,6568,11-03-2025,0,NetBanking,success
2513,8366,391,10-01-2025,0,NetBanking,success
2538,4067,3914,25-07-2025,0,NetBanking,success
2598,474,2807,23-01-2025,0,NetBanking,success
2607,9111,4123,01-03-2025,0,NetBanking,success
2681,1939,4515,16-02-2025,0,NetBanking,success
2712,825,5255,22-01-2025,0,NetBanking,success
2757,8563,4650,15-08-2025,0,NetBanking,success
2764,4512,3463,29-09-2025,0,NetBanking,success
2803,5204,6882,08-10-2025,0,NetBanking,success
2804,9882,23,03-07-2025,0,NetBanking,success
2808,2799,6489,01-02-2025,0,NetBanking,success
2812,5038,4893,10-04-2025,0,NetBanking,success
2845,1495,2378,18-02-2025,0,NetBanking,success
2853,11256,209,06-01-2026,0,NetBanking,success
2857,3878,2369,01-08-2025,0,NetBanking,success
2871,11808,2515,26-11-2025,0,NetBanking,success
2924,5631,6869,07-09-2025,0,NetBanking,success
2926,2766,7298,09-08-2025,0,NetBanking,success
2944,67,6095,19-10-2025,0,NetBanking,success
2954,4340,4130,25-08-2025,0,NetBanking,success
2993,2687,3732,18-12-2025,0,NetBanking,success
3051,3753,3774,28-06-2025,0,NetBanking,success
3069,1400,595,02-04-2025,0,NetBanking,success
3087,425,2625,07-05-2025,0,NetBanking,success
3091,10082,2854,31-12-2025,0,NetBanking,success
3094,6149,4341,09-11-2025,0,NetBanking,success
3100,2565,6864,19-04-2025,0,NetBanking,success
3110,10319,1222,05-09-2025,0,NetBanking,success
3147,7331,5765,22-04-2025,0,NetBanking,success
3163,7830,3757,16-09-2025,0,NetBanking,success
3181,8522,6624,28-09-2025,0,NetBanking,success
3205,6246,1991,28-02-2025,0,NetBanking,success
3219,8092,300,04-02-2025,0,NetBanking,success
3226,8134,1433,05-09-2025,0,NetBanking,success
3239,10914,5768,20-08-2025,0,NetBanking,success
3387,10414,7571,05-11-2025,0,NetBanking,success
3411,8269,669,01-08-2025,0,NetBanking,success
3423,8638,7428,15-08-2025,0,NetBanking,success
3428,3707,5533,23-04-2025,0,NetBanking,success
3500,7133,2778,25-01-2025,0,NetBanking,success
3507,565,2483,11-01-2025,0,NetBanking,success
3532,1436,4938,16-01-2025,0,NetBanking,success
3604,4916,4363,07-12-2025,0,NetBanking,success
3619,2087,4700,23-12-2025,0,NetBanking,success
3658,631,501,01-10-2025,0,NetBanking,success
3697,6715,136,05-06-2025,0,NetBanking,success
3721,3203,3783,04-05-2025,0,NetBanking,success
3724,8273,5657,23-01-2025,0,NetBanking,success
3799,10138,1435,18-10-2025,0,NetBanking,success
3881,1335,131,09-03-2025,0,NetBanking,success
3906,6017,5515,25-03-2025,0,NetBanking,success
3931,2072,7522,02-04-2025,0,NetBanking,success
4121,640,4288,13-07-2025,0,NetBanking,success
4165,7790,355,12-01-2025,0,NetBanking,success
4189,1693,7597,19-07-2025,0,NetBanking,success
4233,655,1154,23-09-2025,0,NetBanking,success
4249,8357,5135,25-03-2025,0,NetBanking,success
4321,5781,3798,24-05-2025,0,NetBanking,success
4554,7695,3839,14-03-2025,0,NetBanking,success
4567,4514,2508,17-10-2025,0,NetBanking,success
4578,4059,5603,16-10-2025,0,NetBanking,success
4586,1453,1423,28-11-2025,0,NetBanking,success
4613,5862,5573,18-12-2025,0,NetBanking,success
4617,7152,5066,06-08-2025,0,NetBanking,success
4625,5659,1179,12-07-2025,0,NetBanking,success
4633,9236,5304,19-11-2025,0,NetBanking,success
4666,5997,918,18-08-2025,0,NetBanking,success
4682,8559,920,28-10-2025,0,NetBanking,success
4713,798,7782,05-08-2025,0,NetBanking,success
4715,5130,2073,27-07-2025,0,NetBanking,success
4786,1683,737,26-08-2025,0,NetBanking,success
4867,9377,6660,09-01-2026,0,NetBanking,success
4909,1117,5156,24-11-2025,0,NetBanking,success
4910,212,7308,20-11-2025,0,NetBanking,success
4995,6573,7509,31-10-2025,0,NetBanking,success
5021,4339,1165,17-11-2025,0,NetBanking,success
5080,9427,4267,02-02-2025,0,NetBanking,success
5129,518,1943,21-12-2025,0,NetBanking,success
5151,9878,1771,13-01-2025,0,NetBanking,success
5173,322,4501,08-01-2025,0,NetBanking,success
5180,4851,6795,20-06-2025,0,NetBanking,success
5204,10414,7571,17-03-2025,0,NetBanking,success
5212,10929,1810,22-08-2025,0,NetBanking,success
5235,9191,2884,19-10-2025,0,NetBanking,success
5239,9565,1548,20-10-2025,0,NetBanking,success
5243,2458,82,21-06-2025,0,NetBanking,success
5297,10346,2014,30-04-2025,0,NetBanking,success
5307,5647,7134,16-01-2026,0,NetBanking,success
5375,9468,5075,08-10-2025,0,NetBanking,success
5376,7535,1478,14-01-2026,0,NetBanking,success
5390,3154,3538,02-04-2025,0,NetBanking,success
5406,11317,4085,23-02-2025,0,NetBanking,success
5409,2508,1332,14-07-2025,0,NetBanking,success
5413,8904,2799,08-05-2025,0,NetBanking,success
5434,7434,27,15-07-2025,0,NetBanking,success
5438,7427,2779,31-07-2025,0,NetBanking,success
5503,5204,6882,08-12-2025,0,NetBanking,success
5512,476,1928,28-04-2025,0,NetBanking,success
5542,10650,6113,15-05-2025,0,NetBanking,success
5557,3109,2889,15-01-2026,0,NetBanking,success
5599,9820,3415,03-05-2025,0,NetBanking,success
5665,11654,2672,01-09-2025,0,NetBanking,success
5676,7457,4363,26-06-2025,0,NetBanking,success
5696,4743,696,18-02-2025,0,NetBanking,success
5722,5573,6195,19-03-2025,0,NetBanking,success
5739,5431,1068,19-12-2025,0,NetBanking,success
5762,4263,910,29-08-2025,0,NetBanking,success
5796,1819,4886,15-09-2025,0,NetBanking,success
5830,4084,4819,24-05-2025,0,NetBanking,success
5869,7128,4079,07-02-2025,0,NetBanking,success
5932,11191,2153,23-03-2025,0,NetBanking,success
6058,3141,2145,13-08-2025,0,NetBanking,success
6072,4699,5832,08-01-2025,0,NetBanking,success
6098,1053,2777,25-02-2025,0,NetBanking,success
6241,7523,7832,06-06-2025,0,NetBanking,success
6259,10922,4643,11-05-2025,0,NetBanking,success
6344,4777,6504,15-05-2025,0,NetBanking,success
6481,6360,4250,01-12-2025,0,NetBanking,success
6686,3852,7802,14-06-2025,0,NetBanking,success
6947,2832,5207,17-09-2025,0,NetBanking,success
6949,4373,5040,19-07-2025,0,NetBanking,success
6998,11313,5067,07-01-2025,0,NetBanking,success
7274,4402,4043,28-11-2025,0,NetBanking,success
7311,6993,3548,20-05-2025,0,NetBanking,success
7442,5458,94,08-12-2025,0,NetBanking,success
7467,7919,1234,06-09-2025,0,NetBanking,success
7576,3113,6080,02-01-2026,0,NetBanking,success
7606,5441,1145,08-04-2025,0,NetBanking,success
7612,4691,740,16-01-2025,0,NetBanking,success
7681,6354,1918,26-09-2025,0,NetBanking,success
7713,7522,7223,11-04-2025,0,NetBanking,success
7721,10610,5903,17-07-2025,0,NetBanking,success
7726,6525,3011,04-11-2025,0,NetBanking,success
7730,9417,5714,27-09-2025,0,NetBanking,success
7732,11872,6682,29-11-2025,0,NetBanking,success
7735,7404,1225,25-08-2025,0,NetBanking,success
7756,2640,3051,23-01-2025,0,NetBanking,success
7790,8702,7820,07-11-2025,0,NetBanking,success
7816,8782,6194,05-07-2025,0,NetBanking,success
7834,1041,357,10-03-2025,0,NetBanking,success
7993,9082,1920,04-06-2025,0,NetBanking,success
8064,10191,1909,31-07-2025,0,NetBanking,success
8069,11110,7989,07-03-2025,0,NetBanking,success
8120,6855,7342,23-11-2025,0,NetBanking,success
8129,10387,7086,02-11-2025,0,NetBanking,success
8149,11488,997,30-06-2025,0,NetBanking,success
8188,10294,3263,24-01-2025,0,NetBanking,success
8193,1455,5760,23-04-2025,0,NetBanking,success
8215,2555,5863,28-12-2025,0,NetBanking,success
8315,4639,197,03-01-2025,0,NetBanking,success
8323,5421,2701,13-12-2025,0,NetBanking,success
8372,2596,411,04-12-2025,0,NetBanking,success
8382,9759,1185,19-11-2025,0,NetBanking,success
8403,3414,2545,12-08-2025,0,NetBanking,success
8544,8508,2795,01-08-2025,0,NetBanking,success
8583,8023,2683,19-11-2025,0,NetBanking,success
8595,9791,328,27-11-2025,0,NetBanking,success
8630,4166,1643,10-01-2025,0,NetBanking,success
8631,8916,7166,24-01-2025,0,NetBanking,success
8632,694,2208,14-06-2025,0,NetBanking,success
8730,1669,5957,30-04-2025,0,NetBanking,success
8731,10864,3606,09-02-2025,0,NetBanking,success
8778,5905,7721,05-01-2026,0,NetBanking,success
8779,8207,5863,29-10-2025,0,NetBanking,success
8782,10412,3131,09-01-2026,0,NetBanking,success
8846,2012,7246,22-01-2025,0,NetBanking,success
8892,3506,2640,01-11-2025,0,NetBanking,success
8911,7283,2283,08-06-2025,0,NetBanking,success
8943,4846,6634,14-12-2025,0,NetBanking,success
8965,4634,1388,19-06-2025,0,NetBanking,success
8973,5797,2689,22-01-2025,0,NetBanking,success
9025,2161,2315,27-04-2025,0,NetBanking,success
9073,9904,5526,10-10-2025,0,NetBanking,success
9119,6133,6597,24-11-2025,0,NetBanking,success
9153,8516,4757,19-01-2025,0,NetBanking,success
9234,931,3598,04-10-2025,0,NetBanking,success
9266,8173,6389,22-06-2025,0,NetBanking,success
9305,10945,2327,09-08-2025,0,NetBanking,success
9344,7992,7780,09-05-2025,0,NetBanking,success
9379,9096,3025,14-07-2025,0,NetBanking,success
9404,4170,7599,01-12-2025,0,NetBanking,success
9471,3519,592,05-07-2025,0,NetBanking,success
9489,7448,6790,07-07-2025,0,NetBanking,success
9539,8916,7166,11-09-2025,0,NetBanking,success
9708,4845,5484,05-07-2025,0,NetBanking,success
9729,3006,6646,12-11-2025,0,NetBanking,success
9731,3641,4049,25-07-2025,0,NetBanking,success
9799,8495,2687,09-07-2025,0,NetBanking,success
9915,2079,6648,13-07-2025,0,NetBanking,success
9940,2645,5437,16-08-2025,0,NetBanking,success
10049,7561,237,29-03-2025,0,NetBanking,success
10059,3883,6892,31-10-2025,0,NetBanking,success
10076,7877,3247,17-01-2025,0,NetBanking,success
10084,8140,1818,07-01-2026,0,NetBanking,success
10099,2762,7772,24-05-2025,0,NetBanking,success
10157,6374,7456,22-07-2025,0,NetBanking,success
10197,9348,5377,27-02-2025,0,NetBanking,success
10238,2017,6639,24-08-2025,0,NetBanking,success
10266,11198,285,21-11-2025,0,NetBanking,success
10301,4412,3975,13-04-2025,0,NetBanking,success
10353,3006,6646,01-01-2025,0,NetBanking,success
10411,3986,2064,17-04-2025,0,NetBanking,success
10413,4701,7681,27-08-2025,0,NetBanking,success
10440,2736,4197,05-04-2025,0,NetBanking,success
10455,10095,2858,22-12-2025,0,NetBanking,success
10466,7638,567,08-10-2025,0,NetBanking,success
10474,9294,4729,06-01-2025,0,NetBanking,success
10487,10837,4041,18-03-2025,0,NetBanking,success
10504,9229,4099,15-11-2025,0,NetBanking,success
10587,1497,1446,20-04-2025,0,NetBanking,success
10590,3707,5533,10-01-2026,0,NetBanking,success
10647,3547,7021,31-08-2025,0,NetBanking,success
10685,6958,6366,11-05-2025,0,NetBanking,success
10687,9417,5714,23-12-2025,0,NetBanking,success
10701,9454,1064,25-02-2025,0,NetBanking,success
10742,2104,2577,20-11-2025,0,NetBanking,success
10771,862,3679,08-05-2025,0,NetBanking,success
10776,2215,6363,25-08-2025,0,NetBanking,success
10812,8012,821,21-12-2025,0,NetBanking,success
10868,8303,5138,18-10-2025,0,NetBanking,success
10888,11212,7238,21-06-2025,0,NetBanking,success
10906,8592,2130,30-03-2025,0,NetBanking,success
10979,270,7223,13-03-2025,0,NetBanking,success
10991,7085,5878,24-08-2025,0,NetBanking,success
11002,7488,2430,04-09-2025,0,NetBanking,success
11018,4417,6276,12-07-2025,0,NetBanking,success
11036,8476,5934,22-02-2025,0,NetBanking,success
11129,569,5162,03-04-2025,0,NetBanking,success
11159,7613,3226,22-10-2025,0,NetBanking,success
11167,10500,1423,20-11-2025,0,NetBanking,success
11185,7448,6790,13-02-2025,0,NetBanking,success
11194,1752,4772,28-11-2025,0,NetBanking,success
11223,7633,1942,29-04-2025,0,NetBanking,success
11233,7404,1225,30-10-2025,0,NetBanking,success
11235,6452,6940,03-06-2025,0,NetBanking,success
11264,2211,2532,17-09-2025,0,NetBanking,success
11314,10800,5364,23-06-2025,0,NetBanking,success
11359,2429,4646,07-03-2025,0,NetBanking,success
11368,8020,5167,26-08-2025,0,NetBanking,success
11378,7875,1631,09-10-2025,0,NetBanking,success
11431,4725,808,05-11-2025,0,NetBanking,success
11500,3924,3143,07-07-2025,0,NetBanking,success
11547,9881,3833,02-01-2026,0,NetBanking,success
11596,6873,2649,15-03-2025,0,NetBanking,success
11687,1548,7587,24-07-2025,0,NetBanking,success
11806,5243,2636,08-04-2025,0,NetBanking,success
11812,9468,5075,12-04-2025,0,NetBanking,success
11832,6641,1108,18-08-2025,0,NetBanking,success
11846,11660,2563,04-08-2025,0,NetBanking,success
11928,7231,899,19-10-2025,0,NetBanking,success
11961,3025,3649,01-04-2025,0,NetBanking,success
11965,616,1271,21-07-2025,0,NetBanking,success
87,4957,764,13-01-2025,0,Wallet,success
104,7695,3839,05-02-2025,0,Wallet,success
113,3428,1361,26-02-2025,0,Wallet,success
133,9007,2118,21-05-2025,0,Wallet,success
170,891,449,26-07-2025,0,Wallet,success
190,5569,6758,08-06-2025,0,Wallet,success
214,10843,5827,30-04-2025,0,Wallet,success
254,10732,2967,06-09-2025,0,Wallet,success
261,4617,1320,05-10-2025,0,Wallet,success
265,7421,889,06-08-2025,0,Wallet,success
269,9445,1768,31-07-2025,0,Wallet,success
292,11427,7664,14-09-2025,0,Wallet,success
302,6003,1050,07-09-2025,0,Wallet,success
304,2763,3449,18-05-2025,0,Wallet,success
368,1821,89,03-10-2025,0,Wallet,success
378,453,7308,07-09-2025,0,Wallet,success
396,3134,6911,01-08-2025,0,Wallet,success
431,4429,4710,19-11-2025,0,Wallet,success
468,1244,3243,27-01-2025,0,Wallet,success
522,4488,1695,09-11-2025,0,Wallet,success
558,8724,7351,09-03-2025,0,Wallet,success
582,5170,4956,20-10-2025,0,Wallet,success
620,8111,3747,01-12-2025,0,Wallet,success
623,5637,1563,12-04-2025,0,Wallet,success
753,4980,6774,20-02-2025,0,Wallet,success
800,5311,113,31-10-2025,0,Wallet,success
919,6660,7251,26-11-2025,0,Wallet,success
1017,317,781,06-11-2025,0,Wallet,success
1034,566,5286,08-10-2025,0,Wallet,success
1104,10405,3766,18-10-2025,0,Wallet,success
1134,261,4841,16-09-2025,0,Wallet,success
1135,4041,3415,18-05-2025,0,Wallet,success
1156,1888,7696,09-08-2025,0,Wallet,success
1203,1418,3864,23-04-2025,0,Wallet,success
1212,3165,7040,24-01-2025,0,Wallet,success
1252,6033,1049,22-11-2025,0,Wallet,success
1263,3929,5008,06-01-2025,0,Wallet,success
1358,1876,1933,19-06-2025,0,Wallet,success
1423,8517,6457,29-03-2025,0,Wallet,success
1465,9653,6518,20-08-2025,0,Wallet,success
1471,9143,5830,22-11-2025,0,Wallet,success
1508,8976,1551,15-06-2025,0,Wallet,success
1513,10710,1808,29-11-2025,0,Wallet,success
1541,10709,7993,24-05-2025,0,Wallet,success
1569,892,2680,20-09-2025,0,Wallet,success
1584,5063,4768,23-09-2025,0,Wallet,success
1590,10718,7328,02-01-2025,0,Wallet,success
1600,7421,889,15-02-2025,0,Wallet,success
1653,6715,136,05-02-2025,0,Wallet,success
1654,11073,2597,16-01-2026,0,Wallet,success
1747,9348,5377,31-01-2025,0,Wallet,success
1807,6209,3225,14-07-2025,0,Wallet,success
1888,3803,2988,17-08-2025,0,Wallet,success
1913,7964,1263,02-05-2025,0,Wallet,success
1915,3109,2889,11-01-2026,0,Wallet,success
1925,6960,5460,25-03-2025,0,Wallet,success
1986,1936,4766,11-01-2026,0,Wallet,success
1998,8059,2949,03-02-2025,0,Wallet,success
2008,5903,7974,01-12-2025,0,Wallet,success
2028,5413,3455,01-09-2025,0,Wallet,success
2037,10292,2598,10-07-2025,0,Wallet,success
2050,11225,5195,24-05-2025,0,Wallet,success
2081,9111,4123,07-01-2025,0,Wallet,success
2082,955,7694,03-03-2025,0,Wallet,success
2103,4579,5169,22-08-2025,0,Wallet,success
2114,6406,2427,12-10-2025,0,Wallet,success
2126,9303,86,29-08-2025,0,Wallet,success
2144,9076,6446,27-11-2025,0,Wallet,success
2200,11865,3778,05-01-2025,0,Wallet,success
2240,4967,5294,03-01-2026,0,Wallet,success
2337,7360,6919,29-03-2025,0,Wallet,success
2343,9107,6280,25-12-2025,0,Wallet,success
2376,2629,1025,02-11-2025,0,Wallet,success
2425,5291,7868,12-06-2025,0,Wallet,success
2454,2947,1981,30-09-2025,0,Wallet,success
2490,10770,5468,15-11-2025,0,Wallet,success
2531,3524,2341,07-07-2025,0,Wallet,success
2552,901,2250,17-07-2025,0,Wallet,success
2564,7129,7926,25-07-2025,0,Wallet,success
2599,7107,5710,01-10-2025,0,Wallet,success
2613,759,3243,22-08-2025,0,Wallet,success
2620,6086,6157,26-08-2025,0,Wallet,success
2711,9611,4545,01-01-2025,0,Wallet,success
2735,10924,3717,08-09-2025,0,Wallet,success
2761,5495,4955,04-08-2025,0,Wallet,success
2800,1937,1200,10-06-2025,0,Wallet,success
2823,4573,3408,21-10-2025,0,Wallet,success
2866,6048,3240,05-02-2025,0,Wallet,success
2995,9546,7309,24-01-2025,0,Wallet,success
3011,3232,5457,07-08-2025,0,Wallet,success
3029,4779,1101,12-03-2025,0,Wallet,success
3048,7429,3965,23-11-2025,0,Wallet,success
3074,770,4308,14-08-2025,0,Wallet,success
3125,10070,4444,18-06-2025,0,Wallet,success
3189,7627,453,11-01-2026,0,Wallet,success
3273,8197,6651,26-06-2025,0,Wallet,success
3306,341,5803,19-06-2025,0,Wallet,success
3356,9414,2185,03-01-2026,0,Wallet,success
3357,5849,5192,31-07-2025,0,Wallet,success
3390,4513,3217,08-11-2025,0,Wallet,success
3402,5154,6463,15-12-2025,0,Wallet,success
3414,7015,5773,20-07-2025,0,Wallet,success
3469,2291,2897,23-12-2025,0,Wallet,success
3592,3030,6539,27-10-2025,0,Wallet,success
3602,8930,1070,10-09-2025,0,Wallet,success
3607,4565,6856,07-09-2025,0,Wallet,success
3624,2788,3730,09-02-2025,0,Wallet,success
3632,4369,4592,14-07-2025,0,Wallet,success
3642,5964,950,13-10-2025,0,Wallet,success
3652,11754,6241,04-04-2025,0,Wallet,success
3676,8793,7013,16-03-2025,0,Wallet,success
3737,10293,577,14-12-2025,0,Wallet,success
3743,9282,1290,08-09-2025,0,Wallet,success
3854,5647,7134,29-08-2025,0,Wallet,success
3869,6397,5729,10-01-2026,0,Wallet,success
3884,5153,2488,03-04-2025,0,Wallet,success
4004,9097,3616,25-01-2025,0,Wallet,success
4015,5544,4950,14-12-2025,0,Wallet,success
4031,1406,7872,18-04-2025,0,Wallet,success
4035,4107,7371,31-08-2025,0,Wallet,success
4063,1864,1349,14-06-2025,0,Wallet,success
4108,9026,720,25-06-2025,0,Wallet,success
4144,6124,5846,24-10-2025,0,Wallet,success
4251,36,1687,07-07-2025,0,Wallet,success
4289,10442,3264,11-03-2025,0,Wallet,success
4309,86,3631,27-06-2025,0,Wallet,success
4323,609,221,21-10-2025,0,Wallet,success
4370,10921,922,16-07-2025,0,Wallet,success
4472,8020,5167,13-08-2025,0,Wallet,success
4528,3996,2178,01-06-2025,0,Wallet,success
4563,5571,3730,30-09-2025,0,Wallet,success
4687,2215,6363,08-02-2025,0,Wallet,success
4726,3414,2545,04-08-2025,0,Wallet,success
4729,382,6757,17-08-2025,0,Wallet,success
4730,9537,5516,14-09-2025,0,Wallet,success
4748,8916,7166,05-11-2025,0,Wallet,success
4760,8290,2166,29-05-2025,0,Wallet,success
4795,8916,7166,06-11-2025,0,Wallet,success
4804,9427,4267,17-01-2026,0,Wallet,success
4849,3662,6685,11-07-2025,0,Wallet,success
4891,2912,7789,06-01-2026,0,Wallet,success
4932,6830,4932,15-08-2025,0,Wallet,success
4951,4897,1924,29-11-2025,0,Wallet,success
4973,2717,6586,15-09-2025,0,Wallet,success
5002,1081,376,09-09-2025,0,Wallet,success
5030,10542,55,18-07-2025,0,Wallet,success
5072,10228,1614,30-12-2025,0,Wallet,success
5077,10442,3264,21-06-2025,0,Wallet,success
5146,9785,6538,01-07-2025,0,Wallet,success
5179,2386,5880,07-02-2025,0,Wallet,success
5203,6162,4123,12-10-2025,0,Wallet,success
5233,4403,1910,30-05-2025,0,Wallet,success
5244,2433,6048,18-04-2025,0,Wallet,success
5281,5520,7679,14-03-2025,0,Wallet,success
5354,4415,6915,14-06-2025,0,Wallet,success
5373,4789,3333,02-12-2025,0,Wallet,success
5475,1261,7629,03-01-2026,0,Wallet,success
5480,3422,3052,15-03-2025,0,Wallet,success
5496,11783,3097,21-06-2025,0,Wallet,success
5545,8009,3597,14-08-2025,0,Wallet,success
5574,3431,3974,22-10-2025,0,Wallet,success
5606,1191,3451,02-05-2025,0,Wallet,success
5774,4271,5341,05-03-2025,0,Wallet,success
5794,9993,4898,28-10-2025,0,Wallet,success
5805,5804,4103,26-07-2025,0,Wallet,success
5807,3786,3289,08-03-2025,0,Wallet,success
5820,4583,6719,11-02-2025,0,Wallet,success
5991,8142,7156,24-07-2025,0,Wallet,success
6071,167,5426,21-07-2025,0,Wallet,success
6222,7062,2153,13-03-2025,0,Wallet,success
6260,1444,7418,25-07-2025,0,Wallet,success
6271,10674,1259,09-06-2025,0,Wallet,success
6290,3296,4894,12-04-2025,0,Wallet,success
6315,2357,7803,20-12-2025,0,Wallet,success
6335,11237,7095,15-01-2026,0,Wallet,success
6339,10001,6965,06-02-2025,0,Wallet,success
6345,4890,6521,29-06-2025,0,Wallet,success
6372,5601,76,03-12-2025,0,Wallet,success
6417,2741,2723,01-01-2025,0,Wallet,success
6453,5980,2309,13-03-2025,0,Wallet,success
6462,799,4777,22-05-2025,0,Wallet,success
6470,8793,7013,24-03-2025,0,Wallet,success
6526,8120,1794,20-08-2025,0,Wallet,success
6547,1393,908,20-09-2025,0,Wallet,success
6572,11754,6241,01-09-2025,0,Wallet,success
6593,2072,7522,20-12-2025,0,Wallet,success
6613,8150,7596,07-06-2025,0,Wallet,success
6652,18,5355,09-01-2026,0,Wallet,success
6655,11480,3835,26-09-2025,0,Wallet,success
6732,8243,2216,24-05-2025,0,Wallet,success
6738,9752,7670,28-08-2025,0,Wallet,success
6768,9673,5881,02-12-2025,0,Wallet,success
6794,8784,2249,12-10-2025,0,Wallet,success
6876,2221,2647,12-07-2025,0,Wallet,success
6884,7992,7780,22-09-2025,0,Wallet,success
6896,297,5067,08-10-2025,0,Wallet,success
6910,10547,80,03-03-2025,0,Wallet,success
7007,10785,5641,25-12-2025,0,Wallet,success
7053,4364,7823,24-10-2025,0,Wallet,success
7123,1934,819,08-05-2025,0,Wallet,success
7191,9083,4016,12-07-2025,0,Wallet,success
7207,8686,5234,07-10-2025,0,Wallet,success
7256,1993,4373,15-01-2026,0,Wallet,success
7280,8009,3597,18-10-2025,0,Wallet,success
7291,9863,443,12-01-2025,0,Wallet,success
7295,3909,164,28-08-2025,0,Wallet,success
7300,1527,7048,22-07-2025,0,Wallet,success
7302,7070,6889,21-10-2025,0,Wallet,success
7304,10417,1057,28-06-2025,0,Wallet,success
7424,6162,4123,08-06-2025,0,Wallet,success
7454,5804,4103,02-05-2025,0,Wallet,success
7534,9467,4382,18-12-2025,0,Wallet,success
7648,2286,7390,20-09-2025,0,Wallet,success
7687,11681,1903,04-02-2025,0,Wallet,success
7707,1605,1231,19-07-2025,0,Wallet,success
7748,5713,4806,13-02-2025,0,Wallet,success
7763,1042,3163,02-02-2025,0,Wallet,success
7780,9716,5025,20-05-2025,0,Wallet,success
7807,5216,1248,25-03-2025,0,Wallet,success
7848,6564,5217,23-04-2025,0,Wallet,success
7877,9822,2070,03-07-2025,0,Wallet,success
7944,7594,5734,24-11-2025,0,Wallet,success
8002,3186,2831,15-10-2025,0,Wallet,success
8107,1306,3088,14-06-2025,0,Wallet,success
8108,11902,4309,22-04-2025,0,Wallet,success
8115,8226,2033,11-10-2025,0,Wallet,success
8126,3860,892,14-03-2025,0,Wallet,success
8164,11407,1023,12-11-2025,0,Wallet,success
8189,4573,3408,08-11-2025,0,Wallet,success
8203,11254,129,21-09-2025,0,Wallet,success
8258,6137,5548,12-12-2025,0,Wallet,success
8264,9466,2464,28-06-2025,0,Wallet,success
8272,1722,2398,06-02-2025,0,Wallet,success
8336,2270,7830,10-01-2026,0,Wallet,success
8352,2415,381,13-09-2025,0,Wallet,success
8373,875,1707,10-09-2025,0,Wallet,success
8425,5988,4081,04-04-2025,0,Wallet,success
8487,1419,4677,31-10-2025,0,Wallet,success
8534,2804,1363,15-07-2025,0,Wallet,success
8577,10909,1760,08-02-2025,0,Wallet,success
8635,1720,1450,06-09-2025,0,Wallet,success
8651,10292,2598,29-08-2025,0,Wallet,success
8668,11604,7198,26-08-2025,0,Wallet,success
8681,122,2276,30-11-2025,0,Wallet,success
8703,4338,3242,01-01-2026,0,Wallet,success
8707,6734,7060,10-06-2025,0,Wallet,success
8726,4187,3613,05-12-2025,0,Wallet,success
8738,11110,7989,23-07-2025,0,Wallet,success
8752,7664,4391,24-03-2025,0,Wallet,success
8792,8061,7875,20-07-2025,0,Wallet,success
8843,10748,4701,08-01-2026,0,Wallet,success
8861,8495,2687,26-08-2025,0,Wallet,success
8884,1244,3243,21-10-2025,0,Wallet,success
8903,270,7223,26-02-2025,0,Wallet,success
8931,6013,4803,16-04-2025,0,Wallet,success
8946,10964,6507,03-08-2025,0,Wallet,success
8971,36,1687,20-11-2025,0,Wallet,success
9018,7251,7178,04-01-2025,0,Wallet,success
9048,1461,1913,10-09-2025,0,Wallet,success
9135,11093,21,05-03-2025,0,Wallet,success
9148,5536,356,30-08-2025,0,Wallet,success
9150,548,4846,19-07-2025,0,Wallet,success
9172,474,2807,25-01-2025,0,Wallet,success
9184,7947,816,04-02-2025,0,Wallet,success
9196,3659,6756,27-07-2025,0,Wallet,success
9211,170,5458,17-01-2026,0,Wallet,success
9220,801,7753,18-11-2025,0,Wallet,success
9277,11779,6862,11-08-2025,0,Wallet,success
9306,321,7819,03-01-2025,0,Wallet,success
9326,4689,7378,15-09-2025,0,Wallet,success
9338,11602,7187,28-05-2025,0,Wallet,success
9358,11939,7513,10-07-2025,0,Wallet,success
9370,6162,4123,04-03-2025,0,Wallet,success
9419,4735,2154,06-03-2025,0,Wallet,success
9537,7846,7353,29-11-2025,0,Wallet,success
9590,474,2807,05-11-2025,0,Wallet,success
9595,6379,2824,02-01-2025,0,Wallet,success
9597,9908,6687,20-02-2025,0,Wallet,success
9650,8362,6058,21-09-2025,0,Wallet,success
9658,931,3598,04-02-2025,0,Wallet,success
9669,7643,7861,27-05-2025,0,Wallet,success
9676,11225,5195,26-05-2025,0,Wallet,success
9684,11301,1255,20-07-2025,0,Wallet,success
9700,1034,1983,26-06-2025,0,Wallet,success
9722,873,3679,10-04-2025,0,Wallet,success
9727,10870,316,15-08-2025,0,Wallet,success
9763,7887,3767,14-01-2026,0,Wallet,success
9835,8842,1193,21-03-2025,0,Wallet,success
10017,11017,4677,19-12-2025,0,Wallet,success
10056,3134,6911,10-10-2025,0,Wallet,success
10070,6084,1793,22-01-2025,0,Wallet,success
10093,4748,5044,11-12-2025,0,Wallet,success
10139,9273,2318,17-03-2025,0,Wallet,success
10173,2743,4645,03-09-2025,0,Wallet,success
10250,7529,4439,11-04-2025,0,Wallet,success
10265,7523,7832,14-06-2025,0,Wallet,success
10272,2437,4049,01-06-2025,0,Wallet,success
10300,9031,2390,09-02-2025,0,Wallet,success
10324,4088,7675,10-02-2025,0,Wallet,success
10346,9604,2159,07-06-2025,0,Wallet,success
10355,5327,2949,14-07-2025,0,Wallet,success
10366,2945,1345,04-07-2025,0,Wallet,success
10431,8901,4193,05-01-2026,0,Wallet,success
10458,2394,3347,12-01-2025,0,Wallet,success
10585,1165,1107,01-01-2026,0,Wallet,success
10607,9263,1809,23-04-2025,0,Wallet,success
10693,6706,1709,04-01-2025,0,Wallet,success
10722,6605,435,27-09-2025,0,Wallet,success
10728,5335,1238,04-03-2025,0,Wallet,success
10733,1221,2225,03-05-2025,0,Wallet,success
10802,9348,5377,31-01-2025,0,Wallet,success
10804,6631,6203,29-09-2025,0,Wallet,success
10806,1700,5350,14-09-2025,0,Wallet,success
10861,11892,1727,15-03-2025,0,Wallet,success
10895,11458,7602,08-11-2025,0,Wallet,success
10917,2386,5880,12-01-2025,0,Wallet,success
10966,6617,3555,08-05-2025,0,Wallet,success
10978,3688,1737,08-01-2025,0,Wallet,success
11069,6578,5384,08-02-2025,0,Wallet,success
11079,1439,7796,10-02-2025,0,Wallet,success
11109,500,7133,09-11-2025,0,Wallet,success
11115,6645,7093,15-09-2025,0,Wallet,success
11157,9200,4218,15-02-2025,0,Wallet,success
11160,6379,2824,09-07-2025,0,Wallet,success
11333,8357,5135,02-01-2026,0,Wallet,success
11354,7994,6897,30-09-2025,0,Wallet,success
11371,10761,3194,09-07-2025,0,Wallet,success
11392,11654,2672,03-10-2025,0,Wallet,success
11418,8085,1207,06-09-2025,0,Wallet,success
11430,5285,1744,10-06-2025,0,Wallet,success
11437,9751,7738,26-07-2025,0,Wallet,success
11452,4163,5128,24-01-2025,0,Wallet,success
11463,4131,432,28-07-2025,0,Wallet,success
11516,7004,2444,30-06-2025,0,Wallet,success
11535,355,5320,28-07-2025,0,Wallet,success
11568,275,1094,29-09-2025,0,Wallet,success
11569,3319,5001,18-05-2025,0,Wallet,success
11589,4780,1467,15-03-2025,0,Wallet,success
11602,6066,6939,10-01-2026,0,Wallet,success
11638,2523,2222,18-02-2025,0,Wallet,success
11690,3422,3052,07-07-2025,0,Wallet,success
11718,2211,2532,07-09-2025,0,Wallet,success
11785,10447,507,01-04-2025,0,Wallet,success
11941,6498,6768,16-12-2025,0,Wallet,success
11968,3797,7540,20-07-2025,0,Wallet,success
10,7876,7500,13-07-2025,416,Wallet,success
15,5039,4996,30-05-2025,6997,Wallet,success
26,4316,5722,06-08-2025,393,Wallet,success
34,10778,4951,01-06-2025,2004,Wallet,success
37,8540,150,17-03-2025,144,Wallet,success
41,3298,2066,07-01-2025,181,Wallet,success
53,11528,3393,22-01-2025,1,Wallet,success
56,9823,5143,24-01-2025,3994,Wallet,success
61,1715,1895,12-03-2025,20,Wallet,success
63,4120,2975,15-07-2025,193,Wallet,success
72,4173,1800,15-10-2025,415,Wallet,success
76,9759,1185,27-02-2025,3,Wallet,success
78,2041,2679,17-05-2025,7004,Wallet,success
79,7761,7539,02-05-2025,2003,Wallet,success
93,9794,6711,11-11-2025,696,Wallet,success
97,7171,5852,29-01-2025,1,Wallet,success
101,7670,5225,22-11-2025,6979,Wallet,success
103,4436,2595,03-01-2026,2011,Wallet,success
106,1971,7803,01-03-2025,405,Wallet,success
114,6912,1120,11-04-2025,400,Wallet,success
119,3796,1096,03-06-2025,2003,Wallet,success
121,9414,2185,06-10-2025,4,Wallet,success
136,8396,2910,11-04-2025,2006,Wallet,success
145,8031,1339,08-01-2026,4011,Wallet,success
151,1103,5804,18-04-2025,4018,Wallet,success
153,6179,7425,15-03-2025,7000,Wallet,success
154,3899,970,20-10-2025,9,Wallet,success
158,3821,4359,20-07-2025,135,Wallet,success
166,824,6206,10-11-2025,211,Wallet,success
167,7923,5862,16-03-2025,3,Wallet,success
171,9281,3198,09-03-2025,709,Wallet,success
178,5508,1182,04-06-2025,3,Wallet,success
180,9846,4488,05-06-2025,387,Wallet,success
195,5391,4063,01-10-2025,406,Wallet,success
199,8332,2654,07-04-2025,203,Wallet,success
200,6891,1082,13-09-2025,696,Wallet,success
210,5872,6767,14-06-2025,383,Wallet,success
229,1970,7950,19-07-2025,12,Wallet,success
239,5817,4800,06-08-2025,1995,Wallet,success
240,237,2799,23-02-2025,687,Wallet,success
243,11973,3891,09-01-2026,4003,Wallet,success
245,2188,2482,05-05-2025,206,Wallet,success
246,9976,5293,23-04-2025,7001,Wallet,success
249,2872,4315,18-07-2025,192,Wallet,success
253,9091,1049,23-12-2025,702,Wallet,success
255,6092,2334,04-06-2025,2010,Wallet,success
259,11995,2068,01-12-2025,1999,Wallet,success
268,11256,209,22-06-2025,6,Wallet,success
271,4302,6413,03-01-2025,185,Wallet,success
272,7145,2253,23-02-2025,705,Wallet,success
281,11699,4211,24-11-2025,4011,Wallet,success
282,7418,6198,08-06-2025,685,Wallet,success
295,3346,2562,30-07-2025,201,Wallet,success
305,9224,5631,15-02-2025,399,Wallet,success
308,3970,5238,03-01-2025,4004,Wallet,success
316,920,710,15-06-2025,2006,Wallet,success
319,9666,7128,07-03-2025,396,Wallet,success
336,9208,1704,17-01-2025,2014,Wallet,success
343,5787,6660,14-04-2025,204,Wallet,success
349,523,771,11-11-2025,1983,Wallet,success
350,9208,1704,05-05-2025,2010,Wallet,success
353,1710,4427,15-05-2025,196,Wallet,success
356,8671,4727,18-03-2025,204,Wallet,success
362,1239,3284,19-01-2025,4005,Wallet,success
370,6495,170,15-05-2025,194,Wallet,success
388,5306,7857,07-02-2025,3997,Wallet,success
399,2730,4320,16-05-2025,2,Wallet,success
402,1421,4033,03-07-2025,409,Wallet,success
414,5321,6036,30-10-2025,391,Wallet,success
417,725,6970,16-11-2025,203,Wallet,success
426,10981,679,24-09-2025,3992,Wallet,success
438,5562,7502,14-01-2025,701,Wallet,success
440,9147,6666,27-01-2025,390,Wallet,success
444,5001,2093,05-01-2025,3999,Wallet,success
450,6269,1526,05-01-2025,684,Wallet,success
460,1022,6680,07-05-2025,177,Wallet,success
465,3115,7482,07-06-2025,191,Wallet,success
477,6859,2930,13-05-2025,197,Wallet,success
514,11984,2172,14-02-2025,187,Wallet,success
526,1481,3717,26-01-2025,10,Wallet,success
536,8510,3783,14-06-2025,696,Wallet,success
547,5462,7530,10-05-2025,2012,Wallet,success
549,6546,370,22-06-2025,184,Wallet,success
550,11270,4354,14-03-2025,1,Wallet,success
552,11419,1981,07-05-2025,4005,Wallet,success
559,10575,994,29-05-2025,144,Wallet,success
564,3144,4237,12-12-2025,210,Wallet,success
571,9845,6823,03-03-2025,2006,Wallet,success
572,11827,2166,22-09-2025,2005,Wallet,success
579,1336,5040,09-09-2025,6987,Wallet,success
581,4510,5983,08-05-2025,710,Wallet,success
585,9668,2308,04-03-2025,146,Wallet,success
589,10445,1396,14-08-2025,4006,Wallet,success
595,2236,309,07-04-2025,1998,Wallet,success
597,1376,1936,01-04-2025,196,Wallet,success
602,3224,4664,08-02-2025,395,Wallet,success
603,5462,7530,22-05-2025,2014,Wallet,success
604,8152,666,01-01-2026,3998,Wallet,success
608,10515,3604,24-06-2025,2005,Wallet,success
609,10795,5902,25-01-2025,382,Wallet,success
610,2623,6380,05-02-2025,191,Wallet,success
613,4705,189,03-03-2025,5,Wallet,success
619,588,3183,11-07-2025,1993,Wallet,success
624,9247,2011,15-11-2025,3999,Wallet,success
626,1713,1672,28-08-2025,391,Wallet,success
629,7788,112,08-11-2025,401,Wallet,success
630,7334,3929,05-02-2025,177,Wallet,success
632,9111,4123,01-12-2025,9,Wallet,success
654,5056,3397,16-09-2025,155,Wallet,success
656,8781,4088,31-08-2025,3986,Wallet,success
657,2877,1825,22-11-2025,392,Wallet,success
670,7257,6592,17-05-2025,411,Wallet,success
673,8920,6113,29-05-2025,693,Wallet,success
674,8052,777,28-11-2025,702,Wallet,success
688,11625,316,17-05-2025,8,Wallet,success
689,3671,2558,17-02-2025,205,Wallet,success
710,7734,2740,03-05-2025,399,Wallet,success
712,7690,873,18-01-2026,409,Wallet,success
715,3577,5066,14-03-2025,373,Wallet,success
719,7047,5374,27-04-2025,185,Wallet,success
726,11019,5319,28-04-2025,8,Wallet,success
728,3911,651,28-09-2025,385,Wallet,success
729,1145,367,02-02-2025,190,Wallet,success
737,7882,1152,26-12-2025,390,Wallet,success
740,265,7749,01-01-2025,2012,Wallet,success
751,6259,5402,01-08-2025,7008,Wallet,success
757,128,2920,31-05-2025,383,Wallet,success
758,8779,1213,03-01-2026,402,Wallet,success
760,11326,7840,17-03-2025,390,Wallet,success
763,4360,7229,25-08-2025,391,Wallet,success
767,10950,4691,28-07-2025,712,Wallet,success
774,4682,6954,06-04-2025,4004,Wallet,success
775,288,3052,09-10-2025,147,Wallet,success
778,4814,2887,18-08-2025,181,Wallet,success
788,1910,7187,14-01-2025,189,Wallet,success
789,305,1052,05-07-2025,2003,Wallet,success
795,9779,3693,07-08-2025,393,Wallet,success
803,7333,786,17-11-2025,2,Wallet,success
813,2467,5386,08-01-2026,385,Wallet,success
822,7616,4745,04-12-2025,2010,Wallet,success
826,7736,6264,04-03-2025,220,Wallet,success
836,1322,4351,13-05-2025,1995,Wallet,success
837,10809,5613,21-02-2025,189,Wallet,success
838,11594,677,20-11-2025,197,Wallet,success
845,10618,6747,17-10-2025,388,Wallet,success
847,10077,1195,03-09-2025,199,Wallet,success
849,7477,6257,23-02-2025,3995,Wallet,success
855,9877,6988,16-02-2025,417,Wallet,success
862,2624,23,18-12-2025,206,Wallet,success
867,1595,6424,17-06-2025,4012,Wallet,success
868,2039,2596,10-07-2025,193,Wallet,success
875,4270,540,14-01-2026,697,Wallet,success
877,4884,1775,18-02-2025,401,Wallet,success
879,11904,6801,21-02-2025,138,Wallet,success
883,8850,7105,07-01-2026,4011,Wallet,success
889,1515,5221,07-04-2025,3996,Wallet,success
890,5295,2445,29-08-2025,684,Wallet,success
891,6341,7997,04-07-2025,398,Wallet,success
894,1532,4009,25-08-2025,196,Wallet,success
899,8301,1656,04-10-2025,205,Wallet,success
900,6438,3573,27-11-2025,17,Wallet,success
909,7936,48,30-08-2025,3994,Wallet,success
911,4274,6211,22-03-2025,712,Wallet,success
912,6380,5528,28-03-2025,205,Wallet,success
916,6196,2151,27-03-2025,2002,Wallet,success
917,6449,4729,02-05-2025,209,Wallet,success
920,7426,4507,16-10-2025,143,Wallet,success
924,8377,7920,12-04-2025,4008,Wallet,success
931,8289,4474,13-08-2025,177,Wallet,success
933,1217,756,23-07-2025,401,Wallet,success
934,4935,6550,05-01-2025,6985,Wallet,success
936,5770,5387,13-08-2025,402,Wallet,success
938,10227,4131,23-11-2025,3,Wallet,success
941,9220,3021,04-12-2025,146,Wallet,success
942,9976,5293,21-05-2025,7004,Wallet,success
944,9965,1062,28-08-2025,195,Wallet,success
945,3901,1935,09-04-2025,187,Wallet,success
957,6452,6940,10-12-2025,3,Wallet,success
958,1494,7973,21-08-2025,156,Wallet,success
964,2288,2094,10-11-2025,416,Wallet,success
971,1879,381,26-10-2025,7004,Wallet,success
984,6092,2334,04-04-2025,1996,Wallet,success
985,2816,7443,18-12-2025,8,Wallet,success
994,10871,477,02-05-2025,12,Wallet,success
995,8413,6119,06-01-2025,130,Wallet,success
998,3709,103,12-06-2025,191,Wallet,success
999,8458,5143,27-03-2025,7001,Wallet,success
1005,8989,5361,09-07-2025,1995,Wallet,success
1006,760,7732,13-08-2025,197,Wallet,success
1007,10780,813,18-05-2025,1992,Wallet,success
1010,165,6326,26-11-2025,3989,Wallet,success
1026,8644,481,28-06-2025,134,Wallet,success
1027,841,7993,31-08-2025,394,Wallet,success
1041,3372,1620,21-03-2025,7006,Wallet,success
1043,4784,7518,10-07-2025,6996,Wallet,success
1047,2438,5797,03-03-2025,392,Wallet,success
1049,9779,3693,20-01-2025,408,Wallet,success
1060,1964,7077,24-05-2025,158,Wallet,success
1067,11623,76,13-02-2025,729,Wallet,success
1069,3052,5437,13-06-2025,2004,Wallet,success
1072,10805,5675,28-11-2025,4002,Wallet,success
1077,4241,3504,07-06-2025,3995,Wallet,success
1083,10851,6704,10-03-2025,3981,Wallet,success
1094,9359,4204,14-09-2025,193,Wallet,success
1095,692,2210,15-08-2025,714,Wallet,success
1097,365,3496,05-05-2025,157,Wallet,success
1107,3364,4153,26-07-2025,3996,Wallet,success
1111,3950,7819,28-10-2025,198,Wallet,success
1126,11531,6995,20-08-2025,8,Wallet,success
1129,9935,377,13-01-2025,398,Wallet,success
1132,2417,5692,26-08-2025,379,Wallet,success
1136,11296,4447,06-11-2025,201,Wallet,success
1143,2074,3772,03-05-2025,670,Wallet,success
1144,3621,3734,08-08-2025,1999,Wallet,success
1159,2589,4704,18-05-2025,4006,Wallet,success
1160,3897,6223,01-06-2025,1997,Wallet,success
1162,6359,1310,17-07-2025,206,Wallet,success
1167,7321,6451,28-09-2025,203,Wallet,success
1168,2694,762,16-10-2025,4000,Wallet,success
1170,5976,5217,18-05-2025,4013,Wallet,success
1172,4955,3047,01-03-2025,682,Wallet,success
1173,9028,3388,25-06-2025,189,Wallet,success
1180,10287,4829,08-01-2025,3994,Wallet,success
1192,10107,1505,28-08-2025,705,Wallet,success
1194,4078,5040,03-06-2025,427,Wallet,success
1195,11034,7112,17-07-2025,5,Wallet,success
1196,9438,5653,23-10-2025,7007,Wallet,success
1199,1162,1804,06-05-2025,705,Wallet,success
1202,1480,4360,07-09-2025,4009,Wallet,success
1210,8822,7615,28-04-2025,146,Wallet,success
1229,4560,5875,03-05-2025,206,Wallet,success
1238,4076,6457,23-04-2025,157,Wallet,success
1241,5784,263,11-01-2026,2005,Wallet,success
1246,6126,7718,20-11-2025,2005,Wallet,success
1247,6619,5798,19-05-2025,1,Wallet,success
1248,4139,2219,10-08-2025,3991,Wallet,success
1251,11464,7737,04-09-2025,144,Wallet,success
1254,4878,305,20-02-2025,390,Wallet,success
1258,1939,4515,22-06-2025,9,Wallet,success
1266,1600,3815,20-12-2025,2010,Wallet,success
1269,7925,7522,07-03-2025,2015,Wallet,success
1277,7923,5862,23-06-2025,1,Wallet,success
1282,7640,2815,04-02-2025,1989,Wallet,success
1288,191,3868,24-12-2025,195,Wallet,success
1293,1146,6290,20-01-2025,185,Wallet,success
1296,1665,7576,03-06-2025,192,Wallet,success
1297,3613,3802,11-04-2025,386,Wallet,success
1301,5946,4899,27-08-2025,205,Wallet,success
1305,8714,1617,14-01-2026,398,Wallet,success
1311,10532,5184,17-03-2025,2013,Wallet,success
1327,3737,6909,17-05-2025,381,Wallet,success
1341,8797,3169,27-01-2025,3998,Wallet,success
1342,5371,644,26-05-2025,3995,Wallet,success
1353,7317,7933,15-12-2025,725,Wallet,success
1363,2052,360,27-03-2025,1996,Wallet,success
1366,4439,6296,30-10-2025,203,Wallet,success
1372,3690,1987,14-01-2025,184,Wallet,success
1374,3241,2467,06-09-2025,6997,Wallet,success
1384,135,4613,25-03-2025,384,Wallet,success
1385,10363,6393,02-05-2025,705,Wallet,success
1388,11688,102,22-06-2025,3985,Wallet,success
1392,10310,4195,29-12-2025,694,Wallet,success
1399,6480,4,12-04-2025,182,Wallet,success
1402,7234,3665,24-11-2025,3972,Wallet,success
1404,944,5093,03-12-2025,202,Wallet,success
1408,4901,5142,10-10-2025,690,Wallet,success
1409,4962,3363,15-08-2025,389,Wallet,success
1410,3425,2761,19-08-2025,2010,Wallet,success
1414,6476,4851,02-12-2025,419,Wallet,success
1415,11891,1775,22-01-2025,1,Wallet,success
1418,7317,7933,29-10-2025,693,Wallet,success
1429,4647,6399,06-05-2025,1995,Wallet,success
1432,9896,1553,03-10-2025,687,Wallet,success
1436,5882,4250,15-02-2025,200,Wallet,success
1440,1824,7067,30-05-2025,141,Wallet,success
1444,1012,1302,26-02-2025,406,Wallet,success
1448,2263,2768,10-06-2025,195,Wallet,success
1454,7384,6632,06-11-2025,6989,Wallet,success
1458,8262,646,06-07-2025,2018,Wallet,success
1477,6916,4427,09-12-2025,3997,Wallet,success
1486,6941,5231,20-11-2025,392,Wallet,success
1518,10527,5470,06-09-2025,719,Wallet,success
1533,8892,4791,22-10-2025,403,Wallet,success
1539,4664,226,25-05-2025,212,Wallet,success
1547,9812,3355,24-09-2025,397,Wallet,success
1559,8534,4124,16-01-2026,392,Wallet,success
1566,4548,1592,23-09-2025,211,Wallet,success
1580,11824,7386,23-08-2025,208,Wallet,success
1585,7837,571,14-10-2025,4015,Wallet,success
1592,3351,7203,19-07-2025,1971,Wallet,success
1593,11996,1020,10-10-2025,6993,Wallet,success
1597,2850,7182,06-05-2025,701,Wallet,success
1603,330,5479,02-01-2025,7008,Wallet,success
1607,8331,5761,17-05-2025,684,Wallet,success
1609,8541,682,16-07-2025,412,Wallet,success
1616,3060,4858,14-05-2025,717,Wallet,success
1629,9509,1545,23-07-2025,2002,Wallet,success
1644,5360,5751,04-01-2025,195,Wallet,success
1646,1599,6814,30-11-2025,191,Wallet,success
1648,2994,6282,14-07-2025,211,Wallet,success
1655,9202,5546,15-09-2025,156,Wallet,success
1657,8263,7456,30-12-2025,14,Wallet,success
1659,10452,3028,12-03-2025,3,Wallet,success
1661,10138,1435,13-02-2025,7,Wallet,success
1663,5244,4119,29-08-2025,169,Wallet,success
1664,7999,2947,03-11-2025,7,Wallet,success
1665,9671,1542,07-12-2025,8,Wallet,success
1667,10677,7260,15-11-2025,6997,Wallet,success
1674,3835,4008,04-09-2025,3998,Wallet,success
1678,1575,3207,18-11-2025,4018,Wallet,success
1683,11076,3974,14-08-2025,11,Wallet,success
1688,10164,634,15-01-2025,1996,Wallet,success
1689,2976,2325,09-01-2026,144,Wallet,success
1690,2761,3347,13-08-2025,186,Wallet,success
1693,2131,924,25-03-2025,189,Wallet,success
1696,6854,7814,06-03-2025,697,Wallet,success
1698,3701,7291,13-08-2025,144,Wallet,success
1715,6681,5178,22-09-2025,392,Wallet,success
1717,1390,6911,19-04-2025,401,Wallet,success
1718,6284,6363,09-06-2025,212,Wallet,success
1722,4559,7906,25-03-2025,187,Wallet,success
1729,9035,2504,15-02-2025,153,Wallet,success
1735,9088,204,30-08-2025,207,Wallet,success
1741,5165,6912,16-10-2025,154,Wallet,success
1742,1460,1094,10-08-2025,401,Wallet,success
1746,11369,7722,16-02-2025,6992,Wallet,success
1749,444,2573,17-01-2025,1992,Wallet,success
1756,4918,3942,21-11-2025,149,Wallet,success
1758,6523,5074,23-10-2025,193,Wallet,success
1763,1039,6554,27-01-2025,705,Wallet,success
1765,8670,2215,21-07-2025,4,Wallet,success
1769,11760,485,11-09-2025,394,Wallet,success
1772,10896,4274,12-04-2025,203,Wallet,success
1797,3073,1840,08-06-2025,1981,Wallet,success
1799,11013,7786,10-05-2025,399,Wallet,success
1801,1315,7763,23-09-2025,4,Wallet,success
1816,10302,4376,01-09-2025,203,Wallet,success
1818,2102,5770,12-09-2025,2005,Wallet,success
1820,11972,5194,21-03-2025,186,Wallet,success
1829,4793,3520,13-10-2025,412,Wallet,success
1832,2475,1022,01-07-2025,1991,Wallet,success
1836,3469,3349,16-08-2025,688,Wallet,success
1837,8553,1858,03-08-2025,392,Wallet,success
1846,6711,7517,28-05-2025,1,Wallet,success
1854,10253,4761,03-10-2025,139,Wallet,success
1856,11658,5947,05-08-2025,195,Wallet,success
1858,5892,2282,04-09-2025,415,Wallet,success
1859,7903,1864,01-11-2025,214,Wallet,success
1863,9594,113,11-06-2025,398,Wallet,success
1869,10856,6837,11-04-2025,4003,Wallet,success
1873,5104,5869,01-12-2025,5,Wallet,success
1876,704,2990,10-01-2026,410,Wallet,success
1879,4589,1968,29-01-2025,398,Wallet,success
1884,1400,595,06-06-2025,17,Wallet,success
1889,9638,1802,25-11-2025,2003,Wallet,success
1891,9934,1725,06-06-2025,1,Wallet,success
1897,5386,4633,17-02-2025,394,Wallet,success
1901,11599,3050,06-01-2025,214,Wallet,success
1905,1599,6814,07-03-2025,194,Wallet,success
1906,11388,3785,22-08-2025,710,Wallet,success
1907,2129,7069,25-05-2025,157,Wallet,success
1912,1743,2971,01-07-2025,406,Wallet,success
1916,6565,3968,25-06-2025,198,Wallet,success
1918,8569,874,06-08-2025,3998,Wallet,success
1924,5865,2846,23-05-2025,158,Wallet,success
1928,1639,7220,17-06-2025,187,Wallet,success
1931,7761,7539,26-01-2025,1990,Wallet,success
1933,4060,2080,27-01-2025,396,Wallet,success
1938,7181,30,01-10-2025,201,Wallet,success
1939,9061,975,13-01-2025,6988,Wallet,success
1941,9831,1521,30-05-2025,9,Wallet,success
1951,7970,6457,10-01-2026,191,Wallet,success
1961,1700,5350,04-05-2025,14,Wallet,success
1963,2466,2720,06-04-2025,692,Wallet,success
1973,4711,5032,05-03-2025,184,Wallet,success
1974,2887,176,22-06-2025,690,Wallet,success
1981,3083,3218,21-11-2025,1991,Wallet,success
1992,5426,6012,10-01-2026,706,Wallet,success
1996,7645,11,16-11-2025,132,Wallet,success
1999,239,6325,17-03-2025,7,Wallet,success
2005,3626,984,25-07-2025,2,Wallet,success
2007,8319,5589,19-07-2025,409,Wallet,success
2017,6921,4601,07-06-2025,6,Wallet,success
2038,10459,2020,29-11-2025,197,Wallet,success
2042,4305,6022,14-06-2025,3,Wallet,success
2043,1485,6971,03-11-2025,2,Wallet,success
2058,6573,7509,06-01-2026,1,Wallet,success
2061,4425,2696,03-08-2025,158,Wallet,success
2062,9957,9,11-03-2025,382,Wallet,success
2067,3512,73,28-08-2025,15,Wallet,success
2087,856,665,08-02-2025,3990,Wallet,success
2090,5645,183,07-05-2025,7004,Wallet,success
2098,9977,6395,29-07-2025,196,Wallet,success
2112,6382,1332,01-12-2025,694,Wallet,success
2113,3911,651,19-02-2025,406,Wallet,success
2119,10820,5696,23-01-2025,701,Wallet,success
2148,10903,3259,11-01-2025,20,Wallet,success
2159,4531,828,20-09-2025,4013,Wallet,success
2168,1629,6402,22-11-2025,1998,Wallet,success
2183,10671,206,02-09-2025,416,Wallet,success
2193,8331,5761,17-01-2025,703,Wallet,success
2203,1662,1845,18-08-2025,178,Wallet,success
2241,10159,4413,28-05-2025,394,Wallet,success
2243,10259,5893,21-10-2025,4009,Wallet,success
2256,2418,2622,25-09-2025,1,Wallet,success
2261,2739,6008,22-04-2025,404,Wallet,success
2264,4491,1799,15-08-2025,196,Wallet,success
2266,7714,7123,16-11-2025,3996,Wallet,success
2279,10687,3937,24-03-2025,163,Wallet,success
2288,10037,1975,17-01-2026,4000,Wallet,success
2295,7931,5405,28-08-2025,7003,Wallet,success
2299,2869,7701,27-10-2025,2003,Wallet,success
2301,921,5089,03-05-2025,692,Wallet,success
2302,2571,2416,06-07-2025,666,Wallet,success
2303,8896,4568,29-10-2025,4003,Wallet,success
2311,7395,525,10-03-2025,11,Wallet,success
2314,7979,3713,21-01-2025,194,Wallet,success
2316,8122,5379,12-03-2025,214,Wallet,success
2320,8363,1769,18-05-2025,197,Wallet,success
2329,3869,3317,19-01-2025,4000,Wallet,success
2350,5049,6408,22-11-2025,389,Wallet,success
2352,4833,4994,08-11-2025,6996,Wallet,success
2356,6645,7093,23-10-2025,6,Wallet,success
2358,2449,3257,16-08-2025,6993,Wallet,success
2359,6700,5115,14-08-2025,689,Wallet,success
2373,285,6060,18-11-2025,1989,Wallet,success
2380,3620,7019,01-10-2025,193,Wallet,success
2381,9286,4030,12-01-2026,207,Wallet,success
2383,1343,6739,26-07-2025,1982,Wallet,success
2391,8723,5788,26-07-2025,4018,Wallet,success
2393,2627,452,27-01-2025,402,Wallet,success
2394,7115,4748,13-01-2025,7004,Wallet,success
2395,4708,1815,11-07-2025,402,Wallet,success
2398,5765,3617,10-01-2026,7009,Wallet,success
2399,7527,6824,18-03-2025,1,Wallet,success
2404,11100,7155,16-10-2025,199,Wallet,success
2405,11069,7441,13-03-2025,7005,Wallet,success
2415,5966,548,06-10-2025,177,Wallet,success
2421,3092,485,11-03-2025,10,Wallet,success
2427,682,587,31-05-2025,186,Wallet,success
2428,3611,5570,16-03-2025,6999,Wallet,success
2431,8570,1087,22-06-2025,7,Wallet,success
2446,7882,1152,12-06-2025,377,Wallet,success
2450,6146,3242,18-05-2025,158,Wallet,success
2456,2913,2418,17-01-2025,2008,Wallet,success
2469,10268,4474,11-06-2025,2006,Wallet,success
2477,9830,1905,27-01-2025,7,Wallet,success
2479,7015,5773,23-07-2025,6,Wallet,success
2482,10871,477,25-11-2025,8,Wallet,success
2484,10659,6443,16-01-2026,171,Wallet,success
2498,2645,5437,13-03-2025,14,Wallet,success
2505,7568,1471,11-12-2025,203,Wallet,success
2511,6295,4230,23-08-2025,2010,Wallet,success
2520,7361,7468,31-10-2025,1997,Wallet,success
2534,11178,2757,17-05-2025,9,Wallet,success
2547,10732,2967,04-05-2025,8,Wallet,success
2549,8626,7481,02-10-2025,17,Wallet,success
2551,9517,782,15-01-2025,210,Wallet,success
2555,11083,3046,06-04-2025,1986,Wallet,success
2565,3415,5414,18-10-2025,6965,Wallet,success
2571,6251,1747,08-10-2025,701,Wallet,success
2574,1825,1682,07-02-2025,693,Wallet,success
2575,3748,5741,17-12-2025,2,Wallet,success
2577,1378,6367,30-01-2025,186,Wallet,success
2584,38,6450,06-06-2025,7,Wallet,success
2591,5796,7527,23-02-2025,205,Wallet,success
2594,6505,306,02-01-2026,162,Wallet,success
2596,2127,3484,02-01-2026,202,Wallet,success
2597,6843,6467,20-09-2025,393,Wallet,success
2602,7899,4094,12-09-2025,179,Wallet,success
2608,1043,4952,30-10-2025,3998,Wallet,success
2615,11560,1820,06-12-2025,687,Wallet,success
2630,10099,4854,13-05-2025,211,Wallet,success
2636,6561,1991,10-09-2025,6993,Wallet,success
2641,10439,208,22-04-2025,2007,Wallet,success
2642,4385,4194,02-03-2025,1996,Wallet,success
2647,4782,4133,09-12-2025,195,Wallet,success
2649,6752,5004,04-08-2025,188,Wallet,success
2654,1549,84,16-10-2025,2005,Wallet,success
2657,8693,639,01-03-2025,3998,Wallet,success
2659,4909,5090,30-04-2025,693,Wallet,success
2662,2284,257,07-10-2025,4007,Wallet,success
2667,4929,3670,24-06-2025,194,Wallet,success
2678,5013,2703,05-09-2025,134,Wallet,success
2679,11487,7174,28-02-2025,1,Wallet,success
2682,7221,3385,12-09-2025,6,Wallet,success
2685,3385,641,24-12-2025,7010,Wallet,success
2688,11313,5067,16-05-2025,12,Wallet,success
2697,4739,5724,03-09-2025,151,Wallet,success
2703,5686,713,21-03-2025,387,Wallet,success
2707,3328,1704,22-09-2025,3997,Wallet,success
2718,957,2380,23-07-2025,187,Wallet,success
2722,1059,365,29-07-2025,3996,Wallet,success
2723,8266,6582,13-03-2025,9,Wallet,success
2725,1048,4735,30-06-2025,698,Wallet,success
2728,11199,7492,03-07-2025,3989,Wallet,success
2734,7894,377,09-02-2025,6987,Wallet,success
2740,9747,6877,27-04-2025,6994,Wallet,success
2749,36,1687,07-01-2026,8,Wallet,success
2753,4103,7739,04-06-2025,3993,Wallet,success
2759,10390,7863,18-08-2025,21,Wallet,success
2769,5384,6141,07-05-2025,19,Wallet,success
2774,52,3624,15-05-2025,697,Wallet,success
2776,4250,4495,10-11-2025,6,Wallet,success
2787,2013,5983,15-06-2025,397,Wallet,success
2788,2332,143,11-02-2025,189,Wallet,success
2793,789,7968,16-12-2025,152,Wallet,success
2794,10367,983,26-11-2025,1,Wallet,success
2806,11729,2338,12-02-2025,163,Wallet,success
2807,8894,2788,12-06-2025,1996,Wallet,success
2809,5422,5717,05-11-2025,700,Wallet,success
2815,6491,2048,11-10-2025,191,Wallet,success
2817,2660,6367,09-02-2025,200,Wallet,success
2819,2714,6392,12-08-2025,4,Wallet,success
2820,276,2230,10-11-2025,206,Wallet,success
2837,3382,7500,23-10-2025,693,Wallet,success
2846,4344,3075,22-11-2025,1995,Wallet,success
2849,8990,5094,01-01-2026,382,Wallet,success
2859,576,1748,20-08-2025,6996,Wallet,success
2860,2822,1138,12-06-2025,6981,Wallet,success
2868,10179,2572,11-08-2025,134,Wallet,success
2873,1933,7701,09-03-2025,203,Wallet,success
2894,7527,6824,06-10-2025,6,Wallet,success
2895,5825,5488,08-08-2025,688,Wallet,success
2919,2790,3146,23-11-2025,218,Wallet,success
2927,7311,2341,14-06-2025,205,Wallet,success
2930,410,492,01-06-2025,156,Wallet,success
2934,1086,4055,01-03-2025,3988,Wallet,success
2938,4910,7069,17-03-2025,203,Wallet,success
2949,3674,6699,05-03-2025,387,Wallet,success
2950,6668,2982,19-05-2025,703,Wallet,success
2955,6170,4811,30-12-2025,413,Wallet,success
2960,1094,4773,14-06-2025,701,Wallet,success
2961,4824,1146,12-03-2025,188,Wallet,success
2967,4660,7710,05-01-2025,191,Wallet,success
2969,10833,1136,18-04-2025,4012,Wallet,success
2980,8534,4124,13-02-2025,392,Wallet,success
2981,6989,5437,09-09-2025,196,Wallet,success
3001,11340,7074,23-02-2025,4007,Wallet,success
3005,3559,781,20-10-2025,399,Wallet,success
3009,5879,3709,16-06-2025,392,Wallet,success
3013,7491,3200,13-07-2025,15,Wallet,success
3023,4621,5048,10-11-2025,401,Wallet,success
3026,3436,2374,17-10-2025,137,Wallet,success
3027,939,437,17-10-2025,152,Wallet,success
3030,2649,767,04-04-2025,4,Wallet,success
3032,11426,709,16-12-2025,701,Wallet,success
3033,6950,1305,25-06-2025,7,Wallet,success
3037,2734,1570,18-11-2025,707,Wallet,success
3039,2188,2482,16-01-2025,189,Wallet,success
3046,6469,3361,15-01-2025,709,Wallet,success
3052,7744,3823,30-08-2025,404,Wallet,success
3077,5897,52,07-10-2025,143,Wallet,success
3081,11563,543,29-07-2025,400,Wallet,success
3083,1503,5268,12-01-2025,397,Wallet,success
3085,714,5587,03-03-2025,11,Wallet,success
3086,5101,4475,24-02-2025,9,Wallet,success
3088,4366,825,12-10-2025,195,Wallet,success
3103,5042,3818,14-10-2025,4004,Wallet,success
3105,9269,7024,02-01-2025,7019,Wallet,success
3118,7847,881,07-06-2025,164,Wallet,success
3120,6759,1299,25-05-2025,182,Wallet,success
3121,8239,1825,13-05-2025,701,Wallet,success
3128,7571,4557,24-09-2025,13,Wallet,success
3137,974,6650,31-01-2025,3,Wallet,success
3148,1665,7576,09-07-2025,196,Wallet,success
3149,3144,4237,30-11-2025,190,Wallet,success
3150,2545,7887,09-02-2025,2005,Wallet,success
3151,8056,7105,30-12-2025,212,Wallet,success
3161,4908,6157,21-11-2025,401,Wallet,success
3165,7631,2850,04-10-2025,382,Wallet,success
3167,11605,7382,10-02-2025,224,Wallet,success
3168,2362,1271,08-01-2025,6994,Wallet,success
3172,10361,4652,07-03-2025,1983,Wallet,success
3175,538,4994,29-06-2025,8,Wallet,success
3178,9395,3048,22-06-2025,213,Wallet,success
3180,6028,139,10-06-2025,402,Wallet,success
3184,8870,7516,15-07-2025,12,Wallet,success
3187,11723,7237,28-06-2025,387,Wallet,success
3188,6315,3429,02-01-2026,3991,Wallet,success
3196,1572,5076,24-11-2025,194,Wallet,success
3197,2599,4180,06-04-2025,396,Wallet,success
3201,2387,7739,03-01-2025,197,Wallet,success
3209,6365,5693,30-01-2025,396,Wallet,success
3216,8534,4124,31-12-2025,394,Wallet,success
3222,7601,1829,06-08-2025,393,Wallet,success
3223,3889,2848,17-11-2025,394,Wallet,success
3227,5435,5948,15-09-2025,2002,Wallet,success
3229,8003,2010,10-09-2025,389,Wallet,success
3235,3430,423,02-06-2025,6998,Wallet,success
3236,10778,4951,24-07-2025,1993,Wallet,success
3251,4388,1617,28-07-2025,690,Wallet,success
3256,11479,2785,24-10-2025,1996,Wallet,success
3257,4059,5603,19-08-2025,22,Wallet,success
3267,7953,6329,23-01-2025,685,Wallet,success
3276,9304,3778,24-12-2025,394,Wallet,success
3282,11870,5719,09-07-2025,141,Wallet,success
3283,1992,1138,27-06-2025,708,Wallet,success
3284,2003,4116,21-06-2025,139,Wallet,success
3285,1995,6766,28-02-2025,205,Wallet,success
3292,8089,5892,11-02-2025,1,Wallet,success
3296,7663,4128,06-07-2025,168,Wallet,success
3297,9583,4519,11-07-2025,2007,Wallet,success
3301,4829,586,24-10-2025,7004,Wallet,success
3307,1482,4440,17-02-2025,193,Wallet,success
3308,7743,6465,18-11-2025,3984,Wallet,success
3314,9714,389,07-03-2025,2013,Wallet,success
3319,6136,1601,30-12-2025,214,Wallet,success
3330,5297,684,03-11-2025,373,Wallet,success
3331,3756,7659,12-06-2025,203,Wallet,success
3338,2089,6926,17-01-2025,18,Wallet,success
3347,9638,1802,17-07-2025,2004,Wallet,success
3351,9678,5936,07-11-2025,143,Wallet,success
3352,11311,4048,09-05-2025,1,Wallet,success
3355,758,7719,03-01-2026,2004,Wallet,success
3376,4770,7005,04-10-2025,178,Wallet,success
3378,3013,3797,01-01-2025,697,Wallet,success
3381,1479,5778,07-12-2025,392,Wallet,success
3382,8834,408,31-12-2025,203,Wallet,success
3386,1843,4397,26-12-2025,4002,Wallet,success
3391,11366,3752,17-04-2025,4,Wallet,success
3399,3512,73,17-11-2025,7,Wallet,success
3408,2489,6162,12-11-2025,10,Wallet,success
3422,9093,3463,08-06-2025,6997,Wallet,success
3425,11300,1833,27-07-2025,3993,Wallet,success
3426,9121,2060,23-10-2025,188,Wallet,success
3435,10733,7864,06-05-2025,1991,Wallet,success
3438,4410,2027,14-07-2025,702,Wallet,success
3442,5135,339,29-04-2025,388,Wallet,success
3444,9439,4589,07-02-2025,401,Wallet,success
3447,7489,3702,11-07-2025,385,Wallet,success
3462,7081,2274,25-09-2025,1978,Wallet,success
3476,9460,2880,06-01-2025,149,Wallet,success
3482,2474,3335,18-11-2025,152,Wallet,success
3486,595,7228,18-05-2025,3999,Wallet,success
3489,5116,7650,14-05-2025,393,Wallet,success
3490,5595,3705,10-05-2025,693,Wallet,success
3496,10774,820,21-08-2025,203,Wallet,success
3497,1492,432,20-11-2025,186,Wallet,success
3499,1701,5728,15-11-2025,2013,Wallet,success
3510,6940,4303,01-05-2025,192,Wallet,success
3512,10206,3383,17-09-2025,3986,Wallet,success
3516,3891,1081,22-11-2025,211,Wallet,success
3517,6096,7691,23-05-2025,3992,Wallet,success
3534,9450,6656,04-07-2025,192,Wallet,success
3535,3777,6146,26-10-2025,226,Wallet,success
3546,1133,2973,22-04-2025,2019,Wallet,success
3547,7234,3665,02-02-2025,4001,Wallet,success
3548,9314,2872,05-01-2025,182,Wallet,success
3559,2550,6897,30-12-2025,4010,Wallet,success
3562,5791,6163,15-01-2026,6991,Wallet,success
3564,9297,6702,19-04-2025,206,Wallet,success
3571,733,4235,31-12-2025,195,Wallet,success
3572,6651,3420,03-01-2026,6986,Wallet,success
3577,3345,3706,29-05-2025,4003,Wallet,success
3579,1252,1957,14-06-2025,382,Wallet,success
3585,2298,996,21-04-2025,4,Wallet,success
3591,8712,1536,28-09-2025,3989,Wallet,success
3606,8369,5794,30-01-2025,140,Wallet,success
3613,6408,4743,28-11-2025,2011,Wallet,success
3616,7282,2564,16-08-2025,699,Wallet,success
3623,3513,4974,13-02-2025,202,Wallet,success
3644,10349,658,02-11-2025,1982,Wallet,success
3655,5016,430,13-07-2025,1983,Wallet,success
3661,3578,2355,21-09-2025,403,Wallet,success
3662,6304,5651,19-03-2025,401,Wallet,success
3663,9345,2199,14-05-2025,7002,Wallet,success
3669,10614,544,28-03-2025,4017,Wallet,success
3678,10786,7502,26-05-2025,158,Wallet,success
3679,11229,2957,25-02-2025,194,Wallet,success
3685,10088,5624,29-06-2025,408,Wallet,success
3687,7139,1288,16-06-2025,18,Wallet,success
3689,9376,5387,30-06-2025,697,Wallet,success
3691,5093,2618,08-03-2025,2008,Wallet,success
3703,1224,7803,08-06-2025,7003,Wallet,success
3705,9437,5934,18-12-2025,7000,Wallet,success
3713,7437,1006,09-01-2026,209,Wallet,success
3723,7687,4586,14-10-2025,2,Wallet,success
3726,6549,7074,04-04-2025,3996,Wallet,success
3727,10935,580,12-06-2025,206,Wallet,success
3732,11026,1585,24-12-2025,418,Wallet,success
3735,9702,4189,06-10-2025,7001,Wallet,success
3738,3317,2922,26-02-2025,194,Wallet,success
3748,4933,5163,17-04-2025,11,Wallet,success
3750,5597,7895,04-01-2026,398,Wallet,success
3756,5866,736,28-04-2025,700,Wallet,success
3762,9440,6793,16-05-2025,1999,Wallet,success
3774,7990,4983,19-02-2025,408,Wallet,success
3776,968,7780,19-09-2025,191,Wallet,success
3802,6995,3091,20-09-2025,709,Wallet,success
3803,4320,7934,05-01-2025,2002,Wallet,success
3806,7956,5690,30-08-2025,205,Wallet,success
3807,380,4814,24-02-2025,710,Wallet,success
3812,6272,3243,20-01-2025,221,Wallet,success
3814,3319,5001,08-06-2025,11,Wallet,success
3818,5909,346,10-02-2025,5,Wallet,success
3819,279,981,27-09-2025,697,Wallet,success
3820,2865,1274,26-08-2025,4007,Wallet,success
3832,8875,6586,11-12-2025,401,Wallet,success
3840,1772,3420,29-04-2025,416,Wallet,success
3841,11931,7693,27-02-2025,410,Wallet,success
3842,5261,7002,16-06-2025,3994,Wallet,success
3855,1622,1876,13-06-2025,399,Wallet,success
3859,11401,4044,28-10-2025,394,Wallet,success
3860,4384,572,23-10-2025,4008,Wallet,success
3862,7860,5102,10-02-2025,694,Wallet,success
3870,4048,6680,11-04-2025,7004,Wallet,success
3874,9826,4556,09-09-2025,11,Wallet,success
3879,1031,5598,27-04-2025,194,Wallet,success
3883,7579,2050,24-11-2025,157,Wallet,success
3901,6467,212,05-06-2025,13,Wallet,success
3909,4234,3852,15-08-2025,2002,Wallet,success
3910,8052,777,15-01-2025,700,Wallet,success
3913,9436,6380,23-08-2025,7008,Wallet,success
3916,4683,2037,21-03-2025,411,Wallet,success
3930,11148,1583,20-08-2025,9,Wallet,success
3935,9214,6771,18-02-2025,195,Wallet,success
3939,8383,1215,24-11-2025,190,Wallet,success
3941,10237,5025,17-01-2026,185,Wallet,success
3944,8744,6016,11-11-2025,696,Wallet,success
3945,7537,3421,23-09-2025,396,Wallet,success
3946,6597,3518,03-12-2025,22,Wallet,success
3947,4157,7437,26-08-2025,8,Wallet,success
3950,247,5068,28-04-2025,4001,Wallet,success
3953,9725,2025,15-04-2025,220,Wallet,success
3958,43,4973,10-07-2025,396,Wallet,success
3959,8526,1801,23-06-2025,3988,Wallet,success
3960,9280,5329,01-03-2025,404,Wallet,success
3962,8031,1339,19-02-2025,4021,Wallet,success
3964,11701,7957,05-09-2025,191,Wallet,success
3984,7273,6451,28-01-2025,7028,Wallet,success
3986,2045,1675,11-06-2025,712,Wallet,success
3988,8542,5792,15-03-2025,400,Wallet,success
3990,3308,4585,25-07-2025,3991,Wallet,success
4001,11909,5656,01-01-2026,200,Wallet,success
4014,8439,2944,22-11-2025,701,Wallet,success
4022,7165,2781,21-07-2025,7,Wallet,success
4026,3148,198,10-02-2025,369,Wallet,success
4027,1649,135,14-09-2025,390,Wallet,success
4041,11492,2261,20-05-2025,14,Wallet,success
4042,9964,6583,15-11-2025,167,Wallet,success
4051,9069,1788,23-03-2025,1991,Wallet,success
4059,4242,5407,05-01-2026,402,Wallet,success
4068,8680,1746,23-06-2025,7,Wallet,success
4080,1098,1711,28-06-2025,4004,Wallet,success
4081,4521,2820,26-10-2025,3987,Wallet,success
4082,1285,4703,27-11-2025,160,Wallet,success
4084,197,5704,12-09-2025,3975,Wallet,success
4088,1606,2933,14-09-2025,400,Wallet,success
4093,4510,5983,24-05-2025,689,Wallet,success
4102,11973,3891,05-02-2025,4008,Wallet,success
4103,3665,5191,25-12-2025,708,Wallet,success
4105,9102,72,21-01-2025,199,Wallet,success
4116,5545,4729,24-05-2025,691,Wallet,success
4123,9049,1142,12-07-2025,2009,Wallet,success
4128,4482,2885,22-12-2025,170,Wallet,success
4131,7048,3643,15-04-2025,11,Wallet,success
4133,9609,4626,19-11-2025,392,Wallet,success
4140,11793,7676,29-08-2025,13,Wallet,success
4145,5557,468,30-06-2025,156,Wallet,success
4146,6464,7185,29-09-2025,9,Wallet,success
4149,9605,7704,10-02-2025,223,Wallet,success
4151,8819,4433,30-09-2025,163,Wallet,success
4161,8301,1656,05-05-2025,192,Wallet,success
4168,3480,5113,21-10-2025,418,Wallet,success
4173,5621,3812,10-07-2025,210,Wallet,success
4179,11255,3154,29-12-2025,4,Wallet,success
4181,5593,3735,17-01-2025,1985,Wallet,success
4187,11329,3943,05-04-2025,7,Wallet,success
4188,8898,4481,07-04-2025,2011,Wallet,success
4193,1303,3348,26-04-2025,701,Wallet,success
4197,6269,1526,09-11-2025,701,Wallet,success
4200,7958,6927,08-10-2025,398,Wallet,success
4203,11669,4,08-05-2025,404,Wallet,success
4204,6403,4543,20-02-2025,199,Wallet,success
4206,4695,6475,19-06-2025,189,Wallet,success
4216,1546,1540,30-05-2025,201,Wallet,success
4218,2036,5128,10-03-2025,189,Wallet,success
4220,534,7930,22-12-2025,4014,Wallet,success
4221,10721,4188,09-07-2025,1,Wallet,success
4223,98,5274,12-01-2025,193,Wallet,success
4230,5271,5724,19-02-2025,413,Wallet,success
4236,5398,692,08-11-2025,706,Wallet,success
4238,1865,6488,15-01-2025,217,Wallet,success
4253,4221,5758,14-02-2025,403,Wallet,success
4255,2607,3075,25-04-2025,192,Wallet,success
4257,5208,2061,06-01-2025,398,Wallet,success
4260,5513,957,01-04-2025,707,Wallet,success
4264,6087,2237,14-01-2026,695,Wallet,success
4268,424,1918,05-10-2025,6,Wallet,success
4280,3750,4788,11-11-2025,2017,Wallet,success
4286,7983,2318,24-07-2025,416,Wallet,success
4290,7543,4663,22-03-2025,382,Wallet,success
4292,11165,542,26-08-2025,3993,Wallet,success
4295,9500,2194,26-04-2025,3983,Wallet,success
4303,7515,6775,12-01-2025,207,Wallet,success
4306,11089,1960,13-07-2025,1991,Wallet,success
4307,6296,407,26-11-2025,415,Wallet,success
4314,1101,6418,02-03-2025,3996,Wallet,success
4315,2920,7120,25-01-2025,192,Wallet,success
4324,11483,703,11-03-2025,1996,Wallet,success
4327,1141,5121,26-06-2025,202,Wallet,success
4329,11145,4192,01-08-2025,1984,Wallet,success
4330,3782,4853,18-12-2025,7,Wallet,success
4335,1724,3507,08-11-2025,140,Wallet,success
4336,2877,1825,11-09-2025,394,Wallet,success
4352,1934,819,20-04-2025,2,Wallet,success
4364,8013,3893,10-07-2025,144,Wallet,success
4367,11003,4840,25-03-2025,197,Wallet,success
4368,7726,278,22-12-2025,703,Wallet,success
4372,10615,1576,15-11-2025,16,Wallet,success
4378,8002,7178,15-03-2025,3975,Wallet,success
4379,9401,3588,13-10-2025,195,Wallet,success
4381,4356,2307,17-11-2025,688,Wallet,success
4390,6782,5727,24-06-2025,211,Wallet,success
4415,11158,7572,03-12-2025,407,Wallet,success
4418,6151,2304,19-08-2025,207,Wallet,success
4425,1958,1896,08-01-2026,198,Wallet,success
4427,9147,6666,19-10-2025,399,Wallet,success
4436,1855,7862,25-04-2025,687,Wallet,success
4444,11817,6012,02-02-2025,403,Wallet,success
4445,8326,936,13-08-2025,414,Wallet,success
4447,10175,394,26-10-2025,18,Wallet,success
4458,8604,7971,11-08-2025,404,Wallet,success
4466,6569,4659,21-09-2025,3983,Wallet,success
4469,2241,90,20-02-2025,216,Wallet,success
4483,273,1070,15-02-2025,6990,Wallet,success
4485,1455,5760,27-08-2025,12,Wallet,success
4508,1395,1056,10-03-2025,201,Wallet,success
4509,10478,6228,13-04-2025,394,Wallet,success
4519,564,6186,27-01-2025,200,Wallet,success
4520,7831,2559,07-04-2025,1992,Wallet,success
4521,9312,5488,08-10-2025,200,Wallet,success
4525,5066,3009,21-08-2025,390,Wallet,success
4526,1582,3940,22-12-2025,143,Wallet,success
4527,4127,3132,08-09-2025,415,Wallet,success
4529,5755,2819,05-09-2025,196,Wallet,success
4532,1741,510,10-02-2025,199,Wallet,success
4537,8366,391,28-04-2025,11,Wallet,success
4553,8681,4075,30-09-2025,135,Wallet,success
4557,10094,3973,23-07-2025,3988,Wallet,success
4569,8712,1536,03-11-2025,4008,Wallet,success
4570,11168,937,19-05-2025,143,Wallet,success
4573,4075,4604,06-08-2025,3988,Wallet,success
4576,1298,1561,02-01-2025,3980,Wallet,success
4577,398,6894,29-03-2025,188,Wallet,success
4587,2348,4789,18-05-2025,7000,Wallet,success
4590,8638,7428,17-04-2025,4,Wallet,success
4599,9581,3306,29-04-2025,200,Wallet,success
4605,6143,5402,20-09-2025,4002,Wallet,success
4611,1031,5598,01-06-2025,206,Wallet,success
4612,8486,3485,06-02-2025,399,Wallet,success
4616,10538,6199,10-03-2025,687,Wallet,success
4624,5741,3330,22-02-2025,210,Wallet,success
4626,7644,6223,26-01-2025,153,Wallet,success
4631,2313,3987,02-03-2025,203,Wallet,success
4654,7362,4932,01-04-2025,7000,Wallet,success
4660,7385,1587,26-12-2025,191,Wallet,success
4670,11756,4359,20-01-2025,1,Wallet,success
4672,4037,2854,18-12-2025,6986,Wallet,success
4673,11387,728,19-09-2025,192,Wallet,success
4680,1510,2859,27-01-2025,377,Wallet,success
4688,4098,211,06-10-2025,212,Wallet,success
4696,2953,5249,13-03-2025,209,Wallet,success
4697,2424,2206,27-01-2025,191,Wallet,success
4714,3441,5389,16-06-2025,689,Wallet,success
4716,7712,2610,01-11-2025,396,Wallet,success
4722,5448,5878,12-07-2025,4000,Wallet,success
4723,77,5011,17-06-2025,208,Wallet,success
4734,7972,2275,06-01-2026,4005,Wallet,success
4735,2200,4334,03-01-2026,7021,Wallet,success
4740,728,7194,26-11-2025,2006,Wallet,success
4741,4017,3803,11-02-2025,405,Wallet,success
4744,1543,5359,05-04-2025,197,Wallet,success
4745,7869,7627,09-11-2025,6977,Wallet,success
4746,5954,5346,19-07-2025,1993,Wallet,success
4754,4671,1535,07-03-2025,191,Wallet,success
4764,4563,2039,19-08-2025,152,Wallet,success
4768,11973,3891,26-05-2025,3993,Wallet,success
4792,11708,6691,13-04-2025,197,Wallet,success
4805,2597,374,25-03-2025,205,Wallet,success
4809,6061,6309,16-04-2025,195,Wallet,success
4813,10081,3172,09-01-2025,152,Wallet,success
4814,438,1316,05-01-2026,14,Wallet,success
4817,6279,621,11-12-2025,383,Wallet,success
4819,8664,4416,22-10-2025,4001,Wallet,success
4824,9230,1500,11-05-2025,6997,Wallet,success
4825,3777,6146,04-10-2025,175,Wallet,success
4830,3585,7151,07-04-2025,7,Wallet,success
4832,2126,7875,15-10-2025,196,Wallet,success
4833,11192,4687,02-03-2025,1997,Wallet,success
4835,5398,692,18-05-2025,670,Wallet,success
4836,10866,2534,12-12-2025,197,Wallet,success
4837,9911,5387,15-09-2025,2,Wallet,success
4840,3419,1388,10-04-2025,7007,Wallet,success
4841,8906,7973,13-08-2025,417,Wallet,success
4843,8062,6381,05-07-2025,702,Wallet,success
4844,616,1271,04-05-2025,4,Wallet,success
4846,8540,150,11-05-2025,129,Wallet,success
4861,11170,6139,22-10-2025,196,Wallet,success
4862,8326,936,04-03-2025,399,Wallet,success
4863,11741,7503,14-03-2025,3992,Wallet,success
4868,9597,7252,16-01-2025,5,Wallet,success
4882,8446,428,11-01-2026,10,Wallet,success
4884,10617,5332,21-04-2025,401,Wallet,success
4892,9923,342,27-12-2025,8,Wallet,success
4894,11100,7155,01-06-2025,191,Wallet,success
4897,1736,478,15-11-2025,4000,Wallet,success
4913,1504,1943,17-05-2025,1992,Wallet,success
4915,6611,1547,19-12-2025,202,Wallet,success
4916,9454,1064,06-01-2025,3,Wallet,success
4921,1905,6044,29-08-2025,11,Wallet,success
4933,11841,104,15-11-2025,197,Wallet,success
4935,2586,4321,16-04-2025,174,Wallet,success
4938,1543,5359,05-01-2025,202,Wallet,success
4944,9914,6192,20-07-2025,193,Wallet,success
4945,8123,5736,13-08-2025,142,Wallet,success
4949,8417,5342,06-06-2025,694,Wallet,success
4955,5873,6558,19-10-2025,208,Wallet,success
4962,9307,7394,24-10-2025,397,Wallet,success
4965,2809,3702,04-03-2025,2003,Wallet,success
4971,830,1765,11-07-2025,1990,Wallet,success
4972,7158,4153,03-06-2025,4012,Wallet,success
4983,10900,3613,07-03-2025,3996,Wallet,success
4984,10119,3811,15-10-2025,6993,Wallet,success
4987,8801,3013,14-04-2025,17,Wallet,success
4990,6698,4252,08-02-2025,685,Wallet,success
4992,272,5333,28-12-2025,196,Wallet,success
5004,9398,331,28-10-2025,170,Wallet,success
5006,2479,3007,12-12-2025,1,Wallet,success
5007,1813,3609,04-07-2025,2013,Wallet,success
5015,10779,48,16-05-2025,15,Wallet,success
5031,7364,7928,23-08-2025,682,Wallet,success
5033,8139,6032,16-09-2025,691,Wallet,success
5034,7587,2996,04-08-2025,6987,Wallet,success
5051,8521,1220,18-01-2026,7,Wallet,success
5063,10563,1513,27-02-2025,3990,Wallet,success
5068,11151,1324,03-02-2025,196,Wallet,success
5073,8832,225,13-10-2025,6995,Wallet,success
5081,2177,5975,27-08-2025,3996,Wallet,success
5085,6236,2979,06-08-2025,158,Wallet,success
5086,7158,4153,16-02-2025,3986,Wallet,success
5089,4,2777,25-08-2025,4001,Wallet,success
5092,5535,478,29-06-2025,6999,Wallet,success
5101,8265,5820,13-11-2025,158,Wallet,success
5105,5767,6724,28-07-2025,3995,Wallet,success
5112,885,5711,07-07-2025,196,Wallet,success
5115,11748,4324,24-07-2025,18,Wallet,success
5122,3254,1903,04-05-2025,704,Wallet,success
5137,9734,3262,19-06-2025,197,Wallet,success
5141,11804,6310,20-08-2025,182,Wallet,success
5148,7802,5021,13-01-2026,193,Wallet,success
5157,1020,4829,17-06-2025,197,Wallet,success
5158,5278,6073,20-09-2025,682,Wallet,success
5163,1368,1611,29-11-2025,193,Wallet,success
5164,10613,4601,01-02-2025,156,Wallet,success
5165,5798,4977,13-01-2026,417,Wallet,success
5168,5456,4053,09-02-2025,702,Wallet,success
5169,408,6241,23-02-2025,689,Wallet,success
5174,10764,1150,09-05-2025,396,Wallet,success
5176,10481,7626,28-08-2025,1998,Wallet,success
5187,8553,1858,08-06-2025,394,Wallet,success
5194,7910,943,03-09-2025,204,Wallet,success
5205,672,6086,30-10-2025,1986,Wallet,success
5206,2243,5106,15-07-2025,2000,Wallet,success
5207,2718,6118,12-01-2026,3981,Wallet,success
5209,9072,7070,28-08-2025,1991,Wallet,success
5221,5865,2846,08-04-2025,160,Wallet,success
5223,5946,4899,29-01-2025,203,Wallet,success
5225,3543,4455,17-12-2025,213,Wallet,success
5226,2609,817,17-08-2025,207,Wallet,success
5232,10786,7502,15-12-2025,148,Wallet,success
5236,973,5308,31-10-2025,143,Wallet,success
5246,1703,2052,23-08-2025,388,Wallet,success
5252,2500,2560,19-06-2025,417,Wallet,success
5255,8308,1920,01-11-2025,7,Wallet,success
5261,6773,7191,14-02-2025,201,Wallet,success
5267,10846,7339,03-12-2025,206,Wallet,success
5283,98,5274,30-01-2025,192,Wallet,success
5285,7352,7295,23-11-2025,2009,Wallet,success
5288,2020,5829,04-03-2025,707,Wallet,success
5298,6247,1825,23-12-2025,685,Wallet,success
5304,9462,3471,27-10-2025,4007,Wallet,success
5305,10730,7867,08-11-2025,204,Wallet,success
5308,2593,4922,09-09-2025,204,Wallet,success
5313,3171,7480,27-09-2025,159,Wallet,success
5314,7785,5016,27-01-2025,185,Wallet,success
5318,11102,790,27-11-2025,218,Wallet,success
5327,1052,5611,10-04-2025,401,Wallet,success
5331,7678,5835,01-11-2025,8,Wallet,success
5340,119,4736,15-08-2025,200,Wallet,success
5341,8479,1850,16-04-2025,698,Wallet,success
5345,3987,6373,07-06-2025,705,Wallet,success
5355,8364,3228,02-04-2025,695,Wallet,success
5366,348,7462,15-08-2025,197,Wallet,success
5368,10569,2022,10-01-2026,389,Wallet,success
5372,8298,5210,31-10-2025,193,Wallet,success
5380,9415,2726,09-05-2025,198,Wallet,success
5383,4365,4938,06-01-2025,198,Wallet,success
5399,11713,4883,18-02-2025,402,Wallet,success
5414,10120,5467,03-11-2025,7004,Wallet,success
5416,11356,3270,19-11-2025,4005,Wallet,success
5424,7942,3843,25-03-2025,197,Wallet,success
5430,5070,5220,22-05-2025,3994,Wallet,success
5433,4427,7910,14-09-2025,196,Wallet,success
5440,8645,4354,07-01-2026,407,Wallet,success
5441,11452,4789,22-06-2025,700,Wallet,success
5442,8731,1398,06-05-2025,193,Wallet,success
5443,2084,2177,23-06-2025,402,Wallet,success
5444,3815,1121,18-01-2026,202,Wallet,success
5447,1774,5788,16-12-2025,137,Wallet,success
5452,3849,6014,14-01-2026,193,Wallet,success
5453,5133,3574,15-11-2025,408,Wallet,success
5456,1618,4044,09-01-2025,2001,Wallet,success
5459,2283,53,17-01-2026,196,Wallet,success
5463,4420,7904,21-06-2025,717,Wallet,success
5466,11396,3945,07-04-2025,203,Wallet,success
5473,9277,4295,10-03-2025,394,Wallet,success
5474,1628,4484,27-03-2025,197,Wallet,success
5485,4507,5910,28-03-2025,215,Wallet,success
5486,2227,6635,10-02-2025,2014,Wallet,success
5493,1417,6943,28-05-2025,6,Wallet,success
5499,1125,1721,09-03-2025,398,Wallet,success
5501,6345,1495,17-02-2025,4006,Wallet,success
5504,10415,5773,28-12-2025,398,Wallet,success
5506,6890,3367,12-05-2025,397,Wallet,success
5508,2790,3146,16-03-2025,200,Wallet,success
5510,6016,5290,23-02-2025,705,Wallet,success
5516,8095,4684,14-04-2025,388,Wallet,success
5517,6590,1100,27-12-2025,1984,Wallet,success
5520,9510,6659,28-06-2025,187,Wallet,success
5521,4304,4839,14-07-2025,712,Wallet,success
5528,7964,1263,25-09-2025,15,Wallet,success
5535,5102,830,19-03-2025,12,Wallet,success
5543,2200,4334,10-01-2025,7003,Wallet,success
5566,7065,7548,29-12-2025,2007,Wallet,success
5572,3728,4097,06-06-2025,8,Wallet,success
5579,8994,2677,25-11-2025,395,Wallet,success
5584,1212,5957,15-01-2026,4,Wallet,success
5593,9801,102,27-07-2025,1998,Wallet,success
5597,11782,83,12-11-2025,4,Wallet,success
5611,7387,4768,12-04-2025,703,Wallet,success
5612,3700,3987,12-01-2025,204,Wallet,success
5614,10046,295,08-01-2026,385,Wallet,success
5623,11629,3640,30-09-2025,690,Wallet,success
5625,3916,7923,19-10-2025,401,Wallet,success
5626,9331,4005,27-08-2025,681,Wallet,success
5633,1754,3009,30-07-2025,702,Wallet,success
5636,4346,7930,24-11-2025,1992,Wallet,success
5637,9838,1309,16-11-2025,202,Wallet,success
5639,6669,3151,16-05-2025,2009,Wallet,success
5640,2771,2907,16-01-2025,7001,Wallet,success
5642,328,3634,14-07-2025,687,Wallet,success
5646,8588,3077,09-02-2025,3995,Wallet,success
5648,3440,1870,06-01-2025,696,Wallet,success
5649,2930,3953,13-02-2025,414,Wallet,success
5651,3457,1389,30-09-2025,2013,Wallet,success
5655,10647,404,30-03-2025,191,Wallet,success
5658,160,2171,24-10-2025,18,Wallet,success
5661,6964,754,20-11-2025,399,Wallet,success
5668,6089,6288,05-10-2025,715,Wallet,success
5671,11173,2133,01-01-2025,2004,Wallet,success
5675,9572,3033,24-02-2025,203,Wallet,success
5677,248,6815,01-07-2025,205,Wallet,success
5681,5160,5832,03-09-2025,9,Wallet,success
5685,9258,1094,16-11-2025,158,Wallet,success
5693,2343,3561,30-06-2025,383,Wallet,success
5699,911,6479,14-05-2025,4013,Wallet,success
5702,9940,639,14-03-2025,3,Wallet,success
5705,3541,2609,20-04-2025,701,Wallet,success
5728,1486,4617,10-10-2025,151,Wallet,success
5729,1692,1065,01-01-2026,182,Wallet,success
5733,11158,7572,25-05-2025,410,Wallet,success
5747,413,310,09-10-2025,389,Wallet,success
5749,9469,7576,13-06-2025,2012,Wallet,success
5753,1534,2784,17-12-2025,6996,Wallet,success
5757,9928,6771,24-02-2025,4,Wallet,success
5761,429,5687,26-08-2025,692,Wallet,success
5766,150,5301,05-03-2025,12,Wallet,success
5768,9153,6699,23-03-2025,1997,Wallet,success
5772,9316,7488,12-01-2025,4,Wallet,success
5775,780,6590,09-01-2025,6,Wallet,success
5789,3704,1426,20-01-2025,415,Wallet,success
5798,10528,5471,17-07-2025,4,Wallet,success
5800,2163,5909,22-11-2025,391,Wallet,success
5802,4009,7400,29-08-2025,1999,Wallet,success
5804,5,6896,06-07-2025,191,Wallet,success
5806,11672,1739,19-07-2025,692,Wallet,success
5813,1398,7678,21-08-2025,407,Wallet,success
5818,7204,5240,21-02-2025,1,Wallet,success
5825,9572,3033,22-03-2025,168,Wallet,success
5828,11899,1077,17-11-2025,204,Wallet,success
5834,3988,438,16-01-2026,169,Wallet,success
5840,6348,5722,29-12-2025,709,Wallet,success
5841,90,1148,23-03-2025,188,Wallet,success
5843,8434,1279,02-12-2025,690,Wallet,success
5844,4549,7656,18-12-2025,1990,Wallet,success
5849,464,5016,28-01-2025,7,Wallet,success
5862,7579,2050,17-08-2025,159,Wallet,success
5866,11395,5908,19-12-2025,208,Wallet,success
5873,7678,5835,18-12-2025,9,Wallet,success
5879,3458,106,23-10-2025,4005,Wallet,success
5891,6692,1817,19-10-2025,7008,Wallet,success
5892,11249,6495,23-04-2025,4006,Wallet,success
5893,8030,1391,07-11-2025,703,Wallet,success
5896,6353,1927,12-01-2026,204,Wallet,success
5900,3747,775,14-02-2025,8,Wallet,success
5911,4704,6509,11-12-2025,373,Wallet,success
5915,11694,6504,20-07-2025,156,Wallet,success
5920,544,1443,29-05-2025,202,Wallet,success
5924,9022,817,18-01-2025,2000,Wallet,success
5926,5420,6188,03-04-2025,203,Wallet,success
5933,10056,3869,28-06-2025,686,Wallet,success
5936,8732,6145,17-03-2025,388,Wallet,success
5940,275,1094,29-01-2025,6,Wallet,success
5945,10029,7977,16-01-2026,405,Wallet,success
5948,7531,1148,05-02-2025,392,Wallet,success
5950,145,4397,09-03-2025,690,Wallet,success
5953,8866,1329,23-12-2025,193,Wallet,success
5955,8227,323,02-03-2025,212,Wallet,success
5966,3278,6767,11-08-2025,195,Wallet,success
5969,4210,5794,07-02-2025,148,Wallet,success
5971,8451,5583,11-01-2026,402,Wallet,success
5972,3493,1947,09-11-2025,183,Wallet,success
5973,1322,4351,30-05-2025,2007,Wallet,success
5976,10896,4274,14-09-2025,183,Wallet,success
5981,9563,6108,04-08-2025,21,Wallet,success
5982,8216,6392,26-12-2025,4,Wallet,success
5988,4306,2092,18-12-2025,197,Wallet,success
5996,11508,2578,08-02-2025,394,Wallet,success
5997,9686,1925,12-11-2025,685,Wallet,success
6002,9260,5655,12-04-2025,1997,Wallet,success
6016,11355,6196,29-03-2025,2008,Wallet,success
6024,10507,826,05-07-2025,6989,Wallet,success
6026,10222,1877,16-01-2026,709,Wallet,success
6027,942,594,09-08-2025,185,Wallet,success
6029,11841,104,25-08-2025,201,Wallet,success
6031,7317,7933,30-06-2025,706,Wallet,success
6040,10115,2940,07-08-2025,389,Wallet,success
6054,9784,1721,11-01-2026,2014,Wallet,success
6056,11140,4004,28-07-2025,698,Wallet,success
6061,11585,4186,06-04-2025,2005,Wallet,success
6067,2465,4632,05-05-2025,1998,Wallet,success
6070,4606,2557,28-08-2025,4000,Wallet,success
6073,11727,2712,26-09-2025,1992,Wallet,success
6074,4819,7623,09-08-2025,3,Wallet,success
6079,9561,4197,18-01-2025,1984,Wallet,success
6089,10828,6187,04-12-2025,704,Wallet,success
6095,2114,7382,10-12-2025,194,Wallet,success
6109,1733,5829,24-01-2025,7010,Wallet,success
6110,5479,6636,21-11-2025,4,Wallet,success
6115,857,6544,18-01-2025,2012,Wallet,success
6122,2536,5222,06-12-2025,4006,Wallet,success
6123,11811,7205,30-01-2025,193,Wallet,success
6126,932,4435,05-03-2025,202,Wallet,success
6131,80,592,30-04-2025,193,Wallet,success
6133,3227,7246,31-07-2025,1992,Wallet,success
6138,7686,7544,12-02-2025,207,Wallet,success
6139,745,1925,29-03-2025,203,Wallet,success
6148,761,4856,15-01-2026,401,Wallet,success
6150,1427,6251,03-05-2025,422,Wallet,success
6151,3835,4008,07-11-2025,4004,Wallet,success
6154,2701,1799,01-06-2025,392,Wallet,success
6164,5035,1391,24-12-2025,3988,Wallet,success
6166,7453,4018,29-05-2025,2016,Wallet,success
6167,4017,3803,08-01-2025,406,Wallet,success
6173,7661,5940,10-01-2025,188,Wallet,success
6174,7316,5429,02-11-2025,23,Wallet,success
6183,3172,6474,28-08-2025,3995,Wallet,success
6189,8008,5167,28-06-2025,1990,Wallet,success
6193,402,7889,06-05-2025,192,Wallet,success
6202,1119,4,29-01-2025,201,Wallet,success
6210,11578,6032,23-05-2025,1986,Wallet,success
6211,6113,5198,20-05-2025,3986,Wallet,success
6220,4228,4693,12-01-2026,197,Wallet,success
6221,9670,2043,07-07-2025,197,Wallet,success
6226,5395,4516,28-11-2025,407,Wallet,success
6237,1127,2097,07-11-2025,394,Wallet,success
6243,9168,4495,06-07-2025,194,Wallet,success
6255,8886,668,26-12-2025,417,Wallet,success
6257,2500,2560,29-10-2025,414,Wallet,success
6258,1722,2398,29-12-2025,6,Wallet,success
6274,11517,7763,21-04-2025,1994,Wallet,success
6278,8236,1974,14-07-2025,183,Wallet,success
6282,5626,4728,11-07-2025,2010,Wallet,success
6292,5276,4945,17-11-2025,201,Wallet,success
6293,9004,6121,30-07-2025,7007,Wallet,success
6301,8526,1801,23-08-2025,3995,Wallet,success
6304,2906,5441,28-06-2025,6994,Wallet,success
6305,5045,6829,05-02-2025,178,Wallet,success
6321,5245,156,10-08-2025,4005,Wallet,success
6324,6771,209,11-06-2025,1988,Wallet,success
6329,5981,1427,06-10-2025,200,Wallet,success
6331,7986,4931,23-08-2025,3986,Wallet,success
6351,1762,5933,21-07-2025,25,Wallet,success
6364,9507,3294,08-01-2026,14,Wallet,success
6383,2885,4442,19-02-2025,2003,Wallet,success
6384,9301,7507,21-09-2025,2019,Wallet,success
6385,1741,510,30-10-2025,180,Wallet,success
6390,3468,1063,11-09-2025,194,Wallet,success
6396,11605,7382,12-01-2026,191,Wallet,success
6400,2295,2125,15-07-2025,401,Wallet,success
6414,10665,7063,15-12-2025,197,Wallet,success
6422,6857,4051,16-06-2025,381,Wallet,success
6431,5526,530,28-09-2025,146,Wallet,success
6442,6370,7904,29-11-2025,7004,Wallet,success
6443,2226,479,13-11-2025,1986,Wallet,success
6447,3276,1584,06-02-2025,199,Wallet,success
6449,9292,3719,18-11-2025,2004,Wallet,success
6452,11414,1208,18-05-2025,3,Wallet,success
6456,7267,6320,20-03-2025,399,Wallet,success
6459,4899,1637,13-12-2025,4013,Wallet,success
6464,1387,3682,22-10-2025,194,Wallet,success
6467,9354,1577,30-11-2025,145,Wallet,success
6488,538,4994,26-09-2025,12,Wallet,success
6490,1378,6367,07-12-2025,198,Wallet,success
6491,10986,6074,11-01-2026,8,Wallet,success
6497,7182,7582,19-08-2025,193,Wallet,success
6500,8834,408,25-05-2025,204,Wallet,success
6501,1562,2812,17-09-2025,1995,Wallet,success
6505,9432,7301,01-12-2025,385,Wallet,success
6515,3984,1865,30-05-2025,183,Wallet,success
6519,5876,2611,21-07-2025,181,Wallet,success
6522,7469,1871,15-09-2025,6,Wallet,success
6535,4861,7020,02-03-2025,14,Wallet,success
6544,80,592,24-11-2025,212,Wallet,success
6569,3196,2646,16-02-2025,194,Wallet,success
6580,10681,6540,20-12-2025,698,Wallet,success
6582,4980,6774,17-11-2025,9,Wallet,success
6586,7791,5890,18-07-2025,8,Wallet,success
6596,813,3746,09-11-2025,196,Wallet,success
6597,8594,4853,06-05-2025,2017,Wallet,success
6605,3610,3508,08-02-2025,181,Wallet,success
6617,4349,4901,13-04-2025,2000,Wallet,success
6620,2905,2239,07-09-2025,7,Wallet,success
6622,215,7069,10-10-2025,396,Wallet,success
6625,9795,5084,24-01-2025,15,Wallet,success
6629,7894,377,18-08-2025,7002,Wallet,success
6630,3364,4153,11-12-2025,4010,Wallet,success
6641,9032,2203,08-01-2025,387,Wallet,success
6653,4937,6887,21-03-2025,210,Wallet,success
6663,1447,7679,02-09-2025,395,Wallet,success
6666,7294,2780,22-03-2025,2004,Wallet,success
6667,9332,6137,03-07-2025,701,Wallet,success
6669,7470,3719,14-04-2025,10,Wallet,success
6671,8680,1746,29-03-2025,21,Wallet,success
6677,9313,2051,08-01-2025,706,Wallet,success
6680,1886,2058,30-06-2025,6996,Wallet,success
6689,8998,4395,30-04-2025,700,Wallet,success
6704,5236,7906,04-11-2025,394,Wallet,success
6709,6680,1539,11-06-2025,10,Wallet,success
6712,75,7798,18-10-2025,202,Wallet,success
6717,8312,3043,27-06-2025,696,Wallet,success
6722,652,1704,12-04-2025,202,Wallet,success
6729,6780,2814,27-12-2025,383,Wallet,success
6737,5124,6190,13-04-2025,3,Wallet,success
6740,6544,777,10-08-2025,402,Wallet,success
6747,10839,2555,05-11-2025,401,Wallet,success
6753,3722,4948,14-11-2025,6990,Wallet,success
6756,6075,2065,10-07-2025,410,Wallet,success
6757,10823,3739,04-09-2025,5,Wallet,success
6766,10179,2572,02-07-2025,159,Wallet,success
6771,11051,7251,11-09-2025,148,Wallet,success
6773,7792,191,04-10-2025,389,Wallet,success
6779,7326,3585,09-07-2025,206,Wallet,success
6780,11758,4319,11-09-2025,689,Wallet,success
6787,7468,7505,29-01-2025,216,Wallet,success
6793,11557,166,15-10-2025,394,Wallet,success
6798,1851,1464,16-10-2025,686,Wallet,success
6799,11557,166,18-12-2025,390,Wallet,success
6803,1014,84,08-12-2025,3996,Wallet,success
6804,223,6065,10-06-2025,401,Wallet,success
6805,5770,5387,22-04-2025,416,Wallet,success
6812,4343,53,27-11-2025,718,Wallet,success
6818,11603,6978,10-04-2025,190,Wallet,success
6819,9817,1762,15-02-2025,2001,Wallet,success
6832,7921,2070,02-01-2026,392,Wallet,success
6834,11673,4129,02-12-2025,6988,Wallet,success
6836,5520,7679,04-05-2025,11,Wallet,success
6839,1225,1551,26-07-2025,11,Wallet,success
6845,9473,7676,01-01-2025,4011,Wallet,success
6848,8989,5361,14-01-2025,2006,Wallet,success
6858,374,3012,28-12-2025,220,Wallet,success
6860,9059,7487,25-03-2025,694,Wallet,success
6864,5420,6188,11-09-2025,188,Wallet,success
6867,6470,5769,26-07-2025,190,Wallet,success
6877,9729,2670,27-06-2025,3988,Wallet,success
6880,4255,277,15-12-2025,2,Wallet,success
6897,1985,6810,12-06-2025,710,Wallet,success
6901,9926,5099,23-05-2025,1998,Wallet,success
6908,11321,2302,24-03-2025,691,Wallet,success
6913,5267,1544,14-09-2025,210,Wallet,success
6921,8855,7244,01-07-2025,686,Wallet,success
6925,10688,3060,17-11-2025,2011,Wallet,success
6931,11870,5719,19-04-2025,146,Wallet,success
6938,9610,3812,18-03-2025,403,Wallet,success
6941,8441,6048,06-09-2025,191,Wallet,success
6945,10571,5200,01-01-2025,4011,Wallet,success
6948,3731,4720,13-07-2025,143,Wallet,success
6958,6331,821,22-09-2025,130,Wallet,success
6973,10388,6719,23-03-2025,2006,Wallet,success
6974,9849,4508,09-09-2025,3983,Wallet,success
6975,7631,2850,19-03-2025,385,Wallet,success
6976,5556,5878,06-11-2025,195,Wallet,success
6979,2040,5720,04-05-2025,203,Wallet,success
6983,6366,7241,07-10-2025,408,Wallet,success
6989,3690,1987,16-08-2025,213,Wallet,success
7011,8690,3230,16-12-2025,201,Wallet,success
7013,3215,4120,27-08-2025,3997,Wallet,success
7019,8608,6905,02-04-2025,3979,Wallet,success
7020,4157,7437,30-05-2025,14,Wallet,success
7022,6758,3731,16-02-2025,1,Wallet,success
7028,4656,6693,30-11-2025,701,Wallet,success
7030,7459,3458,30-11-2025,2002,Wallet,success
7031,4506,1852,19-07-2025,412,Wallet,success
7032,4292,3423,20-12-2025,702,Wallet,success
7033,6854,7814,16-03-2025,694,Wallet,success
7035,7698,6062,02-02-2025,11,Wallet,success
7039,10558,4269,07-12-2025,6994,Wallet,success
7040,2329,3139,10-02-2025,11,Wallet,success
7052,8416,4422,20-11-2025,4007,Wallet,success
7062,8448,4121,06-01-2026,7,Wallet,success
7063,10412,3131,20-06-2025,5,Wallet,success
7090,9621,4427,02-09-2025,1990,Wallet,success
7100,6341,7997,18-12-2025,405,Wallet,success
7104,808,3870,16-03-2025,4003,Wallet,success
7105,1791,738,01-03-2025,206,Wallet,success
7107,8656,7206,04-09-2025,194,Wallet,success
7108,5736,2727,11-04-2025,425,Wallet,success
7112,6719,2009,15-05-2025,383,Wallet,success
7119,11917,3482,23-02-2025,195,Wallet,success
7120,9216,7019,26-01-2025,9,Wallet,success
7148,4285,3298,18-10-2025,2,Wallet,success
7150,5292,215,16-09-2025,221,Wallet,success
7160,4988,3990,19-06-2025,17,Wallet,success
7162,4159,3251,30-10-2025,1995,Wallet,success
7168,1772,3420,18-08-2025,399,Wallet,success
7177,9937,328,15-08-2025,3,Wallet,success
7189,1456,4216,18-12-2025,206,Wallet,success
7192,896,1684,22-06-2025,719,Wallet,success
7201,3279,5463,02-06-2025,408,Wallet,success
7202,3366,694,25-04-2025,144,Wallet,success
7205,4638,486,17-01-2025,394,Wallet,success
7206,8366,391,06-04-2025,3,Wallet,success
7218,9438,5653,28-07-2025,7003,Wallet,success
7224,2771,2907,04-01-2026,6992,Wallet,success
7227,6658,6138,06-09-2025,199,Wallet,success
7237,4815,4153,03-01-2026,168,Wallet,success
7238,3239,1212,07-11-2025,6995,Wallet,success
7249,6540,3918,01-08-2025,396,Wallet,success
7258,218,5958,04-05-2025,371,Wallet,success
7267,7011,6681,10-10-2025,194,Wallet,success
7270,549,1210,26-07-2025,198,Wallet,success
7273,3900,4404,17-03-2025,1992,Wallet,success
7277,3094,6139,10-12-2025,1984,Wallet,success
7282,4137,340,29-07-2025,190,Wallet,success
7283,9819,2187,02-07-2025,167,Wallet,success
7289,10797,35,07-12-2025,190,Wallet,success
7303,915,3393,16-05-2025,22,Wallet,success
7305,7214,5421,29-05-2025,3996,Wallet,success
7310,816,3286,29-06-2025,186,Wallet,success
7315,1998,3481,19-11-2025,7025,Wallet,success
7323,2268,5272,09-07-2025,722,Wallet,success
7327,9706,5308,05-03-2025,229,Wallet,success
7329,3713,3686,12-05-2025,405,Wallet,success
7336,10853,739,17-04-2025,390,Wallet,success
7340,2234,5079,08-01-2026,145,Wallet,success
7345,11206,896,29-09-2025,1,Wallet,success
7348,11889,4913,10-11-2025,406,Wallet,success
7351,8619,838,20-10-2025,4,Wallet,success
7353,8367,6283,27-12-2025,6992,Wallet,success
7354,3038,6819,15-10-2025,397,Wallet,success
7355,5633,5602,25-12-2025,6998,Wallet,success
7372,1024,6472,20-04-2025,195,Wallet,success
7378,11373,1091,14-06-2025,4,Wallet,success
7388,8304,664,15-05-2025,3996,Wallet,success
7389,6143,5402,01-04-2025,3999,Wallet,success
7390,5318,6616,26-06-2025,2,Wallet,success
7400,5607,6461,16-08-2025,702,Wallet,success
7409,3261,7814,20-01-2025,391,Wallet,success
7419,1363,1052,01-08-2025,188,Wallet,success
7427,2433,6048,02-08-2025,9,Wallet,success
7428,6381,68,25-12-2025,697,Wallet,success
7438,4005,1062,17-03-2025,9,Wallet,success
7447,7488,2430,14-05-2025,15,Wallet,success
7451,3162,7376,23-09-2025,2010,Wallet,success
7459,5311,113,11-01-2026,12,Wallet,success
7473,10648,3761,12-06-2025,713,Wallet,success
7482,9648,6432,24-03-2025,6993,Wallet,success
7484,6733,198,06-07-2025,193,Wallet,success
7488,8304,664,08-07-2025,3997,Wallet,success
7493,2360,1992,13-04-2025,197,Wallet,success
7494,9735,7791,21-05-2025,697,Wallet,success
7496,9310,2715,16-02-2025,702,Wallet,success
7497,7689,4229,07-12-2025,191,Wallet,success
7515,11222,5309,11-04-2025,6997,Wallet,success
7518,5121,7218,12-12-2025,218,Wallet,success
7525,7308,5435,20-06-2025,697,Wallet,success
7526,7810,4861,09-09-2025,11,Wallet,success
7527,11438,1384,19-01-2025,684,Wallet,success
7528,11395,5908,02-01-2025,194,Wallet,success
7537,1113,3218,08-10-2025,3987,Wallet,success
7539,7030,5539,01-09-2025,686,Wallet,success
7543,3169,5236,01-08-2025,4001,Wallet,success
7551,3157,4019,04-07-2025,4010,Wallet,success
7556,3407,4252,29-05-2025,704,Wallet,success
7558,9759,1185,14-11-2025,6,Wallet,success
7569,5610,4800,26-10-2025,1994,Wallet,success
7577,5838,2000,16-03-2025,391,Wallet,success
7580,1427,6251,04-02-2025,405,Wallet,success
7582,8580,7297,31-12-2025,2004,Wallet,success
7591,4192,1549,25-07-2025,4004,Wallet,success
7592,6317,1188,04-06-2025,406,Wallet,success
7596,3651,4781,08-10-2025,151,Wallet,success
7600,3088,6122,04-03-2025,1992,Wallet,success
7605,908,6052,20-09-2025,395,Wallet,success
7613,9495,6708,13-01-2026,680,Wallet,success
7617,3424,3667,27-10-2025,717,Wallet,success
7623,7638,567,22-08-2025,6,Wallet,success
7624,10983,3845,01-11-2025,703,Wallet,success
7625,1405,1618,11-01-2025,202,Wallet,success
7628,10016,229,21-09-2025,195,Wallet,success
7629,5648,2925,02-09-2025,409,Wallet,success
7631,7599,1766,20-05-2025,199,Wallet,success
7635,10758,466,03-10-2025,395,Wallet,success
7637,8484,941,17-07-2025,1998,Wallet,success
7649,2272,6219,20-01-2025,675,Wallet,success
7656,4055,618,19-08-2025,2002,Wallet,success
7657,6348,5722,04-01-2025,707,Wallet,success
7663,6941,5231,23-06-2025,399,Wallet,success
7664,1226,6420,19-09-2025,185,Wallet,success
7668,2138,1556,19-10-2025,210,Wallet,success
7669,7035,5453,29-07-2025,140,Wallet,success
7671,5402,1280,28-04-2025,6,Wallet,success
7673,2183,117,22-06-2025,138,Wallet,success
7680,10261,4083,05-08-2025,3987,Wallet,success
7696,5126,1233,12-01-2025,396,Wallet,success
7697,6051,6787,03-07-2025,1992,Wallet,success
7703,4589,1968,25-11-2025,389,Wallet,success
7710,5676,4499,11-11-2025,193,Wallet,success
7718,1076,5937,26-03-2025,198,Wallet,success
7725,9816,4187,27-01-2025,3978,Wallet,success
7727,2518,4896,14-10-2025,6992,Wallet,success
7740,4695,6475,03-12-2025,201,Wallet,success
7742,7636,154,17-11-2025,3991,Wallet,success
7746,8123,5736,07-01-2026,139,Wallet,success
7762,9877,6988,24-04-2025,393,Wallet,success
7765,4042,7086,05-01-2025,17,Wallet,success
7768,6124,5846,18-03-2025,3,Wallet,success
7778,455,1400,30-10-2025,183,Wallet,success
7782,11305,4311,05-07-2025,401,Wallet,success
7783,3115,7482,10-12-2025,205,Wallet,success
7785,10724,6405,12-01-2026,4032,Wallet,success
7793,6320,4370,14-02-2025,406,Wallet,success
7794,2649,767,08-01-2026,7,Wallet,success
7795,10696,3989,09-12-2025,3,Wallet,success
7799,8215,5262,08-08-2025,1994,Wallet,success
7801,3097,1867,21-04-2025,131,Wallet,success
7805,8199,387,15-02-2025,7009,Wallet,success
7817,6766,412,08-12-2025,3,Wallet,success
7818,2500,2560,09-06-2025,406,Wallet,success
7825,29,7551,10-03-2025,216,Wallet,success
7827,9141,1761,18-04-2025,146,Wallet,success
7830,3888,489,09-02-2025,7019,Wallet,success
7832,11812,3704,28-01-2025,142,Wallet,success
7838,11676,7887,05-01-2026,3993,Wallet,success
7840,7996,7844,12-08-2025,1989,Wallet,success
7850,8025,489,21-05-2025,387,Wallet,success
7852,125,3596,18-06-2025,206,Wallet,success
7861,9270,550,19-11-2025,408,Wallet,success
7862,9964,6583,28-11-2025,137,Wallet,success
7865,897,3602,07-12-2025,194,Wallet,success
7870,6657,4166,15-09-2025,697,Wallet,success
7872,11818,7086,09-11-2025,145,Wallet,success
7875,9799,1156,28-05-2025,390,Wallet,success
7886,6973,2489,11-10-2025,407,Wallet,success
7889,5515,7981,27-04-2025,1977,Wallet,success
7892,4077,7830,07-03-2025,205,Wallet,success
7894,6474,4270,06-09-2025,197,Wallet,success
7903,5139,6608,29-01-2025,7,Wallet,success
7925,2310,2899,23-02-2025,1997,Wallet,success
7926,2681,2199,15-09-2025,396,Wallet,success
7931,5535,478,18-05-2025,7000,Wallet,success
7933,11268,798,05-12-2025,199,Wallet,success
7940,1731,3957,11-03-2025,4001,Wallet,success
7945,3081,3066,28-03-2025,700,Wallet,success
7954,3975,3373,20-03-2025,7,Wallet,success
7956,11326,7840,03-04-2025,388,Wallet,success
7961,3124,2929,11-11-2025,404,Wallet,success
7966,1247,253,12-02-2025,702,Wallet,success
7969,3991,6753,05-07-2025,403,Wallet,success
7974,4936,4784,31-08-2025,3987,Wallet,success
7977,4873,303,31-10-2025,1978,Wallet,success
7984,7812,6229,25-06-2025,161,Wallet,success
7985,6009,1846,10-09-2025,1990,Wallet,success
7990,844,7486,10-10-2025,147,Wallet,success
8021,9355,6974,24-07-2025,378,Wallet,success
8024,3484,3161,10-09-2025,2000,Wallet,success
8027,6592,2468,15-04-2025,3990,Wallet,success
8028,6356,7976,07-03-2025,694,Wallet,success
8034,5086,3190,04-03-2025,395,Wallet,success
8035,4547,1547,23-02-2025,6,Wallet,success
8038,6088,7600,04-04-2025,687,Wallet,success
8046,6924,2867,03-02-2025,400,Wallet,success
8054,7545,3529,30-05-2025,1999,Wallet,success
8056,10327,869,01-01-2025,6996,Wallet,success
8059,11918,2232,21-11-2025,691,Wallet,success
8061,9333,3174,06-03-2025,412,Wallet,success
8062,11173,2133,27-10-2025,2010,Wallet,success
8065,5830,2197,27-08-2025,399,Wallet,success
8075,11300,1833,16-11-2025,3981,Wallet,success
8077,439,5304,01-02-2025,399,Wallet,success
8094,908,6052,17-02-2025,411,Wallet,success
8097,11336,3532,11-05-2025,698,Wallet,success
8101,9547,1176,29-06-2025,7003,Wallet,success
8102,8889,6008,14-06-2025,9,Wallet,success
8105,303,4652,07-10-2025,17,Wallet,success
8106,11089,1960,12-06-2025,2000,Wallet,success
8116,6012,2500,04-08-2025,186,Wallet,success
8123,3702,2482,27-01-2025,9,Wallet,success
8124,8886,668,27-01-2025,400,Wallet,success
8139,9308,3573,30-12-2025,147,Wallet,success
8141,6835,727,06-12-2025,403,Wallet,success
8146,4307,1612,05-02-2025,161,Wallet,success
8155,8194,7960,21-02-2025,390,Wallet,success
8156,8954,886,19-07-2025,180,Wallet,success
8157,11062,4766,11-12-2025,384,Wallet,success
8159,1661,6716,15-08-2025,406,Wallet,success
8167,3086,6246,05-11-2025,6,Wallet,success
8184,1508,5083,06-09-2025,1,Wallet,success
8190,6249,3147,15-01-2025,195,Wallet,success
8196,1514,6376,26-02-2025,149,Wallet,success
8209,9891,2594,14-05-2025,185,Wallet,success
8210,165,6326,26-02-2025,4015,Wallet,success
8214,6381,68,15-04-2025,691,Wallet,success
8221,5357,109,02-06-2025,4003,Wallet,success
8227,4632,508,15-07-2025,399,Wallet,success
8229,3577,5066,23-10-2025,404,Wallet,success
8230,9741,6639,07-11-2025,712,Wallet,success
8245,7538,2501,13-06-2025,194,Wallet,success
8250,1846,6318,23-07-2025,689,Wallet,success
8253,835,4113,18-03-2025,674,Wallet,success
8259,9597,7252,20-07-2025,5,Wallet,success
8261,9784,1721,06-08-2025,2011,Wallet,success
8268,856,665,13-08-2025,4008,Wallet,success
8271,3999,849,22-08-2025,422,Wallet,success
8276,6653,3441,07-06-2025,7008,Wallet,success
8307,7088,2817,22-10-2025,152,Wallet,success
8308,856,665,25-08-2025,3999,Wallet,success
8310,3155,1293,26-02-2025,1992,Wallet,success
8314,6450,2723,05-01-2025,144,Wallet,success
8316,4511,2223,29-05-2025,1991,Wallet,success
8318,11400,6699,22-10-2025,11,Wallet,success
8350,8661,431,24-11-2025,389,Wallet,success
8353,9938,2389,03-01-2026,402,Wallet,success
8355,10107,1505,25-03-2025,693,Wallet,success
8361,6478,644,28-06-2025,701,Wallet,success
8381,7379,2899,05-11-2025,202,Wallet,success
8384,10445,1396,04-03-2025,4013,Wallet,success
8388,8214,6826,01-12-2025,7000,Wallet,success
8390,7629,6643,14-06-2025,193,Wallet,success
8399,6299,7166,01-12-2025,7002,Wallet,success
8406,2776,4564,13-05-2025,703,Wallet,success
8408,3327,1716,21-04-2025,6984,Wallet,success
8411,1090,485,03-09-2025,3998,Wallet,success
8412,8125,5738,16-01-2026,6992,Wallet,success
8419,8568,6920,01-08-2025,213,Wallet,success
8423,4555,28,01-03-2025,2005,Wallet,success
8426,6209,3225,12-08-2025,5,Wallet,success
8428,2477,3351,25-09-2025,11,Wallet,success
8438,3889,2848,06-11-2025,395,Wallet,success
8444,1477,1294,12-06-2025,3984,Wallet,success
8445,5718,1557,18-12-2025,1992,Wallet,success
8451,5504,3754,17-11-2025,382,Wallet,success
8453,3365,3245,19-05-2025,188,Wallet,success
8456,4063,93,13-08-2025,194,Wallet,success
8461,11465,612,04-02-2025,386,Wallet,success
8464,4313,4404,08-07-2025,7000,Wallet,success
8471,8090,979,17-06-2025,2004,Wallet,success
8472,520,2806,24-07-2025,1993,Wallet,success
8475,3544,2029,28-05-2025,702,Wallet,success
8478,11468,624,18-04-2025,1994,Wallet,success
8481,2158,7815,08-09-2025,17,Wallet,success
8492,9107,6280,28-05-2025,1,Wallet,success
8496,7090,1001,15-02-2025,6998,Wallet,success
8500,9310,2715,02-03-2025,698,Wallet,success
8505,7937,7468,05-07-2025,6,Wallet,success
8514,203,3003,04-09-2025,161,Wallet,success
8518,10215,1885,03-10-2025,221,Wallet,success
8526,2158,7815,02-02-2025,14,Wallet,success
8529,3556,733,14-07-2025,217,Wallet,success
8538,11213,6701,20-12-2025,405,Wallet,success
8545,11310,4775,11-01-2025,215,Wallet,success
8546,6942,7515,02-12-2025,2,Wallet,success
8555,11179,5280,08-10-2025,191,Wallet,success
8560,11308,3680,23-05-2025,10,Wallet,success
8561,9475,4584,07-05-2025,8,Wallet,success
8568,3992,3432,07-06-2025,203,Wallet,success
8578,5786,5288,08-02-2025,9,Wallet,success
8598,1112,112,03-10-2025,389,Wallet,success
8603,3050,7262,09-01-2025,704,Wallet,success
8604,2984,1627,09-03-2025,15,Wallet,success
8606,4589,1968,15-11-2025,387,Wallet,success
8609,7140,2335,09-06-2025,2002,Wallet,success
8610,9197,733,15-03-2025,389,Wallet,success
8619,8562,5218,08-10-2025,3985,Wallet,success
8621,10952,6248,03-09-2025,1991,Wallet,success
8626,8875,6586,02-06-2025,406,Wallet,success
8636,5968,7868,28-01-2025,409,Wallet,success
8641,9220,3021,05-10-2025,150,Wallet,success
8644,9404,174,18-07-2025,691,Wallet,success
8654,241,5537,24-04-2025,2003,Wallet,success
8661,11616,866,07-11-2025,1998,Wallet,success
8671,336,2829,10-01-2026,191,Wallet,success
8672,6454,3873,16-08-2025,191,Wallet,success
8675,6198,3865,15-08-2025,179,Wallet,success
8689,10290,6155,16-08-2025,145,Wallet,success
8694,5940,5483,20-06-2025,7009,Wallet,success
8695,6273,6000,10-05-2025,206,Wallet,success
8701,1343,6739,31-10-2025,1990,Wallet,success
8706,7453,4018,15-12-2025,1995,Wallet,success
8708,6396,4142,15-08-2025,699,Wallet,success
8714,1820,3633,30-04-2025,191,Wallet,success
8720,5963,7443,01-01-2026,718,Wallet,success
8724,9160,6213,15-06-2025,706,Wallet,success
8728,7208,4361,10-12-2025,1983,Wallet,success
8737,1283,6138,14-10-2025,387,Wallet,success
8741,1809,5124,30-11-2025,16,Wallet,success
8748,5070,5220,25-01-2025,4001,Wallet,success
8750,1113,3218,12-06-2025,3995,Wallet,success
8755,9724,4696,09-05-2025,204,Wallet,success
8756,9255,265,22-11-2025,6993,Wallet,success
8757,9668,2308,20-12-2025,157,Wallet,success
8761,11928,849,07-12-2025,5,Wallet,success
8762,5727,5315,15-02-2025,410,Wallet,success
8765,2498,5095,30-11-2025,207,Wallet,success
8769,6882,6636,29-05-2025,16,Wallet,success
8770,9767,3681,27-01-2025,146,Wallet,success
8772,5081,4436,03-12-2025,1997,Wallet,success
8777,6119,6168,13-11-2025,212,Wallet,success
8784,8073,2803,21-05-2025,204,Wallet,success
8790,11895,3741,01-01-2025,389,Wallet,success
8800,8879,7373,28-05-2025,3999,Wallet,success
8801,10257,7310,12-08-2025,705,Wallet,success
8802,6877,46,13-10-2025,2,Wallet,success
8803,8581,523,27-04-2025,12,Wallet,success
8804,8932,86,26-07-2025,2000,Wallet,success
8805,5693,3628,04-11-2025,201,Wallet,success
8810,5138,336,12-09-2025,3983,Wallet,success
8812,5435,5948,17-12-2025,2000,Wallet,success
8813,5319,3337,25-05-2025,14,Wallet,success
8822,6772,5439,28-06-2025,2003,Wallet,success
8828,11800,5857,22-09-2025,1,Wallet,success
8835,412,4211,03-10-2025,405,Wallet,success
8838,7465,2235,04-01-2026,10,Wallet,success
8850,506,3335,29-10-2025,398,Wallet,success
8851,3170,144,03-09-2025,690,Wallet,success
8852,10008,2671,09-02-2025,712,Wallet,success
8854,4535,3642,11-10-2025,3996,Wallet,success
8857,9899,1280,16-04-2025,4000,Wallet,success
8860,5921,30,12-03-2025,392,Wallet,success
8863,10825,4413,27-07-2025,192,Wallet,success
8872,5136,322,03-07-2025,3997,Wallet,success
8873,1400,595,25-02-2025,6,Wallet,success
8888,4224,1972,14-07-2025,168,Wallet,success
8894,2570,4336,01-06-2025,1996,Wallet,success
8896,1697,6394,20-03-2025,405,Wallet,success
8914,22,6413,20-09-2025,4,Wallet,success
8918,7740,6757,24-07-2025,6,Wallet,success
8927,2804,1363,05-04-2025,10,Wallet,success
8929,906,4481,24-05-2025,211,Wallet,success
8930,6737,6886,29-11-2025,152,Wallet,success
8935,7396,3786,18-07-2025,139,Wallet,success
8936,8656,7206,04-03-2025,174,Wallet,success
8939,2381,6679,17-11-2025,202,Wallet,success
8948,1574,6811,21-06-2025,401,Wallet,success
8954,1917,3247,07-01-2025,397,Wallet,success
8964,536,6029,28-11-2025,7010,Wallet,success
8967,9248,3919,25-01-2025,6971,Wallet,success
8968,11879,4847,10-08-2025,144,Wallet,success
8969,516,1438,16-03-2025,391,Wallet,success
8970,1025,4194,16-12-2025,403,Wallet,success
8980,8278,2648,11-01-2026,198,Wallet,success
8982,11161,3955,10-05-2025,1,Wallet,success
8986,2689,6900,01-01-2026,211,Wallet,success
8990,7833,4134,13-08-2025,200,Wallet,success
8993,1865,6488,23-10-2025,190,Wallet,success
8994,11179,5280,09-03-2025,218,Wallet,success
9011,9098,7255,02-11-2025,705,Wallet,success
9016,3224,4664,03-10-2025,403,Wallet,success
9019,656,7595,02-04-2025,397,Wallet,success
9021,8287,6073,01-06-2025,197,Wallet,success
9024,4792,4650,17-11-2025,397,Wallet,success
9028,3371,4214,29-04-2025,401,Wallet,success
9030,6413,5859,21-06-2025,190,Wallet,success
9031,844,7486,01-04-2025,152,Wallet,success
9039,776,5691,25-06-2025,215,Wallet,success
9045,7901,4098,14-11-2025,1989,Wallet,success
9055,8482,2272,26-09-2025,203,Wallet,success
9060,4392,2633,05-01-2025,2,Wallet,success
9061,7432,6728,20-03-2025,3994,Wallet,success
9067,3204,4596,30-11-2025,3984,Wallet,success
9068,9487,7191,26-10-2025,165,Wallet,success
9078,2583,5917,03-01-2026,189,Wallet,success
9082,830,1765,03-06-2025,2017,Wallet,success
9092,6975,4224,27-02-2025,6969,Wallet,success
9098,6439,5714,21-10-2025,5,Wallet,success
9106,1917,3247,15-08-2025,404,Wallet,success
9111,5385,88,05-08-2025,694,Wallet,success
9115,2492,6637,18-05-2025,4,Wallet,success
9121,4947,4583,05-12-2025,3984,Wallet,success
9122,10468,6606,08-02-2025,3991,Wallet,success
9127,7563,3914,23-03-2025,393,Wallet,success
9132,9311,5970,10-12-2025,404,Wallet,success
9145,3279,5463,04-02-2025,386,Wallet,success
9155,7185,5790,16-01-2025,214,Wallet,success
9156,4838,44,07-09-2025,6,Wallet,success
9162,5432,11,31-08-2025,1986,Wallet,success
9178,9211,3336,14-10-2025,7007,Wallet,success
9203,11711,7920,01-05-2025,397,Wallet,success
9205,5820,762,08-01-2026,195,Wallet,success
9207,11427,7664,14-02-2025,24,Wallet,success
9218,5735,5560,01-09-2025,698,Wallet,success
9221,5527,2996,17-04-2025,209,Wallet,success
9230,951,7554,07-06-2025,193,Wallet,success
9233,2769,5878,24-10-2025,401,Wallet,success
9235,2067,418,15-12-2025,151,Wallet,success
9240,6816,1183,02-07-2025,413,Wallet,success
9241,9640,6035,25-05-2025,145,Wallet,success
9244,1918,3000,17-10-2025,400,Wallet,success
9256,7721,7973,05-01-2025,1991,Wallet,success
9263,10626,1434,16-07-2025,204,Wallet,success
9264,10827,7737,21-04-2025,191,Wallet,success
9275,8209,3538,07-07-2025,697,Wallet,success
9276,4240,5144,09-07-2025,190,Wallet,success
9280,10739,774,04-04-2025,390,Wallet,success
9284,7084,924,23-01-2025,201,Wallet,success
9286,3551,7138,23-05-2025,186,Wallet,success
9311,4048,6680,25-10-2025,7020,Wallet,success
9312,9920,7651,04-07-2025,185,Wallet,success
9317,2424,2206,29-07-2025,195,Wallet,success
9319,5142,5426,16-03-2025,684,Wallet,success
9320,5608,6861,11-02-2025,395,Wallet,success
9341,4774,1062,27-09-2025,4,Wallet,success
9346,8158,526,23-09-2025,11,Wallet,success
9349,3640,6937,16-09-2025,21,Wallet,success
9352,7531,1148,19-09-2025,395,Wallet,success
9357,9028,3388,23-02-2025,213,Wallet,success
9360,1783,5330,19-08-2025,686,Wallet,success
9361,7547,4808,16-03-2025,4009,Wallet,success
9362,2769,5878,30-06-2025,398,Wallet,success
9363,6739,6084,06-10-2025,411,Wallet,success
9371,11558,434,22-09-2025,693,Wallet,success
9375,1460,1094,22-08-2025,408,Wallet,success
9381,945,277,17-02-2025,6992,Wallet,success
9385,4232,391,20-06-2025,697,Wallet,success
9387,11238,1052,03-02-2025,147,Wallet,success
9390,5375,3177,18-05-2025,404,Wallet,success
9392,4489,262,06-10-2025,386,Wallet,success
9393,7059,452,13-10-2025,208,Wallet,success
9394,3815,1121,20-10-2025,213,Wallet,success
9396,5054,6589,29-11-2025,211,Wallet,success
9397,4603,203,30-05-2025,4005,Wallet,success
9403,11929,6187,26-10-2025,393,Wallet,success
9407,4397,4881,28-02-2025,12,Wallet,success
9409,9758,2775,18-12-2025,1999,Wallet,success
9413,10842,3807,06-10-2025,403,Wallet,success
9422,4786,7780,05-09-2025,2003,Wallet,success
9423,6685,4867,18-12-2025,390,Wallet,success
9427,5582,6219,01-04-2025,401,Wallet,success
9428,348,7462,05-02-2025,198,Wallet,success
9433,6359,1310,03-11-2025,197,Wallet,success
9436,27,3983,29-04-2025,714,Wallet,success
9440,7656,7001,18-12-2025,688,Wallet,success
9443,8988,24,10-11-2025,410,Wallet,success
9447,11958,2809,04-07-2025,180,Wallet,success
9450,555,4228,26-03-2025,4,Wallet,success
9451,2186,7924,15-01-2026,695,Wallet,success
9452,1706,511,10-06-2025,412,Wallet,success
9456,1968,7205,28-10-2025,11,Wallet,success
9473,7606,7408,09-10-2025,183,Wallet,success
9474,941,1093,24-12-2025,7005,Wallet,success
9478,7139,1288,24-10-2025,13,Wallet,success
9480,7952,2019,26-05-2025,696,Wallet,success
9491,11641,3682,11-11-2025,384,Wallet,success
9498,8817,5163,10-01-2025,188,Wallet,success
9503,410,492,27-08-2025,151,Wallet,success
9507,4706,4221,25-11-2025,706,Wallet,success
9508,7433,4205,27-10-2025,2004,Wallet,success
9510,3616,263,20-02-2025,199,Wallet,success
9511,9150,963,25-01-2025,6987,Wallet,success
9514,5010,6435,19-06-2025,1,Wallet,success
9524,11296,4447,14-08-2025,197,Wallet,success
9526,5689,6128,09-05-2025,719,Wallet,success
9527,4183,774,10-01-2026,403,Wallet,success
9528,5585,3382,04-12-2025,385,Wallet,success
9530,441,3430,22-08-2025,1976,Wallet,success
9531,1174,896,01-03-2025,702,Wallet,success
9541,7660,3023,18-02-2025,188,Wallet,success
9544,5281,4093,07-01-2026,703,Wallet,success
9545,7663,4128,01-12-2025,158,Wallet,success
9550,11020,7817,27-10-2025,197,Wallet,success
9554,7934,6450,25-12-2025,1987,Wallet,success
9562,1422,3426,15-01-2026,401,Wallet,success
9567,9463,2474,02-10-2025,204,Wallet,success
9568,11920,2081,15-07-2025,7,Wallet,success
9573,3049,2493,02-01-2025,203,Wallet,success
9576,10099,4854,21-06-2025,206,Wallet,success
9589,9197,733,18-02-2025,416,Wallet,success
9591,10746,2759,27-10-2025,14,Wallet,success
9593,5433,4883,06-07-2025,139,Wallet,success
9594,7112,7342,23-01-2025,207,Wallet,success
9598,2607,3075,05-12-2025,193,Wallet,success
9606,1407,7040,21-10-2025,3990,Wallet,success
9610,11907,1514,07-05-2025,193,Wallet,success
9611,855,2020,16-01-2025,396,Wallet,success
9612,7219,2425,23-03-2025,407,Wallet,success
9615,6657,4166,03-07-2025,692,Wallet,success
9619,2174,1068,11-03-2025,198,Wallet,success
9626,9718,2185,13-07-2025,3,Wallet,success
9628,6567,6306,29-07-2025,1995,Wallet,success
9630,1039,6554,27-09-2025,701,Wallet,success
9639,6253,7247,11-10-2025,3993,Wallet,success
9642,1790,7825,08-11-2025,9,Wallet,success
9643,1558,5946,20-10-2025,191,Wallet,success
9653,6045,4380,07-10-2025,390,Wallet,success
9654,4059,5603,21-07-2025,3,Wallet,success
9662,1236,3027,14-01-2025,385,Wallet,success
9664,10568,1313,26-06-2025,163,Wallet,success
9668,3212,3778,08-04-2025,690,Wallet,success
9679,5514,5532,05-04-2025,194,Wallet,success
9689,6402,5577,10-11-2025,208,Wallet,success
9695,45,6965,24-09-2025,202,Wallet,success
9697,5146,407,22-10-2025,395,Wallet,success
9701,6059,1370,24-06-2025,378,Wallet,success
9705,2205,5099,01-09-2025,192,Wallet,success
9706,6450,2723,02-01-2026,150,Wallet,success
9709,548,4846,06-01-2026,12,Wallet,success
9710,6108,2366,24-01-2025,6995,Wallet,success
9712,11769,1719,16-01-2025,193,Wallet,success
9713,6347,1174,03-01-2025,396,Wallet,success
9718,2136,6042,06-08-2025,3990,Wallet,success
9719,4391,425,22-07-2025,208,Wallet,success
9720,2580,288,28-12-2025,393,Wallet,success
9721,11019,5319,16-02-2025,7,Wallet,success
9723,8109,6464,30-05-2025,682,Wallet,success
9725,5051,7313,26-10-2025,2006,Wallet,success
9732,9984,7151,25-04-2025,687,Wallet,success
9752,9507,3294,18-01-2026,1,Wallet,success
9758,9861,4872,30-11-2025,6998,Wallet,success
9760,6957,3093,10-03-2025,696,Wallet,success
9764,2973,5121,30-01-2025,690,Wallet,success
9769,5781,3798,16-01-2025,1,Wallet,success
9774,6329,5746,22-08-2025,698,Wallet,success
9806,7319,3215,09-01-2025,158,Wallet,success
9811,3392,4465,14-11-2025,202,Wallet,success
9816,7064,2724,07-03-2025,188,Wallet,success
9820,1376,1936,09-10-2025,205,Wallet,success
9823,5074,1941,09-01-2026,7018,Wallet,success
9834,8595,267,25-06-2025,191,Wallet,success
9837,10217,3500,04-06-2025,4008,Wallet,success
9842,11634,616,26-05-2025,196,Wallet,success
9844,6724,766,24-07-2025,3988,Wallet,success
9848,6690,5012,09-03-2025,1990,Wallet,success
9850,4474,767,29-04-2025,7003,Wallet,success
9853,10251,3459,09-01-2026,198,Wallet,success
9857,6343,1779,19-08-2025,2005,Wallet,success
9858,11612,2404,23-07-2025,1999,Wallet,success
9861,1916,2648,17-04-2025,1988,Wallet,success
9865,4483,522,28-09-2025,393,Wallet,success
9870,7066,3938,02-06-2025,404,Wallet,success
9873,7919,1234,25-06-2025,1,Wallet,success
9893,776,5691,18-12-2025,201,Wallet,success
9903,5382,286,16-04-2025,414,Wallet,success
9912,4425,2696,05-03-2025,164,Wallet,success
9914,6890,3367,07-02-2025,409,Wallet,success
9917,8669,4153,21-07-2025,13,Wallet,success
9922,3713,3686,12-04-2025,398,Wallet,success
9934,520,2806,22-03-2025,2010,Wallet,success
9959,9208,1704,19-10-2025,1999,Wallet,success
9961,9399,3556,03-08-2025,399,Wallet,success
9962,393,6072,13-01-2026,198,Wallet,success
9968,1389,7329,13-07-2025,709,Wallet,success
9969,7352,7295,20-05-2025,2001,Wallet,success
9975,2773,496,17-10-2025,5,Wallet,success
9977,8065,2519,04-08-2025,3997,Wallet,success
10003,11101,5098,07-05-2025,703,Wallet,success
10013,3077,338,20-05-2025,396,Wallet,success
10020,800,6356,18-01-2026,215,Wallet,success
10022,10097,3591,28-02-2025,194,Wallet,success
10026,957,2380,11-01-2026,191,Wallet,success
10028,3261,7814,16-06-2025,382,Wallet,success
10035,10452,3028,27-07-2025,8,Wallet,success
10036,10532,5184,11-06-2025,1992,Wallet,success
10039,8289,4474,30-04-2025,200,Wallet,success
10041,1590,7309,30-04-2025,166,Wallet,success
10047,8032,1134,16-02-2025,690,Wallet,success
10062,11491,4828,17-01-2025,3991,Wallet,success
10067,7102,1767,28-04-2025,4011,Wallet,success
10078,11287,888,24-01-2025,205,Wallet,success
10083,4702,6595,06-01-2026,205,Wallet,success
10088,3702,2482,16-09-2025,19,Wallet,success
10096,9202,5546,03-01-2025,133,Wallet,success
10106,8016,3193,03-02-2025,192,Wallet,success
10111,8566,361,20-05-2025,697,Wallet,success
10112,11435,4767,24-12-2025,2,Wallet,success
10113,3874,5431,16-10-2025,206,Wallet,success
10114,1891,5804,05-10-2025,4001,Wallet,success
10118,7112,7342,19-06-2025,204,Wallet,success
10131,605,6052,06-10-2025,1995,Wallet,success
10150,4428,3970,11-02-2025,2000,Wallet,success
10151,6934,584,03-09-2025,395,Wallet,success
10153,21,7886,27-03-2025,207,Wallet,success
10158,11512,11,25-06-2025,2012,Wallet,success
10163,2593,4922,18-12-2025,191,Wallet,success
10167,384,6598,24-01-2025,10,Wallet,success
10169,50,811,24-07-2025,6988,Wallet,success
10175,3061,4240,12-01-2026,160,Wallet,success
10180,3557,5896,05-03-2025,689,Wallet,success
10183,1893,4553,24-02-2025,702,Wallet,success
10186,5427,2880,14-01-2026,7022,Wallet,success
10188,4054,7507,09-03-2025,709,Wallet,success
10189,8712,1536,09-11-2025,3996,Wallet,success
10192,3125,3484,07-06-2025,21,Wallet,success
10194,622,636,02-01-2025,389,Wallet,success
10195,4145,3423,27-12-2025,404,Wallet,success
10196,11236,2347,31-05-2025,3997,Wallet,success
10203,9672,7227,13-02-2025,3997,Wallet,success
10208,8774,5204,13-04-2025,3995,Wallet,success
10215,6410,1532,21-10-2025,6997,Wallet,success
10220,2659,5835,27-01-2025,196,Wallet,success
10225,850,6025,16-05-2025,4003,Wallet,success
10226,6615,4483,16-04-2025,701,Wallet,success
10233,2431,5523,18-07-2025,3980,Wallet,success
10240,10565,7294,09-03-2025,412,Wallet,success
10242,11001,2467,15-03-2025,3998,Wallet,success
10253,7298,2410,09-01-2025,413,Wallet,success
10262,3847,6292,12-05-2025,7017,Wallet,success
10279,5736,2727,09-10-2025,411,Wallet,success
10292,9367,7094,04-11-2025,4013,Wallet,success
10317,8530,7409,22-11-2025,393,Wallet,success
10322,342,554,03-11-2025,160,Wallet,success
10326,10028,729,27-08-2025,3992,Wallet,success
10336,11306,817,26-06-2025,2018,Wallet,success
10338,2652,5425,31-10-2025,1996,Wallet,success
10339,2626,3204,22-10-2025,1980,Wallet,success
10347,11610,4751,16-07-2025,397,Wallet,success
10348,1940,1946,22-09-2025,688,Wallet,success
10356,8699,4216,20-08-2025,3991,Wallet,success
10357,3402,5416,16-01-2025,1997,Wallet,success
10358,11585,4186,29-05-2025,1978,Wallet,success
10364,6666,3546,28-07-2025,2011,Wallet,success
10365,4870,4416,02-02-2025,2,Wallet,success
10368,8951,4563,26-07-2025,404,Wallet,success
10379,10880,4228,08-07-2025,150,Wallet,success
10384,10709,7993,24-01-2025,4,Wallet,success
10388,1594,3188,06-01-2025,700,Wallet,success
10401,725,6970,10-12-2025,188,Wallet,success
10408,6476,4851,21-08-2025,404,Wallet,success
10418,3335,4657,25-07-2025,693,Wallet,success
10425,491,5400,06-05-2025,393,Wallet,success
10434,4596,6498,01-07-2025,399,Wallet,success
10435,9853,551,07-04-2025,1980,Wallet,success
10442,5551,1715,31-01-2025,156,Wallet,success
10444,8500,2357,14-08-2025,1999,Wallet,success
10450,1639,7220,27-11-2025,184,Wallet,success
10471,4107,7371,23-07-2025,2,Wallet,success
10488,11010,7959,12-03-2025,197,Wallet,success
10492,2188,2482,18-04-2025,209,Wallet,success
10507,2029,4058,29-04-2025,2000,Wallet,success
10508,9818,1393,25-02-2025,190,Wallet,success
10517,3275,2462,27-12-2025,194,Wallet,success
10521,7016,1322,09-10-2025,393,Wallet,success
10523,6585,1784,31-12-2025,390,Wallet,success
10527,9288,4483,02-02-2025,7010,Wallet,success
10536,9388,5002,09-09-2025,2004,Wallet,success
10539,2572,3825,22-07-2025,4010,Wallet,success
10544,4981,7097,03-06-2025,162,Wallet,success
10545,1558,5946,04-03-2025,198,Wallet,success
10565,709,4410,11-07-2025,2,Wallet,success
10566,8451,5583,24-03-2025,406,Wallet,success
10568,878,812,23-11-2025,4018,Wallet,success
10570,9060,4019,11-02-2025,4,Wallet,success
10579,9830,1905,20-08-2025,2,Wallet,success
10583,1119,4,15-11-2025,206,Wallet,success
10584,2748,1920,10-09-2025,7000,Wallet,success
10589,6606,1196,16-01-2025,10,Wallet,success
10591,3871,865,11-12-2025,380,Wallet,success
10593,11316,1795,31-05-2025,2002,Wallet,success
10595,7196,4927,27-09-2025,712,Wallet,success
10597,6234,7509,12-11-2025,4,Wallet,success
10612,7100,3647,02-11-2025,4005,Wallet,success
10613,11686,1252,26-06-2025,199,Wallet,success
10614,6796,5722,14-07-2025,173,Wallet,success
10615,7107,5710,13-06-2025,4,Wallet,success
10617,6981,7052,10-01-2026,2016,Wallet,success
10618,8801,3013,02-11-2025,5,Wallet,success
10622,749,3929,29-05-2025,6998,Wallet,success
10624,1810,2229,08-01-2025,715,Wallet,success
10625,3804,4761,14-02-2025,6988,Wallet,success
10628,1827,524,21-04-2025,5,Wallet,success
10629,1763,1516,08-04-2025,7002,Wallet,success
10640,8768,6249,10-07-2025,406,Wallet,success
10650,1323,4473,07-01-2026,6996,Wallet,success
10660,3572,436,13-10-2025,2,Wallet,success
10665,6840,1517,30-01-2025,2004,Wallet,success
10673,2543,5892,03-04-2025,405,Wallet,success
10675,6076,4300,21-07-2025,694,Wallet,success
10678,9823,5143,02-04-2025,3998,Wallet,success
10684,10830,2970,12-04-2025,699,Wallet,success
10689,368,7291,03-06-2025,682,Wallet,success
10715,4224,1972,11-06-2025,144,Wallet,success
10716,3063,4114,05-05-2025,19,Wallet,success
10717,7628,6679,05-01-2026,212,Wallet,success
10718,2570,4336,17-11-2025,1995,Wallet,success
10720,321,7819,25-07-2025,14,Wallet,success
10723,11560,1820,10-01-2025,701,Wallet,success
10737,6909,2770,22-09-2025,7017,Wallet,success
10741,6613,1450,11-03-2025,401,Wallet,success
10745,4992,328,21-05-2025,195,Wallet,success
10758,358,3164,21-05-2025,4001,Wallet,success
10760,11309,4853,03-05-2025,6,Wallet,success
10761,5575,5348,10-05-2025,182,Wallet,success
10765,8480,1721,02-03-2025,399,Wallet,success
10767,7953,6329,14-03-2025,680,Wallet,success
10768,3949,6275,02-10-2025,195,Wallet,success
10769,11676,7887,16-04-2025,4003,Wallet,success
10770,9902,6211,25-12-2025,2004,Wallet,success
10789,4239,3932,03-05-2025,401,Wallet,success
10793,693,7928,17-01-2025,206,Wallet,success
10807,4505,5270,10-12-2025,687,Wallet,success
10814,7026,7092,25-09-2025,698,Wallet,success
10815,10625,292,25-11-2025,185,Wallet,success
10822,1462,1518,16-04-2025,198,Wallet,success
10823,4805,5968,21-04-2025,698,Wallet,success
10824,5793,3553,12-12-2025,191,Wallet,success
10826,9253,6552,31-03-2025,201,Wallet,success
10835,8922,1427,16-07-2025,395,Wallet,success
10846,11899,1077,24-01-2025,184,Wallet,success
10860,4433,4071,25-08-2025,682,Wallet,success
10871,7851,5369,08-11-2025,188,Wallet,success
10872,2219,1025,18-03-2025,158,Wallet,success
10873,10686,7634,24-06-2025,5,Wallet,success
10887,11724,3749,17-06-2025,203,Wallet,success
10893,11069,7441,26-12-2025,6990,Wallet,success
10910,7758,7979,25-08-2025,3998,Wallet,success
10920,10631,2695,11-01-2026,5,Wallet,success
10927,8396,2910,01-01-2026,2019,Wallet,success
10933,10363,6393,04-01-2026,714,Wallet,success
10938,10457,6773,25-10-2025,2007,Wallet,success
10942,5973,2275,15-11-2025,2007,Wallet,success
10955,10086,4702,18-07-2025,135,Wallet,success
10957,11441,2122,14-02-2025,386,Wallet,success
10974,7210,447,01-03-2025,1990,Wallet,success
10975,5766,1150,03-06-2025,713,Wallet,success
10988,11893,3188,05-10-2025,700,Wallet,success
10989,4087,4098,06-02-2025,696,Wallet,success
10990,9883,6881,08-07-2025,186,Wallet,success
11000,10900,3613,21-06-2025,4018,Wallet,success
11004,10224,2636,18-03-2025,388,Wallet,success
11006,8218,5644,27-09-2025,206,Wallet,success
11013,3968,4682,17-09-2025,149,Wallet,success
11033,1364,5297,14-06-2025,203,Wallet,success
11040,10494,182,19-04-2025,704,Wallet,success
11046,4837,3098,12-09-2025,196,Wallet,success
11054,5742,2838,06-05-2025,141,Wallet,success
11063,6024,6434,02-07-2025,3989,Wallet,success
11067,1457,3784,22-06-2025,6999,Wallet,success
11075,6854,7814,17-08-2025,705,Wallet,success
11081,9914,6192,15-06-2025,194,Wallet,success
11095,9053,3420,27-09-2025,7007,Wallet,success
11113,2595,7062,13-12-2025,407,Wallet,success
11127,8858,2043,26-08-2025,687,Wallet,success
11130,8951,4563,02-07-2025,393,Wallet,success
11147,2493,6956,04-10-2025,1997,Wallet,success
11152,1924,1541,28-01-2025,1997,Wallet,success
11156,6535,1836,05-05-2025,2002,Wallet,success
11161,8790,1637,31-07-2025,205,Wallet,success
11190,9829,114,22-09-2025,3984,Wallet,success
11191,5163,179,29-05-2025,5,Wallet,success
11196,1721,3250,09-10-2025,1988,Wallet,success
11202,11724,3749,25-08-2025,193,Wallet,success
11205,11431,3158,15-10-2025,395,Wallet,success
11209,3009,7529,23-07-2025,705,Wallet,success
11210,4074,4705,01-05-2025,10,Wallet,success
11215,9731,5950,28-03-2025,3982,Wallet,success
11218,4152,7871,14-11-2025,3998,Wallet,success
11220,11537,5754,01-08-2025,154,Wallet,success
11231,3914,2360,11-06-2025,2003,Wallet,success
11239,537,3935,07-10-2025,3,Wallet,success
11256,3655,3669,24-11-2025,200,Wallet,success
11268,10259,5893,15-07-2025,3996,Wallet,success
11273,7959,6775,02-12-2025,396,Wallet,success
11276,7053,3097,09-02-2025,694,Wallet,success
11283,10410,7619,16-03-2025,146,Wallet,success
11291,9745,7165,07-10-2025,189,Wallet,success
11294,2952,1892,07-08-2025,203,Wallet,success
11300,3110,4817,04-02-2025,6992,Wallet,success
11302,10683,3969,12-04-2025,202,Wallet,success
11304,11591,4897,03-10-2025,196,Wallet,success
11305,5023,206,14-01-2026,13,Wallet,success
11307,2426,3440,20-11-2025,141,Wallet,success
11313,7296,5510,17-10-2025,1992,Wallet,success
11315,356,5413,21-10-2025,167,Wallet,success
11317,9482,528,10-02-2025,399,Wallet,success
11318,5971,5952,30-08-2025,191,Wallet,success
11322,8617,1057,21-07-2025,8,Wallet,success
11325,10328,7699,22-12-2025,406,Wallet,success
11328,1361,6415,28-09-2025,211,Wallet,success
11330,2179,7405,01-12-2025,2,Wallet,success
11332,3566,2436,10-01-2025,199,Wallet,success
11334,1713,1672,19-04-2025,378,Wallet,success
11335,1552,3463,15-03-2025,7001,Wallet,success
11336,8037,7950,21-05-2025,6992,Wallet,success
11341,9812,3355,25-08-2025,397,Wallet,success
11352,3818,6307,20-10-2025,1996,Wallet,success
11364,9437,5934,18-05-2025,6991,Wallet,success
11380,381,4714,28-07-2025,208,Wallet,success
11393,2190,4184,29-07-2025,382,Wallet,success
11398,8371,2810,13-08-2025,187,Wallet,success
11399,4605,7089,18-07-2025,6997,Wallet,success
11414,5633,5602,12-05-2025,6999,Wallet,success
11423,4334,1019,19-07-2025,2,Wallet,success
11429,1062,3332,28-11-2025,3991,Wallet,success
11441,2465,4632,01-10-2025,2006,Wallet,success
11444,4300,222,06-10-2025,382,Wallet,success
11447,4779,1101,07-11-2025,3,Wallet,success
11451,9259,4061,05-10-2025,1984,Wallet,success
11454,2789,3833,27-06-2025,714,Wallet,success
11456,10380,7895,20-10-2025,696,Wallet,success
11460,2846,2989,15-11-2025,403,Wallet,success
11470,1190,5429,13-03-2025,409,Wallet,success
11479,6289,6035,06-07-2025,407,Wallet,success
11488,4428,3970,21-04-2025,2025,Wallet,success
11490,4217,7342,08-02-2025,213,Wallet,success
11491,9806,5994,12-03-2025,705,Wallet,success
11497,11725,153,10-04-2025,199,Wallet,success
11501,4383,3988,07-08-2025,200,Wallet,success
11504,7478,4218,02-11-2025,1990,Wallet,success
11517,8272,4671,25-09-2025,4004,Wallet,success
11518,1733,5829,27-06-2025,7009,Wallet,success
11520,3375,6700,17-05-2025,145,Wallet,success
11523,5830,2197,16-12-2025,398,Wallet,success
11526,7319,3215,05-01-2026,139,Wallet,success
11536,3161,2027,08-08-2025,4009,Wallet,success
11540,10094,3973,11-01-2026,3990,Wallet,success
11541,9840,1070,27-09-2025,391,Wallet,success
11548,4930,542,20-10-2025,143,Wallet,success
11552,3871,865,15-03-2025,384,Wallet,success
11555,10501,1615,14-06-2025,701,Wallet,success
11562,9960,2572,14-03-2025,393,Wallet,success
11583,4937,6887,11-02-2025,194,Wallet,success
11594,6559,3189,06-02-2025,691,Wallet,success
11612,4182,5031,18-10-2025,5,Wallet,success
11616,4169,5076,11-10-2025,393,Wallet,success
11618,11081,7123,17-01-2025,183,Wallet,success
11623,2417,5692,16-01-2026,396,Wallet,success
11624,11271,3172,27-05-2025,200,Wallet,success
11630,10550,3803,19-10-2025,1,Wallet,success
11633,6501,4779,21-10-2025,712,Wallet,success
11637,1008,5930,30-08-2025,214,Wallet,success
11639,4931,6301,10-06-2025,7,Wallet,success
11645,1536,4657,29-01-2025,3,Wallet,success
11650,11469,7617,06-07-2025,407,Wallet,success
11660,2076,2158,31-10-2025,402,Wallet,success
11661,6834,5090,24-06-2025,687,Wallet,success
11674,6262,4229,28-07-2025,1997,Wallet,success
11691,11034,7112,11-05-2025,7,Wallet,success
11695,6039,7050,16-01-2026,420,Wallet,success
11697,1209,7142,29-11-2025,695,Wallet,success
11698,5040,7300,20-09-2025,4,Wallet,success
11701,6775,4106,15-09-2025,12,Wallet,success
11711,10481,7626,11-01-2025,2012,Wallet,success
11712,9466,2464,10-11-2025,10,Wallet,success
11713,322,4501,20-08-2025,1,Wallet,success
11715,7262,4426,09-09-2025,701,Wallet,success
11720,1963,5699,01-06-2025,3996,Wallet,success
11723,11571,2379,17-08-2025,389,Wallet,success
11729,4267,6251,17-09-2025,3,Wallet,success
11730,4099,7950,06-02-2025,3993,Wallet,success
11732,490,5180,24-06-2025,2009,Wallet,success
11746,2370,1431,05-01-2026,124,Wallet,success
11749,1708,7042,09-02-2025,207,Wallet,success
11753,6657,4166,18-01-2025,698,Wallet,success
11755,1016,1172,25-08-2025,4,Wallet,success
11756,646,3095,21-10-2025,151,Wallet,success
11758,1947,228,12-05-2025,1995,Wallet,success
11761,382,6757,12-11-2025,17,Wallet,success
11763,9066,1577,03-06-2025,192,Wallet,success
11769,10702,2369,24-04-2025,389,Wallet,success
11772,4517,6279,21-08-2025,1990,Wallet,success
11784,10961,6794,09-04-2025,212,Wallet,success
11787,7387,4768,09-04-2025,697,Wallet,success
11796,3393,2796,24-09-2025,6979,Wallet,success
11813,4519,4333,03-03-2025,7009,Wallet,success
11814,1765,13,24-04-2025,6994,Wallet,success
11815,6674,4027,06-05-2025,208,Wallet,success
11817,2363,2882,29-11-2025,206,Wallet,success
11830,10983,3845,04-05-2025,698,Wallet,success
11831,800,6356,29-01-2025,200,Wallet,success
11834,3695,6134,23-07-2025,191,Wallet,success
11844,752,5274,30-08-2025,176,Wallet,success
11851,6964,754,31-07-2025,405,Wallet,success
11857,1795,7126,01-09-2025,207,Wallet,success
11874,2838,2535,19-09-2025,7001,Wallet,success
11888,10220,4863,23-05-2025,398,Wallet,success
11890,2245,180,22-03-2025,393,Wallet,success
11894,11554,4676,07-10-2025,393,Wallet,success
11898,10830,2970,18-01-2025,707,Wallet,success
11900,11347,1176,14-11-2025,700,Wallet,success
11903,4104,783,27-07-2025,6987,Wallet,success
11909,2989,7281,21-02-2025,6998,Wallet,success
11913,3634,7522,29-06-2025,694,Wallet,success
11917,5806,6477,21-08-2025,712,Wallet,success
11918,11803,5562,25-03-2025,13,Wallet,success
11923,2739,6008,30-12-2025,401,Wallet,success
11927,9119,3527,18-07-2025,195,Wallet,success
11936,1079,4812,09-01-2025,400,Wallet,success
11951,7535,1478,03-03-2025,2,Wallet,success
11954,9884,144,18-07-2025,15,Wallet,success
11956,2392,3782,07-01-2025,134,Wallet,success
11959,9877,6988,03-10-2025,401,Wallet,success
11960,703,1576,24-01-2025,10,Wallet,success
11982,4203,5979,15-10-2025,388,Wallet,success
11994,8544,3226,08-01-2025,7002,Wallet,success
11997,8778,1411,08-11-2025,701,Wallet,success
1,8171,4888,24-09-2025,147,UPI,success
2,5551,1715,10-07-2025,134,UPI,success
4,6658,6138,13-11-2025,202,UPI,success
5,11186,1959,06-07-2025,211,UPI,success
9,7420,1414,06-01-2026,693,UPI,success
12,2943,3272,17-12-2025,691,UPI,success
24,3291,5761,06-09-2025,2004,UPI,success
32,5483,7328,05-02-2025,699,UPI,success
45,11303,5824,11-01-2025,195,UPI,success
49,9057,2296,26-05-2025,720,UPI,success
52,2382,7440,30-03-2025,204,UPI,success
64,9822,2070,03-03-2025,12,UPI,success
71,1235,6359,28-04-2025,202,UPI,success
75,6649,166,17-03-2025,201,UPI,success
77,10030,6300,18-03-2025,141,UPI,success
94,5970,969,19-12-2025,1998,UPI,success
107,9095,6291,19-11-2025,419,UPI,success
112,5474,3565,16-03-2025,3,UPI,success
122,6463,1005,20-12-2025,1980,UPI,success
124,501,829,05-11-2025,191,UPI,success
130,5261,7002,17-02-2025,4009,UPI,success
132,5192,1437,29-05-2025,697,UPI,success
150,2149,362,10-09-2025,7004,UPI,success
156,9801,102,09-01-2025,2003,UPI,success
168,1784,7961,29-09-2025,18,UPI,success
175,3148,198,12-05-2025,412,UPI,success
185,10372,1221,07-03-2025,13,UPI,success
192,9183,4690,02-02-2025,405,UPI,success
196,11111,4248,17-01-2026,406,UPI,success
215,7594,5734,05-08-2025,22,UPI,success
219,5416,5211,21-04-2025,4,UPI,success
237,10896,4274,16-05-2025,205,UPI,success
250,705,6484,19-11-2025,7010,UPI,success
251,953,6943,12-02-2025,409,UPI,success
256,7409,2887,22-03-2025,195,UPI,success
258,671,5906,30-03-2025,681,UPI,success
275,366,1338,26-08-2025,192,UPI,success
299,11415,2616,24-03-2025,2,UPI,success
306,1326,7475,15-02-2025,196,UPI,success
313,8400,261,11-01-2025,716,UPI,success
325,5224,4223,13-11-2025,4001,UPI,success
328,2429,4646,19-02-2025,5,UPI,success
334,3631,2264,07-03-2025,173,UPI,success
337,4400,763,20-09-2025,202,UPI,success
345,1550,1937,30-08-2025,198,UPI,success
346,7978,5185,17-05-2025,1,UPI,success
351,1345,6927,11-11-2025,411,UPI,success
352,9810,1242,08-08-2025,390,UPI,success
364,1976,594,30-06-2025,395,UPI,success
373,2504,1743,02-01-2025,405,UPI,success
383,354,4045,02-12-2025,6992,UPI,success
387,3318,1095,11-08-2025,195,UPI,success
389,9140,1933,12-03-2025,190,UPI,success
397,5268,7005,17-07-2025,6976,UPI,success
400,10383,119,28-03-2025,8,UPI,success
401,2632,166,11-02-2025,13,UPI,success
403,5233,6388,23-06-2025,204,UPI,success
408,6405,6815,26-07-2025,694,UPI,success
420,6500,7027,27-09-2025,1985,UPI,success
423,7210,447,06-08-2025,2003,UPI,success
428,3574,1917,13-09-2025,185,UPI,success
430,2469,3111,18-10-2025,417,UPI,success
434,11042,6979,22-04-2025,187,UPI,success
436,3272,3511,26-09-2025,144,UPI,success
446,1703,2052,30-07-2025,397,UPI,success
453,10338,3637,26-06-2025,141,UPI,success
457,11395,5908,29-03-2025,225,UPI,success
461,5231,6412,02-09-2025,225,UPI,success
462,1226,6420,19-08-2025,208,UPI,success
466,1958,1896,08-05-2025,199,UPI,success
467,413,310,29-11-2025,394,UPI,success
472,409,5997,04-03-2025,407,UPI,success
478,6323,1497,12-03-2025,199,UPI,success
479,3940,6888,13-07-2025,9,UPI,success
480,6807,5093,06-07-2025,3992,UPI,success
481,11687,6619,22-05-2025,392,UPI,success
486,2896,4177,28-09-2025,190,UPI,success
499,2354,6422,03-02-2025,405,UPI,success
502,6097,2929,16-01-2025,391,UPI,success
509,8388,5366,04-11-2025,1998,UPI,success
515,10237,5025,09-03-2025,211,UPI,success
520,1055,3245,15-05-2025,3998,UPI,success
527,5438,4601,10-09-2025,2000,UPI,success
531,3984,1865,13-02-2025,193,UPI,success
535,263,149,26-09-2025,683,UPI,success
537,7679,2974,08-10-2025,182,UPI,success
539,2221,2647,05-03-2025,1,UPI,success
546,4967,5294,25-07-2025,17,UPI,success
551,11282,875,15-01-2025,706,UPI,success
556,5750,6992,12-02-2025,1985,UPI,success
562,8614,1772,28-11-2025,6999,UPI,success
575,6783,1831,16-11-2025,219,UPI,success
577,7369,643,11-09-2025,13,UPI,success
592,11811,7205,29-03-2025,208,UPI,success
607,6128,5841,20-01-2025,697,UPI,success
614,9710,886,28-12-2025,214,UPI,success
615,8900,6727,04-01-2025,194,UPI,success
625,9850,1183,17-09-2025,11,UPI,success
628,3642,507,28-08-2025,392,UPI,success
633,11549,6950,14-03-2025,393,UPI,success
640,9292,3719,14-10-2025,1993,UPI,success
641,9023,1492,10-02-2025,15,UPI,success
642,6611,1547,19-09-2025,206,UPI,success
644,10683,3969,16-10-2025,186,UPI,success
663,8878,595,14-02-2025,195,UPI,success
669,8170,2419,25-08-2025,401,UPI,success
671,5246,3275,28-10-2025,387,UPI,success
677,7740,6757,14-07-2025,27,UPI,success
680,5237,3038,09-08-2025,3,UPI,success
684,9267,3195,03-03-2025,1988,UPI,success
690,6350,1351,14-02-2025,722,UPI,success
691,8847,4280,15-11-2025,3996,UPI,success
697,11065,1310,10-12-2025,4016,UPI,success
701,6981,7052,23-07-2025,2019,UPI,success
707,6947,3206,20-11-2025,207,UPI,success
711,8709,4738,16-09-2025,205,UPI,success
727,635,1897,07-10-2025,144,UPI,success
730,10075,7830,02-09-2025,686,UPI,success
738,2735,7006,15-01-2026,2002,UPI,success
741,428,5222,18-04-2025,705,UPI,success
743,2180,266,17-02-2025,192,UPI,success
744,11631,18,24-09-2025,3985,UPI,success
745,4860,3439,09-06-2025,394,UPI,success
749,11692,72,26-11-2025,710,UPI,success
754,10902,3682,17-09-2025,3980,UPI,success
766,897,3602,08-07-2025,188,UPI,success
769,8421,2719,07-12-2025,203,UPI,success
771,1307,6051,19-06-2025,391,UPI,success
781,6906,632,29-01-2025,685,UPI,success
782,5297,684,01-08-2025,403,UPI,success
784,10714,688,02-03-2025,2000,UPI,success
786,11947,234,09-01-2026,1986,UPI,success
787,9843,4748,28-04-2025,135,UPI,success
794,8896,4568,07-12-2025,3988,UPI,success
799,5380,3185,15-12-2025,6,UPI,success
804,7917,7987,21-12-2025,186,UPI,success
806,295,2982,05-03-2025,700,UPI,success
815,410,492,19-09-2025,142,UPI,success
824,4937,6887,22-04-2025,213,UPI,success
825,2560,4016,16-01-2025,684,UPI,success
835,3365,3245,05-01-2025,194,UPI,success
846,100,6516,14-07-2025,394,UPI,success
852,1044,1199,26-06-2025,697,UPI,success
853,610,6417,23-06-2025,210,UPI,success
856,5801,497,26-06-2025,403,UPI,success
857,2863,6826,10-01-2025,709,UPI,success
859,4754,2135,07-12-2025,4007,UPI,success
866,4467,3779,07-04-2025,694,UPI,success
870,1518,1316,19-04-2025,6993,UPI,success
871,732,2385,05-06-2025,699,UPI,success
882,2826,6061,28-05-2025,413,UPI,success
896,724,5040,12-07-2025,401,UPI,success
905,10332,6587,25-01-2025,159,UPI,success
913,7900,822,01-06-2025,703,UPI,success
914,8011,5955,15-11-2025,699,UPI,success
923,6719,2009,09-03-2025,399,UPI,success
926,673,6795,31-12-2025,15,UPI,success
927,5512,895,16-10-2025,2,UPI,success
932,3403,7107,15-04-2025,198,UPI,success
940,1965,2308,07-07-2025,6984,UPI,success
943,11305,4311,28-03-2025,380,UPI,success
947,1750,1062,04-06-2025,11,UPI,success
951,580,5488,11-03-2025,3993,UPI,success
953,7367,7170,29-09-2025,406,UPI,success
954,2512,685,15-01-2026,1992,UPI,success
959,6640,2073,05-10-2025,6,UPI,success
961,2576,4828,16-02-2025,384,UPI,success
966,1687,7770,26-11-2025,682,UPI,success
967,2564,4750,14-12-2025,388,UPI,success
969,3665,5191,14-03-2025,700,UPI,success
970,7709,5526,11-06-2025,7000,UPI,success
980,126,5421,14-11-2025,389,UPI,success
981,7940,3969,26-04-2025,695,UPI,success
988,7622,558,07-01-2025,14,UPI,success
989,10534,5242,25-07-2025,406,UPI,success
990,8630,1022,03-04-2025,8,UPI,success
991,9747,6877,25-10-2025,6980,UPI,success
992,827,7302,03-12-2025,3997,UPI,success
1009,11072,6587,16-03-2025,143,UPI,success
1023,11725,153,22-01-2025,196,UPI,success
1032,8523,1880,06-01-2026,2009,UPI,success
1035,7552,3395,20-03-2025,389,UPI,success
1036,7728,5408,29-11-2025,214,UPI,success
1040,9606,56,16-01-2026,4006,UPI,success
1045,4571,2114,06-12-2025,135,UPI,success
1046,9473,7676,18-01-2026,4017,UPI,success
1050,10285,5270,13-06-2025,1994,UPI,success
1051,8947,6939,25-07-2025,207,UPI,success
1052,11216,939,04-08-2025,8,UPI,success
1059,10850,7217,22-04-2025,686,UPI,success
1070,2641,96,12-04-2025,3,UPI,success
1073,3022,4920,25-08-2025,2010,UPI,success
1076,10391,1909,26-07-2025,405,UPI,success
1086,1578,7547,01-01-2025,1995,UPI,success
1090,2256,5627,25-05-2025,183,UPI,success
1093,5295,2445,12-03-2025,714,UPI,success
1110,4143,3376,15-01-2025,4021,UPI,success
1117,10022,3144,16-01-2026,389,UPI,success
1121,7346,5308,10-01-2025,217,UPI,success
1128,11316,1795,27-03-2025,1993,UPI,success
1133,8363,1769,20-01-2025,207,UPI,success
1147,6481,4987,16-01-2025,221,UPI,success
1157,2890,2992,30-08-2025,4012,UPI,success
1163,3050,7262,20-01-2025,687,UPI,success
1164,5551,1715,14-02-2025,133,UPI,success
1176,396,2558,30-06-2025,390,UPI,success
1182,3059,570,17-05-2025,3,UPI,success
1190,9838,1309,27-01-2025,199,UPI,success
1191,10149,5043,17-03-2025,7019,UPI,success
1204,5769,6471,03-04-2025,210,UPI,success
1206,6304,5651,15-03-2025,402,UPI,success
1209,8604,7971,31-10-2025,404,UPI,success
1220,353,3743,19-01-2025,7,UPI,success
1233,3650,3708,06-12-2025,4008,UPI,success
1234,5376,6322,21-07-2025,697,UPI,success
1249,1012,1302,27-01-2025,398,UPI,success
1253,6383,4398,20-01-2025,145,UPI,success
1271,4135,2948,17-11-2025,192,UPI,success
1272,10271,983,25-01-2025,410,UPI,success
1273,8725,6066,18-04-2025,4,UPI,success
1278,1506,2181,15-10-2025,401,UPI,success
1289,9403,7438,25-04-2025,396,UPI,success
1290,2801,1607,25-02-2025,406,UPI,success
1302,6007,7432,24-07-2025,2003,UPI,success
1304,1146,6290,28-12-2025,200,UPI,success
1310,776,5691,08-12-2025,192,UPI,success
1314,6757,4340,29-09-2025,401,UPI,success
1316,3047,7756,17-07-2025,405,UPI,success
1322,5088,3875,29-12-2025,208,UPI,success
1328,4147,151,02-01-2025,193,UPI,success
1332,681,1169,01-05-2025,406,UPI,success
1337,782,2889,09-10-2025,708,UPI,success
1339,4422,7950,21-09-2025,196,UPI,success
1344,6607,3322,10-11-2025,694,UPI,success
1347,4363,6291,02-12-2025,179,UPI,success
1351,9174,4742,17-06-2025,166,UPI,success
1354,7246,6280,11-01-2025,7002,UPI,success
1356,8201,5435,21-11-2025,397,UPI,success
1357,10881,7404,26-03-2025,200,UPI,success
1361,8050,6654,03-10-2025,1,UPI,success
1362,7546,3833,17-11-2025,15,UPI,success
1367,1894,4708,18-01-2026,696,UPI,success
1369,2192,4330,04-12-2025,123,UPI,success
1371,1317,2284,04-07-2025,208,UPI,success
1373,2521,3665,19-09-2025,713,UPI,success
1375,3344,3426,18-01-2025,171,UPI,success
1378,5380,3185,14-01-2026,1,UPI,success
1379,5920,3957,30-05-2025,131,UPI,success
1389,2118,3017,25-09-2025,6,UPI,success
1396,1768,1958,05-02-2025,7009,UPI,success
1400,9404,174,06-03-2025,717,UPI,success
1401,4318,1805,05-08-2025,21,UPI,success
1411,5994,1136,20-11-2025,19,UPI,success
1417,6811,342,23-03-2025,398,UPI,success
1420,2748,1920,04-03-2025,6993,UPI,success
1433,10719,7674,17-02-2025,403,UPI,success
1438,8702,7820,08-06-2025,7,UPI,success
1441,8468,267,27-05-2025,395,UPI,success
1443,6376,1502,18-04-2025,392,UPI,success
1446,6056,7432,17-01-2025,3982,UPI,success
1447,10815,7230,31-03-2025,138,UPI,success
1452,3947,1590,07-10-2025,3990,UPI,success
1466,6990,1432,15-06-2025,22,UPI,success
1483,6359,1310,05-07-2025,198,UPI,success
1484,8898,4481,22-10-2025,2000,UPI,success
1485,60,7182,28-09-2025,203,UPI,success
1495,5822,2736,03-08-2025,722,UPI,success
1496,3480,5113,27-06-2025,392,UPI,success
1501,4976,1118,26-02-2025,378,UPI,success
1503,5013,2703,02-11-2025,134,UPI,success
1506,7451,6052,11-12-2025,2002,UPI,success
1511,2904,4590,14-02-2025,395,UPI,success
1515,11591,4897,16-01-2025,224,UPI,success
1516,10705,2492,17-06-2025,202,UPI,success
1526,2502,1519,21-12-2025,197,UPI,success
1527,554,7130,31-12-2025,405,UPI,success
1535,7643,7861,03-03-2025,16,UPI,success
1537,8846,1423,18-07-2025,7004,UPI,success
1542,2500,2560,09-12-2025,391,UPI,success
1561,7273,6451,25-05-2025,6998,UPI,success
1564,11760,485,02-12-2025,381,UPI,success
1570,7450,330,03-07-2025,395,UPI,success
1574,2040,5720,17-10-2025,204,UPI,success
1577,2196,3793,17-04-2025,183,UPI,success
1578,2975,6137,04-10-2025,4000,UPI,success
1587,7227,2948,09-09-2025,185,UPI,success
1589,7956,5690,27-05-2025,192,UPI,success
1596,3112,248,09-10-2025,1984,UPI,success
1599,11827,2166,01-01-2026,1989,UPI,success
1601,11423,6484,12-04-2025,6993,UPI,success
1606,11668,388,16-11-2025,2016,UPI,success
1612,8758,7421,25-04-2025,397,UPI,success
1614,2470,4995,25-04-2025,13,UPI,success
1620,2272,6219,28-08-2025,705,UPI,success
1621,5067,1579,15-11-2025,193,UPI,success
1622,1619,6251,18-05-2025,187,UPI,success
1626,3237,1730,19-03-2025,193,UPI,success
1633,4514,2508,06-01-2025,6,UPI,success
1650,7949,6304,15-04-2025,2,UPI,success
1651,2510,1050,03-02-2025,2007,UPI,success
1662,1163,1235,02-08-2025,191,UPI,success
1668,1428,2980,22-03-2025,696,UPI,success
1685,1645,4157,27-09-2025,4022,UPI,success
1699,11485,6946,08-08-2025,7000,UPI,success
1703,6586,6607,27-05-2025,202,UPI,success
1711,656,7595,29-12-2025,394,UPI,success
1713,10586,4949,17-02-2025,3999,UPI,success
1716,10034,2625,22-01-2025,385,UPI,success
1721,5537,3331,16-09-2025,413,UPI,success
1725,10112,6532,02-12-2025,4003,UPI,success
1732,9705,3161,04-01-2026,6992,UPI,success
1737,213,2883,28-01-2025,9,UPI,success
1745,4630,3031,13-09-2025,214,UPI,success
1748,5792,2414,14-02-2025,200,UPI,success
1752,6575,4616,31-03-2025,9,UPI,success
1753,1531,3244,05-09-2025,198,UPI,success
1755,5110,5586,23-05-2025,407,UPI,success
1761,73,2826,30-07-2025,403,UPI,success
1768,4642,3617,08-06-2025,393,UPI,success
1770,542,6459,05-02-2025,4008,UPI,success
1779,5796,7527,02-03-2025,183,UPI,success
1780,5855,7987,21-12-2025,704,UPI,success
1786,11219,1708,11-02-2025,403,UPI,success
1793,1114,5029,29-09-2025,1,UPI,success
1802,7778,2356,01-12-2025,688,UPI,success
1814,2489,6162,01-01-2025,12,UPI,success
1819,934,6840,13-04-2025,3990,UPI,success
1821,3535,1113,17-03-2025,1989,UPI,success
1823,5382,286,15-08-2025,403,UPI,success
1826,6097,2929,28-06-2025,400,UPI,success
1839,11027,26,01-01-2025,3,UPI,success
1847,1766,6793,18-01-2026,130,UPI,success
1848,9351,1127,19-11-2025,6,UPI,success
1849,5121,7218,01-01-2025,190,UPI,success
1851,10380,7895,18-03-2025,704,UPI,success
1862,8262,646,24-01-2025,1993,UPI,success
1865,2150,7815,19-10-2025,3995,UPI,success
1866,481,1494,19-05-2025,384,UPI,success
1874,11725,153,13-05-2025,178,UPI,success
1887,5145,2026,29-08-2025,3990,UPI,success
1890,9834,921,05-12-2025,408,UPI,success
1896,1200,4767,28-12-2025,2007,UPI,success
1898,9742,4980,19-05-2025,408,UPI,success
1900,7112,7342,01-01-2026,192,UPI,success
1903,5986,7558,12-03-2025,2006,UPI,success
1914,4373,5040,19-08-2025,5,UPI,success
1921,434,5939,20-11-2025,2009,UPI,success
1926,11829,1348,06-12-2025,5,UPI,success
1936,2674,7296,10-09-2025,1984,UPI,success
1942,539,1311,04-10-2025,1982,UPI,success
1946,2111,6775,24-08-2025,6991,UPI,success
1952,1657,2774,26-10-2025,199,UPI,success
1957,2923,6854,05-03-2025,7003,UPI,success
1965,521,2828,12-12-2025,20,UPI,success
1966,4582,7781,21-06-2025,4,UPI,success
1968,9262,1237,12-03-2025,693,UPI,success
1979,11837,7293,11-10-2025,202,UPI,success
1982,542,6459,13-04-2025,4003,UPI,success
1984,4442,858,06-04-2025,386,UPI,success
1988,3666,1919,06-12-2025,6974,UPI,success
1990,2470,4995,13-06-2025,4,UPI,success
2013,5889,6597,12-11-2025,6993,UPI,success
2019,6983,1069,03-11-2025,692,UPI,success
2027,6098,2484,16-01-2026,6992,UPI,success
2033,2644,141,28-03-2025,677,UPI,success
2034,8001,167,09-12-2025,702,UPI,success
2036,7727,1402,24-08-2025,199,UPI,success
2039,2942,2158,30-04-2025,381,UPI,success
2044,8425,6956,21-01-2025,195,UPI,success
2045,10925,1935,29-10-2025,2014,UPI,success
2048,10085,7980,15-10-2025,6990,UPI,success
2049,8150,7596,19-07-2025,21,UPI,success
2051,8487,5151,19-03-2025,147,UPI,success
2066,11111,4248,12-05-2025,391,UPI,success
2077,5282,2081,24-03-2025,2002,UPI,success
2079,8882,4281,12-01-2026,6,UPI,success
2085,11743,3408,16-06-2025,3994,UPI,success
2092,9005,5523,02-01-2026,1994,UPI,success
2093,11111,4248,29-11-2025,391,UPI,success
2094,11780,5153,26-02-2025,394,UPI,success
2104,718,7092,14-01-2026,201,UPI,success
2106,2194,530,31-01-2025,374,UPI,success
2107,4651,3950,02-06-2025,419,UPI,success
2111,11940,1413,12-04-2025,197,UPI,success
2116,9459,6179,29-04-2025,6993,UPI,success
2117,10583,5186,08-10-2025,397,UPI,success
2121,9851,911,22-11-2025,139,UPI,success
2125,11521,5947,09-11-2025,2001,UPI,success
2127,11826,3115,06-07-2025,202,UPI,success
2137,2978,6059,27-10-2025,210,UPI,success
2149,6403,4543,02-11-2025,213,UPI,success
2150,699,6834,23-01-2025,6,UPI,success
2155,2796,7275,05-01-2025,403,UPI,success
2157,4038,6304,26-06-2025,218,UPI,success
2164,7052,2416,04-09-2025,6,UPI,success
2165,4962,3363,04-12-2025,394,UPI,success
2166,4025,4834,08-01-2025,9,UPI,success
2170,2530,6584,17-03-2025,688,UPI,success
2173,3849,6014,28-02-2025,183,UPI,success
2176,4290,7948,09-03-2025,3992,UPI,success
2180,6122,5875,25-08-2025,3984,UPI,success
2181,105,3785,26-06-2025,1991,UPI,success
2201,1627,5773,06-11-2025,192,UPI,success
2206,8260,3017,12-11-2025,4004,UPI,success
2208,1725,3993,25-11-2025,383,UPI,success
2216,762,7803,03-06-2025,414,UPI,success
2230,7482,3414,17-07-2025,3990,UPI,success
2234,3325,5281,01-02-2025,203,UPI,success
2235,8291,1938,03-06-2025,399,UPI,success
2238,11046,7211,27-08-2025,204,UPI,success
2239,10554,2344,02-06-2025,398,UPI,success
2242,663,6218,27-12-2025,194,UPI,success
2244,6887,3300,04-03-2025,192,UPI,success
2246,4619,7699,14-04-2025,1,UPI,success
2248,3907,6367,14-04-2025,206,UPI,success
2250,1384,6968,17-07-2025,404,UPI,success
2254,3984,1865,31-07-2025,179,UPI,success
2259,3288,171,26-05-2025,4022,UPI,success
2263,11860,6750,10-11-2025,3997,UPI,success
2265,7711,7658,15-12-2025,145,UPI,success
2276,2229,1716,12-05-2025,189,UPI,success
2290,3028,4490,29-09-2025,390,UPI,success
2291,7584,4154,09-01-2025,7013,UPI,success
2296,1217,756,05-01-2025,379,UPI,success
2304,11352,6484,18-10-2025,4017,UPI,success
2305,11276,7751,22-09-2025,700,UPI,success
2306,5744,7623,24-03-2025,208,UPI,success
2309,8353,1034,19-09-2025,415,UPI,success
2312,6993,3548,03-09-2025,12,UPI,success
2327,9623,7452,09-01-2026,2,UPI,success
2334,1822,7686,24-10-2025,700,UPI,success
2344,4239,3932,13-09-2025,380,UPI,success
2349,6405,6815,11-05-2025,700,UPI,success
2360,2996,5358,03-02-2025,393,UPI,success
2377,526,2902,13-04-2025,3978,UPI,success
2388,11162,6909,17-01-2026,7014,UPI,success
2390,10201,5660,24-09-2025,407,UPI,success
2392,8777,5165,09-10-2025,403,UPI,success
2402,6645,7093,28-06-2025,6,UPI,success
2403,10719,7674,09-10-2025,398,UPI,success
2424,6516,1,20-04-2025,3998,UPI,success
2429,10754,3731,06-11-2025,153,UPI,success
2430,5035,1391,18-10-2025,3993,UPI,success
2434,8115,4646,25-07-2025,3,UPI,success
2448,724,5040,09-05-2025,396,UPI,success
2465,8597,1767,07-02-2025,1993,UPI,success
2466,2712,451,20-03-2025,406,UPI,success
2474,978,1880,14-03-2025,390,UPI,success
2478,2838,2535,26-03-2025,6998,UPI,success
2480,10831,2008,23-08-2025,4,UPI,success
2491,20,2987,10-01-2025,184,UPI,success
2492,10422,5491,30-01-2025,6977,UPI,success
2493,3861,4011,02-01-2025,206,UPI,success
2494,1367,6863,06-11-2025,199,UPI,success
2495,947,83,12-11-2025,702,UPI,success
2502,755,919,23-01-2025,401,UPI,success
2509,9376,5387,15-07-2025,691,UPI,success
2510,1626,3088,04-09-2025,128,UPI,success
2512,3584,5899,02-06-2025,9,UPI,success
2514,8307,5775,08-01-2026,1997,UPI,success
2518,960,4096,02-07-2025,410,UPI,success
2526,1,4775,18-01-2025,700,UPI,success
2527,11860,6750,01-02-2025,3989,UPI,success
2536,917,4203,09-01-2025,133,UPI,success
2541,6616,5636,07-04-2025,1992,UPI,success
2544,4196,1959,29-01-2025,2,UPI,success
2553,8055,5016,12-08-2025,180,UPI,success
2560,11575,3036,16-11-2025,1985,UPI,success
2567,8022,6942,04-10-2025,694,UPI,success
2580,10240,7602,23-03-2025,6,UPI,success
2585,11802,1612,08-07-2025,4002,UPI,success
2587,1636,2964,10-05-2025,401,UPI,success
2589,7219,2425,10-04-2025,399,UPI,success
2590,9533,1832,10-01-2025,2,UPI,success
2609,324,5994,22-06-2025,682,UPI,success
2610,7077,5695,30-03-2025,2005,UPI,success
2621,9562,5478,12-04-2025,1977,UPI,success
2639,1205,5335,05-05-2025,699,UPI,success
2644,6741,6166,26-03-2025,194,UPI,success
2648,7714,7123,18-04-2025,3995,UPI,success
2663,7718,2744,27-07-2025,402,UPI,success
2664,3551,7138,23-09-2025,198,UPI,success
2666,4558,4316,03-06-2025,1993,UPI,success
2672,9512,5158,25-08-2025,704,UPI,success
2676,9567,5485,26-02-2025,3987,UPI,success
2680,9817,1762,12-06-2025,1998,UPI,success
2683,11443,2942,02-08-2025,7004,UPI,success
2695,8855,7244,12-06-2025,708,UPI,success
2696,3429,2050,08-05-2025,6994,UPI,success
2698,8442,3766,31-12-2025,149,UPI,success
2704,6531,2170,10-10-2025,389,UPI,success
2706,2903,3561,27-07-2025,1,UPI,success
2709,507,206,09-06-2025,2012,UPI,success
2716,4394,1617,08-12-2025,400,UPI,success
2717,5852,3046,26-09-2025,2016,UPI,success
2719,4796,1838,27-06-2025,3990,UPI,success
2726,3380,1886,06-08-2025,6984,UPI,success
2727,3834,4441,06-04-2025,207,UPI,success
2731,1484,1501,28-07-2025,7003,UPI,success
2732,2828,5622,24-05-2025,700,UPI,success
2736,3099,7056,18-01-2025,4008,UPI,success
2737,760,7732,21-07-2025,204,UPI,success
2742,652,1704,05-05-2025,172,UPI,success
2751,6593,4966,06-01-2025,407,UPI,success
2752,8080,415,25-03-2025,408,UPI,success
2756,5798,4977,19-07-2025,407,UPI,success
2765,9887,5515,19-04-2025,3979,UPI,success
2771,10237,5025,07-12-2025,198,UPI,success
2772,1949,1627,29-07-2025,704,UPI,success
2779,1552,3463,15-08-2025,6990,UPI,success
2784,281,2358,05-01-2025,3997,UPI,success
2789,4290,7948,13-01-2026,4019,UPI,success
2805,9883,6881,12-09-2025,206,UPI,success
2821,1950,1351,17-03-2025,205,UPI,success
2824,5871,7427,09-08-2025,711,UPI,success
2826,710,4980,09-02-2025,1985,UPI,success
2828,963,3935,23-07-2025,199,UPI,success
2829,47,4165,12-02-2025,398,UPI,success
2830,8364,3228,10-07-2025,694,UPI,success
2832,8530,7409,15-11-2025,403,UPI,success
2843,5002,2253,30-01-2025,4,UPI,success
2844,958,5049,28-01-2025,406,UPI,success
2851,20,2987,11-03-2025,204,UPI,success
2863,4959,5007,14-05-2025,3995,UPI,success
2864,9556,6936,15-08-2025,1988,UPI,success
2867,10175,394,02-08-2025,17,UPI,success
2872,8719,7754,02-07-2025,6999,UPI,success
2875,8790,1637,26-02-2025,210,UPI,success
2876,6971,2000,27-03-2025,9,UPI,success
2882,11824,7386,23-08-2025,173,UPI,success
2886,11414,1208,15-12-2025,1,UPI,success
2887,7521,1399,28-03-2025,10,UPI,success
2891,772,956,10-12-2025,384,UPI,success
2896,9459,6179,06-01-2025,7003,UPI,success
2908,408,6241,08-07-2025,719,UPI,success
2917,3560,794,10-08-2025,704,UPI,success
2918,6482,18,18-12-2025,1999,UPI,success
2925,7907,6070,02-04-2025,2,UPI,success
2931,6808,6743,28-12-2025,407,UPI,success
2933,550,1971,20-11-2025,402,UPI,success
2937,11618,1142,22-08-2025,4,UPI,success
2939,10464,5978,16-07-2025,692,UPI,success
2942,3773,5386,29-01-2025,1997,UPI,success
2963,8941,3782,03-02-2025,705,UPI,success
2971,7691,299,08-10-2025,397,UPI,success
2972,7381,2896,23-04-2025,7019,UPI,success
2974,4280,396,25-09-2025,4001,UPI,success
2975,7255,330,19-08-2025,6979,UPI,success
2976,11987,6228,03-09-2025,211,UPI,success
2979,10554,2344,03-01-2026,393,UPI,success
2986,2010,3973,28-06-2025,1,UPI,success
2997,11170,6139,08-09-2025,181,UPI,success
3010,2866,1213,23-08-2025,207,UPI,success
3019,97,996,18-06-2025,7006,UPI,success
3021,2351,6306,15-07-2025,151,UPI,success
3025,4947,4583,17-07-2025,4002,UPI,success
3031,561,4442,13-08-2025,7000,UPI,success
3040,9382,2532,27-01-2025,190,UPI,success
3042,5032,2847,07-11-2025,2003,UPI,success
3044,6212,6121,19-07-2025,4014,UPI,success
3049,6102,5168,10-11-2025,192,UPI,success
3059,1596,4646,12-08-2025,686,UPI,success
3061,9728,3269,23-08-2025,156,UPI,success
3064,1169,6439,23-12-2025,405,UPI,success
3066,9092,7791,07-10-2025,4000,UPI,success
3067,7595,1069,30-05-2025,4022,UPI,success
3072,7951,5367,19-06-2025,1996,UPI,success
3079,2899,1205,19-12-2025,3999,UPI,success
3089,8624,1522,08-05-2025,1991,UPI,success
3093,3852,7802,27-04-2025,4,UPI,success
3095,9867,916,07-09-2025,1996,UPI,success
3099,2599,4180,27-08-2025,406,UPI,success
3102,6233,7800,30-03-2025,379,UPI,success
3104,4963,7550,10-09-2025,8,UPI,success
3107,1687,7770,17-08-2025,690,UPI,success
3109,7754,3749,11-10-2025,2010,UPI,success
3112,8298,5210,08-07-2025,180,UPI,success
3115,5689,6128,01-10-2025,689,UPI,success
3124,1844,3614,26-09-2025,2027,UPI,success
3126,11252,4064,05-09-2025,401,UPI,success
3129,7993,859,27-12-2025,12,UPI,success
3134,1321,2551,06-08-2025,4010,UPI,success
3136,2057,7966,20-10-2025,6996,UPI,success
3139,5307,5949,23-10-2025,3986,UPI,success
3141,1486,4617,13-04-2025,140,UPI,success
3144,918,922,30-09-2025,1993,UPI,success
3146,2956,1600,26-10-2025,398,UPI,success
3152,7966,5349,22-08-2025,4,UPI,success
3158,10175,394,19-02-2025,6,UPI,success
3166,11660,2563,15-01-2025,4,UPI,success
3192,2548,2299,18-02-2025,7000,UPI,success
3202,7848,849,04-12-2025,1993,UPI,success
3203,187,5564,29-03-2025,1999,UPI,success
3206,11573,7956,31-12-2025,217,UPI,success
3207,2343,3561,10-01-2026,397,UPI,success
3217,1398,7678,21-07-2025,396,UPI,success
3243,11604,7198,01-04-2025,2,UPI,success
3244,11859,100,09-08-2025,2007,UPI,success
3245,4297,4772,11-03-2025,201,UPI,success
3253,1516,6403,20-12-2025,205,UPI,success
3254,577,5640,23-05-2025,19,UPI,success
3260,11177,2540,28-09-2025,203,UPI,success
3262,1059,365,20-12-2025,4000,UPI,success
3266,1247,253,12-06-2025,701,UPI,success
3271,2793,6417,27-06-2025,139,UPI,success
3280,8036,6132,16-12-2025,7024,UPI,success
3289,912,7585,13-10-2025,4005,UPI,success
3294,10818,6971,23-08-2025,395,UPI,success
3299,8022,6942,31-03-2025,683,UPI,success
3311,5052,5513,03-01-2025,171,UPI,success
3315,1741,510,29-06-2025,197,UPI,success
3321,7953,6329,20-02-2025,696,UPI,success
3327,886,6610,10-03-2025,4004,UPI,success
3328,10279,6420,07-01-2025,704,UPI,success
3329,10856,6837,02-01-2025,4011,UPI,success
3334,10733,7864,03-06-2025,2007,UPI,success
3337,6393,2790,11-11-2025,197,UPI,success
3339,641,1970,09-06-2025,2002,UPI,success
3340,4101,4034,20-09-2025,400,UPI,success
3343,10479,3310,19-05-2025,402,UPI,success
3346,6471,178,28-04-2025,408,UPI,success
3354,2805,459,08-09-2025,1993,UPI,success
3359,4775,7412,06-05-2025,696,UPI,success
3369,2400,1811,15-12-2025,402,UPI,success
3370,11571,2379,23-10-2025,391,UPI,success
3374,5926,2612,30-05-2025,4008,UPI,success
3375,1156,7274,22-05-2025,214,UPI,success
3389,5939,6556,24-02-2025,204,UPI,success
3392,1582,3940,11-03-2025,160,UPI,success
3396,8401,5827,25-06-2025,401,UPI,success
3397,3459,5753,27-08-2025,697,UPI,success
3410,6544,777,15-01-2026,398,UPI,success
3432,7836,7392,18-11-2025,404,UPI,success
3433,5173,4449,23-10-2025,404,UPI,success
3445,5197,3193,01-01-2026,403,UPI,success
3454,5671,7115,06-06-2025,14,UPI,success
3460,3008,644,26-10-2025,6992,UPI,success
3465,9567,5485,22-02-2025,4025,UPI,success
3491,10698,7519,16-01-2025,138,UPI,success
3494,4495,2061,26-08-2025,408,UPI,success
3495,2635,7857,25-01-2025,395,UPI,success
3498,4855,2387,18-11-2025,206,UPI,success
3501,1190,5429,29-01-2025,395,UPI,success
3504,2322,6842,16-05-2025,403,UPI,success
3506,2983,7053,03-05-2025,20,UPI,success
3508,1367,6863,02-01-2026,208,UPI,success
3511,1580,6467,01-05-2025,133,UPI,success
3527,5898,4913,15-01-2025,402,UPI,success
3533,2853,7134,15-03-2025,206,UPI,success
3545,4255,277,05-01-2026,1,UPI,success
3553,5235,3602,26-06-2025,199,UPI,success
3558,8682,2506,21-08-2025,191,UPI,success
3560,6506,6516,01-10-2025,165,UPI,success
3567,7925,7522,28-10-2025,2001,UPI,success
3573,5523,3340,03-01-2026,7,UPI,success
3574,11561,4166,24-12-2025,404,UPI,success
3576,9796,455,12-01-2025,396,UPI,success
3580,5749,701,22-10-2025,208,UPI,success
3581,1416,5694,24-10-2025,4,UPI,success
3583,11163,4777,19-07-2025,701,UPI,success
3588,10865,5736,05-03-2025,3993,UPI,success
3598,1699,3557,05-07-2025,157,UPI,success
3599,1583,7746,28-12-2025,181,UPI,success
3617,8462,3295,12-08-2025,697,UPI,success
3618,11221,4252,14-11-2025,211,UPI,success
3628,93,7409,12-09-2025,190,UPI,success
3630,4364,7823,15-01-2025,11,UPI,success
3636,3939,7027,30-12-2025,3990,UPI,success
3637,10092,7511,15-10-2025,191,UPI,success
3639,1862,5217,12-07-2025,7006,UPI,success
3643,9421,2344,06-01-2026,1,UPI,success
3645,597,6500,20-12-2025,392,UPI,success
3650,850,6025,25-05-2025,4010,UPI,success
3667,10308,2497,10-06-2025,190,UPI,success
3681,188,3287,15-01-2026,3990,UPI,success
3683,10380,7895,10-04-2025,689,UPI,success
3690,5602,736,18-03-2025,138,UPI,success
3696,2612,797,25-06-2025,702,UPI,success
3700,6322,2550,08-09-2025,390,UPI,success
3702,8328,6561,17-05-2025,197,UPI,success
3709,10414,7571,07-09-2025,13,UPI,success
3711,1662,1845,19-05-2025,182,UPI,success
3714,6325,7148,09-12-2025,698,UPI,success
3716,879,4946,23-01-2025,689,UPI,success
3717,7531,1148,06-11-2025,397,UPI,success
3729,3877,3453,14-01-2025,386,UPI,success
3736,10944,3902,12-02-2025,387,UPI,success
3740,5084,5881,02-01-2026,142,UPI,success
3742,2989,7281,22-07-2025,6988,UPI,success
3746,9090,657,25-11-2025,692,UPI,success
3749,7657,5255,19-05-2025,187,UPI,success
3755,2531,559,07-01-2025,689,UPI,success
3757,11979,5894,25-06-2025,410,UPI,success
3758,11550,7980,02-06-2025,195,UPI,success
3759,112,5566,04-02-2025,406,UPI,success
3760,33,7402,02-01-2026,197,UPI,success
3765,1867,7802,14-01-2026,1997,UPI,success
3769,8386,5820,08-04-2025,194,UPI,success
3770,9314,2872,06-04-2025,201,UPI,success
3778,9267,3195,12-12-2025,1994,UPI,success
3779,3406,7540,19-04-2025,1,UPI,success
3780,8227,323,29-11-2025,201,UPI,success
3783,7551,6370,21-01-2025,6990,UPI,success
3788,341,5803,17-10-2025,3,UPI,success
3792,5614,4262,21-06-2025,186,UPI,success
3796,3770,3449,01-12-2025,3989,UPI,success
3800,6446,7159,29-07-2025,689,UPI,success
3808,2423,2823,14-02-2025,203,UPI,success
3813,11755,3330,29-10-2025,192,UPI,success
3823,8240,2967,05-03-2025,404,UPI,success
3825,3202,4502,28-12-2025,6990,UPI,success
3828,9505,5827,08-07-2025,386,UPI,success
3833,7161,464,30-08-2025,187,UPI,success
3834,10908,6038,03-01-2025,195,UPI,success
3844,537,3935,09-02-2025,16,UPI,success
3846,4923,5895,11-03-2025,220,UPI,success
3847,3615,3470,07-11-2025,7006,UPI,success
3861,5260,4637,19-08-2025,387,UPI,success
3872,2889,6338,15-10-2025,694,UPI,success
3878,2990,126,23-01-2025,406,UPI,success
3880,10961,6794,31-05-2025,202,UPI,success
3887,11985,5425,17-07-2025,208,UPI,success
3889,10270,5758,13-05-2025,7006,UPI,success
3890,10479,3310,16-05-2025,415,UPI,success
3898,1866,4963,06-07-2025,142,UPI,success
3903,10107,1505,11-07-2025,697,UPI,success
3905,9323,3014,17-01-2025,7008,UPI,success
3911,2260,1566,09-01-2026,392,UPI,success
3915,11375,169,25-11-2025,1989,UPI,success
3917,1412,7457,12-09-2025,383,UPI,success
3923,3602,5600,18-08-2025,704,UPI,success
3925,4240,5144,25-06-2025,211,UPI,success
3933,2043,1066,29-05-2025,3986,UPI,success
3936,6635,2834,10-10-2025,696,UPI,success
3938,6626,4712,24-06-2025,6996,UPI,success
3940,2256,5627,07-04-2025,202,UPI,success
3943,8225,1485,22-11-2025,384,UPI,success
3949,6398,1024,11-09-2025,207,UPI,success
3952,1796,2766,29-11-2025,406,UPI,success
3956,5831,4923,27-03-2025,388,UPI,success
3957,10510,96,10-11-2025,371,UPI,success
3965,1649,135,30-12-2025,394,UPI,success
3970,5908,6943,19-07-2025,10,UPI,success
3974,1330,1342,23-02-2025,402,UPI,success
3980,10278,1345,03-07-2025,186,UPI,success
3983,7211,6571,14-04-2025,4,UPI,success
3989,492,2065,06-12-2025,694,UPI,success
3997,9944,5700,20-04-2025,401,UPI,success
3998,6607,3322,14-09-2025,688,UPI,success
4005,5364,3722,14-09-2025,683,UPI,success
4007,4102,5578,20-02-2025,1982,UPI,success
4012,2738,3346,24-06-2025,3985,UPI,success
4016,3133,4527,28-12-2025,705,UPI,success
4020,478,5537,21-01-2025,696,UPI,success
4024,11489,5950,13-09-2025,211,UPI,success
4028,2450,406,22-02-2025,2005,UPI,success
4032,7525,3736,03-09-2025,1998,UPI,success
4033,11396,3945,01-09-2025,200,UPI,success
4038,5851,4749,25-04-2025,6995,UPI,success
4039,6258,826,01-08-2025,409,UPI,success
4045,6468,5948,18-04-2025,197,UPI,success
4050,1377,6667,09-11-2025,4006,UPI,success
4066,9792,7228,01-05-2025,193,UPI,success
4071,11256,209,03-10-2025,4,UPI,success
4077,5726,6527,23-05-2025,197,UPI,success
4083,812,7672,30-01-2025,1999,UPI,success
4094,2406,6880,06-12-2025,197,UPI,success
4098,2991,2314,11-01-2026,1969,UPI,success
4107,7263,2612,26-10-2025,188,UPI,success
4120,3290,6630,26-01-2025,196,UPI,success
4124,3273,6308,12-07-2025,404,UPI,success
4127,9315,2927,01-06-2025,2006,UPI,success
4130,9860,3182,23-05-2025,4016,UPI,success
4135,7781,7301,25-06-2025,391,UPI,success
4136,3206,7811,31-03-2025,182,UPI,success
4152,2904,4590,04-10-2025,384,UPI,success
4155,2335,7262,01-01-2026,378,UPI,success
4162,4666,6176,25-12-2025,204,UPI,success
4166,10397,2327,08-10-2025,2001,UPI,success
4170,6777,6912,16-06-2025,704,UPI,success
4174,7113,652,17-02-2025,201,UPI,success
4176,4312,1401,28-04-2025,2001,UPI,success
4183,10168,1385,09-12-2025,2000,UPI,success
4185,11249,6495,08-11-2025,4011,UPI,success
4196,2429,4646,13-06-2025,11,UPI,success
4225,11586,5090,28-07-2025,407,UPI,success
4226,4886,7296,17-11-2025,4017,UPI,success
4232,981,7789,26-10-2025,431,UPI,success
4235,10998,32,03-04-2025,2005,UPI,success
4241,8247,7602,11-11-2025,1988,UPI,success
4244,3994,6982,25-09-2025,399,UPI,success
4247,8933,6891,08-07-2025,213,UPI,success
4252,9700,4092,23-09-2025,693,UPI,success
4256,8063,1694,06-08-2025,189,UPI,success
4259,1399,2850,31-05-2025,18,UPI,success
4262,1109,3903,10-08-2025,3987,UPI,success
4272,1317,2284,01-04-2025,190,UPI,success
4274,9567,5485,04-07-2025,4010,UPI,success
4293,6102,5168,13-09-2025,207,UPI,success
4304,6254,2761,04-01-2025,690,UPI,success
4328,3233,2121,19-05-2025,681,UPI,success
4332,10265,5623,24-02-2025,2004,UPI,success
4345,4211,19,12-08-2025,202,UPI,success
4356,5872,6767,14-10-2025,405,UPI,success
4358,7542,3445,02-02-2025,197,UPI,success
4359,1724,3507,21-11-2025,147,UPI,success
4362,11004,1002,11-01-2025,399,UPI,success
4366,5608,6861,14-11-2025,407,UPI,success
4373,4951,1361,14-08-2025,3979,UPI,success
4375,6151,2304,03-01-2026,194,UPI,success
4376,9984,7151,19-03-2025,701,UPI,success
4380,1609,6801,04-10-2025,2003,UPI,success
4383,9525,4451,13-03-2025,4005,UPI,success
4386,597,6500,25-04-2025,408,UPI,success
4389,3084,4895,16-01-2025,144,UPI,success
4393,5534,264,26-02-2025,3,UPI,success
4402,5,6896,28-01-2025,196,UPI,success
4410,10038,4488,30-07-2025,194,UPI,success
4420,7987,2388,23-05-2025,687,UPI,success
4431,5052,5513,02-08-2025,213,UPI,success
4441,7041,2874,06-09-2025,158,UPI,success
4442,6595,3678,24-11-2025,1997,UPI,success
4456,11081,7123,14-09-2025,209,UPI,success
4460,8855,7244,17-12-2025,690,UPI,success
4471,229,7724,29-11-2025,4007,UPI,success
4475,10715,6117,28-03-2025,2010,UPI,success
4476,746,7345,25-10-2025,218,UPI,success
4478,1122,3150,08-05-2025,685,UPI,success
4481,8627,3797,19-11-2025,4001,UPI,success
4484,4591,908,27-06-2025,6,UPI,success
4488,8974,6438,04-09-2025,7002,UPI,success
4491,3798,2173,01-12-2025,2007,UPI,success
4492,6269,1526,24-06-2025,705,UPI,success
4498,11505,2690,21-11-2025,6994,UPI,success
4500,6183,6290,30-05-2025,162,UPI,success
4501,6450,2723,18-10-2025,140,UPI,success
4502,845,4194,12-09-2025,208,UPI,success
4505,5809,3030,01-05-2025,380,UPI,success
4506,5075,2209,24-12-2025,6990,UPI,success
4513,11332,5180,28-09-2025,197,UPI,success
4517,10469,6564,14-06-2025,192,UPI,success
4534,10182,4384,21-11-2025,4004,UPI,success
4538,123,4212,07-01-2025,386,UPI,success
4542,7653,6305,25-10-2025,7014,UPI,success
4543,7331,5765,11-01-2025,24,UPI,success
4555,9140,1933,06-10-2025,199,UPI,success
4556,9098,7255,19-07-2025,703,UPI,success
4565,3736,6101,26-10-2025,199,UPI,success
4566,10032,1922,16-05-2025,403,UPI,success
4572,2760,2673,23-05-2025,399,UPI,success
4580,8090,979,30-08-2025,1989,UPI,success
4584,11624,6439,20-11-2025,6992,UPI,success
4585,11354,209,11-11-2025,700,UPI,success
4593,11426,709,19-12-2025,693,UPI,success
4597,90,1148,30-06-2025,206,UPI,success
4602,5999,4466,08-02-2025,12,UPI,success
4603,5374,2518,27-07-2025,1999,UPI,success
4619,11609,6312,01-09-2025,705,UPI,success
4639,8024,4622,16-06-2025,695,UPI,success
4642,11814,2734,14-09-2025,685,UPI,success
4645,7982,7875,07-02-2025,396,UPI,success
4661,1548,7587,26-04-2025,11,UPI,success
4663,10425,7349,10-11-2025,1991,UPI,success
4664,10731,3619,13-12-2025,7011,UPI,success
4667,9769,7446,09-10-2025,397,UPI,success
4669,8523,1880,19-10-2025,1997,UPI,success
4671,4076,6457,22-10-2025,140,UPI,success
4674,10405,3766,16-05-2025,4,UPI,success
4678,6967,7699,18-06-2025,193,UPI,success
4683,4555,28,09-04-2025,1989,UPI,success
4690,3366,694,08-07-2025,164,UPI,success
4701,6705,315,14-11-2025,196,UPI,success
4702,8205,36,13-12-2025,7002,UPI,success
4703,10353,3765,31-08-2025,410,UPI,success
4706,1491,7378,21-12-2025,191,UPI,success
4717,6303,2349,30-08-2025,3991,UPI,success
4720,9450,6656,10-01-2025,193,UPI,success
4743,4369,4592,19-11-2025,8,UPI,success
4756,7254,4095,14-09-2025,189,UPI,success
4758,9628,7939,04-01-2025,3987,UPI,success
4759,10845,1717,20-01-2025,201,UPI,success
4771,10219,316,30-09-2025,393,UPI,success
4775,478,5537,16-01-2026,713,UPI,success
4801,2344,6781,23-02-2025,209,UPI,success
4811,11724,3749,24-06-2025,210,UPI,success
4815,2578,3570,26-01-2025,149,UPI,success
4828,2618,4559,14-04-2025,1992,UPI,success
4869,8251,683,04-11-2025,15,UPI,success
4873,10070,4444,19-10-2025,4,UPI,success
4874,8018,4893,10-10-2025,196,UPI,success
4881,11587,7913,29-08-2025,149,UPI,success
4886,535,1069,11-01-2026,200,UPI,success
4890,2405,3593,02-10-2025,394,UPI,success
4893,3589,1590,10-07-2025,210,UPI,success
4901,11199,7492,16-02-2025,4007,UPI,success
4906,4010,2897,24-02-2025,1987,UPI,success
4908,3308,4585,24-09-2025,4005,UPI,success
4922,9613,1937,29-04-2025,1996,UPI,success
4927,8722,5758,22-05-2025,151,UPI,success
4928,8713,493,09-10-2025,179,UPI,success
4929,3642,507,09-10-2025,391,UPI,success
4930,3952,3097,18-02-2025,396,UPI,success
4948,63,2555,15-10-2025,4015,UPI,success
4956,10589,7438,10-09-2025,2,UPI,success
4961,1768,1958,13-01-2025,6998,UPI,success
4964,2855,6189,06-11-2025,7005,UPI,success
4975,10283,5920,22-10-2025,3993,UPI,success
4982,8806,2823,10-08-2025,690,UPI,success
4986,3330,3484,29-09-2025,4003,UPI,success
4989,6771,209,26-09-2025,1998,UPI,success
4991,1573,3547,12-01-2025,21,UPI,success
4996,2779,4060,09-10-2025,387,UPI,success
4998,8005,1824,01-03-2025,12,UPI,success
5003,11796,852,09-07-2025,407,UPI,success
5009,11760,485,10-01-2026,412,UPI,success
5011,1542,5790,11-08-2025,210,UPI,success
5013,2764,4881,10-04-2025,150,UPI,success
5014,5193,1283,05-12-2025,5,UPI,success
5017,11,1820,17-08-2025,705,UPI,success
5023,7006,3002,08-11-2025,1986,UPI,success
5024,1760,1044,29-11-2025,1998,UPI,success
5027,3642,507,23-04-2025,392,UPI,success
5037,2391,3713,22-02-2025,203,UPI,success
5038,8636,3266,15-06-2025,7006,UPI,success
5044,1588,1855,11-09-2025,698,UPI,success
5052,10069,6457,26-11-2025,190,UPI,success
5053,4405,6629,13-06-2025,5,UPI,success
5060,1741,510,23-04-2025,201,UPI,success
5067,11020,7817,04-01-2025,202,UPI,success
5070,3617,6073,07-02-2025,402,UPI,success
5076,3551,7138,16-11-2025,191,UPI,success
5078,2055,640,03-01-2025,378,UPI,success
5091,11099,627,04-10-2025,3,UPI,success
5093,288,3052,02-10-2025,142,UPI,success
5094,10867,3143,10-02-2025,697,UPI,success
5096,6307,516,16-03-2025,5,UPI,success
5098,2739,6008,27-05-2025,402,UPI,success
5100,8408,970,31-03-2025,6981,UPI,success
5103,3564,91,10-10-2025,217,UPI,success
5108,8564,5420,03-12-2025,704,UPI,success
5110,10645,6293,13-06-2025,209,UPI,success
5116,8475,5126,20-01-2025,199,UPI,success
5132,10843,5827,05-11-2025,16,UPI,success
5145,11868,1743,23-07-2025,3999,UPI,success
5147,2252,7753,21-09-2025,160,UPI,success
5153,8459,6126,10-10-2025,190,UPI,success
5159,10133,1891,24-01-2025,686,UPI,success
5160,4528,5819,15-01-2025,397,UPI,success
5181,1264,4016,16-02-2025,6993,UPI,success
5182,10217,3500,07-01-2026,3997,UPI,success
5186,1571,1600,26-10-2025,145,UPI,success
5188,1988,6003,29-06-2025,201,UPI,success
5189,10131,4996,13-01-2025,676,UPI,success
5191,8504,7518,23-05-2025,710,UPI,success
5193,6583,5256,13-08-2025,9,UPI,success
5196,4398,1649,30-06-2025,13,UPI,success
5198,5214,1760,16-01-2025,3996,UPI,success
5199,4887,2571,19-12-2025,2003,UPI,success
5200,2324,2326,14-11-2025,387,UPI,success
5201,2128,3166,13-12-2025,390,UPI,success
5230,1326,7475,27-06-2025,208,UPI,success
5238,3896,931,04-01-2026,401,UPI,success
5245,6177,3387,27-04-2025,181,UPI,success
5247,6962,1596,17-09-2025,206,UPI,success
5251,3848,3717,25-06-2025,408,UPI,success
5256,1945,3152,20-12-2025,384,UPI,success
5259,1419,4677,27-07-2025,2,UPI,success
5268,7839,3205,05-02-2025,214,UPI,success
5271,5883,2920,14-02-2025,8,UPI,success
5272,116,1055,19-05-2025,395,UPI,success
5277,6788,2454,04-10-2025,195,UPI,success
5279,1770,3678,07-11-2025,196,UPI,success
5280,2656,6565,01-12-2025,147,UPI,success
5282,9478,6074,18-01-2026,405,UPI,success
5293,1405,1618,04-09-2025,211,UPI,success
5294,1761,6207,06-11-2025,698,UPI,success
5296,5654,3688,15-01-2025,4004,UPI,success
5300,6122,5875,10-04-2025,4006,UPI,success
5301,437,3979,25-07-2025,693,UPI,success
5322,8518,2317,14-05-2025,206,UPI,success
5326,11923,6842,25-07-2025,13,UPI,success
5335,10304,3220,10-05-2025,9,UPI,success
5338,8037,7950,15-07-2025,6980,UPI,success
5342,8938,1862,20-08-2025,4008,UPI,success
5344,9807,6715,03-06-2025,15,UPI,success
5356,5435,5948,02-10-2025,1989,UPI,success
5362,7440,3558,28-12-2025,420,UPI,success
5377,1842,1918,10-04-2025,686,UPI,success
5382,6504,2191,01-10-2025,5,UPI,success
5386,8567,6028,22-10-2025,393,UPI,success
5392,163,4656,31-03-2025,186,UPI,success
5397,8391,415,08-11-2025,702,UPI,success
5405,10948,7881,21-09-2025,4,UPI,success
5408,8532,3723,02-11-2025,4001,UPI,success
5412,9975,6888,20-06-2025,3,UPI,success
5421,7748,1088,03-06-2025,400,UPI,success
5422,8687,4588,08-05-2025,675,UPI,success
5427,327,2262,05-01-2025,2003,UPI,success
5429,9982,4110,29-03-2025,6,UPI,success
5448,1703,2052,21-02-2025,397,UPI,success
5454,9610,3812,02-04-2025,392,UPI,success
5476,1085,5132,04-03-2025,3988,UPI,success
5478,6707,5299,06-02-2025,407,UPI,success
5479,1892,3219,02-05-2025,392,UPI,success
5483,11429,6003,23-05-2025,685,UPI,success
5487,6503,7646,24-04-2025,396,UPI,success
5492,8323,330,23-09-2025,17,UPI,success
5494,10785,5641,07-12-2025,6,UPI,success
5502,3040,6020,16-04-2025,4005,UPI,success
5518,8999,5137,01-03-2025,2021,UPI,success
5519,8335,1182,29-12-2025,198,UPI,success
5522,2485,4438,23-01-2025,141,UPI,success
5524,6955,3364,17-12-2025,392,UPI,success
5538,3128,7080,07-12-2025,706,UPI,success
5544,8671,4727,02-11-2025,197,UPI,success
5546,2310,2899,02-01-2025,1995,UPI,success
5552,11553,7894,06-06-2025,207,UPI,success
5555,2798,4280,19-02-2025,194,UPI,success
5556,8811,1578,28-09-2025,13,UPI,success
5562,4580,1378,15-10-2025,4005,UPI,success
5568,5684,4734,30-08-2025,207,UPI,success
5573,10172,3290,04-08-2025,405,UPI,success
5580,9550,3842,04-08-2025,397,UPI,success
5587,7182,7582,19-09-2025,206,UPI,success
5589,3672,5640,09-06-2025,3982,UPI,success
5590,8917,7437,08-07-2025,6,UPI,success
5592,6601,2417,26-07-2025,3991,UPI,success
5596,4782,4133,07-06-2025,182,UPI,success
5598,7544,2597,04-03-2025,204,UPI,success
5605,5068,4677,13-12-2025,144,UPI,success
5607,9665,6240,07-09-2025,3998,UPI,success
5619,9120,3320,17-03-2025,2,UPI,success
5620,4761,4053,12-03-2025,6981,UPI,success
5621,11082,4161,22-10-2025,6,UPI,success
5624,908,6052,19-12-2025,394,UPI,success
5634,161,4575,21-07-2025,2,UPI,success
5641,5491,259,07-01-2026,407,UPI,success
5643,4316,5722,01-02-2025,377,UPI,success
5645,8396,2910,07-07-2025,2004,UPI,success
5647,3725,7976,19-07-2025,6997,UPI,success
5664,7655,6316,05-10-2025,399,UPI,success
5669,11349,701,17-10-2025,4010,UPI,success
5670,7440,3558,06-09-2025,413,UPI,success
5680,171,7672,13-03-2025,413,UPI,success
5691,10223,5183,11-12-2025,6,UPI,success
5704,5113,7331,11-02-2025,390,UPI,success
5707,5249,98,16-01-2026,411,UPI,success
5710,5839,6829,25-06-2025,8,UPI,success
5715,380,4814,25-10-2025,703,UPI,success
5725,10124,5773,17-01-2026,3989,UPI,success
5731,9292,3719,12-01-2025,1998,UPI,success
5735,11942,2851,24-06-2025,137,UPI,success
5736,7832,735,28-07-2025,3987,UPI,success
5738,2017,6639,22-11-2025,4,UPI,success
5754,11361,6106,01-03-2025,698,UPI,success
5756,7958,6927,09-08-2025,407,UPI,success
5763,7918,259,11-01-2026,2004,UPI,success
5767,9708,5068,11-10-2025,190,UPI,success
5781,1229,1992,19-05-2025,405,UPI,success
5782,659,6156,19-11-2025,211,UPI,success
5783,2260,1566,12-04-2025,403,UPI,success
5784,6517,6872,08-05-2025,407,UPI,success
5786,478,5537,25-04-2025,688,UPI,success
5787,746,7345,22-09-2025,192,UPI,success
5790,10316,4142,26-07-2025,193,UPI,success
5793,5211,5961,11-03-2025,4,UPI,success
5801,4893,4002,14-10-2025,386,UPI,success
5803,9361,3406,11-10-2025,3994,UPI,success
5811,447,2868,15-04-2025,14,UPI,success
5816,10458,597,05-03-2025,684,UPI,success
5821,4774,1062,04-03-2025,13,UPI,success
5827,3063,4114,15-07-2025,1,UPI,success
5835,928,3689,20-08-2025,3999,UPI,success
5837,3680,2823,01-11-2025,191,UPI,success
5846,4198,3757,29-04-2025,1,UPI,success
5850,6698,4252,02-10-2025,693,UPI,success
5856,11703,7823,22-10-2025,3989,UPI,success
5857,5031,7604,07-02-2025,2012,UPI,success
5861,4220,237,16-09-2025,689,UPI,success
5870,3779,7643,11-01-2026,689,UPI,success
5872,5171,634,30-01-2025,191,UPI,success
5876,5392,892,06-04-2025,206,UPI,success
5877,1394,3452,15-02-2025,197,UPI,success
5882,11653,884,06-04-2025,406,UPI,success
5886,9832,1506,12-03-2025,147,UPI,success
5889,7359,5141,05-01-2026,1997,UPI,success
5890,3422,3052,19-12-2025,5,UPI,success
5897,11031,4607,21-08-2025,704,UPI,success
5904,8535,3174,25-01-2025,392,UPI,success
5909,9816,4187,23-09-2025,3999,UPI,success
5914,11426,709,08-07-2025,690,UPI,success
5916,1264,4016,31-08-2025,7007,UPI,success
5925,11841,104,03-09-2025,213,UPI,success
5929,10201,5660,02-05-2025,410,UPI,success
5952,5631,6869,29-07-2025,2,UPI,success
5954,5231,6412,10-01-2026,193,UPI,success
5961,9536,1958,26-02-2025,408,UPI,success
5964,4996,1031,05-12-2025,4014,UPI,success
5968,3809,906,01-07-2025,150,UPI,success
5970,11486,3409,18-05-2025,7012,UPI,success
5977,113,7338,02-10-2025,148,UPI,success
5978,276,2230,12-07-2025,218,UPI,success
5980,3494,6234,17-10-2025,698,UPI,success
5984,1611,4656,02-02-2025,384,UPI,success
5987,1108,6854,28-02-2025,391,UPI,success
5990,1603,286,16-02-2025,139,UPI,success
5998,813,3746,08-10-2025,207,UPI,success
6004,9630,844,17-02-2025,176,UPI,success
6006,4432,287,02-08-2025,177,UPI,success
6007,5579,3031,30-12-2025,4012,UPI,success
6011,5095,2248,26-06-2025,7003,UPI,success
6012,1653,2673,04-06-2025,8,UPI,success
6013,7247,4749,06-01-2026,2017,UPI,success
6021,1516,6403,28-03-2025,196,UPI,success
6032,5714,2613,07-05-2025,159,UPI,success
6034,1020,4829,01-10-2025,186,UPI,success
6046,11710,3212,22-04-2025,2000,UPI,success
6047,3810,6794,31-05-2025,3986,UPI,success
6050,8905,4784,28-12-2025,203,UPI,success
6052,1396,6231,14-10-2025,422,UPI,success
6060,494,679,07-01-2025,12,UPI,success
6066,4523,5750,03-08-2025,5,UPI,success
6068,8416,4422,05-11-2025,3989,UPI,success
6069,6692,1817,28-05-2025,6985,UPI,success
6076,9953,559,27-06-2025,677,UPI,success
6078,2291,2897,14-05-2025,5,UPI,success
6085,2966,769,31-01-2025,406,UPI,success
6088,9320,7828,04-01-2026,704,UPI,success
6090,8466,5405,11-01-2025,6987,UPI,success
6097,9741,6639,30-07-2025,689,UPI,success
6108,7264,6101,24-07-2025,700,UPI,success
6111,11032,6313,25-12-2025,2005,UPI,success
6112,11194,5319,02-01-2026,200,UPI,success
6117,2614,2535,04-03-2025,208,UPI,success
6121,9656,6041,09-11-2025,403,UPI,success
6125,6381,68,13-04-2025,707,UPI,success
6140,1410,418,05-06-2025,146,UPI,success
6142,5836,566,21-06-2025,155,UPI,success
6143,7026,7092,25-07-2025,699,UPI,success
6153,8913,700,17-11-2025,3997,UPI,success
6155,2938,7353,11-01-2025,197,UPI,success
6157,10323,4125,01-04-2025,1982,UPI,success
6162,878,812,10-06-2025,3993,UPI,success
6165,5700,3503,13-01-2025,702,UPI,success
6170,9416,4185,20-05-2025,701,UPI,success
6190,4514,2508,23-04-2025,3,UPI,success
6194,6315,3429,08-12-2025,3986,UPI,success
6195,1361,6415,28-06-2025,188,UPI,success
6196,10955,769,03-01-2025,202,UPI,success
6204,8246,3131,22-10-2025,399,UPI,success
6205,4200,1193,09-08-2025,402,UPI,success
6209,7419,1780,08-05-2025,396,UPI,success
6213,5785,6282,27-03-2025,200,UPI,success
6219,790,4385,22-07-2025,391,UPI,success
6224,5934,5311,03-12-2025,1993,UPI,success
6225,7876,7500,15-04-2025,407,UPI,success
6233,6683,6543,20-05-2025,6996,UPI,success
6236,4569,4690,03-08-2025,407,UPI,success
6263,8550,2231,13-10-2025,192,UPI,success
6266,1351,5775,12-08-2025,379,UPI,success
6268,3411,4278,10-12-2025,6989,UPI,success
6270,3634,7522,08-04-2025,705,UPI,success
6272,12,6546,16-03-2025,137,UPI,success
6287,9012,6381,15-08-2025,187,UPI,success
6297,3683,3568,11-07-2025,20,UPI,success
6298,2457,61,03-12-2025,4000,UPI,success
6306,7644,6223,22-09-2025,143,UPI,success
6308,9246,2694,28-11-2025,3983,UPI,success
6312,10281,2466,09-01-2026,2005,UPI,success
6322,2600,482,10-02-2025,699,UPI,success
6325,3657,2546,01-05-2025,389,UPI,success
6333,2054,752,06-08-2025,694,UPI,success
6336,10060,7665,23-11-2025,4007,UPI,success
6353,2188,2482,01-03-2025,190,UPI,success
6358,7454,3005,10-04-2025,7016,UPI,success
6359,4404,5049,25-03-2025,186,UPI,success
6366,90,1148,01-12-2025,201,UPI,success
6370,7975,7105,12-06-2025,4003,UPI,success
6371,4123,8000,12-10-2025,703,UPI,success
6388,9067,2600,26-05-2025,137,UPI,success
6393,5793,3553,10-01-2025,205,UPI,success
6399,8094,5389,28-04-2025,4001,UPI,success
6401,617,4269,15-04-2025,390,UPI,success
6405,6413,5859,16-05-2025,193,UPI,success
6408,1195,6743,12-03-2025,388,UPI,success
6409,164,4564,10-09-2025,706,UPI,success
6412,7615,1574,08-11-2025,131,UPI,success
6413,3743,1701,15-05-2025,696,UPI,success
6415,9805,5351,24-08-2025,1978,UPI,success
6420,2861,556,19-01-2025,205,UPI,success
6421,9239,4221,21-02-2025,1,UPI,success
6423,3654,3610,25-09-2025,395,UPI,success
6424,7901,4098,26-09-2025,2008,UPI,success
6429,11738,7581,30-09-2025,378,UPI,success
6432,131,2473,14-09-2025,152,UPI,success
6434,6225,1423,06-11-2025,206,UPI,success
6441,1054,527,15-01-2026,2,UPI,success
6444,1042,3163,07-02-2025,3,UPI,success
6450,10198,7846,04-02-2025,1986,UPI,success
6468,6938,3263,27-10-2025,6,UPI,success
6469,3775,625,24-03-2025,703,UPI,success
6473,1259,3046,09-11-2025,1995,UPI,success
6476,10270,5758,27-01-2025,6999,UPI,success
6483,9994,127,20-08-2025,22,UPI,success
6486,900,1289,28-01-2025,189,UPI,success
6489,3766,878,12-06-2025,681,UPI,success
6494,1781,2205,05-11-2025,397,UPI,success
6498,5965,5933,11-07-2025,397,UPI,success
6499,81,6408,11-04-2025,1998,UPI,success
6506,7274,3890,04-07-2025,690,UPI,success
6507,8104,5070,24-11-2025,7000,UPI,success
6512,7077,5695,14-04-2025,2003,UPI,success
6520,7079,791,08-04-2025,4006,UPI,success
6524,5766,1150,18-01-2025,691,UPI,success
6525,131,2473,26-05-2025,140,UPI,success
6527,9065,7006,04-03-2025,201,UPI,success
6532,10268,4474,31-07-2025,1998,UPI,success
6536,2188,2482,10-07-2025,212,UPI,success
6538,7764,1076,18-12-2025,6,UPI,success
6543,5214,1760,04-03-2025,4015,UPI,success
6545,5927,3268,01-04-2025,2,UPI,success
6549,7824,7888,18-06-2025,684,UPI,success
6555,48,83,15-04-2025,409,UPI,success
6556,2042,6626,01-07-2025,4007,UPI,success
6564,10168,1385,02-01-2026,2014,UPI,success
6583,10989,3974,07-10-2025,712,UPI,success
6584,9176,811,13-04-2025,699,UPI,success
6585,8318,2662,16-01-2026,209,UPI,success
6592,2004,1040,16-03-2025,7007,UPI,success
6598,11216,939,27-02-2025,10,UPI,success
6599,7239,6713,03-04-2025,1993,UPI,success
6600,4291,5139,11-10-2025,7003,UPI,success
6601,4957,764,18-04-2025,6,UPI,success
6602,1941,2825,02-03-2025,694,UPI,success
6603,11096,7247,27-08-2025,396,UPI,success
6610,5700,3503,18-03-2025,712,UPI,success
6611,3687,6947,05-08-2025,412,UPI,success
6618,1294,5564,20-01-2025,7,UPI,success
6633,11339,970,12-01-2026,690,UPI,success
6634,4144,6521,07-02-2025,4014,UPI,success
6649,7776,171,08-02-2025,7007,UPI,success
6658,3992,3432,02-08-2025,192,UPI,success
6668,5030,6147,05-04-2025,214,UPI,success
6673,5131,5472,08-08-2025,6987,UPI,success
6674,8731,1398,09-12-2025,193,UPI,success
6691,961,1368,21-09-2025,17,UPI,success
6695,6548,581,30-12-2025,137,UPI,success
6696,295,2982,06-10-2025,701,UPI,success
6698,6054,4193,07-03-2025,161,UPI,success
6701,1672,7019,18-07-2025,191,UPI,success
6702,3420,7804,19-09-2025,725,UPI,success
6705,7530,7365,20-03-2025,7,UPI,success
6708,10851,6704,23-05-2025,3993,UPI,success
6713,1687,7770,28-01-2025,717,UPI,success
6714,10846,7339,09-10-2025,194,UPI,success
6716,10352,5114,20-02-2025,4004,UPI,success
6723,5231,6412,07-02-2025,206,UPI,success
6725,11459,567,20-12-2025,4,UPI,success
6728,11199,7492,11-01-2026,3994,UPI,success
6749,1425,1032,25-11-2025,11,UPI,success
6755,11244,2138,25-07-2025,2001,UPI,success
6759,10692,6999,09-01-2025,2,UPI,success
6761,703,1576,24-12-2025,4,UPI,success
6763,7759,2259,25-09-2025,139,UPI,success
6767,5339,770,21-05-2025,206,UPI,success
6772,10623,6568,18-02-2025,1,UPI,success
6774,8193,2929,04-04-2025,4013,UPI,success
6776,6034,406,01-11-2025,3993,UPI,success
6784,149,2304,09-11-2025,203,UPI,success
6788,4389,4650,26-03-2025,203,UPI,success
6791,6778,5055,28-05-2025,4005,UPI,success
6808,6916,4427,29-12-2025,3993,UPI,success
6825,2834,1470,12-01-2025,1994,UPI,success
6827,9942,7286,07-10-2025,160,UPI,success
6831,7925,7522,24-06-2025,1992,UPI,success
6833,8031,1339,09-08-2025,3999,UPI,success
6841,8425,6956,05-08-2025,192,UPI,success
6846,3081,3066,16-06-2025,700,UPI,success
6853,5003,1225,12-06-2025,4006,UPI,success
6856,10583,5186,19-07-2025,407,UPI,success
6861,10386,6712,07-05-2025,380,UPI,success
6869,11678,6329,06-08-2025,197,UPI,success
6872,9177,404,05-03-2025,7017,UPI,success
6875,10349,658,27-03-2025,1988,UPI,success
6882,4516,4799,20-08-2025,2000,UPI,success
6885,3973,141,15-01-2025,1,UPI,success
6889,6227,2853,29-12-2025,158,UPI,success
6894,1791,738,30-06-2025,185,UPI,success
6900,9470,3010,05-01-2025,700,UPI,success
6902,8817,5163,29-10-2025,194,UPI,success
6916,11161,3955,22-09-2025,6,UPI,success
6924,7324,571,25-11-2025,1999,UPI,success
6929,9622,7619,09-10-2025,7007,UPI,success
6933,3038,6819,11-08-2025,387,UPI,success
6936,8732,6145,10-06-2025,379,UPI,success
6937,4248,6728,20-08-2025,1982,UPI,success
6939,3350,4932,12-01-2025,712,UPI,success
6943,5575,5348,23-05-2025,179,UPI,success
6944,9251,328,14-07-2025,3995,UPI,success
6950,10391,1909,24-09-2025,400,UPI,success
6952,4888,4352,13-04-2025,3,UPI,success
6959,4241,3504,18-01-2026,4002,UPI,success
6960,4407,4681,16-05-2025,186,UPI,success
6961,7543,4663,17-02-2025,394,UPI,success
6963,5860,6623,19-11-2025,395,UPI,success
6968,11518,555,03-08-2025,5,UPI,success
6982,5348,7916,18-05-2025,10,UPI,success
6992,5664,6852,19-02-2025,704,UPI,success
6993,9775,3323,22-09-2025,401,UPI,success
7002,7714,7123,30-10-2025,3980,UPI,success
7010,2863,6826,28-03-2025,705,UPI,success
7017,4258,7087,14-12-2025,212,UPI,success
7018,2212,4209,10-08-2025,6983,UPI,success
7045,7823,7033,24-05-2025,208,UPI,success
7049,6702,1700,01-02-2025,130,UPI,success
7054,9894,5695,29-01-2025,394,UPI,success
7055,7998,1035,02-03-2025,205,UPI,success
7056,6233,7800,12-05-2025,381,UPI,success
7057,2712,451,23-06-2025,388,UPI,success
7058,9260,5655,29-10-2025,2005,UPI,success
7059,11994,6538,16-06-2025,1982,UPI,success
7061,5121,7218,18-04-2025,205,UPI,success
7083,4262,4073,27-02-2025,4003,UPI,success
7094,7718,2744,18-10-2025,400,UPI,success
7096,1899,7173,27-07-2025,3995,UPI,success
7101,8502,4056,03-06-2025,676,UPI,success
7102,2819,7574,04-08-2025,2000,UPI,success
7106,10776,2586,16-05-2025,198,UPI,success
7109,1956,4564,06-08-2025,702,UPI,success
7121,3072,4948,11-12-2025,394,UPI,success
7125,4423,6531,29-05-2025,706,UPI,success
7128,9229,4099,20-11-2025,18,UPI,success
7140,7587,2996,03-07-2025,6995,UPI,success
7142,5331,5576,09-01-2026,195,UPI,success
7144,8536,2910,29-10-2025,395,UPI,success
7146,10254,1406,13-05-2025,3996,UPI,success
7151,9182,6467,01-04-2025,163,UPI,success
7164,2425,3233,16-08-2025,414,UPI,success
7171,8508,2795,22-11-2025,12,UPI,success
7179,7990,4983,11-08-2025,401,UPI,success
7180,4430,4468,31-10-2025,207,UPI,success
7181,10343,6675,05-11-2025,4,UPI,success
7182,2456,7138,26-09-2025,694,UPI,success
7184,8883,5250,15-08-2025,207,UPI,success
7185,1754,3009,30-08-2025,709,UPI,success
7190,5810,6234,04-04-2025,1990,UPI,success
7195,6723,7137,16-04-2025,204,UPI,success
7209,3866,6517,31-07-2025,192,UPI,success
7213,631,501,01-10-2025,2,UPI,success
7215,9695,5929,30-07-2025,215,UPI,success
7217,4872,3696,17-08-2025,200,UPI,success
7219,1528,3145,24-03-2025,189,UPI,success
7220,2601,7511,05-11-2025,12,UPI,success
7228,6712,6276,18-10-2025,387,UPI,success
7230,10894,6880,24-09-2025,395,UPI,success
7234,3159,6525,15-05-2025,190,UPI,success
7236,2230,6027,20-06-2025,3992,UPI,success
7241,1622,1876,07-07-2025,389,UPI,success
7243,8777,5165,29-06-2025,388,UPI,success
7247,5395,4516,24-01-2025,383,UPI,success
7254,10586,4949,21-12-2025,3991,UPI,success
7259,324,5994,14-01-2025,690,UPI,success
7263,8977,7496,19-10-2025,2007,UPI,success
7265,5668,1743,26-02-2025,22,UPI,success
7266,2654,4711,15-06-2025,214,UPI,success
7271,11663,2663,25-10-2025,408,UPI,success
7275,181,1215,08-01-2026,682,UPI,success
7284,1638,7037,31-05-2025,11,UPI,success
7286,2781,7709,22-02-2025,1995,UPI,success
7290,3925,3365,18-02-2025,153,UPI,success
7292,1568,6230,09-08-2025,2003,UPI,success
7293,8043,770,04-03-2025,694,UPI,success
7294,2725,3740,24-02-2025,409,UPI,success
7297,787,2321,31-03-2025,408,UPI,success
7314,8790,1637,14-10-2025,203,UPI,success
7319,9863,443,16-04-2025,6,UPI,success
7333,11764,6410,12-09-2025,389,UPI,success
7337,9781,3465,08-11-2025,392,UPI,success
7344,10202,22,03-01-2025,400,UPI,success
7346,4489,262,23-12-2025,404,UPI,success
7350,2621,6098,07-06-2025,4000,UPI,success
7358,358,3164,18-07-2025,4002,UPI,success
7367,9730,3579,09-01-2026,697,UPI,success
7368,2823,7713,30-01-2025,687,UPI,success
7369,3378,4030,09-11-2025,136,UPI,success
7371,10103,714,31-01-2025,400,UPI,success
7377,2898,4503,24-03-2025,2020,UPI,success
7379,5654,3688,14-07-2025,3985,UPI,success
7382,876,791,13-07-2025,705,UPI,success
7396,6537,5196,14-04-2025,398,UPI,success
7405,847,4635,09-03-2025,5,UPI,success
7410,9959,5030,03-02-2025,209,UPI,success
7417,5144,5215,01-12-2025,398,UPI,success
7420,11981,7183,19-01-2025,7011,UPI,success
7421,7883,4608,29-03-2025,720,UPI,success
7423,376,1165,11-01-2026,3993,UPI,success
7430,8167,907,25-04-2025,4009,UPI,success
7436,8401,5827,11-03-2025,403,UPI,success
7437,4194,4460,18-01-2025,705,UPI,success
7439,8802,7669,15-05-2025,400,UPI,success
7461,805,6152,17-08-2025,3987,UPI,success
7469,7050,5048,03-06-2025,6995,UPI,success
7476,4255,277,24-11-2025,7,UPI,success
7485,945,277,13-02-2025,6999,UPI,success
7490,7570,3265,30-10-2025,197,UPI,success
7492,6128,5841,20-02-2025,688,UPI,success
7498,6273,6000,01-03-2025,215,UPI,success
7500,1278,1609,20-03-2025,421,UPI,success
7501,1703,2052,26-08-2025,400,UPI,success
7505,8608,6905,21-10-2025,3998,UPI,success
7507,4850,7256,22-02-2025,4012,UPI,success
7512,6509,575,07-05-2025,3997,UPI,success
7519,5954,5346,06-06-2025,2000,UPI,success
7531,5621,3812,27-12-2025,198,UPI,success
7545,9156,473,02-07-2025,4014,UPI,success
7548,4308,5072,21-02-2025,151,UPI,success
7557,1375,6529,14-02-2025,389,UPI,success
7560,5663,4457,12-02-2025,6997,UPI,success
7567,29,7551,26-02-2025,210,UPI,success
7574,9840,1070,19-08-2025,406,UPI,success
7581,11392,5606,26-06-2025,153,UPI,success
7590,136,3063,09-04-2025,7001,UPI,success
7595,5219,6924,09-08-2025,203,UPI,success
7609,7686,7544,17-05-2025,202,UPI,success
7614,8211,6136,23-11-2025,2018,UPI,success
7640,5474,3565,17-06-2025,19,UPI,success
7650,10034,2625,30-12-2025,384,UPI,success
7655,1197,5,12-11-2025,408,UPI,success
7658,3921,3949,15-12-2025,201,UPI,success
7660,10172,3290,29-07-2025,394,UPI,success
7667,6154,7319,06-06-2025,3997,UPI,success
7672,9344,2491,11-07-2025,217,UPI,success
7678,9069,1788,14-06-2025,1986,UPI,success
7683,8002,7178,19-12-2025,3994,UPI,success
7690,9539,6937,12-10-2025,191,UPI,success
7695,4433,4071,21-11-2025,700,UPI,success
7700,274,2494,29-12-2025,1997,UPI,success
7704,4151,2384,16-06-2025,2005,UPI,success
7705,10232,2101,15-03-2025,3985,UPI,success
7722,7107,5710,27-04-2025,25,UPI,success
7724,1864,1349,14-05-2025,1,UPI,success
7728,9057,2296,05-06-2025,691,UPI,success
7737,3266,3102,18-08-2025,2000,UPI,success
7759,628,4090,07-01-2025,395,UPI,success
7767,59,122,24-12-2025,3994,UPI,success
7769,10745,6277,19-06-2025,6999,UPI,success
7771,2360,1992,28-06-2025,199,UPI,success
7773,2239,5588,14-02-2025,685,UPI,success
7774,11085,4432,22-05-2025,4005,UPI,success
7787,6893,4817,25-10-2025,6989,UPI,success
7796,2289,3332,06-06-2025,373,UPI,success
7800,5443,6621,29-08-2025,4,UPI,success
7813,6,1715,20-02-2025,682,UPI,success
7815,3830,5315,21-10-2025,3999,UPI,success
7820,5737,6757,11-11-2025,1,UPI,success
7822,8270,5640,08-06-2025,205,UPI,success
7824,1636,2964,28-01-2025,394,UPI,success
7829,8299,382,11-10-2025,214,UPI,success
7837,11260,1,18-03-2025,6,UPI,success
7841,1267,2277,12-07-2025,12,UPI,success
7843,9236,5304,04-06-2025,10,UPI,success
7846,7197,1667,15-06-2025,190,UPI,success
7854,5172,5756,08-10-2025,7018,UPI,success
7858,7524,3403,19-07-2025,172,UPI,success
7885,6762,1354,20-10-2025,410,UPI,success
7887,9375,755,18-08-2025,6,UPI,success
7896,8095,4684,14-01-2025,388,UPI,success
7906,8869,1317,05-10-2025,133,UPI,success
7908,7816,5744,10-07-2025,201,UPI,success
7910,10183,3570,12-08-2025,2007,UPI,success
7916,2039,2596,26-02-2025,208,UPI,success
7921,2060,2739,22-12-2025,688,UPI,success
7928,11564,2233,30-09-2025,156,UPI,success
7936,3002,3196,28-10-2025,1989,UPI,success
7937,1555,1598,03-07-2025,4006,UPI,success
7951,11257,46,12-12-2025,705,UPI,success
7953,3170,144,24-05-2025,689,UPI,success
7957,1041,357,04-04-2025,7,UPI,success
7958,388,4779,30-09-2025,404,UPI,success
7959,11558,434,21-08-2025,696,UPI,success
7960,8730,4755,17-09-2025,384,UPI,success
7967,10111,5532,07-11-2025,8,UPI,success
7970,8742,5014,19-03-2025,416,UPI,success
7972,990,7907,06-06-2025,719,UPI,success
7988,2436,4797,13-10-2025,149,UPI,success
7989,8701,1559,07-01-2026,190,UPI,success
7992,2663,6043,21-05-2025,705,UPI,success
7995,11864,2958,27-09-2025,6998,UPI,success
8006,5537,3331,24-07-2025,403,UPI,success
8007,1830,6699,04-10-2025,3998,UPI,success
8017,11962,6841,09-07-2025,404,UPI,success
8019,6270,6586,13-01-2025,3988,UPI,success
8022,341,5803,31-05-2025,11,UPI,success
8025,426,6500,07-07-2025,5,UPI,success
8029,5879,3709,20-12-2025,409,UPI,success
8036,956,998,05-11-2025,3995,UPI,success
8039,4748,5044,22-05-2025,7,UPI,success
8043,5297,684,22-01-2025,414,UPI,success
8048,8336,1691,18-08-2025,8,UPI,success
8053,9188,7134,24-12-2025,189,UPI,success
8063,9506,3573,26-10-2025,393,UPI,success
8067,10083,3911,18-02-2025,3997,UPI,success
8071,708,1185,31-07-2025,404,UPI,success
8073,8228,7438,08-10-2025,404,UPI,success
8079,4929,3670,19-07-2025,204,UPI,success
8082,6212,6121,12-06-2025,3987,UPI,success
8085,3294,3528,11-08-2025,1989,UPI,success
8088,6931,7913,01-08-2025,1998,UPI,success
8092,9317,6933,28-09-2025,179,UPI,success
8096,1455,5760,16-01-2025,5,UPI,success
8100,8760,3365,14-09-2025,3995,UPI,success
8103,2695,5849,19-03-2025,3994,UPI,success
8117,8431,4464,01-03-2025,1,UPI,success
8119,8884,6214,23-06-2025,1992,UPI,success
8121,532,260,09-01-2026,16,UPI,success
8130,7917,7987,25-11-2025,201,UPI,success
8131,11166,7239,29-08-2025,4001,UPI,success
8132,7682,930,03-04-2025,202,UPI,success
8133,11022,3961,09-04-2025,148,UPI,success
8136,4972,7668,12-01-2026,3984,UPI,success
8163,7520,7739,21-04-2025,197,UPI,success
8172,6473,6021,31-01-2025,2007,UPI,success
8174,3264,5036,30-11-2025,14,UPI,success
8176,3990,7079,04-03-2025,395,UPI,success
8178,1385,444,30-11-2025,138,UPI,success
8180,10645,6293,29-12-2025,202,UPI,success
8185,1189,1519,29-03-2025,15,UPI,success
8186,11797,4314,05-12-2025,213,UPI,success
8187,591,1088,11-09-2025,10,UPI,success
8199,10508,5741,28-02-2025,2,UPI,success
8205,8530,7409,14-01-2026,404,UPI,success
8207,6784,1952,23-08-2025,3984,UPI,success
8212,7303,6079,22-06-2025,212,UPI,success
8216,11925,1269,27-04-2025,10,UPI,success
8217,9149,4108,05-11-2025,199,UPI,success
8218,10243,1139,29-12-2025,136,UPI,success
8222,1761,6207,26-07-2025,707,UPI,success
8223,3650,3708,04-06-2025,3987,UPI,success
8225,11186,1959,24-05-2025,210,UPI,success
8232,2983,7053,03-01-2026,7,UPI,success
8235,5108,1243,29-03-2025,215,UPI,success
8237,7608,572,05-01-2025,1998,UPI,success
8241,4188,3732,02-09-2025,404,UPI,success
8249,1431,5189,27-04-2025,693,UPI,success
8266,3420,7804,23-10-2025,685,UPI,success
8278,158,690,23-01-2025,219,UPI,success
8280,1166,7251,03-09-2025,3987,UPI,success
8281,11130,1075,25-06-2025,3995,UPI,success
8298,9515,6725,30-11-2025,195,UPI,success
8300,3123,4990,23-06-2025,4010,UPI,success
8305,10416,7659,05-01-2025,179,UPI,success
8311,7470,3719,23-12-2025,4,UPI,success
8313,11727,2712,20-03-2025,2005,UPI,success
8317,4241,3504,17-06-2025,4008,UPI,success
8322,2432,6793,30-10-2025,214,UPI,success
8326,6466,7869,06-04-2025,127,UPI,success
8328,6248,7128,18-03-2025,200,UPI,success
8332,11749,1686,26-11-2025,706,UPI,success
8334,3765,5667,12-08-2025,1,UPI,success
8335,5616,5775,29-08-2025,197,UPI,success
8348,7621,3017,12-09-2025,189,UPI,success
8351,4586,1378,15-06-2025,10,UPI,success
8362,10252,4369,05-10-2025,1,UPI,success
8364,5505,5690,26-03-2025,704,UPI,success
8367,3290,6630,21-08-2025,208,UPI,success
8370,4748,5044,22-02-2025,11,UPI,success
8385,3316,4218,22-02-2025,193,UPI,success
8398,1068,848,01-11-2025,410,UPI,success
8404,10457,6773,16-01-2025,1997,UPI,success
8409,11463,3424,04-12-2025,176,UPI,success
8416,7175,5461,07-12-2025,7013,UPI,success
8422,9857,5968,11-02-2025,713,UPI,success
8429,7695,3839,16-07-2025,14,UPI,success
8434,1184,3144,25-05-2025,698,UPI,success
8440,4209,7805,13-09-2025,150,UPI,success
8443,6929,1203,28-12-2025,3999,UPI,success
8457,5442,7182,05-12-2025,2002,UPI,success
8458,3680,2823,09-10-2025,176,UPI,success
8459,2290,15,27-07-2025,388,UPI,success
8462,755,919,22-05-2025,396,UPI,success
8468,11603,6978,30-11-2025,195,UPI,success
8470,1228,5898,20-06-2025,6,UPI,success
8477,11749,1686,20-10-2025,700,UPI,success
8485,9376,5387,19-11-2025,694,UPI,success
8489,9003,548,28-01-2025,14,UPI,success
8491,7220,1974,25-09-2025,700,UPI,success
8495,6185,3968,28-12-2025,134,UPI,success
8498,9116,5762,30-08-2025,687,UPI,success
8499,4094,6240,16-04-2025,221,UPI,success
8502,2214,7620,16-07-2025,389,UPI,success
8508,7531,1148,06-09-2025,389,UPI,success
8512,2402,7210,18-12-2025,138,UPI,success
8517,4280,396,16-01-2026,3989,UPI,success
8520,6733,198,27-02-2025,189,UPI,success
8521,6569,4659,02-06-2025,3986,UPI,success
8528,4372,7729,20-05-2025,398,UPI,success
8532,2812,3597,26-02-2025,11,UPI,success
8533,132,3938,07-08-2025,29,UPI,success
8539,10100,5138,06-11-2025,139,UPI,success
8543,4078,5040,06-02-2025,405,UPI,success
8551,9854,3041,02-03-2025,3999,UPI,success
8563,8857,2050,01-01-2026,705,UPI,success
8574,5458,94,12-02-2025,18,UPI,success
8576,10198,7846,23-08-2025,2024,UPI,success
8579,6891,1082,07-12-2025,704,UPI,success
8581,10355,5844,26-02-2025,694,UPI,success
8582,6214,7081,28-01-2025,410,UPI,success
8584,4570,1704,25-10-2025,1981,UPI,success
8590,2364,703,03-01-2026,415,UPI,success
8592,9999,1868,20-06-2025,189,UPI,success
8593,4568,706,26-11-2025,195,UPI,success
8616,8989,5361,26-07-2025,2007,UPI,success
8617,1177,1952,03-10-2025,197,UPI,success
8660,3519,592,25-12-2025,11,UPI,success
8670,10413,6785,12-04-2025,216,UPI,success
8676,1979,2585,27-02-2025,386,UPI,success
8677,2245,180,01-09-2025,391,UPI,success
8679,11463,3424,11-07-2025,146,UPI,success
8686,7728,5408,28-02-2025,198,UPI,success
8697,6010,7388,27-03-2025,202,UPI,success
8699,310,5947,23-04-2025,6990,UPI,success
8700,636,2109,16-04-2025,188,UPI,success
8704,4531,828,19-01-2025,3989,UPI,success
8711,1087,5317,10-01-2025,214,UPI,success
8713,9961,5724,19-08-2025,1990,UPI,success
8716,9947,7493,07-12-2025,686,UPI,success
8729,2091,6392,24-05-2025,210,UPI,success
8733,4577,3248,29-08-2025,416,UPI,success
8735,9457,7392,16-01-2025,1,UPI,success
8736,8092,300,15-02-2025,3,UPI,success
8740,1771,5809,15-08-2025,9,UPI,success
8743,2624,23,10-09-2025,204,UPI,success
8746,1208,3494,19-07-2025,695,UPI,success
8754,8802,7669,14-12-2025,403,UPI,success
8760,1344,5981,28-03-2025,7000,UPI,success
8768,415,7278,29-04-2025,6988,UPI,success
8774,5584,1397,22-09-2025,198,UPI,success
8781,597,6500,27-03-2025,407,UPI,success
8808,3204,4596,17-04-2025,3993,UPI,success
8811,9511,7510,05-01-2026,395,UPI,success
8814,927,1073,05-09-2025,4006,UPI,success
8823,3647,6685,18-01-2026,4014,UPI,success
8824,10590,7217,17-06-2025,1997,UPI,success
8830,4500,2388,04-10-2025,205,UPI,success
8834,9845,6823,20-08-2025,1998,UPI,success
8836,11542,822,15-01-2026,707,UPI,success
8840,7492,3115,23-05-2025,706,UPI,success
8844,6928,7151,30-11-2025,3991,UPI,success
8847,8060,7236,01-02-2025,1982,UPI,success
8859,2744,1536,14-01-2026,137,UPI,success
8868,21,7886,04-07-2025,193,UPI,success
8875,5859,4610,15-03-2025,4,UPI,success
8878,7871,1669,23-12-2025,5,UPI,success
8907,1406,7872,17-02-2025,3,UPI,success
8908,5712,7239,23-01-2025,1993,UPI,success
8909,11133,5695,25-02-2025,403,UPI,success
8915,1292,402,03-08-2025,412,UPI,success
8925,5210,4331,08-09-2025,6,UPI,success
8933,7442,1012,11-01-2026,151,UPI,success
8934,637,1162,18-05-2025,1999,UPI,success
8938,2890,2992,11-03-2025,3990,UPI,success
8942,11731,3922,12-09-2025,16,UPI,success
8960,6195,1209,19-07-2025,413,UPI,success
8962,2754,6352,20-08-2025,208,UPI,success
8974,4050,3839,13-03-2025,4016,UPI,success
8976,543,7051,29-10-2025,4009,UPI,success
8983,5490,3646,08-09-2025,401,UPI,success
8987,6335,4036,28-11-2025,6,UPI,success
8988,7621,3017,23-03-2025,180,UPI,success
8995,1449,7662,10-01-2026,408,UPI,success
8996,9394,812,11-10-2025,4,UPI,success
8997,7883,4608,14-10-2025,702,UPI,success
9006,4064,3594,19-03-2025,222,UPI,success
9008,1005,2545,23-07-2025,222,UPI,success
9010,4637,2567,23-09-2025,382,UPI,success
9012,4871,7533,07-07-2025,191,UPI,success
9013,100,6516,07-01-2026,402,UPI,success
9026,9511,7510,10-02-2025,405,UPI,success
9034,8055,5016,23-09-2025,212,UPI,success
9037,6305,3315,27-11-2025,186,UPI,success
9040,342,554,18-12-2025,134,UPI,success
9042,6721,6657,19-05-2025,9,UPI,success
9050,9260,5655,29-07-2025,1985,UPI,success
9054,4316,5722,22-04-2025,393,UPI,success
9056,7125,1694,19-04-2025,3,UPI,success
9057,5572,280,27-07-2025,405,UPI,success
9063,3842,1372,30-12-2025,187,UPI,success
9065,7,1182,10-09-2025,4004,UPI,success
9070,7653,6305,13-01-2026,6994,UPI,success
9076,2239,5588,22-09-2025,677,UPI,success
9077,8781,4088,30-10-2025,3984,UPI,success
9084,5655,7790,18-12-2025,1995,UPI,success
9087,4457,3955,18-02-2025,4017,UPI,success
9090,1195,6743,10-07-2025,423,UPI,success
9091,8054,3779,08-12-2025,403,UPI,success
9104,11862,1358,12-05-2025,165,UPI,success
9110,3212,3778,18-06-2025,685,UPI,success
9112,1884,1084,13-01-2025,412,UPI,success
9120,1131,3444,02-11-2025,169,UPI,success
9123,9032,2203,15-10-2025,402,UPI,success
9125,2328,3114,03-01-2025,1989,UPI,success
9126,2215,6363,27-09-2025,8,UPI,success
9134,6453,7398,20-12-2025,6995,UPI,success
9138,9106,953,22-03-2025,394,UPI,success
9142,11961,2523,22-04-2025,2003,UPI,success
9144,4731,5263,26-11-2025,401,UPI,success
9157,11361,6106,21-07-2025,699,UPI,success
9158,6220,737,11-05-2025,201,UPI,success
9159,1730,7262,09-01-2025,6,UPI,success
9171,7811,773,09-12-2025,383,UPI,success
9186,5595,3705,22-11-2025,699,UPI,success
9188,5158,3688,21-05-2025,401,UPI,success
9195,177,4519,03-05-2025,414,UPI,success
9198,5455,5178,14-05-2025,14,UPI,success
9202,10769,3127,18-01-2025,175,UPI,success
9208,5845,3455,23-02-2025,13,UPI,success
9213,10972,4144,02-09-2025,702,UPI,success
9216,5375,3177,26-03-2025,414,UPI,success
9219,6074,618,29-12-2025,3992,UPI,success
9227,4504,581,25-02-2025,1986,UPI,success
9228,8856,4417,23-03-2025,211,UPI,success
9229,5009,3141,31-12-2025,187,UPI,success
9247,11824,7386,01-01-2025,212,UPI,success
9253,5390,3658,28-09-2025,385,UPI,success
9258,10134,111,18-12-2025,179,UPI,success
9262,10437,6854,07-04-2025,2006,UPI,success
9269,6450,2723,10-04-2025,147,UPI,success
9279,7829,1725,27-01-2025,6970,UPI,success
9283,7848,849,16-02-2025,1987,UPI,success
9285,2137,7071,09-11-2025,406,UPI,success
9290,5235,3602,31-08-2025,196,UPI,success
9291,3821,4359,21-12-2025,150,UPI,success
9292,9075,569,18-08-2025,379,UPI,success
9295,6653,3441,17-12-2025,6998,UPI,success
9297,4939,2480,16-11-2025,3999,UPI,success
9301,134,3909,18-01-2026,403,UPI,success
9315,4323,5727,09-06-2025,185,UPI,success
9316,6446,7159,24-03-2025,680,UPI,success
9318,6856,3342,04-06-2025,2010,UPI,success
9325,7166,6800,30-07-2025,1996,UPI,success
9330,8748,2225,02-09-2025,702,UPI,success
9334,3819,6206,18-08-2025,406,UPI,success
9351,4517,6279,27-08-2025,1998,UPI,success
9354,2413,1445,04-04-2025,6984,UPI,success
9355,2478,1881,27-09-2025,2005,UPI,success
9366,7040,7228,16-06-2025,187,UPI,success
9374,11555,3296,25-06-2025,195,UPI,success
9383,3903,5073,14-11-2025,397,UPI,success
9384,4468,713,23-08-2025,6,UPI,success
9386,8745,5992,18-03-2025,223,UPI,success
9388,1778,6342,12-05-2025,382,UPI,success
9389,7536,706,16-02-2025,225,UPI,success
9391,7467,2734,03-08-2025,198,UPI,success
9410,1184,3144,30-10-2025,692,UPI,success
9415,1975,4990,04-02-2025,195,UPI,success
9421,1051,2312,26-08-2025,176,UPI,success
9424,8108,7839,15-12-2025,190,UPI,success
9425,5145,2026,10-12-2025,3999,UPI,success
9434,6769,6904,13-12-2025,709,UPI,success
9435,4243,7250,21-07-2025,392,UPI,success
9437,8386,5820,13-01-2025,195,UPI,success
9438,8088,4873,06-02-2025,396,UPI,success
9441,10405,3766,24-04-2025,3,UPI,success
9442,2504,1743,24-06-2025,402,UPI,success
9448,9388,5002,15-07-2025,1990,UPI,success
9449,8310,3627,12-06-2025,682,UPI,success
9454,4572,3094,05-10-2025,2002,UPI,success
9455,1892,3219,09-11-2025,403,UPI,success
9466,1767,389,22-01-2025,394,UPI,success
9476,8951,4563,24-01-2025,394,UPI,success
9481,6502,4793,21-07-2025,6,UPI,success
9484,222,3743,11-05-2025,208,UPI,success
9485,6489,6414,27-06-2025,3991,UPI,success
9488,391,6178,17-06-2025,6993,UPI,success
9504,7895,5376,11-07-2025,190,UPI,success
9520,3751,6656,23-01-2025,396,UPI,success
9534,633,3359,13-04-2025,189,UPI,success
9535,3497,6544,15-03-2025,7010,UPI,success
9542,5978,4345,28-07-2025,202,UPI,success
9543,7195,4132,28-12-2025,407,UPI,success
9548,4796,1838,13-12-2025,4004,UPI,success
9551,6235,248,17-02-2025,7019,UPI,success
9553,1481,3717,16-02-2025,1,UPI,success
9557,9214,6771,15-09-2025,220,UPI,success
9559,3966,2032,03-04-2025,2,UPI,success
9560,10702,2369,07-04-2025,417,UPI,success
9561,1270,505,08-02-2025,697,UPI,success
9570,7824,7888,26-06-2025,707,UPI,success
9577,1322,4351,13-08-2025,2013,UPI,success
9586,5990,4149,03-01-2026,209,UPI,success
9587,3385,641,05-10-2025,7021,UPI,success
9602,3434,6618,09-12-2025,4008,UPI,success
9608,8919,1842,11-04-2025,181,UPI,success
9617,2698,928,09-09-2025,206,UPI,success
9622,10154,5766,16-04-2025,377,UPI,success
9623,11781,2439,24-03-2025,4014,UPI,success
9625,1247,253,23-03-2025,692,UPI,success
9627,4524,7952,25-04-2025,693,UPI,success
9629,10291,2465,17-12-2025,1,UPI,success
9632,3628,1560,30-05-2025,194,UPI,success
9635,9145,665,02-10-2025,184,UPI,success
9640,7227,2948,21-05-2025,201,UPI,success
9659,6869,7217,06-09-2025,695,UPI,success
9661,188,3287,27-12-2025,4000,UPI,success
9663,758,7719,02-06-2025,1986,UPI,success
9671,11710,3212,01-07-2025,2025,UPI,success
9673,8792,2829,08-08-2025,6,UPI,success
9682,6152,3870,04-06-2025,153,UPI,success
9687,3043,1343,14-10-2025,393,UPI,success
9688,7475,4617,22-03-2025,210,UPI,success
9690,10119,3811,19-11-2025,7000,UPI,success
9693,6662,2720,31-08-2025,2002,UPI,success
9694,7040,7228,03-06-2025,202,UPI,success
9698,7570,3265,03-04-2025,196,UPI,success
9715,5245,156,15-04-2025,4012,UPI,success
9724,6345,1495,14-02-2025,3998,UPI,success
9728,3273,6308,11-07-2025,417,UPI,success
9733,3340,5253,19-11-2025,708,UPI,success
9735,10703,3863,16-06-2025,413,UPI,success
9737,1595,6424,19-11-2025,4010,UPI,success
9742,633,3359,05-11-2025,210,UPI,success
9745,1592,1255,04-01-2025,399,UPI,success
9749,7929,830,12-08-2025,6,UPI,success
9751,4479,6643,23-05-2025,7008,UPI,success
9756,11577,1947,04-01-2026,3987,UPI,success
9757,2841,4180,14-02-2025,193,UPI,success
9761,6167,5344,03-11-2025,1986,UPI,success
9771,1595,6424,25-03-2025,4006,UPI,success
9772,2560,4016,15-01-2025,706,UPI,success
9776,10693,1008,01-01-2026,220,UPI,success
9777,3628,1560,22-08-2025,191,UPI,success
9792,1926,7030,13-06-2025,2,UPI,success
9797,3265,1576,15-02-2025,12,UPI,success
9807,11291,3878,25-08-2025,7007,UPI,success
9815,3391,2166,10-05-2025,711,UPI,success
9825,5850,6911,11-11-2025,2,UPI,success
9826,8683,238,07-07-2025,196,UPI,success
9830,6092,2334,07-03-2025,2027,UPI,success
9847,4509,2193,16-07-2025,6998,UPI,success
9854,3868,3177,20-08-2025,1983,UPI,success
9855,4052,4346,23-10-2025,6,UPI,success
9862,4654,2662,20-10-2025,2,UPI,success
9863,6912,1120,21-03-2025,398,UPI,success
9867,916,5259,05-02-2025,193,UPI,success
9874,9917,1668,14-01-2026,3,UPI,success
9880,10926,618,03-08-2025,6994,UPI,success
9884,1568,6230,09-11-2025,1991,UPI,success
9888,11623,76,13-01-2025,693,UPI,success
9891,3044,4575,05-10-2025,404,UPI,success
9892,207,3233,26-06-2025,3997,UPI,success
9895,8145,3496,30-10-2025,404,UPI,success
9897,367,5089,06-03-2025,196,UPI,success
9899,6868,6645,13-02-2025,6,UPI,success
9919,3083,3218,23-03-2025,1997,UPI,success
9931,2648,7158,20-01-2025,2006,UPI,success
9932,5111,4890,28-09-2025,402,UPI,success
9936,6206,4859,17-10-2025,4007,UPI,success
9939,4315,4213,26-02-2025,144,UPI,success
9950,2792,7663,09-04-2025,4005,UPI,success
9956,4992,328,01-05-2025,211,UPI,success
9957,794,836,19-06-2025,144,UPI,success
9960,3327,1716,04-04-2025,6991,UPI,success
9965,6227,2853,14-10-2025,152,UPI,success
9967,4807,342,21-04-2025,2003,UPI,success
9978,1401,7948,08-11-2025,196,UPI,success
9983,4439,6296,16-06-2025,205,UPI,success
9984,6589,4295,02-01-2025,408,UPI,success
9990,8931,862,10-08-2025,191,UPI,success
9991,6364,5270,14-05-2025,410,UPI,success
9993,6669,3151,10-05-2025,1977,UPI,success
9995,4833,4994,10-10-2025,6987,UPI,success
10000,4229,3750,03-08-2025,707,UPI,success
10001,9227,1834,27-05-2025,2007,UPI,success
10009,8100,205,21-03-2025,704,UPI,success
10032,8392,7498,28-04-2025,3994,UPI,success
10040,10995,5779,28-01-2025,394,UPI,success
10043,2878,7164,14-01-2026,7000,UPI,success
10048,6182,2775,15-12-2025,410,UPI,success
10050,6302,5186,22-03-2025,401,UPI,success
10051,6322,2550,18-08-2025,407,UPI,success
10054,11354,209,07-11-2025,704,UPI,success
10061,3227,7246,11-05-2025,1989,UPI,success
10064,3462,285,03-04-2025,397,UPI,success
10073,10684,3546,03-03-2025,201,UPI,success
10082,9074,1832,16-02-2025,4002,UPI,success
10092,10787,6884,25-04-2025,3994,UPI,success
10094,4847,3345,20-05-2025,178,UPI,success
10100,21,7886,05-01-2026,208,UPI,success
10107,10468,6606,14-01-2026,3998,UPI,success
10109,10081,3172,04-08-2025,144,UPI,success
10123,2595,7062,08-12-2025,401,UPI,success
10144,2138,1556,15-01-2026,190,UPI,success
10147,6448,6412,24-02-2025,414,UPI,success
10148,5220,7581,22-09-2025,219,UPI,success
10152,9509,1545,04-12-2025,1986,UPI,success
10154,3983,7761,14-06-2025,384,UPI,success
10159,7245,5015,26-12-2025,158,UPI,success
10165,7945,1735,05-01-2026,395,UPI,success
10172,6607,3322,09-08-2025,702,UPI,success
10174,11376,2200,22-04-2025,183,UPI,success
10177,8062,6381,10-12-2025,695,UPI,success
10185,11971,7701,12-09-2025,206,UPI,success
10207,2991,2314,20-08-2025,2007,UPI,success
10210,5068,4677,14-01-2025,155,UPI,success
10211,5498,2414,16-01-2026,380,UPI,success
10214,4983,7308,21-07-2025,17,UPI,success
10229,297,5067,29-05-2025,5,UPI,success
10232,1518,1316,09-03-2025,6994,UPI,success
10235,3680,2823,24-08-2025,203,UPI,success
10236,7151,1718,10-02-2025,142,UPI,success
10239,2194,530,06-06-2025,399,UPI,success
10247,9920,7651,22-08-2025,207,UPI,success
10249,4056,6500,03-11-2025,400,UPI,success
10251,544,1443,02-06-2025,203,UPI,success
10255,5852,3046,31-05-2025,2004,UPI,success
10256,5839,6829,05-11-2025,2,UPI,success
10261,733,4235,21-07-2025,199,UPI,success
10268,8161,760,03-06-2025,698,UPI,success
10275,7036,710,07-06-2025,717,UPI,success
10283,2162,3398,10-11-2025,200,UPI,success
10284,10037,1975,25-03-2025,4010,UPI,success
10287,8492,300,12-04-2025,2006,UPI,success
10294,6397,5729,14-11-2025,4,UPI,success
10298,978,1880,02-06-2025,403,UPI,success
10306,11738,7581,12-02-2025,393,UPI,success
10308,5557,468,13-11-2025,162,UPI,success
10309,4875,7619,15-07-2025,203,UPI,success
10310,106,2263,25-02-2025,412,UPI,success
10313,7092,7695,09-12-2025,3988,UPI,success
10320,5665,2583,20-02-2025,135,UPI,success
10321,5957,6051,30-04-2025,191,UPI,success
10329,4303,1108,14-01-2025,149,UPI,success
10341,2377,7747,07-01-2025,429,UPI,success
10343,1276,1785,29-06-2025,399,UPI,success
10352,5481,3563,14-06-2025,393,UPI,success
10354,10642,5691,19-02-2025,400,UPI,success
10359,1219,7111,08-03-2025,3996,UPI,success
10360,439,5304,23-10-2025,403,UPI,success
10361,5829,7793,17-01-2025,1993,UPI,success
10362,440,7722,26-06-2025,14,UPI,success
10363,5722,2869,09-09-2025,179,UPI,success
10371,7911,7512,07-10-2025,410,UPI,success
10392,2068,1952,28-12-2025,2005,UPI,success
10405,2380,1440,18-05-2025,4006,UPI,success
10416,10137,3768,31-07-2025,3995,UPI,success
10421,1479,5778,19-11-2025,395,UPI,success
10432,9289,3119,05-09-2025,401,UPI,success
10439,10024,597,09-01-2026,401,UPI,success
10449,2092,944,08-04-2025,389,UPI,success
10459,3629,2703,04-11-2025,701,UPI,success
10461,2802,5652,04-05-2025,702,UPI,success
10463,6515,3747,20-09-2025,693,UPI,success
10472,9047,815,04-06-2025,7007,UPI,success
10475,2041,2679,08-10-2025,7008,UPI,success
10477,10338,3637,13-11-2025,145,UPI,success
10505,4749,3711,08-09-2025,7,UPI,success
10511,5497,6612,10-02-2025,3989,UPI,success
10513,10940,5333,05-03-2025,4,UPI,success
10514,5907,296,27-11-2025,16,UPI,success
10520,4389,4650,13-02-2025,171,UPI,success
10528,5304,6071,23-03-2025,7,UPI,success
10534,10316,4142,10-12-2025,198,UPI,success
10535,3300,5965,12-11-2025,7014,UPI,success
10538,14,5819,30-08-2025,681,UPI,success
10542,2270,7830,13-10-2025,3,UPI,success
10543,10853,739,14-11-2025,391,UPI,success
10547,4331,6215,04-01-2026,201,UPI,success
10551,6124,5846,04-03-2025,2,UPI,success
10556,9649,7959,01-01-2026,383,UPI,success
10559,4784,7518,23-06-2025,7004,UPI,success
10564,4005,1062,27-12-2025,14,UPI,success
10569,2819,7574,27-06-2025,1999,UPI,success
10571,6279,621,17-01-2025,390,UPI,success
10575,7500,3948,20-05-2025,206,UPI,success
10577,92,659,04-08-2025,199,UPI,success
10586,6859,2930,31-08-2025,193,UPI,success
10594,9474,7504,06-10-2025,142,UPI,success
10599,4281,5323,15-07-2025,4000,UPI,success
10602,10856,6837,28-06-2025,4002,UPI,success
10605,4641,5486,27-08-2025,1990,UPI,success
10609,11109,5407,31-01-2025,7004,UPI,success
10610,5877,3443,27-03-2025,3980,UPI,success
10616,7668,1552,29-03-2025,150,UPI,success
10621,5033,3085,08-07-2025,2010,UPI,success
10631,6770,2703,08-10-2025,393,UPI,success
10633,7631,2850,20-11-2025,391,UPI,success
10635,9795,5084,15-05-2025,5,UPI,success
10636,5191,3050,29-08-2025,159,UPI,success
10641,1987,6710,27-08-2025,160,UPI,success
10642,3031,4192,30-06-2025,2004,UPI,success
10643,6317,1188,11-10-2025,373,UPI,success
10652,1485,6971,03-02-2025,4,UPI,success
10659,286,4439,20-06-2025,402,UPI,success
10661,10561,3999,29-09-2025,391,UPI,success
10670,4746,7401,09-05-2025,185,UPI,success
10672,7126,4061,07-08-2025,12,UPI,success
10674,11256,209,17-12-2025,11,UPI,success
10677,4737,1737,08-08-2025,694,UPI,success
10688,5249,98,05-02-2025,398,UPI,success
10707,1823,2995,07-05-2025,197,UPI,success
10709,5059,4905,10-01-2026,193,UPI,success
10713,3796,1096,28-12-2025,2008,UPI,success
10743,9693,4835,03-11-2025,1992,UPI,success
10746,5926,2612,28-03-2025,4010,UPI,success
10748,7608,572,13-08-2025,2010,UPI,success
10749,27,3983,04-02-2025,711,UPI,success
10750,864,2533,18-11-2025,3,UPI,success
10753,3480,5113,17-07-2025,401,UPI,success
10754,5389,4048,03-09-2025,10,UPI,success
10784,9346,7212,10-07-2025,1989,UPI,success
10786,11716,4488,27-01-2025,4005,UPI,success
10790,1596,4646,23-12-2025,719,UPI,success
10792,5746,7808,27-11-2025,386,UPI,success
10797,2042,6626,28-01-2025,4003,UPI,success
10799,24,416,03-01-2025,705,UPI,success
10805,7537,3421,05-01-2025,409,UPI,success
10813,6206,4859,06-01-2026,4007,UPI,success
10843,11846,2082,08-02-2025,212,UPI,success
10845,1920,660,23-11-2025,215,UPI,success
10849,10053,2393,18-01-2025,1997,UPI,success
10862,8270,5640,16-12-2025,201,UPI,success
10867,1228,5898,19-04-2025,1,UPI,success
10869,674,4590,13-02-2025,677,UPI,success
10870,7133,2778,27-07-2025,4,UPI,success
10874,633,3359,10-10-2025,206,UPI,success
10879,229,7724,15-04-2025,3981,UPI,success
10889,932,4435,21-10-2025,200,UPI,success
10891,11035,2021,27-01-2025,216,UPI,success
10892,1285,4703,06-02-2025,146,UPI,success
10894,387,3835,21-02-2025,1996,UPI,success
10908,5634,4425,11-10-2025,205,UPI,success
10918,2109,4929,16-01-2025,205,UPI,success
10919,3444,6880,12-05-2025,7010,UPI,success
10922,10424,1608,01-09-2025,158,UPI,success
10924,10804,6349,07-03-2025,218,UPI,success
10929,17,2114,13-05-2025,702,UPI,success
10939,6809,2444,05-07-2025,11,UPI,success
10941,7756,5470,14-03-2025,695,UPI,success
10952,9013,197,15-06-2025,703,UPI,success
10954,9981,6053,21-11-2025,682,UPI,success
10960,3398,4820,26-01-2025,399,UPI,success
10961,8626,7481,19-03-2025,14,UPI,success
10962,8503,2435,03-02-2025,147,UPI,success
10972,3991,6753,26-06-2025,397,UPI,success
10980,6515,3747,20-06-2025,698,UPI,success
10983,1807,7445,18-01-2026,689,UPI,success
10987,5269,7275,12-07-2025,700,UPI,success
10998,9937,328,15-11-2025,4,UPI,success
10999,3463,596,10-04-2025,181,UPI,success
11003,11764,6410,29-07-2025,403,UPI,success
11008,10918,7257,21-03-2025,143,UPI,success
11009,5345,6997,27-06-2025,699,UPI,success
11016,9936,53,29-03-2025,201,UPI,success
11017,5486,2146,10-04-2025,682,UPI,success
11021,11227,3779,22-07-2025,4002,UPI,success
11026,10146,1707,14-04-2025,147,UPI,success
11028,4806,6683,19-08-2025,199,UPI,success
11050,3004,2925,29-07-2025,4003,UPI,success
11051,8208,1636,25-03-2025,215,UPI,success
11055,8490,5462,14-11-2025,192,UPI,success
11059,4637,2567,08-02-2025,385,UPI,success
11062,66,1411,05-07-2025,193,UPI,success
11065,6803,787,10-08-2025,195,UPI,success
11074,10364,5535,28-03-2025,140,UPI,success
11076,4737,1737,29-07-2025,697,UPI,success
11083,9029,4735,30-08-2025,147,UPI,success
11084,4391,425,29-08-2025,211,UPI,success
11087,4252,156,17-07-2025,21,UPI,success
11099,10559,899,12-02-2025,7010,UPI,success
11107,6208,7876,21-12-2025,1995,UPI,success
11117,9073,2057,31-01-2025,6998,UPI,success
11119,2263,2768,29-12-2025,192,UPI,success
11132,8430,6556,26-06-2025,7003,UPI,success
11134,2801,1607,11-01-2026,386,UPI,success
11136,546,7084,17-01-2025,210,UPI,success
11149,9427,4267,03-11-2025,19,UPI,success
11153,9245,7280,10-09-2025,192,UPI,success
11154,9660,2191,26-09-2025,691,UPI,success
11155,6224,6840,19-04-2025,703,UPI,success
11162,6145,4717,25-01-2025,382,UPI,success
11164,11060,7688,08-01-2026,405,UPI,success
11168,1552,3463,13-10-2025,7014,UPI,success
11174,2359,3640,10-11-2025,2015,UPI,success
11177,1376,1936,16-10-2025,209,UPI,success
11180,1195,6743,10-08-2025,403,UPI,success
11186,8352,159,31-07-2025,2019,UPI,success
11187,11448,2865,27-02-2025,141,UPI,success
11189,2493,6956,06-03-2025,1993,UPI,success
11193,6458,1230,29-03-2025,181,UPI,success
11199,3404,7243,06-01-2025,4015,UPI,success
11201,6868,6645,30-03-2025,10,UPI,success
11203,2505,1703,29-05-2025,196,UPI,success
11213,1356,2563,31-01-2025,1,UPI,success
11224,6165,1615,26-12-2025,185,UPI,success
11234,2984,1627,14-10-2025,21,UPI,success
11238,3984,1865,15-01-2025,200,UPI,success
11247,11334,2506,17-07-2025,9,UPI,success
11250,866,1108,28-05-2025,150,UPI,success
11259,4194,4460,24-09-2025,694,UPI,success
11261,8633,3086,28-06-2025,4002,UPI,success
11265,130,5536,09-01-2025,4003,UPI,success
11267,299,2583,26-09-2025,3994,UPI,success
11271,7312,162,27-12-2025,1989,UPI,success
11272,3828,3652,20-07-2025,142,UPI,success
11279,5899,1472,15-07-2025,3995,UPI,success
11280,10336,6543,13-03-2025,206,UPI,success
11285,2737,2814,30-10-2025,700,UPI,success
11287,11692,72,04-09-2025,693,UPI,success
11288,4089,5107,28-08-2025,391,UPI,success
11297,9333,3174,08-03-2025,406,UPI,success
11316,10787,6884,27-12-2025,4006,UPI,success
11320,6465,1779,24-10-2025,147,UPI,success
11344,5484,2560,11-05-2025,412,UPI,success
11348,2681,2199,03-09-2025,390,UPI,success
11350,3194,4115,13-11-2025,203,UPI,success
11351,5738,5289,18-03-2025,402,UPI,success
11357,10724,6405,30-03-2025,4002,UPI,success
11360,8618,7640,13-12-2025,679,UPI,success
11381,10067,4714,01-08-2025,2,UPI,success
11382,3192,135,16-01-2026,9,UPI,success
11384,8796,1652,08-12-2025,705,UPI,success
11388,8469,5648,24-06-2025,2014,UPI,success
11389,4010,2897,10-01-2026,2008,UPI,success
11397,2009,2129,19-02-2025,695,UPI,success
11401,6455,5605,30-10-2025,399,UPI,success
11407,6983,1069,17-06-2025,708,UPI,success
11408,1017,6910,07-02-2025,207,UPI,success
11412,5446,4828,31-08-2025,716,UPI,success
11413,5531,2791,05-11-2025,187,UPI,success
11419,3464,2884,15-09-2025,10,UPI,success
11424,1000,603,27-01-2025,398,UPI,success
11425,5667,4792,21-10-2025,7019,UPI,success
11433,10902,3682,13-11-2025,4000,UPI,success
11436,11957,22,19-01-2025,3995,UPI,success
11440,7794,2310,26-01-2025,705,UPI,success
11445,11473,7999,23-12-2025,4002,UPI,success
11449,8568,6920,05-04-2025,187,UPI,success
11457,7787,1918,11-09-2025,151,UPI,success
11469,3439,1942,04-02-2025,6993,UPI,success
11471,11535,4645,16-10-2025,201,UPI,success
11485,7096,5078,09-02-2025,143,UPI,success
11492,4807,342,19-01-2025,1982,UPI,success
11510,8389,6276,21-02-2025,222,UPI,success
11514,9956,6798,09-10-2025,3999,UPI,success
11515,8281,5363,25-12-2025,152,UPI,success
11519,11290,3410,28-01-2025,1994,UPI,success
11527,339,7943,01-08-2025,692,UPI,success
11531,7967,6471,27-10-2025,409,UPI,success
11543,7349,4618,07-01-2026,388,UPI,success
11544,10673,981,15-01-2026,194,UPI,success
11549,5678,3997,07-09-2025,4001,UPI,success
11551,8997,7934,08-11-2025,182,UPI,success
11554,4999,728,10-02-2025,3989,UPI,success
11557,5722,2869,22-09-2025,210,UPI,success
11571,7271,5758,19-03-2025,396,UPI,success
11573,7670,5225,13-01-2026,6995,UPI,success
11574,8153,308,28-11-2025,23,UPI,success
11584,4583,6719,29-06-2025,8,UPI,success
11598,913,4630,15-10-2025,405,UPI,success
11604,6822,3312,20-12-2025,203,UPI,success
11619,896,1684,13-09-2025,697,UPI,success
11626,605,6052,13-11-2025,2004,UPI,success
11636,8232,5514,28-01-2025,401,UPI,success
11643,6803,787,20-09-2025,199,UPI,success
11646,11379,4109,16-09-2025,3997,UPI,success
11647,4567,1810,28-09-2025,699,UPI,success
11655,8946,7422,05-12-2025,183,UPI,success
11658,11909,5656,13-09-2025,212,UPI,success
11665,1456,4216,27-06-2025,192,UPI,success
11666,506,3335,11-01-2026,391,UPI,success
11671,10241,2701,02-07-2025,1,UPI,success
11672,5074,1941,20-05-2025,6999,UPI,success
11676,3215,4120,16-12-2025,3994,UPI,success
11677,476,1928,05-11-2025,12,UPI,success
11679,9743,1700,24-12-2025,11,UPI,success
11680,820,2619,26-11-2025,197,UPI,success
11689,9713,975,19-06-2025,410,UPI,success
11693,6140,32,30-09-2025,6,UPI,success
11699,5439,4295,11-09-2025,7,UPI,success
11704,11376,2200,06-07-2025,216,UPI,success
11705,8950,6786,15-03-2025,199,UPI,success
11717,850,6025,28-09-2025,4007,UPI,success
11728,6366,7241,11-10-2025,392,UPI,success
11734,1962,6540,30-09-2025,7003,UPI,success
11736,11332,5180,29-03-2025,191,UPI,success
11740,1180,3548,12-06-2025,13,UPI,success
11744,146,2716,05-07-2025,238,UPI,success
11747,5185,5477,11-02-2025,379,UPI,success
11750,11825,3316,25-06-2025,4011,UPI,success
11754,7688,3813,23-04-2025,7006,UPI,success
11757,9045,96,01-08-2025,1,UPI,success
11759,3188,6031,23-08-2025,402,UPI,success
11762,9979,1366,27-11-2025,383,UPI,success
11782,3809,906,31-12-2025,146,UPI,success
11783,11011,7906,08-07-2025,193,UPI,success
11788,6163,651,13-01-2025,15,UPI,success
11789,5159,2131,20-06-2025,201,UPI,success
11793,1567,2835,26-10-2025,2007,UPI,success
11794,10380,7895,28-05-2025,698,UPI,success
11805,4644,3051,03-05-2025,391,UPI,success
11819,10096,4446,12-05-2025,681,UPI,success
11824,2348,4789,28-04-2025,6989,UPI,success
11836,763,4922,17-05-2025,211,UPI,success
11840,3789,1834,25-10-2025,707,UPI,success
11853,5355,370,29-03-2025,6997,UPI,success
11858,5427,2880,04-04-2025,7008,UPI,success
11863,10853,739,11-02-2025,403,UPI,success
11869,5574,4881,25-06-2025,6974,UPI,success
11871,8189,5552,16-05-2025,404,UPI,success
11873,1848,4126,05-09-2025,398,UPI,success
11876,9745,7165,07-05-2025,183,UPI,success
11886,7954,2515,25-06-2025,7001,UPI,success
11895,10856,6837,06-12-2025,4009,UPI,success
11915,1923,7945,18-08-2025,408,UPI,success
11919,4772,386,24-11-2025,183,UPI,success
11921,1972,7392,17-03-2025,389,UPI,success
11925,8164,7912,06-10-2025,142,UPI,success
11929,10670,4461,16-02-2025,5,UPI,success
11934,8318,2662,14-06-2025,197,UPI,success
11935,5066,3009,14-04-2025,405,UPI,success
11955,10134,111,16-04-2025,199,UPI,success
11957,6233,7800,24-02-2025,408,UPI,success
11966,114,1180,15-08-2025,195,UPI,success
11967,8189,5552,17-08-2025,393,UPI,success
11975,5742,2838,19-04-2025,153,UPI,success
11977,10748,4701,28-12-2025,9,UPI,success
11981,2186,7924,27-12-2025,695,UPI,success
11984,9956,6798,21-09-2025,3970,UPI,success
11988,10396,5736,20-04-2025,4011,UPI,success
11995,11919,67,14-09-2025,182,UPI,success
12000,9909,3224,24-11-2025,390,UPI,success
3,11424,2890,07-04-2025,698,Card,success
8,7091,7567,03-08-2025,199,Card,success
11,793,3845,17-04-2025,212,Card,success
13,11717,5747,04-08-2025,210,Card,success
14,10778,4951,12-01-2025,1999,Card,success
17,11371,6998,17-09-2025,1997,Card,success
22,4248,6728,20-09-2025,1993,Card,success
27,1267,2277,14-01-2026,11,Card,success
30,9931,964,18-03-2025,3994,Card,success
40,376,1165,12-03-2025,3989,Card,success
43,6476,4851,15-09-2025,401,Card,success
47,1035,1357,19-05-2025,403,Card,success
48,1996,7240,14-03-2025,396,Card,success
58,7990,4983,27-04-2025,404,Card,success
59,9927,3802,18-06-2025,700,Card,success
62,11695,884,27-05-2025,157,Card,success
66,11391,7064,02-06-2025,3997,Card,success
80,9058,7422,13-07-2025,184,Card,success
84,5443,6621,04-04-2025,2,Card,success
86,1084,4542,13-12-2025,202,Card,success
91,6498,6768,07-04-2025,4,Card,success
95,8662,4094,10-09-2025,1998,Card,success
98,4296,787,14-08-2025,198,Card,success
110,3553,4679,05-10-2025,149,Card,success
111,4576,3945,02-08-2025,397,Card,success
115,2100,92,10-01-2025,4003,Card,success
117,6698,4252,26-08-2025,685,Card,success
123,10901,3370,16-05-2025,147,Card,success
131,8897,1362,02-01-2026,4,Card,success
140,6225,1423,07-05-2025,214,Card,success
141,5087,5796,13-12-2025,178,Card,success
142,2782,4797,16-11-2025,2,Card,success
147,11987,6228,29-12-2025,212,Card,success
159,6933,2544,06-01-2026,2004,Card,success
183,11993,7890,12-10-2025,209,Card,success
187,6854,7814,07-08-2025,698,Card,success
188,11194,5319,10-06-2025,206,Card,success
203,1440,2568,04-04-2025,1984,Card,success
206,4096,5882,19-06-2025,7016,Card,success
216,890,5201,02-10-2025,179,Card,success
227,8410,95,01-06-2025,408,Card,success
230,6550,1642,16-01-2026,6995,Card,success
234,1920,660,16-10-2025,208,Card,success
244,11426,709,21-04-2025,705,Card,success
248,285,6060,21-10-2025,1991,Card,success
252,1846,6318,28-12-2025,710,Card,success
264,2771,2907,26-03-2025,6975,Card,success
280,7939,7752,06-01-2026,685,Card,success
287,5240,7535,25-08-2025,6990,Card,success
290,10824,3692,05-01-2026,406,Card,success
294,4447,856,24-03-2025,3,Card,success
300,2725,3740,06-07-2025,399,Card,success
301,1268,4394,17-02-2025,187,Card,success
303,5559,4437,18-12-2025,696,Card,success
310,1894,4708,30-08-2025,694,Card,success
311,9104,750,28-07-2025,2006,Card,success
312,9898,3362,06-11-2025,138,Card,success
315,10688,3060,17-10-2025,1999,Card,success
320,9048,2661,31-05-2025,401,Card,success
323,11210,7016,12-05-2025,2010,Card,success
335,9065,7006,22-05-2025,204,Card,success
341,11598,6744,28-01-2025,201,Card,success
348,8662,4094,26-09-2025,1982,Card,success
354,11173,2133,07-07-2025,2004,Card,success
358,11851,5380,25-12-2025,208,Card,success
361,1675,2912,27-03-2025,703,Card,success
363,10963,4858,04-07-2025,197,Card,success
369,8742,5014,18-06-2025,393,Card,success
376,3768,4768,23-08-2025,408,Card,success
380,1687,7770,30-06-2025,696,Card,success
391,11671,2428,23-05-2025,209,Card,success
393,5863,4567,03-07-2025,2006,Card,success
395,10876,7041,01-03-2025,4,Card,success
405,2088,4651,22-07-2025,703,Card,success
415,9132,6459,18-12-2025,705,Card,success
416,4126,258,11-04-2025,204,Card,success
419,6544,777,15-07-2025,395,Card,success
421,11629,3640,30-06-2025,708,Card,success
425,10942,5520,22-07-2025,402,Card,success
432,10966,1760,14-08-2025,4007,Card,success
439,515,6686,05-01-2026,1993,Card,success
442,7120,3566,12-11-2025,7007,Card,success
459,9659,865,23-02-2025,689,Card,success
463,8730,4755,07-03-2025,399,Card,success
470,4911,3966,04-04-2025,1986,Card,success
474,1196,6806,07-12-2025,2004,Card,success
476,6484,1362,04-08-2025,700,Card,success
484,8298,5210,10-01-2026,195,Card,success
489,1201,47,23-05-2025,13,Card,success
492,9930,285,07-09-2025,155,Card,success
503,8410,95,22-08-2025,395,Card,success
504,1848,4126,19-02-2025,384,Card,success
506,1808,5923,08-08-2025,3,Card,success
507,6723,7137,07-06-2025,204,Card,success
512,6069,1552,21-05-2025,400,Card,success
516,2425,3233,02-08-2025,386,Card,success
523,8499,2123,22-09-2025,394,Card,success
529,8076,7450,15-06-2025,693,Card,success
533,3477,3460,02-12-2025,406,Card,success
538,5728,1231,26-03-2025,1988,Card,success
540,11584,202,20-04-2025,7001,Card,success
541,7556,3973,23-07-2025,1995,Card,success
542,9615,7738,13-12-2025,197,Card,success
543,8331,5761,10-02-2025,703,Card,success
555,4679,2782,02-04-2025,11,Card,success
560,11302,3973,16-03-2025,9,Card,success
568,6029,5339,12-01-2025,1,Card,success
569,11126,1697,06-10-2025,688,Card,success
578,11289,7623,24-10-2025,147,Card,success
584,10938,6696,29-09-2025,3983,Card,success
587,4002,7519,01-07-2025,403,Card,success
588,4691,740,30-01-2025,5,Card,success
594,2787,2168,11-05-2025,3998,Card,success
596,11862,1358,20-05-2025,153,Card,success
600,9639,1136,24-11-2025,206,Card,success
601,10649,4599,06-04-2025,198,Card,success
611,7491,3200,17-07-2025,23,Card,success
612,5091,2565,01-10-2025,212,Card,success
618,8878,595,21-07-2025,198,Card,success
627,2039,2596,22-07-2025,195,Card,success
637,875,1707,03-11-2025,7,Card,success
645,3489,696,29-04-2025,687,Card,success
651,9105,7863,15-02-2025,4001,Card,success
660,11372,1496,18-06-2025,1985,Card,success
662,9857,5968,13-07-2025,702,Card,success
666,1101,6418,26-11-2025,3979,Card,success
667,4189,2626,14-05-2025,6,Card,success
672,6668,2982,09-06-2025,712,Card,success
681,6232,3507,06-05-2025,699,Card,success
687,777,6756,30-03-2025,216,Card,success
692,10789,5225,04-01-2026,195,Card,success
694,2253,7101,11-06-2025,186,Card,success
700,8480,1721,10-09-2025,377,Card,success
704,1505,3122,09-06-2025,7007,Card,success
713,1033,6342,21-02-2025,698,Card,success
718,11515,7783,02-02-2025,209,Card,success
720,3175,6380,31-05-2025,3994,Card,success
731,1471,1261,08-01-2026,5,Card,success
733,11066,1591,17-04-2025,385,Card,success
746,6383,4398,17-11-2025,136,Card,success
752,4435,1233,06-11-2025,183,Card,success
762,8311,217,03-05-2025,196,Card,success
779,7079,791,16-02-2025,4005,Card,success
780,2969,4889,20-04-2025,198,Card,success
790,860,2422,12-04-2025,398,Card,success
796,10377,1026,25-02-2025,6982,Card,success
798,9809,4034,08-05-2025,396,Card,success
809,4266,5361,15-08-2025,3995,Card,success
811,3151,6276,13-01-2025,393,Card,success
812,5128,1429,15-01-2025,697,Card,success
817,11146,689,04-01-2026,2011,Card,success
823,6468,5948,01-06-2025,190,Card,success
828,11765,4653,25-06-2025,143,Card,success
830,5546,1944,25-05-2025,211,Card,success
831,1186,5720,14-07-2025,137,Card,success
842,912,7585,30-06-2025,3997,Card,success
843,2068,1952,01-01-2025,1999,Card,success
861,6128,5841,16-05-2025,703,Card,success
864,3058,7445,18-02-2025,4011,Card,success
869,598,5671,17-06-2025,191,Card,success
873,2235,480,15-10-2025,394,Card,success
874,6560,6290,17-01-2025,4000,Card,success
880,6957,3093,09-06-2025,697,Card,success
886,10069,6457,25-09-2025,194,Card,success
901,10713,1876,18-06-2025,402,Card,success
902,5424,6455,10-02-2025,406,Card,success
903,8190,2288,03-07-2025,4002,Card,success
904,11956,6775,19-03-2025,199,Card,success
908,8128,6079,17-01-2025,212,Card,success
910,5014,5649,21-04-2025,4003,Card,success
929,2038,1170,15-01-2025,9,Card,success
948,6705,315,04-08-2025,191,Card,success
955,4490,6254,07-10-2025,7013,Card,success
962,8798,5161,21-10-2025,707,Card,success
963,6244,1548,17-01-2026,3,Card,success
965,1265,2559,14-12-2025,185,Card,success
968,10665,7063,25-12-2025,175,Card,success
972,9430,4431,29-10-2025,697,Card,success
978,1897,2645,25-11-2025,3998,Card,success
982,2761,3347,21-12-2025,198,Card,success
983,6221,4862,21-02-2025,148,Card,success
986,625,5351,29-12-2025,1,Card,success
996,11192,4687,07-10-2025,1993,Card,success
997,3028,4490,23-12-2025,392,Card,success
1013,6332,1000,25-03-2025,2000,Card,success
1016,9297,6702,21-10-2025,191,Card,success
1018,4151,2384,28-03-2025,1985,Card,success
1022,7588,3841,28-06-2025,207,Card,success
1024,10956,1101,21-02-2025,4009,Card,success
1025,1096,3761,30-05-2025,381,Card,success
1033,4870,4416,05-02-2025,5,Card,success
1037,10242,7283,24-03-2025,7,Card,success
1038,11952,6377,27-03-2025,8,Card,success
1039,2900,1293,18-01-2025,3996,Card,success
1042,4925,2079,20-11-2025,151,Card,success
1054,885,5711,07-02-2025,196,Card,success
1056,3894,1111,14-09-2025,1991,Card,success
1062,9343,1576,24-06-2025,390,Card,success
1063,9203,3680,27-11-2025,386,Card,success
1075,758,7719,08-02-2025,1992,Card,success
1078,183,4257,10-05-2025,1986,Card,success
1088,8547,183,09-05-2025,6997,Card,success
1091,11403,1092,13-04-2025,2,Card,success
1099,10206,3383,23-02-2025,3994,Card,success
1106,3078,6061,18-06-2025,3997,Card,success
1108,7086,1230,07-09-2025,8,Card,success
1109,2043,1066,16-03-2025,3998,Card,success
1119,11589,4682,06-06-2025,698,Card,success
1125,548,4846,16-02-2025,2,Card,success
1127,4341,5476,19-05-2025,6987,Card,success
1139,2043,1066,04-06-2025,4002,Card,success
1140,7400,450,14-02-2025,4007,Card,success
1148,8116,4025,16-02-2025,395,Card,success
1149,11389,643,11-01-2025,134,Card,success
1152,2650,1627,26-11-2025,408,Card,success
1153,8861,3164,22-08-2025,700,Card,success
1154,3100,1463,02-04-2025,13,Card,success
1171,5631,6869,09-10-2025,5,Card,success
1184,10572,4193,02-06-2025,151,Card,success
1186,9322,6669,17-07-2025,201,Card,success
1188,3171,7480,22-06-2025,145,Card,success
1189,10176,6055,04-05-2025,6996,Card,success
1197,4710,4583,03-02-2025,7001,Card,success
1201,6355,4374,03-06-2025,397,Card,success
1207,9304,3778,08-01-2025,398,Card,success
1211,3167,4264,04-06-2025,714,Card,success
1213,1279,2221,11-06-2025,4009,Card,success
1217,8947,6939,01-10-2025,194,Card,success
1222,118,5732,04-09-2025,6,Card,success
1228,8764,7429,03-01-2026,7006,Card,success
1240,1005,2545,23-04-2025,193,Card,success
1243,9629,2329,18-04-2025,201,Card,success
1244,9435,6096,28-09-2025,701,Card,success
1245,3601,5893,13-01-2025,398,Card,success
1255,10130,3674,16-07-2025,709,Card,success
1256,8990,5094,22-09-2025,392,Card,success
1259,8356,7684,13-07-2025,164,Card,success
1264,10789,5225,03-06-2025,196,Card,success
1268,3755,4110,02-12-2025,152,Card,success
1274,9699,628,15-01-2026,3980,Card,success
1275,7588,3841,04-01-2025,202,Card,success
1281,9666,7128,16-07-2025,374,Card,success
1285,11794,1420,28-07-2025,1998,Card,success
1286,361,5264,18-08-2025,411,Card,success
1287,10431,536,09-02-2025,205,Card,success
1307,4932,5841,13-02-2025,7006,Card,success
1308,5199,2694,10-05-2025,1996,Card,success
1326,1282,4258,28-02-2025,1992,Card,success
1335,7038,5418,09-04-2025,414,Card,success
1338,10935,580,16-10-2025,193,Card,success
1352,11872,6682,30-03-2025,14,Card,success
1355,10775,3296,23-11-2025,204,Card,success
1359,570,4281,14-08-2025,409,Card,success
1364,6466,7869,23-06-2025,153,Card,success
1365,5408,4196,14-05-2025,27,Card,success
1376,9667,5315,19-12-2025,7004,Card,success
1377,501,829,11-01-2025,193,Card,success
1393,10582,864,25-07-2025,1995,Card,success
1397,9472,7338,19-03-2025,1991,Card,success
1398,534,7930,05-05-2025,4008,Card,success
1403,6828,2558,25-10-2025,12,Card,success
1405,5926,2612,27-08-2025,3999,Card,success
1407,276,2230,29-12-2025,201,Card,success
1412,8188,1438,20-06-2025,212,Card,success
1413,2374,853,02-03-2025,4010,Card,success
1416,8173,6389,11-04-2025,10,Card,success
1419,5524,6625,02-04-2025,146,Card,success
1422,7247,4749,23-05-2025,1999,Card,success
1428,3965,870,23-06-2025,26,Card,success
1430,8159,7322,01-11-2025,2002,Card,success
1455,11904,6801,10-11-2025,160,Card,success
1456,8265,5820,14-06-2025,147,Card,success
1459,9134,1896,14-10-2025,4,Card,success
1460,1223,5628,31-05-2025,7000,Card,success
1463,8666,2119,26-08-2025,685,Card,success
1468,9370,3650,25-08-2025,2,Card,success
1480,6938,3263,07-11-2025,5,Card,success
1487,9756,5540,20-10-2025,3999,Card,success
1488,3377,565,08-09-2025,219,Card,success
1498,1148,3784,25-08-2025,145,Card,success
1500,11486,3409,28-04-2025,7004,Card,success
1502,8548,7371,27-09-2025,6997,Card,success
1504,992,1079,06-12-2025,207,Card,success
1512,3393,2796,13-04-2025,7005,Card,success
1517,4104,783,27-05-2025,6992,Card,success
1520,10017,1393,05-07-2025,694,Card,success
1523,8688,7477,22-02-2025,2009,Card,success
1529,9822,2070,13-05-2025,6,Card,success
1532,7640,2815,21-05-2025,2001,Card,success
1540,1404,154,13-09-2025,398,Card,success
1545,7190,2182,23-06-2025,166,Card,success
1546,9501,2434,25-06-2025,198,Card,success
1552,10854,4815,25-01-2025,197,Card,success
1555,4582,7781,17-01-2026,15,Card,success
1567,7288,5807,15-07-2025,4002,Card,success
1568,1874,5918,14-07-2025,413,Card,success
1572,6683,6543,15-10-2025,7001,Card,success
1576,7087,4724,17-10-2025,1998,Card,success
1581,5914,1506,19-03-2025,393,Card,success
1583,4067,3914,22-04-2025,10,Card,success
1586,6300,1580,24-07-2025,180,Card,success
1594,11982,5742,22-12-2025,6998,Card,success
1598,9029,4735,14-11-2025,151,Card,success
1604,4955,3047,28-11-2025,688,Card,success
1605,11071,7038,21-08-2025,398,Card,success
1610,5364,3722,21-03-2025,702,Card,success
1618,9992,567,06-01-2026,695,Card,success
1624,8532,3723,10-09-2025,4001,Card,success
1627,990,7907,09-08-2025,697,Card,success
1639,8734,2500,04-01-2025,206,Card,success
1649,2347,6125,06-11-2025,408,Card,success
1669,8139,6032,06-08-2025,694,Card,success
1670,4140,1277,12-12-2025,1985,Card,success
1673,9897,4337,31-07-2025,6999,Card,success
1679,9639,1136,16-10-2025,185,Card,success
1691,1044,1199,20-12-2025,688,Card,success
1694,3045,2440,11-08-2025,702,Card,success
1697,8741,6484,12-12-2025,404,Card,success
1700,8129,3622,10-09-2025,7012,Card,success
1704,9827,3673,20-07-2025,2009,Card,success
1709,8293,3871,29-09-2025,2011,Card,success
1720,3564,91,20-05-2025,190,Card,success
1754,6642,2296,04-11-2025,5,Card,success
1764,8131,7176,19-09-2025,4001,Card,success
1771,5968,7868,28-12-2025,395,Card,success
1775,11438,1384,18-06-2025,685,Card,success
1782,3010,4043,24-01-2025,205,Card,success
1787,11433,3218,06-06-2025,191,Card,success
1791,3808,5080,24-04-2025,2,Card,success
1798,3585,7151,02-04-2025,20,Card,success
1805,5108,1243,15-06-2025,200,Card,success
1809,4490,6254,19-05-2025,7006,Card,success
1815,4818,1747,09-03-2025,388,Card,success
1827,6583,5256,15-09-2025,2,Card,success
1834,4732,1191,09-06-2025,694,Card,success
1835,9666,7128,10-09-2025,396,Card,success
1840,9717,7017,28-11-2025,186,Card,success
1843,11879,4847,02-05-2025,148,Card,success
1853,10303,804,15-11-2025,5,Card,success
1857,1616,6037,03-04-2025,195,Card,success
1868,3302,3566,13-11-2025,10,Card,success
1871,11263,4933,10-06-2025,690,Card,success
1875,11635,149,07-01-2025,391,Card,success
1882,4474,767,23-08-2025,6991,Card,success
1883,176,2588,22-03-2025,204,Card,success
1886,2106,4610,13-08-2025,1996,Card,success
1895,7798,1363,05-05-2025,387,Card,success
1919,5599,1801,21-02-2025,149,Card,success
1922,8301,1656,12-02-2025,210,Card,success
1927,9062,1862,07-08-2025,1,Card,success
1932,3953,908,03-01-2026,372,Card,success
1934,11163,4777,07-03-2025,698,Card,success
1943,4254,1151,13-06-2025,691,Card,success
1949,9821,2162,08-01-2025,202,Card,success
1958,11420,4642,14-12-2025,1996,Card,success
1962,6573,7509,01-01-2025,3,Card,success
1964,1777,3243,14-01-2026,7003,Card,success
1967,2866,1213,09-12-2025,194,Card,success
1975,963,3935,16-09-2025,202,Card,success
1987,6732,4123,29-06-2025,6988,Card,success
1991,10251,3459,16-03-2025,195,Card,success
1995,10002,3231,20-05-2025,414,Card,success
2002,1541,7953,13-05-2025,400,Card,success
2003,1848,4126,17-06-2025,406,Card,success
2006,3724,468,15-04-2025,7011,Card,success
2010,6618,7023,20-06-2025,6976,Card,success
2018,7997,5871,06-01-2026,194,Card,success
2020,4060,2080,07-01-2025,374,Card,success
2022,4889,2281,18-12-2025,3991,Card,success
2030,11575,3036,02-12-2025,2007,Card,success
2031,6942,7515,28-04-2025,1,Card,success
2055,8592,2130,22-11-2025,10,Card,success
2060,2396,5148,02-04-2025,1985,Card,success
2064,5832,7544,04-07-2025,14,Card,success
2069,4164,6480,14-03-2025,701,Card,success
2071,3751,6656,06-09-2025,382,Card,success
2072,196,4938,31-03-2025,410,Card,success
2074,1158,5378,20-05-2025,378,Card,success
2075,11368,4310,02-01-2025,3995,Card,success
2080,8780,6634,13-08-2025,385,Card,success
2088,8162,4702,02-02-2025,3979,Card,success
2096,794,836,29-07-2025,136,Card,success
2097,824,6206,12-09-2025,193,Card,success
2099,8221,2830,16-09-2025,2,Card,success
2101,297,5067,22-07-2025,2,Card,success
2102,7777,6512,04-03-2025,399,Card,success
2110,702,4360,20-08-2025,4008,Card,success
2123,3496,2723,14-05-2025,387,Card,success
2130,3938,7744,26-07-2025,14,Card,success
2135,1563,6984,11-11-2025,386,Card,success
2138,8908,3579,27-06-2025,700,Card,success
2139,6780,2814,14-01-2026,402,Card,success
2151,6492,7767,18-10-2025,199,Card,success
2152,10726,2287,31-10-2025,401,Card,success
2161,831,5188,09-07-2025,18,Card,success
2169,1188,923,05-05-2025,386,Card,success
2172,4839,1605,28-04-2025,206,Card,success
2179,8797,3169,24-10-2025,4012,Card,success
2184,1583,7746,06-01-2026,201,Card,success
2185,5293,4954,03-09-2025,706,Card,success
2186,4020,6596,26-02-2025,183,Card,success
2188,9843,4748,09-01-2026,155,Card,success
2190,10835,4037,26-01-2025,395,Card,success
2191,2136,6042,17-10-2025,3998,Card,success
2192,10232,2101,03-05-2025,3989,Card,success
2194,1939,4515,28-10-2025,3,Card,success
2197,3880,2867,05-01-2026,705,Card,success
2198,4524,7952,30-09-2025,701,Card,success
2204,7310,2210,16-01-2025,393,Card,success
2205,2364,703,02-06-2025,410,Card,success
2211,10062,301,01-06-2025,697,Card,success
2212,4039,7191,02-02-2025,377,Card,success
2213,5772,6792,15-01-2025,207,Card,success
2214,6523,5074,23-12-2025,212,Card,success
2220,2892,3858,23-08-2025,210,Card,success
2233,4170,7599,19-12-2025,6,Card,success
2237,436,4041,09-09-2025,191,Card,success
2247,6534,3045,25-04-2025,699,Card,success
2251,9077,4727,03-07-2025,4,Card,success
2253,6312,1746,19-03-2025,410,Card,success
2255,9269,7024,05-11-2025,7016,Card,success
2257,6580,892,16-11-2025,397,Card,success
2270,5237,3038,23-02-2025,5,Card,success
2272,2939,6103,14-04-2025,1989,Card,success
2273,8994,2677,01-06-2025,404,Card,success
2274,2991,2314,25-11-2025,2007,Card,success
2277,2926,5832,10-06-2025,198,Card,success
2278,9136,1525,26-03-2025,206,Card,success
2284,655,1154,04-10-2025,4,Card,success
2286,8170,2419,19-07-2025,398,Card,success
2297,6524,3839,19-11-2025,211,Card,success
2298,2454,5553,20-11-2025,187,Card,success
2307,4515,1982,26-01-2025,387,Card,success
2308,7938,1266,03-03-2025,705,Card,success
2313,9142,4293,28-08-2025,1992,Card,success
2318,7819,5638,06-11-2025,4,Card,success
2330,8435,1855,28-09-2025,218,Card,success
2331,1690,3257,10-08-2025,177,Card,success
2332,11286,5019,07-10-2025,404,Card,success
2336,10940,5333,06-01-2025,13,Card,success
2339,8809,2530,28-02-2025,1,Card,success
2341,10681,6540,03-10-2025,689,Card,success
2345,7103,1523,15-01-2025,210,Card,success
2348,10736,2715,16-07-2025,5,Card,success
2351,8274,2039,04-08-2025,699,Card,success
2361,9960,2572,18-10-2025,399,Card,success
2363,5068,4677,03-12-2025,155,Card,success
2364,826,6572,04-01-2025,212,Card,success
2365,2502,1519,25-06-2025,185,Card,success
2367,3102,7645,25-11-2025,7,Card,success
2369,4979,37,30-11-2025,185,Card,success
2406,8832,225,23-10-2025,6988,Card,success
2411,4439,6296,18-10-2025,175,Card,success
2417,16,7040,11-04-2025,6,Card,success
2420,8946,7422,20-10-2025,211,Card,success
2426,10192,6837,24-05-2025,2017,Card,success
2436,3513,4974,06-09-2025,193,Card,success
2437,3420,7804,23-05-2025,696,Card,success
2441,1461,1913,30-01-2025,8,Card,success
2442,7510,5883,11-01-2026,201,Card,success
2443,11363,7090,23-12-2025,200,Card,success
2447,8820,4471,29-05-2025,8,Card,success
2452,6784,1952,13-06-2025,4008,Card,success
2459,8921,477,03-10-2025,708,Card,success
2475,2288,2094,24-06-2025,389,Card,success
2483,2767,3970,18-12-2025,204,Card,success
2486,8442,3766,03-04-2025,136,Card,success
2488,3647,6685,11-01-2026,3997,Card,success
2496,1530,2629,04-11-2025,10,Card,success
2504,9589,2489,29-10-2025,414,Card,success
2516,10586,4949,29-04-2025,3999,Card,success
2528,9452,2733,19-11-2025,388,Card,success
2535,3162,7376,21-02-2025,1992,Card,success
2540,2574,7126,14-04-2025,705,Card,success
2542,5910,2202,21-02-2025,404,Card,success
2543,10799,5738,24-08-2025,411,Card,success
2556,6963,4970,22-01-2025,7003,Card,success
2558,3691,1324,08-02-2025,696,Card,success
2559,1248,2953,19-11-2025,7,Card,success
2562,564,6186,02-02-2025,195,Card,success
2566,9228,7942,25-05-2025,9,Card,success
2573,4302,6413,28-04-2025,187,Card,success
2578,11674,1035,21-09-2025,689,Card,success
2579,10368,2445,11-01-2025,1984,Card,success
2582,7743,6465,22-06-2025,3995,Card,success
2583,8535,3174,29-05-2025,419,Card,success
2593,5857,5883,01-05-2025,7,Card,success
2611,102,6907,29-07-2025,1,Card,success
2618,6525,3011,21-07-2025,13,Card,success
2619,3595,5768,03-08-2025,7004,Card,success
2631,8066,3134,09-07-2025,8,Card,success
2633,10520,6024,01-11-2025,2008,Card,success
2637,4297,4772,13-06-2025,209,Card,success
2638,2958,3357,27-02-2025,2002,Card,success
2655,4011,5884,18-07-2025,1996,Card,success
2670,7025,1486,18-08-2025,713,Card,success
2693,10932,1640,09-09-2025,175,Card,success
2694,7089,3071,27-03-2025,698,Card,success
2699,4436,2595,15-03-2025,1985,Card,success
2700,10199,6033,19-03-2025,1995,Card,success
2708,6518,5245,11-11-2025,5,Card,success
2710,8345,3510,20-05-2025,1975,Card,success
2713,210,3878,13-08-2025,710,Card,success
2720,2410,5903,11-12-2025,3995,Card,success
2724,4077,7830,02-04-2025,198,Card,success
2733,5762,4205,02-09-2025,716,Card,success
2739,3121,7299,30-01-2025,3995,Card,success
2741,7076,7153,31-08-2025,1992,Card,success
2744,1216,1825,22-04-2025,13,Card,success
2745,3371,4214,24-03-2025,413,Card,success
2754,11595,1905,22-11-2025,6998,Card,success
2755,8781,4088,13-01-2025,4008,Card,success
2760,9779,3693,03-07-2025,390,Card,success
2766,9201,182,01-08-2025,18,Card,success
2781,4631,7852,08-03-2025,393,Card,success
2790,55,6731,14-01-2026,12,Card,success
2798,842,6301,04-06-2025,7,Card,success
2835,7467,2734,31-12-2025,207,Card,success
2838,3857,6908,28-01-2025,398,Card,success
2839,2894,5872,14-06-2025,185,Card,success
2840,3683,3568,28-03-2025,16,Card,success
2854,11590,1470,10-07-2025,1,Card,success
2855,4713,7021,02-03-2025,394,Card,success
2858,9328,590,30-12-2025,200,Card,success
2874,10122,753,30-01-2025,3995,Card,success
2877,8735,4280,13-11-2025,199,Card,success
2879,3687,6947,21-03-2025,392,Card,success
2881,10106,4029,18-04-2025,3998,Card,success
2889,11153,4908,26-09-2025,2007,Card,success
2897,10045,5466,05-06-2025,406,Card,success
2898,5026,3094,10-10-2025,3993,Card,success
2899,11603,6978,11-05-2025,206,Card,success
2905,10918,7257,14-05-2025,155,Card,success
2906,10473,4136,16-12-2025,6993,Card,success
2909,8127,5659,26-09-2025,4,Card,success
2911,6401,1893,04-06-2025,3,Card,success
2914,4272,2981,18-08-2025,6987,Card,success
2920,3831,5559,06-04-2025,407,Card,success
2922,5196,1640,11-01-2026,184,Card,success
2928,10249,1627,15-10-2025,2002,Card,success
2932,1674,866,14-03-2025,18,Card,success
2941,1174,896,14-12-2025,678,Card,success
2959,10158,4265,22-05-2025,7004,Card,success
2968,5141,5363,02-10-2025,195,Card,success
2977,2865,1274,14-08-2025,3996,Card,success
2978,6157,4633,30-09-2025,143,Card,success
2985,9405,1846,12-05-2025,3990,Card,success
2990,9173,602,04-08-2025,706,Card,success
2999,5522,3932,26-09-2025,2001,Card,success
3004,8644,481,28-09-2025,159,Card,success
3006,4002,7519,15-06-2025,407,Card,success
3024,840,7564,24-10-2025,413,Card,success
3028,8725,6066,18-05-2025,4,Card,success
3045,6002,7353,19-08-2025,4016,Card,success
3056,4563,2039,17-02-2025,152,Card,success
3070,11830,198,03-01-2025,193,Card,success
3078,2428,623,29-06-2025,7014,Card,success
3092,1726,3990,06-01-2025,12,Card,success
3097,11461,1312,12-03-2025,401,Card,success
3101,5305,6109,30-06-2025,4004,Card,success
3108,968,7780,14-01-2025,201,Card,success
3111,1984,4678,26-11-2025,1997,Card,success
3114,10516,6129,28-07-2025,205,Card,success
3116,11080,5375,15-11-2025,711,Card,success
3119,9516,4766,07-02-2025,148,Card,success
3122,11821,7701,17-11-2025,693,Card,success
3138,11512,11,01-04-2025,2029,Card,success
3142,1311,7361,16-04-2025,2001,Card,success
3143,8685,7040,12-04-2025,193,Card,success
3145,8849,6656,05-07-2025,7000,Card,success
3153,9707,3768,28-07-2025,12,Card,success
3157,7279,6057,28-12-2025,7,Card,success
3159,8949,6631,13-08-2025,405,Card,success
3160,1364,5297,17-07-2025,195,Card,success
3169,4293,7483,11-12-2025,6994,Card,success
3174,10938,6696,20-01-2025,4001,Card,success
3198,7311,2341,10-10-2025,191,Card,success
3204,547,229,24-02-2025,697,Card,success
3210,285,6060,14-06-2025,1985,Card,success
3211,1640,4947,06-08-2025,391,Card,success
3221,10142,5645,04-11-2025,208,Card,success
3234,5131,5472,12-07-2025,6991,Card,success
3237,2332,143,28-05-2025,206,Card,success
3238,10284,3312,15-09-2025,1980,Card,success
3240,8070,6763,02-10-2025,18,Card,success
3246,4116,861,16-08-2025,691,Card,success
3263,248,6815,25-04-2025,210,Card,success
3275,5598,808,01-04-2025,700,Card,success
3277,11710,3212,21-07-2025,1993,Card,success
3278,7237,2656,13-10-2025,684,Card,success
3286,7608,572,03-09-2025,2008,Card,success
3290,217,5026,12-01-2025,389,Card,success
3291,11295,4183,10-10-2025,2005,Card,success
3300,8555,2202,19-02-2025,210,Card,success
3303,10961,6794,22-03-2025,213,Card,success
3310,9873,4996,09-11-2025,3,Card,success
3317,6372,2962,18-03-2025,4,Card,success
3318,8893,6757,29-06-2025,7005,Card,success
3320,1239,3284,20-01-2025,3982,Card,success
3326,9354,1577,14-09-2025,165,Card,success
3333,11484,6338,29-01-2025,208,Card,success
3344,9592,6555,18-05-2025,10,Card,success
3348,6817,5453,24-12-2025,3986,Card,success
3361,11390,6102,12-12-2025,3,Card,success
3363,1849,251,28-09-2025,2003,Card,success
3365,11303,5824,07-07-2025,190,Card,success
3373,3285,7806,14-07-2025,134,Card,success
3379,10534,5242,12-04-2025,375,Card,success
3380,7484,7938,16-04-2025,4020,Card,success
3388,4834,2727,05-05-2025,406,Card,success
3393,1972,7392,10-07-2025,412,Card,success
3398,3152,2413,24-12-2025,386,Card,success
3403,1354,2437,02-10-2025,403,Card,success
3404,3267,6734,15-12-2025,1989,Card,success
3412,5509,2283,27-05-2025,3993,Card,success
3418,8895,6125,01-04-2025,1998,Card,success
3420,9386,6550,10-05-2025,6992,Card,success
3434,1890,1450,26-10-2025,7,Card,success
3436,7610,6891,30-04-2025,711,Card,success
3437,1465,5408,09-07-2025,706,Card,success
3451,10105,610,08-12-2025,2014,Card,success
3453,3988,438,19-11-2025,148,Card,success
3463,3219,364,22-01-2025,22,Card,success
3471,8881,2076,18-08-2025,157,Card,success
3472,10890,5434,06-09-2025,683,Card,success
3474,10919,2699,04-09-2025,3979,Card,success
3481,8164,7912,19-10-2025,143,Card,success
3487,3418,7225,05-01-2025,12,Card,success
3492,10729,3547,15-07-2025,4002,Card,success
3502,6546,370,12-09-2025,213,Card,success
3515,9293,1869,28-09-2025,1993,Card,success
3519,7044,7170,25-08-2025,129,Card,success
3521,6738,7696,21-06-2025,6998,Card,success
3524,8408,970,22-11-2025,7008,Card,success
3526,8621,2613,26-04-2025,408,Card,success
3529,4729,6654,03-09-2025,17,Card,success
3536,11405,2289,17-11-2025,715,Card,success
3537,9666,7128,03-08-2025,408,Card,success
3542,9505,5827,03-04-2025,386,Card,success
3554,6529,5285,06-02-2025,193,Card,success
3555,10211,4018,26-09-2025,399,Card,success
3563,5340,7937,14-08-2025,3993,Card,success
3565,4055,618,05-09-2025,2005,Card,success
3569,10723,6797,05-10-2025,2007,Card,success
3570,7402,1764,26-06-2025,13,Card,success
3575,10518,7885,29-04-2025,7018,Card,success
3584,11579,4260,18-11-2025,399,Card,success
3586,2729,4584,27-04-2025,417,Card,success
3594,6935,2243,18-08-2025,1988,Card,success
3600,10118,3607,17-10-2025,399,Card,success
3601,7067,2442,24-12-2025,194,Card,success
3608,1053,2777,14-01-2026,11,Card,success
3611,2319,2804,26-08-2025,7,Card,success
3614,7368,4453,23-05-2025,719,Card,success
3615,2410,5903,03-07-2025,4010,Card,success
3620,9966,6964,17-07-2025,203,Card,success
3625,2920,7120,15-11-2025,197,Card,success
3629,8627,3797,17-08-2025,3998,Card,success
3640,5714,2613,21-09-2025,129,Card,success
3665,7797,1748,21-05-2025,131,Card,success
3668,8161,760,08-01-2026,696,Card,success
3671,8507,3005,12-05-2025,393,Card,success
3695,1484,1501,01-06-2025,7027,Card,success
3698,10238,4581,11-12-2025,409,Card,success
3699,5370,3810,25-11-2025,204,Card,success
3704,8280,987,29-07-2025,2014,Card,success
3707,10069,6457,29-11-2025,201,Card,success
3708,7362,4932,11-07-2025,7001,Card,success
3731,8706,2961,25-10-2025,3,Card,success
3739,7986,4931,27-01-2025,3995,Card,success
3747,6728,2770,09-01-2025,195,Card,success
3752,10420,6555,15-07-2025,705,Card,success
3753,5619,3818,15-07-2025,3982,Card,success
3754,10251,3459,13-02-2025,205,Card,success
3761,1029,1761,10-06-2025,2004,Card,success
3763,2648,7158,03-09-2025,1997,Card,success
3767,10035,917,31-01-2025,196,Card,success
3775,9032,2203,04-09-2025,401,Card,success
3777,897,3602,15-01-2026,202,Card,success
3789,10276,5480,24-02-2025,4000,Card,success
3790,10295,550,07-08-2025,7007,Card,success
3793,4166,1643,03-04-2025,2,Card,success
3798,6117,7828,09-12-2025,219,Card,success
3804,9703,2266,12-11-2025,690,Card,success
3817,836,7089,20-03-2025,391,Card,success
3821,2323,1246,19-01-2025,692,Card,success
3822,10371,5282,18-10-2025,6,Card,success
3824,4022,3677,02-12-2025,699,Card,success
3827,3258,4122,12-03-2025,2,Card,success
3829,4527,5707,28-11-2025,11,Card,success
3835,3234,6974,15-01-2026,3,Card,success
3836,9044,6568,01-03-2025,164,Card,success
3837,7872,3355,15-12-2025,690,Card,success
3838,6683,6543,28-04-2025,6989,Card,success
3849,8433,319,19-11-2025,686,Card,success
3852,7340,433,07-09-2025,6994,Card,success
3853,9255,265,15-12-2025,7009,Card,success
3858,11081,7123,08-01-2026,194,Card,success
3867,1621,3967,23-12-2025,9,Card,success
3873,2161,2315,17-12-2025,3,Card,success
3877,10792,4984,09-03-2025,198,Card,success
3888,11961,2523,15-11-2025,1999,Card,success
3891,7855,2034,05-07-2025,4012,Card,success
3896,6430,3159,01-09-2025,396,Card,success
3918,10198,7846,10-02-2025,1996,Card,success
3919,201,5234,09-12-2025,187,Card,success
3922,1713,1672,09-11-2025,407,Card,success
3961,8090,979,16-01-2025,1994,Card,success
3967,10055,5816,12-02-2025,16,Card,success
3976,7135,3740,27-11-2025,3989,Card,success
3991,4442,858,31-01-2025,384,Card,success
3993,1853,7898,13-05-2025,7004,Card,success
3999,3570,3068,03-08-2025,180,Card,success
4008,10860,7801,05-04-2025,5,Card,success
4009,7930,7715,24-12-2025,3980,Card,success
4010,4769,4063,30-03-2025,403,Card,success
4013,2916,3934,11-03-2025,1987,Card,success
4018,6255,4301,31-03-2025,2003,Card,success
4023,153,2429,18-11-2025,2010,Card,success
4025,5400,3916,01-02-2025,7004,Card,success
4030,6064,7564,18-05-2025,2004,Card,success
4048,4668,7263,06-08-2025,6995,Card,success
4052,6081,1535,31-01-2025,400,Card,success
4056,2912,7789,03-08-2025,16,Card,success
4057,6699,3210,19-06-2025,703,Card,success
4062,2460,3780,19-03-2025,6995,Card,success
4064,2842,7787,23-12-2025,2,Card,success
4067,3539,5819,27-04-2025,404,Card,success
4069,9126,4699,13-07-2025,6988,Card,success
4073,7925,7522,12-05-2025,2010,Card,success
4074,6620,2761,09-05-2025,194,Card,success
4076,11216,939,01-09-2025,6,Card,success
4086,5959,3030,05-09-2025,706,Card,success
4091,3971,7354,19-07-2025,207,Card,success
4099,7406,5190,05-12-2025,191,Card,success
4100,923,2510,03-12-2025,392,Card,success
4113,6127,2048,17-09-2025,691,Card,success
4117,5752,962,10-01-2025,2001,Card,success
4118,4494,3023,27-11-2025,1996,Card,success
4137,246,1688,30-11-2025,207,Card,success
4142,10099,4854,22-02-2025,219,Card,success
4147,9030,796,14-04-2025,691,Card,success
4148,11467,6007,09-08-2025,3999,Card,success
4154,7732,1024,06-08-2025,4008,Card,success
4156,10558,4269,20-03-2025,6991,Card,success
4157,5345,6997,15-12-2025,690,Card,success
4159,5995,819,30-01-2025,207,Card,success
4163,3136,4258,13-04-2025,695,Card,success
4167,9441,5447,19-07-2025,405,Card,success
4169,8099,2096,23-10-2025,397,Card,success
4172,1487,1066,01-08-2025,11,Card,success
4180,11535,4645,27-06-2025,182,Card,success
4182,835,4113,05-04-2025,687,Card,success
4194,11314,4046,13-07-2025,211,Card,success
4199,4219,937,01-12-2025,3992,Card,success
4207,7477,6257,18-11-2025,3985,Card,success
4208,8871,4319,02-04-2025,390,Card,success
4212,3350,4932,16-07-2025,713,Card,success
4215,1034,1983,19-12-2025,12,Card,success
4222,6043,3396,17-01-2026,192,Card,success
4228,6701,6613,17-11-2025,205,Card,success
4237,188,3287,17-07-2025,3986,Card,success
4243,928,3689,20-04-2025,3990,Card,success
4246,9727,6111,17-05-2025,198,Card,success
4248,6025,2015,28-08-2025,399,Card,success
4250,5375,3177,26-03-2025,407,Card,success
4254,9492,2117,25-08-2025,691,Card,success
4258,9944,5700,29-05-2025,395,Card,success
4265,1726,3990,27-01-2025,9,Card,success
4269,8135,6715,24-11-2025,681,Card,success
4276,9423,2679,19-02-2025,6988,Card,success
4285,6654,882,13-02-2025,211,Card,success
4288,2080,1126,12-07-2025,8,Card,success
4294,9842,7865,21-07-2025,155,Card,success
4296,1236,3027,13-10-2025,408,Card,success
4298,5074,1941,31-07-2025,6995,Card,success
4301,3119,726,17-06-2025,427,Card,success
4312,2201,6508,18-06-2025,198,Card,success
4319,9558,5309,04-06-2025,6998,Card,success
4326,5448,5878,02-04-2025,4015,Card,success
4331,3142,139,31-05-2025,389,Card,success
4334,3930,2569,21-07-2025,1,Card,success
4337,7609,5563,16-01-2025,7,Card,success
4339,11059,678,16-01-2025,169,Card,success
4348,6954,2640,22-01-2025,697,Card,success
4350,8275,6301,12-07-2025,145,Card,success
4371,1334,422,05-01-2025,4000,Card,success
4385,11031,4607,12-09-2025,710,Card,success
4388,9426,35,12-05-2025,6986,Card,success
4391,1633,798,17-05-2025,191,Card,success
4394,1670,4003,13-11-2025,199,Card,success
4397,10186,5906,01-08-2025,3991,Card,success
4400,2151,5726,18-12-2025,401,Card,success
4401,11902,4309,21-10-2025,1,Card,success
4406,2091,6392,29-10-2025,207,Card,success
4407,3486,1336,14-12-2025,422,Card,success
4413,96,6372,21-06-2025,708,Card,success
4419,1971,7803,17-09-2025,401,Card,success
4421,11825,3316,22-01-2025,4015,Card,success
4435,3009,7529,04-08-2025,696,Card,success
4438,3391,2166,14-06-2025,693,Card,success
4443,4771,6391,04-01-2025,695,Card,success
4446,4817,1480,22-04-2025,397,Card,success
4448,9000,3079,03-01-2026,191,Card,success
4449,4531,828,02-05-2025,3987,Card,success
4452,7089,3071,01-06-2025,703,Card,success
4454,10104,7724,08-11-2025,197,Card,success
4457,2711,4260,23-03-2025,7003,Card,success
4459,11144,1458,30-10-2025,403,Card,success
4470,7636,154,16-12-2025,4012,Card,success
4474,8888,217,31-03-2025,1977,Card,success
4477,10278,1345,01-03-2025,206,Card,success
4479,6563,3063,16-01-2025,207,Card,success
4480,5483,7328,07-09-2025,702,Card,success
4487,3563,2781,25-08-2025,1,Card,success
4493,10759,2433,28-09-2025,2025,Card,success
4495,10638,1486,09-11-2025,699,Card,success
4496,6986,3941,22-06-2025,2003,Card,success
4499,9868,6752,26-10-2025,406,Card,success
4503,6697,6204,05-04-2025,3999,Card,success
4510,11538,4683,13-11-2025,418,Card,success
4518,6519,4466,10-01-2025,189,Card,success
4522,5949,3047,15-07-2025,2006,Card,success
4523,7064,2724,03-05-2025,196,Card,success
4524,3809,906,18-01-2025,155,Card,success
4530,9067,2600,14-01-2025,142,Card,success
4531,11433,3218,22-06-2025,191,Card,success
4533,10325,1551,01-04-2025,5,Card,success
4547,1385,444,22-12-2025,152,Card,success
4551,10545,5547,02-11-2025,195,Card,success
4558,5047,7068,09-07-2025,13,Card,success
4561,89,2453,12-08-2025,212,Card,success
4571,10137,3768,19-06-2025,3993,Card,success
4582,10970,6415,13-09-2025,1,Card,success
4592,8657,2329,19-04-2025,3985,Card,success
4594,5382,286,11-05-2025,379,Card,success
4596,5301,3308,23-11-2025,385,Card,success
4607,10851,6704,11-06-2025,3995,Card,success
4609,9783,3143,08-04-2025,3,Card,success
4620,9692,3837,09-09-2025,1993,Card,success
4628,10523,729,14-10-2025,413,Card,success
4629,11104,991,26-05-2025,202,Card,success
4630,9039,5135,01-10-2025,699,Card,success
4632,8071,4938,10-03-2025,2002,Card,success
4634,4558,4316,31-08-2025,1999,Card,success
4637,7160,7772,05-02-2025,417,Card,success
4638,11579,4260,03-11-2025,395,Card,success
4647,9815,2416,07-08-2025,390,Card,success
4648,7693,5819,04-02-2025,180,Card,success
4651,5490,3646,04-05-2025,409,Card,success
4652,9821,2162,03-01-2026,198,Card,success
4656,6861,1784,12-01-2025,208,Card,success
4657,2695,5849,16-07-2025,3988,Card,success
4658,1819,4886,02-10-2025,1,Card,success
4679,5829,7793,13-05-2025,2003,Card,success
4689,4461,6386,26-01-2025,187,Card,success
4692,10224,2636,10-10-2025,388,Card,success
4699,7329,6289,14-01-2025,690,Card,success
4700,9725,2025,16-07-2025,195,Card,success
4710,3010,4043,14-09-2025,200,Card,success
4721,6060,2434,26-01-2025,9,Card,success
4732,4219,937,24-07-2025,4000,Card,success
4742,3143,6436,10-01-2025,191,Card,success
4747,8207,5863,30-09-2025,8,Card,success
4749,8373,3700,08-05-2025,711,Card,success
4751,9137,5292,26-07-2025,1998,Card,success
4761,4558,4316,21-04-2025,2012,Card,success
4762,10639,7507,09-01-2025,6989,Card,success
4767,1654,7195,15-02-2025,6996,Card,success
4776,746,7345,30-12-2025,200,Card,success
4778,5665,2583,22-12-2025,133,Card,success
4779,5132,5245,03-12-2025,1988,Card,success
4781,2877,1825,19-03-2025,410,Card,success
4783,6017,5515,09-11-2025,4,Card,success
4784,7711,7658,03-08-2025,141,Card,success
4785,1084,4542,28-12-2025,211,Card,success
4789,7373,2801,27-11-2025,695,Card,success
4790,5190,7717,26-12-2025,702,Card,success
4791,1489,1838,21-11-2025,691,Card,success
4796,4664,226,26-05-2025,209,Card,success
4797,7045,4513,10-07-2025,7000,Card,success
4799,4580,1378,26-09-2025,3990,Card,success
4802,2405,3593,27-09-2025,373,Card,success
4810,622,636,12-01-2025,400,Card,success
4812,6139,5129,30-11-2025,194,Card,success
4823,3798,2173,11-01-2026,1993,Card,success
4834,3184,1744,11-07-2025,695,Card,success
4842,1365,6231,06-01-2025,198,Card,success
4845,3377,565,12-02-2025,190,Card,success
4852,7387,4768,23-10-2025,692,Card,success
4871,991,2060,17-05-2025,1985,Card,success
4872,3566,2436,05-01-2026,193,Card,success
4883,10400,5882,28-02-2025,213,Card,success
4885,348,7462,08-11-2025,194,Card,success
4887,2441,6087,09-02-2025,2012,Card,success
4888,128,2920,10-05-2025,400,Card,success
4889,5927,3268,07-03-2025,4,Card,success
4896,11214,7346,12-12-2025,404,Card,success
4899,880,170,06-07-2025,2004,Card,success
4900,5574,4881,01-02-2025,7004,Card,success
4904,4313,4404,27-06-2025,6998,Card,success
4905,10715,6117,01-12-2025,1993,Card,success
4924,66,1411,19-12-2025,210,Card,success
4925,1075,6329,18-03-2025,712,Card,success
4931,8657,2329,15-12-2025,4002,Card,success
4936,2657,4126,11-09-2025,219,Card,success
4940,1178,7452,17-05-2025,410,Card,success
4941,10867,3143,15-07-2025,703,Card,success
4942,4911,3966,08-05-2025,2008,Card,success
4943,4979,37,04-07-2025,213,Card,success
4946,5305,6109,30-12-2025,4009,Card,success
4947,2417,5692,10-03-2025,396,Card,success
4953,11571,2379,26-11-2025,380,Card,success
4960,9521,6986,10-01-2025,131,Card,success
4966,4937,6887,03-03-2025,184,Card,success
4968,10504,7357,12-06-2025,389,Card,success
4981,11476,953,04-02-2025,384,Card,success
4985,3082,1807,12-01-2025,3999,Card,success
4994,4496,4159,07-02-2025,3998,Card,success
4997,957,2380,07-01-2026,202,Card,success
5005,10239,1897,01-04-2025,189,Card,success
5016,9058,7422,10-01-2026,208,Card,success
5019,9845,6823,12-04-2025,2010,Card,success
5022,43,4973,20-05-2025,403,Card,success
5026,8730,4755,23-10-2025,407,Card,success
5028,234,6446,20-10-2025,4003,Card,success
5035,8714,1617,26-12-2025,383,Card,success
5041,10942,5520,10-07-2025,409,Card,success
5045,11202,6500,31-01-2025,192,Card,success
5046,10600,1819,25-10-2025,20,Card,success
5047,10653,4498,10-04-2025,3,Card,success
5057,1619,6251,04-05-2025,205,Card,success
5061,3919,2095,14-12-2025,700,Card,success
5062,2908,554,05-05-2025,4020,Card,success
5069,11828,2654,26-05-2025,151,Card,success
5079,822,7197,27-09-2025,399,Card,success
5082,5174,5510,05-10-2025,392,Card,success
5083,9237,2228,06-01-2026,207,Card,success
5087,5726,6527,13-12-2025,182,Card,success
5090,10361,4652,14-07-2025,2002,Card,success
5097,2854,1258,19-01-2025,688,Card,success
5118,10350,245,22-12-2025,196,Card,success
5125,4943,2971,17-02-2025,4023,Card,success
5126,7551,6370,22-02-2025,7011,Card,success
5128,8422,4190,08-01-2026,4002,Card,success
5131,2868,1893,09-03-2025,181,Card,success
5134,9390,2042,17-01-2026,402,Card,success
5144,8623,967,14-06-2025,2001,Card,success
5150,11756,4359,27-07-2025,5,Card,success
5152,2592,7920,03-03-2025,174,Card,success
5166,8712,1536,30-07-2025,4009,Card,success
5171,7909,5575,31-03-2025,214,Card,success
5175,274,2494,08-10-2025,1990,Card,success
5184,1245,4328,29-04-2025,399,Card,success
5192,7384,6632,14-02-2025,7004,Card,success
5211,827,7302,10-11-2025,3985,Card,success
5214,9692,3837,26-08-2025,2006,Card,success
5215,10546,7085,10-03-2025,1,Card,success
5217,8672,797,04-04-2025,404,Card,success
5219,11500,1776,27-10-2025,144,Card,success
5222,2379,4119,19-10-2025,1973,Card,success
5228,4598,364,31-08-2025,210,Card,success
5240,7295,6890,27-05-2025,699,Card,success
5248,4604,1932,18-06-2025,4,Card,success
5249,9554,4883,14-11-2025,1992,Card,success
5250,3236,7694,17-12-2025,2009,Card,success
5273,5120,2054,30-09-2025,696,Card,success
5276,1800,2375,11-12-2025,378,Card,success
5278,10362,6204,12-08-2025,7028,Card,success
5287,2510,1050,14-11-2025,1993,Card,success
5289,2754,6352,18-05-2025,201,Card,success
5299,8690,3230,02-01-2025,192,Card,success
5303,5267,1544,06-01-2026,200,Card,success
5309,8546,762,18-07-2025,196,Card,success
5311,11571,2379,26-10-2025,410,Card,success
5312,1719,4681,26-11-2025,406,Card,success
5317,8899,4099,20-07-2025,3,Card,success
5324,2635,7857,20-10-2025,392,Card,success
5330,1743,2971,21-12-2025,394,Card,success
5332,3491,3045,12-02-2025,2002,Card,success
5337,131,2473,14-09-2025,148,Card,success
5343,6004,25,09-03-2025,402,Card,success
5346,1607,258,31-01-2025,372,Card,success
5348,5422,5717,09-01-2026,688,Card,success
5349,10308,2497,08-10-2025,198,Card,success
5351,8382,5725,23-06-2025,193,Card,success
5352,6239,4188,11-07-2025,197,Card,success
5357,1908,2740,19-02-2025,705,Card,success
5359,1081,376,11-12-2025,7,Card,success
5361,2686,5222,01-10-2025,143,Card,success
5363,8960,2139,13-12-2025,2009,Card,success
5364,4226,5291,16-04-2025,207,Card,success
5369,691,538,22-05-2025,3,Card,success
5371,6143,5402,07-07-2025,4010,Card,success
5389,1998,3481,21-09-2025,7007,Card,success
5394,9803,4034,10-10-2025,195,Card,success
5395,5099,7579,01-09-2025,7013,Card,success
5403,10141,4463,13-12-2025,179,Card,success
5418,11688,102,14-06-2025,3997,Card,success
5419,6427,7827,08-06-2025,203,Card,success
5420,2324,2326,25-03-2025,398,Card,success
5428,3897,6223,16-12-2025,1997,Card,success
5431,5926,2612,28-12-2025,3987,Card,success
5436,4260,637,04-07-2025,2,Card,success
5446,6071,405,23-11-2025,380,Card,success
5449,135,4613,03-10-2025,410,Card,success
5451,435,5527,16-12-2025,386,Card,success
5457,7504,3483,10-05-2025,3997,Card,success
5464,7501,4883,16-04-2025,1987,Card,success
5465,9053,3420,02-03-2025,6989,Card,success
5470,5000,4872,18-10-2025,406,Card,success
5477,1318,2898,16-12-2025,190,Card,success
5488,8108,7839,25-11-2025,205,Card,success
5491,2867,5442,27-12-2025,2,Card,success
5498,10661,3913,14-04-2025,9,Card,success
5500,10996,5435,16-02-2025,184,Card,success
5505,9741,6639,02-06-2025,703,Card,success
5509,8297,7277,17-09-2025,2005,Card,success
5513,11074,5943,07-04-2025,197,Card,success
5514,9894,5695,06-02-2025,379,Card,success
5523,11364,4620,23-03-2025,398,Card,success
5527,2952,1892,11-03-2025,183,Card,success
5529,6591,3954,17-03-2025,202,Card,success
5531,11173,2133,29-09-2025,1997,Card,success
5534,9704,7789,18-10-2025,405,Card,success
5541,10776,2586,30-01-2025,195,Card,success
5547,4974,1008,09-05-2025,685,Card,success
5548,11739,2525,08-12-2025,191,Card,success
5550,8930,1070,16-06-2025,1,Card,success
5551,7776,171,01-05-2025,7003,Card,success
5553,8673,3308,06-08-2025,200,Card,success
5559,7346,5308,20-06-2025,220,Card,success
5564,10033,4936,01-02-2025,1993,Card,success
5567,8100,205,10-02-2025,695,Card,success
5575,6465,1779,29-05-2025,159,Card,success
5582,701,1241,05-10-2025,4,Card,success
5585,3207,5859,22-11-2025,15,Card,success
5586,9183,4690,06-08-2025,392,Card,success
5603,9511,7510,13-09-2025,394,Card,success
5604,1048,4735,30-06-2025,701,Card,success
5608,9714,389,03-04-2025,2005,Card,success
5615,10614,544,13-04-2025,3996,Card,success
5617,1586,7192,02-12-2025,4008,Card,success
5622,6012,2500,23-10-2025,196,Card,success
5632,3704,1426,17-10-2025,406,Card,success
5652,9237,2228,06-12-2025,206,Card,success
5654,5716,3598,20-12-2025,10,Card,success
5659,1920,660,02-10-2025,198,Card,success
5660,7927,1879,29-09-2025,4001,Card,success
5662,7897,2822,08-01-2026,12,Card,success
5666,4304,4839,27-02-2025,697,Card,success
5673,11009,673,29-10-2025,401,Card,success
5678,6483,7163,27-04-2025,402,Card,success
5682,11169,4050,01-02-2025,3990,Card,success
5688,756,7084,11-08-2025,8,Card,success
5692,7664,4391,10-01-2026,1,Card,success
5701,6376,1502,08-09-2025,390,Card,success
5706,2220,6243,07-11-2025,209,Card,success
5708,1478,3390,16-11-2025,1998,Card,success
5716,4179,6427,13-11-2025,215,Card,success
5720,9063,649,19-06-2025,4002,Card,success
5726,5282,2081,12-10-2025,1998,Card,success
5732,895,1819,16-01-2026,148,Card,success
5737,910,7215,25-02-2025,382,Card,success
5740,9598,3585,13-09-2025,393,Card,success
5742,5910,2202,14-01-2026,410,Card,success
5746,6433,6786,16-10-2025,2004,Card,success
5751,2774,6523,12-11-2025,701,Card,success
5752,575,5257,18-09-2025,1991,Card,success
5755,6302,5186,11-02-2025,388,Card,success
5758,8264,4289,28-09-2025,213,Card,success
5770,10041,7911,06-08-2025,4004,Card,success
5779,10205,4128,06-06-2025,1,Card,success
5791,2687,3732,20-05-2025,24,Card,success
5812,8036,6132,21-01-2025,7020,Card,success
5814,3141,2145,16-12-2025,13,Card,success
5815,4871,7533,10-07-2025,197,Card,success
5822,11722,866,29-01-2025,185,Card,success
5838,10164,634,22-06-2025,2012,Card,success
5839,10481,7626,16-07-2025,1994,Card,success
5855,9056,5344,06-01-2026,390,Card,success
5858,1824,7067,05-12-2025,132,Card,success
5859,564,6186,05-09-2025,185,Card,success
5860,10321,6249,02-12-2025,714,Card,success
5863,752,5274,11-12-2025,191,Card,success
5868,9548,7884,18-07-2025,414,Card,success
5878,4355,133,20-11-2025,698,Card,success
5885,4656,6693,13-01-2026,710,Card,success
5894,4775,7412,13-07-2025,697,Card,success
5895,5184,7052,02-04-2025,193,Card,success
5906,8949,6631,18-09-2025,404,Card,success
5910,9986,1159,12-08-2025,699,Card,success
5913,2499,6279,04-04-2025,143,Card,success
5922,8297,7277,04-12-2025,1991,Card,success
5928,8240,2967,17-06-2025,406,Card,success
5930,6802,3563,13-05-2025,384,Card,success
5931,10378,3284,31-05-2025,3998,Card,success
5934,10134,111,12-03-2025,209,Card,success
5938,2975,6137,13-06-2025,3992,Card,success
5939,8237,2983,02-02-2025,707,Card,success
5949,10441,4994,26-06-2025,209,Card,success
5956,8655,4920,06-12-2025,9,Card,success
5959,6425,610,25-06-2025,136,Card,success
5960,8542,5792,04-07-2025,404,Card,success
5963,1125,1721,23-04-2025,408,Card,success
5967,1293,4808,02-06-2025,215,Card,success
5975,10627,613,26-12-2025,698,Card,success
5993,1555,1598,11-11-2025,4003,Card,success
6014,11322,329,10-01-2026,197,Card,success
6023,10248,1903,25-10-2025,395,Card,success
6025,9498,7735,17-03-2025,1996,Card,success
6028,9650,5426,26-01-2025,2007,Card,success
6035,3822,199,24-03-2025,206,Card,success
6036,362,2834,03-07-2025,151,Card,success
6038,4637,2567,02-02-2025,381,Card,success
6042,7316,5429,18-12-2025,1,Card,success
6043,11564,2233,14-05-2025,138,Card,success
6044,1528,3145,19-09-2025,192,Card,success
6049,461,5107,20-11-2025,2004,Card,success
6055,10280,4841,15-04-2025,2005,Card,success
6059,5297,684,27-04-2025,386,Card,success
6063,106,2263,09-12-2025,387,Card,success
6082,2621,6098,12-04-2025,3993,Card,success
6083,529,364,22-04-2025,707,Card,success
6094,5261,7002,11-02-2025,4006,Card,success
6096,9480,1026,28-10-2025,137,Card,success
6099,6031,498,09-09-2025,3,Card,success
6102,7825,147,28-01-2025,3,Card,success
6104,2700,6080,08-05-2025,157,Card,success
6105,10280,4841,15-01-2026,1991,Card,success
6114,3013,3797,17-01-2026,698,Card,success
6118,9138,1707,26-12-2025,3984,Card,success
6127,9920,7651,28-11-2025,202,Card,success
6129,11665,7681,10-08-2025,397,Card,success
6136,6675,3257,09-04-2025,3,Card,success
6144,8241,6472,20-04-2025,701,Card,success
6147,318,4600,13-10-2025,4002,Card,success
6149,2,5191,20-10-2025,197,Card,success
6152,11888,3998,18-03-2025,4004,Card,success
6156,2401,1128,26-11-2025,1993,Card,success
6163,2547,2590,22-07-2025,4002,Card,success
6176,11640,671,24-07-2025,3,Card,success
6181,7498,2437,25-07-2025,403,Card,success
6185,11130,1075,24-04-2025,3991,Card,success
6186,6017,5515,06-06-2025,14,Card,success
6187,1535,7582,17-06-2025,2,Card,success
6208,10358,884,11-07-2025,3,Card,success
6214,7003,1873,11-04-2025,397,Card,success
6215,2962,6105,23-06-2025,377,Card,success
6217,10035,917,11-06-2025,186,Card,success
6230,6740,1347,09-04-2025,133,Card,success
6231,10815,7230,01-07-2025,150,Card,success
6234,1771,5809,04-05-2025,2,Card,success
6235,115,3642,09-05-2025,399,Card,success
6242,2268,5272,22-07-2025,693,Card,success
6247,1840,1834,14-12-2025,412,Card,success
6249,10362,6204,10-12-2025,6992,Card,success
6251,6300,1580,02-09-2025,213,Card,success
6264,6466,7869,24-03-2025,141,Card,success
6267,5342,6976,12-10-2025,163,Card,success
6279,2571,2416,12-09-2025,697,Card,success
6280,7321,6451,09-09-2025,206,Card,success
6281,3903,5073,15-10-2025,398,Card,success
6285,4526,7510,01-11-2025,202,Card,success
6295,8709,4738,15-01-2026,196,Card,success
6309,5677,7684,20-07-2025,153,Card,success
6313,10730,7867,11-07-2025,196,Card,success
6314,10128,7178,16-02-2025,198,Card,success
6317,7470,3719,13-07-2025,7,Card,success
6332,10999,7018,07-02-2025,1992,Card,success
6341,4622,1565,19-11-2025,184,Card,success
6342,8951,4563,19-04-2025,377,Card,success
6343,3190,6720,06-01-2026,5,Card,success
6346,11213,6701,22-04-2025,419,Card,success
6348,7720,528,10-05-2025,394,Card,success
6352,1154,2517,04-12-2025,407,Card,success
6360,2591,900,29-06-2025,13,Card,success
6362,5688,5363,07-01-2025,198,Card,success
6365,1600,3815,19-05-2025,2007,Card,success
6367,1891,5804,02-04-2025,3983,Card,success
6376,11750,975,12-08-2025,150,Card,success
6379,7595,1069,01-08-2025,3993,Card,success
6387,11227,3779,06-01-2025,4007,Card,success
6398,5060,3997,22-08-2025,1996,Card,success
6403,4061,3661,25-05-2025,159,Card,success
6404,9482,528,23-02-2025,408,Card,success
6410,10262,2131,18-05-2025,189,Card,success
6418,11562,7009,23-11-2025,1988,Card,success
6435,151,2728,10-11-2025,2010,Card,success
6437,1786,6414,01-03-2025,186,Card,success
6439,2947,1981,19-06-2025,25,Card,success
6446,7618,225,07-10-2025,211,Card,success
6451,2151,5726,14-04-2025,398,Card,success
6455,3380,1886,22-01-2025,7005,Card,success
6465,4985,2792,26-11-2025,720,Card,success
6466,2321,4708,23-05-2025,2,Card,success
6471,10187,4810,15-03-2025,190,Card,success
6485,5341,6774,03-01-2026,389,Card,success
6493,1035,1357,24-07-2025,396,Card,success
6503,6260,23,13-01-2025,703,Card,success
6510,1959,7277,25-06-2025,12,Card,success
6517,3079,507,15-01-2026,395,Card,success
6529,11705,5849,11-09-2025,162,Card,success
6530,138,5380,11-01-2026,187,Card,success
6541,3883,6892,19-09-2025,6,Card,success
6548,1472,2266,20-02-2025,145,Card,success
6552,8704,2672,08-01-2026,727,Card,success
6557,6670,6329,23-01-2025,200,Card,success
6561,1366,687,01-11-2025,400,Card,success
6563,6270,6586,20-01-2025,3997,Card,success
6568,8156,303,12-03-2025,202,Card,success
6570,8828,2268,05-07-2025,174,Card,success
6571,5082,3119,24-05-2025,700,Card,success
6576,5324,216,03-01-2026,3988,Card,success
6581,514,2767,08-04-2025,209,Card,success
6594,9368,4693,05-03-2025,2000,Card,success
6607,2520,4868,07-01-2025,409,Card,success
6628,2847,2316,28-07-2025,394,Card,success
6636,6751,6582,31-12-2025,3,Card,success
6640,894,1393,08-11-2025,1983,Card,success
6643,5844,7260,17-04-2025,722,Card,success
6646,3510,3884,14-08-2025,155,Card,success
6656,9951,6322,27-11-2025,146,Card,success
6661,9432,7301,06-01-2026,390,Card,success
6662,810,78,08-10-2025,208,Card,success
6672,3038,6819,17-03-2025,386,Card,success
6676,6403,4543,28-01-2025,197,Card,success
6681,419,6729,31-07-2025,1993,Card,success
6688,6293,3153,01-05-2025,197,Card,success
6697,4545,6192,14-05-2025,4020,Card,success
6699,7519,7527,04-03-2025,189,Card,success
6710,2959,1939,22-11-2025,213,Card,success
6720,8125,5738,26-12-2025,7014,Card,success
6735,2631,2709,18-09-2025,15,Card,success
6736,11454,7656,28-10-2025,16,Card,success
6744,7284,2481,12-11-2025,406,Card,success
6745,6200,3675,19-07-2025,390,Card,success
6746,3645,247,02-04-2025,202,Card,success
6751,3406,7540,03-11-2025,11,Card,success
6752,8869,1317,11-02-2025,154,Card,success
6754,4889,2281,19-09-2025,4001,Card,success
6758,2200,4334,31-12-2025,7010,Card,success
6770,6364,5270,04-11-2025,394,Card,success
6800,1175,7752,07-09-2025,7011,Card,success
6807,4735,2154,06-12-2025,5,Card,success
6810,7289,1598,11-07-2025,1999,Card,success
6820,5299,1312,28-10-2025,3993,Card,success
6835,7073,4144,20-11-2025,210,Card,success
6842,7572,4206,07-05-2025,686,Card,success
6844,5604,5371,24-03-2025,697,Card,success
6849,9609,4626,20-05-2025,399,Card,success
6852,9063,649,20-11-2025,4000,Card,success
6854,11053,7542,18-02-2025,2010,Card,success
6855,10646,4990,30-01-2025,682,Card,success
6866,10431,536,18-11-2025,184,Card,success
6871,1077,3667,25-07-2025,200,Card,success
6879,2886,6978,26-06-2025,386,Card,success
6883,8074,1125,28-06-2025,689,Card,success
6893,181,1215,23-12-2025,701,Card,success
6895,5654,3688,29-12-2025,3997,Card,success
6903,3614,3812,23-01-2025,6973,Card,success
6905,9062,1862,17-11-2025,14,Card,success
6909,4201,1232,26-03-2025,3997,Card,success
6912,11104,991,16-01-2026,186,Card,success
6914,9200,4218,11-05-2025,6,Card,success
6926,11892,1727,21-10-2025,4,Card,success
6942,6959,1585,21-01-2025,4012,Card,success
6962,9847,6610,16-01-2025,401,Card,success
6966,11065,1310,30-04-2025,4003,Card,success
6967,1186,5720,11-10-2025,160,Card,success
6971,8242,2943,04-08-2025,201,Card,success
6972,9417,5714,22-02-2025,5,Card,success
6978,8654,5396,08-05-2025,205,Card,success
6980,2361,810,10-10-2025,203,Card,success
6984,8607,2677,22-03-2025,143,Card,success
6988,9959,5030,02-10-2025,209,Card,success
6990,9131,603,08-02-2025,412,Card,success
6991,7517,6778,24-05-2025,397,Card,success
6999,1910,7187,09-10-2025,196,Card,success
7003,5207,2451,05-12-2025,683,Card,success
7005,6342,2188,23-08-2025,3993,Card,success
7006,7321,6451,11-01-2025,195,Card,success
7008,2238,540,19-03-2025,3989,Card,success
7014,1318,2898,22-04-2025,205,Card,success
7015,6688,2625,10-06-2025,197,Card,success
7021,4567,1810,14-09-2025,704,Card,success
7036,1765,13,20-08-2025,6997,Card,success
7038,6201,1401,31-01-2025,407,Card,success
7042,11638,3980,09-02-2025,1998,Card,success
7043,9982,4110,11-07-2025,17,Card,success
7044,3997,2977,23-06-2025,197,Card,success
7060,9270,550,25-06-2025,391,Card,success
7064,9896,1553,31-12-2025,701,Card,success
7065,10303,804,13-06-2025,14,Card,success
7068,11923,6842,18-01-2025,15,Card,success
7070,687,3746,17-12-2025,202,Card,success
7072,3949,6275,11-04-2025,210,Card,success
7078,8576,7548,23-05-2025,7011,Card,success
7081,11430,6375,29-12-2025,392,Card,success
7084,5140,7457,30-03-2025,705,Card,success
7085,11597,6502,03-09-2025,703,Card,success
7086,5481,3563,09-01-2026,418,Card,success
7091,7740,6757,14-02-2025,2,Card,success
7092,8018,4893,03-04-2025,217,Card,success
7097,7240,4826,07-05-2025,403,Card,success
7098,3245,2073,13-08-2025,7006,Card,success
7122,10008,2671,31-12-2025,706,Card,success
7124,5524,6625,07-12-2025,157,Card,success
7126,9263,1809,22-12-2025,6,Card,success
7130,11895,3741,27-08-2025,422,Card,success
7131,5921,30,14-07-2025,392,Card,success
7135,8736,3160,27-08-2025,411,Card,success
7136,9265,2010,27-03-2025,168,Card,success
7137,3832,2864,03-10-2025,10,Card,success
7143,11318,2184,11-01-2026,3981,Card,success
7145,8156,303,18-07-2025,198,Card,success
7149,2696,7403,04-08-2025,385,Card,success
7157,11912,7500,26-08-2025,138,Card,success
7158,10335,4892,19-01-2025,696,Card,success
7159,4800,5111,19-07-2025,409,Card,success
7169,9090,657,08-09-2025,701,Card,success
7172,9337,6347,10-01-2026,2006,Card,success
7174,6463,1005,18-04-2025,2013,Card,success
7176,1293,4808,11-01-2025,199,Card,success
7186,3628,1560,20-06-2025,188,Card,success
7187,2779,4060,21-08-2025,413,Card,success
7193,9432,7301,17-05-2025,390,Card,success
7199,6388,764,26-11-2025,6991,Card,success
7203,5028,3375,04-01-2026,201,Card,success
7204,10279,6420,28-10-2025,715,Card,success
7211,9827,3673,27-07-2025,2005,Card,success
7212,8869,1317,03-03-2025,168,Card,success
7216,3476,5785,14-09-2025,9,Card,success
7222,7303,6079,19-12-2025,214,Card,success
7226,2815,240,25-12-2025,698,Card,success
7235,10702,2369,10-01-2025,395,Card,success
7239,9477,1124,09-05-2025,7016,Card,success
7242,11060,7688,13-09-2025,398,Card,success
7244,6603,2562,31-10-2025,3999,Card,success
7248,10040,7510,22-01-2025,9,Card,success
7250,11312,823,12-08-2025,2,Card,success
7255,8671,4727,30-05-2025,188,Card,success
7257,9890,1072,15-01-2025,401,Card,success
7272,7379,2899,25-11-2025,197,Card,success
7296,525,1446,03-12-2025,4009,Card,success
7299,9853,551,26-06-2025,1991,Card,success
7306,10300,7669,08-09-2025,190,Card,success
7309,8960,2139,29-06-2025,1994,Card,success
7312,8926,3129,26-02-2025,135,Card,success
7316,2336,3269,11-01-2026,1991,Card,success
7317,942,594,16-12-2025,195,Card,success
7326,113,7338,10-09-2025,140,Card,success
7328,5059,4905,01-06-2025,218,Card,success
7331,5556,5878,01-06-2025,215,Card,success
7352,4577,3248,07-10-2025,408,Card,success
7361,9823,5143,25-03-2025,4007,Card,success
7362,5200,99,08-10-2025,7002,Card,success
7363,7311,2341,22-08-2025,214,Card,success
7365,11348,6241,25-03-2025,698,Card,success
7366,11999,5883,26-03-2025,692,Card,success
7373,9356,5820,10-09-2025,199,Card,success
7375,777,6756,07-01-2025,202,Card,success
7380,3157,4019,14-04-2025,3990,Card,success
7385,9884,144,16-02-2025,10,Card,success
7393,4472,3832,20-06-2025,702,Card,success
7394,10952,6248,13-04-2025,1985,Card,success
7399,136,3063,26-07-2025,7000,Card,success
7403,6466,7869,21-08-2025,140,Card,success
7406,2373,265,13-01-2026,204,Card,success
7407,1037,3987,03-01-2026,391,Card,success
7415,7860,5102,12-09-2025,721,Card,success
7431,4896,4935,21-05-2025,1990,Card,success
7434,3612,5779,04-10-2025,675,Card,success
7445,5349,3387,16-04-2025,380,Card,success
7448,2149,362,30-01-2025,6993,Card,success
7452,4242,5407,28-04-2025,415,Card,success
7458,11943,2289,05-05-2025,411,Card,success
7460,10757,1747,08-07-2025,703,Card,success
7463,9038,5100,17-01-2025,8,Card,success
7464,11195,1236,19-11-2025,201,Card,success
7474,10649,4599,06-11-2025,208,Card,success
7478,4738,1337,09-01-2026,390,Card,success
7481,526,2902,24-12-2025,3999,Card,success
7489,8548,7371,06-07-2025,7006,Card,success
7491,9237,2228,01-03-2025,191,Card,success
7495,7173,2474,28-04-2025,388,Card,success
7504,7906,4224,08-05-2025,713,Card,success
7506,10959,6455,03-02-2025,2000,Card,success
7509,9848,3285,09-07-2025,3999,Card,success
7513,2907,5480,05-04-2025,410,Card,success
7514,9481,1533,30-01-2025,1997,Card,success
7522,1799,6445,20-05-2025,402,Card,success
7524,6099,5087,10-02-2025,399,Card,success
7530,9321,1844,13-02-2025,1993,Card,success
7532,10527,5470,04-01-2025,699,Card,success
7535,8885,6863,29-12-2025,211,Card,success
7552,9229,4099,17-09-2025,3,Card,success
7553,2580,288,22-05-2025,394,Card,success
7554,7296,5510,07-02-2025,1995,Card,success
7555,7881,3512,21-02-2025,4012,Card,success
7564,2321,4708,31-12-2025,2,Card,success
7566,10472,4972,27-09-2025,703,Card,success
7571,3297,1406,10-01-2026,7,Card,success
7573,593,3875,01-07-2025,192,Card,success
7575,1588,1855,28-12-2025,701,Card,success
7583,9672,7227,07-12-2025,3993,Card,success
7584,6765,1117,31-10-2025,2013,Card,success
7594,3177,4565,16-11-2025,10,Card,success
7601,4381,2725,23-08-2025,7,Card,success
7602,10269,3345,14-01-2026,5,Card,success
7615,3538,7671,07-10-2025,1999,Card,success
7619,6070,6658,31-03-2025,159,Card,success
7622,11630,7162,17-05-2025,197,Card,success
7630,3744,487,26-12-2025,189,Card,success
7632,8871,4319,01-11-2025,407,Card,success
7633,9519,3685,18-01-2025,1996,Card,success
7639,1695,4876,10-06-2025,206,Card,success
7644,3272,3511,25-07-2025,138,Card,success
7645,4947,4583,04-05-2025,4009,Card,success
7646,9036,5783,21-04-2025,6988,Card,success
7647,3241,2467,04-06-2025,7008,Card,success
7651,11009,673,05-12-2025,428,Card,success
7659,3462,285,05-12-2025,404,Card,success
7661,3789,1834,13-08-2025,703,Card,success
7665,11990,3260,04-11-2025,212,Card,success
7666,8745,5992,26-03-2025,191,Card,success
7677,4232,391,20-01-2025,704,Card,success
7679,11758,4319,05-12-2025,692,Card,success
7685,11289,7623,27-04-2025,158,Card,success
7686,10213,1829,04-09-2025,194,Card,success
7689,5558,2752,08-01-2025,205,Card,success
7701,11126,1697,28-05-2025,710,Card,success
7702,616,1271,06-08-2025,3,Card,success
7711,5854,7679,14-05-2025,383,Card,success
7712,10180,1769,15-11-2025,3997,Card,success
7715,2797,5984,31-01-2025,6993,Card,success
7716,343,6074,09-10-2025,4007,Card,success
7719,3243,2001,12-09-2025,1996,Card,success
7729,1374,6688,29-06-2025,7009,Card,success
7731,522,7381,06-04-2025,392,Card,success
7734,11237,7095,14-08-2025,6,Card,success
7738,4845,5484,11-03-2025,21,Card,success
7743,3986,2064,04-07-2025,11,Card,success
7745,7811,773,19-09-2025,386,Card,success
7747,2987,5616,24-03-2025,1996,Card,success
7749,10727,1095,30-07-2025,164,Card,success
7752,11545,3163,05-01-2026,11,Card,success
7757,735,4488,09-08-2025,146,Card,success
7758,9853,551,27-06-2025,2018,Card,success
7772,7378,5668,04-05-2025,385,Card,success
7777,9477,1124,03-06-2025,7005,Card,success
7781,8717,3399,23-11-2025,158,Card,success
7784,5887,5481,05-11-2025,698,Card,success
7786,9246,2694,01-07-2025,4005,Card,success
7789,4193,1004,12-04-2025,1989,Card,success
7791,11206,896,09-10-2025,5,Card,success
7798,5346,6680,05-07-2025,687,Card,success
7803,2454,5553,21-01-2025,201,Card,success
7808,10368,2445,30-11-2025,1998,Card,success
7809,9521,6986,26-08-2025,144,Card,success
7814,8731,1398,20-09-2025,194,Card,success
7826,2189,5536,08-07-2025,15,Card,success
7828,9991,5499,27-05-2025,383,Card,success
7835,8746,4268,12-11-2025,185,Card,success
7836,9815,2416,18-06-2025,413,Card,success
7845,7145,2253,08-05-2025,693,Card,success
7847,11512,11,25-05-2025,2006,Card,success
7855,266,7887,09-07-2025,13,Card,success
7863,1571,1600,18-09-2025,141,Card,success
7882,125,3596,29-09-2025,202,Card,success
7890,1731,3957,06-05-2025,4001,Card,success
7897,5037,6919,01-02-2025,142,Card,success
7909,4199,2261,09-05-2025,1992,Card,success
7912,9624,5259,11-07-2025,9,Card,success
7919,7913,7571,03-12-2025,4010,Card,success
7923,10701,2119,28-10-2025,190,Card,success
7927,5776,3687,03-07-2025,9,Card,success
7932,3123,4990,13-09-2025,4006,Card,success
7934,11780,5153,23-06-2025,401,Card,success
7939,7190,2182,19-01-2025,165,Card,success
7941,7234,3665,24-07-2025,4012,Card,success
7952,6651,3420,02-07-2025,6993,Card,success
7955,9779,3693,14-01-2025,408,Card,success
7962,7725,5559,05-06-2025,382,Card,success
7963,1260,217,07-10-2025,700,Card,success
7968,6441,4019,10-11-2025,203,Card,success
7973,5594,2288,29-05-2025,7004,Card,success
7980,9150,963,02-11-2025,6996,Card,success
7994,5690,4498,31-10-2025,10,Card,success
7998,4870,4416,27-07-2025,3,Card,success
7999,839,4344,10-11-2025,197,Card,success
8013,9246,2694,26-07-2025,4010,Card,success
8018,2024,5197,25-07-2025,181,Card,success
8031,8656,7206,28-10-2025,204,Card,success
8033,7174,7407,25-11-2025,2,Card,success
8037,4873,303,13-10-2025,2007,Card,success
8040,4531,828,12-03-2025,4006,Card,success
8044,137,5439,12-12-2025,6990,Card,success
8047,4969,1026,06-02-2025,10,Card,success
8050,6009,1846,23-01-2025,2009,Card,success
8052,7800,7588,30-05-2025,203,Card,success
8057,5167,4302,20-02-2025,387,Card,success
8058,4638,486,09-11-2025,394,Card,success
8070,3868,3177,09-08-2025,2003,Card,success
8081,5840,7666,25-02-2025,7014,Card,success
8083,3453,1385,20-06-2025,217,Card,success
8084,6308,2145,08-04-2025,3985,Card,success
8089,6500,7027,13-12-2025,1995,Card,success
8090,9928,6771,18-05-2025,16,Card,success
8093,5938,178,17-02-2025,2006,Card,success
8098,5819,1049,29-03-2025,392,Card,success
8099,2247,2,21-08-2025,404,Card,success
8104,5873,6558,16-01-2026,191,Card,success
8110,9682,5563,30-04-2025,695,Card,success
8118,8165,106,26-06-2025,692,Card,success
8138,1198,7280,13-12-2025,403,Card,success
8143,7855,2034,17-07-2025,4004,Card,success
8147,8290,2166,09-12-2025,4,Card,success
8150,1549,84,06-01-2025,1996,Card,success
8153,2924,2602,29-11-2025,413,Card,success
8158,11887,7803,16-08-2025,713,Card,success
8169,1388,1553,23-06-2025,7003,Card,success
8170,7603,7140,04-05-2025,424,Card,success
8173,1840,1834,30-09-2025,403,Card,success
8175,8624,1522,13-09-2025,1984,Card,success
8177,4423,6531,05-05-2025,685,Card,success
8179,7332,6801,12-11-2025,6996,Card,success
8181,4138,7830,24-09-2025,397,Card,success
8182,2160,6655,29-12-2025,183,Card,success
8200,5336,2642,08-05-2025,4004,Card,success
8204,1239,3284,10-08-2025,3994,Card,success
8208,7507,3254,30-12-2025,686,Card,success
8213,11766,982,21-05-2025,205,Card,success
8220,11420,4642,28-10-2025,1985,Card,success
8234,4929,3670,13-06-2025,214,Card,success
8242,6362,4521,06-03-2025,6999,Card,success
8243,962,5096,25-03-2025,3975,Card,success
8247,4213,5978,13-04-2025,12,Card,success
8251,4178,480,03-01-2025,198,Card,success
8260,972,3455,24-04-2025,4,Card,success
8269,9552,5998,23-10-2025,1974,Card,success
8270,2643,7044,02-02-2025,696,Card,success
8273,11534,5852,09-12-2025,404,Card,success
8275,11889,4913,06-02-2025,405,Card,success
8284,2854,1258,26-03-2025,712,Card,success
8286,7295,6890,11-05-2025,706,Card,success
8292,5591,6024,10-01-2026,384,Card,success
8295,10222,1877,06-08-2025,709,Card,success
8303,5366,1198,17-01-2025,699,Card,success
8312,6192,4820,11-10-2025,7006,Card,success
8319,4982,853,16-10-2025,700,Card,success
8321,5571,3730,29-07-2025,4,Card,success
8324,249,5447,08-01-2026,403,Card,success
8331,9750,897,28-02-2025,185,Card,success
8342,7057,7595,20-02-2025,5,Card,success
8349,2269,1935,25-10-2025,1994,Card,success
8354,6574,5645,14-12-2025,190,Card,success
8359,6496,2944,20-04-2025,3992,Card,success
8363,2370,1431,12-08-2025,141,Card,success
8366,4712,7051,29-04-2025,700,Card,success
8369,3508,6907,20-05-2025,9,Card,success
8376,11965,2236,23-01-2025,1997,Card,success
8377,11062,4766,06-11-2025,383,Card,success
8383,4441,2269,04-06-2025,698,Card,success
8386,4186,3997,09-01-2026,199,Card,success
8392,3819,6206,20-06-2025,389,Card,success
8402,3006,6646,21-12-2025,7,Card,success
8405,10704,5723,18-01-2025,6990,Card,success
8407,3132,3265,01-05-2025,399,Card,success
8413,3867,176,15-05-2025,4005,Card,success
8414,8506,7469,08-01-2025,202,Card,success
8415,1276,1785,06-04-2025,411,Card,success
8424,11614,1360,02-03-2025,6992,Card,success
8433,10305,7723,05-10-2025,6,Card,success
8436,1025,4194,21-08-2025,390,Card,success
8439,3591,4856,31-12-2025,7027,Card,success
8442,3,1983,04-10-2025,217,Card,success
8448,10404,4701,26-09-2025,9,Card,success
8450,1237,2400,30-03-2025,698,Card,success
8454,6766,412,22-01-2025,9,Card,success
8460,11091,4888,18-04-2025,162,Card,success
8463,7541,1890,17-12-2025,203,Card,success
8482,3632,4330,14-01-2026,5,Card,success
8483,2764,4881,01-07-2025,147,Card,success
8488,567,1451,01-03-2025,1994,Card,success
8490,11219,1708,17-08-2025,393,Card,success
8493,5359,183,23-07-2025,376,Card,success
8504,8450,4573,09-09-2025,400,Card,success
8506,2016,8000,25-07-2025,704,Card,success
8516,2869,7701,11-01-2025,2012,Card,success
8519,3792,1148,13-07-2025,404,Card,success
8535,9577,6243,24-08-2025,700,Card,success
8536,9855,5734,19-05-2025,405,Card,success
8549,2974,2600,20-05-2025,6991,Card,success
8550,514,2767,04-10-2025,204,Card,success
8553,8800,3791,23-09-2025,155,Card,success
8557,6203,4207,07-07-2025,210,Card,success
8559,6567,6306,14-10-2025,1999,Card,success
8562,6527,2538,16-07-2025,8,Card,success
8565,10093,6083,06-07-2025,199,Card,success
8567,6913,4556,23-09-2025,20,Card,success
8573,625,5351,03-12-2025,2,Card,success
8575,303,4652,16-02-2025,8,Card,success
8587,11826,3115,01-09-2025,192,Card,success
8589,10150,7231,02-07-2025,398,Card,success
8597,10935,580,08-09-2025,197,Card,success
8599,7981,2810,09-07-2025,8,Card,success
8601,3226,2513,22-03-2025,1991,Card,success
8605,10323,4125,22-09-2025,2000,Card,success
8613,7671,3987,29-08-2025,4007,Card,success
8614,7576,2511,03-11-2025,146,Card,success
8615,5305,6109,22-02-2025,3997,Card,success
8618,4567,1810,04-08-2025,705,Card,success
8620,10090,4148,24-03-2025,7004,Card,success
8625,7589,4040,12-01-2025,424,Card,success
8628,3264,5036,05-09-2025,3,Card,success
8629,9093,3463,22-11-2025,7000,Card,success
8634,1289,4116,02-04-2025,389,Card,success
8637,917,4203,23-05-2025,140,Card,success
8642,3395,3709,05-12-2025,413,Card,success
8647,5373,1291,11-07-2025,4004,Card,success
8649,6390,4613,17-04-2025,398,Card,success
8650,4673,4583,22-03-2025,4016,Card,success
8655,7768,1021,11-08-2025,201,Card,success
8657,2438,5797,15-02-2025,380,Card,success
8666,9617,1668,09-05-2025,195,Card,success
8669,9595,4242,29-06-2025,6,Card,success
8673,5202,1779,23-01-2025,2005,Card,success
8674,2407,3111,27-02-2025,384,Card,success
8687,1056,6885,15-10-2025,205,Card,success
8691,2228,223,14-03-2025,16,Card,success
8693,10317,574,15-05-2025,207,Card,success
8705,10145,6692,08-12-2025,3988,Card,success
8709,4800,5111,19-01-2025,399,Card,success
8719,6643,7416,29-05-2025,7002,Card,success
8721,7747,3355,16-04-2025,2001,Card,success
8723,5605,2886,05-04-2025,1996,Card,success
8727,10979,2229,10-05-2025,200,Card,success
8732,5918,1995,12-03-2025,4008,Card,success
8747,8672,797,10-08-2025,405,Card,success
8749,6967,7699,09-12-2025,207,Card,success
8751,614,7558,30-10-2025,2017,Card,success
8759,3577,5066,29-03-2025,388,Card,success
8763,2721,2548,07-02-2025,3996,Card,success
8764,5652,3063,31-01-2025,1989,Card,success
8771,7041,2874,03-03-2025,165,Card,success
8775,6325,7148,17-03-2025,688,Card,success
8780,6595,3678,23-07-2025,1997,Card,success
8786,5377,7869,06-01-2025,6996,Card,success
8787,718,7092,13-11-2025,205,Card,success
8789,2184,3310,29-04-2025,11,Card,success
8795,4048,6680,04-07-2025,6987,Card,success
8798,5537,3331,13-01-2025,402,Card,success
8809,8017,2858,07-09-2025,11,Card,success
8816,6788,2454,18-11-2025,202,Card,success
8819,10040,7510,28-07-2025,4,Card,success
8821,3311,5274,10-11-2025,1999,Card,success
8825,8604,7971,11-02-2025,407,Card,success
8831,1387,3682,29-06-2025,191,Card,success
8832,11095,2407,20-02-2025,7,Card,success
8839,7814,5656,01-11-2025,191,Card,success
8841,11060,7688,08-05-2025,410,Card,success
8842,7490,156,09-07-2025,203,Card,success
8845,1932,2196,23-04-2025,10,Card,success
8853,8458,5143,10-07-2025,6996,Card,success
8858,8812,5587,16-02-2025,393,Card,success
8862,11742,6531,03-10-2025,186,Card,success
8865,2580,288,26-12-2025,399,Card,success
8867,5740,5788,26-01-2025,701,Card,success
8874,1556,58,12-06-2025,695,Card,success
8880,5255,7870,22-10-2025,199,Card,success
8881,6943,7674,30-01-2025,204,Card,success
8891,8113,1704,08-08-2025,147,Card,success
8895,1289,4116,18-09-2025,403,Card,success
8897,5412,7534,10-02-2025,395,Card,success
8910,6747,392,03-06-2025,704,Card,success
8912,2252,7753,19-12-2025,144,Card,success
8913,10493,5917,25-02-2025,199,Card,success
8916,1600,3815,01-09-2025,1996,Card,success
8917,8367,6283,29-09-2025,6997,Card,success
8919,9577,6243,17-02-2025,697,Card,success
8922,9258,1094,29-04-2025,160,Card,success
8941,9605,7704,19-10-2025,202,Card,success
8944,11217,3342,17-12-2025,4003,Card,success
8947,7049,7067,14-07-2025,4008,Card,success
8950,2208,2451,17-07-2025,15,Card,success
8959,5351,6108,05-07-2025,412,Card,success
8977,10819,5432,24-06-2025,697,Card,success
8979,985,142,04-02-2025,193,Card,success
8981,9815,2416,15-05-2025,415,Card,success
8989,6223,880,13-10-2025,399,Card,success
9001,2423,2823,16-09-2025,214,Card,success
9003,11157,576,26-08-2025,11,Card,success
9004,10717,1220,08-03-2025,19,Card,success
9014,2119,7076,22-03-2025,700,Card,success
9020,5109,6321,28-04-2025,205,Card,success
9023,1668,7569,03-04-2025,699,Card,success
9027,8597,1767,16-12-2025,1998,Card,success
9032,11561,4166,17-05-2025,402,Card,success
9033,562,1963,09-05-2025,21,Card,success
9035,11684,6656,12-10-2025,3986,Card,success
9036,9223,4024,17-11-2025,393,Card,success
9052,463,1695,08-11-2025,185,Card,success
9053,3335,4657,07-12-2025,705,Card,success
9062,331,2546,26-11-2025,206,Card,success
9066,9749,5339,06-08-2025,196,Card,success
9069,4504,581,09-02-2025,2014,Card,success
9075,251,5585,05-08-2025,7012,Card,success
9079,1624,213,26-07-2025,204,Card,success
9081,11615,85,26-04-2025,9,Card,success
9083,11297,3906,10-07-2025,402,Card,success
9099,7733,764,02-08-2025,203,Card,success
9102,3693,3040,13-08-2025,407,Card,success
9103,4994,5275,02-08-2025,205,Card,success
9107,1969,393,18-10-2025,393,Card,success
9114,11142,7593,10-08-2025,702,Card,success
9116,6393,2790,24-11-2025,199,Card,success
9117,6860,1643,16-09-2025,386,Card,success
9128,2194,530,26-06-2025,390,Card,success
9129,2101,4020,19-08-2025,11,Card,success
9131,865,6561,21-01-2025,7001,Card,success
9136,9471,405,30-09-2025,402,Card,success
9147,6599,6162,04-09-2025,203,Card,success
9149,9705,3161,09-08-2025,7001,Card,success
9160,4809,7025,10-09-2025,390,Card,success
9163,9237,2228,02-08-2025,201,Card,success
9165,3285,7806,06-04-2025,157,Card,success
9167,10616,1100,28-10-2025,6,Card,success
9168,5381,4066,22-09-2025,1,Card,success
9173,7323,1634,17-03-2025,136,Card,success
9179,2836,4296,30-04-2025,187,Card,success
9180,7913,7571,05-04-2025,3996,Card,success
9191,5371,644,07-08-2025,4001,Card,success
9193,9017,3232,09-12-2025,207,Card,success
9199,10416,7659,03-11-2025,190,Card,success
9200,8457,7513,19-03-2025,708,Card,success
9206,4313,4404,05-03-2025,7008,Card,success
9215,4218,2152,09-02-2025,4000,Card,success
9217,10955,769,11-04-2025,187,Card,success
9226,5604,5371,13-07-2025,690,Card,success
9231,10117,1979,28-07-2025,2002,Card,success
9238,9639,1136,08-03-2025,196,Card,success
9248,3613,3802,15-01-2026,395,Card,success
9250,9666,7128,14-12-2025,401,Card,success
9260,8846,1423,17-10-2025,6988,Card,success
9265,3964,1678,17-12-2025,3998,Card,success
9270,11187,5243,11-07-2025,153,Card,success
9278,11616,866,27-05-2025,1991,Card,success
9294,10129,2727,01-05-2025,396,Card,success
9296,7770,6097,06-03-2025,408,Card,success
9299,8484,941,02-05-2025,1989,Card,success
9302,2005,647,13-12-2025,1993,Card,success
9310,7734,2740,18-12-2025,395,Card,success
9313,3181,7410,22-10-2025,192,Card,success
9324,757,5196,23-04-2025,4005,Card,success
9329,6102,5168,26-10-2025,200,Card,success
9331,3903,5073,20-01-2025,397,Card,success
9333,4038,6304,25-02-2025,218,Card,success
9336,9838,1309,11-09-2025,207,Card,success
9342,3409,1059,19-05-2025,11,Card,success
9348,11396,3945,01-07-2025,205,Card,success
9356,8739,7767,31-01-2025,204,Card,success
9364,1409,7034,12-04-2025,162,Card,success
9368,9356,5820,15-07-2025,197,Card,success
9373,8857,2050,11-08-2025,700,Card,success
9376,6777,6912,22-10-2025,698,Card,success
9378,11332,5180,13-11-2025,220,Card,success
9414,6587,1022,20-11-2025,199,Card,success
9416,8201,5435,06-05-2025,384,Card,success
9417,4061,3661,27-01-2025,160,Card,success
9418,806,5560,21-04-2025,205,Card,success
9430,8469,5648,16-07-2025,1988,Card,success
9431,1066,4575,06-01-2025,179,Card,success
9439,10023,3871,20-10-2025,7001,Card,success
9444,10994,6634,21-01-2025,1,Card,success
9445,6380,5528,17-10-2025,202,Card,success
9453,11113,6445,25-01-2025,4009,Card,success
9459,4239,3932,24-07-2025,421,Card,success
9461,10485,6985,04-10-2025,205,Card,success
9470,1927,6247,18-04-2025,3999,Card,success
9483,3164,3815,06-01-2026,2022,Card,success
9487,11689,5814,27-10-2025,221,Card,success
9490,8924,6810,15-04-2025,406,Card,success
9492,11772,6898,11-11-2025,122,Card,success
9493,349,7939,24-05-2025,150,Card,success
9497,9532,3724,12-04-2025,29,Card,success
9500,7331,5765,03-05-2025,22,Card,success
9501,9511,7510,29-06-2025,395,Card,success
9505,1230,6327,10-02-2025,382,Card,success
9506,9417,5714,06-06-2025,2,Card,success
9512,6595,3678,11-06-2025,1997,Card,success
9513,1871,2292,11-12-2025,403,Card,success
9515,4908,6157,26-03-2025,395,Card,success
9516,11735,1615,07-11-2025,9,Card,success
9521,9140,1933,04-03-2025,216,Card,success
9523,861,5100,27-06-2025,2021,Card,success
9536,11259,4060,03-02-2025,210,Card,success
9547,3404,7243,20-01-2025,3996,Card,success
9556,1844,3614,10-10-2025,2013,Card,success
9558,4138,7830,28-06-2025,409,Card,success
9564,2976,2325,09-09-2025,133,Card,success
9566,5748,6267,05-06-2025,414,Card,success
9571,5352,418,05-12-2025,4,Card,success
9578,6974,4310,11-12-2025,415,Card,success
9582,6955,3364,18-10-2025,385,Card,success
9584,11870,5719,08-01-2026,150,Card,success
9588,1607,258,21-12-2025,396,Card,success
9596,1819,4886,30-10-2025,19,Card,success
9604,238,5704,13-01-2026,394,Card,success
9607,10308,2497,18-04-2025,187,Card,success
9613,11439,7349,16-06-2025,6996,Card,success
9614,3925,3365,25-01-2025,166,Card,success
9618,4727,273,23-07-2025,197,Card,success
9620,10327,869,27-05-2025,7006,Card,success
9624,8460,3808,14-09-2025,1995,Card,success
9634,2273,7517,09-02-2025,414,Card,success
9638,5806,6477,06-05-2025,706,Card,success
9655,9902,6211,14-08-2025,2011,Card,success
9666,10981,679,23-04-2025,3998,Card,success
9670,489,6115,11-03-2025,685,Card,success
9672,8794,7982,10-08-2025,707,Card,success
9680,2534,4610,13-06-2025,701,Card,success
9685,9465,5554,14-10-2025,153,Card,success
9686,7673,7525,30-08-2025,6,Card,success
9696,6166,6437,26-12-2025,1998,Card,success
9702,9574,2931,26-09-2025,11,Card,success
9707,11426,709,06-05-2025,681,Card,success
9714,6507,3827,17-04-2025,7,Card,success
9716,11153,4908,29-11-2025,1996,Card,success
9717,6374,7456,23-01-2025,2,Card,success
9734,934,6840,18-02-2025,3977,Card,success
9738,11395,5908,10-10-2025,188,Card,success
9746,3457,1389,30-08-2025,1987,Card,success
9748,3284,1471,01-07-2025,8,Card,success
9767,41,2310,12-10-2025,147,Card,success
9768,3551,7138,02-05-2025,203,Card,success
9775,11046,7211,28-10-2025,214,Card,success
9778,7487,919,30-07-2025,6996,Card,success
9782,4024,4266,24-12-2025,148,Card,success
9784,9245,7280,02-04-2025,202,Card,success
9791,7570,3265,06-01-2025,190,Card,success
9794,8993,3497,28-01-2025,7027,Card,success
9803,6345,1495,27-06-2025,4008,Card,success
9808,10899,2736,14-12-2025,188,Card,success
9809,5187,5925,16-01-2026,401,Card,success
9812,10835,4037,29-04-2025,407,Card,success
9814,6278,5818,03-02-2025,699,Card,success
9819,7797,1748,14-08-2025,145,Card,success
9821,10468,6606,28-12-2025,4007,Card,success
9829,6295,4230,05-10-2025,1983,Card,success
9836,5589,6009,16-11-2025,2010,Card,success
9839,8717,3399,27-10-2025,165,Card,success
9845,3561,5099,23-07-2025,1996,Card,success
9852,8552,2590,07-02-2025,413,Card,success
9856,9098,7255,26-02-2025,711,Card,success
9864,6924,2867,16-09-2025,413,Card,success
9866,7045,4513,06-03-2025,7008,Card,success
9881,3785,131,01-05-2025,2012,Card,success
9883,11790,3575,27-08-2025,16,Card,success
9886,9664,490,17-10-2025,696,Card,success
9890,4146,1597,11-08-2025,708,Card,success
9894,2094,3342,21-10-2025,187,Card,success
9898,10842,3807,15-11-2025,407,Card,success
9900,4,2777,17-02-2025,4010,Card,success
9907,1699,3557,05-05-2025,160,Card,success
9908,6,1715,01-04-2025,706,Card,success
9910,4894,2727,07-11-2025,1996,Card,success
9913,6196,2151,15-07-2025,1995,Card,success
9921,5213,4339,02-01-2026,697,Card,success
9923,4183,774,04-10-2025,401,Card,success
9924,3946,7005,05-01-2025,698,Card,success
9928,3447,2830,11-09-2025,194,Card,success
9929,2770,2615,10-10-2025,183,Card,success
9930,1134,2424,27-06-2025,680,Card,success
9935,10496,4761,26-12-2025,193,Card,success
9937,10164,634,07-01-2026,2005,Card,success
9938,5943,2720,23-12-2025,6989,Card,success
9942,9697,3364,09-12-2025,212,Card,success
9947,6592,2468,19-07-2025,3995,Card,success
9964,11996,1020,15-11-2025,7004,Card,success
9966,1480,4360,24-07-2025,3990,Card,success
9970,7979,3713,09-08-2025,204,Card,success
9972,1500,1904,08-12-2025,1992,Card,success
9973,7624,5674,16-12-2025,7003,Card,success
9974,2683,571,02-12-2025,1986,Card,success
9987,7,1182,21-04-2025,3991,Card,success
9994,897,3602,05-02-2025,174,Card,success
9996,11282,875,18-01-2026,677,Card,success
9999,716,569,01-03-2025,205,Card,success
10012,11327,2898,22-02-2025,7,Card,success
10029,2792,7663,26-10-2025,4011,Card,success
10030,4114,697,05-09-2025,188,Card,success
10031,5572,280,14-04-2025,393,Card,success
10053,7427,2779,03-06-2025,7,Card,success
10055,5928,3895,09-01-2025,2019,Card,success
10058,9816,4187,09-02-2025,4011,Card,success
10071,6490,3162,08-05-2025,139,Card,success
10074,9809,4034,21-01-2025,405,Card,success
10077,436,4041,26-04-2025,201,Card,success
10080,8186,6857,13-04-2025,198,Card,success
10081,10106,4029,05-02-2025,3993,Card,success
10086,9213,5302,04-10-2025,697,Card,success
10103,3543,4455,11-09-2025,212,Card,success
10110,5332,6481,19-03-2025,6,Card,success
10115,7630,1898,22-09-2025,4,Card,success
10117,2692,1072,26-02-2025,9,Card,success
10127,7661,5940,22-08-2025,202,Card,success
10129,1634,7030,09-08-2025,18,Card,success
10130,10509,7678,05-01-2026,4000,Card,success
10132,274,2494,09-07-2025,1999,Card,success
10141,7385,1587,20-09-2025,184,Card,success
10142,11473,7999,18-11-2025,3998,Card,success
10143,8410,95,27-01-2025,394,Card,success
10146,10073,691,15-06-2025,687,Card,success
10156,7520,7739,23-09-2025,190,Card,success
10162,10946,216,30-06-2025,3987,Card,success
10178,8928,2470,03-06-2025,137,Card,success
10182,2708,5701,29-04-2025,7001,Card,success
10184,8100,205,03-11-2025,688,Card,success
10198,7509,228,31-08-2025,191,Card,success
10199,1309,4964,19-05-2025,16,Card,success
10202,5627,1526,05-01-2025,2022,Card,success
10206,10096,4446,13-09-2025,701,Card,success
10217,277,3972,11-01-2025,7,Card,success
10227,6341,7997,06-02-2025,402,Card,success
10230,4136,6170,02-01-2026,194,Card,success
10231,6942,7515,01-07-2025,15,Card,success
10244,7117,873,09-02-2025,700,Card,success
10258,3955,260,10-06-2025,687,Card,success
10267,9048,2661,02-02-2025,392,Card,success
10270,10619,5890,25-06-2025,705,Card,success
10276,3974,4095,14-06-2025,385,Card,success
10277,11399,5168,10-08-2025,6998,Card,success
10280,3963,2763,14-03-2025,398,Card,success
10295,5873,6558,30-03-2025,189,Card,success
10304,11181,5672,05-02-2025,395,Card,success
10311,7706,2436,26-07-2025,203,Card,success
10315,5796,7527,31-05-2025,206,Card,success
10319,3067,2939,01-06-2025,5,Card,success
10331,2637,5213,25-04-2025,696,Card,success
10332,388,4779,26-08-2025,393,Card,success
10340,6827,1162,04-04-2025,679,Card,success
10342,4734,2142,23-03-2025,218,Card,success
10344,4179,6427,05-02-2025,209,Card,success
10349,4646,3607,02-09-2025,2020,Card,success
10351,3599,4596,24-11-2025,705,Card,success
10367,75,7798,24-06-2025,207,Card,success
10370,7051,5883,19-01-2025,408,Card,success
10373,283,7093,24-02-2025,189,Card,success
10375,3785,131,24-03-2025,1999,Card,success
10381,3434,6618,26-02-2025,4012,Card,success
10382,5315,7567,27-12-2025,1994,Card,success
10383,11295,4183,11-12-2025,1990,Card,success
10394,10524,5091,10-05-2025,691,Card,success
10397,2377,7747,02-01-2025,404,Card,success
10400,11890,2429,22-09-2025,11,Card,success
10404,2115,1131,16-06-2025,397,Card,success
10407,3380,1886,25-12-2025,6993,Card,success
10422,4993,7899,21-05-2025,3999,Card,success
10448,3692,516,05-01-2025,144,Card,success
10452,6415,775,15-12-2025,694,Card,success
10453,7568,1471,24-03-2025,187,Card,success
10454,3325,5281,30-11-2025,194,Card,success
10457,8954,886,12-05-2025,203,Card,success
10469,3599,4596,29-04-2025,710,Card,success
10476,5895,639,06-10-2025,2004,Card,success
10478,5744,7623,23-07-2025,192,Card,success
10480,1584,1921,07-07-2025,4000,Card,success
10481,6402,5577,28-08-2025,176,Card,success
10482,3028,4490,20-03-2025,396,Card,success
10485,1809,5124,04-09-2025,3,Card,success
10489,9449,512,11-08-2025,2,Card,success
10491,10234,4612,10-04-2025,403,Card,success
10495,5401,714,06-02-2025,4,Card,success
10496,199,2441,20-12-2025,209,Card,success
10499,841,7993,16-01-2026,401,Card,success
10501,7818,3926,19-05-2025,2008,Card,success
10509,4576,3945,29-05-2025,386,Card,success
10515,4120,2975,12-12-2025,200,Card,success
10516,1590,7309,19-04-2025,155,Card,success
10530,4297,4772,08-01-2026,217,Card,success
10540,1533,7588,02-05-2025,706,Card,success
10541,7774,7599,27-03-2025,4000,Card,success
10546,340,6388,14-08-2025,396,Card,success
10549,1384,6968,28-03-2025,398,Card,success
10550,1012,1302,04-02-2025,403,Card,success
10553,463,1695,26-12-2025,193,Card,success
10554,6434,3276,23-04-2025,1994,Card,success
10555,5824,1402,19-01-2025,389,Card,success
10557,2064,6783,23-01-2025,401,Card,success
10560,3272,3511,26-07-2025,168,Card,success
10562,11993,7890,14-07-2025,193,Card,success
10563,7366,4706,29-05-2025,2000,Card,success
10567,10494,182,20-01-2025,700,Card,success
10572,7579,2050,18-04-2025,136,Card,success
10573,4046,4971,18-06-2025,716,Card,success
10581,10800,5364,15-01-2026,6,Card,success
10588,3198,6694,02-08-2025,202,Card,success
10598,7592,4167,10-05-2025,686,Card,success
10606,6265,7783,11-01-2025,2006,Card,success
10611,11552,4926,05-11-2025,152,Card,success
10627,11200,3539,02-03-2025,195,Card,success
10630,11462,4439,24-09-2025,402,Card,success
10637,9386,6550,18-06-2025,7001,Card,success
10644,3290,6630,15-07-2025,204,Card,success
10648,6561,1991,10-06-2025,6977,Card,success
10649,5205,6582,09-12-2025,414,Card,success
10662,3407,4252,03-09-2025,679,Card,success
10667,11282,875,28-01-2025,703,Card,success
10669,8789,7302,14-01-2025,3988,Card,success
10681,5755,2819,06-11-2025,205,Card,success
10695,6223,880,05-09-2025,401,Card,success
10699,6386,2608,26-05-2025,2,Card,success
10700,11831,1506,08-10-2025,11,Card,success
10708,10060,7665,20-11-2025,3994,Card,success
10712,4022,3677,25-01-2025,708,Card,success
10714,9679,3289,01-11-2025,1988,Card,success
10725,1361,6415,13-12-2025,200,Card,success
10726,6712,6276,07-04-2025,405,Card,success
10729,9098,7255,07-04-2025,694,Card,success
10730,5136,322,07-09-2025,3999,Card,success
10732,8131,7176,16-08-2025,3987,Card,success
10736,5179,2651,19-04-2025,192,Card,success
10738,9800,1975,14-05-2025,390,Card,success
10739,2668,7719,23-03-2025,397,Card,success
10740,2516,7319,22-07-2025,2005,Card,success
10751,4626,5796,20-06-2025,399,Card,success
10766,11599,3050,09-09-2025,211,Card,success
10772,868,4579,15-05-2025,396,Card,success
10774,11961,2523,24-04-2025,2009,Card,success
10777,10555,4044,17-10-2025,3997,Card,success
10781,4784,7518,18-05-2025,6986,Card,success
10783,4521,2820,28-11-2025,3985,Card,success
10785,8819,4433,10-05-2025,151,Card,success
10788,3113,6080,13-07-2025,2,Card,success
10794,7303,6079,23-05-2025,190,Card,success
10796,2286,7390,14-09-2025,13,Card,success
10800,9618,4012,02-02-2025,209,Card,success
10811,10058,6463,06-09-2025,2,Card,success
10817,6285,2970,31-03-2025,702,Card,success
10818,5022,4943,04-01-2025,12,Card,success
10819,5757,6423,17-01-2026,399,Card,success
10820,11110,7989,24-05-2025,3,Card,success
10828,6942,7515,01-04-2025,4,Card,success
10830,6521,242,18-10-2025,11,Card,success
10832,5580,347,17-09-2025,201,Card,success
10837,3823,5334,23-02-2025,2009,Card,success
10839,10439,208,07-03-2025,1992,Card,success
10850,6064,7564,06-04-2025,2003,Card,success
10851,10446,26,06-01-2025,200,Card,success
10856,8246,3131,30-03-2025,401,Card,success
10865,6275,4062,01-04-2025,401,Card,success
10881,5730,3504,27-09-2025,391,Card,success
10883,10714,688,18-03-2025,1994,Card,success
10884,1832,4195,14-12-2025,154,Card,success
10898,2962,6105,14-12-2025,397,Card,success
10901,9185,2228,22-08-2025,4008,Card,success
10904,8248,2916,17-08-2025,6996,Card,success
10905,11285,1742,02-08-2025,4005,Card,success
10916,53,6084,10-04-2025,6995,Card,success
10928,6744,3960,20-10-2025,151,Card,success
10930,8854,6071,28-11-2025,4019,Card,success
10937,586,6646,06-01-2026,8,Card,success
10943,6869,7217,31-07-2025,694,Card,success
10945,8635,3790,19-01-2025,419,Card,success
10947,8498,2529,12-12-2025,400,Card,success
10949,7269,4070,03-05-2025,4006,Card,success
10951,7048,3643,17-07-2025,1,Card,success
10959,8128,6079,12-02-2025,198,Card,success
10964,7073,4144,24-06-2025,199,Card,success
10965,8256,3070,15-07-2025,210,Card,success
10971,8875,6586,19-05-2025,391,Card,success
10976,6169,4824,12-07-2025,1996,Card,success
10984,8314,5614,01-12-2025,700,Card,success
10992,11182,6334,31-10-2025,712,Card,success
10994,2536,5222,25-05-2025,3999,Card,success
10997,2440,1276,13-06-2025,148,Card,success
11001,9333,3174,15-07-2025,388,Card,success
11005,7709,5526,24-12-2025,7014,Card,success
11011,5254,4700,26-06-2025,6999,Card,success
11012,1176,7046,11-07-2025,688,Card,success
11014,11771,6667,20-10-2025,195,Card,success
11020,2942,2158,08-01-2026,394,Card,success
11024,11809,3755,04-04-2025,403,Card,success
11030,7204,5240,06-10-2025,6,Card,success
11031,7419,1780,25-09-2025,403,Card,success
11037,1595,6424,27-06-2025,3996,Card,success
11041,11125,3543,21-01-2025,144,Card,success
11043,10217,3500,15-05-2025,3987,Card,success
11047,1707,7685,09-10-2025,195,Card,success
11058,11960,7048,07-08-2025,4,Card,success
11060,7501,4883,20-01-2025,1977,Card,success
11064,10038,4488,03-12-2025,185,Card,success
11070,7387,4768,16-05-2025,720,Card,success
11086,7764,1076,26-06-2025,15,Card,success
11088,97,996,02-10-2025,6994,Card,success
11090,6571,5114,22-09-2025,408,Card,success
11092,937,7746,13-01-2025,4000,Card,success
11096,11450,185,21-09-2025,1992,Card,success
11101,6234,7509,28-03-2025,1,Card,success
11102,10548,640,17-04-2025,6997,Card,success
11118,11092,7099,26-03-2025,3998,Card,success
11122,9436,6380,09-03-2025,6996,Card,success
11123,7727,1402,27-05-2025,209,Card,success
11128,10735,4404,02-11-2025,198,Card,success
11143,8691,1005,04-09-2025,1993,Card,success
11144,10563,1513,07-11-2025,3991,Card,success
11148,9454,1064,01-12-2025,7,Card,success
11151,10911,5204,12-02-2025,131,Card,success
11169,10490,7006,22-04-2025,378,Card,success
11170,11373,1091,29-06-2025,20,Card,success
11175,8210,4807,10-04-2025,387,Card,success
11176,2886,6978,07-07-2025,391,Card,success
11183,11377,4570,08-08-2025,403,Card,success
11200,11968,553,04-01-2026,392,Card,success
11219,4098,211,20-03-2025,215,Card,success
11221,10376,2274,02-04-2025,3979,Card,success
11225,7482,3414,17-08-2025,3979,Card,success
11232,2326,685,25-05-2025,194,Card,success
11243,8076,7450,13-02-2025,693,Card,success
11248,187,5564,19-09-2025,2003,Card,success
11254,5981,1427,10-06-2025,186,Card,success
11255,6859,2930,22-10-2025,199,Card,success
11258,3897,6223,10-05-2025,2010,Card,success
11260,10467,169,26-08-2025,706,Card,success
11263,783,2719,16-03-2025,707,Card,success
11266,9758,2775,24-01-2025,2012,Card,success
11269,10782,6945,24-04-2025,148,Card,success
11274,10613,4601,30-07-2025,160,Card,success
11277,8369,5794,30-05-2025,151,Card,success
11281,8141,5455,25-10-2025,405,Card,success
11284,7834,7682,29-08-2025,390,Card,success
11286,10219,316,20-11-2025,399,Card,success
11290,1297,2356,15-09-2025,202,Card,success
11299,9118,4586,21-07-2025,200,Card,success
11301,10418,7134,29-06-2025,132,Card,success
11303,7364,7928,19-12-2025,705,Card,success
11309,3984,1865,26-12-2025,199,Card,success
11311,6614,7443,07-09-2025,10,Card,success
11321,9605,7704,11-11-2025,220,Card,success
11329,8210,4807,09-09-2025,387,Card,success
11338,4057,2360,18-11-2025,166,Card,success
11356,4266,5361,27-04-2025,3997,Card,success
11358,9450,6656,18-02-2025,192,Card,success
11361,7803,6264,14-01-2025,1986,Card,success
11362,3224,4664,27-06-2025,396,Card,success
11369,7159,7322,05-01-2025,707,Card,success
11390,6230,7531,27-10-2025,7000,Card,success
11394,796,4774,16-12-2025,149,Card,success
11403,5909,346,02-08-2025,17,Card,success
11410,3975,3373,14-08-2025,3,Card,success
11411,5368,6078,01-02-2025,725,Card,success
11415,8646,535,17-02-2025,400,Card,success
11416,10714,688,01-11-2025,1990,Card,success
11428,8356,7684,26-02-2025,168,Card,success
11435,3052,5437,01-12-2025,1982,Card,success
11442,2893,1203,06-01-2025,8,Card,success
11467,11120,2033,05-06-2025,13,Card,success
11472,4432,287,27-11-2025,205,Card,success
11481,1111,2032,05-02-2025,16,Card,success
11484,7768,1021,02-08-2025,200,Card,success
11489,948,3384,28-07-2025,396,Card,success
11493,4311,4844,23-08-2025,6993,Card,success
11498,10267,3797,08-06-2025,194,Card,success
11499,3429,2050,22-08-2025,6993,Card,success
11503,236,1241,18-01-2025,194,Card,success
11505,1054,527,17-03-2025,4,Card,success
11507,1381,2334,27-07-2025,681,Card,success
11509,10521,7701,13-01-2026,1993,Card,success
11524,11425,2610,28-08-2025,399,Card,success
11525,897,3602,17-12-2025,194,Card,success
11528,2890,2992,24-04-2025,3997,Card,success
11532,11683,694,01-06-2025,9,Card,success
11533,7548,6414,25-02-2025,200,Card,success
11534,7526,2435,17-01-2026,6993,Card,success
11546,11208,5475,05-10-2025,30,Card,success
11550,11367,5598,20-07-2025,694,Card,success
11553,8802,7669,23-08-2025,390,Card,success
11558,1490,6011,25-04-2025,7011,Card,success
11561,11698,7409,26-06-2025,3,Card,success
11564,8402,6736,17-04-2025,197,Card,success
11567,6517,6872,01-01-2026,419,Card,success
11570,9499,6429,30-03-2025,398,Card,success
11575,1242,5023,27-10-2025,213,Card,success
11578,1401,7948,06-08-2025,200,Card,success
11579,5685,4973,01-10-2025,3989,Card,success
11580,7468,7505,27-02-2025,199,Card,success
11593,1697,6394,27-07-2025,401,Card,success
11603,5862,5573,15-06-2025,3,Card,success
11607,11994,6538,27-07-2025,2001,Card,success
11608,179,7926,04-08-2025,180,Card,success
11629,8831,1888,23-03-2025,2001,Card,success
11644,11682,922,31-03-2025,404,Card,success
11648,11088,5130,21-01-2025,3,Card,success
11649,357,6424,14-09-2025,4017,Card,success
11651,1478,3390,25-04-2025,2002,Card,success
11656,1451,2563,26-02-2025,144,Card,success
11657,4534,6122,03-03-2025,391,Card,success
11659,6499,4195,20-12-2025,697,Card,success
11662,6092,2334,10-02-2025,1988,Card,success
11663,4551,4045,29-10-2025,7007,Card,success
11668,832,5582,22-12-2025,7,Card,success
11669,4022,3677,27-10-2025,702,Card,success
11675,3142,139,28-08-2025,405,Card,success
11682,9455,6416,23-08-2025,406,Card,success
11684,4515,1982,03-02-2025,400,Card,success
11709,6864,853,27-02-2025,700,Card,success
11710,11702,1434,14-08-2025,183,Card,success
11721,6593,4966,04-02-2025,401,Card,success
11722,1516,6403,14-04-2025,208,Card,success
11725,8088,4873,10-12-2025,388,Card,success
11731,11021,3316,29-08-2025,708,Card,success
11733,5983,3129,07-04-2025,1,Card,success
11738,1969,393,19-08-2025,409,Card,success
11741,8360,3127,11-03-2025,690,Card,success
11742,4029,6,16-09-2025,2008,Card,success
11743,2662,2908,27-02-2025,1990,Card,success
11748,9083,4016,29-10-2025,14,Card,success
11751,6484,1362,28-03-2025,693,Card,success
11752,6984,2105,20-09-2025,398,Card,success
11766,9246,2694,21-02-2025,3999,Card,success
11773,5111,4890,23-07-2025,383,Card,success
11776,10392,4086,26-07-2025,1999,Card,success
11798,6027,1682,18-09-2025,1995,Card,success
11802,1628,4484,17-08-2025,195,Card,success
11803,10994,6634,28-09-2025,5,Card,success
11811,9721,4715,16-08-2025,14,Card,success
11821,2500,2560,01-08-2025,395,Card,success
11825,7439,6661,09-01-2025,5,Card,success
11828,10788,5367,30-09-2025,201,Card,success
11837,4587,7020,29-06-2025,12,Card,success
11838,3212,3778,07-02-2025,697,Card,success
11839,7691,299,06-01-2025,407,Card,success
11842,11795,4798,15-03-2025,384,Card,success
11843,4448,6830,10-04-2025,405,Card,success
11847,2267,6008,03-12-2025,1,Card,success
11854,10264,3285,09-12-2025,199,Card,success
11859,6396,4142,04-01-2025,701,Card,success
11861,933,7176,27-05-2025,3991,Card,success
11864,1701,5728,24-01-2025,2006,Card,success
11867,9890,1072,03-02-2025,397,Card,success
11879,5738,5289,22-10-2025,376,Card,success
11881,2182,1240,14-02-2025,3995,Card,success
11884,1162,1804,18-11-2025,699,Card,success
11889,6648,6269,27-09-2025,4011,Card,success
11891,4642,3617,16-09-2025,390,Card,success
11892,10180,1769,30-04-2025,3983,Card,success
11904,1382,2022,29-12-2025,3996,Card,success
11906,5897,52,19-05-2025,153,Card,success
11910,5793,3553,21-12-2025,187,Card,success
11924,1789,498,20-03-2025,697,Card,success
11931,2578,3570,22-05-2025,160,Card,success
11932,2360,1992,28-03-2025,200,Card,success
11933,6121,4875,29-08-2025,3987,Card,success
11945,7406,5190,09-02-2025,204,Card,success
11949,7923,5862,16-01-2026,7,Card,success
11950,5396,3696,17-11-2025,393,Card,success
11953,11987,6228,29-07-2025,194,Card,success
11976,7658,6370,12-04-2025,699,Card,success
11979,2637,5213,08-03-2025,701,Card,success
11986,2580,288,22-11-2025,395,Card,success
11998,9163,3496,24-11-2025,144,Card,success
6,2485,4438,31-07-2025,137,NetBanking,success
16,7299,4417,19-05-2025,3,NetBanking,success
25,9892,6549,25-06-2025,189,NetBanking,success
28,5619,3818,16-07-2025,3978,NetBanking,success
31,7506,3353,10-09-2025,209,NetBanking,success
35,289,5240,20-06-2025,6996,NetBanking,success
36,8486,3485,18-01-2025,422,NetBanking,success
39,4033,2067,13-06-2025,694,NetBanking,success
57,559,1898,10-03-2025,193,NetBanking,success
67,7973,3871,29-01-2025,180,NetBanking,success
70,10122,753,22-01-2025,3994,NetBanking,success
81,1787,3771,15-07-2025,211,NetBanking,success
83,7874,1563,19-08-2025,7005,NetBanking,success
85,7473,2446,29-09-2025,209,NetBanking,success
92,1826,3582,04-03-2025,6986,NetBanking,success
100,8871,4319,15-11-2025,409,NetBanking,success
116,5866,736,14-05-2025,708,NetBanking,success
118,3346,2562,06-06-2025,169,NetBanking,success
125,5242,6468,10-09-2025,405,NetBanking,success
128,6024,6434,12-01-2025,4014,NetBanking,success
135,10285,5270,05-02-2025,1990,NetBanking,success
137,6461,3225,30-03-2025,420,NetBanking,success
139,1592,1255,02-09-2025,402,NetBanking,success
146,4055,618,27-04-2025,1996,NetBanking,success
148,7599,1766,22-08-2025,205,NetBanking,success
152,405,3177,08-06-2025,1992,NetBanking,success
155,791,2240,16-05-2025,199,NetBanking,success
160,6736,4033,25-05-2025,6994,NetBanking,success
161,11285,1742,18-01-2025,4014,NetBanking,success
163,9211,3336,19-08-2025,6994,NetBanking,success
164,6198,3865,13-09-2025,202,NetBanking,success
165,11413,4278,04-09-2025,133,NetBanking,success
169,932,4435,21-01-2025,200,NetBanking,success
172,6299,7166,22-01-2025,6998,NetBanking,success
174,11183,1754,22-08-2025,3990,NetBanking,success
177,128,2920,06-08-2025,398,NetBanking,success
181,7734,2740,14-11-2025,394,NetBanking,success
182,6884,1051,16-10-2025,403,NetBanking,success
184,2637,5213,04-01-2026,701,NetBanking,success
186,8602,554,17-10-2025,7004,NetBanking,success
189,8592,2130,15-03-2025,16,NetBanking,success
193,10513,2796,20-11-2025,3995,NetBanking,success
197,2050,2097,05-09-2025,195,NetBanking,success
201,7094,7211,08-12-2025,6986,NetBanking,success
205,863,559,10-04-2025,395,NetBanking,success
207,5139,6608,30-05-2025,5,NetBanking,success
208,1652,2384,21-10-2025,3995,NetBanking,success
212,8742,5014,27-09-2025,382,NetBanking,success
213,451,204,17-07-2025,153,NetBanking,success
218,5774,4158,28-01-2025,188,NetBanking,success
221,1782,1348,02-07-2025,1993,NetBanking,success
222,11579,4260,21-07-2025,391,NetBanking,success
226,10703,3863,26-04-2025,402,NetBanking,success
231,4821,6032,07-01-2026,402,NetBanking,success
233,3345,3706,11-01-2026,3992,NetBanking,success
236,7538,2501,11-10-2025,202,NetBanking,success
241,3361,3591,09-05-2025,4011,NetBanking,success
262,4711,5032,11-05-2025,215,NetBanking,success
273,11324,1818,07-03-2025,4015,NetBanking,success
283,754,2773,17-02-2025,399,NetBanking,success
284,5861,1034,13-05-2025,3990,NetBanking,success
297,10149,5043,26-05-2025,6998,NetBanking,success
298,9706,5308,12-01-2026,203,NetBanking,success
309,9727,6111,27-08-2025,211,NetBanking,success
314,9092,7791,14-12-2025,3990,NetBanking,success
317,7229,1296,30-05-2025,2,NetBanking,success
321,8746,4268,25-11-2025,202,NetBanking,success
322,543,7051,06-10-2025,4004,NetBanking,success
330,411,4897,26-03-2025,7000,NetBanking,success
331,5218,4782,31-10-2025,408,NetBanking,success
344,3556,733,01-01-2025,205,NetBanking,success
357,7416,2717,27-07-2025,1991,NetBanking,success
360,10477,7655,13-01-2026,399,NetBanking,success
367,5993,4199,03-01-2025,6995,NetBanking,success
371,7706,2436,05-01-2026,195,NetBanking,success
374,828,2531,29-12-2025,406,NetBanking,success
390,4475,4872,13-03-2025,196,NetBanking,success
392,5814,5186,12-09-2025,396,NetBanking,success
404,11503,4721,26-09-2025,6981,NetBanking,success
409,7945,1735,14-01-2025,402,NetBanking,success
411,10658,1777,02-07-2025,1990,NetBanking,success
413,10332,6587,12-01-2025,144,NetBanking,success
422,10744,2647,17-08-2025,130,NetBanking,success
427,4836,7638,03-11-2025,3988,NetBanking,success
433,7953,6329,20-03-2025,703,NetBanking,success
441,10172,3290,17-12-2025,414,NetBanking,success
447,5934,5311,01-11-2025,2001,NetBanking,success
448,9398,331,25-11-2025,197,NetBanking,success
452,7973,3871,26-01-2025,194,NetBanking,success
454,43,4973,18-03-2025,403,NetBanking,success
455,7084,924,01-03-2025,190,NetBanking,success
456,7138,5116,15-01-2026,2009,NetBanking,success
471,6798,6076,13-03-2025,3993,NetBanking,success
485,3073,1840,03-07-2025,1995,NetBanking,success
487,4818,1747,29-06-2025,404,NetBanking,success
491,6772,5439,22-05-2025,2018,NetBanking,success
494,8971,5894,13-05-2025,383,NetBanking,success
497,5879,3709,06-01-2025,378,NetBanking,success
500,3324,4769,09-01-2026,183,NetBanking,success
501,10092,7511,24-06-2025,197,NetBanking,success
508,8504,7518,17-02-2025,715,NetBanking,success
510,6687,1711,14-07-2025,711,NetBanking,success
511,1220,7568,17-10-2025,18,NetBanking,success
517,5517,5264,25-07-2025,196,NetBanking,success
518,6555,2054,29-07-2025,695,NetBanking,success
524,7409,2887,07-04-2025,192,NetBanking,success
528,11513,1998,16-02-2025,704,NetBanking,success
530,2450,406,23-06-2025,1988,NetBanking,success
532,1663,5668,10-08-2025,6,NetBanking,success
548,9629,2329,15-01-2026,203,NetBanking,success
566,8241,6472,11-01-2025,704,NetBanking,success
567,11889,4913,14-12-2025,390,NetBanking,success
573,4040,7330,12-05-2025,11,NetBanking,success
576,11820,4134,13-07-2025,4004,NetBanking,success
583,11708,6691,31-07-2025,199,NetBanking,success
591,5792,2414,20-11-2025,199,NetBanking,success
605,8416,4422,06-06-2025,3984,NetBanking,success
606,2037,2,15-04-2025,156,NetBanking,success
617,456,2268,10-03-2025,394,NetBanking,success
631,3610,3508,14-02-2025,185,NetBanking,success
635,11645,1275,16-05-2025,416,NetBanking,success
636,9916,6126,06-11-2025,155,NetBanking,success
653,6365,5693,14-08-2025,396,NetBanking,success
655,57,5225,18-02-2025,2006,NetBanking,success
658,574,5811,19-11-2025,4004,NetBanking,success
659,8246,3131,20-04-2025,391,NetBanking,success
665,5217,6329,16-09-2025,706,NetBanking,success
668,4240,5144,21-07-2025,197,NetBanking,success
675,2272,6219,12-06-2025,704,NetBanking,success
682,6934,584,23-01-2025,393,NetBanking,success
683,7157,3364,06-08-2025,408,NetBanking,success
693,5733,5582,04-07-2025,395,NetBanking,success
696,318,4600,11-11-2025,3994,NetBanking,success
706,9927,3802,29-06-2025,695,NetBanking,success
709,4449,5921,06-09-2025,7003,NetBanking,success
714,11132,677,11-12-2025,403,NetBanking,success
716,162,4093,10-07-2025,4005,NetBanking,success
721,11200,3539,03-02-2025,195,NetBanking,success
723,2719,3886,27-10-2025,3,NetBanking,success
725,8971,5894,30-09-2025,383,NetBanking,success
736,9752,7670,02-08-2025,5,NetBanking,success
742,1040,6865,18-03-2025,216,NetBanking,success
748,3143,6436,07-07-2025,205,NetBanking,success
750,2440,1276,07-12-2025,143,NetBanking,success
764,7130,5416,08-08-2025,211,NetBanking,success
765,6695,6995,05-05-2025,408,NetBanking,success
768,10088,5624,27-01-2025,390,NetBanking,success
770,10856,6837,14-05-2025,4012,NetBanking,success
777,10705,2492,06-05-2025,196,NetBanking,success
783,5735,5560,02-02-2025,697,NetBanking,success
793,4123,8000,19-01-2025,700,NetBanking,success
801,10069,6457,17-02-2025,202,NetBanking,success
805,6666,3546,05-01-2025,2003,NetBanking,success
807,8372,2173,02-08-2025,418,NetBanking,success
808,783,2719,05-05-2025,696,NetBanking,success
810,11063,6675,02-09-2025,9,NetBanking,success
814,11567,140,25-05-2025,409,NetBanking,success
816,10401,640,17-01-2026,180,NetBanking,success
820,7396,3786,21-01-2025,169,NetBanking,success
821,9973,840,24-08-2025,715,NetBanking,success
827,7805,3928,08-12-2025,224,NetBanking,success
833,11777,5984,09-01-2026,13,NetBanking,success
844,8921,477,12-03-2025,684,NetBanking,success
851,11405,2289,21-02-2025,695,NetBanking,success
854,10628,2641,26-10-2025,3993,NetBanking,success
876,8860,3660,17-12-2025,4014,NetBanking,success
884,4040,7330,11-03-2025,11,NetBanking,success
887,7591,4581,02-01-2026,194,NetBanking,success
888,266,7887,30-10-2025,1,NetBanking,success
897,6232,3507,01-03-2025,712,NetBanking,success
898,6316,1072,28-01-2025,2003,NetBanking,success
906,3785,131,07-06-2025,2017,NetBanking,success
925,6578,5384,22-02-2025,10,NetBanking,success
928,4175,243,08-03-2025,143,NetBanking,success
930,2647,1955,25-06-2025,214,NetBanking,success
939,11680,4952,28-05-2025,401,NetBanking,success
946,3250,7302,02-04-2025,699,NetBanking,success
949,6969,3662,19-03-2025,2012,NetBanking,success
956,10413,6785,06-03-2025,209,NetBanking,success
960,619,4219,22-10-2025,196,NetBanking,success
973,2514,1567,17-10-2025,148,NetBanking,success
993,5167,4302,17-08-2025,416,NetBanking,success
1001,9639,1136,17-10-2025,197,NetBanking,success
1003,9900,1971,11-01-2026,3,NetBanking,success
1008,11151,1324,20-01-2025,200,NetBanking,success
1011,757,5196,05-07-2025,4004,NetBanking,success
1014,9554,4883,07-12-2025,1997,NetBanking,success
1019,4715,3940,26-04-2025,412,NetBanking,success
1044,944,5093,27-09-2025,208,NetBanking,success
1048,552,7953,23-10-2025,11,NetBanking,success
1053,577,5640,10-03-2025,13,NetBanking,success
1055,11675,716,21-11-2025,1988,NetBanking,success
1057,7119,2089,09-11-2025,715,NetBanking,success
1064,4951,1361,29-01-2025,4004,NetBanking,success
1066,1690,3257,15-10-2025,193,NetBanking,success
1082,5021,4474,31-05-2025,209,NetBanking,success
1084,236,1241,27-04-2025,212,NetBanking,success
1089,1941,2825,10-08-2025,685,NetBanking,success
1092,1625,3807,15-10-2025,4000,NetBanking,success
1096,4875,7619,01-12-2025,199,NetBanking,success
1098,7826,3080,15-01-2026,5,NetBanking,success
1100,6237,1498,30-11-2025,6983,NetBanking,success
1101,2850,7182,19-12-2025,711,NetBanking,success
1105,7983,2318,05-02-2025,414,NetBanking,success
1112,10334,7776,24-07-2025,4002,NetBanking,success
1113,5105,5268,13-03-2025,6995,NetBanking,success
1116,8988,24,19-11-2025,387,NetBanking,success
1118,8978,3613,18-03-2025,157,NetBanking,success
1120,5879,3709,30-03-2025,408,NetBanking,success
1122,7385,1587,27-03-2025,188,NetBanking,success
1130,6977,1643,22-06-2025,21,NetBanking,success
1137,10401,640,12-06-2025,202,NetBanking,success
1141,5805,6102,25-09-2025,400,NetBanking,success
1142,9908,6687,30-03-2025,3,NetBanking,success
1145,9640,6035,09-11-2025,160,NetBanking,success
1151,9789,2960,04-12-2025,703,NetBanking,success
1155,5464,909,09-09-2025,385,NetBanking,success
1158,9401,3588,26-07-2025,202,NetBanking,success
1161,1793,915,01-05-2025,197,NetBanking,success
1169,6045,4380,08-07-2025,412,NetBanking,success
1177,11054,3053,29-07-2025,380,NetBanking,success
1178,4146,1597,03-01-2025,696,NetBanking,success
1183,8950,6786,25-03-2025,222,NetBanking,success
1187,4261,874,19-02-2025,3994,NetBanking,success
1193,2658,142,31-03-2025,4,NetBanking,success
1198,11262,3236,18-01-2025,209,NetBanking,success
1205,7401,783,14-01-2025,401,NetBanking,success
1214,4698,6913,09-05-2025,404,NetBanking,success
1224,218,5958,06-08-2025,390,NetBanking,success
1225,1917,3247,09-01-2025,406,NetBanking,success
1232,10435,761,28-03-2025,14,NetBanking,success
1239,6251,1747,12-04-2025,711,NetBanking,success
1260,5103,7034,13-10-2025,4010,NetBanking,success
1276,5631,6869,01-05-2025,5,NetBanking,success
1279,11197,4960,04-04-2025,201,NetBanking,success
1280,6973,2489,25-09-2025,399,NetBanking,success
1284,11362,7528,25-04-2025,1994,NetBanking,success
1291,3269,6905,10-07-2025,4003,NetBanking,success
1292,418,806,03-03-2025,3,NetBanking,success
1294,9476,5351,31-03-2025,401,NetBanking,success
1303,2050,2097,18-03-2025,215,NetBanking,success
1306,8439,2944,23-04-2025,707,NetBanking,success
1309,5632,449,16-12-2025,2003,NetBanking,success
1313,6085,3721,17-09-2025,6,NetBanking,success
1317,11391,7064,12-11-2025,3991,NetBanking,success
1318,1914,7951,05-09-2025,4011,NetBanking,success
1319,10597,2362,22-02-2025,216,NetBanking,success
1321,5145,2026,05-08-2025,4004,NetBanking,success
1324,7735,33,22-09-2025,3993,NetBanking,success
1331,8744,6016,19-02-2025,708,NetBanking,success
1345,10836,2968,10-01-2026,160,NetBanking,success
1348,2054,752,08-07-2025,695,NetBanking,success
1380,6169,4824,31-08-2025,2000,NetBanking,success
1382,6883,2545,08-05-2025,696,NetBanking,success
1386,7869,7627,25-02-2025,7009,NetBanking,success
1390,2673,4556,15-11-2025,2,NetBanking,success
1394,1748,1999,15-09-2025,686,NetBanking,success
1425,779,4793,20-11-2025,4,NetBanking,success
1426,598,5671,04-02-2025,194,NetBanking,success
1427,10584,6880,08-07-2025,694,NetBanking,success
1431,10722,7848,16-03-2025,684,NetBanking,success
1435,10741,1127,03-11-2025,714,NetBanking,success
1439,8802,7669,03-03-2025,381,NetBanking,success
1449,7250,1583,12-05-2025,176,NetBanking,success
1451,10400,5882,10-12-2025,218,NetBanking,success
1467,595,7228,10-04-2025,4013,NetBanking,success
1469,10587,5905,22-03-2025,196,NetBanking,success
1489,733,4235,09-09-2025,213,NetBanking,success
1492,379,5308,10-04-2025,207,NetBanking,success
1494,3556,733,17-01-2025,207,NetBanking,success
1497,8671,4727,04-02-2025,184,NetBanking,success
1499,9648,6432,14-01-2025,7000,NetBanking,success
1521,9889,3297,29-07-2025,4009,NetBanking,success
1522,9885,2354,07-01-2025,371,NetBanking,success
1524,4120,2975,14-11-2025,196,NetBanking,success
1531,8969,1897,21-12-2025,697,NetBanking,success
1538,9873,4996,23-04-2025,10,NetBanking,success
1544,5938,178,24-08-2025,2003,NetBanking,success
1548,6594,7531,19-11-2025,6998,NetBanking,success
1549,9126,4699,25-05-2025,6999,NetBanking,success
1550,6127,2048,22-04-2025,713,NetBanking,success
1551,550,1971,12-12-2025,403,NetBanking,success
1553,6306,3320,04-03-2025,397,NetBanking,success
1554,9032,2203,06-12-2025,414,NetBanking,success
1556,7561,237,12-02-2025,8,NetBanking,success
1558,9225,2014,24-06-2025,697,NetBanking,success
1560,1031,5598,06-10-2025,200,NetBanking,success
1563,1625,3807,31-01-2025,3999,NetBanking,success
1579,4089,5107,13-01-2026,401,NetBanking,success
1591,3390,4425,19-03-2025,225,NetBanking,success
1602,11485,6946,15-12-2025,6995,NetBanking,success
1608,120,3899,12-01-2025,407,NetBanking,success
1611,7938,1266,26-01-2025,703,NetBanking,success
1615,8438,6694,05-04-2025,191,NetBanking,success
1617,5073,1296,10-09-2025,3999,NetBanking,success
1619,11765,4653,05-08-2025,144,NetBanking,success
1625,7056,6206,08-03-2025,7002,NetBanking,success
1634,9004,6121,30-05-2025,6997,NetBanking,success
1635,2316,5600,26-12-2025,1,NetBanking,success
1637,1107,3187,08-01-2025,12,NetBanking,success
1641,3997,2977,16-04-2025,203,NetBanking,success
1643,7301,3365,10-07-2025,394,NetBanking,success
1645,2299,2950,01-06-2025,400,NetBanking,success
1652,5204,6882,09-04-2025,7,NetBanking,success
1658,9598,3585,19-07-2025,411,NetBanking,success
1660,979,1805,13-10-2025,694,NetBanking,success
1666,8947,6939,05-05-2025,203,NetBanking,success
1671,3220,2515,30-08-2025,7017,NetBanking,success
1672,7329,6289,04-07-2025,704,NetBanking,success
1675,748,7552,22-02-2025,1987,NetBanking,success
1676,9380,3451,12-07-2025,398,NetBanking,success
1677,9137,5292,16-02-2025,2007,NetBanking,success
1681,8878,595,16-06-2025,188,NetBanking,success
1682,9378,6735,14-01-2025,10,NetBanking,success
1687,3922,1571,10-09-2025,700,NetBanking,success
1692,9448,200,04-09-2025,6,NetBanking,success
1695,648,6527,09-01-2025,696,NetBanking,success
1701,1456,4216,17-06-2025,176,NetBanking,success
1707,2795,7162,01-10-2025,196,NetBanking,success
1712,537,3935,13-10-2025,2,NetBanking,success
1714,1858,7147,22-08-2025,23,NetBanking,success
1719,6602,2708,06-04-2025,155,NetBanking,success
1727,9837,6401,04-11-2025,184,NetBanking,success
1730,1004,5819,28-05-2025,2012,NetBanking,success
1731,7939,7752,17-07-2025,692,NetBanking,success
1736,7549,6576,25-09-2025,1997,NetBanking,success
1738,262,1089,25-06-2025,401,NetBanking,success
1740,236,1241,23-07-2025,197,NetBanking,success
1744,4261,874,02-01-2025,3992,NetBanking,success
1750,9089,4153,23-02-2025,195,NetBanking,success
1759,8356,7684,02-11-2025,157,NetBanking,success
1760,3234,6974,15-12-2025,8,NetBanking,success
1766,4206,7043,26-09-2025,398,NetBanking,success
1774,2805,459,23-06-2025,1999,NetBanking,success
1776,3030,6539,07-11-2025,5,NetBanking,success
1783,4400,763,29-08-2025,190,NetBanking,success
1784,941,1093,24-08-2025,6990,NetBanking,success
1785,9044,6568,06-01-2026,160,NetBanking,success
1788,11331,4469,25-02-2025,9,NetBanking,success
1790,2078,4623,28-11-2025,403,NetBanking,success
1795,7322,4110,26-11-2025,388,NetBanking,success
1800,4480,5592,13-10-2025,396,NetBanking,success
1803,7101,4095,04-04-2025,388,NetBanking,success
1810,9218,728,08-12-2025,7,NetBanking,success
1811,10975,2329,24-05-2025,383,NetBanking,success
1812,890,5201,13-01-2026,204,NetBanking,success
1813,1660,2128,10-02-2025,5,NetBanking,success
1822,1920,660,01-10-2025,203,NetBanking,success
1824,4104,783,27-04-2025,6997,NetBanking,success
1838,8229,5026,22-11-2025,711,NetBanking,success
1841,11661,1902,16-06-2025,2005,NetBanking,success
1842,4912,2991,20-04-2025,411,NetBanking,success
1850,621,6611,13-01-2026,2006,NetBanking,success
1852,11919,67,04-01-2025,199,NetBanking,success
1870,7178,3829,30-09-2025,204,NetBanking,success
1872,2247,2,09-10-2025,392,NetBanking,success
1878,6008,3593,22-05-2025,2006,NetBanking,success
1880,9647,5543,30-12-2025,686,NetBanking,success
1881,4492,501,23-06-2025,199,NetBanking,success
1894,2898,4503,13-12-2025,1999,NetBanking,success
1899,1211,3488,26-03-2025,202,NetBanking,success
1904,7472,5607,25-01-2025,401,NetBanking,success
1908,10178,6405,10-04-2025,702,NetBanking,success
1910,5726,6527,17-07-2025,191,NetBanking,success
1911,10230,5383,15-06-2025,5,NetBanking,success
1917,6980,4802,25-02-2025,4000,NetBanking,success
1929,8425,6956,07-08-2025,204,NetBanking,success
1930,1303,3348,16-02-2025,701,NetBanking,success
1935,753,4890,27-10-2025,715,NetBanking,success
1937,7149,472,04-07-2025,7,NetBanking,success
1945,3895,2426,07-01-2026,11,NetBanking,success
1947,11182,6334,16-04-2025,708,NetBanking,success
1953,4202,2018,26-11-2025,1996,NetBanking,success
1954,4927,5841,12-03-2025,202,NetBanking,success
1955,6400,5839,23-08-2025,694,NetBanking,success
1960,6254,2761,25-12-2025,689,NetBanking,success
1970,5166,6482,26-06-2025,142,NetBanking,success
1980,6456,5450,06-04-2025,391,NetBanking,success
1983,3661,2640,21-09-2025,4012,NetBanking,success
1985,11043,4418,10-06-2025,394,NetBanking,success
1989,11925,1269,07-05-2025,2,NetBanking,success
1993,10419,7702,22-02-2025,205,NetBanking,success
1994,1038,3898,09-11-2025,391,NetBanking,success
1997,680,177,25-08-2025,212,NetBanking,success
2004,4906,4002,07-05-2025,700,NetBanking,success
2009,11180,7376,28-01-2025,3995,NetBanking,success
2012,874,5329,03-04-2025,408,NetBanking,success
2014,9836,7407,26-04-2025,3990,NetBanking,success
2015,3939,7027,09-08-2025,4006,NetBanking,success
2016,2258,4212,23-05-2025,4,NetBanking,success
2024,1085,5132,23-09-2025,3993,NetBanking,success
2026,11828,2654,20-02-2025,155,NetBanking,success
2029,5645,183,17-01-2026,7005,NetBanking,success
2032,954,5261,08-09-2025,190,NetBanking,success
2046,7079,791,24-08-2025,3994,NetBanking,success
2052,9864,6609,16-07-2025,198,NetBanking,success
2054,6998,1515,13-04-2025,138,NetBanking,success
2057,5046,5503,15-12-2025,11,NetBanking,success
2068,11772,6898,08-10-2025,150,NetBanking,success
2070,6333,574,10-12-2025,178,NetBanking,success
2083,5948,5817,11-08-2025,1,NetBanking,success
2089,5872,6767,23-08-2025,393,NetBanking,success
2095,9500,2194,26-04-2025,3982,NetBanking,success
2105,11052,3864,18-03-2025,1994,NetBanking,success
2108,2634,297,26-07-2025,384,NetBanking,success
2109,4496,4159,10-02-2025,3997,NetBanking,success
2115,1026,4310,16-02-2025,3986,NetBanking,success
2118,1546,1540,01-01-2026,215,NetBanking,success
2122,7659,1909,22-07-2025,402,NetBanking,success
2124,2032,327,06-12-2025,191,NetBanking,success
2128,572,1256,25-02-2025,193,NetBanking,success
2133,11288,269,18-11-2025,1992,NetBanking,success
2134,143,7522,27-10-2025,175,NetBanking,success
2141,7397,964,25-09-2025,138,NetBanking,success
2143,10398,7056,01-08-2025,6,NetBanking,success
2153,4442,858,17-02-2025,398,NetBanking,success
2156,10505,6421,11-05-2025,393,NetBanking,success
2160,6743,1720,20-12-2025,217,NetBanking,success
2162,5177,5565,02-11-2025,134,NetBanking,success
2174,4349,4901,25-01-2025,2001,NetBanking,success
2175,7623,6828,09-01-2026,2003,NetBanking,success
2177,11377,4570,30-06-2025,404,NetBanking,success
2178,716,569,06-06-2025,190,NetBanking,success
2182,10129,2727,13-09-2025,383,NetBanking,success
2199,92,659,03-07-2025,216,NetBanking,success
2202,11327,2898,13-02-2025,9,NetBanking,success
2207,9395,3048,20-05-2025,202,NetBanking,success
2215,11544,7068,06-12-2025,414,NetBanking,success
2218,1048,4735,26-06-2025,692,NetBanking,success
2221,8242,2943,23-11-2025,201,NetBanking,success
2222,4371,4698,16-04-2025,405,NetBanking,success
2223,10875,2473,18-08-2025,1989,NetBanking,success
2260,547,229,11-02-2025,693,NetBanking,success
2262,6064,7564,10-01-2025,2002,NetBanking,success
2271,4275,2684,25-04-2025,8,NetBanking,success
2275,3444,6880,02-11-2025,6991,NetBanking,success
2281,7899,4094,16-01-2025,196,NetBanking,success
2285,3745,7580,08-10-2025,4018,NetBanking,success
2292,3189,6293,09-10-2025,708,NetBanking,success
2294,2199,1659,15-06-2025,203,NetBanking,success
2310,5382,286,25-10-2025,394,NetBanking,success
2319,11380,741,21-02-2025,699,NetBanking,success
2321,8098,5400,25-08-2025,413,NetBanking,success
2322,6647,2225,03-04-2025,702,NetBanking,success
2323,2385,7434,13-01-2026,216,NetBanking,success
2324,3730,5415,07-05-2025,6994,NetBanking,success
2328,5390,3658,16-12-2025,406,NetBanking,success
2333,7602,2834,05-10-2025,190,NetBanking,success
2353,4368,5958,04-08-2025,207,NetBanking,success
2368,10549,1513,09-12-2025,695,NetBanking,success
2378,11972,5194,21-07-2025,202,NetBanking,success
2384,11830,198,06-06-2025,178,NetBanking,success
2385,160,2171,14-05-2025,5,NetBanking,success
2386,9456,2772,14-04-2025,700,NetBanking,success
2387,1635,38,11-03-2025,152,NetBanking,success
2389,9652,3056,26-07-2025,714,NetBanking,success
2396,9984,7151,13-01-2026,701,NetBanking,success
2407,7217,29,03-01-2025,720,NetBanking,success
2410,7687,4586,22-02-2025,4,NetBanking,success
2412,1955,2014,20-05-2025,2,NetBanking,success
2413,11517,7763,23-11-2025,2001,NetBanking,success
2414,2134,7860,15-12-2025,14,NetBanking,success
2418,10073,691,07-06-2025,690,NetBanking,success
2419,6814,6732,07-08-2025,2006,NetBanking,success
2422,1395,1056,22-10-2025,200,NetBanking,success
2423,2016,8000,19-02-2025,700,NetBanking,success
2433,3008,644,04-04-2025,7007,NetBanking,success
2440,2878,7164,11-01-2025,7012,NetBanking,success
2449,10567,2487,03-12-2025,2,NetBanking,success
2455,8472,5653,25-04-2025,200,NetBanking,success
2457,2083,219,28-06-2025,2000,NetBanking,success
2458,2404,7459,30-05-2025,221,NetBanking,success
2460,3168,4311,05-04-2025,405,NetBanking,success
2461,3365,3245,21-08-2025,206,NetBanking,success
2467,10732,2967,06-03-2025,6,NetBanking,success
2471,9009,2276,01-12-2025,415,NetBanking,success
2481,11447,2312,12-01-2026,210,NetBanking,success
2485,5720,4968,19-03-2025,2,NetBanking,success
2487,11406,3528,02-10-2025,192,NetBanking,success
2489,7553,5792,16-11-2025,199,NetBanking,success
2499,725,6970,11-02-2025,192,NetBanking,success
2508,1730,7262,22-10-2025,1,NetBanking,success
2517,3521,25,01-02-2025,406,NetBanking,success
2519,5979,2010,11-12-2025,21,NetBanking,success
2521,9340,4774,18-03-2025,15,NetBanking,success
2522,11936,7045,17-12-2025,6985,NetBanking,success
2524,2916,3934,19-12-2025,1988,NetBanking,success
2530,1670,4003,30-10-2025,207,NetBanking,success
2533,5610,4800,26-08-2025,2006,NetBanking,success
2548,5458,94,17-05-2025,6,NetBanking,success
2550,10234,4612,26-07-2025,401,NetBanking,success
2557,3945,7450,31-12-2025,164,NetBanking,success
2561,10913,5378,26-06-2025,1989,NetBanking,success
2568,6713,3754,17-02-2025,3983,NetBanking,success
2586,3517,3806,29-06-2025,703,NetBanking,success
2588,3949,6275,17-02-2025,201,NetBanking,success
2592,3986,2064,04-07-2025,2,NetBanking,success
2601,844,7486,19-04-2025,147,NetBanking,success
2616,5301,3308,24-04-2025,410,NetBanking,success
2624,52,3624,19-03-2025,693,NetBanking,success
2625,5328,2864,19-12-2025,195,NetBanking,success
2626,11431,3158,22-02-2025,412,NetBanking,success
2629,1366,687,05-07-2025,396,NetBanking,success
2635,4122,4438,25-05-2025,3,NetBanking,success
2640,10304,3220,23-03-2025,18,NetBanking,success
2643,6639,7375,27-12-2025,11,NetBanking,success
2645,9611,4545,10-09-2025,16,NetBanking,success
2656,9447,1389,26-06-2025,207,NetBanking,success
2658,11705,5849,13-07-2025,153,NetBanking,success
2660,5645,183,20-05-2025,6990,NetBanking,success
2661,8756,1317,15-06-2025,7000,NetBanking,success
2671,4015,5288,12-02-2025,398,NetBanking,success
2673,8845,6723,20-08-2025,1,NetBanking,success
2674,8756,1317,05-01-2025,6993,NetBanking,success
2677,10976,5620,19-12-2025,3997,NetBanking,success
2684,5840,7666,26-05-2025,7004,NetBanking,success
2687,6332,1000,30-11-2025,1994,NetBanking,success
2689,4346,7930,16-02-2025,1996,NetBanking,success
2691,7326,3585,26-08-2025,209,NetBanking,success
2701,3003,7236,31-05-2025,192,NetBanking,success
2714,3518,5792,07-02-2025,7,NetBanking,success
2721,1283,6138,17-03-2025,429,NetBanking,success
2743,9648,6432,10-02-2025,6999,NetBanking,success
2746,11233,1130,28-05-2025,3990,NetBanking,success
2747,10818,6971,15-04-2025,396,NetBanking,success
2748,8355,5882,14-09-2025,1990,NetBanking,success
2750,2052,360,01-03-2025,2000,NetBanking,success
2758,2776,4564,06-09-2025,707,NetBanking,success
2770,9695,5929,24-02-2025,215,NetBanking,success
2773,3719,5702,12-10-2025,401,NetBanking,success
2778,8702,7820,08-04-2025,4,NetBanking,success
2782,8403,5107,03-07-2025,5,NetBanking,success
2783,3183,5613,06-02-2025,204,NetBanking,success
2799,5496,6503,11-01-2026,384,NetBanking,success
2801,2287,7756,09-03-2025,1999,NetBanking,success
2802,2683,571,10-08-2025,1995,NetBanking,success
2813,2206,6100,17-02-2025,209,NetBanking,success
2814,8947,6939,07-11-2025,193,NetBanking,success
2816,8990,5094,16-02-2025,385,NetBanking,success
2818,11127,2091,07-12-2025,212,NetBanking,success
2841,1035,1357,29-05-2025,396,NetBanking,success
2842,7374,427,04-05-2025,685,NetBanking,success
2850,9162,4875,04-12-2025,2004,NetBanking,success
2861,4257,7195,23-06-2025,8,NetBanking,success
2865,11810,3361,27-11-2025,2007,NetBanking,success
2878,8053,5821,16-06-2025,4017,NetBanking,success
2884,274,2494,19-08-2025,1991,NetBanking,success
2888,6236,2979,04-10-2025,148,NetBanking,success
2890,5442,7182,01-05-2025,2004,NetBanking,success
2893,88,3154,04-02-2025,4008,NetBanking,success
2900,10484,4077,13-10-2025,1995,NetBanking,success
2901,2556,1949,05-06-2025,701,NetBanking,success
2903,11882,2036,09-04-2025,7001,NetBanking,success
2907,7916,3754,23-04-2025,205,NetBanking,success
2910,10211,4018,05-01-2026,396,NetBanking,success
2913,5486,2146,09-07-2025,692,NetBanking,success
2915,8202,923,11-01-2026,694,NetBanking,success
2923,9723,407,11-05-2025,189,NetBanking,success
2929,3886,347,27-05-2025,1989,NetBanking,success
2935,9043,1988,15-07-2025,155,NetBanking,success
2940,444,2573,10-07-2025,2005,NetBanking,success
2943,5278,6073,09-12-2025,720,NetBanking,success
2945,2880,2190,11-12-2025,4,NetBanking,success
2946,1762,5933,03-01-2025,8,NetBanking,success
2947,3317,2922,25-01-2025,203,NetBanking,success
2952,8871,4319,01-02-2025,402,NetBanking,success
2956,3883,6892,10-03-2025,6,NetBanking,success
2962,6273,6000,07-06-2025,196,NetBanking,success
2964,4449,5921,19-02-2025,6988,NetBanking,success
2966,190,7661,30-04-2025,3,NetBanking,success
2987,10225,2330,15-01-2025,399,NetBanking,success
2988,1610,511,14-12-2025,403,NetBanking,success
2991,3603,4116,27-10-2025,688,NetBanking,success
2992,6923,2588,28-03-2025,4008,NetBanking,success
2994,2685,2643,04-06-2025,4,NetBanking,success
2996,3356,6478,31-05-2025,208,NetBanking,success
3002,7841,3293,15-01-2025,706,NetBanking,success
3003,10700,149,25-05-2025,141,NetBanking,success
3012,6123,3036,03-10-2025,1987,NetBanking,success
3014,10456,2851,23-11-2025,404,NetBanking,success
3015,7317,7933,04-07-2025,704,NetBanking,success
3016,1771,5809,29-05-2025,3,NetBanking,success
3017,8768,6249,12-08-2025,393,NetBanking,success
3020,9265,2010,22-05-2025,141,NetBanking,success
3022,7433,4205,27-11-2025,1977,NetBanking,success
3034,6586,6607,12-08-2025,209,NetBanking,success
3036,4223,3174,24-07-2025,2004,NetBanking,success
3038,8477,5357,20-10-2025,396,NetBanking,success
3041,6760,1613,23-10-2025,383,NetBanking,success
3050,7549,6576,27-01-2025,2010,NetBanking,success
3055,9925,3566,12-07-2025,690,NetBanking,success
3058,3743,1701,18-05-2025,684,NetBanking,success
3062,8937,4274,23-03-2025,403,NetBanking,success
3068,10199,6033,02-05-2025,1988,NetBanking,success
3071,8361,6590,25-02-2025,700,NetBanking,success
3080,4243,7250,02-01-2025,379,NetBanking,success
3082,2522,5460,06-09-2025,3,NetBanking,success
3090,5615,6482,06-08-2025,688,NetBanking,success
3096,6866,5340,15-09-2025,19,NetBanking,success
3117,1862,5217,24-01-2025,6997,NetBanking,success
3123,7985,2954,14-02-2025,402,NetBanking,success
3127,9186,3018,22-12-2025,204,NetBanking,success
3133,3567,1642,09-08-2025,6981,NetBanking,success
3135,4502,4838,12-01-2025,202,NetBanking,success
3140,733,4235,26-08-2025,194,NetBanking,success
3162,940,5005,20-04-2025,407,NetBanking,success
3171,5519,2058,18-01-2025,703,NetBanking,success
3176,3963,2763,17-12-2025,401,NetBanking,success
3179,150,5301,15-12-2025,8,NetBanking,success
3182,10938,6696,31-12-2025,4010,NetBanking,success
3185,2577,4497,26-12-2025,700,NetBanking,success
3199,10012,2188,09-12-2025,3993,NetBanking,success
3200,3276,1584,19-04-2025,209,NetBanking,success
3208,5535,478,25-10-2025,6992,NetBanking,success
3212,9393,671,21-01-2025,2004,NetBanking,success
3215,2929,1690,16-10-2025,700,NetBanking,success
3218,7877,3247,02-06-2025,13,NetBanking,success
3224,1051,2312,04-05-2025,151,NetBanking,success
3228,6459,7173,06-01-2025,4,NetBanking,success
3232,5115,1857,04-02-2025,181,NetBanking,success
3242,7017,3215,05-08-2025,403,NetBanking,success
3248,5537,3331,14-01-2026,393,NetBanking,success
3250,10391,1909,26-12-2025,391,NetBanking,success
3252,4173,1800,24-01-2025,386,NetBanking,success
3258,2658,142,26-04-2025,10,NetBanking,success
3265,11598,6744,24-08-2025,201,NetBanking,success
3272,10346,2014,05-03-2025,9,NetBanking,success
3288,813,3746,20-02-2025,192,NetBanking,success
3298,9382,2532,02-11-2025,209,NetBanking,success
3302,107,1709,24-05-2025,2002,NetBanking,success
3309,6865,3101,09-03-2025,706,NetBanking,success
3313,2651,833,22-09-2025,393,NetBanking,success
3322,2593,4922,14-10-2025,190,NetBanking,success
3323,11183,1754,22-09-2025,4006,NetBanking,success
3324,217,5026,16-07-2025,397,NetBanking,success
3332,8295,3767,14-01-2025,161,NetBanking,success
3335,2654,4711,15-04-2025,209,NetBanking,success
3341,802,701,05-11-2025,688,NetBanking,success
3345,1561,2922,02-01-2026,6999,NetBanking,success
3350,2292,2676,20-01-2025,197,NetBanking,success
3364,3247,5307,16-10-2025,7010,NetBanking,success
3366,5950,6589,10-01-2026,396,NetBanking,success
3367,7617,4562,23-10-2025,188,NetBanking,success
3400,4346,7930,07-12-2025,2002,NetBanking,success
3405,495,3946,10-01-2026,14,NetBanking,success
3413,5238,7531,18-08-2025,2000,NetBanking,success
3415,3139,1196,31-05-2025,10,NetBanking,success
3421,2727,7916,14-07-2025,153,NetBanking,success
3429,4788,844,10-05-2025,398,NetBanking,success
3430,746,7345,18-02-2025,196,NetBanking,success
3439,6195,1209,16-12-2025,404,NetBanking,success
3440,11718,87,05-02-2025,4006,NetBanking,success
3443,8968,5542,13-01-2025,147,NetBanking,success
3448,5345,6997,23-01-2025,702,NetBanking,success
3449,343,6074,24-06-2025,4005,NetBanking,success
3452,8448,4121,05-09-2025,6,NetBanking,success
3457,11077,6594,10-04-2025,204,NetBanking,success
3459,11675,716,04-01-2025,2003,NetBanking,success
3466,5871,7427,05-01-2026,695,NetBanking,success
3467,9438,5653,11-01-2026,7005,NetBanking,success
3468,6257,4637,24-01-2025,396,NetBanking,success
3473,347,716,30-05-2025,7005,NetBanking,success
3475,7281,639,03-11-2025,186,NetBanking,success
3477,3652,6378,25-12-2025,199,NetBanking,success
3478,11921,5287,25-02-2025,6991,NetBanking,success
3484,9190,5047,03-02-2025,3,NetBanking,success
3488,11385,6787,28-01-2025,6,NetBanking,success
3505,48,83,16-06-2025,402,NetBanking,success
3509,3690,1987,13-05-2025,197,NetBanking,success
3525,11135,1351,14-09-2025,401,NetBanking,success
3530,6265,7783,24-01-2025,1996,NetBanking,success
3538,10394,427,01-09-2025,195,NetBanking,success
3544,6228,2963,25-07-2025,2010,NetBanking,success
3550,1358,5278,01-06-2025,158,NetBanking,success
3552,9860,3182,05-09-2025,3995,NetBanking,success
3561,11728,618,30-03-2025,710,NetBanking,success
3568,5422,5717,21-08-2025,694,NetBanking,success
3587,7777,6512,10-03-2025,409,NetBanking,success
3589,7560,4882,11-11-2025,398,NetBanking,success
3593,8491,2213,07-04-2025,398,NetBanking,success
3596,2188,2482,08-03-2025,196,NetBanking,success
3605,7536,706,12-05-2025,202,NetBanking,success
3609,2910,6500,04-03-2025,4000,NetBanking,success
3610,6940,4303,22-10-2025,216,NetBanking,success
3633,11576,4417,31-05-2025,30,NetBanking,success
3635,5609,1150,25-11-2025,391,NetBanking,success
3638,6034,406,23-10-2025,3995,NetBanking,success
3646,4059,5603,03-01-2025,10,NetBanking,success
3647,2525,6698,07-01-2026,699,NetBanking,success
3648,5985,73,21-12-2025,711,NetBanking,success
3649,4293,7483,28-11-2025,7006,NetBanking,success
3651,4145,3423,19-04-2025,404,NetBanking,success
3653,886,6610,28-07-2025,3983,NetBanking,success
3660,1528,3145,31-08-2025,191,NetBanking,success
3664,8654,5396,21-09-2025,214,NetBanking,success
3670,9916,6126,25-06-2025,157,NetBanking,success
3672,11068,4262,24-04-2025,6985,NetBanking,success
3673,6593,4966,07-08-2025,404,NetBanking,success
3675,3314,7477,21-12-2025,4,NetBanking,success
3677,9784,1721,07-05-2025,1998,NetBanking,success
3684,5277,2458,04-07-2025,3981,NetBanking,success
3686,11186,1959,11-09-2025,205,NetBanking,success
3692,5783,5830,01-10-2025,189,NetBanking,success
3693,11643,1019,09-10-2025,208,NetBanking,success
3694,4085,3501,21-05-2025,8,NetBanking,success
3701,506,3335,25-12-2025,403,NetBanking,success
3722,3810,6794,02-06-2025,4000,NetBanking,success
3725,9887,5515,26-08-2025,4001,NetBanking,success
3730,713,4763,09-01-2025,1987,NetBanking,success
3733,2575,6293,13-01-2025,6,NetBanking,success
3734,4856,5446,27-11-2025,395,NetBanking,success
3744,1334,422,18-08-2025,4002,NetBanking,success
3745,6831,5548,23-04-2025,4002,NetBanking,success
3751,11085,4432,26-06-2025,3994,NetBanking,success
3764,2352,466,26-10-2025,2,NetBanking,success
3766,11727,2712,25-06-2025,1984,NetBanking,success
3768,4215,4626,05-10-2025,690,NetBanking,success
3781,5461,7574,31-03-2025,688,NetBanking,success
3786,11880,5548,29-09-2025,701,NetBanking,success
3787,6539,5006,23-10-2025,2,NetBanking,success
3797,4364,7823,18-02-2025,5,NetBanking,success
3801,1454,6076,08-05-2025,206,NetBanking,success
3809,11935,6260,31-01-2025,8,NetBanking,success
3810,10240,7602,15-07-2025,2,NetBanking,success
3815,9495,6708,16-04-2025,699,NetBanking,success
3826,11425,2610,26-09-2025,411,NetBanking,success
3831,2255,2933,19-11-2025,7014,NetBanking,success
3843,5186,7805,11-04-2025,19,NetBanking,success
3851,5439,4295,11-01-2025,4,NetBanking,success
3857,2710,6252,27-01-2025,405,NetBanking,success
3866,6733,198,06-09-2025,176,NetBanking,success
3868,370,6197,12-02-2025,198,NetBanking,success
3876,11376,2200,02-01-2026,189,NetBanking,success
3886,9078,5895,05-04-2025,6,NetBanking,success
3894,4252,156,05-01-2025,7,NetBanking,success
3895,8132,23,05-04-2025,206,NetBanking,success
3899,7743,6465,24-09-2025,4012,NetBanking,success
3900,7076,7153,01-04-2025,1994,NetBanking,success
3902,726,3660,15-10-2025,152,NetBanking,success
3908,4324,2715,08-11-2025,148,NetBanking,success
3921,8897,1362,02-07-2025,4,NetBanking,success
3924,6226,5647,09-09-2025,155,NetBanking,success
3926,8476,5934,06-04-2025,20,NetBanking,success
3932,11244,2138,10-07-2025,2016,NetBanking,success
3934,10557,4835,25-07-2025,1,NetBanking,success
3937,741,4704,03-09-2025,149,NetBanking,success
3948,9844,4552,12-03-2025,411,NetBanking,success
3954,11315,2496,31-10-2025,400,NetBanking,success
3963,7920,4133,06-09-2025,705,NetBanking,success
3972,777,6756,17-06-2025,201,NetBanking,success
3973,1100,1161,19-10-2025,21,NetBanking,success
3977,6572,5886,05-09-2025,208,NetBanking,success
3985,3426,3836,16-01-2025,2009,NetBanking,success
3992,3851,6859,13-11-2025,154,NetBanking,success
3995,10060,7665,12-06-2025,4018,NetBanking,success
3996,1695,4876,19-08-2025,203,NetBanking,success
4003,2062,5604,13-07-2025,187,NetBanking,success
4006,8107,3861,29-08-2025,12,NetBanking,success
4011,209,3052,14-05-2025,1998,NetBanking,success
4017,10403,1204,24-04-2025,401,NetBanking,success
4021,11186,1959,11-01-2025,202,NetBanking,success
4029,8211,6136,20-05-2025,2002,NetBanking,success
4036,2477,3351,13-10-2025,11,NetBanking,success
4037,8235,6205,22-02-2025,385,NetBanking,success
4043,209,3052,12-12-2025,1990,NetBanking,success
4044,3548,2538,13-01-2025,7004,NetBanking,success
4047,1034,1983,02-01-2026,8,NetBanking,success
4061,11008,1837,08-09-2025,197,NetBanking,success
4065,8338,3505,01-08-2025,5,NetBanking,success
4072,4289,3543,28-08-2025,411,NetBanking,success
4075,4607,615,30-01-2025,4007,NetBanking,success
4078,4480,5592,21-03-2025,391,NetBanking,success
4087,5061,4556,19-03-2025,6,NetBanking,success
4090,7363,6503,07-07-2025,177,NetBanking,success
4092,6832,5970,09-04-2025,206,NetBanking,success
4095,9300,4893,18-06-2025,408,NetBanking,success
4101,6185,3968,12-03-2025,158,NetBanking,success
4104,9226,3997,23-02-2025,2006,NetBanking,success
4106,11830,198,30-07-2025,202,NetBanking,success
4109,858,7212,11-08-2025,1975,NetBanking,success
4110,9159,2469,07-01-2026,1994,NetBanking,success
4111,11286,5019,22-01-2025,394,NetBanking,success
4112,8680,1746,27-08-2025,5,NetBanking,success
4126,8987,427,24-04-2025,8,NetBanking,success
4129,4975,5471,30-01-2025,3990,NetBanking,success
4134,4462,7398,31-03-2025,718,NetBanking,success
4150,175,2268,13-03-2025,3997,NetBanking,success
4153,4900,430,18-08-2025,1997,NetBanking,success
4158,2186,7924,17-09-2025,739,NetBanking,success
4171,601,2694,23-07-2025,209,NetBanking,success
4186,678,7943,20-08-2025,706,NetBanking,success
4192,7467,2734,02-04-2025,173,NetBanking,success
4195,7459,3458,18-11-2025,1990,NetBanking,success
4201,5161,5530,23-12-2025,713,NetBanking,success
4202,10232,2101,17-04-2025,4007,NetBanking,success
4205,9420,344,15-07-2025,156,NetBanking,success
4209,9486,2447,26-02-2025,185,NetBanking,success
4211,1136,6732,27-05-2025,393,NetBanking,success
4214,6915,4169,17-02-2025,2003,NetBanking,success
4217,2757,4868,25-10-2025,4000,NetBanking,success
4224,11054,3053,13-01-2026,387,NetBanking,success
4227,10060,7665,27-10-2025,4008,NetBanking,success
4240,3712,6061,11-08-2025,388,NetBanking,success
4242,11041,317,30-08-2025,2002,NetBanking,success
4245,8301,1656,04-10-2025,210,NetBanking,success
4261,10140,4277,27-06-2025,16,NetBanking,success
4267,4673,4583,15-02-2025,4017,NetBanking,success
4271,3547,7021,23-07-2025,17,NetBanking,success
4275,11053,7542,29-06-2025,1995,NetBanking,success
4277,3523,5399,11-01-2026,1992,NetBanking,success
4279,2729,4584,27-12-2025,394,NetBanking,success
4287,10061,6433,06-03-2025,199,NetBanking,success
4297,3920,4102,02-12-2025,13,NetBanking,success
4299,6286,7789,27-04-2025,699,NetBanking,success
4300,2244,2361,09-12-2025,2013,NetBanking,success
4310,10695,7301,05-09-2025,1980,NetBanking,success
4313,3099,7056,14-01-2026,3984,NetBanking,success
4316,2456,7138,25-04-2025,714,NetBanking,success
4317,2974,2600,27-03-2025,6989,NetBanking,success
4318,4975,5471,14-05-2025,3992,NetBanking,success
4320,11424,2890,02-11-2025,697,NetBanking,success
4340,7383,5037,24-08-2025,712,NetBanking,success
4343,10136,977,29-09-2025,4013,NetBanking,success
4346,8129,3622,07-03-2025,7014,NetBanking,success
4347,7573,4310,20-12-2025,715,NetBanking,success
4353,1873,4876,07-07-2025,2000,NetBanking,success
4357,3171,7480,12-07-2025,143,NetBanking,success
4363,3066,1190,14-02-2025,4007,NetBanking,success
4369,10154,5766,02-11-2025,415,NetBanking,success
4374,10498,5419,13-09-2025,706,NetBanking,success
4377,5074,1941,22-08-2025,6994,NetBanking,success
4387,6805,7023,12-05-2025,190,NetBanking,success
4399,4974,1008,05-10-2025,683,NetBanking,success
4403,2732,7668,13-03-2025,400,NetBanking,success
4404,10959,6455,24-07-2025,1980,NetBanking,success
4405,8088,4873,29-04-2025,392,NetBanking,success
4409,7582,210,16-09-2025,394,NetBanking,success
4423,2621,6098,03-08-2025,4005,NetBanking,success
4432,8814,6615,05-02-2025,8,NetBanking,success
4439,5531,2791,02-01-2026,190,NetBanking,success
4440,8823,7739,29-10-2025,8,NetBanking,success
4451,3094,6139,05-12-2025,2002,NetBanking,success
4461,7602,2834,14-11-2025,190,NetBanking,success
4462,7631,2850,19-09-2025,392,NetBanking,success
4464,2200,4334,09-11-2025,7007,NetBanking,success
4467,4499,5473,19-04-2025,199,NetBanking,success
4468,5628,3425,18-04-2025,396,NetBanking,success
4473,7038,5418,02-11-2025,399,NetBanking,success
4482,6179,7425,19-06-2025,6999,NetBanking,success
4486,2219,1025,28-01-2025,199,NetBanking,success
4489,5876,2611,24-10-2025,205,NetBanking,success
4494,8992,1305,06-05-2025,4006,NetBanking,success
4504,11352,6484,08-06-2025,3988,NetBanking,success
4511,9986,1159,20-09-2025,687,NetBanking,success
4512,1068,848,18-01-2026,398,NetBanking,success
4536,2809,3702,16-04-2025,1997,NetBanking,success
4539,10111,5532,05-11-2025,18,NetBanking,success
4540,5410,1305,18-03-2025,1,NetBanking,success
4546,2272,6219,13-02-2025,700,NetBanking,success
4548,10848,5531,01-04-2025,217,NetBanking,success
4549,3361,3591,01-08-2025,4016,NetBanking,success
4552,7428,1741,03-06-2025,4020,NetBanking,success
4559,9585,1614,24-08-2025,1,NetBanking,success
4560,2811,3743,09-01-2026,140,NetBanking,success
4564,8835,6821,13-08-2025,396,NetBanking,success
4568,10232,2101,01-04-2025,3979,NetBanking,success
4575,6396,4142,25-05-2025,691,NetBanking,success
4581,7924,2407,01-09-2025,9,NetBanking,success
4589,10101,7865,28-08-2025,1,NetBanking,success
4595,7515,6775,25-08-2025,206,NetBanking,success
4598,6791,2071,03-03-2025,146,NetBanking,success
4600,9493,7821,02-04-2025,1996,NetBanking,success
4601,8324,7322,24-04-2025,201,NetBanking,success
4606,2189,5536,08-02-2025,1,NetBanking,success
4614,3453,1385,09-06-2025,210,NetBanking,success
4618,1936,4766,07-09-2025,3,NetBanking,success
4621,937,7746,03-05-2025,4008,NetBanking,success
4622,9419,5767,05-08-2025,7001,NetBanking,success
4627,10852,1488,06-06-2025,6,NetBanking,success
4643,8223,6771,30-03-2025,386,NetBanking,success
4644,5434,4477,04-10-2025,402,NetBanking,success
4659,7777,6512,14-10-2025,397,NetBanking,success
4662,3648,6464,09-02-2025,192,NetBanking,success
4665,2055,640,22-01-2025,391,NetBanking,success
4668,11440,3646,23-10-2025,2004,NetBanking,success
4675,2686,5222,08-11-2025,160,NetBanking,success
4676,8899,4099,17-11-2025,8,NetBanking,success
4677,7621,3017,16-01-2026,202,NetBanking,success
4681,3535,1113,03-10-2025,1995,NetBanking,success
4684,6028,139,30-12-2025,418,NetBanking,success
4685,913,4630,30-03-2025,402,NetBanking,success
4686,3651,4781,16-02-2025,145,NetBanking,success
4691,7236,3154,05-06-2025,204,NetBanking,success
4693,7815,4480,01-05-2025,713,NetBanking,success
4694,2686,5222,06-10-2025,159,NetBanking,success
4705,9710,886,12-07-2025,216,NetBanking,success
4707,8932,86,19-05-2025,2010,NetBanking,success
4708,2825,1001,04-04-2025,7028,NetBanking,success
4709,52,3624,18-09-2025,704,NetBanking,success
4712,3397,6750,27-02-2025,2,NetBanking,success
4718,9179,5987,07-07-2025,213,NetBanking,success
4719,10519,1262,28-06-2025,136,NetBanking,success
4725,7280,2618,11-12-2025,7007,NetBanking,success
4731,9029,4735,05-07-2025,142,NetBanking,success
4736,3170,144,23-06-2025,710,NetBanking,success
4737,8541,682,16-07-2025,403,NetBanking,success
4738,4330,3493,05-01-2026,14,NetBanking,success
4752,7221,3385,23-12-2025,9,NetBanking,success
4753,5011,6081,03-01-2025,400,NetBanking,success
4766,10603,157,04-08-2025,1993,NetBanking,success
4772,5131,5472,27-12-2025,7005,NetBanking,success
4777,7153,4083,04-09-2025,1985,NetBanking,success
4780,9351,1127,08-01-2025,10,NetBanking,success
4793,7529,4439,18-11-2025,17,NetBanking,success
4800,11853,337,01-11-2025,4015,NetBanking,success
4803,1076,5937,03-12-2025,203,NetBanking,success
4806,5125,217,13-02-2025,4000,NetBanking,success
4808,5970,969,23-05-2025,2007,NetBanking,success
4820,4894,2727,09-06-2025,2002,NetBanking,success
4821,2025,4410,07-11-2025,1,NetBanking,success
4827,1562,2812,23-12-2025,1986,NetBanking,success
4829,7777,6512,15-07-2025,399,NetBanking,success
4839,4220,237,01-01-2026,715,NetBanking,success
4848,2656,6565,29-12-2025,156,NetBanking,success
4851,9984,7151,19-01-2025,689,NetBanking,success
4853,3553,4679,30-10-2025,144,NetBanking,success
4854,2270,7830,08-06-2025,18,NetBanking,success
4856,9212,4327,06-10-2025,195,NetBanking,success
4857,8895,6125,23-10-2025,2002,NetBanking,success
4858,10258,1245,06-06-2025,388,NetBanking,success
4860,9474,7504,01-11-2025,157,NetBanking,success
4865,1070,3808,16-04-2025,388,NetBanking,success
4866,7078,2562,19-06-2025,4005,NetBanking,success
4870,9701,5287,11-02-2025,136,NetBanking,success
4875,6596,5962,13-11-2025,6,NetBanking,success
4876,1304,1350,08-10-2025,192,NetBanking,success
4877,6093,1741,22-04-2025,696,NetBanking,success
4878,375,2660,29-10-2025,4,NetBanking,success
4902,6547,6481,30-12-2025,383,NetBanking,success
4903,9167,6132,03-08-2025,177,NetBanking,success
4907,5783,5830,27-02-2025,194,NetBanking,success
4923,6409,4112,24-10-2025,8,NetBanking,success
4926,5933,3874,01-01-2026,6988,NetBanking,success
4934,6743,1720,22-06-2025,199,NetBanking,success
4939,4393,2587,29-05-2025,191,NetBanking,success
4952,11053,7542,08-01-2026,2006,NetBanking,success
4954,9404,174,18-02-2025,713,NetBanking,success
4969,9765,315,19-11-2025,12,NetBanking,success
4970,8000,7128,16-01-2026,398,NetBanking,success
4976,6213,1380,06-01-2026,415,NetBanking,success
4977,9062,1862,02-09-2025,7,NetBanking,success
4978,8128,6079,06-12-2025,199,NetBanking,success
4979,6881,917,26-04-2025,194,NetBanking,success
4988,3821,4359,15-11-2025,155,NetBanking,success
5001,3980,1086,27-04-2025,406,NetBanking,success
5008,6059,1370,23-05-2025,393,NetBanking,success
5010,3759,5943,24-10-2025,17,NetBanking,success
5012,7645,11,27-08-2025,152,NetBanking,success
5018,2037,2,15-06-2025,134,NetBanking,success
5020,3333,6895,07-10-2025,160,NetBanking,success
5025,5029,5845,16-04-2025,1983,NetBanking,success
5029,5540,5167,07-10-2025,3996,NetBanking,success
5032,4623,2413,06-06-2025,6991,NetBanking,success
5042,1236,3027,30-09-2025,416,NetBanking,success
5043,550,1971,21-10-2025,408,NetBanking,success
5049,7372,4143,03-11-2025,709,NetBanking,success
5050,7659,1909,17-05-2025,409,NetBanking,success
5054,7286,5152,22-02-2025,10,NetBanking,success
5055,3657,2546,23-10-2025,409,NetBanking,success
5058,4777,6504,25-06-2025,2,NetBanking,success
5066,4303,1108,30-11-2025,129,NetBanking,success
5074,4439,6296,06-11-2025,206,NetBanking,success
5095,9490,7425,12-06-2025,406,NetBanking,success
5104,1538,5741,27-02-2025,411,NetBanking,success
5106,1184,3144,06-02-2025,701,NetBanking,success
5107,7386,7510,18-01-2026,702,NetBanking,success
5109,1336,5040,23-06-2025,7008,NetBanking,success
5114,11211,1745,13-05-2025,178,NetBanking,success
5119,11055,4961,07-10-2025,402,NetBanking,success
5130,11571,2379,25-10-2025,389,NetBanking,success
5142,10111,5532,01-10-2025,6,NetBanking,success
5154,9075,569,28-10-2025,406,NetBanking,success
5156,5645,183,18-01-2026,6990,NetBanking,success
5177,5308,552,29-07-2025,3998,NetBanking,success
5178,6212,6121,12-07-2025,3995,NetBanking,success
5183,1368,1611,19-11-2025,189,NetBanking,success
5197,8246,3131,01-01-2026,380,NetBanking,success
5202,1530,2629,23-04-2025,12,NetBanking,success
5208,4751,3719,05-04-2025,4009,NetBanking,success
5213,3736,6101,22-05-2025,201,NetBanking,success
5216,6171,2154,30-08-2025,5,NetBanking,success
5220,3767,181,13-06-2025,135,NetBanking,success
5224,8126,6255,06-06-2025,21,NetBanking,success
5227,2782,4797,02-02-2025,7,NetBanking,success
5229,9778,4623,02-07-2025,709,NetBanking,success
5241,3715,5165,11-11-2025,1985,NetBanking,success
5242,7314,7013,29-10-2025,389,NetBanking,success
5253,8504,7518,03-07-2025,700,NetBanking,success
5254,3127,2692,28-02-2025,414,NetBanking,success
5258,3411,4278,04-09-2025,6985,NetBanking,success
5262,10176,6055,03-08-2025,6997,NetBanking,success
5263,7407,5821,26-10-2025,675,NetBanking,success
5264,4151,2384,08-08-2025,1979,NetBanking,success
5270,3032,85,16-06-2025,7,NetBanking,success
5284,9712,6426,31-10-2025,8,NetBanking,success
5290,9155,4952,28-08-2025,402,NetBanking,success
5292,4047,2928,10-02-2025,6994,NetBanking,success
5295,9028,3388,08-06-2025,196,NetBanking,success
5306,3061,4240,16-04-2025,138,NetBanking,success
5310,10186,5906,02-02-2025,3988,NetBanking,success
5320,9095,6291,28-08-2025,397,NetBanking,success
5329,4407,4681,27-08-2025,226,NetBanking,success
5347,1074,7685,04-01-2025,705,NetBanking,success
5353,1391,5278,16-06-2025,692,NetBanking,success
5367,8409,5749,28-02-2025,6,NetBanking,success
5374,2242,7866,18-09-2025,4,NetBanking,success
5385,6562,3748,02-06-2025,2009,NetBanking,success
5387,7788,112,04-01-2026,387,NetBanking,success
5391,7507,3254,10-11-2025,686,NetBanking,success
5398,6285,2970,25-03-2025,706,NetBanking,success
5401,3634,7522,25-01-2025,688,NetBanking,success
5402,1776,1916,29-03-2025,1995,NetBanking,success
5404,4214,7255,22-02-2025,694,NetBanking,success
5415,2425,3233,11-02-2025,420,NetBanking,success
5432,1467,5008,24-08-2025,710,NetBanking,success
5435,8050,6654,31-10-2025,12,NetBanking,success
5458,4917,5951,06-10-2025,399,NetBanking,success
5460,5254,4700,16-07-2025,6984,NetBanking,success
5461,6075,2065,20-09-2025,369,NetBanking,success
5462,10451,7684,25-04-2025,6,NetBanking,success
5468,11425,2610,12-01-2026,396,NetBanking,success
5471,1273,3836,16-03-2025,398,NetBanking,success
5481,1098,1711,22-11-2025,4000,NetBanking,success
5482,1998,3481,26-05-2025,6989,NetBanking,success
5490,1906,4646,19-11-2025,410,NetBanking,success
5497,3588,6861,23-12-2025,136,NetBanking,success
5507,10669,7090,14-01-2026,396,NetBanking,success
5511,7799,6832,28-03-2025,17,NetBanking,success
5515,1920,660,05-04-2025,193,NetBanking,success
5525,3522,6321,11-04-2025,413,NetBanking,success
5526,3156,6216,28-04-2025,413,NetBanking,success
5532,9837,6401,09-01-2026,204,NetBanking,success
5536,9021,3229,25-04-2025,204,NetBanking,success
5537,11930,6763,24-07-2025,212,NetBanking,success
5539,1617,4836,08-05-2025,154,NetBanking,success
5540,1196,6806,03-05-2025,2016,NetBanking,success
5549,6799,2534,02-12-2025,187,NetBanking,success
5554,4106,7197,27-01-2025,4000,NetBanking,success
5558,598,5671,23-12-2025,199,NetBanking,success
5560,936,1068,10-02-2025,205,NetBanking,success
5561,9021,3229,18-10-2025,195,NetBanking,success
5563,5869,6444,14-10-2025,6,NetBanking,success
5569,1456,4216,27-02-2025,200,NetBanking,success
5576,5696,7281,07-01-2025,2009,NetBanking,success
5581,4355,133,20-09-2025,708,NetBanking,success
5588,5028,3375,15-08-2025,197,NetBanking,success
5594,7719,1890,19-06-2025,402,NetBanking,success
5595,11217,3342,26-08-2025,4009,NetBanking,success
5602,9783,3143,10-02-2025,22,NetBanking,success
5609,6397,5729,10-09-2025,6,NetBanking,success
5613,4577,3248,18-06-2025,420,NetBanking,success
5627,6783,1831,04-06-2025,192,NetBanking,success
5629,9943,3254,12-05-2025,3991,NetBanking,success
5630,8321,5953,09-02-2025,2,NetBanking,success
5631,9739,2744,30-05-2025,3998,NetBanking,success
5635,11670,985,24-06-2025,392,NetBanking,success
5644,708,1185,15-03-2025,404,NetBanking,success
5663,1541,7953,09-12-2025,389,NetBanking,success
5674,11296,4447,03-06-2025,191,NetBanking,success
5698,6134,4257,18-10-2025,395,NetBanking,success
5709,11907,1514,11-01-2025,186,NetBanking,success
5711,9876,5355,15-03-2025,11,NetBanking,success
5712,5503,4800,31-01-2025,204,NetBanking,success
5713,2333,1950,09-05-2025,199,NetBanking,success
5717,4111,5243,29-09-2025,1999,NetBanking,success
5718,8664,4416,25-11-2025,3992,NetBanking,success
5721,7045,4513,25-06-2025,7014,NetBanking,success
5724,9500,2194,11-12-2025,4000,NetBanking,success
5730,8932,86,17-03-2025,2010,NetBanking,success
5734,9793,5663,16-05-2025,697,NetBanking,success
5741,2815,240,10-02-2025,720,NetBanking,success
5743,3189,6293,07-01-2025,693,NetBanking,success
5748,7644,6223,13-08-2025,160,NetBanking,success
5759,6411,4700,13-12-2025,694,NetBanking,success
5769,9397,3036,06-11-2025,198,NetBanking,success
5773,3309,6576,25-01-2025,3991,NetBanking,success
5776,6858,4773,07-12-2025,703,NetBanking,success
5778,8879,7373,09-01-2025,4006,NetBanking,success
5780,10083,3911,10-10-2025,4002,NetBanking,success
5785,4830,354,04-07-2025,712,NetBanking,success
5788,9402,1906,24-06-2025,696,NetBanking,success
5792,9740,7498,17-01-2025,184,NetBanking,success
5799,3268,5962,02-07-2025,1,NetBanking,success
5808,11053,7542,16-10-2025,1997,NetBanking,success
5809,2650,1627,13-12-2025,376,NetBanking,success
5824,894,1393,05-11-2025,2001,NetBanking,success
5826,4958,6005,12-04-2025,211,NetBanking,success
5836,555,4228,03-10-2025,16,NetBanking,success
5845,11739,2525,25-09-2025,198,NetBanking,success
5847,1086,4055,01-04-2025,4008,NetBanking,success
5848,10164,634,04-05-2025,1994,NetBanking,success
5852,8388,5366,26-12-2025,1998,NetBanking,success
5853,9053,3420,23-03-2025,6995,NetBanking,success
5854,581,7790,29-04-2025,195,NetBanking,success
5871,4442,858,05-07-2025,377,NetBanking,success
5874,1508,5083,12-03-2025,3,NetBanking,success
5875,8996,3948,01-05-2025,1,NetBanking,success
5880,2957,7743,11-10-2025,694,NetBanking,success
5887,5399,4613,19-09-2025,131,NetBanking,success
5888,4467,3779,19-08-2025,689,NetBanking,success
5901,4165,4004,15-05-2025,6,NetBanking,success
5902,195,1425,29-08-2025,12,NetBanking,success
5907,3793,562,01-12-2025,715,NetBanking,success
5917,9817,1762,15-01-2025,1996,NetBanking,success
5919,4962,3363,08-03-2025,401,NetBanking,success
5921,10475,7888,04-06-2025,192,NetBanking,success
5923,8852,4717,22-02-2025,3995,NetBanking,success
5927,2572,3825,10-12-2025,4012,NetBanking,success
5941,2920,7120,02-05-2025,202,NetBanking,success
5943,5017,2808,01-12-2025,10,NetBanking,success
5944,289,5240,21-11-2025,7011,NetBanking,success
5946,3193,4916,08-01-2025,4001,NetBanking,success
5951,6516,1,27-04-2025,3999,NetBanking,success
5962,5504,3754,29-05-2025,409,NetBanking,success
5985,8044,7411,28-06-2025,706,NetBanking,success
5995,11270,4354,29-04-2025,4,NetBanking,success
5999,806,5560,22-01-2025,196,NetBanking,success
6001,10431,536,08-05-2025,207,NetBanking,success
6003,7368,4453,27-07-2025,698,NetBanking,success
6008,4594,1759,10-04-2025,197,NetBanking,success
6009,10729,3547,11-08-2025,4000,NetBanking,success
6017,7379,2899,10-01-2026,192,NetBanking,success
6018,6039,7050,05-06-2025,401,NetBanking,success
6019,7604,1228,29-09-2025,16,NetBanking,success
6022,872,106,22-10-2025,2,NetBanking,success
6030,2297,3786,07-05-2025,162,NetBanking,success
6033,7750,3893,30-01-2025,714,NetBanking,success
6037,2072,7522,07-07-2025,10,NetBanking,success
6041,6949,2002,20-12-2025,419,NetBanking,success
6053,2032,327,15-12-2025,192,NetBanking,success
6064,8217,2369,16-06-2025,3999,NetBanking,success
6065,1903,4383,30-04-2025,13,NetBanking,success
6075,847,4635,26-08-2025,13,NetBanking,success
6080,5009,3141,01-07-2025,182,NetBanking,success
6081,1843,4397,16-05-2025,3993,NetBanking,success
6084,5632,449,11-02-2025,1992,NetBanking,success
6091,5535,478,09-10-2025,7003,NetBanking,success
6100,1182,3552,28-12-2025,396,NetBanking,success
6101,10042,3092,13-06-2025,3996,NetBanking,success
6113,11722,866,10-05-2025,191,NetBanking,success
6116,6260,23,01-01-2026,706,NetBanking,success
6119,649,3228,28-05-2025,7004,NetBanking,success
6124,9519,3685,01-07-2025,2002,NetBanking,success
6128,3000,5493,20-10-2025,389,NetBanking,success
6134,4674,2659,21-04-2025,9,NetBanking,success
6137,6574,5645,06-06-2025,194,NetBanking,success
6169,11100,7155,11-08-2025,197,NetBanking,success
6171,5083,5876,09-06-2025,697,NetBanking,success
6172,10168,1385,14-01-2025,2004,NetBanking,success
6178,7257,6592,07-11-2025,383,NetBanking,success
6179,9797,6818,15-02-2025,408,NetBanking,success
6184,8388,5366,26-03-2025,1990,NetBanking,success
6203,883,4446,16-07-2025,137,NetBanking,success
6212,10605,3304,16-04-2025,401,NetBanking,success
6216,3300,5965,05-02-2025,6995,NetBanking,success
6227,3889,2848,01-12-2025,384,NetBanking,success
6228,4929,3670,02-01-2025,201,NetBanking,success
6232,259,3293,01-03-2025,192,NetBanking,success
6238,3110,4817,25-06-2025,6986,NetBanking,success
6239,2327,2366,01-08-2025,1996,NetBanking,success
6240,5624,772,22-01-2025,183,NetBanking,success
6246,5237,3038,27-12-2025,20,NetBanking,success
6248,5975,2817,07-10-2025,1,NetBanking,success
6252,6665,3130,26-02-2025,394,NetBanking,success
6265,5531,2791,24-10-2025,199,NetBanking,success
6269,5863,4567,20-11-2025,2000,NetBanking,success
6283,1847,1210,03-10-2025,2003,NetBanking,success
6284,305,1052,03-01-2026,2002,NetBanking,success
6289,716,569,08-02-2025,193,NetBanking,success
6291,10844,6617,28-11-2025,149,NetBanking,success
6294,10745,6277,25-01-2025,6991,NetBanking,success
6296,3952,3097,01-08-2025,408,NetBanking,success
6300,10243,1139,09-02-2025,146,NetBanking,success
6302,5757,6423,14-05-2025,401,NetBanking,success
6310,7614,4688,02-12-2025,1,NetBanking,success
6318,1033,6342,26-03-2025,698,NetBanking,success
6320,9211,3336,24-12-2025,6992,NetBanking,success
6323,8682,2506,01-01-2026,203,NetBanking,success
6326,4678,6874,26-08-2025,709,NetBanking,success
6327,9926,5099,24-06-2025,2001,NetBanking,success
6334,5100,7818,08-01-2026,393,NetBanking,success
6349,370,6197,03-01-2025,211,NetBanking,success
6350,5318,6616,22-01-2025,5,NetBanking,success
6356,6303,2349,25-02-2025,4012,NetBanking,success
6368,4826,7647,05-01-2026,6,NetBanking,success
6369,2937,4081,18-08-2025,431,NetBanking,success
6373,11595,1905,20-09-2025,6996,NetBanking,success
6374,9673,5881,08-06-2025,3,NetBanking,success
6377,8876,3205,10-02-2025,202,NetBanking,success
6380,8044,7411,11-06-2025,688,NetBanking,success
6386,7696,3985,28-12-2025,8,NetBanking,success
6394,8137,3130,10-01-2026,406,NetBanking,success
6402,9571,5472,28-01-2025,209,NetBanking,success
6406,4235,1844,14-04-2025,6997,NetBanking,success
6428,3197,6830,28-12-2025,1988,NetBanking,success
6433,9616,5283,07-02-2025,680,NetBanking,success
6436,5034,4610,14-11-2025,3974,NetBanking,success
6440,5766,1150,16-11-2025,710,NetBanking,success
6445,10416,7659,07-01-2026,200,NetBanking,success
6448,2049,6365,02-08-2025,388,NetBanking,success
6454,6380,5528,25-05-2025,184,NetBanking,success
6461,1063,113,26-07-2025,4008,NetBanking,success
6472,5225,4996,08-01-2026,706,NetBanking,success
6474,7444,2273,27-01-2025,177,NetBanking,success
6475,11380,741,25-08-2025,703,NetBanking,success
6479,4822,6770,16-03-2025,209,NetBanking,success
6487,11339,970,09-01-2026,705,NetBanking,success
6492,7950,5385,29-04-2025,13,NetBanking,success
6496,739,6173,17-07-2025,391,NetBanking,success
6509,5799,7093,07-06-2025,4008,NetBanking,success
6511,9433,6516,16-02-2025,4006,NetBanking,success
6513,6000,6791,22-08-2025,2006,NetBanking,success
6514,5341,6774,15-03-2025,400,NetBanking,success
6518,9925,3566,05-10-2025,722,NetBanking,success
6521,497,1591,28-11-2025,6,NetBanking,success
6528,11598,6744,27-12-2025,180,NetBanking,success
6531,5184,7052,01-05-2025,192,NetBanking,success
6534,5215,6485,21-12-2025,413,NetBanking,success
6539,10262,2131,15-11-2025,183,NetBanking,success
6542,5630,6634,13-01-2026,4003,NetBanking,success
6546,4813,6068,24-05-2025,214,NetBanking,success
6553,606,6162,05-01-2026,6998,NetBanking,success
6554,8065,2519,27-01-2025,3986,NetBanking,success
6559,809,4682,28-09-2025,710,NetBanking,success
6560,8069,4256,29-09-2025,7007,NetBanking,success
6562,2368,2333,22-10-2025,710,NetBanking,success
6567,4337,496,28-01-2025,3976,NetBanking,success
6574,1772,3420,02-02-2025,414,NetBanking,success
6575,3095,2007,03-11-2025,15,NetBanking,success
6587,7599,1766,20-12-2025,207,NetBanking,success
6588,10350,245,08-07-2025,206,NetBanking,success
6590,7119,2089,04-08-2025,694,NetBanking,success
6595,11597,6502,21-06-2025,691,NetBanking,success
6604,8189,5552,12-01-2026,411,NetBanking,success
6608,4443,5420,08-06-2025,3993,NetBanking,success
6612,2535,7785,19-10-2025,199,NetBanking,success
6614,7853,3671,23-02-2025,3998,NetBanking,success
6615,2482,2275,18-04-2025,148,NetBanking,success
6624,9750,897,16-07-2025,198,NetBanking,success
6626,7542,3445,20-03-2025,203,NetBanking,success
6627,4422,7950,12-01-2025,201,NetBanking,success
6631,7327,4323,08-11-2025,185,NetBanking,success
6632,11266,6603,19-04-2025,202,NetBanking,success
6635,3636,5803,17-01-2026,216,NetBanking,success
6637,3345,3706,12-07-2025,3996,NetBanking,success
6639,3225,598,12-08-2025,199,NetBanking,success
6642,9366,1834,07-03-2025,4007,NetBanking,success
6644,5145,2026,29-09-2025,3997,NetBanking,success
6645,8333,7205,18-02-2025,2005,NetBanking,success
6647,11711,7920,21-05-2025,396,NetBanking,success
6650,2957,7743,06-11-2025,689,NetBanking,success
6654,2755,986,01-03-2025,2004,NetBanking,success
6659,5879,3709,18-04-2025,386,NetBanking,success
6660,4728,2915,07-03-2025,381,NetBanking,success
6664,9990,4062,31-07-2025,6978,NetBanking,success
6675,8542,5792,23-04-2025,404,NetBanking,success
6678,115,3642,22-06-2025,395,NetBanking,success
6679,5153,2488,05-05-2025,7,NetBanking,success
6687,2359,3640,21-04-2025,1998,NetBanking,success
6693,9006,2319,09-04-2025,428,NetBanking,success
6694,8268,4248,08-10-2025,203,NetBanking,success
6700,2672,5084,01-12-2025,6998,NetBanking,success
6703,9936,53,07-03-2025,208,NetBanking,success
6706,3468,1063,06-02-2025,200,NetBanking,success
6707,1131,3444,24-05-2025,148,NetBanking,success
6711,8753,2041,13-01-2025,4004,NetBanking,success
6718,4364,7823,25-08-2025,4,NetBanking,success
6719,9660,2191,07-03-2025,689,NetBanking,success
6721,5260,4637,10-07-2025,399,NetBanking,success
6727,2850,7182,18-04-2025,728,NetBanking,success
6733,342,554,17-08-2025,142,NetBanking,success
6741,1511,3966,15-01-2025,676,NetBanking,success
6742,6315,3429,29-01-2025,4003,NetBanking,success
6748,1413,6912,06-12-2025,2020,NetBanking,success
6769,10891,1331,05-06-2025,392,NetBanking,success
6778,11708,6691,26-02-2025,205,NetBanking,success
6782,8238,3070,25-06-2025,3999,NetBanking,success
6783,121,6511,18-11-2025,1982,NetBanking,success
6790,6749,1356,12-02-2025,20,NetBanking,success
6795,5551,1715,12-11-2025,146,NetBanking,success
6801,1364,5297,08-06-2025,192,NetBanking,success
6802,6400,5839,11-03-2025,703,NetBanking,success
6809,11420,4642,08-11-2025,1984,NetBanking,success
6811,5246,3275,10-05-2025,383,NetBanking,success
6814,7237,2656,26-03-2025,704,NetBanking,success
6815,7191,2614,28-06-2025,6993,NetBanking,success
6821,9365,4729,05-01-2026,17,NetBanking,success
6822,284,5343,02-02-2025,4015,NetBanking,success
6823,1700,5350,14-09-2025,7,NetBanking,success
6824,11459,567,22-08-2025,4,NetBanking,success
6826,4463,843,24-12-2025,206,NetBanking,success
6828,2060,2739,20-05-2025,693,NetBanking,success
6829,2249,1058,08-12-2025,200,NetBanking,success
6838,9023,1492,21-12-2025,19,NetBanking,success
6843,1550,1937,02-09-2025,216,NetBanking,success
6859,11230,6237,31-07-2025,2,NetBanking,success
6863,4576,3945,16-12-2025,406,NetBanking,success
6865,745,1925,14-02-2025,204,NetBanking,success
6870,5582,6219,18-12-2025,411,NetBanking,success
6874,411,4897,14-02-2025,6994,NetBanking,success
6881,7570,3265,30-12-2025,201,NetBanking,success
6887,5065,6879,06-04-2025,6,NetBanking,success
6888,2223,315,21-01-2025,1984,NetBanking,success
6890,3312,124,03-07-2025,3999,NetBanking,success
6891,2925,4645,02-12-2025,209,NetBanking,success
6892,5295,2445,04-06-2025,705,NetBanking,success
6907,9594,113,19-06-2025,397,NetBanking,success
6911,3310,6332,13-01-2026,4,NetBanking,success
6915,11299,5798,25-11-2025,2010,NetBanking,success
6918,3126,6624,01-09-2025,2,NetBanking,success
6919,1489,1838,02-09-2025,688,NetBanking,success
6922,9290,6716,27-02-2025,7,NetBanking,success
6923,2592,7920,16-07-2025,216,NetBanking,success
6927,3191,6613,31-07-2025,6,NetBanking,success
6928,586,6646,22-03-2025,7,NetBanking,success
6932,5078,3863,19-08-2025,699,NetBanking,success
6934,5409,7156,08-02-2025,693,NetBanking,success
6935,1737,5696,23-07-2025,207,NetBanking,success
6940,8983,3514,06-09-2025,153,NetBanking,success
6946,1784,7961,02-04-2025,3,NetBanking,success
6969,2247,2,22-11-2025,404,NetBanking,success
6970,8860,3660,15-09-2025,3994,NetBanking,success
6981,1820,3633,05-01-2025,199,NetBanking,success
6985,6998,1515,17-05-2025,170,NetBanking,success
6987,8764,7429,10-11-2025,6998,NetBanking,success
6997,1252,1957,09-02-2025,388,NetBanking,success
7001,10789,5225,23-09-2025,220,NetBanking,success
7023,3883,6892,27-05-2025,8,NetBanking,success
7025,8299,382,18-12-2025,207,NetBanking,success
7027,3928,4853,10-12-2025,399,NetBanking,success
7050,448,7070,10-01-2025,6992,NetBanking,success
7066,1500,1904,13-02-2025,1996,NetBanking,success
7069,11107,6228,28-05-2025,4007,NetBanking,success
7076,10841,3069,01-04-2025,394,NetBanking,success
7077,10407,2764,04-04-2025,3989,NetBanking,success
7079,975,2630,01-03-2025,413,NetBanking,success
7087,447,2868,06-05-2025,20,NetBanking,success
7089,10881,7404,12-08-2025,202,NetBanking,success
7093,3267,6734,30-03-2025,2002,NetBanking,success
7110,2092,944,18-03-2025,385,NetBanking,success
7114,7356,4151,03-08-2025,3999,NetBanking,success
7115,114,1180,25-12-2025,203,NetBanking,success
7116,4482,2885,01-08-2025,137,NetBanking,success
7117,11584,202,01-10-2025,7006,NetBanking,success
7132,5582,6219,04-02-2025,398,NetBanking,success
7133,10050,7842,20-02-2025,207,NetBanking,success
7139,8695,7904,27-07-2025,193,NetBanking,success
7147,4870,4416,21-09-2025,1,NetBanking,success
7152,3130,6091,19-05-2025,692,NetBanking,success
7154,1647,4354,18-01-2026,193,NetBanking,success
7155,6636,6169,02-03-2025,216,NetBanking,success
7156,4860,3439,02-01-2025,392,NetBanking,success
7163,4834,2727,04-08-2025,416,NetBanking,success
7165,5225,4996,28-04-2025,698,NetBanking,success
7167,3619,4618,24-11-2025,195,NetBanking,success
7170,7990,4983,06-09-2025,405,NetBanking,success
7178,3682,4280,13-06-2025,1986,NetBanking,success
7183,9237,2228,19-11-2025,211,NetBanking,success
7194,6633,5340,26-10-2025,12,NetBanking,success
7200,11181,5672,02-06-2025,408,NetBanking,success
7214,1666,2851,12-01-2025,198,NetBanking,success
7225,1227,534,25-09-2025,397,NetBanking,success
7240,1422,3426,11-07-2025,400,NetBanking,success
7246,3477,3460,22-02-2025,387,NetBanking,success
7251,3221,825,25-07-2025,6975,NetBanking,success
7260,7759,2259,29-08-2025,149,NetBanking,success
7269,5228,2588,03-04-2025,3,NetBanking,success
7285,6025,2015,25-03-2025,412,NetBanking,success
7287,5685,4973,03-12-2025,4000,NetBanking,success
7288,1069,7672,10-04-2025,18,NetBanking,success
7298,562,1963,12-04-2025,18,NetBanking,success
7322,7652,6341,26-10-2025,202,NetBanking,success
7324,6869,7217,30-04-2025,673,NetBanking,success
7330,5259,2793,25-09-2025,384,NetBanking,success
7339,6045,4380,09-12-2025,396,NetBanking,success
7342,2251,2274,19-12-2025,18,NetBanking,success
7343,2813,3128,13-09-2025,7012,NetBanking,success
7347,11372,1496,02-01-2026,1997,NetBanking,success
7349,10619,5890,26-08-2025,691,NetBanking,success
7360,3115,7482,11-11-2025,199,NetBanking,success
7370,4345,330,19-06-2025,697,NetBanking,success
7374,5955,5128,12-02-2025,4002,NetBanking,success
7376,10806,5898,20-05-2025,7000,NetBanking,success
7387,4992,328,29-10-2025,196,NetBanking,success
7398,1079,4812,23-05-2025,401,NetBanking,success
7404,3374,3874,22-12-2025,705,NetBanking,success
7408,5074,1941,10-09-2025,7008,NetBanking,success
7413,2128,3166,24-06-2025,418,NetBanking,success
7414,4578,272,28-01-2025,2007,NetBanking,success
7418,8926,3129,24-11-2025,153,NetBanking,success
7426,7348,6244,20-08-2025,398,NetBanking,success
7429,7134,1473,12-11-2025,205,NetBanking,success
7435,6886,1815,04-12-2025,386,NetBanking,success
7440,7902,7883,23-03-2025,691,NetBanking,success
7441,8999,5137,07-04-2025,2017,NetBanking,success
7453,906,4481,26-01-2025,208,NetBanking,success
7465,4984,634,15-09-2025,391,NetBanking,success
7466,8915,353,05-07-2025,3,NetBanking,success
7468,5456,4053,06-09-2025,691,NetBanking,success
7470,5465,2254,05-10-2025,206,NetBanking,success
7471,9429,4482,18-11-2025,193,NetBanking,success
7477,3977,6369,13-03-2025,7005,NetBanking,success
7479,4935,6550,03-01-2025,7004,NetBanking,success
7480,7767,32,16-08-2025,2001,NetBanking,success
7483,11015,7134,09-11-2025,412,NetBanking,success
7486,7408,497,26-09-2025,394,NetBanking,success
7487,4087,4098,15-03-2025,675,NetBanking,success
7499,3554,3931,12-01-2025,7009,NetBanking,success
7510,8661,431,15-11-2025,399,NetBanking,success
7517,7489,3702,01-06-2025,408,NetBanking,success
7520,8577,255,06-11-2025,694,NetBanking,success
7521,4480,5592,06-11-2025,396,NetBanking,success
7533,7355,1885,23-09-2025,689,NetBanking,success
7538,7519,7527,20-12-2025,196,NetBanking,success
7540,11574,6776,26-03-2025,198,NetBanking,success
7541,4714,6795,02-09-2025,150,NetBanking,success
7546,5796,7527,28-10-2025,195,NetBanking,success
7549,10695,7301,26-05-2025,1994,NetBanking,success
7561,3904,4787,06-07-2025,12,NetBanking,success
7562,3143,6436,05-03-2025,198,NetBanking,success
7572,2290,15,06-04-2025,409,NetBanking,success
7578,6461,3225,22-08-2025,406,NetBanking,success
7579,2138,1556,13-06-2025,187,NetBanking,success
7586,2679,384,21-05-2025,213,NetBanking,success
7597,8225,1485,01-08-2025,425,NetBanking,success
7598,5338,6208,07-04-2025,1,NetBanking,success
7599,10752,1530,02-11-2025,3,NetBanking,success
7607,3351,7203,08-02-2025,1985,NetBanking,success
7608,9456,2772,29-08-2025,693,NetBanking,success
7611,6052,5457,13-09-2025,1999,NetBanking,success
7618,2579,4690,24-05-2025,696,NetBanking,success
7620,1019,944,14-12-2025,2025,NetBanking,success
7634,7619,6386,14-01-2025,709,NetBanking,success
7636,11987,6228,12-04-2025,189,NetBanking,success
7641,7855,2034,19-07-2025,3991,NetBanking,success
7643,345,2573,08-01-2025,193,NetBanking,success
7652,7877,3247,07-05-2025,14,NetBanking,success
7653,9202,5546,06-05-2025,155,NetBanking,success
7654,4848,2841,05-01-2025,387,NetBanking,success
7674,8370,7028,28-05-2025,211,NetBanking,success
7675,2853,7134,08-12-2025,187,NetBanking,success
7676,215,7069,27-11-2025,401,NetBanking,success
7682,615,5690,18-04-2025,391,NetBanking,success
7684,2729,4584,11-10-2025,417,NetBanking,success
7706,2944,6317,01-03-2025,7,NetBanking,success
7708,3051,4415,19-04-2025,692,NetBanking,success
7709,10667,6818,28-11-2025,704,NetBanking,success
7714,11835,2516,07-07-2025,390,NetBanking,success
7723,1678,5693,10-09-2025,196,NetBanking,success
7736,2042,6626,01-12-2025,3992,NetBanking,success
7739,7203,7131,24-03-2025,690,NetBanking,success
7744,7684,1073,14-01-2026,401,NetBanking,success
7753,9567,5485,15-08-2025,3992,NetBanking,success
7755,11669,4,09-12-2025,420,NetBanking,success
7760,7186,6053,20-03-2025,390,NetBanking,success
7761,11854,5609,24-08-2025,3993,NetBanking,success
7764,3864,2297,20-05-2025,201,NetBanking,success
7766,4678,6874,05-02-2025,703,NetBanking,success
7770,10232,2101,28-02-2025,3984,NetBanking,success
7776,1896,4823,01-03-2025,699,NetBanking,success
7792,8761,6297,07-10-2025,134,NetBanking,success
7797,3049,2493,30-05-2025,181,NetBanking,success
7802,6823,6970,07-04-2025,697,NetBanking,success
7804,2330,2953,23-08-2025,6999,NetBanking,success
7810,8499,2123,11-09-2025,410,NetBanking,success
7811,1845,3879,26-02-2025,2004,NetBanking,success
7812,8457,7513,18-11-2025,704,NetBanking,success
7839,5008,686,22-11-2025,689,NetBanking,success
7851,2460,3780,12-06-2025,7001,NetBanking,success
7857,4773,7839,15-03-2025,383,NetBanking,success
7864,5719,4558,27-10-2025,7,NetBanking,success
7867,4374,1440,15-02-2025,213,NetBanking,success
7868,1200,4767,09-01-2025,2008,NetBanking,success
7871,8334,3346,04-05-2025,3,NetBanking,success
7876,5605,2886,25-11-2025,2006,NetBanking,success
7878,7311,2341,01-01-2025,196,NetBanking,success
7879,4210,5794,13-01-2026,168,NetBanking,success
7883,6155,2151,13-11-2025,2001,NetBanking,success
7893,6892,813,13-05-2025,2006,NetBanking,success
7895,5653,86,22-10-2025,3994,NetBanking,success
7898,10681,6540,17-11-2025,703,NetBanking,success
7899,1219,7111,14-08-2025,3993,NetBanking,success
7900,10951,7387,04-03-2025,148,NetBanking,success
7901,8090,979,21-05-2025,2009,NetBanking,success
7902,10699,1618,16-09-2025,697,NetBanking,success
7907,10465,4595,14-04-2025,702,NetBanking,success
7914,652,1704,30-03-2025,190,NetBanking,success
7915,3355,4004,03-07-2025,210,NetBanking,success
7917,11036,6534,18-02-2025,20,NetBanking,success
7918,4172,5820,27-11-2025,199,NetBanking,success
7920,6886,1815,25-11-2025,393,NetBanking,success
7922,5073,1296,14-01-2026,4004,NetBanking,success
7924,1767,389,12-11-2025,397,NetBanking,success
7929,7806,2432,28-10-2025,390,NetBanking,success
7930,2064,6783,14-02-2025,403,NetBanking,success
7948,3790,4328,30-03-2025,184,NetBanking,success
7949,6301,3569,02-04-2025,394,NetBanking,success
7950,11044,7373,06-01-2025,4011,NetBanking,success
7964,86,3631,17-05-2025,10,NetBanking,success
7965,939,437,10-02-2025,136,NetBanking,success
7971,9521,6986,15-01-2026,130,NetBanking,success
7975,698,4411,27-10-2025,697,NetBanking,success
7976,2607,3075,29-09-2025,209,NetBanking,success
7978,1987,6710,21-05-2025,149,NetBanking,success
7981,6529,5285,20-08-2025,197,NetBanking,success
7982,4383,3988,31-07-2025,197,NetBanking,success
7986,9593,1437,16-03-2025,2004,NetBanking,success
7997,1966,271,02-06-2025,142,NetBanking,success
8000,2310,2899,05-06-2025,2001,NetBanking,success
8001,5986,7558,22-01-2025,2011,NetBanking,success
8005,9296,3627,12-12-2025,6985,NetBanking,success
8008,2275,4283,05-09-2025,200,NetBanking,success
8009,7785,5016,10-09-2025,190,NetBanking,success
8011,9276,7234,28-08-2025,1992,NetBanking,success
8012,4387,7916,23-10-2025,406,NetBanking,success
8016,7808,3616,03-03-2025,404,NetBanking,success
8020,2317,1332,20-09-2025,1991,NetBanking,success
8030,9710,886,07-01-2025,186,NetBanking,success
8041,4864,5826,15-11-2025,684,NetBanking,success
8051,4881,5541,10-11-2025,1989,NetBanking,success
8055,1648,1873,06-01-2025,389,NetBanking,success
8060,2146,5820,14-10-2025,408,NetBanking,success
8068,3762,2262,04-08-2025,211,NetBanking,success
8076,4178,480,04-09-2025,200,NetBanking,success
8087,4721,1342,13-11-2025,691,NetBanking,success
8095,7123,5934,28-10-2025,2010,NetBanking,success
8109,7035,5453,13-02-2025,154,NetBanking,success
8111,4266,5361,06-07-2025,3998,NetBanking,success
8113,11160,7404,06-10-2025,396,NetBanking,success
8114,10410,7619,07-02-2025,153,NetBanking,success
8125,6638,2501,20-02-2025,406,NetBanking,success
8134,6946,907,03-07-2025,12,NetBanking,success
8140,5020,1195,01-04-2025,142,NetBanking,success
8142,4303,1108,15-11-2025,163,NetBanking,success
8148,2588,2032,21-03-2025,4012,NetBanking,success
8151,3918,6314,21-10-2025,3997,NetBanking,success
8160,9119,3527,23-04-2025,190,NetBanking,success
8161,4606,2557,13-02-2025,4015,NetBanking,success
8165,6393,2790,08-01-2025,181,NetBanking,success
8168,9690,7843,27-01-2025,13,NetBanking,success
8191,7472,5607,11-02-2025,378,NetBanking,success
8194,7748,1088,10-11-2025,408,NetBanking,success
8198,6508,5703,07-02-2025,698,NetBanking,success
8201,10943,6768,21-12-2025,190,NetBanking,success
8202,11857,995,12-07-2025,402,NetBanking,success
8206,6118,118,22-03-2025,188,NetBanking,success
8228,6481,4987,24-10-2025,182,NetBanking,success
8231,2322,6842,16-08-2025,392,NetBanking,success
8233,9700,4092,28-06-2025,682,NetBanking,success
8238,341,5803,23-12-2025,2,NetBanking,success
8239,42,4546,23-02-2025,205,NetBanking,success
8244,7868,2084,20-09-2025,394,NetBanking,success
8246,5705,3747,04-12-2025,415,NetBanking,success
8257,4773,7839,01-10-2025,402,NetBanking,success
8265,11255,3154,06-06-2025,3,NetBanking,success
8279,2583,5917,07-08-2025,193,NetBanking,success
8287,11335,780,26-03-2025,3,NetBanking,success
8288,4852,658,24-10-2025,692,NetBanking,success
8289,2812,3597,28-12-2025,12,NetBanking,success
8291,5560,3127,21-04-2025,202,NetBanking,success
8294,6673,1140,11-05-2025,15,NetBanking,success
8296,11963,5616,18-04-2025,399,NetBanking,success
8301,1095,3489,24-02-2025,177,NetBanking,success
8302,7987,2388,20-02-2025,690,NetBanking,success
8306,11086,4062,21-03-2025,218,NetBanking,success
8309,522,7381,19-11-2025,399,NetBanking,success
8320,6020,4779,11-03-2025,2004,NetBanking,success
8327,1299,7746,20-09-2025,149,NetBanking,success
8329,1280,941,30-06-2025,7006,NetBanking,success
8330,5169,4837,27-06-2025,395,NetBanking,success
8333,2426,3440,14-12-2025,150,NetBanking,success
8337,9251,328,26-06-2025,3999,NetBanking,success
8339,6779,3249,23-11-2025,211,NetBanking,success
8343,7343,2664,15-12-2025,9,NetBanking,success
8344,11959,1236,06-07-2025,395,NetBanking,success
8346,2442,4302,04-06-2025,3997,NetBanking,success
8357,8030,1391,23-03-2025,686,NetBanking,success
8365,7688,3813,06-05-2025,7000,NetBanking,success
8371,5528,7068,29-01-2025,682,NetBanking,success
8375,5538,6346,14-12-2025,2001,NetBanking,success
8379,1906,4646,23-11-2025,380,NetBanking,success
8387,5556,5878,20-03-2025,197,NetBanking,success
8391,3972,575,26-10-2025,3,NetBanking,success
8393,9364,7737,30-03-2025,2015,NetBanking,success
8396,194,1839,23-03-2025,209,NetBanking,success
8400,5339,770,08-06-2025,190,NetBanking,success
8418,6240,4054,15-01-2026,158,NetBanking,success
8420,127,322,25-10-2025,1991,NetBanking,success
8430,2981,3601,14-09-2025,201,NetBanking,success
8432,6599,6162,25-05-2025,187,NetBanking,success
8435,10567,2487,26-09-2025,9,NetBanking,success
8441,5050,4650,22-07-2025,1995,NetBanking,success
8447,353,3743,01-09-2025,2,NetBanking,success
8465,3600,7446,26-09-2025,400,NetBanking,success
8467,3878,2369,24-02-2025,4,NetBanking,success
8476,6773,7191,18-11-2025,208,NetBanking,success
8479,7980,847,21-07-2025,385,NetBanking,success
8480,8257,3968,03-01-2025,690,NetBanking,success
8484,4445,1587,15-12-2025,179,NetBanking,success
8501,1646,4207,10-10-2025,197,NetBanking,success
8503,3972,575,09-01-2026,2,NetBanking,success
8507,7727,1402,30-05-2025,204,NetBanking,success
8515,3143,6436,27-09-2025,203,NetBanking,success
8522,1890,1450,27-02-2025,1,NetBanking,success
8525,963,3935,01-01-2025,209,NetBanking,success
8527,11391,7064,16-10-2025,3986,NetBanking,success
8530,8880,5031,03-11-2025,1,NetBanking,success
8537,6098,2484,14-09-2025,7006,NetBanking,success
8540,5133,3574,25-10-2025,431,NetBanking,success
8541,956,998,03-06-2025,4001,NetBanking,success
8548,9890,1072,09-07-2025,400,NetBanking,success
8558,10299,5040,02-09-2025,3978,NetBanking,success
8569,772,956,24-04-2025,417,NetBanking,success
8570,1545,4553,20-10-2025,1988,NetBanking,success
8571,1751,4647,26-03-2025,402,NetBanking,success
8580,5240,7535,08-10-2025,6992,NetBanking,success
8585,8542,5792,09-05-2025,403,NetBanking,success
8586,9451,6642,12-11-2025,7007,NetBanking,success
8591,300,3965,31-07-2025,392,NetBanking,success
8596,10511,3104,05-10-2025,183,NetBanking,success
8602,7351,5173,26-02-2025,2002,NetBanking,success
8607,2883,5250,31-01-2025,161,NetBanking,success
8608,3441,5389,08-05-2025,694,NetBanking,success
8622,3123,4990,30-12-2025,4003,NetBanking,success
8639,7313,4013,18-03-2025,7012,NetBanking,success
8643,9817,1762,20-01-2025,1994,NetBanking,success
8646,1658,86,04-02-2025,7,NetBanking,success
8648,4141,532,20-12-2025,393,NetBanking,success
8652,1604,1152,02-09-2025,370,NetBanking,success
8656,10895,1444,14-10-2025,700,NetBanking,success
8662,2892,3858,17-10-2025,215,NetBanking,success
8663,9616,5283,30-04-2025,707,NetBanking,success
8664,8902,597,22-01-2025,7009,NetBanking,success
8667,3890,2407,05-01-2026,679,NetBanking,success
8678,11362,7528,02-09-2025,2014,NetBanking,success
8680,2092,944,05-03-2025,410,NetBanking,success
8682,10094,3973,02-05-2025,3978,NetBanking,success
8685,10552,7429,25-05-2025,156,NetBanking,success
8696,3340,5253,29-05-2025,696,NetBanking,success
8710,4829,586,04-01-2025,7005,NetBanking,success
8717,3649,7553,10-07-2025,203,NetBanking,success
8718,11214,7346,01-11-2025,413,NetBanking,success
8722,10795,5902,06-12-2025,388,NetBanking,success
8725,11482,4634,09-11-2025,7017,NetBanking,success
8742,8712,1536,05-04-2025,3990,NetBanking,success
8744,667,2245,23-02-2025,194,NetBanking,success
8753,9321,1844,22-06-2025,1984,NetBanking,success
8776,9620,892,21-02-2025,228,NetBanking,success
8788,3949,6275,03-02-2025,205,NetBanking,success
8791,9123,1360,12-12-2025,209,NetBanking,success
8793,4849,7872,16-01-2026,396,NetBanking,success
8796,5600,1176,10-11-2025,4,NetBanking,success
8799,1037,3987,21-01-2025,389,NetBanking,success
8815,7619,6386,08-06-2025,695,NetBanking,success
8818,796,4774,24-10-2025,147,NetBanking,success
8820,7348,6244,23-05-2025,387,NetBanking,success
8826,2756,3367,28-06-2025,185,NetBanking,success
8829,8163,2547,25-01-2025,690,NetBanking,success
8833,3048,3141,07-12-2025,699,NetBanking,success
8856,6644,7219,23-03-2025,2001,NetBanking,success
8869,10382,3152,23-05-2025,205,NetBanking,success
8870,6197,1248,24-12-2025,388,NetBanking,success
8877,7728,5408,17-02-2025,210,NetBanking,success
8882,1056,6885,30-03-2025,194,NetBanking,success
8885,4063,93,26-01-2025,220,NetBanking,success
8889,11244,2138,15-08-2025,2003,NetBanking,success
8899,4679,2782,06-11-2025,1,NetBanking,success
8900,8929,7049,24-05-2025,398,NetBanking,success
8905,4540,5593,14-01-2026,688,NetBanking,success
8906,7043,1960,01-02-2025,399,NetBanking,success
8920,1495,2378,12-06-2025,6,NetBanking,success
8923,2960,7723,04-08-2025,142,NetBanking,success
8928,6538,333,28-01-2025,403,NetBanking,success
8940,1230,6327,22-03-2025,380,NetBanking,success
8951,5728,1231,08-09-2025,2014,NetBanking,success
8952,7743,6465,02-12-2025,3991,NetBanking,success
8953,10478,6228,05-10-2025,386,NetBanking,success
8955,7737,3169,30-09-2025,24,NetBanking,success
8956,7273,6451,18-07-2025,7000,NetBanking,success
8961,9765,315,19-10-2025,10,NetBanking,success
8975,5858,1529,27-01-2025,1998,NetBanking,success
8978,3079,507,11-11-2025,385,NetBanking,success
8984,6333,574,08-11-2025,194,NetBanking,success
8985,9514,5190,15-08-2025,1992,NetBanking,success
8992,7336,6627,09-01-2026,4,NetBanking,success
8998,5501,7455,29-05-2025,147,NetBanking,success
9005,278,5293,29-10-2025,202,NetBanking,success
9007,4911,3966,13-06-2025,2001,NetBanking,success
9009,8304,664,27-08-2025,3990,NetBanking,success
9022,10827,7737,01-12-2025,198,NetBanking,success
9044,8533,7277,19-05-2025,190,NetBanking,success
9047,7869,7627,26-02-2025,7020,NetBanking,success
9051,1395,1056,27-06-2025,188,NetBanking,success
9058,2054,752,16-06-2025,695,NetBanking,success
9074,8277,317,07-06-2025,699,NetBanking,success
9080,10893,7824,29-05-2025,1999,NetBanking,success
9085,5488,5117,19-01-2025,704,NetBanking,success
9086,4773,7839,14-11-2025,398,NetBanking,success
9088,3417,3904,31-08-2025,6999,NetBanking,success
9089,7385,1587,31-10-2025,195,NetBanking,success
9094,1971,7803,03-01-2026,389,NetBanking,success
9095,2418,2622,09-10-2025,3,NetBanking,success
9096,4929,3670,05-12-2025,186,NetBanking,success
9097,8167,907,27-05-2025,3999,NetBanking,success
9101,11113,6445,22-04-2025,4012,NetBanking,success
9109,9017,3232,26-05-2025,194,NetBanking,success
9130,5314,3565,16-12-2025,6,NetBanking,success
9133,10921,922,08-04-2025,9,NetBanking,success
9137,7243,6428,18-09-2025,2004,NetBanking,success
9140,10926,618,14-08-2025,7018,NetBanking,success
9141,2922,2415,14-04-2025,6992,NetBanking,success
9143,11427,7664,05-08-2025,14,NetBanking,success
9146,6668,2982,20-06-2025,692,NetBanking,success
9152,5691,5843,15-02-2025,696,NetBanking,success
9154,7610,6891,11-09-2025,713,NetBanking,success
9164,509,480,26-11-2025,1986,NetBanking,success
9169,481,1494,12-08-2025,411,NetBanking,success
9174,4718,1980,17-05-2025,707,NetBanking,success
9176,2033,123,17-12-2025,718,NetBanking,success
9183,8690,3230,07-01-2026,206,NetBanking,success
9185,5711,5687,13-06-2025,397,NetBanking,success
9190,1673,2223,26-07-2025,394,NetBanking,success
9197,1451,2563,09-10-2025,149,NetBanking,success
9201,8360,3127,04-08-2025,715,NetBanking,success
9209,7363,6503,24-05-2025,191,NetBanking,success
9212,11581,6282,28-10-2025,16,NetBanking,success
9222,10340,3996,17-12-2025,7009,NetBanking,success
9223,964,7822,29-11-2025,2000,NetBanking,success
9225,11538,4683,08-05-2025,386,NetBanking,success
9237,1801,5660,07-12-2025,706,NetBanking,success
9242,10107,1505,01-08-2025,681,NetBanking,success
9245,7936,48,19-08-2025,4000,NetBanking,success
9246,1033,6342,05-09-2025,714,NetBanking,success
9251,7642,5570,11-11-2025,210,NetBanking,success
9255,9030,796,16-09-2025,692,NetBanking,success
9259,7113,652,14-12-2025,203,NetBanking,success
9261,4603,203,03-06-2025,4009,NetBanking,success
9267,8987,427,05-01-2025,15,NetBanking,success
9268,5187,5925,08-04-2025,395,NetBanking,success
9271,10967,5278,25-07-2025,14,NetBanking,success
9272,10585,3804,23-07-2025,4011,NetBanking,success
9273,3562,2954,30-07-2025,2004,NetBanking,success
9274,9196,3889,09-01-2025,384,NetBanking,success
9281,11407,1023,14-01-2025,7,NetBanking,success
9287,10734,4752,19-09-2025,220,NetBanking,success
9288,7673,7525,19-08-2025,1,NetBanking,success
9293,10822,2327,27-06-2025,4014,NetBanking,success
9298,8274,2039,07-12-2025,711,NetBanking,success
9314,105,3785,01-08-2025,1994,NetBanking,success
9323,9969,5910,28-02-2025,2000,NetBanking,success
9327,7008,2685,01-02-2025,1997,NetBanking,success
9328,710,4980,17-02-2025,1988,NetBanking,success
9332,11388,3785,12-01-2025,704,NetBanking,success
9339,6874,7891,03-12-2025,2009,NetBanking,success
9343,11567,140,26-03-2025,397,NetBanking,success
9367,6610,299,02-08-2025,1994,NetBanking,success
9369,10707,2815,12-03-2025,399,NetBanking,success
9372,386,1038,02-10-2025,3990,NetBanking,success
9395,10033,4936,09-11-2025,2010,NetBanking,success
9398,6817,5453,29-11-2025,3993,NetBanking,success
9401,2298,996,24-10-2025,7,NetBanking,success
9411,10418,7134,05-03-2025,159,NetBanking,success
9426,1437,895,10-04-2025,1996,NetBanking,success
9432,7176,4826,14-05-2025,406,NetBanking,success
9446,73,2826,04-01-2026,404,NetBanking,success
9457,2588,2032,30-01-2025,4011,NetBanking,success
9462,6243,4944,18-03-2025,399,NetBanking,success
9463,11818,7086,15-05-2025,159,NetBanking,success
9464,11972,5194,05-12-2025,201,NetBanking,success
9465,3444,6880,03-07-2025,6992,NetBanking,success
9469,4999,728,23-01-2025,3997,NetBanking,success
9475,5395,4516,17-01-2025,405,NetBanking,success
9479,5770,5387,19-04-2025,393,NetBanking,success
9482,5781,3798,13-08-2025,9,NetBanking,success
9495,820,2619,18-05-2025,192,NetBanking,success
9496,7340,433,09-01-2025,7005,NetBanking,success
9519,10092,7511,10-01-2025,201,NetBanking,success
9525,4152,7871,25-10-2025,4005,NetBanking,success
9529,2860,3155,25-03-2025,2006,NetBanking,success
9532,1067,5298,07-01-2025,15,NetBanking,success
9533,2457,61,16-03-2025,3986,NetBanking,success
9538,11129,3127,02-04-2025,416,NetBanking,success
9546,7628,6679,04-03-2025,204,NetBanking,success
9565,10321,6249,03-09-2025,708,NetBanking,success
9572,10645,6293,07-08-2025,200,NetBanking,success
9574,11369,7722,15-02-2025,7006,NetBanking,success
9580,7615,1574,05-12-2025,139,NetBanking,success
9581,1213,4030,30-05-2025,708,NetBanking,success
9592,11160,7404,29-04-2025,391,NetBanking,success
9600,7324,571,10-05-2025,1976,NetBanking,success
9601,3487,4398,13-11-2025,152,NetBanking,success
9603,10741,1127,08-05-2025,693,NetBanking,success
9605,2049,6365,18-05-2025,423,NetBanking,success
9609,3802,84,13-06-2025,1989,NetBanking,success
9621,6663,1410,10-04-2025,3999,NetBanking,success
9631,8063,1694,16-12-2025,211,NetBanking,success
9633,10280,4841,17-10-2025,2003,NetBanking,success
9637,11099,627,17-04-2025,10,NetBanking,success
9645,1156,7274,11-09-2025,189,NetBanking,success
9647,7502,3456,02-06-2025,29,NetBanking,success
9648,1383,1604,27-09-2025,393,NetBanking,success
9652,6305,3315,27-03-2025,206,NetBanking,success
9656,208,4203,18-04-2025,196,NetBanking,success
9674,1818,7264,27-06-2025,395,NetBanking,success
9675,7229,1296,24-02-2025,1,NetBanking,success
9678,1894,4708,16-10-2025,695,NetBanking,success
9691,9314,2872,05-03-2025,195,NetBanking,success
9703,8453,3759,20-01-2025,18,NetBanking,success
9704,7283,2283,29-12-2025,9,NetBanking,success
9730,8854,6071,20-10-2025,3999,NetBanking,success
9736,10461,6423,30-10-2025,4007,NetBanking,success
9741,6263,59,21-08-2025,4,NetBanking,success
9743,6780,2814,23-04-2025,394,NetBanking,success
9753,3604,4311,24-10-2025,189,NetBanking,success
9755,3459,5753,05-03-2025,697,NetBanking,success
9762,11628,621,27-09-2025,3991,NetBanking,success
9780,6023,686,19-07-2025,4,NetBanking,success
9781,810,78,31-07-2025,192,NetBanking,success
9785,10114,6146,21-07-2025,391,NetBanking,success
9786,1602,7451,12-09-2025,206,NetBanking,success
9787,11499,1005,27-06-2025,182,NetBanking,success
9788,2314,7836,28-01-2025,198,NetBanking,success
9790,5430,6441,23-03-2025,403,NetBanking,success
9793,11433,3218,12-07-2025,205,NetBanking,success
9796,6772,5439,15-06-2025,2013,NetBanking,success
9800,6510,6726,10-06-2025,191,NetBanking,success
9802,532,260,07-01-2025,5,NetBanking,success
9805,10420,6555,29-08-2025,697,NetBanking,success
9822,1524,3229,09-05-2025,395,NetBanking,success
9824,826,6572,19-10-2025,203,NetBanking,success
9827,8364,3228,10-09-2025,677,NetBanking,success
9828,8133,5766,03-04-2025,19,NetBanking,success
9831,3226,2513,01-04-2025,1995,NetBanking,success
9840,9956,6798,24-08-2025,3996,NetBanking,success
9843,6356,7976,21-11-2025,693,NetBanking,success
9846,10325,1551,04-03-2025,10,NetBanking,success
9860,6948,1932,15-10-2025,401,NetBanking,success
9868,383,4719,10-08-2025,414,NetBanking,success
9877,2245,180,02-09-2025,412,NetBanking,success
9878,1862,5217,17-01-2026,6997,NetBanking,success
9882,2568,7272,31-05-2025,199,NetBanking,success
9885,1728,278,18-11-2025,3,NetBanking,success
9889,3398,4820,01-11-2025,405,NetBanking,success
9896,4210,5794,07-05-2025,143,NetBanking,success
9901,11022,3961,24-08-2025,153,NetBanking,success
9906,11879,4847,12-10-2025,164,NetBanking,success
9916,7394,4662,29-05-2025,13,NetBanking,success
9920,9938,2389,24-02-2025,401,NetBanking,success
9925,7481,7788,12-08-2025,193,NetBanking,success
9933,6850,6557,20-08-2025,199,NetBanking,success
9944,9061,975,20-07-2025,6994,NetBanking,success
9945,10092,7511,18-10-2025,199,NetBanking,success
9946,10733,7864,17-08-2025,2009,NetBanking,success
9952,3105,4584,27-02-2025,1992,NetBanking,success
9955,11281,3365,10-11-2025,1,NetBanking,success
9971,9810,1242,03-08-2025,384,NetBanking,success
9976,11921,5287,16-04-2025,6995,NetBanking,success
9979,9789,2960,09-10-2025,706,NetBanking,success
9980,5149,2853,08-08-2025,684,NetBanking,success
9981,8447,1148,02-09-2025,14,NetBanking,success
9982,8802,7669,03-09-2025,390,NetBanking,success
9985,1405,1618,09-11-2025,203,NetBanking,success
9986,11235,2279,29-06-2025,2006,NetBanking,success
9992,7265,5550,21-01-2025,391,NetBanking,success
9997,2644,141,26-04-2025,696,NetBanking,success
10002,4716,2662,25-11-2025,6995,NetBanking,success
10004,9634,6709,18-01-2026,699,NetBanking,success
10005,11047,2667,16-12-2025,409,NetBanking,success
10007,1711,6270,19-03-2025,3,NetBanking,success
10010,11815,1901,01-05-2025,394,NetBanking,success
10015,669,7081,12-05-2025,690,NetBanking,success
10019,7718,2744,12-07-2025,398,NetBanking,success
10021,152,3705,06-08-2025,682,NetBanking,success
10023,6790,6563,14-06-2025,193,NetBanking,success
10025,2999,1070,26-07-2025,1,NetBanking,success
10027,679,169,10-07-2025,1987,NetBanking,success
10033,9492,2117,30-03-2025,686,NetBanking,success
10034,6771,209,09-02-2025,1996,NetBanking,success
10037,8969,1897,12-07-2025,695,NetBanking,success
10044,10220,4863,28-12-2025,384,NetBanking,success
10046,5078,3863,14-02-2025,692,NetBanking,success
10052,7680,6881,22-10-2025,13,NetBanking,success
10057,11901,7196,13-01-2026,188,NetBanking,success
10069,10853,739,06-03-2025,415,NetBanking,success
10075,11261,7731,20-11-2025,198,NetBanking,success
10085,4778,7562,24-03-2025,2,NetBanking,success
10089,4516,4799,19-03-2025,1996,NetBanking,success
10091,2354,6422,08-04-2025,387,NetBanking,success
10097,4866,3194,02-11-2025,2003,NetBanking,success
10102,5298,6351,03-11-2025,4009,NetBanking,success
10104,3265,1576,16-08-2025,8,NetBanking,success
10116,6919,7533,19-10-2025,6989,NetBanking,success
10119,1929,2818,27-02-2025,187,NetBanking,success
10121,2088,4651,26-06-2025,711,NetBanking,success
10125,9688,7276,08-07-2025,3993,NetBanking,success
10126,10222,1877,13-07-2025,700,NetBanking,success
10133,7393,1420,06-02-2025,419,NetBanking,success
10134,8487,5151,06-12-2025,158,NetBanking,success
10135,9203,3680,12-03-2025,402,NetBanking,success
10137,1975,4990,09-03-2025,215,NetBanking,success
10138,6995,3091,16-09-2025,708,NetBanking,success
10145,1575,3207,17-01-2026,4010,NetBanking,success
10149,5360,5751,04-05-2025,205,NetBanking,success
10155,4342,5538,24-12-2025,705,NetBanking,success
10160,7910,943,26-08-2025,204,NetBanking,success
10179,7182,7582,14-08-2025,201,NetBanking,success
10200,9823,5143,24-02-2025,4007,NetBanking,success
10205,3607,2166,01-05-2025,151,NetBanking,success
10212,7158,4153,29-03-2025,3996,NetBanking,success
10213,1889,6740,22-09-2025,151,NetBanking,success
10219,746,7345,26-01-2025,201,NetBanking,success
10222,7815,4480,15-11-2025,715,NetBanking,success
10224,4046,4971,10-04-2025,685,NetBanking,success
10228,11568,3335,18-02-2025,382,NetBanking,success
10243,11746,3655,09-01-2026,6,NetBanking,success
10248,6157,4633,28-05-2025,153,NetBanking,success
10252,9893,6910,05-03-2025,694,NetBanking,success
10259,5230,1074,18-05-2025,176,NetBanking,success
10260,4574,7269,03-10-2025,1989,NetBanking,success
10278,6663,1410,22-04-2025,4008,NetBanking,success
10281,7267,6320,04-06-2025,405,NetBanking,success
10285,7731,329,03-05-2025,704,NetBanking,success
10288,9851,911,02-01-2025,157,NetBanking,success
10290,762,7803,09-05-2025,390,NetBanking,success
10291,4193,1004,15-01-2026,2001,NetBanking,success
10293,11362,7528,12-10-2025,2005,NetBanking,success
10296,3813,6034,06-11-2025,2015,NetBanking,success
10297,11890,2429,15-01-2025,9,NetBanking,success
10305,7002,7018,30-01-2025,6993,NetBanking,success
10307,7539,6223,24-06-2025,392,NetBanking,success
10312,4871,7533,23-06-2025,195,NetBanking,success
10314,4628,266,29-06-2025,1991,NetBanking,success
10330,3394,1139,16-01-2025,399,NetBanking,success
10334,6844,5837,01-01-2025,2006,NetBanking,success
10337,7133,2778,29-12-2025,1,NetBanking,success
10345,1158,5378,24-03-2025,409,NetBanking,success
10350,3598,6568,02-12-2025,2016,NetBanking,success
10369,7147,2327,22-09-2025,4007,NetBanking,success
10376,8695,7904,20-06-2025,196,NetBanking,success
10377,5460,513,17-10-2025,1,NetBanking,success
10378,7899,4094,20-11-2025,189,NetBanking,success
10386,1425,1032,24-07-2025,6,NetBanking,success
10389,3306,4691,18-12-2025,678,NetBanking,success
10391,8060,7236,28-09-2025,2009,NetBanking,success
10393,6481,4987,18-08-2025,211,NetBanking,success
10399,8145,3496,21-08-2025,402,NetBanking,success
10402,9069,1788,15-04-2025,1990,NetBanking,success
10403,9453,2743,23-04-2025,409,NetBanking,success
10410,9015,1131,30-12-2025,189,NetBanking,success
10412,5853,4499,02-06-2025,394,NetBanking,success
10415,8544,3226,15-10-2025,6992,NetBanking,success
10419,4236,4713,08-05-2025,3992,NetBanking,success
10420,2124,3856,12-01-2026,7,NetBanking,success
10423,6724,766,07-05-2025,3986,NetBanking,success
10426,6316,1072,28-01-2025,1990,NetBanking,success
10427,9439,4589,01-07-2025,407,NetBanking,success
10430,1064,3791,20-11-2025,401,NetBanking,success
10437,8427,164,24-01-2025,693,NetBanking,success
10438,10331,7657,23-01-2025,699,NetBanking,success
10443,8112,7312,12-07-2025,3984,NetBanking,success
10445,7586,1753,26-05-2025,2000,NetBanking,success
10447,8618,7640,31-08-2025,694,NetBanking,success
10460,4310,161,29-07-2025,408,NetBanking,success
10462,11944,96,17-08-2025,184,NetBanking,success
10465,10851,6704,21-08-2025,3996,NetBanking,success
10467,5123,6586,09-01-2026,147,NetBanking,success
10468,1501,1916,08-10-2025,405,NetBanking,success
10483,4506,1852,14-08-2025,396,NetBanking,success
10484,1899,7173,18-09-2025,3982,NetBanking,success
10490,63,2555,07-08-2025,4003,NetBanking,success
10493,10538,6199,09-02-2025,708,NetBanking,success
10497,6885,1215,26-11-2025,4008,NetBanking,success
10498,741,4704,29-11-2025,147,NetBanking,success
10502,3075,154,09-12-2025,9,NetBanking,success
10503,4625,3773,31-01-2025,17,NetBanking,success
10512,2726,1210,24-05-2025,7,NetBanking,success
10524,6664,6119,19-12-2025,692,NetBanking,success
10533,7201,4008,15-12-2025,190,NetBanking,success
10548,282,3281,14-01-2026,6994,NetBanking,success
10558,5809,3030,07-12-2025,401,NetBanking,success
10561,7956,5690,25-07-2025,196,NetBanking,success
10574,1375,6529,05-07-2025,396,NetBanking,success
10582,5050,4650,16-04-2025,1997,NetBanking,success
10592,2510,1050,23-09-2025,1992,NetBanking,success
10601,10444,4006,05-08-2025,2021,NetBanking,success
10603,3696,4215,01-11-2025,1994,NetBanking,success
10608,4450,1216,11-07-2025,413,NetBanking,success
10623,4073,1368,15-02-2025,406,NetBanking,success
10632,2784,4142,03-08-2025,2022,NetBanking,success
10638,11430,6375,25-09-2025,398,NetBanking,success
10645,7597,7803,07-02-2025,386,NetBanking,success
10651,8878,595,31-08-2025,189,NetBanking,success
10654,10147,1630,03-01-2025,155,NetBanking,success
10657,9054,7348,19-03-2025,202,NetBanking,success
10658,2222,5712,14-06-2025,408,NetBanking,success
10663,7440,3558,18-01-2025,390,NetBanking,success
10666,8206,829,06-02-2025,4011,NetBanking,success
10668,5913,7314,13-03-2025,6,NetBanking,success
10676,2673,4556,04-05-2025,11,NetBanking,success
10679,2421,3102,03-07-2025,6984,NetBanking,success
10683,8617,1057,15-09-2025,12,NetBanking,success
10686,3434,6618,11-06-2025,4009,NetBanking,success
10690,10154,5766,22-09-2025,403,NetBanking,success
10691,1655,6139,28-04-2025,398,NetBanking,success
10694,4088,7675,29-11-2025,4,NetBanking,success
10697,8108,7839,30-11-2025,205,NetBanking,success
10698,6299,7166,04-12-2025,6998,NetBanking,success
10705,407,3314,14-09-2025,1986,NetBanking,success
10710,10236,2339,16-08-2025,4,NetBanking,success
10711,7531,1148,09-08-2025,400,NetBanking,success
10724,5837,1789,03-05-2025,7004,NetBanking,success
10759,8958,4985,15-11-2025,7009,NetBanking,success
10762,2157,1825,18-12-2025,205,NetBanking,success
10780,9376,5387,13-09-2025,705,NetBanking,success
10782,2438,5797,02-04-2025,383,NetBanking,success
10795,8089,5892,27-05-2025,5,NetBanking,success
10798,11370,5469,05-10-2025,415,NetBanking,success
10801,7818,3926,14-11-2025,2005,NetBanking,success
10803,2048,1738,11-11-2025,392,NetBanking,success
10809,4287,2407,17-12-2025,152,NetBanking,success
10821,10111,5532,11-07-2025,18,NetBanking,success
10829,10893,7824,30-09-2025,1999,NetBanking,success
10831,9842,7865,28-05-2025,160,NetBanking,success
10833,11127,2091,03-01-2025,197,NetBanking,success
10836,3145,1337,20-02-2025,410,NetBanking,success
10840,5692,7825,10-11-2025,2006,NetBanking,success
10841,637,1162,12-10-2025,1998,NetBanking,success
10842,8916,7166,23-03-2025,10,NetBanking,success
10852,3708,6473,08-11-2025,1998,NetBanking,success
10853,6835,727,07-01-2026,398,NetBanking,success
10855,8908,3579,02-12-2025,702,NetBanking,success
10858,8800,3791,26-04-2025,136,NetBanking,success
10864,6616,5636,04-03-2025,2008,NetBanking,success
10866,896,1684,09-04-2025,708,NetBanking,success
10876,6552,1563,31-08-2025,712,NetBanking,success
10880,11205,5846,18-11-2025,704,NetBanking,success
10886,1158,5378,14-05-2025,385,NetBanking,success
10899,10054,2611,30-04-2025,2,NetBanking,success
10900,6495,170,18-08-2025,185,NetBanking,success
10902,11430,6375,24-07-2025,394,NetBanking,success
10907,2442,4302,09-05-2025,3986,NetBanking,success
10909,11508,2578,25-01-2025,408,NetBanking,success
10911,4389,4650,10-06-2025,195,NetBanking,success
10913,10157,4360,04-12-2025,144,NetBanking,success
10914,7510,5883,18-11-2025,201,NetBanking,success
10915,10526,808,12-11-2025,2011,NetBanking,success
10923,3076,110,23-10-2025,193,NetBanking,success
10926,4598,364,08-04-2025,207,NetBanking,success
10932,9676,122,26-09-2025,391,NetBanking,success
10934,101,361,28-08-2025,202,NetBanking,success
10944,8042,4413,01-01-2026,190,NetBanking,success
10946,7108,7763,24-02-2025,2007,NetBanking,success
10950,7460,3847,09-11-2025,206,NetBanking,success
10956,2148,4191,21-07-2025,1990,NetBanking,success
10967,8206,829,29-04-2025,4001,NetBanking,success
10968,811,4988,01-10-2025,394,NetBanking,success
10973,2806,2273,25-03-2025,701,NetBanking,success
10982,2422,3650,16-01-2025,1,NetBanking,success
10985,10805,5675,09-02-2025,4013,NetBanking,success
10995,1543,5359,20-06-2025,201,NetBanking,success
10996,8365,890,11-05-2025,702,NetBanking,success
11007,10534,5242,24-01-2025,419,NetBanking,success
11010,3509,5340,03-02-2025,203,NetBanking,success
11015,9617,1668,21-10-2025,204,NetBanking,success
11025,7772,4564,09-01-2026,409,NetBanking,success
11029,8109,6464,22-03-2025,707,NetBanking,success
11038,3429,2050,09-09-2025,7000,NetBanking,success
11039,5133,3574,13-07-2025,414,NetBanking,success
11044,4564,6964,19-05-2025,11,NetBanking,success
11045,9596,2692,13-05-2025,698,NetBanking,success
11049,5673,1738,22-01-2025,1,NetBanking,success
11061,1274,1748,12-08-2025,6,NetBanking,success
11066,7885,3470,13-04-2025,387,NetBanking,success
11071,2962,6105,26-03-2025,393,NetBanking,success
11078,8429,5506,01-07-2025,2000,NetBanking,success
11080,11280,6945,27-03-2025,210,NetBanking,success
11089,10522,7981,02-07-2025,710,NetBanking,success
11091,1307,6051,03-10-2025,392,NetBanking,success
11094,5782,2532,15-04-2025,3999,NetBanking,success
11097,9942,7286,11-03-2025,140,NetBanking,success
11100,5077,4995,20-03-2025,18,NetBanking,success
11105,10277,2600,29-11-2025,4001,NetBanking,success
11106,287,6752,25-12-2025,152,NetBanking,success
11112,8008,5167,23-04-2025,2013,NetBanking,success
11114,6834,5090,21-01-2025,710,NetBanking,success
11121,11911,3928,17-02-2025,208,NetBanking,success
11125,3445,3594,03-11-2025,703,NetBanking,success
11131,533,3860,07-09-2025,197,NetBanking,success
11133,392,4806,03-04-2025,369,NetBanking,success
11135,812,7672,21-12-2025,1999,NetBanking,success
11137,6217,1441,23-04-2025,9,NetBanking,success
11139,2877,1825,18-06-2025,403,NetBanking,success
11140,3198,6694,17-07-2025,200,NetBanking,success
11141,8165,106,20-11-2025,702,NetBanking,success
11145,4306,2092,26-09-2025,181,NetBanking,success
11146,2667,3526,29-01-2025,1986,NetBanking,success
11150,10666,3112,12-01-2025,388,NetBanking,success
11165,6266,1630,24-07-2025,3999,NetBanking,success
11166,958,5049,08-12-2025,400,NetBanking,success
11171,4210,5794,15-12-2025,147,NetBanking,success
11173,4075,4604,18-08-2025,4007,NetBanking,success
11179,1760,1044,14-01-2025,1997,NetBanking,success
11181,808,3870,31-01-2025,3994,NetBanking,success
11192,11160,7404,02-11-2025,408,NetBanking,success
11197,2717,6586,17-06-2025,5,NetBanking,success
11198,11470,498,09-03-2025,199,NetBanking,success
11204,10260,199,31-01-2025,698,NetBanking,success
11212,3317,2922,08-01-2026,187,NetBanking,success
11214,1489,1838,26-06-2025,694,NetBanking,success
11216,9129,4928,06-12-2025,146,NetBanking,success
11227,6528,4861,28-08-2025,4008,NetBanking,success
11228,8194,7960,09-11-2025,397,NetBanking,success
11237,2233,88,26-08-2025,205,NetBanking,success
11240,4430,4468,20-02-2025,202,NetBanking,success
11241,8081,7646,21-02-2025,391,NetBanking,success
11244,11951,5326,22-02-2025,3,NetBanking,success
11245,3455,7322,04-04-2025,2,NetBanking,success
11246,8164,7912,10-10-2025,137,NetBanking,success
11251,2773,496,04-10-2025,2,NetBanking,success
11253,1719,4681,28-05-2025,402,NetBanking,success
11262,8933,6891,17-06-2025,212,NetBanking,success
11270,4315,4213,13-02-2025,147,NetBanking,success
11289,883,4446,10-03-2025,163,NetBanking,success
11308,3786,3289,30-10-2025,12,NetBanking,success
11310,4285,3298,23-08-2025,23,NetBanking,success
11312,8039,3163,23-01-2025,3996,NetBanking,success
11319,1618,4044,02-08-2025,1982,NetBanking,success
11326,3908,6800,01-07-2025,188,NetBanking,success
11331,1529,918,14-07-2025,693,NetBanking,success
11339,6326,6465,23-04-2025,7,NetBanking,success
11340,5343,1513,13-09-2025,7000,NetBanking,success
11345,10143,2222,02-06-2025,696,NetBanking,success
11349,7525,3736,11-11-2025,1986,NetBanking,success
11353,11781,2439,20-09-2025,3990,NetBanking,success
11363,1478,3390,25-01-2025,1998,NetBanking,success
11367,11688,102,06-05-2025,4015,NetBanking,success
11370,6624,2799,07-05-2025,2002,NetBanking,success
11372,5761,5788,06-02-2025,10,NetBanking,success
11373,728,7194,28-07-2025,1987,NetBanking,success
11404,3916,7923,24-07-2025,422,NetBanking,success
11421,10750,5791,16-08-2025,4,NetBanking,success
11422,8642,432,22-07-2025,379,NetBanking,success
11426,8057,6310,06-05-2025,695,NetBanking,success
11434,741,4704,10-05-2025,145,NetBanking,success
11439,3543,4455,06-03-2025,202,NetBanking,success
11446,10268,4474,15-12-2025,2009,NetBanking,success
11448,9174,4742,04-09-2025,156,NetBanking,success
11453,5691,5843,20-05-2025,702,NetBanking,success
11455,131,2473,14-09-2025,156,NetBanking,success
11462,5011,6081,19-12-2025,388,NetBanking,success
11464,957,2380,08-03-2025,206,NetBanking,success
11465,3807,5143,07-01-2026,2008,NetBanking,success
11466,1109,3903,13-05-2025,3994,NetBanking,success
11474,5431,1068,11-03-2025,16,NetBanking,success
11477,9436,6380,22-12-2025,6998,NetBanking,success
11482,6808,6743,07-08-2025,393,NetBanking,success
11483,10662,5624,21-10-2025,195,NetBanking,success
11486,6852,7313,13-10-2025,407,NetBanking,success
11487,10766,3776,31-03-2025,399,NetBanking,success
11506,2514,1567,23-02-2025,168,NetBanking,success
11511,5344,328,28-02-2025,6,NetBanking,success
11513,9203,3680,12-07-2025,400,NetBanking,success
11522,11273,5657,28-11-2025,669,NetBanking,success
11538,11847,7531,25-04-2025,691,NetBanking,success
11542,8358,565,25-02-2025,205,NetBanking,success
11545,3223,1147,15-04-2025,405,NetBanking,success
11566,11286,5019,16-07-2025,401,NetBanking,success
11576,6261,5649,22-06-2025,3,NetBanking,success
11577,10031,2908,28-09-2025,2003,NetBanking,success
11581,1824,7067,31-05-2025,162,NetBanking,success
11597,11083,3046,14-07-2025,1987,NetBanking,success
11599,6885,1215,09-03-2025,3998,NetBanking,success
11600,452,6549,18-02-2025,210,NetBanking,success
11601,3371,4214,07-09-2025,394,NetBanking,success
11613,8251,683,20-06-2025,9,NetBanking,success
11614,5858,1529,18-07-2025,1985,NetBanking,success
11615,2115,1131,01-01-2026,401,NetBanking,success
11621,7621,3017,04-06-2025,193,NetBanking,success
11622,8905,4784,23-02-2025,200,NetBanking,success
11625,9520,3208,04-08-2025,201,NetBanking,success
11627,10021,7661,08-09-2025,1991,NetBanking,success
11628,4631,7852,18-03-2025,381,NetBanking,success
11631,11388,3785,08-07-2025,690,NetBanking,success
11640,4238,5081,17-06-2025,1988,NetBanking,success
11641,8434,1279,02-11-2025,686,NetBanking,success
11642,9949,4800,25-01-2025,158,NetBanking,success
11670,1692,1065,09-09-2025,190,NetBanking,success
11678,775,6353,25-11-2025,193,NetBanking,success
11686,9592,6555,01-12-2025,8,NetBanking,success
11688,2479,3007,10-08-2025,9,NetBanking,success
11692,7440,3558,15-09-2025,392,NetBanking,success
11694,11418,5320,01-01-2025,6975,NetBanking,success
11700,3174,3295,11-11-2025,3999,NetBanking,success
11716,5312,4697,18-05-2025,6992,NetBanking,success
11719,11555,3296,30-12-2025,204,NetBanking,success
11724,550,1971,18-12-2025,408,NetBanking,success
11726,11609,6312,26-12-2025,707,NetBanking,success
11745,9114,2596,17-01-2026,392,NetBanking,success
11760,7666,7487,26-08-2025,4004,NetBanking,success
11764,7816,5744,07-02-2025,195,NetBanking,success
11767,3747,775,26-12-2025,8,NetBanking,success
11768,616,1271,16-08-2025,5,NetBanking,success
11774,10537,2248,03-11-2025,3985,NetBanking,success
11777,3827,5101,20-07-2025,4012,NetBanking,success
11781,6419,6054,15-06-2025,2,NetBanking,success
11791,11105,6708,16-08-2025,691,NetBanking,success
11797,2701,1799,24-01-2025,390,NetBanking,success
11799,5422,5717,15-05-2025,694,NetBanking,success
11800,3148,198,11-08-2025,398,NetBanking,success
11804,5286,4885,08-11-2025,396,NetBanking,success
11808,8795,1569,28-03-2025,4003,NetBanking,success
11810,11082,4161,26-01-2025,22,NetBanking,success
11818,3981,7079,31-07-2025,137,NetBanking,success
11820,6069,1552,21-06-2025,408,NetBanking,success
11822,2660,6367,17-03-2025,192,NetBanking,success
11826,6352,351,17-08-2025,4003,NetBanking,success
11827,1183,6185,24-06-2025,198,NetBanking,success
11829,8262,646,30-09-2025,2007,NetBanking,success
11835,2864,3093,29-05-2025,3,NetBanking,success
11848,11555,3296,02-05-2025,201,NetBanking,success
11849,4576,3945,31-12-2025,394,NetBanking,success
11852,9036,5783,23-07-2025,6987,NetBanking,success
11855,3713,3686,10-01-2025,393,NetBanking,success
11860,11851,5380,14-05-2025,193,NetBanking,success
11865,8143,4783,05-11-2025,3998,NetBanking,success
11866,10931,1987,25-03-2025,393,NetBanking,success
11870,10290,6155,01-01-2026,143,NetBanking,success
11875,968,7780,30-04-2025,193,NetBanking,success
11878,11202,6500,30-10-2025,187,NetBanking,success
11882,6842,5887,17-02-2025,134,NetBanking,success
11885,3241,2467,12-12-2025,6979,NetBanking,success
11896,7725,5559,27-05-2025,425,NetBanking,success
11897,2242,7866,27-07-2025,10,NetBanking,success
11899,8380,2519,14-12-2025,7,NetBanking,success
11902,3595,5768,22-06-2025,6993,NetBanking,success
11905,1122,3150,01-10-2025,710,NetBanking,success
11911,77,5011,19-09-2025,211,NetBanking,success
11912,5178,1669,18-09-2025,202,NetBanking,success
11914,4909,5090,21-02-2025,690,NetBanking,success
11926,5736,2727,22-03-2025,394,NetBanking,success
11930,7451,6052,22-02-2025,2000,NetBanking,success
11937,10095,2858,29-07-2025,17,NetBanking,success
11944,6568,7456,20-06-2025,8,NetBanking,success
11947,4287,2407,06-03-2025,139,NetBanking,success
11948,331,2546,28-08-2025,180,NetBanking,success
11952,5058,2915,24-01-2025,134,NetBanking,success
11958,4423,6531,22-11-2025,713,NetBanking,success
11963,3549,192,22-02-2025,7004,NetBanking,success
11972,3410,4615,13-05-2025,22,NetBanking,success
11974,2711,4260,01-01-2026,6998,NetBanking,success
11978,11106,3457,10-07-2025,203,NetBanking,success
11985,242,685,12-11-2025,207,NetBanking,success
11989,7216,979,06-01-2025,3994,NetBanking,success
11991,2272,6219,17-03-2025,681,NetBanking,success
11993,3856,5007,30-09-2025,692,NetBanking,success
23,4583,6719,26-04-2025,21,UPI,failed
54,11780,5153,26-12-2025,390,UPI,failed
263,10369,6189,06-06-2025,697,UPI,failed
278,9816,4187,07-01-2025,4013,UPI,failed
285,3706,668,01-05-2025,694,UPI,failed
326,10933,174,25-12-2025,2014,UPI,failed
333,9957,9,04-08-2025,399,UPI,failed
398,7988,2944,11-06-2025,7018,UPI,failed
488,5442,7182,07-10-2025,2005,UPI,failed
639,5246,3275,25-09-2025,409,UPI,failed
703,2109,4929,04-11-2025,193,UPI,failed
755,9512,5158,07-08-2025,701,UPI,failed
759,2685,2643,05-01-2025,3,UPI,failed
791,11681,1903,23-11-2025,3,UPI,failed
834,5349,3387,28-11-2025,404,UPI,failed
841,2287,7756,31-05-2025,1998,UPI,failed
858,4715,3940,24-09-2025,406,UPI,failed
863,4854,5891,27-06-2025,1992,UPI,failed
1000,339,7943,06-06-2025,702,UPI,failed
1004,11526,337,04-01-2026,10,UPI,failed
1074,5122,2865,03-12-2025,398,UPI,failed
1085,11008,1837,19-04-2025,185,UPI,failed
1181,3978,1207,25-04-2025,14,UPI,failed
1261,4653,1362,17-05-2025,3995,UPI,failed
1283,6094,328,05-08-2025,378,UPI,failed
1329,10073,691,06-03-2025,699,UPI,failed
1336,9539,6937,18-01-2025,209,UPI,failed
1442,11685,667,15-04-2025,140,UPI,failed
1470,10069,6457,16-05-2025,193,UPI,failed
1509,6112,4285,11-11-2025,410,UPI,failed
1530,9841,5965,05-12-2025,7002,UPI,failed
1588,6405,6815,19-01-2025,695,UPI,failed
1628,5410,1305,07-07-2025,21,UPI,failed
1640,5230,1074,24-02-2025,216,UPI,failed
1647,10454,6873,19-11-2025,698,UPI,failed
1708,6995,3091,17-01-2025,690,UPI,failed
1804,3748,5741,30-03-2025,19,UPI,failed
1902,5495,4955,06-01-2025,8,UPI,failed
1923,3571,6024,12-06-2025,6,UPI,failed
1978,6491,2048,28-08-2025,197,UPI,failed
2021,6381,68,08-02-2025,698,UPI,failed
2063,9926,5099,04-10-2025,2000,UPI,failed
2131,11250,4541,26-05-2025,376,UPI,failed
2158,7441,3337,26-01-2025,395,UPI,failed
2187,8807,2143,30-01-2025,404,UPI,failed
2209,11653,884,21-01-2025,386,UPI,failed
2224,10321,6249,07-11-2025,710,UPI,failed
2245,2428,623,04-09-2025,7020,UPI,failed
2249,3631,2264,29-01-2025,189,UPI,failed
2366,3381,801,24-04-2025,200,UPI,failed
2370,8812,5587,17-01-2025,405,UPI,failed
2435,6736,4033,18-05-2025,6997,UPI,failed
2438,3616,263,20-03-2025,204,UPI,failed
2500,9863,443,10-07-2025,9,UPI,failed
2529,11605,7382,16-01-2025,197,UPI,failed
2537,7164,4612,14-07-2025,9,UPI,failed
2595,865,6561,17-08-2025,7000,UPI,failed
2603,1743,2971,18-09-2025,414,UPI,failed
2605,737,4528,05-11-2025,9,UPI,failed
2690,9843,4748,27-11-2025,132,UPI,failed
2705,417,1702,28-09-2025,2000,UPI,failed
2762,6571,5114,08-12-2025,390,UPI,failed
2767,4310,161,25-07-2025,401,UPI,failed
2775,897,3602,18-07-2025,193,UPI,failed
2780,3897,6223,04-09-2025,1995,UPI,failed
2786,8520,6299,03-02-2025,706,UPI,failed
2797,9857,5968,21-03-2025,714,UPI,failed
2810,3606,2542,30-10-2025,195,UPI,failed
2825,9958,5532,03-01-2026,383,UPI,failed
2852,4715,3940,20-09-2025,398,UPI,failed
2885,7595,1069,25-02-2025,4006,UPI,failed
2965,3117,2507,11-01-2025,397,UPI,failed
2970,4192,1549,20-01-2025,4006,UPI,failed
2983,5356,2053,12-02-2025,198,UPI,failed
3035,1217,756,13-03-2025,395,UPI,failed
3043,1852,3285,19-01-2025,404,UPI,failed
3065,9993,4898,06-01-2025,4,UPI,failed
3076,5340,7937,01-07-2025,4021,UPI,failed
3130,3068,5664,23-05-2025,7009,UPI,failed
3132,7338,3792,16-07-2025,9,UPI,failed
3183,4329,5125,06-01-2025,412,UPI,failed
3190,1223,5628,01-10-2025,7008,UPI,failed
3231,9292,3719,15-01-2025,1996,UPI,failed
3312,2897,6305,29-07-2025,697,UPI,failed
3316,8898,4481,09-10-2025,2010,UPI,failed
3342,2668,7719,18-10-2025,408,UPI,failed
3371,4828,667,28-03-2025,7,UPI,failed
3372,9827,3673,19-06-2025,1995,UPI,failed
3417,9186,3018,07-02-2025,179,UPI,failed
3424,8091,551,16-01-2026,4000,UPI,failed
3557,5158,3688,15-10-2025,405,UPI,failed
3595,6848,4853,09-12-2025,208,UPI,failed
3626,3192,135,25-02-2025,4,UPI,failed
3634,1053,2777,09-06-2025,17,UPI,failed
3718,2406,6880,11-09-2025,183,UPI,failed
3794,10950,4691,11-06-2025,698,UPI,failed
3920,8964,1778,14-12-2025,210,UPI,failed
3955,2861,556,26-01-2025,198,UPI,failed
3981,2608,1761,12-12-2025,1987,UPI,failed
4002,10155,4754,08-07-2025,395,UPI,failed
4019,8141,5455,14-01-2026,403,UPI,failed
4114,8008,5167,13-05-2025,1999,UPI,failed
4132,9404,174,01-10-2025,685,UPI,failed
4184,6061,6309,04-02-2025,197,UPI,failed
4198,5748,6267,07-03-2025,399,UPI,failed
4210,7108,7763,30-03-2025,1999,UPI,failed
4239,3148,198,24-07-2025,395,UPI,failed
4266,6474,4270,15-09-2025,211,UPI,failed
4308,5345,6997,11-05-2025,697,UPI,failed
4325,4798,246,18-05-2025,210,UPI,failed
4349,8995,6689,04-10-2025,229,UPI,failed
4412,9505,5827,19-12-2025,409,UPI,failed
4497,11540,4946,03-05-2025,5,UPI,failed
4649,7971,290,25-04-2025,201,UPI,failed
4728,5019,7613,05-05-2025,208,UPI,failed
4782,7443,1677,21-10-2025,702,UPI,failed
4847,11806,6289,24-01-2025,408,UPI,failed
4850,870,4935,28-08-2025,189,UPI,failed
4879,1384,6968,04-12-2025,396,UPI,failed
5102,5701,2018,11-01-2026,1995,UPI,failed
5135,2086,7488,01-05-2025,392,UPI,failed
5195,6610,299,18-07-2025,1995,UPI,failed
5325,10646,4990,09-01-2025,692,UPI,failed
5393,6253,7247,13-11-2025,3978,UPI,failed
5396,7666,7487,07-08-2025,3985,UPI,failed
5610,3682,4280,05-01-2025,1996,UPI,failed
5618,10750,5791,15-11-2025,19,UPI,failed
5667,8079,5438,21-04-2025,212,UPI,failed
5679,9291,2841,31-08-2025,190,UPI,failed
5695,3220,2515,02-05-2025,6990,UPI,failed
5750,7745,4182,22-05-2025,1993,UPI,failed
5764,6337,6002,30-10-2025,210,UPI,failed
5994,2182,1240,10-06-2025,4000,UPI,failed
6087,5954,5346,06-04-2025,1999,UPI,failed
6103,197,5704,09-10-2025,3999,UPI,failed
6159,1105,231,28-10-2025,7006,UPI,failed
6161,7012,5273,11-04-2025,2013,UPI,failed
6182,4158,7042,29-08-2025,400,UPI,failed
6200,9618,4012,06-01-2026,197,UPI,failed
6245,8003,2010,05-05-2025,398,UPI,failed
6253,3213,6502,20-01-2025,5,UPI,failed
6261,11055,4961,14-12-2025,394,UPI,failed
6319,7754,3749,06-03-2025,2006,UPI,failed
6340,1619,6251,08-04-2025,211,UPI,failed
6347,1685,222,18-01-2026,198,UPI,failed
6357,5743,2039,10-10-2025,198,UPI,failed
6363,11923,6842,09-01-2025,14,UPI,failed
6378,10373,706,24-12-2025,10,UPI,failed
6389,4522,3944,19-12-2025,707,UPI,failed
6477,11371,6998,04-04-2025,2001,UPI,failed
6495,3621,3734,03-09-2025,2022,UPI,failed
6558,6896,6673,22-10-2025,194,UPI,failed
6591,777,6756,22-01-2025,213,UPI,failed
6638,3894,1111,13-05-2025,2001,UPI,failed
6682,9025,7028,02-10-2025,204,UPI,failed
6730,189,1778,19-02-2025,206,UPI,failed
6777,4029,6,16-05-2025,1986,UPI,failed
6786,11054,3053,24-05-2025,402,UPI,failed
6817,6197,1248,28-10-2025,400,UPI,failed
6951,861,5100,23-10-2025,1991,UPI,failed
7029,5634,4425,25-11-2025,200,UPI,failed
7099,8099,2096,21-04-2025,396,UPI,failed
7103,1395,1056,21-04-2025,198,UPI,failed
7197,7078,2562,10-06-2025,4007,UPI,failed
7210,1442,2037,24-09-2025,1999,UPI,failed
7223,6770,2703,03-08-2025,388,UPI,failed
7262,1237,2400,21-06-2025,694,UPI,failed
7307,9033,7121,23-10-2025,3989,UPI,failed
7356,11521,5947,04-02-2025,1985,UPI,failed
7359,4132,3888,02-08-2025,3997,UPI,failed
7391,8179,4082,31-07-2025,696,UPI,failed
7402,9794,6711,16-12-2025,698,UPI,failed
7443,11772,6898,17-08-2025,157,UPI,failed
7565,5405,3604,30-01-2025,419,UPI,failed
7587,6883,2545,23-03-2025,688,UPI,failed
7626,1109,3903,10-01-2026,4006,UPI,failed
7662,10926,618,01-09-2025,7005,UPI,failed
7699,8555,2202,22-12-2025,193,UPI,failed
7806,10501,1615,20-12-2025,685,UPI,failed
7821,10498,5419,14-09-2025,673,UPI,failed
7853,796,4774,18-01-2025,136,UPI,failed
7866,327,2262,09-11-2025,2010,UPI,failed
7987,1457,3784,16-11-2025,6998,UPI,failed
8010,11190,834,28-09-2025,1989,UPI,failed
8144,9283,355,07-06-2025,2007,UPI,failed
8152,8201,5435,13-10-2025,406,UPI,failed
8236,7383,5037,11-08-2025,693,UPI,failed
8277,8098,5400,02-07-2025,383,UPI,failed
8290,3634,7522,02-07-2025,685,UPI,failed
8427,11906,2296,24-05-2025,3,UPI,failed
8469,8303,5138,18-05-2025,9,UPI,failed
8531,11194,5319,25-11-2025,197,UPI,failed
8624,115,3642,08-10-2025,397,UPI,failed
8627,4068,4130,07-07-2025,3981,UPI,failed
8712,8582,6134,06-02-2025,708,UPI,failed
8837,6290,4401,27-05-2025,199,UPI,failed
8887,8065,2519,04-01-2026,3995,UPI,failed
9002,1290,7240,03-01-2025,715,UPI,failed
9029,10391,1909,16-01-2026,401,UPI,failed
9161,11273,5657,30-07-2025,711,UPI,failed
9249,5460,513,28-08-2025,4,UPI,failed
9289,1739,7821,18-01-2025,694,UPI,failed
9309,189,1778,09-01-2026,202,UPI,failed
9335,9747,6877,11-08-2025,6996,UPI,failed
9340,1288,1772,03-06-2025,399,UPI,failed
9345,9540,931,16-03-2025,1999,UPI,failed
9402,11054,3053,27-04-2025,392,UPI,failed
9405,4447,856,29-11-2025,6,UPI,failed
9408,8395,4664,08-12-2025,395,UPI,failed
9458,6520,7204,09-07-2025,7014,UPI,failed
9468,5551,1715,14-04-2025,136,UPI,failed
9494,6062,5630,21-01-2025,206,UPI,failed
9502,9067,2600,07-01-2025,170,UPI,failed
9583,7934,6450,30-11-2025,1990,UPI,failed
9649,3051,4415,03-04-2025,689,UPI,failed
9665,3936,2375,25-09-2025,188,UPI,failed
9804,10381,1317,27-09-2025,6987,UPI,failed
9849,10420,6555,05-09-2025,712,UPI,failed
9869,9850,1183,11-02-2025,6,UPI,failed
9904,10610,5903,29-06-2025,10,UPI,failed
9943,8043,770,31-12-2025,708,UPI,failed
9998,2704,3271,12-11-2025,160,UPI,failed
10008,7927,1879,04-07-2025,4001,UPI,failed
10066,1466,4870,19-10-2025,10,UPI,failed
10090,4350,3764,09-02-2025,408,UPI,failed
10122,2432,6793,25-08-2025,191,UPI,failed
10234,9791,328,27-09-2025,1,UPI,failed
10241,9116,5762,16-05-2025,682,UPI,failed
10271,299,2583,05-09-2025,3994,UPI,failed
10282,2589,4704,22-03-2025,3977,UPI,failed
10325,5785,6282,15-01-2026,200,UPI,failed
10372,2676,4362,13-07-2025,198,UPI,failed
10387,7279,6057,13-01-2025,3,UPI,failed
10446,4611,5474,08-01-2025,140,UPI,failed
10500,1677,1083,16-01-2025,205,UPI,failed
10510,5337,7003,26-02-2025,133,UPI,failed
10531,6668,2982,26-11-2025,687,UPI,failed
10576,1428,2980,12-02-2025,715,UPI,failed
10596,1338,7313,05-06-2025,193,UPI,failed
10702,10176,6055,31-03-2025,7007,UPI,failed
10704,11462,4439,03-11-2025,399,UPI,failed
10848,916,5259,15-01-2026,182,UPI,failed
10854,10913,5378,11-02-2025,1997,UPI,failed
10857,187,5564,10-07-2025,2009,UPI,failed
10863,5858,1529,21-04-2025,2008,UPI,failed
10885,7951,5367,15-05-2025,2004,UPI,failed
10912,5125,217,21-09-2025,4010,UPI,failed
11032,7650,4906,17-12-2025,2002,UPI,failed
11257,7458,7569,21-03-2025,395,UPI,failed
11306,8014,4495,19-04-2025,4001,UPI,failed
11375,4265,5646,15-02-2025,2017,UPI,failed
11376,7354,1310,09-01-2025,1989,UPI,failed
11386,7273,6451,26-03-2025,7002,UPI,failed
11391,5750,6992,02-08-2025,2004,UPI,failed
11443,2593,4922,24-04-2025,202,UPI,failed
11459,5602,736,28-04-2025,141,UPI,failed
11468,8619,838,19-02-2025,18,UPI,failed
11476,4184,209,18-06-2025,396,UPI,failed
11582,6067,1944,05-09-2025,1988,UPI,failed
11586,849,7599,31-12-2025,7013,UPI,failed
11591,361,5264,06-10-2025,407,UPI,failed
11667,2750,5625,06-10-2025,400,UPI,failed
11696,5820,762,13-05-2025,217,UPI,failed
11765,17,2114,14-01-2025,700,UPI,failed
11971,9984,7151,02-12-2025,695,UPI,failed
11973,5992,4990,21-02-2025,399,UPI,failed
11999,9179,5987,10-04-2025,198,UPI,failed
19,11267,1635,28-05-2025,9,Card,failed
46,1991,3457,17-06-2025,690,Card,failed
102,6594,7531,01-01-2025,6997,Card,failed
144,7881,3512,03-07-2025,3989,Card,failed
149,1436,4938,22-03-2025,9,Card,failed
202,1398,7678,02-09-2025,405,Card,failed
217,7385,1587,10-04-2025,177,Card,failed
293,5275,84,05-04-2025,8,Card,failed
338,1697,6394,20-01-2025,388,Card,failed
340,9206,3154,01-08-2025,706,Card,failed
342,5259,2793,27-04-2025,388,Card,failed
385,7000,7827,17-11-2025,190,Card,failed
410,5856,5246,23-08-2025,412,Card,failed
449,9767,3681,23-02-2025,150,Card,failed
451,3069,5232,27-07-2025,6,Card,failed
519,417,1702,01-03-2025,1996,Card,failed
561,8039,3163,23-05-2025,3998,Card,failed
574,6323,1497,10-10-2025,203,Card,failed
586,4756,3180,15-11-2025,7005,Card,failed
634,10261,4083,24-03-2025,3995,Card,failed
647,7150,5497,21-05-2025,405,Card,failed
686,11248,6766,11-04-2025,6995,Card,failed
695,5734,6255,16-01-2026,413,Card,failed
717,1422,3426,23-12-2025,401,Card,failed
747,7939,7752,09-01-2026,687,Card,failed
839,2076,2158,03-04-2025,389,Card,failed
885,5759,4965,24-03-2025,411,Card,failed
892,8353,1034,02-01-2025,404,Card,failed
918,1571,1600,22-06-2025,146,Card,failed
1185,8816,3586,15-02-2025,710,Card,failed
1242,6141,5942,16-08-2025,10,Card,failed
1300,4209,7805,21-10-2025,146,Card,failed
1312,10297,4553,02-12-2025,2001,Card,failed
1315,9832,1506,23-12-2025,169,Card,failed
1343,5943,2720,24-11-2025,7007,Card,failed
1368,6260,23,24-12-2025,685,Card,failed
1395,9819,2187,19-06-2025,141,Card,failed
1461,9429,4482,09-11-2025,203,Card,failed
1505,3031,4192,12-02-2025,2007,Card,failed
1536,8013,3893,25-05-2025,164,Card,failed
1636,7583,6968,29-07-2025,4005,Card,failed
1743,9675,4883,02-10-2025,6994,Card,failed
1767,3694,3436,01-09-2025,4013,Card,failed
1778,975,2630,20-03-2025,403,Card,failed
1845,7145,2253,15-02-2025,707,Card,failed
1976,4078,5040,21-07-2025,395,Card,failed
2040,10935,580,25-11-2025,201,Card,failed
2163,3968,4682,22-03-2025,146,Card,failed
2400,4455,4863,12-01-2026,201,Card,failed
2432,6049,7317,27-12-2025,1993,Card,failed
2463,7404,1225,03-11-2025,33,Card,failed
2507,4981,7097,12-05-2025,154,Card,failed
2539,3779,7643,17-03-2025,701,Card,failed
2569,10901,3370,22-04-2025,155,Card,failed
2581,6549,7074,17-02-2025,4013,Card,failed
2652,7943,3576,23-10-2025,689,Card,failed
2669,204,5189,13-10-2025,5,Card,failed
2763,1769,2784,24-08-2025,194,Card,failed
2777,11150,1802,01-09-2025,11,Card,failed
2822,6208,7876,06-08-2025,1983,Card,failed
2831,11572,1504,17-09-2025,6995,Card,failed
2847,8818,6148,23-05-2025,2009,Card,failed
2848,8610,3797,14-03-2025,6997,Card,failed
2973,8757,3545,30-01-2025,11,Card,failed
2998,235,7408,13-01-2026,144,Card,failed
3008,385,179,26-01-2025,703,Card,failed
3047,3606,2542,07-10-2025,191,Card,failed
3106,6819,1021,07-04-2025,3,Card,failed
3154,8985,2210,05-01-2026,187,Card,failed
3177,6745,441,29-10-2025,681,Card,failed
3269,11550,7980,18-01-2026,203,Card,failed
3281,5212,7251,26-02-2025,144,Card,failed
3377,957,2380,23-08-2025,213,Card,failed
3384,4151,2384,09-03-2025,2025,Card,failed
3419,8054,3779,11-11-2025,402,Card,failed
3446,9105,7863,13-06-2025,3992,Card,failed
3514,1553,2407,18-08-2025,191,Card,failed
3540,2880,2190,11-11-2025,5,Card,failed
3578,4430,4468,21-02-2025,198,Card,failed
3582,4243,7250,10-01-2026,403,Card,failed
3590,9811,7087,06-01-2025,207,Card,failed
3603,5227,2263,27-08-2025,1997,Card,failed
3772,8834,408,08-07-2025,197,Card,failed
3865,9366,1834,12-02-2025,4007,Card,failed
3875,7570,3265,27-01-2025,207,Card,failed
3928,9165,2879,20-06-2025,3997,Card,failed
4000,6052,5457,17-01-2025,2009,Card,failed
4079,8881,2076,03-05-2025,160,Card,failed
4125,7101,4095,13-03-2025,372,Card,failed
4139,40,932,26-07-2025,188,Card,failed
4175,1410,418,19-08-2025,134,Card,failed
4191,5646,394,02-06-2025,195,Card,failed
4263,7278,7234,03-05-2025,9,Card,failed
4361,2683,571,22-07-2025,1998,Card,failed
4398,8245,5655,14-03-2025,412,Card,failed
4426,3907,6367,24-02-2025,182,Card,failed
4433,10538,6199,17-05-2025,716,Card,failed
4437,3421,7874,06-01-2025,404,Card,failed
4514,6568,7456,24-01-2025,8,Card,failed
4544,751,5386,25-08-2025,201,Card,failed
4579,6353,1927,29-11-2025,193,Card,failed
4608,4669,1457,07-05-2025,205,Card,failed
4711,10867,3143,05-03-2025,688,Card,failed
4773,3514,2765,30-09-2025,137,Card,failed
4774,1242,5023,07-12-2025,193,Card,failed
4807,10162,4064,15-04-2025,196,Card,failed
4895,2086,7488,12-01-2025,391,Card,failed
4912,922,447,12-06-2025,389,Card,failed
5056,7677,4430,27-08-2025,696,Card,failed
5133,6455,5605,27-06-2025,402,Card,failed
5170,11446,365,07-04-2025,192,Card,failed
5260,1881,3307,25-01-2025,3988,Card,failed
5291,1844,3614,23-03-2025,2015,Card,failed
5315,5886,2342,30-08-2025,145,Card,failed
5339,10286,3134,17-06-2025,3994,Card,failed
5379,6768,237,22-02-2025,2007,Card,failed
5591,7327,4323,29-09-2025,206,Card,failed
5684,5517,5264,01-06-2025,191,Card,failed
5686,8988,24,08-06-2025,393,Card,failed
5700,6313,4332,07-12-2025,397,Card,failed
5810,385,179,26-08-2025,703,Card,failed
5817,1068,848,29-03-2025,392,Card,failed
5831,8136,2489,14-09-2025,4001,Card,failed
5832,8457,7513,06-05-2025,704,Card,failed
5851,1774,5788,27-04-2025,158,Card,failed
5884,10011,3164,27-12-2025,396,Card,failed
5957,5374,2518,29-03-2025,2004,Card,failed
5974,7579,2050,24-04-2025,150,Card,failed
6048,8584,6566,16-07-2025,4007,Card,failed
6057,6139,5129,13-11-2025,200,Card,failed
6086,6534,3045,05-12-2025,692,Card,failed
6130,10643,5697,08-06-2025,710,Card,failed
6160,6973,2489,06-02-2025,401,Card,failed
6218,2325,7526,27-09-2025,158,Card,failed
6244,7635,4289,17-09-2025,392,Card,failed
6276,4850,7256,15-10-2025,3996,Card,failed
6286,202,6920,08-02-2025,188,Card,failed
6299,7454,3005,02-03-2025,7011,Card,failed
6311,3281,2331,05-04-2025,206,Card,failed
6328,3155,1293,06-07-2025,2001,Card,failed
6354,3138,2080,11-03-2025,189,Card,failed
6427,9314,2872,13-01-2025,204,Card,failed
6537,3184,1744,08-01-2026,704,Card,failed
6550,3848,3717,23-12-2025,410,Card,failed
6685,8313,6168,21-07-2025,387,Card,failed
6734,8613,1399,04-05-2025,18,Card,failed
6840,6302,5186,31-10-2025,393,Card,failed
6868,4077,7830,04-08-2025,207,Card,failed
6917,11998,6086,13-02-2025,2003,Card,failed
6954,9144,7341,12-06-2025,701,Card,failed
6955,6728,2770,06-11-2025,185,Card,failed
7009,9867,916,11-06-2025,1979,Card,failed
7037,10216,5711,06-03-2025,403,Card,failed
7073,8271,2317,12-09-2025,38,Card,failed
7196,3989,6558,04-04-2025,404,Card,failed
7253,10586,4949,08-08-2025,4006,Card,failed
7276,8654,5396,20-04-2025,201,Card,failed
7321,11660,2563,23-03-2025,12,Card,failed
7325,3819,6206,07-04-2025,418,Card,failed
7446,10797,35,15-06-2025,189,Card,failed
7449,6228,2963,28-11-2025,2007,Card,failed
7462,4129,2277,01-02-2025,214,Card,failed
7516,4572,3094,04-03-2025,1991,Card,failed
7550,7187,2357,01-06-2025,1994,Card,failed
7570,855,2020,06-04-2025,412,Card,failed
7717,10273,4443,27-06-2025,209,Card,failed
7751,3762,2262,19-04-2025,197,Card,failed
7788,6136,1601,19-09-2025,199,Card,failed
7859,7132,2306,02-04-2025,5,Card,failed
7904,1351,5775,06-05-2025,406,Card,failed
8026,5926,2612,23-10-2025,4008,Card,failed
8032,2931,6183,27-02-2025,1995,Card,failed
8074,4256,3052,06-04-2025,181,Card,failed
8091,3661,2640,16-08-2025,4000,Card,failed
8112,5502,5853,30-03-2025,3995,Card,failed
8122,1062,3332,04-04-2025,4016,Card,failed
8211,716,569,06-05-2025,193,Card,failed
8219,2418,2622,09-07-2025,17,Card,failed
8224,1487,1066,12-02-2025,7,Card,failed
8267,3195,4989,20-06-2025,397,Card,failed
8345,7183,2209,29-03-2025,714,Card,failed
8360,5149,2853,19-07-2025,689,Card,failed
8374,11187,5243,06-09-2025,152,Card,failed
8446,10065,3765,07-02-2025,704,Card,failed
8542,11672,1739,15-01-2026,700,Card,failed
8659,3470,2887,12-08-2025,399,Card,failed
8683,5588,2774,20-05-2025,700,Card,failed
8688,2293,4108,20-07-2025,401,Card,failed
8848,9860,3182,10-07-2025,4001,Card,failed
8963,10374,3902,05-01-2026,195,Card,failed
9000,3650,3708,03-11-2025,4004,Card,failed
9038,9935,377,03-12-2025,403,Card,failed
9059,1037,3987,04-03-2025,401,Card,failed
9210,2529,7783,20-11-2025,205,Card,failed
9254,9193,664,06-12-2025,13,Card,failed
9322,257,6165,08-10-2025,174,Card,failed
9353,6449,4729,18-10-2025,217,Card,failed
9380,3962,4624,04-11-2025,4005,Card,failed
9467,9736,1758,09-10-2025,6989,Card,failed
9726,6612,3542,03-03-2025,680,Card,failed
9779,617,4269,11-01-2025,401,Card,failed
9859,6193,4144,06-02-2025,6985,Card,failed
9927,457,1373,30-08-2025,400,Card,failed
9941,8606,2619,30-09-2025,706,Card,failed
10024,2679,384,12-04-2025,194,Card,failed
10095,8880,5031,30-03-2025,8,Card,failed
10098,936,1068,20-12-2025,192,Card,failed
10191,857,6544,13-01-2025,2007,Card,failed
10221,1309,4964,01-10-2025,4,Card,failed
10263,10569,2022,08-12-2025,398,Card,failed
10269,5568,3078,19-09-2025,184,Card,failed
10417,3243,2001,16-02-2025,2017,Card,failed
10428,9577,6243,24-11-2025,701,Card,failed
10451,11059,678,14-07-2025,136,Card,failed
10479,4179,6427,18-04-2025,185,Card,failed
10634,10522,7981,08-04-2025,699,Card,failed
10696,7756,5470,04-06-2025,711,Card,failed
10734,3926,5298,21-05-2025,1990,Card,failed
10773,2397,6789,15-07-2025,150,Card,failed
10778,6618,7023,28-12-2025,6978,Card,failed
10810,174,1321,09-08-2025,694,Card,failed
10875,3475,7878,08-02-2025,7008,Card,failed
10896,6214,7081,15-01-2026,421,Card,failed
10935,2834,1470,09-01-2025,1993,Card,failed
10963,945,277,17-01-2026,6999,Card,failed
11052,8101,6755,27-06-2025,3992,Card,failed
11056,3531,6838,27-11-2025,721,Card,failed
11110,10012,2188,31-03-2025,3986,Card,failed
11124,1050,5518,30-11-2025,207,Card,failed
11184,4919,3123,08-02-2025,6996,Card,failed
11222,9001,7099,01-05-2025,203,Card,failed
11230,5324,216,17-10-2025,4002,Card,failed
11298,2948,61,05-02-2025,11,Card,failed
11385,782,2889,22-04-2025,693,Card,failed
11478,2708,5701,30-07-2025,6988,Card,failed
11530,3127,2692,18-11-2025,376,Card,failed
11559,10313,1128,16-04-2025,12,Card,failed
11587,4724,7520,23-02-2025,695,Card,failed
11588,2427,1383,07-08-2025,120,Card,failed
11590,9762,3634,26-01-2025,4009,Card,failed
11610,2789,3833,15-03-2025,710,Card,failed
11681,2033,123,03-10-2025,692,Card,failed
11685,4686,3751,04-02-2025,205,Card,failed
11707,2996,5358,03-08-2025,401,Card,failed
11737,10598,6990,01-12-2025,408,Card,failed
11775,550,1971,14-07-2025,409,Card,failed
11790,4993,7899,18-07-2025,3991,Card,failed
11809,7023,2379,08-01-2026,195,Card,failed
11901,8187,3959,15-04-2025,136,Card,failed
11908,5098,2482,07-08-2025,6,Card,failed
11922,9460,2880,09-01-2026,134,Card,failed
11943,6563,3063,19-01-2025,204,Card,failed
11962,7873,5285,05-12-2025,682,Card,failed
11969,5915,3875,08-01-2025,1,Card,failed
7,164,4564,08-10-2025,703,NetBanking,failed
60,5719,4558,14-10-2025,3,NetBanking,failed
138,6790,6563,13-11-2025,206,NetBanking,failed
194,8599,4571,08-07-2025,3984,NetBanking,failed
225,9925,3566,26-10-2025,687,NetBanking,failed
266,3354,2845,10-05-2025,14,NetBanking,failed
270,10177,6701,23-12-2025,182,NetBanking,failed
288,9619,219,05-07-2025,1998,NetBanking,failed
355,4938,5480,17-09-2025,147,NetBanking,failed
365,10964,6507,06-02-2025,3,NetBanking,failed
372,2423,2823,14-05-2025,187,NetBanking,failed
429,3080,2221,27-04-2025,711,NetBanking,failed
490,9452,2733,05-03-2025,415,NetBanking,failed
493,8979,6402,29-03-2025,210,NetBanking,failed
498,4695,6475,07-02-2025,189,NetBanking,failed
513,582,1976,20-10-2025,16,NetBanking,failed
521,3055,4612,12-02-2025,406,NetBanking,failed
553,9357,3280,06-10-2025,705,NetBanking,failed
580,5147,2385,27-04-2025,10,NetBanking,failed
593,10641,1771,25-07-2025,410,NetBanking,failed
678,6484,1362,03-08-2025,713,NetBanking,failed
724,11314,4046,06-07-2025,199,NetBanking,failed
773,8622,2733,17-01-2025,7018,NetBanking,failed
915,5026,3094,11-03-2025,3993,NetBanking,failed
921,9175,4448,26-01-2025,203,NetBanking,failed
1029,10113,655,17-12-2025,9,NetBanking,failed
1123,10130,3674,01-07-2025,705,NetBanking,failed
1216,706,4558,28-10-2025,201,NetBanking,failed
1221,11442,6673,23-03-2025,3997,NetBanking,failed
1387,9003,548,20-03-2025,7,NetBanking,failed
1453,7426,4507,23-03-2025,150,NetBanking,failed
1464,910,7215,30-08-2025,379,NetBanking,failed
1490,8813,6917,18-03-2025,183,NetBanking,failed
1510,6329,5746,19-07-2025,708,NetBanking,failed
1726,3158,303,28-09-2025,191,NetBanking,failed
1739,3918,6314,07-01-2026,4011,NetBanking,failed
1773,1940,1946,15-06-2025,706,NetBanking,failed
1833,11974,36,29-05-2025,387,NetBanking,failed
2023,2098,5837,08-10-2025,7,NetBanking,failed
2047,10585,3804,13-07-2025,3999,NetBanking,failed
2136,883,4446,01-08-2025,152,NetBanking,failed
2195,7971,290,02-11-2025,193,NetBanking,failed
2335,11300,1833,23-05-2025,3991,NetBanking,failed
2338,3964,1678,28-05-2025,4012,NetBanking,failed
2354,3082,1807,08-05-2025,4005,NetBanking,failed
2375,1141,5121,08-09-2025,212,NetBanking,failed
2464,6838,6360,07-01-2026,398,NetBanking,failed
2506,685,6683,12-01-2025,2,NetBanking,failed
2554,10386,6712,11-02-2025,409,NetBanking,failed
2563,5121,7218,25-06-2025,186,NetBanking,failed
2628,5578,7486,27-03-2025,203,NetBanking,failed
2651,4121,1589,16-01-2025,149,NetBanking,failed
2791,6536,1885,06-03-2025,2,NetBanking,failed
2862,3631,2264,29-10-2025,205,NetBanking,failed
3098,9917,1668,29-03-2025,8,NetBanking,failed
3193,643,2241,06-02-2025,2,NetBanking,failed
3233,11989,918,21-11-2025,6999,NetBanking,failed
3247,2625,4710,17-09-2025,2004,NetBanking,failed
3255,11701,7957,04-08-2025,180,NetBanking,failed
3304,5695,4760,18-05-2025,6995,NetBanking,failed
3401,4523,5750,02-11-2025,11,NetBanking,failed
3407,4794,3066,30-07-2025,402,NetBanking,failed
3427,2131,924,17-07-2025,200,NetBanking,failed
3431,4759,377,29-06-2025,204,NetBanking,failed
3458,3703,2011,25-08-2025,212,NetBanking,failed
3479,7467,2734,09-06-2025,204,NetBanking,failed
3480,1372,54,11-02-2025,1994,NetBanking,failed
3503,754,2773,02-03-2025,402,NetBanking,failed
3518,6465,1779,02-06-2025,135,NetBanking,failed
3528,9964,6583,31-10-2025,157,NetBanking,failed
3549,10582,864,16-12-2025,1999,NetBanking,failed
3556,6520,7204,14-01-2025,7001,NetBanking,failed
3612,6144,5950,25-10-2025,678,NetBanking,failed
3622,9039,5135,28-01-2025,686,NetBanking,failed
3654,5431,1068,20-06-2025,3,NetBanking,failed
3728,6013,4803,05-01-2026,7,NetBanking,failed
3771,7671,3987,03-03-2025,3995,NetBanking,failed
3811,10776,2586,21-11-2025,179,NetBanking,failed
3856,6605,435,29-05-2025,6,NetBanking,failed
3863,7164,4612,28-03-2025,14,NetBanking,failed
3904,329,3121,24-05-2025,7,NetBanking,failed
3978,11056,4027,27-05-2025,151,NetBanking,failed
3982,11501,1115,24-05-2025,6997,NetBanking,failed
3987,6114,845,31-08-2025,13,NetBanking,failed
4053,6759,1299,11-01-2026,189,NetBanking,failed
4284,11620,4579,28-04-2025,401,NetBanking,failed
4354,10585,3804,13-04-2025,4000,NetBanking,failed
4382,2662,2908,01-08-2025,2006,NetBanking,failed
4422,4621,5048,09-05-2025,404,NetBanking,failed
4490,10090,4148,07-01-2026,6996,NetBanking,failed
4610,8501,4172,13-11-2025,199,NetBanking,failed
4655,1572,5076,28-09-2025,203,NetBanking,failed
4698,7182,7582,19-11-2025,200,NetBanking,failed
4733,7631,2850,06-02-2025,386,NetBanking,failed
4788,5428,1397,31-07-2025,162,NetBanking,failed
4822,10396,5736,04-06-2025,3987,NetBanking,failed
4958,6673,1140,12-11-2025,10,NetBanking,failed
4959,8791,858,28-04-2025,407,NetBanking,failed
5000,6973,2489,19-06-2025,382,NetBanking,failed
5039,6357,5267,17-05-2025,397,NetBanking,failed
5099,2909,5215,28-03-2025,2001,NetBanking,failed
5113,4300,222,09-02-2025,395,NetBanking,failed
5123,46,3948,20-08-2025,699,NetBanking,failed
5136,10033,4936,06-09-2025,1992,NetBanking,failed
5138,4292,3423,15-01-2026,705,NetBanking,failed
5172,3896,931,18-06-2025,410,NetBanking,failed
5190,4143,3376,19-12-2025,3990,NetBanking,failed
5234,3301,1146,01-07-2025,4006,NetBanking,failed
5316,4276,1825,01-07-2025,200,NetBanking,failed
5360,9121,2060,14-12-2025,202,NetBanking,failed
5378,1857,7205,23-05-2025,4005,NetBanking,failed
5423,11493,587,18-01-2025,386,NetBanking,failed
5455,7451,6052,29-08-2025,2012,NetBanking,failed
5638,3941,7701,23-02-2025,198,NetBanking,failed
5703,5529,3356,29-04-2025,397,NetBanking,failed
5765,7913,7571,20-01-2025,3991,NetBanking,failed
5865,10527,5470,19-05-2025,693,NetBanking,failed
5898,9896,1553,19-10-2025,700,NetBanking,failed
5899,3081,3066,09-07-2025,701,NetBanking,failed
5903,1112,112,06-07-2025,418,NetBanking,failed
5908,9031,2390,14-02-2025,8,NetBanking,failed
5918,11227,3779,30-05-2025,3990,NetBanking,failed
5942,6125,5534,03-12-2025,13,NetBanking,failed
6015,3814,5827,21-02-2025,4003,NetBanking,failed
6039,9397,3036,05-09-2025,183,NetBanking,failed
6168,8509,7223,17-10-2025,702,NetBanking,failed
6177,11664,155,16-01-2026,1986,NetBanking,failed
6197,8584,6566,28-07-2025,4006,NetBanking,failed
6206,746,7345,15-01-2026,226,NetBanking,failed
6262,5177,5565,22-05-2025,159,NetBanking,failed
6361,866,1108,27-02-2025,167,NetBanking,failed
6407,3942,5125,19-04-2025,394,NetBanking,failed
6478,11532,3422,20-06-2025,414,NetBanking,failed
6480,10149,5043,15-03-2025,6998,NetBanking,failed
6504,2613,7556,07-11-2025,200,NetBanking,failed
6508,8390,6628,08-01-2025,9,NetBanking,failed
6577,8520,6299,07-02-2025,697,NetBanking,failed
6623,8026,1789,02-04-2025,6994,NetBanking,failed
6692,6567,6306,29-09-2025,2008,NetBanking,failed
6724,6678,6996,05-03-2025,401,NetBanking,failed
6726,3926,5298,27-02-2025,1992,NetBanking,failed
6731,4289,3543,06-08-2025,404,NetBanking,failed
6813,11770,2194,28-04-2025,6997,NetBanking,failed
6830,11386,608,26-04-2025,178,NetBanking,failed
6862,3301,1146,21-02-2025,3999,NetBanking,failed
6886,6805,7023,23-06-2025,190,NetBanking,failed
6904,6944,2611,10-03-2025,3981,NetBanking,failed
6906,5640,3004,14-06-2025,210,NetBanking,failed
6957,8047,6619,06-04-2025,192,NetBanking,failed
7047,2909,5215,07-02-2025,2013,NetBanking,failed
7051,9422,4437,01-03-2025,3993,NetBanking,failed
7088,4784,7518,16-01-2026,6987,NetBanking,failed
7198,8167,907,20-04-2025,4007,NetBanking,failed
7231,3267,6734,20-09-2025,2008,NetBanking,failed
7252,8477,5357,21-09-2025,392,NetBanking,failed
7334,8272,4671,21-03-2025,4011,NetBanking,failed
7341,4012,519,03-01-2026,7014,NetBanking,failed
7383,7888,331,25-09-2025,414,NetBanking,failed
7411,9466,2464,25-04-2025,15,NetBanking,failed
7585,1045,2702,17-06-2025,2002,NetBanking,failed
7610,9600,3837,26-10-2025,6,NetBanking,failed
7621,793,3845,05-05-2025,193,NetBanking,failed
7691,7191,2614,01-04-2025,6991,NetBanking,failed
7720,8535,3174,08-01-2026,400,NetBanking,failed
7842,2501,2449,10-02-2025,410,NetBanking,failed
7856,8977,7496,09-05-2025,2000,NetBanking,failed
7881,1891,5804,27-08-2025,4025,NetBanking,failed
7946,11146,689,06-05-2025,1993,NetBanking,failed
8042,3187,968,10-03-2025,698,NetBanking,failed
8127,11252,4064,16-11-2025,391,NetBanking,failed
8128,2204,1311,05-03-2025,708,NetBanking,failed
8162,2930,3953,07-07-2025,397,NetBanking,failed
8282,278,5293,04-05-2025,217,NetBanking,failed
8297,9145,665,07-01-2026,211,NetBanking,failed
8449,11315,2496,16-06-2025,394,NetBanking,failed
8452,9612,7562,23-02-2025,141,NetBanking,failed
8455,8224,3939,22-11-2025,135,NetBanking,failed
8466,6506,6516,06-12-2025,136,NetBanking,failed
8486,4456,6202,27-07-2025,157,NetBanking,failed
8547,5755,2819,04-11-2025,184,NetBanking,failed
8554,3080,2221,10-03-2025,701,NetBanking,failed
8665,5885,7064,14-03-2025,194,NetBanking,failed
8684,5737,6757,18-10-2025,7,NetBanking,failed
8690,464,5016,22-10-2025,3,NetBanking,failed
8698,9891,2594,04-08-2025,181,NetBanking,failed
8766,5014,5649,28-04-2025,4013,NetBanking,failed
8898,5141,5363,20-09-2025,173,NetBanking,failed
8932,2190,4184,20-02-2025,417,NetBanking,failed
9017,10744,2647,05-08-2025,142,NetBanking,failed
9041,4207,521,12-11-2025,695,NetBanking,failed
9100,9737,5617,29-04-2025,10,NetBanking,failed
9170,8381,1400,12-01-2025,401,NetBanking,failed
9282,5598,808,13-12-2025,704,NetBanking,failed
9549,3051,4415,27-10-2025,709,NetBanking,failed
9563,9115,5172,02-09-2025,699,NetBanking,failed
9692,9475,4584,06-08-2025,4,NetBanking,failed
9739,11820,4134,23-12-2025,3998,NetBanking,failed
9750,8999,5137,23-04-2025,1983,NetBanking,failed
9841,1640,4947,05-07-2025,396,NetBanking,failed
9887,6605,435,07-04-2025,4,NetBanking,failed
9909,4999,728,29-04-2025,3982,NetBanking,failed
9926,8189,5552,06-12-2025,406,NetBanking,failed
9949,7257,6592,16-09-2025,390,NetBanking,failed
9958,7653,6305,18-05-2025,7004,NetBanking,failed
9963,11857,995,16-05-2025,380,NetBanking,failed
10068,1607,258,16-12-2025,402,NetBanking,failed
10181,4654,2662,07-08-2025,2,NetBanking,failed
10273,4392,2633,11-05-2025,4,NetBanking,failed
10302,6286,7789,12-06-2025,702,NetBanking,failed
10323,10819,5432,06-06-2025,701,NetBanking,failed
10333,334,1371,08-04-2025,404,NetBanking,failed
10396,10346,2014,19-07-2025,7,NetBanking,failed
10424,9009,2276,09-11-2025,399,NetBanking,failed
10456,11042,6979,23-05-2025,206,NetBanking,failed
10470,590,7752,16-11-2025,7009,NetBanking,failed
10518,7380,2914,01-01-2026,204,NetBanking,failed
10620,883,4446,20-03-2025,140,NetBanking,failed
10626,3774,2811,26-03-2025,396,NetBanking,failed
10692,649,3228,25-12-2025,7000,NetBanking,failed
10731,6481,4987,23-08-2025,210,NetBanking,failed
10752,10156,5494,28-08-2025,696,NetBanking,failed
10755,7785,5016,17-03-2025,200,NetBanking,failed
10756,11627,956,05-01-2026,150,NetBanking,failed
10763,7834,7682,16-02-2025,410,NetBanking,failed
10775,404,3987,05-02-2025,191,NetBanking,failed
10808,9323,3014,15-01-2026,7011,NetBanking,failed
10827,1195,6743,24-01-2025,389,NetBanking,failed
10878,10980,4567,18-04-2025,703,NetBanking,failed
10882,10356,5257,11-12-2025,405,NetBanking,failed
11022,1311,7361,24-12-2025,1994,NetBanking,failed
11068,7073,4144,08-01-2025,190,NetBanking,failed
11073,2389,2768,29-09-2025,206,NetBanking,failed
11082,10265,5623,16-08-2025,1982,NetBanking,failed
11103,7778,2356,21-05-2025,693,NetBanking,failed
11275,8871,4319,01-08-2025,394,NetBanking,failed
11295,7930,7715,06-01-2025,4004,NetBanking,failed
11355,3597,4452,13-12-2025,395,NetBanking,failed
11365,10886,6309,10-10-2025,1998,NetBanking,failed
11383,1538,5741,16-09-2025,399,NetBanking,failed
11406,5729,1886,13-07-2025,3,NetBanking,failed
11473,2002,42,03-11-2025,1984,NetBanking,failed
11475,6515,3747,17-10-2025,699,NetBanking,failed
11556,3428,1361,20-12-2025,6,NetBanking,failed
11585,11735,1615,27-01-2025,9,NetBanking,failed
11654,5997,918,19-04-2025,9,NetBanking,failed
11850,5734,6255,21-03-2025,387,NetBanking,failed
11856,11598,6744,13-03-2025,193,NetBanking,failed
11964,7975,7105,11-02-2025,3990,NetBanking,failed
11980,3068,5664,27-11-2025,6994,NetBanking,failed
50,8436,1809,10-10-2025,2002,Wallet,failed
65,9747,6877,22-11-2025,7018,Wallet,failed
69,569,5162,05-01-2026,5,Wallet,failed
73,8771,7485,03-03-2025,2001,Wallet,failed
109,8605,7759,03-07-2025,4014,Wallet,failed
173,10144,2134,13-07-2025,6,Wallet,failed
247,5018,6884,08-05-2025,202,Wallet,failed
277,11507,3611,13-03-2025,3999,Wallet,failed
296,8268,4248,10-08-2025,204,Wallet,failed
307,7942,3843,25-01-2025,197,Wallet,failed
329,2420,5663,12-06-2025,166,Wallet,failed
339,11609,6312,02-04-2025,689,Wallet,failed
384,4081,4128,12-01-2025,399,Wallet,failed
386,11221,4252,30-03-2025,209,Wallet,failed
435,5528,7068,16-11-2025,696,Wallet,failed
458,2234,5079,07-08-2025,159,Wallet,failed
469,1470,5842,22-11-2025,2,Wallet,failed
590,3988,438,08-01-2026,152,Wallet,failed
638,823,2653,03-02-2025,4009,Wallet,failed
722,1384,6968,25-01-2025,410,Wallet,failed
850,6207,7154,15-11-2025,414,Wallet,failed
975,9471,405,22-12-2025,397,Wallet,failed
977,7715,4834,21-03-2025,4002,Wallet,failed
987,9307,7394,03-09-2025,417,Wallet,failed
1012,7834,7682,29-10-2025,394,Wallet,failed
1146,10740,7146,17-08-2025,4,Wallet,failed
1218,7801,7216,24-11-2025,13,Wallet,failed
1267,3291,5761,03-05-2025,1983,Wallet,failed
1320,11568,3335,28-07-2025,412,Wallet,failed
1334,764,7897,26-04-2025,1990,Wallet,failed
1346,8864,2819,22-06-2025,6983,Wallet,failed
1434,929,6801,15-07-2025,2006,Wallet,failed
1437,3051,4415,18-01-2025,705,Wallet,failed
1472,10887,6996,06-05-2025,7005,Wallet,failed
1475,2138,1556,28-01-2025,189,Wallet,failed
1491,3745,7580,28-05-2025,3999,Wallet,failed
1565,2976,2325,10-09-2025,134,Wallet,failed
1571,7686,7544,17-01-2025,183,Wallet,failed
1582,2187,1975,12-09-2025,707,Wallet,failed
1724,8957,3387,10-07-2025,5,Wallet,failed
1796,5051,7313,22-04-2025,1999,Wallet,failed
2056,8533,7277,27-10-2025,211,Wallet,failed
2140,65,4785,28-01-2025,11,Wallet,failed
2142,7803,6264,21-04-2025,1994,Wallet,failed
2252,559,1898,28-03-2025,189,Wallet,failed
2267,9323,3014,18-02-2025,6997,Wallet,failed
2269,985,142,21-12-2025,204,Wallet,failed
2283,10177,6701,17-10-2025,194,Wallet,failed
2289,1542,5790,22-12-2025,197,Wallet,failed
2293,11148,1583,10-03-2025,13,Wallet,failed
2342,11696,3050,12-12-2025,4000,Wallet,failed
2453,459,1257,30-04-2025,6993,Wallet,failed
2473,8255,5616,07-11-2025,5,Wallet,failed
2476,7334,3929,25-03-2025,200,Wallet,failed
2497,2809,3702,22-05-2025,2000,Wallet,failed
2523,3873,6583,17-03-2025,700,Wallet,failed
2525,11935,6260,02-09-2025,6,Wallet,failed
2576,10502,5672,28-07-2025,183,Wallet,failed
2612,11391,7064,30-08-2025,3997,Wallet,failed
2632,8794,7982,19-03-2025,701,Wallet,failed
2634,1903,4383,08-07-2025,3,Wallet,failed
2646,3400,138,13-12-2025,160,Wallet,failed
2702,9646,1880,02-07-2025,7,Wallet,failed
2729,10212,7680,16-05-2025,394,Wallet,failed
2795,11560,1820,03-03-2025,707,Wallet,failed
2827,7811,773,18-05-2025,410,Wallet,failed
2958,3368,6600,08-03-2025,392,Wallet,failed
3155,5973,2275,02-06-2025,2003,Wallet,failed
3170,3333,6895,02-07-2025,136,Wallet,failed
3191,2661,5625,06-03-2025,2,Wallet,failed
3261,8989,5361,10-07-2025,1990,Wallet,failed
3394,10153,4527,02-02-2025,682,Wallet,failed
3395,1538,5741,20-03-2025,423,Wallet,failed
3520,10063,5126,12-04-2025,7009,Wallet,failed
3773,10826,3372,22-01-2025,161,Wallet,failed
3839,8171,4888,02-10-2025,144,Wallet,failed
3994,3837,7982,15-02-2025,2005,Wallet,failed
4178,7314,7013,25-09-2025,411,Wallet,failed
4190,2035,5422,28-11-2025,689,Wallet,failed
4281,4649,2916,01-03-2025,703,Wallet,failed
4291,3327,1716,10-09-2025,6992,Wallet,failed
4322,11519,764,25-05-2025,193,Wallet,failed
4384,2060,2739,31-07-2025,706,Wallet,failed
4395,6413,5859,14-05-2025,198,Wallet,failed
4453,8080,415,13-03-2025,383,Wallet,failed
4455,2028,923,31-01-2025,14,Wallet,failed
4535,2052,360,25-05-2025,1996,Wallet,failed
4574,9540,931,02-05-2025,2001,Wallet,failed
4591,11057,589,15-07-2025,707,Wallet,failed
4640,9399,3556,30-01-2025,407,Wallet,failed
4695,3240,1301,06-06-2025,3,Wallet,failed
4757,3788,5351,09-01-2025,202,Wallet,failed
4787,5681,7701,11-10-2025,147,Wallet,failed
4911,8145,3496,02-02-2025,418,Wallet,failed
4957,2032,327,04-06-2025,213,Wallet,failed
4963,11416,7807,15-07-2025,6,Wallet,failed
5059,7180,7830,08-02-2025,406,Wallet,failed
5064,11555,3296,01-10-2025,205,Wallet,failed
5111,3411,4278,12-12-2025,7000,Wallet,failed
5162,11394,4899,11-01-2025,3990,Wallet,failed
5167,6225,1423,14-12-2025,201,Wallet,failed
5210,1639,7220,29-04-2025,184,Wallet,failed
5266,9416,4185,11-08-2025,687,Wallet,failed
5323,3448,3337,14-10-2025,702,Wallet,failed
5365,8643,567,09-01-2025,4017,Wallet,failed
5381,2111,6775,22-02-2025,6977,Wallet,failed
5407,8723,5788,26-06-2025,3987,Wallet,failed
5425,11893,3188,01-03-2025,690,Wallet,failed
5437,4062,2886,03-09-2025,182,Wallet,failed
5565,1040,6865,30-10-2025,193,Wallet,failed
5650,10503,2523,13-08-2025,405,Wallet,failed
5656,9206,3154,08-05-2025,701,Wallet,failed
5690,3553,4679,21-06-2025,150,Wallet,failed
5771,1778,6342,06-12-2025,407,Wallet,failed
5795,1643,1961,28-04-2025,145,Wallet,failed
5867,6952,5658,13-03-2025,7010,Wallet,failed
5883,3551,7138,12-12-2025,210,Wallet,failed
5947,9262,1237,17-01-2026,687,Wallet,failed
6051,3764,1105,27-03-2025,1990,Wallet,failed
6199,612,7545,19-05-2025,3,Wallet,failed
6337,8892,4791,18-02-2025,384,Wallet,failed
6419,5906,6966,14-04-2025,399,Wallet,failed
6463,8850,7105,05-11-2025,3990,Wallet,failed
6609,11065,1310,17-10-2025,4016,Wallet,failed
6670,9126,4699,17-12-2025,6983,Wallet,failed
6690,10220,4863,01-07-2025,398,Wallet,failed
6750,130,5536,06-09-2025,3983,Wallet,failed
6764,593,3875,24-07-2025,201,Wallet,failed
6785,7603,7140,09-04-2025,388,Wallet,failed
6789,11418,5320,10-06-2025,6997,Wallet,failed
6850,1763,1516,03-09-2025,7018,Wallet,failed
6953,1080,581,15-11-2025,403,Wallet,failed
6956,4857,6743,12-01-2026,2,Wallet,failed
6994,495,3946,01-12-2025,2,Wallet,failed
7004,7014,2774,04-05-2025,1988,Wallet,failed
7024,4806,6683,26-07-2025,194,Wallet,failed
7041,8291,1938,17-03-2025,398,Wallet,failed
7046,8277,317,08-10-2025,715,Wallet,failed
7048,6132,212,28-01-2025,190,Wallet,failed
7080,9016,7314,22-08-2025,5,Wallet,failed
7113,8347,2001,24-07-2025,200,Wallet,failed
7175,3540,159,08-03-2025,204,Wallet,failed
7261,2297,3786,26-09-2025,137,Wallet,failed
7279,10086,4702,01-02-2025,137,Wallet,failed
7318,3487,4398,12-03-2025,152,Wallet,failed
7332,11339,970,26-08-2025,707,Wallet,failed
7432,10936,3574,18-02-2025,2001,Wallet,failed
7455,10440,4911,14-10-2025,1991,Wallet,failed
7503,604,4501,27-06-2025,1986,Wallet,failed
7523,10466,3867,02-12-2025,713,Wallet,failed
7542,1726,3990,14-05-2025,12,Wallet,failed
7603,3761,7172,19-05-2025,696,Wallet,failed
7604,8672,797,23-06-2025,396,Wallet,failed
7692,1163,1235,30-04-2025,175,Wallet,failed
7694,6995,3091,03-06-2025,695,Wallet,failed
7779,10012,2188,04-09-2025,4001,Wallet,failed
7849,9705,3161,27-05-2025,7001,Wallet,failed
7891,5184,7052,10-10-2025,216,Wallet,failed
7938,3669,6789,19-02-2025,2002,Wallet,failed
7947,1080,581,20-08-2025,408,Wallet,failed
8080,7089,3071,18-01-2025,691,Wallet,failed
8226,10335,4892,23-01-2025,706,Wallet,failed
8254,8101,6755,28-05-2025,4005,Wallet,failed
8274,3302,3566,16-05-2025,7,Wallet,failed
8299,4224,1972,25-02-2025,141,Wallet,failed
8338,9291,2841,01-12-2025,203,Wallet,failed
8397,1859,2394,13-07-2025,7002,Wallet,failed
8497,2878,7164,06-07-2025,6979,Wallet,failed
8510,3447,2830,17-12-2025,194,Wallet,failed
8640,8889,6008,03-12-2025,22,Wallet,failed
8653,11437,2583,11-07-2025,399,Wallet,failed
8702,11582,7911,22-09-2025,9,Wallet,failed
8739,5562,7502,03-11-2025,705,Wallet,failed
8758,5630,6634,31-08-2025,3998,Wallet,failed
8785,3988,438,09-09-2025,154,Wallet,failed
8794,3077,338,14-10-2025,394,Wallet,failed
8806,2247,2,15-10-2025,393,Wallet,failed
8864,8507,3005,27-06-2025,409,Wallet,failed
8926,10027,835,08-05-2025,18,Wallet,failed
8966,2564,4750,20-03-2025,401,Wallet,failed
8991,223,6065,28-06-2025,374,Wallet,failed
9105,4004,5755,03-04-2025,201,Wallet,failed
9124,1840,1834,28-04-2025,396,Wallet,failed
9139,5881,7720,26-01-2025,4,Wallet,failed
9181,8969,1897,20-06-2025,692,Wallet,failed
9192,11971,7701,13-10-2025,191,Wallet,failed
9243,10421,1458,10-06-2025,3992,Wallet,failed
9337,9308,3573,15-03-2025,132,Wallet,failed
9365,5191,3050,13-01-2026,151,Wallet,failed
9399,9844,4552,21-09-2025,402,Wallet,failed
9429,10635,6378,08-12-2025,386,Wallet,failed
9472,7915,5475,02-02-2025,388,Wallet,failed
9477,3002,3196,23-04-2025,1987,Wallet,failed
9540,7311,2341,05-01-2025,177,Wallet,failed
9657,3420,7804,14-01-2025,708,Wallet,failed
9681,9943,3254,15-06-2025,3991,Wallet,failed
9699,7605,4572,22-11-2025,4007,Wallet,failed
9817,1702,5850,31-03-2025,684,Wallet,failed
9833,5169,4837,25-01-2025,403,Wallet,failed
9838,4012,519,30-11-2025,7010,Wallet,failed
9851,8486,3485,26-11-2025,394,Wallet,failed
9951,4769,4063,06-06-2025,405,Wallet,failed
9989,8776,1024,29-06-2025,1982,Wallet,failed
10006,2742,2480,09-04-2025,205,Wallet,failed
10042,10716,4889,18-08-2025,6996,Wallet,failed
10063,10043,333,17-07-2025,398,Wallet,failed
10087,10502,5672,09-05-2025,196,Wallet,failed
10187,9245,7280,03-05-2025,197,Wallet,failed
10216,10868,2476,28-08-2025,10,Wallet,failed
10245,3970,5238,04-11-2025,4008,Wallet,failed
10289,10895,1444,31-01-2025,683,Wallet,failed
10380,132,3938,22-03-2025,9,Wallet,failed
10409,11921,5287,23-08-2025,7005,Wallet,failed
10436,10421,1458,10-01-2025,3986,Wallet,failed
10506,4407,4681,04-07-2025,206,Wallet,failed
10525,8754,7000,29-11-2025,395,Wallet,failed
10526,1291,6726,06-02-2025,2009,Wallet,failed
10552,3543,4455,11-11-2025,191,Wallet,failed
10604,4732,1191,29-12-2025,688,Wallet,failed
10639,4898,3424,20-01-2025,161,Wallet,failed
10656,11046,7211,24-09-2025,188,Wallet,failed
10744,5610,4800,11-12-2025,1991,Wallet,failed
10877,2643,7044,17-10-2025,702,Wallet,failed
10948,1700,5350,04-01-2025,1,Wallet,failed
11172,11408,1735,24-04-2025,404,Wallet,failed
11211,8053,5821,27-04-2025,4008,Wallet,failed
11226,8472,5653,04-09-2025,188,Wallet,failed
11229,7618,225,28-09-2025,190,Wallet,failed
11249,990,7907,28-04-2025,695,Wallet,failed
11292,11290,3410,24-05-2025,1993,Wallet,failed
11323,2722,3033,07-11-2025,6991,Wallet,failed
11343,1922,971,22-07-2025,2005,Wallet,failed
11347,8059,2949,04-12-2025,4,Wallet,failed
11405,10117,1979,20-09-2025,1996,Wallet,failed
11417,7442,1012,20-02-2025,148,Wallet,failed
11427,4449,5921,06-03-2025,6978,Wallet,failed
11480,3138,2080,20-12-2025,207,Wallet,failed
11595,11662,3054,23-07-2025,190,Wallet,failed
11702,8203,4691,17-06-2025,411,Wallet,failed
11706,2141,5061,20-10-2025,18,Wallet,failed
11727,1926,7030,10-10-2025,6,Wallet,failed
11735,2569,479,17-06-2025,1993,Wallet,failed
11739,8608,6905,02-02-2025,4003,Wallet,failed
11823,10908,6038,25-11-2025,193,Wallet,failed
11845,470,234,28-03-2025,189,Wallet,failed
11872,8254,4922,14-06-2025,149,Wallet,failed
127,5997,918,08-01-2025,0,NetBanking,failed
286,122,2276,19-02-2025,0,Wallet,failed
381,9908,6687,11-08-2025,0,Wallet,failed
495,3240,1301,09-05-2025,0,UPI,failed
496,11061,1850,20-12-2025,0,Wallet,failed
545,4980,6774,04-10-2025,0,UPI,failed
621,10958,7172,03-06-2025,0,Wallet,failed
648,7801,7216,19-01-2025,0,UPI,failed
652,10508,5741,24-03-2025,0,UPI,failed
776,829,4926,26-01-2025,0,Card,failed
829,11148,1583,15-07-2025,0,UPI,failed
832,9146,3737,23-05-2025,0,Card,failed
1080,5447,6808,01-10-2025,0,Wallet,failed
1124,7577,585,26-02-2025,0,NetBanking,failed
1237,6497,7840,23-08-2025,0,Wallet,failed
1474,7015,5773,19-02-2025,0,NetBanking,failed
1562,2211,2532,11-04-2025,0,NetBanking,failed
1702,1436,4938,11-06-2025,0,Wallet,failed
1734,8107,3861,31-10-2025,0,Wallet,failed
1806,3213,6502,03-08-2025,0,UPI,failed
1817,7716,7946,14-01-2026,0,Wallet,failed
1920,6583,5256,10-05-2025,0,Wallet,failed
1940,5592,1019,23-09-2025,0,Wallet,failed
1969,6932,336,14-11-2025,0,Wallet,failed
2086,10447,507,05-11-2025,0,UPI,failed
2145,6786,3802,14-10-2025,0,UPI,failed
2228,11088,5130,06-11-2025,0,Wallet,failed
2231,8651,2575,20-09-2025,0,UPI,failed
2236,5017,2808,26-09-2025,0,Card,failed
2347,3219,364,01-03-2025,0,Card,failed
2382,5004,7060,29-06-2025,0,NetBanking,failed
2397,1255,2772,14-01-2025,0,Card,failed
2503,6504,2191,04-03-2025,0,UPI,failed
2546,9348,5377,14-07-2025,0,Wallet,failed
2622,2019,6170,02-01-2026,0,UPI,failed
2686,11255,3154,26-02-2025,0,Wallet,failed
2730,4780,1467,20-07-2025,0,Wallet,failed
2738,5475,111,27-12-2025,0,NetBanking,failed
2785,3238,234,09-07-2025,0,UPI,failed
2833,7790,355,03-02-2025,0,Card,failed
2902,6040,1617,03-03-2025,0,UPI,failed
2951,6704,2977,25-08-2025,0,Wallet,failed
3057,4546,5210,26-07-2025,0,Card,failed
3075,5204,6882,06-02-2025,0,Wallet,failed
3259,3547,7021,02-02-2025,0,Card,failed
3264,1674,866,21-05-2025,0,Wallet,failed
3270,454,3390,16-10-2025,0,NetBanking,failed
3293,2339,7551,31-03-2025,0,UPI,failed
3406,5317,3947,08-04-2025,0,Wallet,failed
3441,8158,526,18-08-2025,0,UPI,failed
3513,8255,5616,22-05-2025,0,Wallet,failed
3719,9200,4218,09-11-2025,0,Wallet,failed
3782,1347,1636,09-11-2025,0,Card,failed
3791,425,2625,25-11-2025,0,Card,failed
3929,4625,3773,25-02-2025,0,Wallet,failed
3979,7285,4483,15-09-2025,0,Wallet,failed
4034,6656,7415,22-10-2025,0,Card,failed
4058,11157,576,26-03-2025,0,NetBanking,failed
4160,10307,3513,06-07-2025,0,Wallet,failed
4164,8980,5963,11-07-2025,0,NetBanking,failed
4229,6971,2000,18-12-2025,0,Wallet,failed
4273,1444,7418,11-01-2025,0,NetBanking,failed
4338,4916,4363,30-06-2025,0,Wallet,failed
4342,2399,4510,14-12-2025,0,UPI,failed
4365,355,5320,25-06-2025,0,NetBanking,failed
4434,6452,6940,11-08-2025,0,Card,failed
4463,10160,2452,10-05-2025,0,NetBanking,failed
4831,5930,3210,05-10-2025,0,Card,failed
5071,6786,3802,08-10-2025,0,Wallet,failed
5237,2213,5138,13-06-2025,0,Card,failed
5257,9336,6611,05-10-2025,0,UPI,failed
5417,9272,1219,17-09-2025,0,UPI,failed
5570,3940,6888,23-09-2025,0,UPI,failed
5600,1723,3549,06-03-2025,0,NetBanking,failed
5672,3109,2889,22-03-2025,0,Wallet,failed
5694,2566,7793,22-01-2025,0,Wallet,failed
5697,1251,434,19-07-2025,0,NetBanking,failed
5823,9880,3879,03-02-2025,0,NetBanking,failed
5881,5846,4737,07-10-2025,0,Wallet,failed
5905,3455,7322,26-04-2025,0,Card,failed
5958,8447,1148,30-05-2025,0,Wallet,failed
5986,2161,2315,16-02-2025,0,Card,failed
6145,1251,434,27-06-2025,0,Card,failed
6207,10615,1576,09-04-2025,0,UPI,failed
6256,4085,3501,26-04-2025,0,UPI,failed
6273,9083,4016,28-04-2025,0,Wallet,failed
6288,9726,1149,02-09-2025,0,Card,failed
6382,449,1490,10-10-2025,0,Wallet,failed
6502,1508,5083,13-06-2025,0,UPI,failed
6523,1018,5935,20-02-2025,0,Card,failed
6566,2928,3405,29-06-2025,0,Wallet,failed
6619,1071,2530,03-01-2025,0,Card,failed
6648,2414,6490,11-06-2025,0,UPI,failed
6899,2044,1382,08-05-2025,0,NetBanking,failed
7127,5534,264,16-11-2025,0,Card,failed
7281,1827,524,19-03-2025,0,UPI,failed
7320,10405,3766,13-08-2025,0,Wallet,failed
7412,6993,3548,06-06-2025,0,NetBanking,failed
7511,9394,812,27-08-2025,0,Card,failed
7544,7530,7365,11-05-2025,0,UPI,failed
7616,5893,4919,02-08-2025,0,NetBanking,failed
7819,4358,3038,24-10-2025,0,Wallet,failed
8003,6133,6597,07-02-2025,0,NetBanking,failed
8066,5720,4968,07-11-2025,0,UPI,failed
8086,6288,729,07-01-2026,0,NetBanking,failed
8145,1220,7568,19-08-2025,0,Wallet,failed
8192,7086,1230,16-07-2025,0,UPI,failed
8197,4882,3925,16-01-2026,0,NetBanking,failed
8262,4163,5128,07-09-2025,0,NetBanking,failed
8285,1267,2277,17-03-2025,0,NetBanking,failed
8347,11445,7423,12-04-2025,0,UPI,failed
8356,4148,5868,06-04-2025,0,UPI,failed
8368,6497,7840,26-09-2025,0,UPI,failed
8395,1191,3451,04-01-2026,0,Card,failed
8417,7846,7353,23-01-2025,0,Card,failed
8564,10728,5002,09-02-2025,0,Card,failed
8600,9257,254,13-04-2025,0,NetBanking,failed
8623,7279,6057,14-10-2025,0,NetBanking,failed
8855,5679,1965,07-11-2025,0,Card,failed
8890,2025,4410,25-03-2025,0,Wallet,failed
8901,271,113,19-05-2025,0,Wallet,failed
8924,7775,600,16-10-2025,0,UPI,failed
9166,7633,1942,22-01-2025,0,UPI,failed
9189,1228,5898,10-01-2025,0,NetBanking,failed
9232,7535,1478,29-04-2025,0,NetBanking,failed
9300,1693,7597,24-03-2025,0,NetBanking,failed
9350,3449,7817,03-04-2025,0,Card,failed
9420,10876,7041,04-09-2025,0,UPI,failed
9569,3978,1207,26-10-2025,0,UPI,failed
9646,2477,3351,01-02-2025,0,UPI,failed
9651,2365,170,10-07-2025,0,Card,failed
9667,10923,4072,19-09-2025,0,Card,failed
9810,8874,1062,14-06-2025,0,Wallet,failed
9813,7773,292,25-03-2025,0,UPI,failed
9832,6079,5678,18-08-2025,0,Wallet,failed
9918,1519,4093,30-11-2025,0,NetBanking,failed
9954,11385,6787,17-12-2025,0,Wallet,failed
9988,192,1782,15-09-2025,0,Wallet,failed
10140,3283,6398,20-01-2025,0,Wallet,failed
10161,482,932,16-08-2025,0,UPI,failed
10218,2267,6008,05-11-2025,0,Wallet,failed
10246,11528,3393,26-12-2025,0,NetBanking,failed
10385,5102,830,28-08-2025,0,NetBanking,failed
10390,9485,6839,25-08-2025,0,Card,failed
10395,11791,1990,16-07-2025,0,Wallet,failed
10522,5475,111,30-05-2025,0,Card,failed
10653,3527,3900,30-05-2025,0,UPI,failed
10706,4257,7195,18-02-2025,0,NetBanking,failed
10719,8934,3460,13-12-2025,0,UPI,failed
10779,9881,3833,06-11-2025,0,Card,failed
10890,1471,1261,18-01-2025,0,NetBanking,failed
10969,8017,2858,06-09-2025,0,Wallet,failed
11034,8290,2166,08-07-2025,0,Wallet,failed
11053,11902,4309,08-07-2025,0,UPI,failed
11142,9939,6671,08-06-2025,0,Wallet,failed
11217,10010,1781,08-04-2025,0,Card,failed
11387,5332,6481,27-01-2025,0,UPI,failed
11395,11434,4050,12-11-2025,0,NetBanking,failed
11495,6324,6082,27-03-2025,0,Card,failed
11609,5776,3687,04-04-2025,0,UPI,failed
11673,4415,6915,31-07-2025,0,Card,failed
11708,3515,2483,14-12-2025,0,NetBanking,failed
11795,7937,7468,24-08-2025,0,UPI,failed
11833,7846,7353,29-07-2025,0,Wallet,failed
11841,8279,5757,29-10-2025,0,NetBanking,failed
11883,3840,7619,15-04-2025,0,Wallet,failed
11939,10076,3919,27-07-2025,0,Wallet,failed
11940,7231,899,30-11-2025,0,NetBanking,failed
11946,5600,1176,23-12-2025,0,UPI,failed
11990,2661,5625,15-12-2025,0,Card,failed
11992,563,2132,06-07-2025,0,UPI,failed
18,3337,2928,07-04-2025,0,NetBanking,pending
179,11212,7238,22-03-2025,0,UPI,pending
276,7343,2664,01-06-2025,0,NetBanking,pending
332,5555,3600,13-08-2025,0,NetBanking,pending
407,5907,296,02-09-2025,0,NetBanking,pending
473,9882,23,22-07-2025,0,NetBanking,pending
860,2215,6363,11-01-2026,0,NetBanking,pending
872,3100,1463,02-03-2025,0,NetBanking,pending
1230,3367,3074,02-12-2025,0,Wallet,pending
1270,2365,170,07-01-2025,0,UPI,pending
1473,2484,321,07-08-2025,0,UPI,pending
1573,170,5458,12-04-2025,0,UPI,pending
1844,4527,5707,10-11-2025,0,Wallet,pending
1867,10414,7571,13-10-2025,0,NetBanking,pending
2035,9527,6087,15-07-2025,0,Wallet,pending
2167,3783,7568,01-07-2025,0,Wallet,pending
2189,8173,6389,09-03-2025,0,Card,pending
2374,9822,2070,12-07-2025,0,Wallet,pending
2439,10040,7510,25-10-2025,0,NetBanking,pending
2989,4811,7825,11-03-2025,0,NetBanking,pending
3007,8593,1091,09-03-2025,0,Card,pending
3053,3476,5785,11-12-2025,0,UPI,pending
3164,250,1832,20-03-2025,0,Card,pending
3631,4115,7738,05-06-2025,0,UPI,pending
3641,9994,127,30-04-2025,0,Wallet,pending
3674,11604,7198,01-09-2025,0,Wallet,pending
3942,290,4094,14-03-2025,0,NetBanking,pending
4115,7299,4417,16-07-2025,0,NetBanking,pending
4355,270,7223,19-01-2025,0,Wallet,pending
4770,4271,5341,09-08-2025,0,UPI,pending
4816,9078,5895,23-03-2025,0,UPI,pending
5530,10594,596,01-01-2025,0,Wallet,pending
5601,2435,134,14-01-2026,0,Card,pending
5819,11626,497,12-07-2025,0,NetBanking,pending
5842,10708,5282,31-08-2025,0,UPI,pending
5935,6406,2427,03-06-2025,0,Card,pending
6005,11850,4816,14-11-2025,0,UPI,pending
6438,1257,712,09-04-2025,0,UPI,pending
6533,9134,1896,08-12-2025,0,Wallet,pending
6816,9325,4592,16-03-2025,0,NetBanking,pending
6995,3446,3867,19-01-2025,0,Wallet,pending
7173,440,7722,10-01-2025,0,UPI,pending
7450,4828,667,06-06-2025,0,NetBanking,pending
7559,7244,2728,07-06-2025,0,UPI,pending
8166,161,4575,16-05-2025,0,Card,pending
8240,1745,5467,19-02-2025,0,NetBanking,pending
8248,3508,6907,28-10-2025,0,NetBanking,pending
8263,11551,7403,29-04-2025,0,Card,pending
8378,7251,7178,01-10-2025,0,Card,pending
8588,10692,6999,16-07-2025,0,Wallet,pending
8876,1715,1895,10-08-2025,0,UPI,pending
9177,6879,1655,05-08-2025,0,Card,pending
9182,9820,3415,27-12-2025,0,UPI,pending
9204,4453,1703,02-05-2025,0,Card,pending
9214,6276,7099,21-03-2025,0,Wallet,pending
9347,11604,7198,08-04-2025,0,NetBanking,pending
9911,161,4575,10-04-2025,0,Card,pending
9953,2462,5441,03-02-2025,0,Card,pending
10494,8882,4281,13-09-2025,0,Card,pending
10757,2242,7866,10-06-2025,0,NetBanking,pending
10825,9878,1771,30-08-2025,0,UPI,pending
10844,4305,6022,04-08-2025,0,Card,pending
10847,2605,4615,19-12-2025,0,NetBanking,pending
11042,4351,1670,01-05-2025,0,UPI,pending
11163,4166,1643,15-02-2025,0,UPI,pending
11508,3747,775,05-11-2025,0,UPI,pending
11778,9070,3097,06-01-2025,0,Wallet,pending
11893,6168,7536,20-09-2025,0,NetBanking,pending
11996,5476,6137,25-05-2025,0,Card,pending
211,6866,5340,13-07-2025,4,Wallet,pending
289,8869,1317,11-04-2025,145,Wallet,pending
505,9380,3451,30-11-2025,402,Wallet,pending
563,9342,6558,17-05-2025,391,Wallet,pending
1015,9035,2504,30-11-2025,136,Wallet,pending
1138,788,7299,08-05-2025,3,Wallet,pending
1265,5407,6135,25-09-2025,3994,Wallet,pending
1298,9839,7572,03-06-2025,11,Wallet,pending
1462,6061,6309,31-12-2025,203,Wallet,pending
1557,11993,7890,27-02-2025,217,Wallet,pending
1642,8251,683,23-05-2025,12,Wallet,pending
1751,10885,3476,04-09-2025,5,Wallet,pending
1757,312,683,30-01-2025,704,Wallet,pending
2078,7071,598,01-01-2025,2002,Wallet,pending
2225,7996,7844,01-04-2025,1991,Wallet,pending
2340,4769,4063,04-08-2025,384,Wallet,pending
2957,3182,1328,07-02-2025,6993,Wallet,pending
3073,9284,2865,07-01-2025,212,Wallet,pending
3305,971,1910,13-11-2025,4010,Wallet,pending
3416,8549,5191,31-03-2025,191,Wallet,pending
3627,7758,7979,20-08-2025,4008,Wallet,pending
3785,1611,4656,09-06-2025,391,Wallet,pending
3912,10896,4274,14-05-2025,194,Wallet,pending
4040,11968,553,29-08-2025,391,Wallet,pending
4054,6223,880,10-04-2025,404,Wallet,pending
4085,1145,367,04-11-2025,193,Wallet,pending
4231,181,1215,24-07-2025,691,Wallet,pending
4282,3002,3196,21-04-2025,1994,Wallet,pending
4604,10266,1331,27-10-2025,393,Wallet,pending
4636,4473,2633,28-02-2025,5,Wallet,pending
4880,2195,7279,29-06-2025,129,Wallet,pending
4999,5721,7694,01-10-2025,6,Wallet,pending
5139,8870,7516,07-05-2025,10,Wallet,pending
5149,7754,3749,25-05-2025,1987,Wallet,pending
5714,10380,7895,15-11-2025,708,Wallet,pending
5760,5414,4421,17-09-2025,8,Wallet,pending
5912,4434,3163,22-12-2025,196,Wallet,pending
6141,5068,4677,15-03-2025,148,Wallet,pending
6254,7031,4402,29-09-2025,699,Wallet,pending
6375,2144,3628,03-10-2025,3977,Wallet,pending
6411,10973,5473,02-03-2025,211,Wallet,pending
6484,4116,861,29-03-2025,692,Wallet,pending
6516,8649,469,11-08-2025,138,Wallet,pending
6684,7657,5255,22-07-2025,208,Wallet,pending
6765,1208,3494,11-10-2025,700,Wallet,pending
6775,6612,3542,05-07-2025,681,Wallet,pending
6930,9362,1532,05-11-2025,190,Wallet,pending
7141,3800,7173,05-02-2025,395,Wallet,pending
7188,7781,7301,19-07-2025,390,Wallet,pending
7232,1310,1792,20-01-2025,3999,Wallet,pending
7264,8386,5820,31-07-2025,185,Wallet,pending
7278,345,2573,23-07-2025,210,Wallet,pending
7308,5412,7534,14-06-2025,408,Wallet,pending
7338,9105,7863,13-02-2025,3994,Wallet,pending
7364,11993,7890,25-05-2025,205,Wallet,pending
7416,2758,2960,02-07-2025,6,Wallet,pending
7425,10489,6126,06-02-2025,4,Wallet,pending
7588,7379,2899,13-03-2025,196,Wallet,pending
7831,465,6570,26-11-2025,692,Wallet,pending
7844,5674,1736,14-06-2025,1994,Wallet,pending
7913,232,7252,07-09-2025,187,Wallet,pending
8072,6899,6896,02-04-2025,4007,Wallet,pending
8293,6182,2775,06-11-2025,391,Wallet,pending
8340,3279,5463,07-10-2025,411,Wallet,pending
8389,7787,1918,30-10-2025,139,Wallet,pending
8394,428,5222,18-11-2025,693,Wallet,pending
8431,5521,2378,06-06-2025,703,Wallet,pending
8572,8239,1825,13-03-2025,688,Wallet,pending
8692,7995,1140,13-03-2025,19,Wallet,pending
8866,2113,5475,17-03-2025,153,Wallet,pending
8893,4276,1825,08-02-2025,199,Wallet,pending
8904,6624,2799,16-05-2025,1998,Wallet,pending
8921,2843,5367,16-02-2025,4,Wallet,pending
9015,4606,2557,14-05-2025,3993,Wallet,pending
9555,10290,6155,17-11-2025,155,Wallet,pending
9660,8534,4124,20-05-2025,404,Wallet,pending
9798,347,716,12-03-2025,7001,Wallet,pending
10014,3435,146,21-09-2025,8,Wallet,pending
10171,4576,3945,26-11-2025,401,Wallet,pending
10486,5109,6321,25-04-2025,197,Wallet,pending
10578,4554,5236,14-04-2025,5,Wallet,pending
11236,8684,2499,01-09-2025,413,Wallet,pending
11324,4443,5420,23-08-2025,4003,Wallet,pending
11342,6688,2625,22-02-2025,214,Wallet,pending
11432,1056,6885,16-01-2025,183,Wallet,pending
11458,2760,2673,16-04-2025,399,Wallet,pending
11592,5400,3916,20-03-2025,6991,Wallet,pending
11617,8797,3169,11-01-2025,3985,Wallet,pending
11683,11579,4260,02-07-2025,414,Wallet,pending
11877,3174,3295,27-10-2025,4004,Wallet,pending
20,5782,2532,07-08-2025,3983,UPI,pending
68,3355,4004,14-01-2026,207,UPI,pending
157,11630,7162,11-02-2025,195,UPI,pending
260,2911,5721,06-02-2025,7009,UPI,pending
324,10475,7888,09-02-2025,197,UPI,pending
443,8634,7572,20-05-2025,20,UPI,pending
554,2382,7440,12-05-2025,194,UPI,pending
622,6218,6428,12-09-2025,189,UPI,pending
732,6279,621,07-01-2026,383,UPI,pending
974,7766,7290,26-05-2025,202,UPI,pending
1131,3177,4565,11-03-2025,15,UPI,pending
1215,7180,7830,10-02-2025,405,UPI,pending
1250,7633,1942,08-12-2025,7,UPI,pending
1257,5596,6965,21-05-2025,400,UPI,pending
1482,8719,7754,07-12-2025,7013,UPI,pending
1777,10933,174,10-06-2025,1996,UPI,pending
1808,1551,3286,05-02-2025,1,UPI,pending
1860,7119,2089,25-07-2025,697,UPI,pending
1893,3097,1867,07-03-2025,147,UPI,pending
1972,5261,7002,03-11-2025,3983,UPI,pending
2132,5374,2518,29-07-2025,2000,UPI,pending
2227,3926,5298,26-02-2025,1976,UPI,pending
2258,6541,3763,25-08-2025,412,UPI,pending
2472,10061,6433,21-09-2025,209,UPI,pending
2572,2186,7924,12-05-2025,709,UPI,pending
2600,10747,6230,30-06-2025,3,UPI,pending
2627,9447,1389,11-04-2025,191,UPI,pending
2768,6069,1552,16-02-2025,400,UPI,pending
2811,4952,3819,29-04-2025,187,UPI,pending
2870,1310,1792,14-09-2025,4000,UPI,pending
2912,3351,7203,24-02-2025,2008,UPI,pending
2953,8687,4588,13-12-2025,721,UPI,pending
3131,1543,5359,14-10-2025,213,UPI,pending
3194,4335,1331,30-11-2025,3,UPI,pending
3230,7651,4945,09-05-2025,3993,UPI,pending
3360,8235,6205,11-06-2025,388,UPI,pending
3531,6271,6426,11-08-2025,400,UPI,pending
3566,4769,4063,13-07-2025,390,UPI,pending
3712,7121,6804,08-04-2025,7000,UPI,pending
3850,1218,576,26-12-2025,4,UPI,pending
3951,6335,4036,11-08-2025,20,UPI,pending
3968,5452,268,02-03-2025,4,UPI,pending
4396,2872,4315,29-01-2025,209,UPI,pending
4430,1592,1255,24-06-2025,386,UPI,pending
4641,5956,2000,25-06-2025,3987,UPI,pending
4724,11158,7572,26-05-2025,404,UPI,pending
4838,10933,174,08-03-2025,1993,UPI,pending
4898,183,4257,07-06-2025,2020,UPI,pending
4919,10863,2147,28-02-2025,702,UPI,pending
5048,8844,2392,10-02-2025,4014,UPI,pending
5084,9974,7717,24-03-2025,8,UPI,pending
5120,4458,5146,26-10-2025,706,UPI,pending
5218,5149,2853,02-05-2025,701,UPI,pending
5350,6526,7982,27-06-2025,3995,UPI,pending
5410,4598,364,06-10-2025,189,UPI,pending
6093,1235,6359,29-03-2025,176,UPI,pending
6180,1601,5976,27-10-2025,211,UPI,pending
6188,6748,1671,21-03-2025,222,UPI,pending
6191,716,569,05-08-2025,188,UPI,pending
6201,336,2829,31-05-2025,218,UPI,pending
6338,7916,3754,06-03-2025,207,UPI,pending
6381,8817,5163,01-01-2025,202,UPI,pending
6391,10627,613,13-03-2025,697,UPI,pending
6606,1991,3457,14-01-2026,687,UPI,pending
6683,11264,6016,19-06-2025,188,UPI,pending
6847,8499,2123,02-09-2025,403,UPI,pending
6878,10817,7552,24-03-2025,206,UPI,pending
6986,8096,3017,08-04-2025,190,UPI,pending
7016,9602,2346,01-08-2025,387,UPI,pending
7067,2801,1607,29-09-2025,393,UPI,pending
7335,1936,4766,15-11-2025,16,UPI,pending
7384,1408,7326,24-10-2025,10,UPI,pending
7401,8631,7171,07-01-2026,208,UPI,pending
7508,8291,1938,30-05-2025,378,UPI,pending
7568,1740,7911,19-04-2025,1998,UPI,pending
7996,10613,4601,18-01-2026,153,UPI,pending
8049,8043,770,15-01-2025,684,UPI,pending
8078,8993,3497,03-12-2025,7003,UPI,pending
8437,2568,7272,14-02-2025,191,UPI,pending
8513,8838,7995,15-10-2025,5,UPI,pending
8638,5733,5582,10-11-2025,403,UPI,pending
9308,7586,1753,10-10-2025,2003,UPI,pending
9552,4192,1549,09-04-2025,4010,UPI,pending
9585,11306,817,16-11-2025,1992,UPI,pending
9641,10408,6693,07-01-2026,4,UPI,pending
9677,846,5198,18-09-2025,200,UPI,pending
9872,10467,169,15-12-2025,704,UPI,pending
10045,11805,5572,20-06-2025,399,UPI,pending
10108,8710,6844,13-11-2025,138,UPI,pending
10299,10649,4599,06-03-2025,208,UPI,pending
10433,7029,4331,11-01-2026,691,UPI,pending
10441,3077,338,10-06-2025,408,UPI,pending
10580,2153,3007,22-04-2025,401,UPI,pending
10921,10089,5218,11-12-2025,1995,UPI,pending
10993,3252,4004,14-08-2025,3981,UPI,pending
11252,5282,2081,01-02-2025,2008,UPI,pending
11560,2406,6880,27-11-2025,199,UPI,pending
11606,4671,1535,16-07-2025,190,UPI,pending
11611,7873,5285,10-11-2025,684,UPI,pending
11635,9770,6200,23-01-2025,404,UPI,pending
11779,4941,3001,12-12-2025,710,UPI,pending
38,8099,2096,16-08-2025,396,Card,pending
82,3329,3460,24-08-2025,3999,Card,pending
129,1125,1721,24-09-2025,397,Card,pending
191,9973,840,12-01-2026,700,Card,pending
279,9376,5387,01-09-2025,713,Card,pending
534,7515,6775,26-10-2025,196,Card,pending
557,10149,5043,31-01-2025,7004,Card,pending
676,9072,7070,05-09-2025,1996,Card,pending
735,5069,3955,01-10-2025,4000,Card,pending
865,1662,1845,11-01-2025,197,Card,pending
1031,9336,6611,28-05-2025,20,Card,pending
1081,4871,7533,20-01-2025,195,Card,pending
1166,8023,2683,28-07-2025,15,Card,pending
1613,5779,3698,14-07-2025,201,Card,pending
1680,8748,2225,27-09-2025,685,Card,pending
1877,1046,4739,30-06-2025,6987,Card,pending
2084,2923,6854,17-02-2025,6987,Card,pending
2154,5352,418,06-02-2025,10,Card,pending
2232,8080,415,19-11-2025,385,Card,pending
2501,10763,7376,14-06-2025,199,Card,pending
2570,2113,5475,12-07-2025,143,Card,pending
2614,197,5704,23-09-2025,4020,Card,pending
2668,9326,2731,29-09-2025,7,Card,pending
2675,7792,191,20-09-2025,400,Card,pending
2880,10964,6507,05-05-2025,2,Card,pending
2936,10959,6455,04-04-2025,1998,Card,pending
2984,10521,7701,28-04-2025,2002,Card,pending
3249,11680,4952,03-06-2025,384,Card,pending
3325,11052,3864,08-07-2025,2024,Card,pending
3464,5836,566,05-08-2025,148,Card,pending
3483,233,7776,19-11-2025,193,Card,pending
3493,8737,6848,04-12-2025,704,Card,pending
3541,1049,6905,03-04-2025,703,Card,pending
3657,11517,7763,28-09-2025,1991,Card,pending
3871,7778,2356,07-01-2025,699,Card,pending
3892,5376,6322,11-06-2025,697,Card,pending
3927,8902,597,05-07-2025,7002,Card,pending
3969,8100,205,03-03-2025,700,Card,pending
4333,8464,1254,28-12-2025,404,Card,pending
4344,8461,122,14-11-2025,7,Card,pending
4411,4530,6390,14-10-2025,7,Card,pending
4414,3810,6794,05-07-2025,3992,Card,pending
4450,8546,762,02-07-2025,214,Card,pending
4541,3796,1096,27-05-2025,2003,Card,pending
4653,9468,5075,22-11-2025,7,Card,pending
4727,4268,7750,13-02-2025,6993,Card,pending
4739,4065,891,04-02-2025,407,Card,pending
4859,7858,5802,01-03-2025,202,Card,pending
4967,5767,6724,30-10-2025,3998,Card,pending
5124,9853,551,13-01-2026,1989,Card,pending
5286,3691,1324,22-10-2025,701,Card,pending
5358,7947,816,06-11-2025,1,Card,pending
5370,6238,2166,24-05-2025,11,Card,pending
5467,823,2653,03-07-2025,4004,Card,pending
5583,8351,5580,29-04-2025,410,Card,pending
5653,3629,2703,28-08-2025,692,Card,pending
6092,7297,747,11-07-2025,189,Card,pending
6198,6300,1580,03-09-2025,203,Card,pending
6250,9997,5115,15-03-2025,401,Card,pending
6330,813,3746,09-08-2025,203,Card,pending
6457,3810,6794,27-10-2025,3978,Card,pending
6458,5167,4302,28-07-2025,412,Card,pending
6551,4991,4981,01-11-2025,198,Card,pending
6657,7440,3558,02-07-2025,393,Card,pending
6792,7609,5563,16-11-2025,8,Card,pending
6898,4409,4872,24-07-2025,4000,Card,pending
7012,864,2533,30-01-2025,11,Card,pending
7153,678,7943,01-04-2025,705,Card,pending
7166,8933,6891,10-11-2025,195,Card,pending
7313,9010,7237,02-06-2025,1989,Card,pending
7754,6367,2350,18-07-2025,409,Card,pending
7869,3145,1337,30-09-2025,383,Card,pending
7979,1960,6300,16-03-2025,2007,Card,pending
8256,6494,7249,13-05-2025,191,Card,pending
8304,9074,1832,05-01-2026,4002,Card,pending
8380,5734,6255,18-10-2025,392,Card,pending
8509,5912,2380,01-01-2025,401,Card,pending
8511,2022,6079,12-06-2025,7012,Card,pending
8524,7986,4931,03-02-2025,3988,Card,pending
8972,6476,4851,04-11-2025,399,Card,pending
9118,8297,7277,27-02-2025,1989,Card,pending
9187,8696,2630,23-06-2025,8,Card,pending
9359,5197,3193,31-12-2025,400,Card,pending
9599,11273,5657,15-01-2025,722,Card,pending
9795,2591,900,21-12-2025,5,Card,pending
10079,8788,2238,11-01-2026,200,Card,pending
10101,1179,331,30-06-2025,702,Card,pending
10274,7951,5367,17-04-2025,2013,Card,pending
10464,8679,4103,17-07-2025,7004,Card,pending
10532,6528,4861,11-04-2025,3998,Card,pending
10600,10146,1707,09-03-2025,148,Card,pending
10655,8644,481,22-05-2025,143,Card,pending
10764,11077,6594,13-11-2025,206,Card,pending
10816,9479,2793,25-07-2025,404,Card,pending
10838,10835,4037,05-07-2025,406,Card,pending
10859,3743,1701,05-10-2025,705,Card,pending
11035,5672,53,07-07-2025,11,Card,pending
11116,3548,2538,30-09-2025,7005,Card,pending
11188,968,7780,06-02-2025,204,Card,pending
11207,5108,1243,08-09-2025,192,Card,pending
11400,1150,2885,12-12-2025,149,Card,pending
11572,4178,480,17-08-2025,186,Card,pending
11634,11621,6625,05-06-2025,4021,Card,pending
11771,8658,1622,09-08-2025,682,Card,pending
11786,439,5304,12-06-2025,412,Card,pending
11792,1422,3426,09-04-2025,401,Card,pending
11801,4739,5724,18-09-2025,154,Card,pending
96,5318,6616,10-08-2025,19,NetBanking,pending
377,6299,7166,31-10-2025,6987,NetBanking,pending
379,3001,3943,27-12-2025,418,NetBanking,pending
483,11755,3330,28-11-2025,204,NetBanking,pending
979,3661,2640,11-12-2025,4002,NetBanking,pending
1061,4056,6500,29-04-2025,407,NetBanking,pending
1235,549,1210,16-12-2025,204,NetBanking,pending
1262,1142,7588,09-06-2025,22,NetBanking,pending
1323,703,1576,16-04-2025,8,NetBanking,pending
1507,2765,3245,15-10-2025,159,NetBanking,pending
1528,423,1327,20-06-2025,143,NetBanking,pending
1623,6959,1585,20-10-2025,3988,NetBanking,pending
1733,1052,5611,29-04-2025,399,NetBanking,pending
1948,7983,2318,27-05-2025,413,NetBanking,pending
1959,5822,2736,31-08-2025,706,NetBanking,pending
2091,1867,7802,15-05-2025,1998,NetBanking,pending
2129,8071,4938,26-11-2025,2010,NetBanking,pending
2219,2895,2692,10-04-2025,2013,NetBanking,pending
2226,2074,3772,05-07-2025,689,NetBanking,pending
2268,5399,4613,20-06-2025,134,NetBanking,pending
2280,10443,1998,28-05-2025,3,NetBanking,pending
2282,7258,15,16-07-2025,161,NetBanking,pending
2346,2837,5482,09-02-2025,405,NetBanking,pending
2372,9726,1149,21-04-2025,11,NetBanking,pending
2468,8620,6319,02-08-2025,2004,NetBanking,pending
2834,9292,3719,17-05-2025,2015,NetBanking,pending
3054,2230,6027,03-02-2025,3989,NetBanking,pending
3173,5283,5966,11-05-2025,213,NetBanking,pending
3213,833,765,10-10-2025,183,NetBanking,pending
3383,55,6731,26-08-2025,8,NetBanking,pending
3385,2853,7134,24-01-2025,190,NetBanking,pending
3470,574,5811,25-04-2025,4002,NetBanking,pending
3522,2521,3665,16-01-2026,694,NetBanking,pending
3597,106,2263,25-05-2025,394,NetBanking,pending
3680,2107,440,24-03-2025,177,NetBanking,pending
3715,1667,801,11-12-2025,11,NetBanking,pending
3795,3670,117,30-03-2025,1990,NetBanking,pending
3882,3292,4376,03-12-2025,681,NetBanking,pending
3966,3359,3166,06-01-2026,4007,NetBanking,pending
3971,6516,1,01-07-2025,3984,NetBanking,pending
4046,2958,3357,21-05-2025,1995,NetBanking,pending
4055,7541,1890,13-11-2025,216,NetBanking,pending
4341,10098,5097,29-04-2025,6983,NetBanking,pending
4428,9625,3587,18-02-2025,144,NetBanking,pending
4507,7321,6451,17-04-2025,196,NetBanking,pending
4516,1622,1876,12-05-2025,383,NetBanking,pending
4704,9679,3289,14-08-2025,1998,NetBanking,pending
4750,10405,3766,03-08-2025,18,NetBanking,pending
4798,9930,285,16-09-2025,139,NetBanking,pending
4818,4643,1688,22-11-2025,395,NetBanking,pending
4918,10344,1479,20-06-2025,6986,NetBanking,pending
4920,5837,1789,25-09-2025,6997,NetBanking,pending
5065,3130,6091,17-04-2025,687,NetBanking,pending
5127,5209,6457,03-03-2025,5,NetBanking,pending
5321,1143,4819,01-08-2025,6983,NetBanking,pending
5328,1171,6332,07-09-2025,706,NetBanking,pending
5333,2881,6490,11-01-2025,13,NetBanking,pending
5336,34,2614,16-06-2025,2009,NetBanking,pending
5445,1851,1464,07-08-2025,702,NetBanking,pending
5578,7874,1563,03-04-2025,7005,NetBanking,pending
5689,52,3624,09-10-2025,710,NetBanking,pending
5723,9663,2219,05-12-2025,694,NetBanking,pending
5777,9866,2894,12-05-2025,4019,NetBanking,pending
6316,8678,4628,12-05-2025,10,NetBanking,pending
6578,11812,3704,20-03-2025,142,NetBanking,pending
6579,5377,7869,11-12-2025,6992,NetBanking,pending
6781,5269,7275,16-02-2025,729,NetBanking,pending
6797,11388,3785,10-01-2025,691,NetBanking,pending
6851,5285,1744,23-10-2025,2,NetBanking,pending
6857,414,2599,30-11-2025,202,NetBanking,pending
6920,11820,4134,02-07-2025,4003,NetBanking,pending
6996,11813,4508,27-02-2025,406,NetBanking,pending
7082,8415,4082,21-12-2025,148,NetBanking,pending
7134,7324,571,12-04-2025,2006,NetBanking,pending
7161,2441,6087,05-07-2025,2000,NetBanking,pending
7229,2073,784,26-11-2025,158,NetBanking,pending
7233,7880,7244,06-04-2025,3998,NetBanking,pending
7245,7930,7715,14-05-2025,3989,NetBanking,pending
7381,10671,206,24-03-2025,398,NetBanking,pending
7457,10068,4318,29-04-2025,154,NetBanking,pending
7627,9084,6513,12-08-2025,705,NetBanking,pending
7873,11848,5282,20-06-2025,2,NetBanking,pending
7874,2834,1470,29-10-2025,2005,NetBanking,pending
7935,975,2630,03-04-2025,390,NetBanking,pending
8566,4509,2193,30-05-2025,7006,NetBanking,pending
8783,10363,6393,17-04-2025,707,NetBanking,pending
8849,9986,1159,08-04-2025,702,NetBanking,pending
9049,3995,652,18-07-2025,149,NetBanking,pending
9108,3611,5570,26-01-2025,7002,NetBanking,pending
9236,4999,728,12-05-2025,4002,NetBanking,pending
9257,5158,3688,18-04-2025,400,NetBanking,pending
9307,3433,6897,06-04-2025,6,NetBanking,pending
9321,2318,5837,11-03-2025,417,NetBanking,pending
9400,9148,6334,20-02-2025,398,NetBanking,pending
9412,2660,6367,15-11-2025,207,NetBanking,pending
9517,4970,7867,09-10-2025,153,NetBanking,pending
9518,4177,5055,15-08-2025,398,NetBanking,pending
9766,11822,2967,26-03-2025,1981,NetBanking,pending
9879,7370,7856,12-01-2026,3988,NetBanking,pending
10011,7289,1598,13-12-2025,2008,NetBanking,pending
10018,6315,3429,14-07-2025,3998,NetBanking,pending
10124,9515,6725,29-04-2025,183,NetBanking,pending
10303,2910,6500,12-01-2026,3997,NetBanking,pending
10316,8567,6028,28-12-2025,400,NetBanking,pending
10335,7385,1587,01-01-2025,212,NetBanking,pending
10429,3962,4624,03-09-2025,3991,NetBanking,pending
10703,9590,2154,29-12-2025,695,NetBanking,pending
10735,10290,6155,17-04-2025,147,NetBanking,pending
10970,8862,5729,06-11-2025,175,NetBanking,pending
11098,8330,423,15-01-2025,698,NetBanking,pending
11108,5387,542,29-04-2025,209,NetBanking,pending
11208,5967,7857,02-07-2025,146,NetBanking,pending
11278,8358,565,02-08-2025,208,NetBanking,pending
11337,5734,6255,13-07-2025,401,NetBanking,pending
11420,1695,4876,17-03-2025,206,NetBanking,pending
11502,10820,5696,13-11-2025,694,NetBanking,pending
11529,6769,6904,10-10-2025,698,NetBanking,pending
11565,2250,5434,09-06-2025,13,NetBanking,pending
11605,8325,5954,02-09-2025,182,NetBanking,pending
11880,2737,2814,26-08-2025,704,NetBanking,pending
11970,4820,4289,08-11-2025,715,NetBanking,pending
