subscription_id,user_id,plan_id,start_date,end_date,status,cancel_reason
10,7079,1,31-05-2025,,active,NULL
16,7040,1,21-08-2025,,active,NULL
18,5355,1,20-10-2025,,active,NULL
22,6413,1,11-01-2025,,active,NULL
36,1687,1,22-12-2025,,active,NULL
38,6450,1,09-10-2025,,active,NULL
39,7227,1,10-05-2025,,active,NULL
49,770,1,17-07-2025,,active,NULL
51,471,1,05-09-2025,,active,NULL
54,5124,1,25-02-2025,,active,NULL
55,6731,1,04-01-2026,,active,NULL
65,4785,1,10-01-2026,,active,NULL
67,6095,1,08-04-2025,,active,NULL
68,4629,1,08-10-2025,,active,NULL
70,5890,1,27-12-2025,,active,NULL
72,505,1,17-11-2025,,active,NULL
76,2543,1,05-06-2025,,active,NULL
84,601,1,07-04-2025,,active,NULL
85,3480,1,23-11-2025,,active,NULL
86,3631,1,22-04-2025,,active,NULL
95,1115,1,25-05-2025,,active,NULL
102,6907,1,11-04-2025,,active,NULL
103,6478,1,05-08-2025,,active,NULL
104,5601,1,23-10-2025,,active,NULL
111,4274,1,03-05-2025,,active,NULL
132,3938,1,01-06-2025,,active,NULL
144,7223,1,30-09-2025,,active,NULL
148,5820,1,18-08-2025,,active,NULL
150,5301,1,28-07-2025,,active,NULL
155,4619,1,15-01-2025,,active,NULL
157,7520,1,09-09-2025,,active,NULL
160,2171,1,24-06-2025,,active,NULL
161,4575,1,01-01-2026,,active,NULL
167,5426,1,27-02-2025,,active,NULL
168,2801,1,17-06-2025,,active,NULL
170,5458,1,07-07-2025,,active,NULL
180,6343,1,18-12-2025,,active,NULL
192,1782,1,08-06-2025,,active,NULL
195,1425,1,26-04-2025,,active,NULL
200,1107,1,02-11-2025,,active,NULL
206,813,1,27-09-2025,,active,NULL
212,7308,1,09-07-2025,,active,NULL
213,2883,1,18-06-2025,,active,NULL
221,2704,1,30-08-2025,,active,NULL
225,2511,1,29-08-2025,,active,NULL
228,7034,1,07-03-2025,,active,NULL
230,1876,1,31-05-2025,,active,NULL
239,6325,1,22-11-2025,,active,NULL
240,3071,1,30-03-2025,,active,NULL
245,899,1,05-11-2025,,active,NULL
250,1832,1,04-02-2025,,active,NULL
252,2482,1,13-11-2025,,active,NULL
253,4426,1,16-06-2025,,active,NULL
254,2575,1,09-03-2025,,active,NULL
258,4412,1,24-09-2025,,active,NULL
261,4841,1,26-12-2025,,active,NULL
266,7887,1,02-07-2025,,active,NULL
268,4378,1,14-05-2025,,active,NULL
270,7223,1,04-12-2025,,active,NULL
275,1094,1,07-03-2025,,active,NULL
277,3972,1,08-12-2025,,active,NULL
290,4094,1,05-10-2025,,active,NULL
291,2596,1,04-06-2025,,active,NULL
297,5067,1,17-06-2025,,active,NULL
303,4652,1,01-02-2025,,active,NULL
304,1124,1,21-11-2025,,active,NULL
306,4672,1,13-07-2025,,active,NULL
316,5360,1,12-03-2025,,active,NULL
317,781,1,20-08-2025,,active,NULL
321,7819,1,08-09-2025,,active,NULL
322,4501,1,31-12-2025,,active,NULL
326,7518,1,05-11-2025,,active,NULL
329,3121,1,19-08-2025,,active,NULL
338,1463,1,23-10-2025,,active,NULL
341,5803,1,24-03-2025,,active,NULL
344,7052,1,23-01-2025,,active,NULL
350,4296,1,26-10-2025,,active,NULL
351,5105,1,08-10-2025,,active,NULL
353,3743,1,17-08-2025,,active,NULL
355,5320,1,23-11-2025,,active,NULL
363,5700,1,09-07-2025,,active,NULL
375,2660,1,21-01-2025,,active,NULL
384,6598,1,10-05-2025,,active,NULL
397,6332,1,02-05-2025,,active,NULL
403,4813,1,16-12-2025,,active,NULL
406,6435,1,09-05-2025,,active,NULL
418,806,1,15-07-2025,,active,NULL
421,4208,1,11-09-2025,,active,NULL
424,1918,1,03-08-2025,,active,NULL
425,2625,1,17-10-2025,,active,NULL
426,6500,1,09-01-2026,,active,NULL
433,1974,1,25-08-2025,,active,NULL
438,1316,1,19-05-2025,,active,NULL
440,7722,1,28-03-2025,,active,NULL
447,2868,1,21-03-2025,,active,NULL
449,1490,1,10-05-2025,,active,NULL
453,7308,1,16-12-2025,,active,NULL
454,3390,1,25-05-2025,,active,NULL
462,3204,1,06-01-2026,,active,NULL
464,5016,1,15-06-2025,,active,NULL
469,5074,1,11-04-2025,,active,NULL
472,3576,1,16-07-2025,,active,NULL
474,2807,1,04-01-2025,,active,NULL
475,6804,1,17-04-2025,,active,NULL
482,932,1,22-09-2025,,active,NULL
483,48,1,03-10-2025,,active,NULL
485,5768,1,07-11-2025,,active,NULL
495,3946,1,19-11-2025,,active,NULL
497,1591,1,04-04-2025,,active,NULL
510,2121,1,31-12-2025,,active,NULL
511,1462,1,22-06-2025,,active,NULL
518,1943,1,15-06-2025,,active,NULL
519,3743,1,08-12-2025,,active,NULL
521,2828,1,06-04-2025,,active,NULL
531,2898,1,16-01-2026,,active,NULL
532,260,1,21-04-2025,,active,NULL
537,3935,1,18-10-2025,,active,NULL
538,4994,1,25-11-2025,,active,NULL
548,4846,1,31-01-2025,,active,NULL
555,4228,1,13-08-2025,,active,NULL
556,3233,1,13-01-2025,,active,NULL
557,1726,1,11-04-2025,,active,NULL
558,1617,1,05-12-2025,,active,NULL
560,7880,1,16-02-2025,,active,NULL
562,1963,1,26-08-2025,,active,NULL
563,2132,1,17-09-2025,,active,NULL
566,5286,1,23-02-2025,,active,NULL
569,5162,1,28-06-2025,,active,NULL
571,5942,1,04-03-2025,,active,NULL
577,5640,1,18-07-2025,,active,NULL
579,1983,1,16-10-2025,,active,NULL
582,1976,1,12-07-2025,,active,NULL
586,6646,1,04-07-2025,,active,NULL
591,1088,1,03-07-2025,,active,NULL
594,2548,1,07-08-2025,,active,NULL
603,3959,1,29-04-2025,,active,NULL
607,4464,1,04-06-2025,,active,NULL
609,221,1,10-12-2025,,active,NULL
611,3013,1,03-02-2025,,active,NULL
612,7545,1,13-04-2025,,active,NULL
616,1271,1,19-02-2025,,active,NULL
625,5351,1,02-07-2025,,active,NULL
629,1500,1,23-12-2025,,active,NULL
631,501,1,22-10-2025,,active,NULL
640,4288,1,23-06-2025,,active,NULL
643,2241,1,25-02-2025,,active,NULL
644,589,1,24-10-2025,,active,NULL
651,826,1,09-04-2025,,active,NULL
655,1154,1,16-08-2025,,active,NULL
661,2396,1,02-04-2025,,active,NULL
670,3136,1,25-06-2025,,active,NULL
673,6795,1,30-12-2025,,active,NULL
677,6404,1,07-07-2025,,active,NULL
685,6683,1,21-01-2025,,active,NULL
688,136,1,03-12-2025,,active,NULL
691,538,1,25-02-2025,,active,NULL
694,2208,1,28-10-2025,,active,NULL
697,5497,1,06-02-2025,,active,NULL
699,6834,1,23-04-2025,,active,NULL
701,1241,1,03-07-2025,,active,NULL
703,1576,1,21-06-2025,,active,NULL
709,4410,1,25-03-2025,,active,NULL
714,5587,1,17-04-2025,,active,NULL
720,947,1,15-06-2025,,active,NULL
722,4045,1,13-07-2025,,active,NULL
731,5624,1,28-08-2025,,active,NULL
736,234,1,22-03-2025,,active,NULL
737,4528,1,13-03-2025,,active,NULL
756,7084,1,21-05-2025,,active,NULL
759,3243,1,19-09-2025,,active,NULL
765,6988,1,13-01-2026,,active,NULL
770,4308,1,10-07-2025,,active,NULL
778,4062,1,10-07-2025,,active,NULL
780,6590,1,18-06-2025,,active,NULL
785,597,1,22-12-2025,,active,NULL
792,4362,1,04-04-2025,,active,NULL
798,7782,1,02-03-2025,,active,NULL
799,4777,1,19-01-2025,,active,NULL
801,7753,1,28-05-2025,,active,NULL
803,5007,1,12-10-2025,,active,NULL
815,7864,1,16-08-2025,,active,NULL
817,1933,1,12-07-2025,,active,NULL
821,7998,1,11-04-2025,,active,NULL
825,5255,1,02-10-2025,,active,NULL
829,4926,1,04-01-2026,,active,NULL
831,5188,1,12-08-2025,,active,NULL
832,5582,1,11-11-2025,,active,NULL
834,6598,1,25-09-2025,,active,NULL
851,6544,1,22-07-2025,,active,NULL
853,4534,1,13-10-2025,,active,NULL
862,3679,1,10-11-2025,,active,NULL
864,2533,1,19-04-2025,,active,NULL
867,4762,1,24-11-2025,,active,NULL
872,106,1,26-06-2025,,active,NULL
875,1707,1,29-06-2025,,active,NULL
881,6924,1,07-09-2025,,active,NULL
887,6105,1,25-03-2025,,active,NULL
889,1752,1,20-06-2025,,active,NULL
891,449,1,26-10-2025,,active,NULL
892,2680,1,16-05-2025,,active,NULL
901,2250,1,20-08-2025,,active,NULL
915,3393,1,03-10-2025,,active,NULL
930,3129,1,16-05-2025,,active,NULL
938,5891,1,10-01-2025,,active,NULL
950,5346,1,08-10-2025,,active,NULL
952,468,1,09-12-2025,,active,NULL
955,7694,1,29-10-2025,,active,NULL
961,1368,1,08-12-2025,,active,NULL
965,7026,1,18-09-2025,,active,NULL
969,3142,1,25-10-2025,,active,NULL
970,7294,1,11-06-2025,,active,NULL
972,3455,1,21-01-2025,,active,NULL
974,6650,1,01-03-2025,,active,NULL
977,6456,1,04-12-2025,,active,NULL
984,358,1,26-06-2025,,active,NULL
987,2879,1,29-04-2025,,active,NULL
995,6075,1,28-08-2025,,active,NULL
1001,4421,1,30-06-2025,,active,NULL
1002,1965,1,19-03-2025,,active,NULL
1003,3895,1,28-10-2025,,active,NULL
1006,4412,1,24-09-2025,,active,NULL
1015,6232,1,02-02-2025,,active,NULL
1016,1172,1,12-11-2025,,active,NULL
1018,5935,1,25-04-2025,,active,NULL
1034,1983,1,15-06-2025,,active,NULL
1041,357,1,02-08-2025,,active,NULL
1042,3163,1,23-07-2025,,active,NULL
1054,527,1,30-12-2025,,active,NULL
1069,7672,1,18-09-2025,,active,NULL
1071,2530,1,19-11-2025,,active,NULL
1072,1670,1,06-10-2025,,active,NULL
1081,376,1,28-03-2025,,active,NULL
1093,6881,1,13-10-2025,,active,NULL
1100,1161,1,15-06-2025,,active,NULL
1104,7630,1,10-12-2025,,active,NULL
1107,3187,1,10-10-2025,,active,NULL
1111,2032,1,10-06-2025,,active,NULL
1114,5029,1,22-11-2025,,active,NULL
1115,5908,1,15-07-2025,,active,NULL
1116,1373,1,03-10-2025,,active,NULL
1118,1232,1,10-01-2025,,active,NULL
1128,1133,1,25-11-2025,,active,NULL
1130,1717,1,10-01-2025,,active,NULL
1135,5243,1,09-05-2025,,active,NULL
1138,649,1,30-08-2025,,active,NULL
1144,7686,1,01-10-2025,,active,NULL
1153,4715,1,03-03-2025,,active,NULL
1157,4361,1,19-03-2025,,active,NULL
1160,5764,1,05-04-2025,,active,NULL
1165,1107,1,21-06-2025,,active,NULL
1167,762,1,06-02-2025,,active,NULL
1168,349,1,07-03-2025,,active,NULL
1172,7586,1,18-07-2025,,active,NULL
1180,3548,1,20-12-2025,,active,NULL
1189,1519,1,19-09-2025,,active,NULL
1191,3451,1,28-07-2025,,active,NULL
1192,5114,1,05-01-2026,,active,NULL
1193,3339,1,24-09-2025,,active,NULL
1199,6462,1,17-12-2025,,active,NULL
1201,47,1,25-01-2025,,active,NULL
1207,61,1,04-06-2025,,active,NULL
1214,5759,1,27-08-2025,,active,NULL
1216,1825,1,18-06-2025,,active,NULL
1218,576,1,24-03-2025,,active,NULL
1220,7568,1,11-10-2025,,active,NULL
1221,2225,1,02-06-2025,,active,NULL
1225,1551,1,06-02-2025,,active,NULL
1228,5898,1,29-03-2025,,active,NULL
1244,3243,1,02-05-2025,,active,NULL
1248,2953,1,11-06-2025,,active,NULL
1255,2772,1,08-02-2025,,active,NULL
1257,712,1,11-12-2025,,active,NULL
1261,7629,1,18-07-2025,,active,NULL
1267,2277,1,01-03-2025,,active,NULL
1294,5564,1,19-04-2025,,active,NULL
1296,5815,1,07-07-2025,,active,NULL
1301,1514,1,08-07-2025,,active,NULL
1305,6693,1,10-03-2025,,active,NULL
1306,3088,1,28-03-2025,,active,NULL
1308,2231,1,07-04-2025,,active,NULL
1312,3918,1,02-01-2025,,active,NULL
1329,3347,1,08-08-2025,,active,NULL
1331,2815,1,21-05-2025,,active,NULL
1335,131,1,31-03-2025,,active,NULL
1337,5545,1,03-09-2025,,active,NULL
1339,7511,1,08-12-2025,,active,NULL
1340,4315,1,11-02-2025,,active,NULL
1341,1609,1,25-05-2025,,active,NULL
1346,4714,1,10-08-2025,,active,NULL
1347,1636,1,06-03-2025,,active,NULL
1352,1395,1,07-09-2025,,active,NULL
1356,2563,1,22-04-2025,,active,NULL
1380,3639,1,21-02-2025,,active,NULL
1386,6233,1,28-12-2025,,active,NULL
1393,908,1,01-09-2025,,active,NULL
1399,2850,1,10-10-2025,,active,NULL
1400,595,1,03-01-2026,,active,NULL
1406,7872,1,12-08-2025,,active,NULL
1408,7326,1,19-12-2025,,active,NULL
1416,5694,1,08-06-2025,,active,NULL
1417,6943,1,17-05-2025,,active,NULL
1418,3864,1,19-04-2025,,active,NULL
1425,1032,1,10-09-2025,,active,NULL
1433,1838,1,07-10-2025,,active,NULL
1436,4938,1,09-01-2025,,active,NULL
1439,7796,1,29-11-2025,,active,NULL
1444,7418,1,23-04-2025,,active,NULL
1448,6906,1,08-08-2025,,active,NULL
1453,1423,1,30-03-2025,,active,NULL
1455,5760,1,17-06-2025,,active,NULL
1458,2798,1,15-12-2025,,active,NULL
1461,1913,1,04-08-2025,,active,NULL
1466,4870,1,26-12-2025,,active,NULL
1469,3010,1,16-05-2025,,active,NULL
1470,5842,1,08-12-2025,,active,NULL
1471,1261,1,27-06-2025,,active,NULL
1476,6125,1,06-04-2025,,active,NULL
1481,3717,1,04-09-2025,,active,NULL
1483,3881,1,20-06-2025,,active,NULL
1485,6971,1,26-04-2025,,active,NULL
1487,1066,1,23-12-2025,,active,NULL
1495,2378,1,04-05-2025,,active,NULL
1497,1446,1,08-12-2025,,active,NULL
1507,4796,1,11-06-2025,,active,NULL
1508,5083,1,05-01-2025,,active,NULL
1513,292,1,30-07-2025,,active,NULL
1519,4093,1,22-03-2025,,active,NULL
1521,1069,1,07-12-2025,,active,NULL
1526,6042,1,28-03-2025,,active,NULL
1527,7048,1,02-04-2025,,active,NULL
1535,7582,1,21-07-2025,,active,NULL
1536,4657,1,28-11-2025,,active,NULL
1548,7587,1,13-09-2025,,active,NULL
1551,3286,1,24-02-2025,,active,NULL
1560,5110,1,24-06-2025,,active,NULL
1573,3547,1,17-05-2025,,active,NULL
1598,5898,1,24-11-2025,,active,NULL
1605,1231,1,13-01-2026,,active,NULL
1620,5762,1,25-10-2025,,active,NULL
1621,3967,1,19-05-2025,,active,NULL
1632,7706,1,02-02-2025,,active,NULL
1634,7030,1,16-01-2026,,active,NULL
1638,7037,1,24-02-2025,,active,NULL
1653,2673,1,09-11-2025,,active,NULL
1656,3073,1,03-07-2025,,active,NULL
1658,86,1,12-07-2025,,active,NULL
1659,6811,1,05-01-2026,,active,NULL
1660,2128,1,13-09-2025,,active,NULL
1667,801,1,14-08-2025,,active,NULL
1680,2535,1,12-12-2025,,active,NULL
1683,737,1,13-12-2025,,active,NULL
1698,2755,1,18-01-2026,,active,NULL
1700,5350,1,02-04-2025,,active,NULL
1711,6270,1,16-04-2025,,active,NULL
1712,1161,1,19-10-2025,,active,NULL
1715,1895,1,02-11-2025,,active,NULL
1716,1855,1,20-01-2025,,active,NULL
1717,7357,1,02-07-2025,,active,NULL
1720,1450,1,14-12-2025,,active,NULL
1722,2398,1,23-07-2025,,active,NULL
1726,3990,1,02-01-2025,,active,NULL
1728,278,1,19-06-2025,,active,NULL
1730,7262,1,03-04-2025,,active,NULL
1732,6474,1,01-08-2025,,active,NULL
1735,1474,1,07-09-2025,,active,NULL
1744,5935,1,26-02-2025,,active,NULL
1745,5467,1,08-09-2025,,active,NULL
1750,1062,1,14-01-2026,,active,NULL
1762,5933,1,04-08-2025,,active,NULL
1771,5809,1,31-05-2025,,active,NULL
1784,7961,1,28-06-2025,,active,NULL
1785,1220,1,07-07-2025,,active,NULL
1790,7825,1,05-07-2025,,active,NULL
1794,5533,1,19-01-2025,,active,NULL
1804,3848,1,27-12-2025,,active,NULL
1806,4618,1,17-12-2025,,active,NULL
1809,5124,1,18-07-2025,,active,NULL
1812,2534,1,06-02-2025,,active,NULL
1817,4192,1,04-09-2025,,active,NULL
1819,4886,1,24-02-2025,,active,NULL
1821,89,1,08-10-2025,,active,NULL
1827,524,1,23-08-2025,,active,NULL
1831,465,1,03-02-2025,,active,NULL
1833,655,1,08-08-2025,,active,NULL
1858,7147,1,07-11-2025,,active,NULL
1861,5614,1,01-04-2025,,active,NULL
1870,1041,1,30-01-2025,,active,NULL
1876,1933,1,14-01-2025,,active,NULL
1878,3011,1,05-10-2025,,active,NULL
1882,3456,1,20-10-2025,,active,NULL
1883,124,1,04-10-2025,,active,NULL
1888,7696,1,26-11-2025,,active,NULL
1890,1450,1,10-11-2025,,active,NULL
1898,5671,1,05-01-2025,,active,NULL
1905,6044,1,19-01-2025,,active,NULL
1912,2002,1,07-12-2025,,active,NULL
1926,7030,1,27-02-2025,,active,NULL
1932,2196,1,13-03-2025,,active,NULL
1934,819,1,27-03-2025,,active,NULL
1936,4766,1,26-01-2025,,active,NULL
1937,1200,1,22-03-2025,,active,NULL
1938,769,1,28-12-2025,,active,NULL
1942,3185,1,01-10-2025,,active,NULL
1946,908,1,11-02-2025,,active,NULL
1951,3038,1,19-10-2025,,active,NULL
1955,2014,1,22-04-2025,,active,NULL
1959,7277,1,09-11-2025,,active,NULL
1961,6404,1,29-11-2025,,active,NULL
1970,7950,1,20-11-2025,,active,NULL
1982,6716,1,14-03-2025,,active,NULL
1994,4558,1,29-09-2025,,active,NULL
1999,6129,1,27-02-2025,,active,NULL
2001,6159,1,19-08-2025,,active,NULL
2006,7901,1,18-06-2025,,active,NULL
2010,3973,1,24-07-2025,,active,NULL
2012,7246,1,24-02-2025,,active,NULL
2017,6639,1,20-07-2025,,active,NULL
2019,6170,1,26-08-2025,,active,NULL
2023,456,1,21-10-2025,,active,NULL
2025,4410,1,18-10-2025,,active,NULL
2028,923,1,08-10-2025,,active,NULL
2038,1170,1,25-11-2025,,active,NULL
2044,1382,1,20-02-2025,,active,NULL
2046,2619,1,20-05-2025,,active,NULL
2059,2141,1,24-03-2025,,active,NULL
2063,6683,1,07-10-2025,,active,NULL
2072,7522,1,24-08-2025,,active,NULL
2075,6959,1,06-01-2025,,active,NULL
2080,1126,1,27-10-2025,,active,NULL
2087,4700,1,13-09-2025,,active,NULL
2096,3983,1,16-01-2026,,active,NULL
2098,5837,1,15-11-2025,,active,NULL
2099,1681,1,21-09-2025,,active,NULL
2101,4020,1,08-05-2025,,active,NULL
2103,1519,1,26-10-2025,,active,NULL
2104,2577,1,17-03-2025,,active,NULL
2110,439,1,25-04-2025,,active,NULL
2116,7376,1,01-05-2025,,active,NULL
2118,3017,1,21-03-2025,,active,NULL
2124,3856,1,24-10-2025,,active,NULL
2134,7860,1,25-08-2025,,active,NULL
2141,5061,1,19-12-2025,,active,NULL
2143,4419,1,14-04-2025,,active,NULL
2154,3666,1,30-08-2025,,active,NULL
2155,3536,1,01-10-2025,,active,NULL
2158,7815,1,29-05-2025,,active,NULL
2159,670,1,14-11-2025,,active,NULL
2161,2315,1,16-04-2025,,active,NULL
2165,133,1,01-04-2025,,active,NULL
2169,763,1,25-02-2025,,active,NULL
2172,5925,1,10-10-2025,,active,NULL
2178,1335,1,06-01-2025,,active,NULL
2179,7405,1,30-04-2025,,active,NULL
2189,5536,1,27-06-2025,,active,NULL
2197,1877,1,12-02-2025,,active,NULL
2202,409,1,03-09-2025,,active,NULL
2203,7803,1,29-10-2025,,active,NULL
2208,2451,1,10-02-2025,,active,NULL
2209,7390,1,13-05-2025,,active,NULL
2211,2532,1,08-01-2026,,active,NULL
2213,5138,1,16-03-2025,,active,NULL
2216,4257,1,07-02-2025,,active,NULL
2232,6387,1,22-07-2025,,active,NULL
2237,6799,1,21-11-2025,,active,NULL
2242,7866,1,12-01-2025,,active,NULL
2250,5434,1,31-08-2025,,active,NULL
2251,2274,1,27-11-2025,,active,NULL
2262,6623,1,04-12-2025,,active,NULL
2265,6459,1,16-01-2026,,active,NULL
2266,3770,1,02-03-2025,,active,NULL
2267,6008,1,31-12-2025,,active,NULL
2270,7830,1,28-02-2025,,active,NULL
2280,7662,1,03-01-2025,,active,NULL
2285,5692,1,09-08-2025,,active,NULL
2291,2897,1,21-07-2025,,active,NULL
2294,2049,1,18-01-2026,,active,NULL
2298,996,1,24-12-2025,,active,NULL
2303,5126,1,26-12-2025,,active,NULL
2307,6477,1,29-09-2025,,active,NULL
2311,7442,1,23-11-2025,,active,NULL
2316,5600,1,02-09-2025,,active,NULL
2319,2804,1,01-12-2025,,active,NULL
2320,6743,1,08-10-2025,,active,NULL
2321,4708,1,04-12-2025,,active,NULL
2339,7551,1,01-02-2025,,active,NULL
2345,6970,1,06-07-2025,,active,NULL
2352,466,1,16-04-2025,,active,NULL
2357,7803,1,21-03-2025,,active,NULL
2365,170,1,11-10-2025,,active,NULL
2371,5156,1,16-01-2025,,active,NULL
2376,1764,1,18-10-2025,,active,NULL
2378,7,1,05-05-2025,,active,NULL
2386,5880,1,05-10-2025,,active,NULL
2394,3347,1,05-12-2025,,active,NULL
2399,4510,1,08-07-2025,,active,NULL
2414,6490,1,23-09-2025,,active,NULL
2415,381,1,02-05-2025,,active,NULL
2418,2622,1,13-12-2025,,active,NULL
2422,3650,1,24-02-2025,,active,NULL
2429,4646,1,04-05-2025,,active,NULL
2433,6048,1,13-01-2026,,active,NULL
2437,4049,1,22-12-2025,,active,NULL
2452,4184,1,05-12-2025,,active,NULL
2462,5441,1,19-08-2025,,active,NULL
2470,4995,1,11-07-2025,,active,NULL
2476,2444,1,16-06-2025,,active,NULL
2477,3351,1,25-08-2025,,active,NULL
2479,3007,1,15-10-2025,,active,NULL
2481,6478,1,09-10-2025,,active,NULL
2484,321,1,07-07-2025,,active,NULL
2487,3386,1,07-01-2025,,active,NULL
2489,6162,1,03-06-2025,,active,NULL
2492,6637,1,29-04-2025,,active,NULL
2506,4741,1,06-03-2025,,active,NULL
2508,1332,1,04-09-2025,,active,NULL
2511,2215,1,21-11-2025,,active,NULL
2522,5460,1,15-09-2025,,active,NULL
2523,2222,1,25-02-2025,,active,NULL
2527,167,1,31-07-2025,,active,NULL
2533,1554,1,12-12-2025,,active,NULL
2537,5302,1,17-09-2025,,active,NULL
2546,5689,1,28-04-2025,,active,NULL
2551,2732,1,29-07-2025,,active,NULL
2553,7373,1,06-12-2025,,active,NULL
2554,488,1,10-07-2025,,active,NULL
2555,5863,1,25-04-2025,,active,NULL
2565,6864,1,09-02-2025,,active,NULL
2566,7793,1,07-09-2025,,active,NULL
2575,6293,1,11-06-2025,,active,NULL
2582,4230,1,24-08-2025,,active,NULL
2584,5951,1,22-04-2025,,active,NULL
2585,1478,1,20-07-2025,,active,NULL
2596,411,1,06-02-2025,,active,NULL
2601,7511,1,14-09-2025,,active,NULL
2602,272,1,15-11-2025,,active,NULL
2604,3536,1,24-04-2025,,active,NULL
2605,4615,1,12-07-2025,,active,NULL
2610,7972,1,01-08-2025,,active,NULL
2616,937,1,20-07-2025,,active,NULL
2629,1025,1,28-06-2025,,active,NULL
2631,2709,1,25-11-2025,,active,NULL
2632,166,1,04-10-2025,,active,NULL
2633,6554,1,30-10-2025,,active,NULL
2636,2027,1,08-10-2025,,active,NULL
2639,937,1,24-09-2025,,active,NULL
2640,3051,1,04-04-2025,,active,NULL
2641,96,1,30-03-2025,,active,NULL
2645,5437,1,31-10-2025,,active,NULL
2649,767,1,19-04-2025,,active,NULL
2658,142,1,02-12-2025,,active,NULL
2661,5625,1,19-06-2025,,active,NULL
2670,3433,1,13-11-2025,,active,NULL
2673,4556,1,14-02-2025,,active,NULL
2678,2991,1,21-10-2025,,active,NULL
2684,2266,1,25-01-2025,,active,NULL
2685,2643,1,02-08-2025,,active,NULL
2687,3732,1,19-11-2025,,active,NULL
2692,1072,1,08-08-2025,,active,NULL
2697,2561,1,03-03-2025,,active,NULL
2702,7519,1,18-02-2025,,active,NULL
2703,2138,1,17-03-2025,,active,NULL
2713,818,1,16-10-2025,,active,NULL
2714,6392,1,14-08-2025,,active,NULL
2715,955,1,12-08-2025,,active,NULL
2717,6586,1,08-03-2025,,active,NULL
2719,3886,1,11-02-2025,,active,NULL
2720,3782,1,31-08-2025,,active,NULL
2723,2327,1,05-02-2025,,active,NULL
2724,4620,1,03-05-2025,,active,NULL
2730,4320,1,22-10-2025,,active,NULL
2731,4023,1,17-06-2025,,active,NULL
2733,985,1,18-04-2025,,active,NULL
2741,2723,1,18-08-2025,,active,NULL
2743,4645,1,06-02-2025,,active,NULL
2758,2960,1,19-10-2025,,active,NULL
2762,7772,1,24-07-2025,,active,NULL
2763,3449,1,02-11-2025,,active,NULL
2766,7298,1,27-01-2025,,active,NULL
2775,4452,1,17-02-2025,,active,NULL
2782,4797,1,19-07-2025,,active,NULL
2785,4705,1,01-09-2025,,active,NULL
2786,4145,1,13-03-2025,,active,NULL
2788,3730,1,15-02-2025,,active,NULL
2794,1024,1,21-06-2025,,active,NULL
2799,6489,1,07-06-2025,,active,NULL
2800,820,1,15-01-2025,,active,NULL
2804,1363,1,04-07-2025,,active,NULL
2812,3597,1,19-07-2025,,active,NULL
2816,7443,1,13-02-2025,,active,NULL
2821,3664,1,28-06-2025,,active,NULL
2830,5695,1,27-03-2025,,active,NULL
2831,1562,1,17-06-2025,,active,NULL
2832,5207,1,06-06-2025,,active,NULL
2833,3841,1,25-11-2025,,active,NULL
2835,4701,1,01-01-2025,,active,NULL
2842,7787,1,31-05-2025,,active,NULL
2845,3589,1,05-04-2025,,active,NULL
2849,465,1,20-05-2025,,active,NULL
2857,5278,1,13-09-2025,,active,NULL
2864,3093,1,13-01-2026,,active,NULL
2867,5442,1,28-04-2025,,active,NULL
2880,2190,1,07-01-2026,,active,NULL
2881,6490,1,24-01-2025,,active,NULL
2882,303,1,22-03-2025,,active,NULL
2888,7616,1,08-07-2025,,active,NULL
2891,6481,1,28-09-2025,,active,NULL
2893,1203,1,02-05-2025,,active,NULL
2903,3561,1,26-08-2025,,active,NULL
2905,2239,1,24-10-2025,,active,NULL
2912,7789,1,04-01-2025,,active,NULL
2917,3174,1,31-08-2025,,active,NULL
2928,3405,1,10-09-2025,,active,NULL
2932,6191,1,22-07-2025,,active,NULL
2934,1134,1,04-04-2025,,active,NULL
2941,5848,1,08-06-2025,,active,NULL
2944,6317,1,15-01-2026,,active,NULL
2945,1345,1,18-01-2025,,active,NULL
2946,2564,1,10-07-2025,,active,NULL
2947,1981,1,30-12-2025,,active,NULL
2948,61,1,11-08-2025,,active,NULL
2961,1606,1,12-09-2025,,active,NULL
2963,7424,1,25-06-2025,,active,NULL
2965,5143,1,25-06-2025,,active,NULL
2967,1085,1,21-09-2025,,active,NULL
2971,4973,1,19-11-2025,,active,NULL
2983,7053,1,29-04-2025,,active,NULL
2988,4572,1,06-02-2025,,active,NULL
2999,1070,1,20-01-2025,,active,NULL
3006,6646,1,24-06-2025,,active,NULL
3012,749,1,05-03-2025,,active,NULL
3017,1817,1,06-09-2025,,active,NULL
3024,4050,1,13-10-2025,,active,NULL
3030,6539,1,09-06-2025,,active,NULL
3032,85,1,11-06-2025,,active,NULL
3033,1060,1,27-04-2025,,active,NULL
3037,6088,1,05-02-2025,,active,NULL
3054,2814,1,04-12-2025,,active,NULL
3057,3627,1,14-07-2025,,active,NULL
3062,309,1,01-02-2025,,active,NULL
3063,4114,1,26-12-2025,,active,NULL
3065,5471,1,21-11-2025,,active,NULL
3067,2939,1,20-09-2025,,active,NULL
3074,7242,1,14-06-2025,,active,NULL
3075,154,1,17-01-2025,,active,NULL
3085,2447,1,01-01-2026,,active,NULL
3086,6246,1,27-02-2025,,active,NULL
3092,485,1,12-08-2025,,active,NULL
3095,2007,1,30-03-2025,,active,NULL
3100,1463,1,27-01-2025,,active,NULL
3102,7645,1,03-06-2025,,active,NULL
3103,2601,1,27-12-2025,,active,NULL
3109,2889,1,07-01-2025,,active,NULL
3111,5477,1,03-03-2025,,active,NULL
3113,6080,1,25-04-2025,,active,NULL
3118,7270,1,24-07-2025,,active,NULL
3120,7150,1,09-03-2025,,active,NULL
3125,3484,1,30-08-2025,,active,NULL
3126,6624,1,25-05-2025,,active,NULL
3134,6911,1,30-06-2025,,active,NULL
3139,1196,1,03-05-2025,,active,NULL
3141,2145,1,28-09-2025,,active,NULL
3154,3538,1,27-07-2025,,active,NULL
3160,7585,1,18-02-2025,,active,NULL
3165,7040,1,07-11-2025,,active,NULL
3166,6431,1,15-01-2026,,active,NULL
3177,4565,1,22-06-2025,,active,NULL
3179,6840,1,06-11-2025,,active,NULL
3186,2831,1,17-08-2025,,active,NULL
3190,6720,1,29-11-2025,,active,NULL
3191,6613,1,12-02-2025,,active,NULL
3192,135,1,06-10-2025,,active,NULL
3199,4237,1,08-01-2026,,active,NULL
3203,3783,1,09-09-2025,,active,NULL
3205,35,1,10-02-2025,,active,NULL
3207,5859,1,30-09-2025,,active,NULL
3214,3750,1,06-01-2025,,active,NULL
3216,3030,1,30-11-2025,,active,NULL
3219,364,1,21-10-2025,,active,NULL
3231,3686,1,24-08-2025,,active,NULL
3232,5457,1,02-04-2025,,active,NULL
3234,6974,1,23-12-2025,,active,NULL
3238,234,1,26-01-2025,,active,NULL
3240,1301,1,13-02-2025,,active,NULL
3257,4673,1,25-12-2025,,active,NULL
3264,5036,1,27-01-2025,,active,NULL
3265,1576,1,23-11-2025,,active,NULL
3268,5962,1,17-03-2025,,active,NULL
3274,4431,1,12-10-2025,,active,NULL
3283,6398,1,20-01-2025,,active,NULL
3284,1471,1,03-09-2025,,active,NULL
3297,1406,1,26-06-2025,,active,NULL
3302,3566,1,02-09-2025,,active,NULL
3310,6332,1,06-07-2025,,active,NULL
3313,6025,1,09-01-2025,,active,NULL
3323,7539,1,02-06-2025,,active,NULL
3326,4985,1,20-08-2025,,active,NULL
3337,2928,1,04-01-2026,,active,NULL
3341,5075,1,21-01-2025,,active,NULL
3347,5185,1,02-12-2025,,active,NULL
3352,4424,1,29-10-2025,,active,NULL
3354,2845,1,19-07-2025,,active,NULL
3357,5418,1,31-03-2025,,active,NULL
3360,4722,1,05-11-2025,,active,NULL
3367,3074,1,08-02-2025,,active,NULL
3383,5632,1,01-01-2025,,active,NULL
3388,7705,1,31-01-2025,,active,NULL
3397,6750,1,19-03-2025,,active,NULL
3406,7540,1,04-01-2026,,active,NULL
3409,1059,1,27-05-2025,,active,NULL
3410,4615,1,12-05-2025,,active,NULL
3414,2545,1,03-03-2025,,active,NULL
3428,1361,1,14-11-2025,,active,NULL
3431,3974,1,18-08-2025,,active,NULL
3435,146,1,16-01-2026,,active,NULL
3438,230,1,17-11-2025,,active,NULL
3446,3867,1,24-07-2025,,active,NULL
3449,7817,1,22-01-2025,,active,NULL
3451,5049,1,08-11-2025,,active,NULL
3455,7322,1,08-12-2025,,active,NULL
3464,2884,1,07-11-2025,,active,NULL
3472,3078,1,05-08-2025,,active,NULL
3473,5303,1,16-01-2025,,active,NULL
3474,552,1,17-06-2025,,active,NULL
3476,5785,1,05-03-2025,,active,NULL
3495,6260,1,04-11-2025,,active,NULL
3499,7784,1,18-01-2025,,active,NULL
3500,1684,1,25-01-2025,,active,NULL
3502,110,1,03-10-2025,,active,NULL
3508,6907,1,25-02-2025,,active,NULL
3512,73,1,09-10-2025,,active,NULL
3515,2483,1,29-01-2025,,active,NULL
3516,3990,1,31-12-2025,,active,NULL
3518,5792,1,02-06-2025,,active,NULL
3519,592,1,17-04-2025,,active,NULL
3520,4211,1,21-06-2025,,active,NULL
3524,2341,1,08-02-2025,,active,NULL
3527,3900,1,29-01-2025,,active,NULL
3536,4199,1,20-01-2025,,active,NULL
3563,2781,1,06-08-2025,,active,NULL
3571,6024,1,03-08-2025,,active,NULL
3572,436,1,01-12-2025,,active,NULL
3580,1082,1,02-05-2025,,active,NULL
3583,3303,1,30-11-2025,,active,NULL
3584,5899,1,15-03-2025,,active,NULL
3585,7151,1,13-08-2025,,active,NULL
3596,4326,1,11-09-2025,,active,NULL
3608,6705,1,26-08-2025,,active,NULL
3609,1655,1,05-02-2025,,active,NULL
3624,1017,1,23-11-2025,,active,NULL
3626,984,1,18-04-2025,,active,NULL
3632,4330,1,06-03-2025,,active,NULL
3637,6629,1,04-01-2026,,active,NULL
3640,6937,1,24-01-2025,,active,NULL
3659,6756,1,18-07-2025,,active,NULL
3662,6685,1,09-05-2025,,active,NULL
3664,4158,1,23-11-2025,,active,NULL
3675,989,1,14-12-2025,,active,NULL
3678,7937,1,22-10-2025,,active,NULL
3679,6694,1,11-05-2025,,active,NULL
3681,6481,1,03-03-2025,,active,NULL
3683,3568,1,15-04-2025,,active,NULL
3685,7161,1,21-11-2025,,active,NULL
3688,1737,1,15-06-2025,,active,NULL
3697,3149,1,01-11-2025,,active,NULL
3699,2887,1,10-04-2025,,active,NULL
3707,5533,1,27-01-2025,,active,NULL
3716,6489,1,21-02-2025,,active,NULL
3717,6554,1,20-05-2025,,active,NULL
3721,4215,1,16-08-2025,,active,NULL
3727,47,1,30-05-2025,,active,NULL
3728,4097,1,15-09-2025,,active,NULL
3733,3828,1,28-02-2025,,active,NULL
3740,7751,1,14-03-2025,,active,NULL
3741,5708,1,18-05-2025,,active,NULL
3747,775,1,17-09-2025,,active,NULL
3748,5741,1,05-03-2025,,active,NULL
3753,3774,1,06-01-2025,,active,NULL
3758,3507,1,01-02-2025,,active,NULL
3759,5943,1,30-01-2025,,active,NULL
3765,5667,1,28-07-2025,,active,NULL
3769,870,1,05-05-2025,,active,NULL
3776,6334,1,06-01-2026,,active,NULL
3782,4853,1,09-10-2025,,active,NULL
3783,7568,1,20-11-2025,,active,NULL
3784,6928,1,09-07-2025,,active,NULL
3786,3289,1,13-01-2025,,active,NULL
3795,3587,1,21-01-2025,,active,NULL
3797,7540,1,22-06-2025,,active,NULL
3801,6329,1,13-05-2025,,active,NULL
3803,2988,1,28-09-2025,,active,NULL
3829,972,1,07-04-2025,,active,NULL
3836,6983,1,07-08-2025,,active,NULL
3843,2059,1,25-11-2025,,active,NULL
3844,435,1,02-01-2026,,active,NULL
3852,7802,1,16-06-2025,,active,NULL
3860,892,1,10-06-2025,,active,NULL
3870,5345,1,27-02-2025,,active,NULL
3872,1687,1,10-01-2025,,active,NULL
3876,2102,1,29-07-2025,,active,NULL
3878,2369,1,12-11-2025,,active,NULL
3895,2426,1,21-12-2025,,active,NULL
3899,970,1,13-08-2025,,active,NULL
3904,4787,1,08-03-2025,,active,NULL
3905,7455,1,11-01-2026,,active,NULL
3909,164,1,06-10-2025,,active,NULL
3910,5415,1,19-02-2025,,active,NULL
3920,4102,1,28-04-2025,,active,NULL
3923,5000,1,16-10-2025,,active,NULL
3924,3143,1,25-10-2025,,active,NULL
3927,1147,1,30-07-2025,,active,NULL
3929,5008,1,20-03-2025,,active,NULL
3930,2569,1,01-04-2025,,active,NULL
3935,5934,1,16-06-2025,,active,NULL
3938,7744,1,05-10-2025,,active,NULL
3940,6888,1,16-01-2026,,active,NULL
3943,7174,1,10-03-2025,,active,NULL
3954,4673,1,06-08-2025,,active,NULL
3957,6527,1,28-08-2025,,active,NULL
3960,5595,1,05-04-2025,,active,NULL
3965,870,1,16-02-2025,,active,NULL
3967,7793,1,07-04-2025,,active,NULL
3969,1589,1,12-08-2025,,active,NULL
3973,141,1,29-01-2025,,active,NULL
3978,1207,1,11-12-2025,,active,NULL
3982,397,1,25-02-2025,,active,NULL
3986,2064,1,13-01-2025,,active,NULL
3996,2178,1,05-06-2025,,active,NULL
3998,655,1,20-03-2025,,active,NULL
4005,1062,1,04-05-2025,,active,NULL
4006,976,1,16-10-2025,,active,NULL
4008,3949,1,09-06-2025,,active,NULL
4016,7997,1,27-12-2025,,active,NULL
4021,4033,1,30-09-2025,,active,NULL
4025,4834,1,16-11-2025,,active,NULL
4028,3353,1,01-10-2025,,active,NULL
4030,4360,1,22-06-2025,,active,NULL
4034,2313,1,09-11-2025,,active,NULL
4040,7330,1,30-03-2025,,active,NULL
4041,3415,1,18-09-2025,,active,NULL
4042,7086,1,09-01-2026,,active,NULL
4052,4346,1,12-10-2025,,active,NULL
4059,5603,1,21-06-2025,,active,NULL
4067,3914,1,18-06-2025,,active,NULL
4072,3019,1,02-07-2025,,active,NULL
4084,4819,1,03-08-2025,,active,NULL
4086,5096,1,11-06-2025,,active,NULL
4088,7675,1,24-10-2025,,active,NULL
4100,6084,1,20-12-2025,,active,NULL
4107,7371,1,15-01-2026,,active,NULL
4109,1389,1,15-08-2025,,active,NULL
4110,2024,1,27-07-2025,,active,NULL
4112,3785,1,31-01-2025,,active,NULL
4115,7738,1,10-04-2025,,active,NULL
4122,4438,1,08-01-2025,,active,NULL
4125,3410,1,19-10-2025,,active,NULL
4131,432,1,19-07-2025,,active,NULL
4148,5868,1,18-12-2025,,active,NULL
4153,275,1,25-01-2025,,active,NULL
4162,7683,1,05-01-2026,,active,NULL
4163,5128,1,13-01-2025,,active,NULL
4165,4004,1,14-03-2025,,active,NULL
4170,7599,1,11-09-2025,,active,NULL
4180,5215,1,02-09-2025,,active,NULL
4182,5031,1,29-04-2025,,active,NULL
4187,3613,1,24-12-2025,,active,NULL
4189,2626,1,15-06-2025,,active,NULL
4190,481,1,04-02-2025,,active,NULL
4196,1959,1,02-04-2025,,active,NULL
4198,3757,1,16-12-2025,,active,NULL
4205,5694,1,07-12-2025,,active,NULL
4208,5036,1,03-06-2025,,active,NULL
4213,5978,1,17-12-2025,,active,NULL
4225,3658,1,05-11-2025,,active,NULL
4230,6182,1,15-07-2025,,active,NULL
4237,6561,1,18-12-2025,,active,NULL
4249,630,1,04-02-2025,,active,NULL
4250,4495,1,19-03-2025,,active,NULL
4251,3622,1,02-12-2025,,active,NULL
4255,277,1,12-04-2025,,active,NULL
4257,7195,1,21-09-2025,,active,NULL
4260,637,1,05-09-2025,,active,NULL
4263,910,1,01-05-2025,,active,NULL
4267,6251,1,29-08-2025,,active,NULL
4269,4812,1,02-01-2026,,active,NULL
4275,2684,1,16-12-2025,,active,NULL
4283,6835,1,29-01-2025,,active,NULL
4284,4515,1,09-06-2025,,active,NULL
4294,3957,1,01-09-2025,,active,NULL
4298,2262,1,27-04-2025,,active,NULL
4305,6022,1,03-10-2025,,active,NULL
4318,1805,1,17-04-2025,,active,NULL
4326,5827,1,29-11-2025,,active,NULL
4327,940,1,30-06-2025,,active,NULL
4330,3493,1,23-06-2025,,active,NULL
4334,1019,1,19-11-2025,,active,NULL
4335,1331,1,17-07-2025,,active,NULL
4336,6968,1,04-02-2025,,active,NULL
4338,3242,1,23-04-2025,,active,NULL
4339,1165,1,25-02-2025,,active,NULL
4347,7787,1,12-01-2026,,active,NULL
4351,1670,1,10-12-2025,,active,NULL
4352,149,1,28-03-2025,,active,NULL
4357,1300,1,15-11-2025,,active,NULL
4358,3038,1,05-05-2025,,active,NULL
4362,2720,1,30-08-2025,,active,NULL
4364,7823,1,11-04-2025,,active,NULL
4369,4592,1,09-08-2025,,active,NULL
4376,4819,1,20-07-2025,,active,NULL
4379,765,1,27-08-2025,,active,NULL
4390,1687,1,17-05-2025,,active,NULL
4392,2633,1,15-06-2025,,active,NULL
4396,2222,1,24-06-2025,,active,NULL
4397,4881,1,04-08-2025,,active,NULL
4398,1649,1,16-01-2026,,active,NULL
4402,4043,1,05-12-2025,,active,NULL
4403,1910,1,27-08-2025,,active,NULL
4405,6629,1,30-12-2025,,active,NULL
4408,782,1,01-09-2025,,active,NULL
4412,3975,1,05-11-2025,,active,NULL
4413,2627,1,28-04-2025,,active,NULL
4414,3994,1,29-01-2025,,active,NULL
4415,6915,1,13-01-2026,,active,NULL
4417,6276,1,13-03-2025,,active,NULL
4424,5261,1,04-01-2026,,active,NULL
4429,4710,1,04-10-2025,,active,NULL
4438,942,1,15-03-2025,,active,NULL
4446,6764,1,10-02-2025,,active,NULL
4447,856,1,04-08-2025,,active,NULL
4453,1703,1,15-02-2025,,active,NULL
4464,3837,1,09-07-2025,,active,NULL
4465,5213,1,23-09-2025,,active,NULL
4468,713,1,23-04-2025,,active,NULL
4488,1695,1,26-05-2025,,active,NULL
4497,7192,1,29-10-2025,,active,NULL
4501,5139,1,05-08-2025,,active,NULL
4503,6232,1,28-02-2025,,active,NULL
4512,3463,1,02-01-2026,,active,NULL
4513,3217,1,04-03-2025,,active,NULL
4514,2508,1,06-10-2025,,active,NULL
4520,1736,1,11-05-2025,,active,NULL
4523,5750,1,02-09-2025,,active,NULL
4527,5707,1,08-11-2025,,active,NULL
4529,5161,1,02-02-2025,,active,NULL
4530,6390,1,18-10-2025,,active,NULL
4539,7720,1,11-06-2025,,active,NULL
4546,5210,1,12-01-2026,,active,NULL
4547,1547,1,10-05-2025,,active,NULL
4552,6689,1,20-02-2025,,active,NULL
4554,5236,1,24-12-2025,,active,NULL
4557,2948,1,23-02-2025,,active,NULL
4561,7347,1,21-10-2025,,active,NULL
4564,6964,1,25-12-2025,,active,NULL
4565,6856,1,05-12-2025,,active,NULL
4573,3408,1,06-04-2025,,active,NULL
4575,7520,1,29-08-2025,,active,NULL
4579,5169,1,11-09-2025,,active,NULL
4582,7781,1,30-08-2025,,active,NULL
4583,6719,1,17-01-2026,,active,NULL
4584,5032,1,05-12-2025,,active,NULL
4588,2893,1,12-06-2025,,active,NULL
4591,908,1,04-01-2026,,active,NULL
4604,1932,1,06-12-2025,,active,NULL
4608,4271,1,04-08-2025,,active,NULL
4612,3390,1,29-06-2025,,active,NULL
4614,5986,1,29-12-2025,,active,NULL
4616,1178,1,10-07-2025,,active,NULL
4617,1320,1,28-09-2025,,active,NULL
4619,7699,1,09-02-2025,,active,NULL
4625,3773,1,11-08-2025,,active,NULL
4634,1388,1,20-07-2025,,active,NULL
4654,2662,1,19-11-2025,,active,NULL
4659,1063,1,22-10-2025,,active,NULL
4662,1230,1,13-11-2025,,active,NULL
4672,303,1,13-01-2026,,active,NULL
4674,2659,1,04-07-2025,,active,NULL
4679,2782,1,18-10-2025,,active,NULL
4681,2560,1,02-03-2025,,active,NULL
4685,2632,1,04-01-2025,,active,NULL
4689,7378,1,22-05-2025,,active,NULL
4691,740,1,10-02-2025,,active,NULL
4696,3820,1,09-02-2025,,active,NULL
4697,4488,1,04-02-2025,,active,NULL
4699,5832,1,06-07-2025,,active,NULL
4701,7681,1,10-07-2025,,active,NULL
4705,189,1,21-03-2025,,active,NULL
4722,3219,1,17-02-2025,,active,NULL
4725,808,1,07-11-2025,,active,NULL
4730,1036,1,09-10-2025,,active,NULL
4733,269,1,15-07-2025,,active,NULL
4745,1384,1,11-08-2025,,active,NULL
4748,5044,1,04-04-2025,,active,NULL
4752,6889,1,13-09-2025,,active,NULL
4760,7945,1,04-04-2025,,active,NULL
4765,4326,1,03-07-2025,,active,NULL
4774,1062,1,14-02-2025,,active,NULL
4776,519,1,15-05-2025,,active,NULL
4778,7562,1,04-06-2025,,active,NULL
4779,1101,1,18-08-2025,,active,NULL
4780,1467,1,18-08-2025,,active,NULL
4781,1793,1,23-01-2025,,active,NULL
4783,4505,1,02-01-2025,,active,NULL
4785,3650,1,11-06-2025,,active,NULL
4789,3333,1,17-10-2025,,active,NULL
4790,6968,1,20-09-2025,,active,NULL
4808,6211,1,03-07-2025,,active,NULL
4810,5498,1,06-02-2025,,active,NULL
4811,7825,1,08-05-2025,,active,NULL
4819,7623,1,15-04-2025,,active,NULL
4823,7673,1,09-05-2025,,active,NULL
4826,7647,1,20-04-2025,,active,NULL
4838,44,1,20-09-2025,,active,NULL
4841,2896,1,22-06-2025,,active,NULL
4844,7924,1,03-06-2025,,active,NULL
4845,5484,1,07-06-2025,,active,NULL
4846,6634,1,13-07-2025,,active,NULL
4851,6795,1,16-06-2025,,active,NULL
4857,6743,1,02-01-2026,,active,NULL
4858,6120,1,26-06-2025,,active,NULL
4861,7020,1,08-01-2026,,active,NULL
4865,1664,1,18-06-2025,,active,NULL
4874,1099,1,27-12-2025,,active,NULL
4876,1405,1,31-07-2025,,active,NULL
4882,3925,1,20-01-2025,,active,NULL
4885,1215,1,13-03-2025,,active,NULL
4888,4352,1,01-05-2025,,active,NULL
4890,6521,1,03-03-2025,,active,NULL
4891,698,1,28-06-2025,,active,NULL
4892,6777,1,25-07-2025,,active,NULL
4895,6800,1,08-04-2025,,active,NULL
4902,1735,1,05-02-2025,,active,NULL
4903,5389,1,16-08-2025,,active,NULL
4907,6655,1,11-11-2025,,active,NULL
4913,1221,1,04-01-2025,,active,NULL
4914,3062,1,25-03-2025,,active,NULL
4916,4363,1,25-04-2025,,active,NULL
4931,6301,1,10-01-2025,,active,NULL
4933,5163,1,15-01-2026,,active,NULL
4934,3157,1,08-10-2025,,active,NULL
4953,936,1,10-03-2025,,active,NULL
4956,3666,1,17-01-2026,,active,NULL
4957,764,1,26-03-2025,,active,NULL
4960,2355,1,04-10-2025,,active,NULL
4963,7550,1,05-01-2026,,active,NULL
4964,3920,1,28-01-2025,,active,NULL
4967,5294,1,16-04-2025,,active,NULL
4969,1026,1,10-11-2025,,active,NULL
4973,5677,1,23-06-2025,,active,NULL
4980,6774,1,01-10-2025,,active,NULL
4983,7308,1,11-06-2025,,active,NULL
4986,1253,1,13-07-2025,,active,NULL
4988,3990,1,26-06-2025,,active,NULL
4997,2563,1,21-08-2025,,active,NULL
4998,2052,1,08-04-2025,,active,NULL
5002,2253,1,10-11-2025,,active,NULL
5004,7060,1,18-06-2025,,active,NULL
5010,6435,1,26-03-2025,,active,NULL
5017,2808,1,11-04-2025,,active,NULL
5022,4943,1,15-03-2025,,active,NULL
5023,206,1,14-09-2025,,active,NULL
5038,4893,1,10-06-2025,,active,NULL
5040,7300,1,15-11-2025,,active,NULL
5041,2904,1,04-05-2025,,active,NULL
5048,2022,1,09-08-2025,,active,NULL
5055,852,1,10-01-2026,,active,NULL
5061,4556,1,16-08-2025,,active,NULL
5063,4768,1,31-10-2025,,active,NULL
5064,3295,1,06-12-2025,,active,NULL
5065,6879,1,04-09-2025,,active,NULL
5079,89,1,12-12-2025,,active,NULL
5080,7862,1,07-05-2025,,active,NULL
5090,417,1,26-11-2025,,active,NULL
5101,4475,1,06-01-2025,,active,NULL
5102,830,1,25-05-2025,,active,NULL
5118,2458,1,08-04-2025,,active,NULL
5124,6190,1,16-11-2025,,active,NULL
5130,2073,1,28-04-2025,,active,NULL
5137,4259,1,01-05-2025,,active,NULL
5139,6608,1,23-08-2025,,active,NULL
5143,5272,1,11-05-2025,,active,NULL
5147,2385,1,16-09-2025,,active,NULL
5148,97,1,06-06-2025,,active,NULL
5150,2404,1,18-07-2025,,active,NULL
5151,3135,1,23-11-2025,,active,NULL
5153,2488,1,02-04-2025,,active,NULL
5154,6463,1,15-01-2026,,active,NULL
5157,7719,1,26-12-2025,,active,NULL
5160,5832,1,19-02-2025,,active,NULL
5163,179,1,26-03-2025,,active,NULL
5168,6354,1,22-06-2025,,active,NULL
5170,4956,1,10-04-2025,,active,NULL
5175,4743,1,25-08-2025,,active,NULL
5176,1724,1,02-05-2025,,active,NULL
5186,7805,1,12-10-2025,,active,NULL
5198,4909,1,06-04-2025,,active,NULL
5203,3815,1,30-07-2025,,active,NULL
5204,6882,1,05-10-2025,,active,NULL
5209,6457,1,11-06-2025,,active,NULL
5210,4331,1,15-01-2026,,active,NULL
5211,5961,1,26-01-2025,,active,NULL
5216,1248,1,02-04-2025,,active,NULL
5223,1841,1,16-08-2025,,active,NULL
5228,2588,1,08-10-2025,,active,NULL
5243,2636,1,04-10-2025,,active,NULL
5262,5837,1,31-03-2025,,active,NULL
5272,670,1,27-11-2025,,active,NULL
5280,7207,1,01-02-2025,,active,NULL
5284,3871,1,17-08-2025,,active,NULL
5285,1744,1,06-01-2026,,active,NULL
5291,7868,1,05-01-2025,,active,NULL
5304,6071,1,10-10-2025,,active,NULL
5314,3565,1,03-05-2025,,active,NULL
5317,3947,1,31-07-2025,,active,NULL
5318,6616,1,09-08-2025,,active,NULL
5326,270,1,06-04-2025,,active,NULL
5327,2949,1,04-08-2025,,active,NULL
5332,6481,1,16-06-2025,,active,NULL
5335,1238,1,04-12-2025,,active,NULL
5338,6208,1,22-06-2025,,active,NULL
5344,328,1,05-03-2025,,active,NULL
5347,1410,1,26-04-2025,,active,NULL
5348,7916,1,01-09-2025,,active,NULL
5352,418,1,19-03-2025,,active,NULL
5380,3185,1,23-05-2025,,active,NULL
5381,4066,1,28-11-2025,,active,NULL
5384,6141,1,21-06-2025,,active,NULL
5389,4048,1,08-12-2025,,active,NULL
5397,5843,1,24-11-2025,,active,NULL
5401,714,1,06-10-2025,,active,NULL
5402,1280,1,29-03-2025,,active,NULL
5404,916,1,04-03-2025,,active,NULL
5406,1964,1,11-12-2025,,active,NULL
5408,4196,1,10-01-2025,,active,NULL
5410,1305,1,30-08-2025,,active,NULL
5413,3455,1,18-02-2025,,active,NULL
5415,1257,1,02-02-2025,,active,NULL
5416,5211,1,28-03-2025,,active,NULL
5421,2701,1,05-10-2025,,active,NULL
5423,4907,1,10-05-2025,,active,NULL
5425,3976,1,16-09-2025,,active,NULL
5431,1068,1,09-02-2025,,active,NULL
5439,4295,1,02-11-2025,,active,NULL
5441,1145,1,23-06-2025,,active,NULL
5443,6621,1,18-05-2025,,active,NULL
5447,6808,1,14-01-2025,,active,NULL
5452,268,1,30-08-2025,,active,NULL
5455,5178,1,20-08-2025,,active,NULL
5458,94,1,11-03-2025,,active,NULL
5460,513,1,24-12-2025,,active,NULL
5463,3400,1,25-05-2025,,active,NULL
5471,6988,1,26-08-2025,,active,NULL
5472,820,1,17-08-2025,,active,NULL
5473,5103,1,15-05-2025,,active,NULL
5474,3565,1,21-06-2025,,active,NULL
5475,111,1,23-11-2025,,active,NULL
5476,6137,1,22-10-2025,,active,NULL
5479,6636,1,23-09-2025,,active,NULL
5489,6742,1,21-01-2025,,active,NULL
5495,4955,1,19-09-2025,,active,NULL
5499,5215,1,10-04-2025,,active,NULL
5508,1182,1,02-03-2025,,active,NULL
5512,895,1,12-09-2025,,active,NULL
5520,7679,1,30-08-2025,,active,NULL
5532,960,1,25-07-2025,,active,NULL
5534,264,1,02-06-2025,,active,NULL
5536,356,1,23-06-2025,,active,NULL
5544,4950,1,11-01-2025,,active,NULL
5553,3915,1,13-01-2026,,active,NULL
5555,3600,1,28-06-2025,,active,NULL
5565,4777,1,13-05-2025,,active,NULL
5567,5641,1,03-12-2025,,active,NULL
5569,6758,1,04-11-2025,,active,NULL
5571,3730,1,11-01-2026,,active,NULL
5573,6195,1,15-11-2025,,active,NULL
5576,7445,1,09-04-2025,,active,NULL
5592,1019,1,04-11-2025,,active,NULL
5600,1176,1,11-05-2025,,active,NULL
5601,76,1,18-12-2025,,active,NULL
5612,3625,1,16-06-2025,,active,NULL
5617,816,1,14-11-2025,,active,NULL
5618,3425,1,02-11-2025,,active,NULL
5623,5145,1,23-03-2025,,active,NULL
5631,6869,1,21-02-2025,,active,NULL
5635,2625,1,09-12-2025,,active,NULL
5637,1563,1,16-09-2025,,active,NULL
5639,5208,1,10-10-2025,,active,NULL
5642,2457,1,03-10-2025,,active,NULL
5644,4146,1,30-09-2025,,active,NULL
5647,7134,1,07-11-2025,,active,NULL
5656,120,1,23-12-2025,,active,NULL
5658,3128,1,17-06-2025,,active,NULL
5659,1179,1,05-07-2025,,active,NULL
5668,1743,1,05-01-2026,,active,NULL
5669,735,1,16-09-2025,,active,NULL
5671,7115,1,13-10-2025,,active,NULL
5672,53,1,09-09-2025,,active,NULL
5673,1738,1,08-04-2025,,active,NULL
5679,1965,1,14-08-2025,,active,NULL
5687,4148,1,08-04-2025,,active,NULL
5690,4498,1,12-11-2025,,active,NULL
5699,667,1,08-04-2025,,active,NULL
5702,4270,1,16-12-2025,,active,NULL
5703,5467,1,03-05-2025,,active,NULL
5713,4806,1,09-03-2025,,active,NULL
5715,7635,1,29-10-2025,,active,NULL
5716,3598,1,28-10-2025,,active,NULL
5719,4558,1,27-07-2025,,active,NULL
5720,4968,1,08-11-2025,,active,NULL
5721,7694,1,15-06-2025,,active,NULL
5725,3802,1,22-10-2025,,active,NULL
5729,1886,1,08-04-2025,,active,NULL
5737,6757,1,24-09-2025,,active,NULL
5751,3364,1,03-06-2025,,active,NULL
5753,4433,1,27-05-2025,,active,NULL
5761,5788,1,27-05-2025,,active,NULL
5776,3687,1,04-02-2025,,active,NULL
5781,3798,1,16-11-2025,,active,NULL
5786,5288,1,21-09-2025,,active,NULL
5794,5542,1,23-10-2025,,active,NULL
5797,2689,1,18-12-2025,,active,NULL
5803,750,1,23-07-2025,,active,NULL
5804,4103,1,18-03-2025,,active,NULL
5807,1047,1,13-02-2025,,active,NULL
5816,4499,1,31-07-2025,,active,NULL
5818,4238,1,09-08-2025,,active,NULL
5821,4129,1,10-06-2025,,active,NULL
5828,1157,1,18-05-2025,,active,NULL
5832,7544,1,18-02-2025,,active,NULL
5835,3007,1,12-10-2025,,active,NULL
5839,6829,1,08-04-2025,,active,NULL
5842,2043,1,15-05-2025,,active,NULL
5845,3455,1,31-07-2025,,active,NULL
5846,4737,1,15-11-2025,,active,NULL
5849,5192,1,25-11-2025,,active,NULL
5850,6911,1,23-08-2025,,active,NULL
5857,5883,1,16-05-2025,,active,NULL
5859,4610,1,06-01-2026,,active,NULL
5862,5573,1,22-11-2025,,active,NULL
5864,7542,1,13-09-2025,,active,NULL
5869,6444,1,03-07-2025,,active,NULL
5878,4309,1,10-12-2025,,active,NULL
5881,7720,1,12-08-2025,,active,NULL
5883,2920,1,26-03-2025,,active,NULL
5890,2832,1,23-10-2025,,active,NULL
5893,4919,1,10-04-2025,,active,NULL
5902,3666,1,07-05-2025,,active,NULL
5903,7974,1,17-01-2026,,active,NULL
5904,785,1,13-01-2025,,active,NULL
5907,296,1,29-01-2025,,active,NULL
5908,6943,1,13-12-2025,,active,NULL
5909,346,1,04-12-2025,,active,NULL
5913,7314,1,23-06-2025,,active,NULL
5916,4475,1,28-02-2025,,active,NULL
5925,2542,1,10-08-2025,,active,NULL
5927,3268,1,08-12-2025,,active,NULL
5929,6884,1,13-12-2025,,active,NULL
5930,3210,1,22-07-2025,,active,NULL
5932,2043,1,07-08-2025,,active,NULL
5942,2784,1,15-01-2026,,active,NULL
5961,5469,1,25-08-2025,,active,NULL
5964,950,1,02-07-2025,,active,NULL
5975,2817,1,23-03-2025,,active,NULL
5979,2010,1,03-07-2025,,active,NULL
5980,2309,1,20-04-2025,,active,NULL
5983,3129,1,19-04-2025,,active,NULL
5987,6997,1,03-04-2025,,active,NULL
5988,4081,1,13-08-2025,,active,NULL
5994,1136,1,18-07-2025,,active,NULL
5997,918,1,24-04-2025,,active,NULL
5999,4466,1,30-09-2025,,active,NULL
6001,6976,1,13-10-2025,,active,NULL
6005,4933,1,05-10-2025,,active,NULL
6006,928,1,01-02-2025,,active,NULL
6013,4803,1,22-06-2025,,active,NULL
6017,5515,1,28-08-2025,,active,NULL
6018,7280,1,29-08-2025,,active,NULL
6021,7894,1,22-08-2025,,active,NULL
6023,686,1,10-01-2025,,active,NULL
6029,5339,1,01-12-2025,,active,NULL
6031,498,1,24-08-2025,,active,NULL
6033,1049,1,01-04-2025,,active,NULL
6036,1751,1,17-08-2025,,active,NULL
6040,1617,1,23-08-2025,,active,NULL
6041,2868,1,25-03-2025,,active,NULL
6046,7326,1,30-12-2025,,active,NULL
6047,1710,1,14-04-2025,,active,NULL
6048,3240,1,28-05-2025,,active,NULL
6055,453,1,23-10-2025,,active,NULL
6060,2434,1,09-04-2025,,active,NULL
6065,531,1,20-03-2025,,active,NULL
6066,6939,1,26-06-2025,,active,NULL
6072,522,1,12-05-2025,,active,NULL
6079,5678,1,30-10-2025,,active,NULL
6080,3762,1,22-08-2025,,active,NULL
6084,1793,1,03-05-2025,,active,NULL
6085,3721,1,24-03-2025,,active,NULL
6086,6157,1,06-10-2025,,active,NULL
6090,7906,1,08-02-2025,,active,NULL
6095,695,1,18-03-2025,,active,NULL
6100,5611,1,01-03-2025,,active,NULL
6105,1281,1,02-03-2025,,active,NULL
6106,5207,1,26-05-2025,,active,NULL
6107,1056,1,06-11-2025,,active,NULL
6109,3215,1,14-10-2025,,active,NULL
6114,845,1,09-03-2025,,active,NULL
6115,6584,1,29-07-2025,,active,NULL
6124,5846,1,12-09-2025,,active,NULL
6125,5534,1,18-12-2025,,active,NULL
6133,6597,1,16-05-2025,,active,NULL
6137,5548,1,21-05-2025,,active,NULL
6140,32,1,31-12-2025,,active,NULL
6147,7344,1,25-11-2025,,active,NULL
6149,4341,1,17-05-2025,,active,NULL
6156,3033,1,05-01-2025,,active,NULL
6162,4123,1,27-04-2025,,active,NULL
6163,651,1,21-03-2025,,active,NULL
6164,4230,1,05-05-2025,,active,NULL
6168,7536,1,10-04-2025,,active,NULL
6171,2154,1,04-09-2025,,active,NULL
6175,7845,1,25-12-2025,,active,NULL
6176,7370,1,03-04-2025,,active,NULL
6181,3636,1,02-10-2025,,active,NULL
6190,4586,1,12-03-2025,,active,NULL
6210,2989,1,09-08-2025,,active,NULL
6211,1815,1,23-06-2025,,active,NULL
6217,1441,1,08-05-2025,,active,NULL
6219,4872,1,13-09-2025,,active,NULL
6229,4088,1,20-09-2025,,active,NULL
6231,443,1,25-06-2025,,active,NULL
6234,7509,1,01-12-2025,,active,NULL
6241,1572,1,01-08-2025,,active,NULL
6244,1548,1,09-11-2025,,active,NULL
6246,1991,1,18-11-2025,,active,NULL
6250,6223,1,08-07-2025,,active,NULL
6263,59,1,07-06-2025,,active,NULL
6267,1941,1,13-02-2025,,active,NULL
6274,3198,1,05-01-2026,,active,NULL
6276,7099,1,26-06-2025,,active,NULL
6280,3586,1,31-01-2025,,active,NULL
6287,6700,1,19-04-2025,,active,NULL
6288,729,1,04-02-2025,,active,NULL
6307,516,1,28-06-2025,,active,NULL
6311,953,1,13-07-2025,,active,NULL
6324,6082,1,22-01-2025,,active,NULL
6326,6465,1,22-09-2025,,active,NULL
6327,5016,1,12-01-2025,,active,NULL
6328,6325,1,03-02-2025,,active,NULL
6330,2474,1,19-12-2025,,active,NULL
6335,4036,1,22-10-2025,,active,NULL
6338,1699,1,12-01-2025,,active,NULL
6354,1918,1,17-12-2025,,active,NULL
6358,4661,1,24-06-2025,,active,NULL
6360,4250,1,11-06-2025,,active,NULL
6363,3960,1,01-05-2025,,active,NULL
6372,2962,1,25-01-2025,,active,NULL
6379,2824,1,29-08-2025,,active,NULL
6386,2608,1,03-01-2025,,active,NULL
6392,4614,1,07-10-2025,,active,NULL
6395,5040,1,03-01-2025,,active,NULL
6397,5729,1,02-01-2025,,active,NULL
6401,1893,1,08-04-2025,,active,NULL
6404,4739,1,25-07-2025,,active,NULL
6407,6759,1,18-05-2025,,active,NULL
6409,4112,1,02-05-2025,,active,NULL
6412,1402,1,26-08-2025,,active,NULL
6419,6054,1,29-05-2025,,active,NULL
6420,5512,1,23-07-2025,,active,NULL
6429,6675,1,28-08-2025,,active,NULL
6431,5892,1,19-07-2025,,active,NULL
6432,192,1,16-12-2025,,active,NULL
6439,5714,1,09-01-2026,,active,NULL
6440,7648,1,04-04-2025,,active,NULL
6442,4945,1,23-08-2025,,active,NULL
6445,6052,1,09-06-2025,,active,NULL
6447,2010,1,11-01-2025,,active,NULL
6452,6940,1,10-10-2025,,active,NULL
6479,31,1,25-09-2025,,active,NULL
6486,1826,1,03-05-2025,,active,NULL
6497,7840,1,20-01-2025,,active,NULL
6502,4793,1,12-03-2025,,active,NULL
6507,3827,1,05-09-2025,,active,NULL
6512,7821,1,23-04-2025,,active,NULL
6513,5224,1,10-09-2025,,active,NULL
6518,5245,1,18-03-2025,,active,NULL
6521,242,1,07-06-2025,,active,NULL
6522,7888,1,03-01-2026,,active,NULL
6525,3011,1,25-10-2025,,active,NULL
6527,2538,1,26-06-2025,,active,NULL
6536,1885,1,22-04-2025,,active,NULL
6539,5006,1,13-11-2025,,active,NULL
6543,4182,1,28-06-2025,,active,NULL
6551,5185,1,16-06-2025,,active,NULL
6553,5032,1,25-01-2025,,active,NULL
6573,7509,1,28-03-2025,,active,NULL
6575,4616,1,30-08-2025,,active,NULL
6578,5384,1,08-04-2025,,active,NULL
6579,826,1,06-06-2025,,active,NULL
6583,5256,1,25-09-2025,,active,NULL
6596,5962,1,03-03-2025,,active,NULL
6597,3518,1,27-03-2025,,active,NULL
6605,435,1,15-04-2025,,active,NULL
6606,1196,1,09-12-2025,,active,NULL
6609,47,1,19-11-2025,,active,NULL
6617,3555,1,01-02-2025,,active,NULL
6619,5798,1,04-01-2026,,active,NULL
6631,6203,1,11-07-2025,,active,NULL
6632,2924,1,18-05-2025,,active,NULL
6633,5340,1,22-12-2025,,active,NULL
6639,7375,1,21-10-2025,,active,NULL
6640,2073,1,17-02-2025,,active,NULL
6641,1108,1,28-01-2025,,active,NULL
6642,2296,1,11-01-2026,,active,NULL
6646,1546,1,17-11-2025,,active,NULL
6656,7415,1,31-07-2025,,active,NULL
6660,7251,1,01-12-2025,,active,NULL
6675,3257,1,13-10-2025,,active,NULL
6677,15,1,02-03-2025,,active,NULL
6680,1539,1,28-10-2025,,active,NULL
6682,7451,1,13-11-2025,,active,NULL
6689,1461,1,29-04-2025,,active,NULL
6694,5636,1,26-06-2025,,active,NULL
6703,5712,1,04-01-2025,,active,NULL
6704,2977,1,23-12-2025,,active,NULL
6708,5166,1,22-07-2025,,active,NULL
6715,136,1,17-10-2025,,active,NULL
6721,6657,1,16-01-2025,,active,NULL
6725,3795,1,06-01-2026,,active,NULL
6731,2953,1,06-08-2025,,active,NULL
6735,998,1,02-10-2025,,active,NULL
6742,5193,1,26-03-2025,,active,NULL
6749,1356,1,04-08-2025,,active,NULL
6750,4097,1,01-02-2025,,active,NULL
6751,6582,1,28-03-2025,,active,NULL
6754,4110,1,03-06-2025,,active,NULL
6758,3731,1,27-06-2025,,active,NULL
6764,4221,1,29-11-2025,,active,NULL
6766,412,1,21-08-2025,,active,NULL
6781,2338,1,27-05-2025,,active,NULL
6785,2128,1,28-12-2025,,active,NULL
6786,3802,1,08-02-2025,,active,NULL
6789,3172,1,25-10-2025,,active,NULL
6793,2757,1,13-05-2025,,active,NULL
6794,1414,1,19-12-2025,,active,NULL
6795,247,1,17-01-2026,,active,NULL
6804,5230,1,14-09-2025,,active,NULL
6809,2444,1,20-11-2025,,active,NULL
6810,5133,1,15-03-2025,,active,NULL
6819,1021,1,08-02-2025,,active,NULL
6828,2558,1,24-04-2025,,active,NULL
6833,5575,1,05-06-2025,,active,NULL
6836,5128,1,28-08-2025,,active,NULL
6839,4380,1,22-08-2025,,active,NULL
6841,4535,1,16-06-2025,,active,NULL
6851,2265,1,20-07-2025,,active,NULL
6855,7342,1,21-08-2025,,active,NULL
6862,5964,1,15-02-2025,,active,NULL
6866,5340,1,31-01-2025,,active,NULL
6868,6645,1,04-11-2025,,active,NULL
6871,5122,1,23-02-2025,,active,NULL
6875,70,1,13-05-2025,,active,NULL
6877,46,1,11-03-2025,,active,NULL
6879,1655,1,10-01-2025,,active,NULL
6882,6636,1,23-10-2025,,active,NULL
6897,925,1,24-06-2025,,active,NULL
6898,4592,1,28-04-2025,,active,NULL
6902,3170,1,14-07-2025,,active,NULL
6905,529,1,19-05-2025,,active,NULL
6913,4556,1,26-10-2025,,active,NULL
6920,794,1,20-10-2025,,active,NULL
6921,4601,1,17-11-2025,,active,NULL
6922,6176,1,15-10-2025,,active,NULL
6925,680,1,19-04-2025,,active,NULL
6926,6181,1,03-07-2025,,active,NULL
6932,336,1,14-01-2025,,active,NULL
6938,3263,1,11-09-2025,,active,NULL
6942,7515,1,07-02-2025,,active,NULL
6945,2798,1,06-11-2025,,active,NULL
6946,907,1,06-03-2025,,active,NULL
6950,1305,1,28-07-2025,,active,NULL
6953,2264,1,10-04-2025,,active,NULL
6958,6366,1,22-10-2025,,active,NULL
6960,5460,1,25-10-2025,,active,NULL
6970,5476,1,22-04-2025,,active,NULL
6971,2000,1,04-03-2025,,active,NULL
6977,1643,1,24-02-2025,,active,NULL
6982,3390,1,04-02-2025,,active,NULL
6985,4482,1,24-12-2025,,active,NULL
6993,3548,1,19-04-2025,,active,NULL
6994,1955,1,14-12-2025,,active,NULL
6996,1055,1,07-10-2025,,active,NULL
6997,4051,1,08-09-2025,,active,NULL
6999,5036,1,14-01-2026,,active,NULL
7001,2516,1,21-11-2025,,active,NULL
7004,2444,1,03-06-2025,,active,NULL
7015,5773,1,23-04-2025,,active,NULL
7019,7964,1,24-06-2025,,active,NULL
7021,269,1,07-11-2025,,active,NULL
7022,3168,1,08-08-2025,,active,NULL
7028,815,1,11-06-2025,,active,NULL
7033,4183,1,22-09-2025,,active,NULL
7039,3215,1,21-08-2025,,active,NULL
7048,3643,1,07-12-2025,,active,NULL
7052,2416,1,13-08-2025,,active,NULL
7055,3315,1,09-08-2025,,active,NULL
7057,7595,1,18-03-2025,,active,NULL
7062,2153,1,27-04-2025,,active,NULL
7069,1686,1,04-12-2025,,active,NULL
7070,6889,1,17-01-2025,,active,NULL
7085,5878,1,27-12-2025,,active,NULL
7086,1230,1,02-11-2025,,active,NULL
7099,7462,1,17-01-2026,,active,NULL
7105,1331,1,01-03-2025,,active,NULL
7107,5710,1,22-01-2025,,active,NULL
7125,1694,1,21-12-2025,,active,NULL
7126,4061,1,08-07-2025,,active,NULL
7128,4079,1,10-08-2025,,active,NULL
7129,7926,1,16-06-2025,,active,NULL
7131,5299,1,11-09-2025,,active,NULL
7133,2778,1,04-12-2025,,active,NULL
7139,1288,1,10-09-2025,,active,NULL
7144,1619,1,21-07-2025,,active,NULL
7148,395,1,15-01-2025,,active,NULL
7152,5066,1,18-01-2026,,active,NULL
7154,5113,1,09-02-2025,,active,NULL
7155,5445,1,26-08-2025,,active,NULL
7164,4612,1,02-10-2025,,active,NULL
7168,4800,1,07-02-2025,,active,NULL
7170,4422,1,28-07-2025,,active,NULL
7171,5852,1,02-12-2025,,active,NULL
7174,7407,1,15-02-2025,,active,NULL
7179,5039,1,07-08-2025,,active,NULL
7204,5240,1,03-09-2025,,active,NULL
7221,3385,1,17-02-2025,,active,NULL
7231,899,1,27-01-2025,,active,NULL
7233,4799,1,18-03-2025,,active,NULL
7238,3218,1,11-11-2025,,active,NULL
7241,3826,1,27-03-2025,,active,NULL
7248,3244,1,18-03-2025,,active,NULL
7251,7178,1,09-06-2025,,active,NULL
7253,2755,1,07-06-2025,,active,NULL
7259,2264,1,10-03-2025,,active,NULL
7261,5373,1,16-01-2026,,active,NULL
7268,5494,1,09-01-2026,,active,NULL
7278,7234,1,09-07-2025,,active,NULL
7283,2283,1,04-01-2025,,active,NULL
7285,4483,1,13-08-2025,,active,NULL
7286,5152,1,13-02-2025,,active,NULL
7290,2274,1,14-07-2025,,active,NULL
7304,4945,1,16-06-2025,,active,NULL
7305,6244,1,21-03-2025,,active,NULL
7316,5429,1,04-09-2025,,active,NULL
7331,5765,1,07-04-2025,,active,NULL
7333,786,1,13-04-2025,,active,NULL
7335,823,1,21-02-2025,,active,NULL
7336,6627,1,18-06-2025,,active,NULL
7338,3792,1,24-03-2025,,active,NULL
7339,7919,1,25-09-2025,,active,NULL
7343,2664,1,19-04-2025,,active,NULL
7360,6919,1,14-11-2025,,active,NULL
7365,143,1,19-05-2025,,active,NULL
7369,643,1,17-08-2025,,active,NULL
7375,868,1,03-08-2025,,active,NULL
7391,6316,1,13-11-2025,,active,NULL
7392,3374,1,06-04-2025,,active,NULL
7394,4662,1,16-02-2025,,active,NULL
7402,1764,1,30-10-2025,,active,NULL
7404,1225,1,09-02-2025,,active,NULL
7410,208,1,03-04-2025,,active,NULL
7414,5251,1,18-05-2025,,active,NULL
7415,4569,1,13-09-2025,,active,NULL
7421,889,1,23-12-2025,,active,NULL
7423,2034,1,19-12-2025,,active,NULL
7424,4107,1,04-03-2025,,active,NULL
7425,2502,1,05-02-2025,,active,NULL
7427,2779,1,06-10-2025,,active,NULL
7429,3965,1,02-08-2025,,active,NULL
7430,4028,1,02-02-2025,,active,NULL
7434,27,1,20-04-2025,,active,NULL
7436,6493,1,04-01-2025,,active,NULL
7439,6661,1,30-08-2025,,active,NULL
7448,6790,1,20-04-2025,,active,NULL
7452,5245,1,05-12-2025,,active,NULL
7457,4363,1,26-04-2025,,active,NULL
7461,5481,1,28-01-2025,,active,NULL
7464,3449,1,07-12-2025,,active,NULL
7465,2235,1,17-11-2025,,active,NULL
7469,1871,1,24-05-2025,,active,NULL
7470,3719,1,25-07-2025,,active,NULL
7479,6133,1,14-09-2025,,active,NULL
7480,4482,1,04-09-2025,,active,NULL
7483,4880,1,11-07-2025,,active,NULL
7485,7631,1,23-12-2025,,active,NULL
7486,3782,1,21-03-2025,,active,NULL
7488,2430,1,05-06-2025,,active,NULL
7491,3200,1,05-08-2025,,active,NULL
7497,3347,1,28-03-2025,,active,NULL
7502,3456,1,13-07-2025,,active,NULL
7514,4810,1,10-10-2025,,active,NULL
7518,174,1,18-08-2025,,active,NULL
7521,1399,1,31-08-2025,,active,NULL
7523,7832,1,16-01-2026,,active,NULL
7529,4439,1,04-12-2025,,active,NULL
7530,7365,1,27-05-2025,,active,NULL
7533,6477,1,11-03-2025,,active,NULL
7535,1478,1,26-06-2025,,active,NULL
7546,3833,1,06-03-2025,,active,NULL
7555,6127,1,29-01-2025,,active,NULL
7561,237,1,15-01-2025,,active,NULL
7571,4557,1,03-07-2025,,active,NULL
7604,1228,1,23-04-2025,,active,NULL
7607,3851,1,12-02-2025,,active,NULL
7609,5563,1,24-08-2025,,active,NULL
7612,7622,1,28-10-2025,,active,NULL
7613,3226,1,03-09-2025,,active,NULL
7614,4688,1,30-12-2025,,active,NULL
7622,558,1,03-11-2025,,active,NULL
7625,3529,1,30-07-2025,,active,NULL
7626,6636,1,03-11-2025,,active,NULL
7630,1898,1,27-06-2025,,active,NULL
7633,1942,1,23-06-2025,,active,NULL
7638,567,1,03-11-2025,,active,NULL
7641,7183,1,29-09-2025,,active,NULL
7643,7861,1,27-09-2025,,active,NULL
7664,4391,1,01-10-2025,,active,NULL
7667,5652,1,26-11-2025,,active,NULL
7673,7525,1,15-03-2025,,active,NULL
7675,6728,1,23-08-2025,,active,NULL
7678,5835,1,05-01-2025,,active,NULL
7680,6881,1,03-07-2025,,active,NULL
7683,935,1,10-05-2025,,active,NULL
7685,7781,1,16-12-2025,,active,NULL
7687,4586,1,01-01-2025,,active,NULL
7694,3269,1,24-08-2025,,active,NULL
7695,3839,1,16-01-2025,,active,NULL
7696,3985,1,03-09-2025,,active,NULL
7700,5944,1,23-06-2025,,active,NULL
7703,6542,1,01-07-2025,,active,NULL
7704,2484,1,03-12-2025,,active,NULL
7707,6787,1,16-06-2025,,active,NULL
7708,2383,1,05-06-2025,,active,NULL
7716,7946,1,05-10-2025,,active,NULL
7737,3169,1,30-04-2025,,active,NULL
7740,6757,1,12-05-2025,,active,NULL
7751,80,1,15-05-2025,,active,NULL
7755,6018,1,12-06-2025,,active,NULL
7760,2451,1,08-01-2026,,active,NULL
7764,1076,1,16-02-2025,,active,NULL
7765,6782,1,26-11-2025,,active,NULL
7775,600,1,19-09-2025,,active,NULL
7780,6212,1,20-02-2025,,active,NULL
7791,5890,1,26-01-2025,,active,NULL
7801,7216,1,21-03-2025,,active,NULL
7810,4861,1,20-10-2025,,active,NULL
7817,6226,1,07-08-2025,,active,NULL
7819,5638,1,25-03-2025,,active,NULL
7825,147,1,05-07-2025,,active,NULL
7826,3080,1,08-06-2025,,active,NULL
7830,3757,1,30-03-2025,,active,NULL
7840,7530,1,30-04-2025,,active,NULL
7843,4756,1,13-06-2025,,active,NULL
7846,7353,1,26-06-2025,,active,NULL
7854,6427,1,10-05-2025,,active,NULL
7861,1396,1,25-08-2025,,active,NULL
7871,1669,1,01-01-2025,,active,NULL
7877,3247,1,12-01-2026,,active,NULL
7887,3767,1,19-07-2025,,active,NULL
7892,5560,1,25-07-2025,,active,NULL
7893,6246,1,27-07-2025,,active,NULL
7896,2637,1,22-08-2025,,active,NULL
7897,2822,1,10-01-2025,,active,NULL
7907,6070,1,21-05-2025,,active,NULL
7908,3204,1,02-02-2025,,active,NULL
7922,1185,1,09-05-2025,,active,NULL
7923,5862,1,08-08-2025,,active,NULL
7924,2407,1,09-07-2025,,active,NULL
7929,830,1,25-03-2025,,active,NULL
7932,5954,1,06-01-2025,,active,NULL
7933,6013,1,28-02-2025,,active,NULL
7947,816,1,21-10-2025,,active,NULL
7949,6304,1,15-08-2025,,active,NULL
7950,5385,1,12-12-2025,,active,NULL
7961,3517,1,30-11-2025,,active,NULL
7964,1263,1,09-02-2025,,active,NULL
7968,3363,1,07-02-2025,,active,NULL
7969,4162,1,19-09-2025,,active,NULL
7976,4271,1,11-06-2025,,active,NULL
7977,3293,1,28-11-2025,,active,NULL
7978,5185,1,03-12-2025,,active,NULL
7981,2810,1,02-03-2025,,active,NULL
7991,1920,1,18-05-2025,,active,NULL
7992,7780,1,26-07-2025,,active,NULL
7993,859,1,19-02-2025,,active,NULL
7994,6897,1,25-12-2025,,active,NULL
7995,1140,1,07-02-2025,,active,NULL
7999,2947,1,10-08-2025,,active,NULL
8004,2611,1,28-01-2025,,active,NULL
8005,1824,1,26-12-2025,,active,NULL
8007,328,1,25-11-2025,,active,NULL
8009,3597,1,23-11-2025,,active,NULL
8010,5498,1,12-11-2025,,active,NULL
8012,821,1,12-11-2025,,active,NULL
8017,2858,1,03-02-2025,,active,NULL
8021,2779,1,19-07-2025,,active,NULL
8023,2683,1,23-11-2025,,active,NULL
8028,7247,1,10-10-2025,,active,NULL
8033,2922,1,31-05-2025,,active,NULL
8051,7918,1,04-11-2025,,active,NULL
8059,2949,1,12-05-2025,,active,NULL
8061,7875,1,31-12-2025,,active,NULL
8066,3134,1,05-07-2025,,active,NULL
8068,947,1,05-04-2025,,active,NULL
8070,6763,1,24-08-2025,,active,NULL
8072,6899,1,08-10-2025,,active,NULL
8082,5143,1,12-01-2025,,active,NULL
8089,5892,1,10-06-2025,,active,NULL
8092,300,1,13-05-2025,,active,NULL
8106,1974,1,01-04-2025,,active,NULL
8107,3861,1,28-09-2025,,active,NULL
8111,3747,1,13-07-2025,,active,NULL
8114,6234,1,10-01-2025,,active,NULL
8115,4646,1,30-07-2025,,active,NULL
8120,1794,1,12-01-2025,,active,NULL
8126,6255,1,24-11-2025,,active,NULL
8127,5659,1,24-08-2025,,active,NULL
8133,5766,1,24-11-2025,,active,NULL
8134,1433,1,28-08-2025,,active,NULL
8138,1792,1,21-12-2025,,active,NULL
8142,7156,1,08-08-2025,,active,NULL
8146,5267,1,28-03-2025,,active,NULL
8148,4725,1,08-01-2026,,active,NULL
8150,7596,1,14-09-2025,,active,NULL
8153,308,1,30-05-2025,,active,NULL
8158,526,1,22-07-2025,,active,NULL
8160,4143,1,29-05-2025,,active,NULL
8172,6140,1,03-11-2025,,active,NULL
8173,6389,1,06-10-2025,,active,NULL
8174,3666,1,28-06-2025,,active,NULL
8175,5655,1,05-01-2026,,active,NULL
8182,737,1,13-11-2025,,active,NULL
8183,7034,1,05-01-2026,,active,NULL
8185,1877,1,18-06-2025,,active,NULL
8195,3084,1,22-08-2025,,active,NULL
8197,6651,1,01-09-2025,,active,NULL
8198,6562,1,27-10-2025,,active,NULL
8207,5863,1,11-08-2025,,active,NULL
8216,6392,1,15-07-2025,,active,NULL
8221,2830,1,15-07-2025,,active,NULL
8230,5933,1,22-05-2025,,active,NULL
8243,2216,1,13-07-2025,,active,NULL
8250,1848,1,20-05-2025,,active,NULL
8251,683,1,07-07-2025,,active,NULL
8252,6228,1,13-08-2025,,active,NULL
8255,5616,1,22-03-2025,,active,NULL
8258,3468,1,06-09-2025,,active,NULL
8263,7456,1,25-12-2025,,active,NULL
8266,6582,1,11-01-2025,,active,NULL
8269,669,1,29-06-2025,,active,NULL
8271,2317,1,02-05-2025,,active,NULL
8273,5657,1,07-01-2026,,active,NULL
8279,5757,1,22-05-2025,,active,NULL
8282,5658,1,19-11-2025,,active,NULL
8284,4292,1,15-08-2025,,active,NULL
8290,2166,1,19-02-2025,,active,NULL
8292,7946,1,25-05-2025,,active,NULL
8296,4335,1,22-09-2025,,active,NULL
8303,5138,1,04-11-2025,,active,NULL
8306,620,1,13-08-2025,,active,NULL
8308,1920,1,22-01-2025,,active,NULL
8317,6517,1,30-06-2025,,active,NULL
8321,5953,1,22-05-2025,,active,NULL
8322,5658,1,05-02-2025,,active,NULL
8334,3346,1,30-07-2025,,active,NULL
8336,1691,1,15-08-2025,,active,NULL
8337,4796,1,15-12-2025,,active,NULL
8338,3505,1,16-02-2025,,active,NULL
8346,3472,1,08-11-2025,,active,NULL
8357,5135,1,21-10-2025,,active,NULL
8359,699,1,13-08-2025,,active,NULL
8362,6058,1,05-08-2025,,active,NULL
8366,391,1,14-04-2025,,active,NULL
8368,5533,1,23-05-2025,,active,NULL
8374,2267,1,18-01-2026,,active,NULL
8378,6246,1,27-04-2025,,active,NULL
8380,2519,1,01-12-2025,,active,NULL
8390,6628,1,11-06-2025,,active,NULL
8397,2403,1,08-07-2025,,active,NULL
8399,1745,1,26-07-2025,,active,NULL
8403,5107,1,13-01-2025,,active,NULL
8405,7817,1,05-01-2026,,active,NULL
8406,7172,1,12-03-2025,,active,NULL
8409,5749,1,29-12-2025,,active,NULL
8431,4464,1,16-09-2025,,active,NULL
8432,7464,1,02-09-2025,,active,NULL
8446,428,1,27-11-2025,,active,NULL
8447,1148,1,28-11-2025,,active,NULL
8448,4121,1,22-05-2025,,active,NULL
8453,3759,1,15-09-2025,,active,NULL
8461,122,1,28-10-2025,,active,NULL
8476,5934,1,04-11-2025,,active,NULL
8483,3623,1,16-09-2025,,active,NULL
8489,514,1,27-04-2025,,active,NULL
8493,7119,1,12-08-2025,,active,NULL
8495,2687,1,16-10-2025,,active,NULL
8508,2795,1,06-12-2025,,active,NULL
8514,1864,1,14-09-2025,,active,NULL
8516,4757,1,07-07-2025,,active,NULL
8517,6457,1,14-03-2025,,active,NULL
8525,3177,1,22-12-2025,,active,NULL
8528,1099,1,29-05-2025,,active,NULL
8537,4215,1,07-06-2025,,active,NULL
8558,733,1,18-03-2025,,active,NULL
8559,920,1,06-06-2025,,active,NULL
8560,1335,1,10-06-2025,,active,NULL
8561,5145,1,17-01-2025,,active,NULL
8563,4650,1,03-05-2025,,active,NULL
8565,3141,1,17-10-2025,,active,NULL
8570,1087,1,30-05-2025,,active,NULL
8575,4937,1,10-12-2025,,active,NULL
8578,3835,1,02-11-2025,,active,NULL
8583,6020,1,14-04-2025,,active,NULL
8586,2628,1,05-07-2025,,active,NULL
8587,416,1,03-12-2025,,active,NULL
8589,918,1,30-06-2025,,active,NULL
8592,2130,1,27-02-2025,,active,NULL
8593,1091,1,18-03-2025,,active,NULL
8596,4847,1,01-01-2025,,active,NULL
8613,1399,1,28-08-2025,,active,NULL
8615,6853,1,22-03-2025,,active,NULL
8617,1057,1,29-03-2025,,active,NULL
8619,838,1,08-04-2025,,active,NULL
8626,7481,1,02-11-2025,,active,NULL
8630,1022,1,23-10-2025,,active,NULL
8634,7572,1,22-12-2025,,active,NULL
8637,2841,1,02-08-2025,,active,NULL
8638,7428,1,12-04-2025,,active,NULL
8640,247,1,25-07-2025,,active,NULL
8648,4272,1,06-11-2025,,active,NULL
8650,3959,1,06-08-2025,,active,NULL
8651,2575,1,02-09-2025,,active,NULL
8655,4920,1,28-03-2025,,active,NULL
8659,2996,1,22-08-2025,,active,NULL
8660,1971,1,02-06-2025,,active,NULL
8669,4153,1,30-01-2025,,active,NULL
8670,2215,1,25-04-2025,,active,NULL
8678,4628,1,11-02-2025,,active,NULL
8686,5234,1,21-03-2025,,active,NULL
8694,2251,1,28-02-2025,,active,NULL
8696,2630,1,05-11-2025,,active,NULL
8702,7820,1,09-03-2025,,active,NULL
8703,5040,1,04-01-2026,,active,NULL
8706,2961,1,18-06-2025,,active,NULL
8708,4727,1,16-09-2025,,active,NULL
8711,953,1,09-07-2025,,active,NULL
8720,3584,1,16-06-2025,,active,NULL
8724,7351,1,04-07-2025,,active,NULL
8728,7666,1,24-11-2025,,active,NULL
8751,1477,1,05-06-2025,,active,NULL
8752,225,1,09-02-2025,,active,NULL
8767,6965,1,26-10-2025,,active,NULL
8770,5403,1,04-08-2025,,active,NULL
8772,1507,1,09-05-2025,,active,NULL
8782,6194,1,02-03-2025,,active,NULL
8792,2829,1,08-05-2025,,active,NULL
8793,7013,1,08-01-2025,,active,NULL
8801,3013,1,21-01-2025,,active,NULL
8803,7709,1,02-11-2025,,active,NULL
8809,2530,1,14-03-2025,,active,NULL
8814,6615,1,02-12-2025,,active,NULL
8820,4471,1,23-10-2025,,active,NULL
8824,4126,1,09-09-2025,,active,NULL
8827,842,1,01-12-2025,,active,NULL
8836,2206,1,26-01-2025,,active,NULL
8837,4805,1,01-10-2025,,active,NULL
8838,7995,1,24-11-2025,,active,NULL
8839,6551,1,15-01-2025,,active,NULL
8842,1193,1,29-10-2025,,active,NULL
8845,6723,1,15-02-2025,,active,NULL
8848,7918,1,30-09-2025,,active,NULL
8851,3274,1,07-03-2025,,active,NULL
8870,7516,1,10-03-2025,,active,NULL
8872,6919,1,08-10-2025,,active,NULL
8874,1062,1,14-07-2025,,active,NULL
8877,6717,1,12-01-2026,,active,NULL
8880,5031,1,06-07-2025,,active,NULL
8882,4281,1,05-11-2025,,active,NULL
8889,6008,1,29-11-2025,,active,NULL
8897,1362,1,08-01-2026,,active,NULL
8899,4099,1,02-06-2025,,active,NULL
8901,4193,1,09-08-2025,,active,NULL
8904,2799,1,05-09-2025,,active,NULL
8914,3318,1,10-07-2025,,active,NULL
8915,353,1,06-01-2025,,active,NULL
8917,7437,1,14-01-2025,,active,NULL
8923,4091,1,23-03-2025,,active,NULL
8930,1070,1,13-11-2025,,active,NULL
8934,3460,1,04-03-2025,,active,NULL
8935,7037,1,22-06-2025,,active,NULL
8936,2642,1,10-12-2025,,active,NULL
8943,1250,1,03-05-2025,,active,NULL
8948,7690,1,18-02-2025,,active,NULL
8957,3387,1,29-11-2025,,active,NULL
8959,4076,1,09-06-2025,,active,NULL
8962,63,1,11-07-2025,,active,NULL
8976,1551,1,16-07-2025,,active,NULL
8980,5963,1,18-08-2025,,active,NULL
8981,6857,1,07-10-2025,,active,NULL
8982,6032,1,01-06-2025,,active,NULL
8987,427,1,16-03-2025,,active,NULL
8991,5222,1,26-03-2025,,active,NULL
8996,3948,1,11-11-2025,,active,NULL
9003,548,1,28-06-2025,,active,NULL
9007,2118,1,03-12-2025,,active,NULL
9011,7733,1,26-01-2025,,active,NULL
9016,7314,1,03-06-2025,,active,NULL
9019,369,1,12-03-2025,,active,NULL
9023,1492,1,02-11-2025,,active,NULL
9026,720,1,11-08-2025,,active,NULL
9031,2390,1,30-03-2025,,active,NULL
9037,6176,1,14-11-2025,,active,NULL
9038,5100,1,25-03-2025,,active,NULL
9041,2176,1,06-05-2025,,active,NULL
9042,1403,1,09-01-2026,,active,NULL
9045,96,1,16-09-2025,,active,NULL
9046,7481,1,09-12-2025,,active,NULL
9060,4019,1,15-03-2025,,active,NULL
9062,1862,1,16-09-2025,,active,NULL
9070,3097,1,02-06-2025,,active,NULL
9076,6446,1,15-12-2025,,active,NULL
9077,4727,1,09-05-2025,,active,NULL
9078,5895,1,05-07-2025,,active,NULL
9079,4267,1,03-10-2025,,active,NULL
9082,1920,1,13-03-2025,,active,NULL
9083,4016,1,11-09-2025,,active,NULL
9096,3025,1,17-07-2025,,active,NULL
9097,3616,1,12-09-2025,,active,NULL
9103,5654,1,27-01-2025,,active,NULL
9107,6280,1,21-02-2025,,active,NULL
9108,5166,1,10-11-2025,,active,NULL
9109,4613,1,12-12-2025,,active,NULL
9111,4123,1,03-08-2025,,active,NULL
9120,3320,1,26-05-2025,,active,NULL
9122,3639,1,13-11-2025,,active,NULL
9134,1896,1,05-04-2025,,active,NULL
9143,5830,1,19-09-2025,,active,NULL
9146,3737,1,19-08-2025,,active,NULL
9152,989,1,14-08-2025,,active,NULL
9161,6263,1,10-06-2025,,active,NULL
9172,5312,1,01-11-2025,,active,NULL
9180,5547,1,16-11-2025,,active,NULL
9190,5047,1,29-03-2025,,active,NULL
9191,2884,1,21-08-2025,,active,NULL
9193,664,1,25-07-2025,,active,NULL
9194,1985,1,06-02-2025,,active,NULL
9199,3108,1,11-03-2025,,active,NULL
9200,4218,1,28-06-2025,,active,NULL
9216,7019,1,16-02-2025,,active,NULL
9217,3299,1,22-06-2025,,active,NULL
9221,4959,1,22-12-2025,,active,NULL
9222,2938,1,23-01-2025,,active,NULL
9228,7942,1,15-05-2025,,active,NULL
9229,4099,1,14-11-2025,,active,NULL
9236,5304,1,26-09-2025,,active,NULL
9239,4221,1,11-01-2026,,active,NULL
9240,5792,1,26-03-2025,,active,NULL
9243,6529,1,20-09-2025,,active,NULL
9252,849,1,03-07-2025,,active,NULL
9257,254,1,23-05-2025,,active,NULL
9263,1809,1,03-05-2025,,active,NULL
9272,1219,1,12-11-2025,,active,NULL
9273,2318,1,18-04-2025,,active,NULL
9275,4874,1,24-06-2025,,active,NULL
9279,1265,1,10-05-2025,,active,NULL
9282,1290,1,21-11-2025,,active,NULL
9290,6716,1,03-06-2025,,active,NULL
9295,167,1,30-08-2025,,active,NULL
9298,7385,1,10-09-2025,,active,NULL
9299,5419,1,18-11-2025,,active,NULL
9303,86,1,07-08-2025,,active,NULL
9316,7488,1,09-06-2025,,active,NULL
9324,1242,1,16-12-2025,,active,NULL
9325,4592,1,19-02-2025,,active,NULL
9329,5871,1,08-03-2025,,active,NULL
9336,6611,1,22-01-2025,,active,NULL
9339,4249,1,15-07-2025,,active,NULL
9340,4774,1,29-05-2025,,active,NULL
9348,5377,1,11-01-2025,,active,NULL
9351,1127,1,04-01-2026,,active,NULL
9365,4729,1,21-11-2025,,active,NULL
9369,4522,1,16-01-2025,,active,NULL
9370,3650,1,09-12-2025,,active,NULL
9371,3654,1,28-05-2025,,active,NULL
9372,5003,1,24-11-2025,,active,NULL
9375,755,1,27-12-2025,,active,NULL
9377,6660,1,10-08-2025,,active,NULL
9384,6833,1,26-09-2025,,active,NULL
9387,7845,1,24-06-2025,,active,NULL
9391,3913,1,01-09-2025,,active,NULL
9407,92,1,16-02-2025,,active,NULL
9414,2185,1,09-11-2025,,active,NULL
9417,5714,1,10-12-2025,,active,NULL
9421,2344,1,26-03-2025,,active,NULL
9427,4267,1,28-01-2025,,active,NULL
9445,1768,1,20-11-2025,,active,NULL
9448,200,1,27-05-2025,,active,NULL
9449,512,1,17-04-2025,,active,NULL
9454,1064,1,26-09-2025,,active,NULL
9457,7392,1,05-03-2025,,active,NULL
9466,2464,1,04-01-2025,,active,NULL
9467,4382,1,29-09-2025,,active,NULL
9475,4584,1,11-05-2025,,active,NULL
9485,6839,1,10-02-2025,,active,NULL
9496,4493,1,20-08-2025,,active,NULL
9503,7730,1,24-04-2025,,active,NULL
9507,3294,1,27-02-2025,,active,NULL
9522,3285,1,24-01-2025,,active,NULL
9526,1810,1,03-06-2025,,active,NULL
9528,141,1,25-10-2025,,active,NULL
9531,2998,1,17-02-2025,,active,NULL
9532,3724,1,07-09-2025,,active,NULL
9533,1832,1,03-11-2025,,active,NULL
9537,5516,1,30-01-2025,,active,NULL
9545,1017,1,11-03-2025,,active,NULL
9560,6224,1,10-02-2025,,active,NULL
9563,6108,1,07-01-2025,,active,NULL
9565,1548,1,13-03-2025,,active,NULL
9574,2931,1,16-05-2025,,active,NULL
9592,6555,1,01-01-2025,,active,NULL
9600,3837,1,09-01-2025,,active,NULL
9604,2159,1,18-06-2025,,active,NULL
9611,4545,1,24-08-2025,,active,NULL
9614,7676,1,12-04-2025,,active,NULL
9623,7452,1,09-08-2025,,active,NULL
9624,5259,1,04-06-2025,,active,NULL
9626,6648,1,20-11-2025,,active,NULL
9627,5476,1,18-11-2025,,active,NULL
9631,4108,1,14-08-2025,,active,NULL
9644,6398,1,11-01-2025,,active,NULL
9646,1880,1,04-05-2025,,active,NULL
9651,1939,1,16-05-2025,,active,NULL
9653,6518,1,02-01-2026,,active,NULL
9654,195,1,18-11-2025,,active,NULL
9661,6847,1,16-10-2025,,active,NULL
9673,5881,1,07-09-2025,,active,NULL
9674,4148,1,06-07-2025,,active,NULL
9685,4180,1,08-10-2025,,active,NULL
9690,7843,1,03-12-2025,,active,NULL
9694,1027,1,25-11-2025,,active,NULL
9696,672,1,01-01-2025,,active,NULL
9698,4126,1,14-08-2025,,active,NULL
9707,3768,1,23-10-2025,,active,NULL
9709,5842,1,05-03-2025,,active,NULL
9711,4794,1,31-07-2025,,active,NULL
9712,6426,1,25-03-2025,,active,NULL
9718,2185,1,02-06-2025,,active,NULL
9721,4715,1,25-01-2025,,active,NULL
9722,412,1,10-01-2025,,active,NULL
9726,1149,1,10-10-2025,,active,NULL
9732,3120,1,18-06-2025,,active,NULL
9733,1346,1,27-05-2025,,active,NULL
9737,5617,1,06-03-2025,,active,NULL
9738,6213,1,14-04-2025,,active,NULL
9743,1700,1,13-05-2025,,active,NULL
9748,4512,1,05-11-2025,,active,NULL
9751,7738,1,01-03-2025,,active,NULL
9752,7670,1,11-12-2025,,active,NULL
9753,3348,1,03-11-2025,,active,NULL
9759,1185,1,19-08-2025,,active,NULL
9760,2049,1,29-12-2025,,active,NULL
9763,7715,1,21-06-2025,,active,NULL
9765,315,1,14-05-2025,,active,NULL
9773,7083,1,31-05-2025,,active,NULL
9774,1738,1,07-02-2025,,active,NULL
9783,3143,1,01-07-2025,,active,NULL
9785,6538,1,09-12-2025,,active,NULL
9786,4800,1,25-10-2025,,active,NULL
9791,328,1,24-03-2025,,active,NULL
9795,5084,1,06-08-2025,,active,NULL
9807,6715,1,08-04-2025,,active,NULL
9820,3415,1,29-12-2025,,active,NULL
9822,2070,1,10-01-2025,,active,NULL
9826,4556,1,12-11-2025,,active,NULL
9830,1905,1,21-04-2025,,active,NULL
9831,1521,1,03-08-2025,,active,NULL
9839,7572,1,01-11-2025,,active,NULL
9850,1183,1,02-04-2025,,active,NULL
9859,1941,1,20-07-2025,,active,NULL
9863,443,1,16-11-2025,,active,NULL
9870,7819,1,26-10-2025,,active,NULL
9872,544,1,16-03-2025,,active,NULL
9873,4996,1,07-02-2025,,active,NULL
9876,5355,1,31-08-2025,,active,NULL
9878,1771,1,24-02-2025,,active,NULL
9880,3879,1,10-04-2025,,active,NULL
9881,3833,1,08-04-2025,,active,NULL
9882,23,1,19-05-2025,,active,NULL
9884,144,1,23-09-2025,,active,NULL
9900,1971,1,27-02-2025,,active,NULL
9904,5526,1,20-11-2025,,active,NULL
9908,6687,1,31-03-2025,,active,NULL
9919,4615,1,20-10-2025,,active,NULL
9923,342,1,19-03-2025,,active,NULL
9928,6771,1,29-01-2025,,active,NULL
9934,1725,1,17-09-2025,,active,NULL
9937,328,1,01-06-2025,,active,NULL
9939,6671,1,22-01-2025,,active,NULL
9940,639,1,10-01-2025,,active,NULL
9945,7658,1,20-01-2025,,active,NULL
9948,4964,1,02-08-2025,,active,NULL
9955,909,1,06-10-2025,,active,NULL
9968,4057,1,15-10-2025,,active,NULL
9971,7924,1,27-01-2025,,active,NULL
9974,7717,1,14-03-2025,,active,NULL
9975,6888,1,19-11-2025,,active,NULL
9982,4110,1,15-02-2025,,active,NULL
9987,7114,1,24-08-2025,,active,NULL
9993,4898,1,30-07-2025,,active,NULL
10001,6965,1,06-04-2025,,active,NULL
10003,1559,1,23-10-2025,,active,NULL
10005,3137,1,09-06-2025,,active,NULL
10010,1781,1,27-04-2025,,active,NULL
10018,6594,1,20-01-2025,,active,NULL
10026,2989,1,04-02-2025,,active,NULL
10027,835,1,22-01-2025,,active,NULL
10036,655,1,11-02-2025,,active,NULL
10040,7510,1,20-04-2025,,active,NULL
10054,2611,1,08-12-2025,,active,NULL
10055,5816,1,14-07-2025,,active,NULL
10058,6463,1,26-09-2025,,active,NULL
10064,4645,1,14-04-2025,,active,NULL
10067,4714,1,14-02-2025,,active,NULL
10070,4444,1,15-02-2025,,active,NULL
10076,3919,1,20-02-2025,,active,NULL
10082,2854,1,10-11-2025,,active,NULL
10084,31,1,22-07-2025,,active,NULL
10091,6619,1,10-02-2025,,active,NULL
10101,7865,1,26-03-2025,,active,NULL
10102,6374,1,29-01-2025,,active,NULL
10113,655,1,04-01-2025,,active,NULL
10121,1818,1,30-12-2025,,active,NULL
10125,1192,1,26-12-2025,,active,NULL
10126,4724,1,26-09-2025,,active,NULL
10135,6324,1,28-08-2025,,active,NULL
10144,2134,1,23-06-2025,,active,NULL
10160,2452,1,16-06-2025,,active,NULL
10174,877,1,01-08-2025,,active,NULL
10175,394,1,08-10-2025,,active,NULL
10181,233,1,21-05-2025,,active,NULL
10189,87,1,30-07-2025,,active,NULL
10191,1909,1,11-11-2025,,active,NULL
10193,2218,1,03-11-2025,,active,NULL
10195,7762,1,19-04-2025,,active,NULL
10197,493,1,13-01-2026,,active,NULL
10200,1982,1,05-07-2025,,active,NULL
10205,4128,1,30-08-2025,,active,NULL
10208,6000,1,01-06-2025,,active,NULL
10218,3054,1,08-01-2026,,active,NULL
10223,5183,1,04-01-2026,,active,NULL
10233,809,1,21-08-2025,,active,NULL
10236,2339,1,08-09-2025,,active,NULL
10240,7602,1,27-09-2025,,active,NULL
10242,7283,1,11-03-2025,,active,NULL
10244,6919,1,02-01-2025,,active,NULL
10252,4369,1,20-05-2025,,active,NULL
10269,3345,1,27-02-2025,,active,NULL
10291,2465,1,18-05-2025,,active,NULL
10292,2598,1,02-09-2025,,active,NULL
10293,577,1,10-10-2025,,active,NULL
10294,3263,1,29-08-2025,,active,NULL
10296,4863,1,15-10-2025,,active,NULL
10303,804,1,15-11-2025,,active,NULL
10304,3220,1,15-12-2025,,active,NULL
10305,7723,1,06-07-2025,,active,NULL
10307,3513,1,20-11-2025,,active,NULL
10313,1128,1,11-04-2025,,active,NULL
10315,4723,1,23-04-2025,,active,NULL
10318,4722,1,14-11-2025,,active,NULL
10319,1222,1,11-01-2026,,active,NULL
10325,1551,1,06-10-2025,,active,NULL
10341,6985,1,04-03-2025,,active,NULL
10342,7771,1,20-08-2025,,active,NULL
10343,6675,1,17-10-2025,,active,NULL
10348,6786,1,15-01-2026,,active,NULL
10351,3496,1,01-01-2026,,active,NULL
10358,884,1,08-01-2026,,active,NULL
10367,983,1,15-03-2025,,active,NULL
10371,5282,1,19-06-2025,,active,NULL
10372,1221,1,09-10-2025,,active,NULL
10373,706,1,04-11-2025,,active,NULL
10375,2607,1,15-07-2025,,active,NULL
10383,119,1,13-09-2025,,active,NULL
10387,7086,1,13-01-2026,,active,NULL
10390,7863,1,23-05-2025,,active,NULL
10393,6379,1,21-05-2025,,active,NULL
10404,4701,1,12-02-2025,,active,NULL
10405,3766,1,21-08-2025,,active,NULL
10406,6356,1,26-08-2025,,active,NULL
10408,6693,1,06-03-2025,,active,NULL
10411,146,1,21-08-2025,,active,NULL
10412,3131,1,08-12-2025,,active,NULL
10417,1057,1,06-09-2025,,active,NULL
10436,5219,1,07-09-2025,,active,NULL
10442,3264,1,15-02-2025,,active,NULL
10443,1998,1,09-07-2025,,active,NULL
10447,507,1,26-03-2025,,active,NULL
10448,6292,1,13-09-2025,,active,NULL
10449,861,1,03-11-2025,,active,NULL
10451,7684,1,19-12-2025,,active,NULL
10452,3028,1,04-07-2025,,active,NULL
10462,4462,1,27-01-2025,,active,NULL
10482,7874,1,12-06-2025,,active,NULL
10486,6482,1,27-05-2025,,active,NULL
10489,6126,1,11-12-2025,,active,NULL
10500,1423,1,07-05-2025,,active,NULL
10508,5741,1,17-02-2025,,active,NULL
10512,3340,1,04-12-2025,,active,NULL
10528,5471,1,26-04-2025,,active,NULL
10533,4010,1,05-08-2025,,active,NULL
10536,6536,1,27-10-2025,,active,NULL
10541,6067,1,21-05-2025,,active,NULL
10542,55,1,12-07-2025,,active,NULL
10546,7085,1,06-01-2026,,active,NULL
10550,3803,1,10-09-2025,,active,NULL
10557,4835,1,21-02-2025,,active,NULL
10562,4632,1,24-09-2025,,active,NULL
10566,2816,1,14-02-2025,,active,NULL
10589,7438,1,27-05-2025,,active,NULL
10591,7987,1,25-10-2025,,active,NULL
10594,596,1,30-06-2025,,active,NULL
10596,6832,1,22-05-2025,,active,NULL
10600,1819,1,24-09-2025,,active,NULL
10602,1002,1,29-04-2025,,active,NULL
10604,2953,1,30-01-2025,,active,NULL
10608,7580,1,01-04-2025,,active,NULL
10610,5903,1,24-12-2025,,active,NULL
10612,1950,1,15-05-2025,,active,NULL
10615,1576,1,30-03-2025,,active,NULL
10623,6568,1,21-03-2025,,active,NULL
10624,4744,1,21-08-2025,,active,NULL
10629,7289,1,14-05-2025,,active,NULL
10631,2695,1,22-07-2025,,active,NULL
10637,5536,1,25-07-2025,,active,NULL
10640,3849,1,13-09-2025,,active,NULL
10650,6113,1,21-07-2025,,active,NULL
10651,4480,1,12-01-2025,,active,NULL
10653,4498,1,09-09-2025,,active,NULL
10656,3960,1,24-05-2025,,active,NULL
10661,3913,1,20-07-2025,,active,NULL
10670,4461,1,27-12-2025,,active,NULL
10674,1259,1,21-07-2025,,active,NULL
10680,40,1,29-04-2025,,active,NULL
10686,7634,1,20-11-2025,,active,NULL
10689,2354,1,27-09-2025,,active,NULL
10692,6999,1,04-05-2025,,active,NULL
10696,3989,1,20-06-2025,,active,NULL
10708,5282,1,01-09-2025,,active,NULL
10709,7993,1,07-05-2025,,active,NULL
10710,1808,1,10-10-2025,,active,NULL
10717,1220,1,09-05-2025,,active,NULL
10718,7328,1,10-01-2025,,active,NULL
10720,6957,1,12-02-2025,,active,NULL
10721,4188,1,10-03-2025,,active,NULL
10732,2967,1,11-01-2026,,active,NULL
10736,2715,1,31-05-2025,,active,NULL
10738,3774,1,09-09-2025,,active,NULL
10740,7146,1,07-08-2025,,active,NULL
10746,2759,1,20-04-2025,,active,NULL
10747,6230,1,01-06-2025,,active,NULL
10748,4701,1,08-08-2025,,active,NULL
10750,5791,1,13-12-2025,,active,NULL
10752,1530,1,14-03-2025,,active,NULL
10760,7849,1,13-05-2025,,active,NULL
10761,3194,1,08-12-2025,,active,NULL
10770,5468,1,05-12-2025,,active,NULL
10771,2422,1,13-01-2025,,active,NULL
10772,3595,1,14-02-2025,,active,NULL
10773,240,1,17-10-2025,,active,NULL
10779,48,1,04-04-2025,,active,NULL
10781,4583,1,11-11-2025,,active,NULL
10785,5641,1,09-06-2025,,active,NULL
10790,5634,1,18-07-2025,,active,NULL
10794,5492,1,21-03-2025,,active,NULL
10800,5364,1,20-03-2025,,active,NULL
10808,4641,1,11-01-2026,,active,NULL
10812,6888,1,27-03-2025,,active,NULL
10837,4041,1,11-09-2025,,active,NULL
10838,6007,1,08-08-2025,,active,NULL
10852,1488,1,26-09-2025,,active,NULL
10855,4322,1,07-01-2025,,active,NULL
10857,5643,1,15-01-2025,,active,NULL
10858,2441,1,09-12-2025,,active,NULL
10859,829,1,29-03-2025,,active,NULL
10860,7801,1,29-10-2025,,active,NULL
10861,88,1,22-04-2025,,active,NULL
10864,3606,1,23-02-2025,,active,NULL
10868,2476,1,22-08-2025,,active,NULL
10870,316,1,17-07-2025,,active,NULL
10871,477,1,17-09-2025,,active,NULL
10874,551,1,19-08-2025,,active,NULL
10876,7041,1,27-08-2025,,active,NULL
10877,4483,1,01-07-2025,,active,NULL
10883,4513,1,22-06-2025,,active,NULL
10885,3476,1,10-03-2025,,active,NULL
10892,3911,1,08-01-2026,,active,NULL
10897,2379,1,21-04-2025,,active,NULL
10903,3259,1,25-02-2025,,active,NULL
10906,3914,1,16-12-2025,,active,NULL
10907,2499,1,17-01-2026,,active,NULL
10909,1760,1,04-03-2025,,active,NULL
10910,4716,1,07-07-2025,,active,NULL
10914,5768,1,30-11-2025,,active,NULL
10915,2162,1,08-06-2025,,active,NULL
10921,922,1,05-12-2025,,active,NULL
10922,4643,1,23-10-2025,,active,NULL
10923,4072,1,12-09-2025,,active,NULL
10924,3717,1,20-06-2025,,active,NULL
10929,1810,1,25-04-2025,,active,NULL
10934,7905,1,16-12-2025,,active,NULL
10940,5333,1,03-09-2025,,active,NULL
10945,2327,1,15-01-2025,,active,NULL
10948,7881,1,24-04-2025,,active,NULL
10958,7172,1,09-09-2025,,active,NULL
10964,6507,1,22-07-2025,,active,NULL
10967,5278,1,29-11-2025,,active,NULL
10969,6637,1,03-07-2025,,active,NULL
10970,6415,1,23-06-2025,,active,NULL
10978,1083,1,22-08-2025,,active,NULL
10982,895,1,20-08-2025,,active,NULL
10986,6074,1,30-08-2025,,active,NULL
10991,3908,1,18-01-2025,,active,NULL
10994,6634,1,24-02-2025,,active,NULL
11002,3510,1,18-09-2025,,active,NULL
11005,3202,1,04-01-2026,,active,NULL
11017,4677,1,14-01-2026,,active,NULL
11019,5319,1,05-06-2025,,active,NULL
11023,7529,1,02-05-2025,,active,NULL
11027,26,1,05-10-2025,,active,NULL
11030,7451,1,17-03-2025,,active,NULL
11034,7112,1,18-08-2025,,active,NULL
11036,6534,1,28-01-2025,,active,NULL
11050,7646,1,19-02-2025,,active,NULL
11058,6239,1,10-07-2025,,active,NULL
11061,1850,1,11-11-2025,,active,NULL
11063,6675,1,16-11-2025,,active,NULL
11073,2597,1,04-10-2025,,active,NULL
11076,3974,1,09-07-2025,,active,NULL
11079,1066,1,04-06-2025,,active,NULL
11082,4161,1,01-04-2025,,active,NULL
11087,4702,1,24-10-2025,,active,NULL
11088,5130,1,06-08-2025,,active,NULL
11093,21,1,03-12-2025,,active,NULL
11095,2407,1,23-10-2025,,active,NULL
11099,627,1,20-06-2025,,active,NULL
11110,7989,1,23-02-2025,,active,NULL
11117,1599,1,16-05-2025,,active,NULL
11119,6697,1,28-01-2025,,active,NULL
11122,7959,1,16-11-2025,,active,NULL
11123,1714,1,04-05-2025,,active,NULL
11131,3426,1,01-07-2025,,active,NULL
11137,177,1,03-02-2025,,active,NULL
11148,1583,1,26-02-2025,,active,NULL
11150,1802,1,19-11-2025,,active,NULL
11155,365,1,06-09-2025,,active,NULL
11157,576,1,19-10-2025,,active,NULL
11161,3955,1,31-08-2025,,active,NULL
11174,2546,1,15-03-2025,,active,NULL
11175,6509,1,25-03-2025,,active,NULL
11178,2757,1,11-06-2025,,active,NULL
11185,2550,1,20-09-2025,,active,NULL
11191,2153,1,23-01-2025,,active,NULL
11198,285,1,15-11-2025,,active,NULL
11203,76,1,03-01-2026,,active,NULL
11206,896,1,04-12-2025,,active,NULL
11209,4794,1,27-11-2025,,active,NULL
11212,7238,1,02-01-2026,,active,NULL
11216,939,1,04-02-2025,,active,NULL
11218,7009,1,24-06-2025,,active,NULL
11225,5195,1,28-07-2025,,active,NULL
11226,7713,1,19-04-2025,,active,NULL
11228,5014,1,04-04-2025,,active,NULL
11230,6237,1,06-10-2025,,active,NULL
11232,2240,1,15-05-2025,,active,NULL
11239,6458,1,04-05-2025,,active,NULL
11240,527,1,16-06-2025,,active,NULL
11254,129,1,10-01-2025,,active,NULL
11255,3154,1,19-03-2025,,active,NULL
11256,209,1,16-07-2025,,active,NULL
11260,1,1,14-11-2025,,active,NULL
11267,1635,1,24-12-2025,,active,NULL
11269,904,1,22-07-2025,,active,NULL
11272,1895,1,24-05-2025,,active,NULL
11292,5556,1,01-12-2025,,active,NULL
11293,6119,1,09-01-2026,,active,NULL
11294,4681,1,17-11-2025,,active,NULL
11301,1255,1,28-02-2025,,active,NULL
11302,3973,1,25-04-2025,,active,NULL
11309,4853,1,29-09-2025,,active,NULL
11311,4048,1,16-02-2025,,active,NULL
11312,823,1,25-07-2025,,active,NULL
11313,5067,1,20-11-2025,,active,NULL
11317,4085,1,18-09-2025,,active,NULL
11319,5839,1,02-05-2025,,active,NULL
11325,3573,1,23-09-2025,,active,NULL
11327,2898,1,08-06-2025,,active,NULL
11329,3943,1,19-03-2025,,active,NULL
11333,2016,1,30-12-2025,,active,NULL
11334,2506,1,19-09-2025,,active,NULL
11335,780,1,12-11-2025,,active,NULL
11345,166,1,07-07-2025,,active,NULL
11366,3752,1,29-01-2025,,active,NULL
11373,1091,1,24-01-2025,,active,NULL
11374,7090,1,25-09-2025,,active,NULL
11385,6787,1,10-11-2025,,active,NULL
11390,6102,1,16-04-2025,,active,NULL
11400,6699,1,03-03-2025,,active,NULL
11403,1092,1,13-02-2025,,active,NULL
11407,1023,1,19-01-2025,,active,NULL
11410,7378,1,22-10-2025,,active,NULL
11414,1208,1,31-05-2025,,active,NULL
11415,2616,1,11-07-2025,,active,NULL
11421,7214,1,06-01-2026,,active,NULL
11422,7888,1,06-06-2025,,active,NULL
11427,7664,1,03-04-2025,,active,NULL
11435,4767,1,14-05-2025,,active,NULL
11436,2366,1,24-02-2025,,active,NULL
11445,7423,1,01-04-2025,,active,NULL
11453,3006,1,06-11-2025,,active,NULL
11454,7656,1,16-01-2026,,active,NULL
11459,567,1,02-05-2025,,active,NULL
11460,6281,1,19-02-2025,,active,NULL
11474,223,1,11-08-2025,,active,NULL
11480,3835,1,17-07-2025,,active,NULL
11487,7174,1,02-08-2025,,active,NULL
11488,997,1,17-09-2025,,active,NULL
11492,2261,1,20-02-2025,,active,NULL
11504,7508,1,02-06-2025,,active,NULL
11506,613,1,19-03-2025,,active,NULL
11509,7885,1,28-01-2025,,active,NULL
11518,555,1,21-01-2025,,active,NULL
11523,1871,1,17-01-2025,,active,NULL
11524,755,1,23-02-2025,,active,NULL
11526,337,1,02-06-2025,,active,NULL
11529,1117,1,24-02-2025,,active,NULL
11531,6995,1,28-06-2025,,active,NULL
11533,6553,1,22-10-2025,,active,NULL
11536,2794,1,12-06-2025,,active,NULL
11545,3163,1,06-03-2025,,active,NULL
11548,448,1,03-09-2025,,active,NULL
11551,7403,1,10-03-2025,,active,NULL
11570,4252,1,22-05-2025,,active,NULL
11576,4417,1,21-02-2025,,active,NULL
11580,5446,1,29-10-2025,,active,NULL
11581,6282,1,14-11-2025,,active,NULL
11590,1470,1,06-01-2026,,active,NULL
11600,1890,1,30-01-2025,,active,NULL
11602,7187,1,05-11-2025,,active,NULL
11604,7198,1,19-09-2025,,active,NULL
11606,5536,1,04-03-2025,,active,NULL
11607,7073,1,09-05-2025,,active,NULL
11615,85,1,02-01-2025,,active,NULL
11618,1142,1,26-05-2025,,active,NULL
11625,316,1,26-09-2025,,active,NULL
11626,497,1,15-01-2025,,active,NULL
11636,4536,1,27-04-2025,,active,NULL
11639,6150,1,20-02-2025,,active,NULL
11640,671,1,07-05-2025,,active,NULL
11642,6983,1,13-12-2025,,active,NULL
11649,2116,1,23-10-2025,,active,NULL
11654,2672,1,10-08-2025,,active,NULL
11666,5455,1,01-03-2025,,active,NULL
11677,1533,1,28-01-2025,,active,NULL
11681,1903,1,04-08-2025,,active,NULL
11683,694,1,09-04-2025,,active,NULL
11690,4354,1,02-02-2025,,active,NULL
11698,7409,1,21-07-2025,,active,NULL
11704,5547,1,04-01-2026,,active,NULL
11714,1890,1,30-04-2025,,active,NULL
11726,6616,1,21-08-2025,,active,NULL
11730,1519,1,15-02-2025,,active,NULL
11731,3922,1,27-12-2025,,active,NULL
11733,938,1,29-09-2025,,active,NULL
11735,1615,1,16-02-2025,,active,NULL
11746,3655,1,11-01-2025,,active,NULL
11748,4324,1,13-09-2025,,active,NULL
11754,6241,1,13-04-2025,,active,NULL
11756,4359,1,04-04-2025,,active,NULL
11762,5805,1,06-07-2025,,active,NULL
11777,5984,1,11-11-2025,,active,NULL
11778,3792,1,31-07-2025,,active,NULL
11779,6862,1,03-09-2025,,active,NULL
11783,3097,1,11-05-2025,,active,NULL
11784,4549,1,28-01-2025,,active,NULL
11790,3575,1,03-02-2025,,active,NULL
11792,6009,1,10-10-2025,,active,NULL
11793,7676,1,30-08-2025,,active,NULL
11799,7486,1,07-07-2025,,active,NULL
11800,5857,1,05-05-2025,,active,NULL
11801,5438,1,10-05-2025,,active,NULL
11803,5562,1,18-11-2025,,active,NULL
11808,2515,1,06-04-2025,,active,NULL
11829,1348,1,07-02-2025,,active,NULL
11831,1506,1,04-07-2025,,active,NULL
11832,6395,1,30-01-2025,,active,NULL
11834,3776,1,05-09-2025,,active,NULL
11842,2033,1,13-06-2025,,active,NULL
11848,5282,1,03-12-2025,,active,NULL
11850,4816,1,09-06-2025,,active,NULL
11863,1021,1,05-03-2025,,active,NULL
11865,3778,1,28-05-2025,,active,NULL
11871,7306,1,06-12-2025,,active,NULL
11872,6682,1,23-04-2025,,active,NULL
11877,2475,1,04-09-2025,,active,NULL
11878,684,1,11-08-2025,,active,NULL
11890,2429,1,15-01-2026,,active,NULL
11891,1775,1,23-07-2025,,active,NULL
11902,4309,1,15-01-2025,,active,NULL
11905,6901,1,12-06-2025,,active,NULL
11916,7365,1,21-09-2025,,active,NULL
11925,1269,1,25-11-2025,,active,NULL
11927,4692,1,03-03-2025,,active,NULL
11928,849,1,08-07-2025,,active,NULL
11935,6260,1,10-06-2025,,active,NULL
11939,7513,1,31-07-2025,,active,NULL
11945,7478,1,18-01-2026,,active,NULL
11946,4221,1,14-12-2025,,active,NULL
11951,5326,1,26-06-2025,,active,NULL
11952,6377,1,01-10-2025,,active,NULL
11960,7048,1,20-08-2025,,active,NULL
11976,5530,1,15-02-2025,,active,NULL
11980,4784,1,24-09-2025,,active,NULL
12000,2161,1,12-12-2025,,active,NULL
2,5191,2,10-12-2025,,active,NULL
20,2987,2,01-01-2025,,active,NULL
28,2547,2,15-11-2025,,active,NULL
29,7551,2,04-01-2025,,active,NULL
40,932,2,08-08-2025,,active,NULL
42,4546,2,12-11-2025,,active,NULL
56,3246,2,20-04-2025,,active,NULL
60,7182,2,06-09-2025,,active,NULL
62,1891,2,03-08-2025,,active,NULL
66,1411,2,20-12-2025,,active,NULL
69,317,2,14-11-2025,,active,NULL
75,7798,2,27-04-2025,,active,NULL
77,5011,2,03-12-2025,,active,NULL
79,433,2,14-01-2026,,active,NULL
91,4360,2,08-07-2025,,active,NULL
92,659,2,17-01-2026,,active,NULL
93,7409,2,15-07-2025,,active,NULL
98,5274,2,25-12-2025,,active,NULL
108,5696,2,04-09-2025,,active,NULL
119,4736,2,01-05-2025,,active,NULL
125,3596,2,01-01-2026,,active,NULL
129,5316,2,15-07-2025,,active,NULL
138,5380,2,26-04-2025,,active,NULL
139,6515,2,20-03-2025,,active,NULL
142,7139,2,27-02-2025,,active,NULL
149,2304,2,18-01-2025,,active,NULL
176,2588,2,20-10-2025,,active,NULL
179,7926,2,15-03-2025,,active,NULL
186,2555,2,10-08-2025,,active,NULL
189,1778,2,04-01-2026,,active,NULL
194,1839,2,13-08-2025,,active,NULL
199,2441,2,11-02-2025,,active,NULL
202,6920,2,05-08-2025,,active,NULL
208,4203,2,15-01-2025,,active,NULL
224,812,2,16-03-2025,,active,NULL
232,7252,2,04-09-2025,,active,NULL
242,685,2,14-01-2026,,active,NULL
243,2240,2,14-11-2025,,active,NULL
246,1688,2,19-12-2025,,active,NULL
248,6815,2,05-01-2026,,active,NULL
257,6165,2,12-01-2026,,active,NULL
272,5333,2,18-12-2025,,active,NULL
276,2230,2,21-06-2025,,active,NULL
278,5293,2,21-01-2025,,active,NULL
293,1972,2,15-08-2025,,active,NULL
298,4663,2,22-12-2025,,active,NULL
307,816,2,28-03-2025,,active,NULL
311,2859,2,15-06-2025,,active,NULL
336,2829,2,30-03-2025,,active,NULL
346,5900,2,06-12-2025,,active,NULL
348,7462,2,24-11-2025,,active,NULL
359,3652,2,03-10-2025,,active,NULL
364,7403,2,06-11-2025,,active,NULL
366,1338,2,14-04-2025,,active,NULL
367,5089,2,03-01-2026,,active,NULL
370,6197,2,05-05-2025,,active,NULL
372,2422,2,09-01-2025,,active,NULL
374,3012,2,04-04-2025,,active,NULL
378,2736,2,30-12-2025,,active,NULL
379,5308,2,12-12-2025,,active,NULL
394,7400,2,08-07-2025,,active,NULL
400,3569,2,29-07-2025,,active,NULL
402,7889,2,21-06-2025,,active,NULL
414,2599,2,10-11-2025,,active,NULL
432,7242,2,28-11-2025,,active,NULL
436,4041,2,19-06-2025,,active,NULL
446,611,2,14-05-2025,,active,NULL
452,6549,2,02-04-2025,,active,NULL
470,234,2,09-06-2025,,active,NULL
471,2138,2,08-06-2025,,active,NULL
496,6095,2,23-10-2025,,active,NULL
499,2519,2,31-01-2025,,active,NULL
501,829,2,14-04-2025,,active,NULL
504,6684,2,08-04-2025,,active,NULL
513,5811,2,01-09-2025,,active,NULL
527,7637,2,28-04-2025,,active,NULL
533,3860,2,07-10-2025,,active,NULL
546,7084,2,03-04-2025,,active,NULL
549,1210,2,15-04-2025,,active,NULL
551,6262,2,08-05-2025,,active,NULL
559,1898,2,21-03-2025,,active,NULL
564,6186,2,13-04-2025,,active,NULL
573,401,2,01-04-2025,,active,NULL
581,7790,2,12-04-2025,,active,NULL
583,3654,2,29-04-2025,,active,NULL
584,3465,2,14-04-2025,,active,NULL
592,6836,2,09-12-2025,,active,NULL
600,1516,2,21-04-2025,,active,NULL
601,2694,2,31-12-2025,,active,NULL
610,6417,2,26-06-2025,,active,NULL
618,5448,2,23-09-2025,,active,NULL
619,4219,2,04-08-2025,,active,NULL
634,6465,2,07-02-2025,,active,NULL
636,2109,2,21-01-2025,,active,NULL
639,3776,2,07-07-2025,,active,NULL
650,1117,2,15-05-2025,,active,NULL
652,1704,2,13-02-2025,,active,NULL
664,1135,2,28-03-2025,,active,NULL
667,2245,2,25-05-2025,,active,NULL
683,55,2,05-12-2025,,active,NULL
686,2735,2,19-02-2025,,active,NULL
687,3746,2,31-08-2025,,active,NULL
693,7928,2,17-01-2025,,active,NULL
706,4558,2,24-04-2025,,active,NULL
716,569,2,26-03-2025,,active,NULL
725,6970,2,24-08-2025,,active,NULL
730,7448,2,28-02-2025,,active,NULL
733,4235,2,01-09-2025,,active,NULL
738,4384,2,01-01-2025,,active,NULL
740,1130,2,16-09-2025,,active,NULL
745,1925,2,17-10-2025,,active,NULL
746,7345,2,03-06-2025,,active,NULL
752,5274,2,21-09-2025,,active,NULL
760,7732,2,26-09-2025,,active,NULL
763,4922,2,09-12-2025,,active,NULL
767,1952,2,12-02-2025,,active,NULL
771,3074,2,02-07-2025,,active,NULL
776,5691,2,11-04-2025,,active,NULL
795,6387,2,06-04-2025,,active,NULL
797,992,2,18-06-2025,,active,NULL
800,6356,2,18-09-2025,,active,NULL
806,5560,2,25-01-2025,,active,NULL
810,78,2,30-08-2025,,active,NULL
816,3286,2,06-07-2025,,active,NULL
818,3251,2,14-10-2025,,active,NULL
819,6140,2,13-12-2025,,active,NULL
824,6206,2,15-02-2025,,active,NULL
845,4194,2,17-07-2025,,active,NULL
846,5198,2,30-05-2025,,active,NULL
870,4935,2,26-01-2025,,active,NULL
882,6654,2,18-01-2025,,active,NULL
885,5711,2,09-06-2025,,active,NULL
890,5201,2,18-06-2025,,active,NULL
893,1125,2,05-05-2025,,active,NULL
897,3602,2,10-11-2025,,active,NULL
900,1289,2,16-12-2025,,active,NULL
914,2392,2,04-06-2025,,active,NULL
926,7550,2,19-08-2025,,active,NULL
932,4435,2,23-02-2025,,active,NULL
936,1068,2,20-10-2025,,active,NULL
942,594,2,27-03-2025,,active,NULL
954,5261,2,09-09-2025,,active,NULL
959,1293,2,03-01-2026,,active,NULL
963,3935,2,02-07-2025,,active,NULL
985,142,2,23-07-2025,,active,NULL
993,502,2,02-06-2025,,active,NULL
997,886,2,28-09-2025,,active,NULL
1005,2545,2,19-07-2025,,active,NULL
1010,5510,2,02-08-2025,,active,NULL
1017,6910,2,11-01-2025,,active,NULL
1020,4829,2,06-03-2025,,active,NULL
1022,6680,2,12-12-2025,,active,NULL
1024,6472,2,07-03-2025,,active,NULL
1027,807,2,20-03-2025,,active,NULL
1028,311,2,09-08-2025,,active,NULL
1031,5598,2,23-01-2025,,active,NULL
1050,5518,2,31-05-2025,,active,NULL
1056,6885,2,10-01-2026,,active,NULL
1058,3331,2,13-03-2025,,active,NULL
1076,5937,2,29-01-2025,,active,NULL
1092,5449,2,17-07-2025,,active,NULL
1095,3489,2,07-01-2026,,active,NULL
1102,1382,2,07-04-2025,,active,NULL
1110,2563,2,15-02-2025,,active,NULL
1119,4,2,20-09-2025,,active,NULL
1123,5649,2,16-11-2025,,active,NULL
1141,5121,2,14-09-2025,,active,NULL
1145,367,2,09-03-2025,,active,NULL
1146,6290,2,18-02-2025,,active,NULL
1156,7274,2,06-08-2025,,active,NULL
1163,1235,2,02-01-2025,,active,NULL
1173,6971,2,16-06-2025,,active,NULL
1177,1952,2,12-11-2025,,active,NULL
1211,3488,2,08-01-2025,,active,NULL
1215,6041,2,24-07-2025,,active,NULL
1226,6420,2,04-06-2025,,active,NULL
1233,5769,2,26-02-2025,,active,NULL
1242,5023,2,03-08-2025,,active,NULL
1262,5357,2,13-07-2025,,active,NULL
1265,2559,2,01-09-2025,,active,NULL
1268,4394,2,02-11-2025,,active,NULL
1293,4808,2,08-06-2025,,active,NULL
1295,3445,2,30-08-2025,,active,NULL
1297,2356,2,03-07-2025,,active,NULL
1302,5465,2,17-03-2025,,active,NULL
1304,1350,2,23-09-2025,,active,NULL
1313,7182,2,25-10-2025,,active,NULL
1317,2284,2,31-01-2025,,active,NULL
1318,2898,2,26-07-2025,,active,NULL
1319,1801,2,06-01-2025,,active,NULL
1320,7924,2,06-03-2025,,active,NULL
1326,7475,2,21-12-2025,,active,NULL
1353,1119,2,28-03-2025,,active,NULL
1363,1052,2,21-03-2025,,active,NULL
1364,5297,2,25-03-2025,,active,NULL
1365,6231,2,28-01-2025,,active,NULL
1376,1936,2,17-05-2025,,active,NULL
1392,4365,2,13-10-2025,,active,NULL
1394,3452,2,05-03-2025,,active,NULL
1395,1056,2,19-11-2025,,active,NULL
1403,7257,2,31-08-2025,,active,NULL
1405,1618,2,27-07-2025,,active,NULL
1429,3677,2,11-06-2025,,active,NULL
1435,7526,2,10-07-2025,,active,NULL
1446,2516,2,01-01-2025,,active,NULL
1462,1518,2,07-11-2025,,active,NULL
1464,5588,2,19-12-2025,,active,NULL
1473,724,2,19-03-2025,,active,NULL
1491,7378,2,05-08-2025,,active,NULL
1492,432,2,02-11-2025,,active,NULL
1516,6403,2,26-05-2025,,active,NULL
1531,3244,2,15-02-2025,,active,NULL
1532,4009,2,26-02-2025,,active,NULL
1540,4983,2,22-05-2025,,active,NULL
1546,1540,2,13-07-2025,,active,NULL
1550,1937,2,30-03-2025,,active,NULL
1553,2407,2,20-10-2025,,active,NULL
1564,2697,2,17-02-2025,,active,NULL
1583,7746,2,05-07-2025,,active,NULL
1599,6814,2,17-07-2025,,active,NULL
1601,5976,2,30-04-2025,,active,NULL
1602,7451,2,11-09-2025,,active,NULL
1614,4237,2,13-02-2025,,active,NULL
1619,6251,2,04-08-2025,,active,NULL
1624,213,2,16-04-2025,,active,NULL
1633,798,2,19-03-2025,,active,NULL
1646,4207,2,09-03-2025,,active,NULL
1647,4354,2,31-10-2025,,active,NULL
1650,6204,2,07-11-2025,,active,NULL
1665,7576,2,30-09-2025,,active,NULL
1666,2851,2,23-03-2025,,active,NULL
1670,4003,2,19-11-2025,,active,NULL
1677,1083,2,05-08-2025,,active,NULL
1684,4552,2,10-11-2025,,active,NULL
1686,2928,2,28-02-2025,,active,NULL
1688,1551,2,14-04-2025,,active,NULL
1689,1956,2,24-08-2025,,active,NULL
1692,1065,2,24-05-2025,,active,NULL
1694,6827,2,07-09-2025,,active,NULL
1695,4876,2,09-10-2025,,active,NULL
1704,449,2,10-04-2025,,active,NULL
1707,7685,2,21-07-2025,,active,NULL
1708,7042,2,28-04-2025,,active,NULL
1709,46,2,08-01-2025,,active,NULL
1737,5696,2,10-11-2025,,active,NULL
1749,1401,2,18-12-2025,,active,NULL
1753,356,2,11-06-2025,,active,NULL
1755,4363,2,04-02-2025,,active,NULL
1756,7749,2,15-01-2025,,active,NULL
1757,290,2,03-11-2025,,active,NULL
1769,2784,2,04-01-2025,,active,NULL
1770,3678,2,28-04-2025,,active,NULL
1786,6414,2,08-06-2025,,active,NULL
1787,3771,2,30-01-2025,,active,NULL
1791,738,2,30-09-2025,,active,NULL
1795,7126,2,12-01-2025,,active,NULL
1802,5435,2,04-05-2025,,active,NULL
1815,1223,2,12-03-2025,,active,NULL
1820,3633,2,22-10-2025,,active,NULL
1823,2995,2,24-03-2025,,active,NULL
1829,6419,2,27-06-2025,,active,NULL
1850,2669,2,16-04-2025,,active,NULL
1856,3926,2,22-09-2025,,active,NULL
1865,6488,2,12-11-2025,,active,NULL
1875,7386,2,30-06-2025,,active,NULL
1920,660,2,13-03-2025,,active,NULL
1948,5157,2,23-08-2025,,active,NULL
1958,1896,2,07-04-2025,,active,NULL
1983,308,2,17-07-2025,,active,NULL
1988,6003,2,05-02-2025,,active,NULL
2021,6800,2,07-04-2025,,active,NULL
2027,2038,2,27-05-2025,,active,NULL
2039,2596,2,12-02-2025,,active,NULL
2040,5720,2,29-09-2025,,active,NULL
2061,3289,2,26-01-2025,,active,NULL
2065,4194,2,06-07-2025,,active,NULL
2071,560,2,31-01-2025,,active,NULL
2082,5304,2,27-07-2025,,active,NULL
2090,4578,2,06-09-2025,,active,NULL
2094,3342,2,26-03-2025,,active,NULL
2095,1744,2,30-01-2025,,active,NULL
2109,4929,2,26-08-2025,,active,NULL
2114,7382,2,01-08-2025,,active,NULL
2120,3081,2,16-01-2026,,active,NULL
2127,3484,2,12-01-2025,,active,NULL
2131,924,2,27-05-2025,,active,NULL
2138,1556,2,17-09-2025,,active,NULL
2152,5686,2,27-04-2025,,active,NULL
2156,1805,2,03-12-2025,,active,NULL
2160,6655,2,06-04-2025,,active,NULL
2162,3398,2,09-08-2025,,active,NULL
2171,2316,2,20-02-2025,,active,NULL
2180,266,2,28-02-2025,,active,NULL
2181,2218,2,02-10-2025,,active,NULL
2188,2482,2,12-07-2025,,active,NULL
2199,1659,2,21-04-2025,,active,NULL
2205,5099,2,13-04-2025,,active,NULL
2206,6100,2,07-06-2025,,active,NULL
2224,5154,2,03-07-2025,,active,NULL
2225,226,2,09-03-2025,,active,NULL
2229,1716,2,05-04-2025,,active,NULL
2233,88,2,28-11-2025,,active,NULL
2241,90,2,03-01-2025,,active,NULL
2249,1058,2,13-04-2025,,active,NULL
2256,5627,2,12-07-2025,,active,NULL
2259,2162,2,09-04-2025,,active,NULL
2274,6826,2,15-10-2025,,active,NULL
2292,2676,2,20-11-2025,,active,NULL
2312,7678,2,01-01-2025,,active,NULL
2314,7836,2,04-01-2025,,active,NULL
2326,685,2,23-05-2025,,active,NULL
2332,143,2,11-02-2025,,active,NULL
2333,1950,2,07-02-2025,,active,NULL
2338,5727,2,05-04-2025,,active,NULL
2361,810,2,17-01-2026,,active,NULL
2363,2882,2,10-11-2025,,active,NULL
2366,2267,2,20-06-2025,,active,NULL
2367,2082,2,29-08-2025,,active,NULL
2381,6679,2,31-12-2025,,active,NULL
2382,7440,2,19-12-2025,,active,NULL
2385,7434,2,24-12-2025,,active,NULL
2387,7739,2,15-10-2025,,active,NULL
2389,2768,2,07-06-2025,,active,NULL
2390,948,2,28-03-2025,,active,NULL
2406,6880,2,29-07-2025,,active,NULL
2423,2823,2,29-08-2025,,active,NULL
2424,2206,2,06-08-2025,,active,NULL
2454,5553,2,14-11-2025,,active,NULL
2463,7720,2,12-07-2025,,active,NULL
2480,4625,2,20-02-2025,,active,NULL
2483,1216,2,25-03-2025,,active,NULL
2497,6414,2,19-03-2025,,active,NULL
2498,5095,2,13-05-2025,,active,NULL
2502,1519,2,06-12-2025,,active,NULL
2503,5203,2,23-08-2025,,active,NULL
2513,2893,2,18-03-2025,,active,NULL
2517,1064,2,08-11-2025,,active,NULL
2526,3169,2,13-03-2025,,active,NULL
2538,7889,2,25-03-2025,,active,NULL
2542,7384,2,16-12-2025,,active,NULL
2552,4341,2,05-07-2025,,active,NULL
2561,959,2,22-03-2025,,active,NULL
2583,5917,2,31-05-2025,,active,NULL
2586,4321,2,11-10-2025,,active,NULL
2590,2897,2,26-07-2025,,active,NULL
2592,7920,2,07-05-2025,,active,NULL
2593,4922,2,13-10-2025,,active,NULL
2594,6047,2,19-03-2025,,active,NULL
2603,2054,2,04-08-2025,,active,NULL
2607,3075,2,30-04-2025,,active,NULL
2609,817,2,29-07-2025,,active,NULL
2613,7556,2,27-03-2025,,active,NULL
2614,2535,2,14-02-2025,,active,NULL
2623,6380,2,31-08-2025,,active,NULL
2647,1955,2,30-03-2025,,active,NULL
2654,4711,2,20-01-2025,,active,NULL
2655,654,2,12-01-2026,,active,NULL
2657,4126,2,14-08-2025,,active,NULL
2659,5835,2,01-02-2025,,active,NULL
2660,6367,2,19-07-2025,,active,NULL
2664,2878,2,04-01-2025,,active,NULL
2676,4362,2,11-05-2025,,active,NULL
2679,384,2,19-09-2025,,active,NULL
2689,6900,2,21-12-2025,,active,NULL
2728,829,2,05-01-2026,,active,NULL
2746,2438,2,07-08-2025,,active,NULL
2754,6352,2,26-11-2025,,active,NULL
2756,3367,2,09-07-2025,,active,NULL
2767,3970,2,17-01-2026,,active,NULL
2783,7156,2,09-01-2025,,active,NULL
2807,4786,2,13-07-2025,,active,NULL
2810,7055,2,31-01-2025,,active,NULL
2818,2972,2,21-05-2025,,active,NULL
2841,4180,2,07-08-2025,,active,NULL
2853,7134,2,31-08-2025,,active,NULL
2861,556,2,13-06-2025,,active,NULL
2862,3225,2,17-10-2025,,active,NULL
2866,1213,2,04-01-2025,,active,NULL
2875,1063,2,25-05-2025,,active,NULL
2876,7951,2,10-03-2025,,active,NULL
2892,3858,2,19-10-2025,,active,NULL
2894,5872,2,07-11-2025,,active,NULL
2896,4177,2,03-03-2025,,active,NULL
2920,7120,2,21-06-2025,,active,NULL
2925,4645,2,06-05-2025,,active,NULL
2927,5505,2,02-01-2026,,active,NULL
2938,7353,2,26-11-2025,,active,NULL
2950,7315,2,18-11-2025,,active,NULL
2952,1892,2,22-12-2025,,active,NULL
2954,6803,2,29-04-2025,,active,NULL
2969,4889,2,02-08-2025,,active,NULL
2977,759,2,13-12-2025,,active,NULL
2978,6059,2,07-09-2025,,active,NULL
2979,5258,2,14-10-2025,,active,NULL
2981,3601,2,14-02-2025,,active,NULL
2994,6282,2,13-01-2025,,active,NULL
3010,4043,2,20-07-2025,,active,NULL
3016,5001,2,19-09-2025,,active,NULL
3018,5714,2,20-04-2025,,active,NULL
3029,7024,2,24-06-2025,,active,NULL
3034,3000,2,27-09-2025,,active,NULL
3049,2493,2,26-09-2025,,active,NULL
3056,1080,2,08-11-2025,,active,NULL
3076,110,2,10-06-2025,,active,NULL
3089,7695,2,01-01-2026,,active,NULL
3115,7482,2,09-04-2025,,active,NULL
3138,2080,2,23-12-2025,,active,NULL
3144,4237,2,09-07-2025,,active,NULL
3158,303,2,12-10-2025,,active,NULL
3181,7410,2,30-05-2025,,active,NULL
3194,4115,2,07-04-2025,,active,NULL
3196,2646,2,31-03-2025,,active,NULL
3198,6694,2,07-04-2025,,active,NULL
3210,5549,2,06-10-2025,,active,NULL
3211,4752,2,01-01-2025,,active,NULL
3275,2462,2,23-02-2025,,active,NULL
3278,6767,2,17-08-2025,,active,NULL
3286,3470,2,22-07-2025,,active,NULL
3290,6630,2,09-01-2026,,active,NULL
3317,2922,2,12-04-2025,,active,NULL
3322,7924,2,03-05-2025,,active,NULL
3324,4769,2,12-11-2025,,active,NULL
3344,3426,2,27-10-2025,,active,NULL
3346,2562,2,12-07-2025,,active,NULL
3348,1827,2,03-08-2025,,active,NULL
3349,3507,2,23-05-2025,,active,NULL
3355,4004,2,06-03-2025,,active,NULL
3356,6478,2,19-01-2025,,active,NULL
3365,3245,2,03-03-2025,,active,NULL
3369,6969,2,10-06-2025,,active,NULL
3377,565,2,18-11-2025,,active,NULL
3390,4425,2,20-04-2025,,active,NULL
3392,4465,2,22-02-2025,,active,NULL
3405,7183,2,14-12-2025,,active,NULL
3416,5843,2,06-11-2025,,active,NULL
3442,4681,2,13-03-2025,,active,NULL
3443,2666,2,25-05-2025,,active,NULL
3453,1385,2,20-08-2025,,active,NULL
3463,596,2,09-08-2025,,active,NULL
3468,1063,2,01-08-2025,,active,NULL
3481,6617,2,17-03-2025,,active,NULL
3493,1947,2,04-08-2025,,active,NULL
3498,1524,2,09-11-2025,,active,NULL
3513,4974,2,25-12-2025,,active,NULL
3540,159,2,05-06-2025,,active,NULL
3551,7138,2,28-10-2025,,active,NULL
3552,934,2,05-12-2025,,active,NULL
3556,733,2,29-10-2025,,active,NULL
3570,3068,2,08-01-2026,,active,NULL
3575,7060,2,27-07-2025,,active,NULL
3579,114,2,11-08-2025,,active,NULL
3582,6498,2,08-05-2025,,active,NULL
3586,5132,2,24-10-2025,,active,NULL
3589,1590,2,11-07-2025,,active,NULL
3593,6031,2,30-01-2025,,active,NULL
3616,263,2,25-03-2025,,active,NULL
3619,4618,2,03-11-2025,,active,NULL
3620,7019,2,25-03-2025,,active,NULL
3631,2264,2,23-05-2025,,active,NULL
3638,390,2,25-06-2025,,active,NULL
3644,4023,2,05-02-2025,,active,NULL
3648,6464,2,18-11-2025,,active,NULL
3649,7553,2,14-08-2025,,active,NULL
3652,6378,2,10-07-2025,,active,NULL
3655,3669,2,01-05-2025,,active,NULL
3667,5922,2,16-12-2025,,active,NULL
3668,944,2,17-05-2025,,active,NULL
3680,2823,2,22-02-2025,,active,NULL
3695,6134,2,07-02-2025,,active,NULL
3700,3987,2,23-01-2025,,active,NULL
3703,2011,2,22-03-2025,,active,NULL
3709,103,2,09-09-2025,,active,NULL
3736,6101,2,14-03-2025,,active,NULL
3738,1964,2,25-04-2025,,active,NULL
3749,889,2,24-05-2025,,active,NULL
3754,7333,2,14-04-2025,,active,NULL
3762,2262,2,08-08-2025,,active,NULL
3788,5351,2,06-11-2025,,active,NULL
3820,402,2,25-05-2025,,active,NULL
3824,6922,2,13-07-2025,,active,NULL
3825,1532,2,14-10-2025,,active,NULL
3834,4441,2,24-10-2025,,active,NULL
3842,1372,2,18-11-2025,,active,NULL
3849,6014,2,12-07-2025,,active,NULL
3858,2300,2,22-10-2025,,active,NULL
3861,4011,2,30-04-2025,,active,NULL
3864,2297,2,13-02-2025,,active,NULL
3866,6517,2,28-11-2025,,active,NULL
3891,1081,2,23-09-2025,,active,NULL
3898,1387,2,03-12-2025,,active,NULL
3901,1935,2,29-12-2025,,active,NULL
3902,3161,2,28-08-2025,,active,NULL
3907,6367,2,10-07-2025,,active,NULL
3908,6800,2,05-01-2026,,active,NULL
3912,3732,2,16-07-2025,,active,NULL
3913,6106,2,21-06-2025,,active,NULL
3921,3949,2,03-09-2025,,active,NULL
3936,2375,2,23-11-2025,,active,NULL
3949,6275,2,10-08-2025,,active,NULL
3950,7819,2,29-04-2025,,active,NULL
3971,7354,2,29-01-2025,,active,NULL
3997,2977,2,26-08-2025,,active,NULL
4044,2433,2,13-08-2025,,active,NULL
4063,93,2,23-04-2025,,active,NULL
4080,7390,2,12-01-2025,,active,NULL
4097,3689,2,15-01-2025,,active,NULL
4098,211,2,31-12-2025,,active,NULL
4108,112,2,19-03-2025,,active,NULL
4114,697,2,09-06-2025,,active,NULL
4120,2975,2,01-02-2025,,active,NULL
4126,258,2,21-06-2025,,active,NULL
4129,2277,2,16-10-2025,,active,NULL
4133,118,2,15-01-2025,,active,NULL
4135,2948,2,06-11-2025,,active,NULL
4136,6170,2,28-08-2025,,active,NULL
4137,340,2,27-06-2025,,active,NULL
4142,4445,2,23-02-2025,,active,NULL
4147,151,2,17-11-2025,,active,NULL
4149,829,2,20-10-2025,,active,NULL
4155,1228,2,20-08-2025,,active,NULL
4161,681,2,13-12-2025,,active,NULL
4176,6309,2,17-09-2025,,active,NULL
4186,3997,2,20-07-2025,,active,NULL
4211,19,2,07-05-2025,,active,NULL
4217,7342,2,05-02-2025,,active,NULL
4226,5291,2,16-06-2025,,active,NULL
4256,3052,2,26-06-2025,,active,NULL
4264,21,2,05-01-2026,,active,NULL
4296,787,2,16-06-2025,,active,NULL
4302,6413,2,08-01-2025,,active,NULL
4323,5727,2,02-01-2025,,active,NULL
4363,6291,2,30-12-2025,,active,NULL
4365,4938,2,12-09-2025,,active,NULL
4366,825,2,12-10-2025,,active,NULL
4368,5958,2,25-12-2025,,active,NULL
4378,3988,2,19-10-2025,,active,NULL
4389,4650,2,27-10-2025,,active,NULL
4400,763,2,24-12-2025,,active,NULL
4411,2892,2,04-06-2025,,active,NULL
4416,430,2,02-01-2026,,active,NULL
4422,7950,2,09-03-2025,,active,NULL
4427,7910,2,28-04-2025,,active,NULL
4434,3163,2,28-06-2025,,active,NULL
4439,6296,2,15-03-2025,,active,NULL
4455,4863,2,12-10-2025,,active,NULL
4459,4582,2,09-12-2025,,active,NULL
4461,6386,2,12-11-2025,,active,NULL
4463,843,2,06-10-2025,,active,NULL
4475,4872,2,25-09-2025,,active,NULL
4485,7190,2,01-09-2025,,active,NULL
4487,7325,2,20-06-2025,,active,NULL
4491,1799,2,28-11-2025,,active,NULL
4498,3934,2,26-06-2025,,active,NULL
4500,2388,2,12-10-2025,,active,NULL
4502,4838,2,29-03-2025,,active,NULL
4507,5910,2,10-07-2025,,active,NULL
4533,965,2,29-04-2025,,active,NULL
4536,7910,2,23-09-2025,,active,NULL
4537,4720,2,19-11-2025,,active,NULL
4548,1592,2,12-01-2025,,active,NULL
4553,4276,2,15-01-2026,,active,NULL
4559,7906,2,09-10-2025,,active,NULL
4560,5875,2,08-01-2025,,active,NULL
4568,706,2,20-07-2025,,active,NULL
4598,364,2,23-08-2025,,active,NULL
4609,5331,2,01-09-2025,,active,NULL
4615,3438,2,14-11-2025,,active,NULL
4622,1565,2,25-05-2025,,active,NULL
4633,5748,2,25-09-2025,,active,NULL
4655,7259,2,07-10-2025,,active,NULL
4660,7710,2,02-05-2025,,active,NULL
4664,226,2,14-07-2025,,active,NULL
4666,6176,2,24-10-2025,,active,NULL
4669,1457,2,31-05-2025,,active,NULL
4671,1535,2,15-03-2025,,active,NULL
4675,5655,2,15-06-2025,,active,NULL
4686,3751,2,20-04-2025,,active,NULL
4719,3383,2,22-11-2025,,active,NULL
4727,273,2,05-06-2025,,active,NULL
4734,2142,2,14-07-2025,,active,NULL
4755,748,2,01-01-2025,,active,NULL
4757,5574,2,15-03-2025,,active,NULL
4772,386,2,30-11-2025,,active,NULL
4782,4133,2,09-06-2025,,active,NULL
4806,6683,2,20-03-2025,,active,NULL
4813,6068,2,16-10-2025,,active,NULL
4859,1863,2,15-10-2025,,active,NULL
4871,7533,2,30-05-2025,,active,NULL
4872,3696,2,30-08-2025,,active,NULL
4875,7619,2,27-06-2025,,active,NULL
4883,8,2,25-06-2025,,active,NULL
4905,1706,2,24-08-2025,,active,NULL
4910,7069,2,06-11-2025,,active,NULL
4920,5308,2,03-05-2025,,active,NULL
4923,5895,2,13-11-2025,,active,NULL
4927,5841,2,04-09-2025,,active,NULL
4929,3670,2,06-12-2025,,active,NULL
4937,6887,2,13-02-2025,,active,NULL
4945,7428,2,24-04-2025,,active,NULL
4958,6005,2,26-10-2025,,active,NULL
4979,37,2,19-09-2025,,active,NULL
4989,1517,2,30-01-2025,,active,NULL
4991,4981,2,11-11-2025,,active,NULL
4992,328,2,03-09-2025,,active,NULL
4994,5275,2,04-10-2025,,active,NULL
5009,3141,2,18-08-2025,,active,NULL
5018,6884,2,24-10-2025,,active,NULL
5019,7613,2,18-04-2025,,active,NULL
5025,3698,2,02-04-2025,,active,NULL
5028,3375,2,30-07-2025,,active,NULL
5043,7061,2,04-02-2025,,active,NULL
5045,6829,2,08-11-2025,,active,NULL
5076,666,2,16-11-2025,,active,NULL
5087,5796,2,07-01-2026,,active,NULL
5088,3875,2,24-05-2025,,active,NULL
5089,2219,2,21-07-2025,,active,NULL
5091,2565,2,23-06-2025,,active,NULL
5107,4912,2,01-01-2025,,active,NULL
5114,1308,2,10-12-2025,,active,NULL
5141,5363,2,04-12-2025,,active,NULL
5156,917,2,20-04-2025,,active,NULL
5159,2131,2,11-01-2026,,active,NULL
5171,634,2,22-04-2025,,active,NULL
5178,1669,2,23-12-2025,,active,NULL
5179,2651,2,30-01-2025,,active,NULL
5182,4257,2,18-09-2025,,active,NULL
5184,7052,2,19-05-2025,,active,NULL
5230,1074,2,15-04-2025,,active,NULL
5231,6412,2,05-12-2025,,active,NULL
5233,6388,2,02-06-2025,,active,NULL
5235,3602,2,29-08-2025,,active,NULL
5252,7893,2,12-06-2025,,active,NULL
5276,4945,2,27-07-2025,,active,NULL
5283,5966,2,16-08-2025,,active,NULL
5292,215,2,22-03-2025,,active,NULL
5309,4178,2,15-07-2025,,active,NULL
5316,2046,2,12-09-2025,,active,NULL
5328,2864,2,25-09-2025,,active,NULL
5331,5576,2,19-11-2025,,active,NULL
5350,4710,2,18-07-2025,,active,NULL
5354,1484,2,01-11-2025,,active,NULL
5356,2053,2,17-10-2025,,active,NULL
5358,1916,2,20-01-2025,,active,NULL
5365,1109,2,16-02-2025,,active,NULL
5387,542,2,30-04-2025,,active,NULL
5388,4775,2,28-04-2025,,active,NULL
5392,892,2,21-07-2025,,active,NULL
5420,6188,2,20-10-2025,,active,NULL
5465,2254,2,05-05-2025,,active,NULL
5468,4320,2,11-01-2026,,active,NULL
5469,6182,2,26-05-2025,,active,NULL
5503,4800,2,06-06-2025,,active,NULL
5514,5532,2,15-01-2026,,active,NULL
5516,4490,2,22-12-2025,,active,NULL
5527,2996,2,10-07-2025,,active,NULL
5531,2791,2,31-01-2025,,active,NULL
5542,5032,2,13-10-2025,,active,NULL
5546,1944,2,06-08-2025,,active,NULL
5547,7623,2,17-05-2025,,active,NULL
5549,6534,2,16-02-2025,,active,NULL
5556,5878,2,14-01-2026,,active,NULL
5558,2752,2,23-07-2025,,active,NULL
5561,3485,2,16-04-2025,,active,NULL
5564,6332,2,21-10-2025,,active,NULL
5568,3078,2,30-03-2025,,active,NULL
5575,5348,2,25-08-2025,,active,NULL
5578,7486,2,16-04-2025,,active,NULL
5584,1397,2,15-09-2025,,active,NULL
5587,4267,2,20-12-2025,,active,NULL
5613,1383,2,26-04-2025,,active,NULL
5616,5775,2,19-01-2025,,active,NULL
5620,414,2,28-10-2025,,active,NULL
5621,3812,2,19-08-2025,,active,NULL
5629,3668,2,01-06-2025,,active,NULL
5634,4425,2,13-07-2025,,active,NULL
5646,394,2,16-10-2025,,active,NULL
5649,1769,2,25-11-2025,,active,NULL
5676,4499,2,18-03-2025,,active,NULL
5684,4734,2,08-09-2025,,active,NULL
5688,5363,2,21-11-2025,,active,NULL
5693,3628,2,04-01-2025,,active,NULL
5708,7453,2,26-06-2025,,active,NULL
5717,5618,2,17-09-2025,,active,NULL
5724,4960,2,05-08-2025,,active,NULL
5726,6527,2,21-04-2025,,active,NULL
5741,3330,2,08-01-2025,,active,NULL
5747,4448,2,23-09-2025,,active,NULL
5754,3889,2,26-05-2025,,active,NULL
5769,6471,2,13-01-2025,,active,NULL
5772,6792,2,28-12-2025,,active,NULL
5774,4158,2,07-06-2025,,active,NULL
5790,3057,2,22-06-2025,,active,NULL
5792,2414,2,03-09-2025,,active,NULL
5796,7527,2,07-04-2025,,active,NULL
5808,1980,2,19-03-2025,,active,NULL
5812,6005,2,08-07-2025,,active,NULL
5833,3149,2,12-09-2025,,active,NULL
5873,6558,2,11-05-2025,,active,NULL
5874,7077,2,18-07-2025,,active,NULL
5885,7064,2,17-09-2025,,active,NULL
5911,2280,2,15-07-2025,,active,NULL
5917,3448,2,31-10-2025,,active,NULL
5924,3659,2,07-03-2025,,active,NULL
5935,4767,2,25-05-2025,,active,NULL
5946,4899,2,30-01-2025,,active,NULL
5960,735,2,04-12-2025,,active,NULL
5966,548,2,02-07-2025,,active,NULL
5971,5952,2,26-07-2025,,active,NULL
5981,1427,2,05-08-2025,,active,NULL
5990,4149,2,12-09-2025,,active,NULL
5995,819,2,15-01-2026,,active,NULL
6010,7388,2,29-01-2025,,active,NULL
6035,5372,2,18-07-2025,,active,NULL
6037,2494,2,23-05-2025,,active,NULL
6042,1101,2,23-04-2025,,active,NULL
6043,3396,2,24-12-2025,,active,NULL
6053,3535,2,07-06-2025,,active,NULL
6058,1914,2,25-05-2025,,active,NULL
6061,6309,2,30-01-2025,,active,NULL
6078,1737,2,09-10-2025,,active,NULL
6082,1034,2,17-04-2025,,active,NULL
6110,3026,2,20-03-2025,,active,NULL
6116,2082,2,18-12-2025,,active,NULL
6118,118,2,03-03-2025,,active,NULL
6119,6168,2,20-03-2025,,active,NULL
6139,5129,2,13-07-2025,,active,NULL
6148,902,2,02-10-2025,,active,NULL
6150,6006,2,23-01-2025,,active,NULL
6151,2304,2,22-07-2025,,active,NULL
6153,4840,2,24-11-2025,,active,NULL
6165,1615,2,01-11-2025,,active,NULL
6177,3387,2,08-10-2025,,active,NULL
6198,3865,2,19-02-2025,,active,NULL
6199,7980,2,10-01-2026,,active,NULL
6220,737,2,29-10-2025,,active,NULL
6225,1423,2,09-02-2025,,active,NULL
6239,4188,2,24-08-2025,,active,NULL
6248,7128,2,14-06-2025,,active,NULL
6249,3147,2,19-03-2025,,active,NULL
6272,3243,2,22-04-2025,,active,NULL
6273,6000,2,21-02-2025,,active,NULL
6284,6363,2,15-12-2025,,active,NULL
6290,4401,2,23-01-2025,,active,NULL
6291,2139,2,23-08-2025,,active,NULL
6293,3153,2,02-10-2025,,active,NULL
6294,697,2,20-03-2025,,active,NULL
6300,1580,2,06-12-2025,,active,NULL
6305,3315,2,14-01-2025,,active,NULL
6323,1497,2,09-12-2025,,active,NULL
6333,574,2,21-12-2025,,active,NULL
6340,3257,2,29-11-2025,,active,NULL
6346,6641,2,23-09-2025,,active,NULL
6353,1927,2,25-05-2025,,active,NULL
6385,6677,2,12-10-2025,,active,NULL
6398,1024,2,02-02-2025,,active,NULL
6402,5577,2,07-02-2025,,active,NULL
6413,5859,2,08-07-2025,,active,NULL
6426,385,2,21-06-2025,,active,NULL
6441,4019,2,26-04-2025,,active,NULL
6449,4729,2,17-08-2025,,active,NULL
6454,3873,2,22-09-2025,,active,NULL
6460,3850,2,21-06-2025,,active,NULL
6472,3743,2,18-12-2025,,active,NULL
6474,4270,2,09-06-2025,,active,NULL
6480,4,2,22-06-2025,,active,NULL
6481,4987,2,24-05-2025,,active,NULL
6491,2048,2,29-08-2025,,active,NULL
6492,7767,2,04-02-2025,,active,NULL
6493,289,2,08-01-2025,,active,NULL
6495,170,2,25-05-2025,,active,NULL
6510,6726,2,07-12-2025,,active,NULL
6519,4466,2,04-02-2025,,active,NULL
6523,5074,2,23-06-2025,,active,NULL
6529,5285,2,10-03-2025,,active,NULL
6546,370,2,31-01-2025,,active,NULL
6565,3968,2,21-08-2025,,active,NULL
6566,3382,2,31-01-2025,,active,NULL
6572,5886,2,24-08-2025,,active,NULL
6586,6607,2,16-12-2025,,active,NULL
6591,3954,2,08-09-2025,,active,NULL
6599,6162,2,30-07-2025,,active,NULL
6608,5611,2,29-12-2025,,active,NULL
6611,1547,2,07-08-2025,,active,NULL
6620,2761,2,20-12-2025,,active,NULL
6636,6169,2,17-10-2025,,active,NULL
6649,166,2,26-09-2025,,active,NULL
6658,6138,2,19-11-2025,,active,NULL
6672,1095,2,20-11-2025,,active,NULL
6676,6467,2,17-12-2025,,active,NULL
6688,2625,2,09-07-2025,,active,NULL
6691,5131,2,15-04-2025,,active,NULL
6723,7137,2,29-09-2025,,active,NULL
6728,2770,2,02-05-2025,,active,NULL
6733,198,2,09-10-2025,,active,NULL
6741,6166,2,26-02-2025,,active,NULL
6743,1720,2,19-10-2025,,active,NULL
6746,1974,2,07-04-2025,,active,NULL
6752,5004,2,28-11-2025,,active,NULL
6761,108,2,01-02-2025,,active,NULL
6773,7191,2,27-07-2025,,active,NULL
6779,3249,2,27-07-2025,,active,NULL
6788,2454,2,12-11-2025,,active,NULL
6790,6563,2,19-02-2025,,active,NULL
6805,7023,2,11-03-2025,,active,NULL
6806,5727,2,22-03-2025,,active,NULL
6820,5837,2,20-10-2025,,active,NULL
6822,3312,2,28-09-2025,,active,NULL
6826,3061,2,11-04-2025,,active,NULL
6832,5970,2,08-10-2025,,active,NULL
6850,6557,2,25-06-2025,,active,NULL
6859,2930,2,03-08-2025,,active,NULL
6861,1784,2,25-03-2025,,active,NULL
6881,917,2,09-07-2025,,active,NULL
6896,6673,2,19-06-2025,,active,NULL
6903,2106,2,29-01-2025,,active,NULL
6908,4578,2,20-03-2025,,active,NULL
6940,4303,2,15-04-2025,,active,NULL
6947,3206,2,08-07-2025,,active,NULL
6962,1596,2,28-05-2025,,active,NULL
6978,5573,2,17-07-2025,,active,NULL
7011,6681,2,27-07-2025,,active,NULL
7023,2379,2,01-06-2025,,active,NULL
7040,7228,2,27-08-2025,,active,NULL
7054,6277,2,27-02-2025,,active,NULL
7064,2724,2,11-09-2025,,active,NULL
7073,4144,2,03-11-2025,,active,NULL
7084,924,2,29-03-2025,,active,NULL
7093,1241,2,19-12-2025,,active,NULL
7103,1523,2,22-05-2025,,active,NULL
7109,6298,2,10-01-2026,,active,NULL
7112,7342,2,12-04-2025,,active,NULL
7130,5416,2,15-12-2025,,active,NULL
7156,7180,2,10-01-2026,,active,NULL
7182,7582,2,15-08-2025,,active,NULL
7198,7993,2,10-06-2025,,active,NULL
7202,4533,2,08-07-2025,,active,NULL
7207,1741,2,02-08-2025,,active,NULL
7209,4329,2,14-07-2025,,active,NULL
7212,5064,2,23-10-2025,,active,NULL
7213,1052,2,04-02-2025,,active,NULL
7226,620,2,20-12-2025,,active,NULL
7232,2905,2,15-06-2025,,active,NULL
7249,4985,2,26-05-2025,,active,NULL
7250,1583,2,10-01-2025,,active,NULL
7254,4095,2,11-08-2025,,active,NULL
7263,2612,2,27-02-2025,,active,NULL
7266,1083,2,26-07-2025,,active,NULL
7275,3420,2,04-12-2025,,active,NULL
7281,639,2,27-04-2025,,active,NULL
7291,6288,2,04-01-2025,,active,NULL
7297,747,2,11-05-2025,,active,NULL
7303,6079,2,25-05-2025,,active,NULL
7311,2341,2,16-09-2025,,active,NULL
7321,6451,2,24-03-2025,,active,NULL
7327,4323,2,20-05-2025,,active,NULL
7342,7063,2,20-05-2025,,active,NULL
7346,5308,2,09-01-2025,,active,NULL
7347,2734,2,04-07-2025,,active,NULL
7363,6503,2,20-09-2025,,active,NULL
7371,2500,2,22-04-2025,,active,NULL
7380,2914,2,26-09-2025,,active,NULL
7385,1587,2,28-08-2025,,active,NULL
7389,529,2,02-10-2025,,active,NULL
7398,5447,2,26-07-2025,,active,NULL
7406,5190,2,30-11-2025,,active,NULL
7411,5585,2,20-07-2025,,active,NULL
7446,6006,2,25-01-2025,,active,NULL
7449,5223,2,02-11-2025,,active,NULL
7455,3376,2,13-03-2025,,active,NULL
7467,2734,2,01-07-2025,,active,NULL
7468,7505,2,20-12-2025,,active,NULL
7481,7788,2,30-01-2025,,active,NULL
7495,1681,2,12-03-2025,,active,NULL
7500,3948,2,04-04-2025,,active,NULL
7506,3353,2,13-11-2025,,active,NULL
7509,228,2,28-07-2025,,active,NULL
7510,5883,2,04-07-2025,,active,NULL
7512,2636,2,25-07-2025,,active,NULL
7515,6775,2,07-12-2025,,active,NULL
7519,7527,2,29-04-2025,,active,NULL
7520,7739,2,12-10-2025,,active,NULL
7534,3556,2,26-08-2025,,active,NULL
7536,706,2,09-10-2025,,active,NULL
7538,2501,2,24-08-2025,,active,NULL
7541,1890,2,30-03-2025,,active,NULL
7542,3445,2,02-08-2025,,active,NULL
7544,2597,2,19-09-2025,,active,NULL
7548,6414,2,22-08-2025,,active,NULL
7553,5792,2,06-02-2025,,active,NULL
7568,1471,2,22-05-2025,,active,NULL
7570,3265,2,02-01-2026,,active,NULL
7588,3841,2,06-12-2025,,active,NULL
7591,4581,2,10-12-2025,,active,NULL
7596,2704,2,06-12-2025,,active,NULL
7599,1766,2,25-12-2025,,active,NULL
7602,2834,2,10-03-2025,,active,NULL
7606,7408,2,03-08-2025,,active,NULL
7618,225,2,06-07-2025,,active,NULL
7628,6679,2,22-02-2025,,active,NULL
7637,466,2,24-09-2025,,active,NULL
7661,5940,2,18-01-2025,,active,NULL
7665,5710,2,24-01-2025,,active,NULL
7674,4682,2,13-05-2025,,active,NULL
7679,2974,2,23-01-2025,,active,NULL
7682,930,2,15-02-2025,,active,NULL
7686,7544,2,15-03-2025,,active,NULL
7689,4229,2,19-10-2025,,active,NULL
7693,5819,2,18-04-2025,,active,NULL
7706,2436,2,23-04-2025,,active,NULL
7728,5408,2,17-12-2025,,active,NULL
7736,6264,2,16-01-2026,,active,NULL
7738,386,2,28-10-2025,,active,NULL
7739,4110,2,28-12-2025,,active,NULL
7741,3389,2,07-10-2025,,active,NULL
7757,2926,2,10-11-2025,,active,NULL
7766,7290,2,28-09-2025,,active,NULL
7768,1021,2,09-11-2025,,active,NULL
7785,5016,2,21-01-2025,,active,NULL
7802,5021,2,12-12-2025,,active,NULL
7805,3928,2,06-02-2025,,active,NULL
7814,5656,2,24-04-2025,,active,NULL
7816,5744,2,19-11-2025,,active,NULL
7821,6250,2,23-06-2025,,active,NULL
7823,7033,2,22-01-2025,,active,NULL
7835,6071,2,13-01-2026,,active,NULL
7851,5369,2,05-04-2025,,active,NULL
7870,1254,2,02-01-2025,,active,NULL
7899,4094,2,18-04-2025,,active,NULL
7903,1864,2,10-01-2025,,active,NULL
7909,5575,2,21-12-2025,,active,NULL
7910,943,2,14-04-2025,,active,NULL
7912,6496,2,05-08-2025,,active,NULL
7917,7987,2,29-08-2025,,active,NULL
7926,3505,2,22-08-2025,,active,NULL
7942,3843,2,07-02-2025,,active,NULL
7955,7470,2,12-08-2025,,active,NULL
7956,5690,2,22-09-2025,,active,NULL
7957,1720,2,27-10-2025,,active,NULL
7970,6457,2,25-04-2025,,active,NULL
7971,290,2,06-11-2025,,active,NULL
7973,3871,2,27-04-2025,,active,NULL
8006,1972,2,14-06-2025,,active,NULL
8019,7925,2,04-04-2025,,active,NULL
8034,5696,2,10-02-2025,,active,NULL
8038,2457,2,21-08-2025,,active,NULL
8049,4426,2,26-02-2025,,active,NULL
8073,2803,2,20-10-2025,,active,NULL
8077,555,2,04-02-2025,,active,NULL
8086,656,2,28-02-2025,,active,NULL
8096,3017,2,24-06-2025,,active,NULL
8108,7839,2,05-12-2025,,active,NULL
8110,5044,2,18-11-2025,,active,NULL
8122,5379,2,08-08-2025,,active,NULL
8128,6079,2,06-02-2025,,active,NULL
8132,23,2,16-07-2025,,active,NULL
8147,4558,2,04-03-2025,,active,NULL
8166,4836,2,06-10-2025,,active,NULL
8168,6914,2,30-07-2025,,active,NULL
8188,1438,2,23-08-2025,,active,NULL
8234,1693,2,27-12-2025,,active,NULL
8236,1974,2,03-10-2025,,active,NULL
8242,2943,2,04-08-2025,,active,NULL
8244,2406,2,20-01-2025,,active,NULL
8256,3070,2,20-08-2025,,active,NULL
8264,4289,2,18-03-2025,,active,NULL
8285,7446,2,10-09-2025,,active,NULL
8287,6073,2,05-04-2025,,active,NULL
8289,4474,2,10-12-2025,,active,NULL
8300,2841,2,30-11-2025,,active,NULL
8311,217,2,12-06-2025,,active,NULL
8318,2662,2,13-04-2025,,active,NULL
8324,7322,2,09-12-2025,,active,NULL
8325,5954,2,18-03-2025,,active,NULL
8332,2654,2,20-04-2025,,active,NULL
8341,941,2,08-03-2025,,active,NULL
8358,565,2,27-07-2025,,active,NULL
8363,1769,2,30-10-2025,,active,NULL
8370,7028,2,08-06-2025,,active,NULL
8375,4377,2,03-08-2025,,active,NULL
8386,5820,2,16-06-2025,,active,NULL
8389,6276,2,17-08-2025,,active,NULL
8414,5231,2,26-08-2025,,active,NULL
8423,5093,2,04-06-2025,,active,NULL
8428,2942,2,14-06-2025,,active,NULL
8438,6694,2,24-03-2025,,active,NULL
8443,187,2,15-12-2025,,active,NULL
8445,6286,2,18-01-2026,,active,NULL
8455,5352,2,19-06-2025,,active,NULL
8456,1681,2,10-11-2025,,active,NULL
8459,6126,2,02-02-2025,,active,NULL
8471,1873,2,20-09-2025,,active,NULL
8472,5653,2,29-08-2025,,active,NULL
8474,4373,2,01-11-2025,,active,NULL
8478,3607,2,21-02-2025,,active,NULL
8485,7654,2,16-01-2025,,active,NULL
8501,4172,2,14-11-2025,,active,NULL
8538,1608,2,07-03-2025,,active,NULL
8539,3099,2,27-12-2025,,active,NULL
8546,762,2,20-11-2025,,active,NULL
8549,5191,2,27-01-2025,,active,NULL
8550,2231,2,22-02-2025,,active,NULL
8555,2202,2,14-02-2025,,active,NULL
8601,153,2,10-12-2025,,active,NULL
8611,3843,2,21-03-2025,,active,NULL
8654,5396,2,26-12-2025,,active,NULL
8683,238,2,15-04-2025,,active,NULL
8690,3230,2,03-01-2025,,active,NULL
8707,2228,2,30-03-2025,,active,NULL
8709,4738,2,25-08-2025,,active,NULL
8716,2991,2,13-07-2025,,active,NULL
8726,1130,2,07-01-2025,,active,NULL
8734,2500,2,14-01-2025,,active,NULL
8739,7767,2,02-06-2025,,active,NULL
8745,5992,2,20-09-2025,,active,NULL
8790,1637,2,03-05-2025,,active,NULL
8808,6838,2,29-05-2025,,active,NULL
8817,5163,2,17-01-2026,,active,NULL
8821,1119,2,04-10-2025,,active,NULL
8833,3346,2,02-01-2026,,active,NULL
8834,408,2,14-03-2025,,active,NULL
8856,4417,2,19-09-2025,,active,NULL
8865,5929,2,10-08-2025,,active,NULL
8866,1329,2,17-09-2025,,active,NULL
8867,2643,2,25-12-2025,,active,NULL
8876,3205,2,03-11-2025,,active,NULL
8912,1753,2,28-08-2025,,active,NULL
8919,1842,2,02-01-2025,,active,NULL
8931,862,2,07-10-2025,,active,NULL
8933,6891,2,08-05-2025,,active,NULL
8946,7422,2,15-01-2025,,active,NULL
8950,6786,2,14-01-2025,,active,NULL
8954,886,2,23-12-2025,,active,NULL
8964,1778,2,06-05-2025,,active,NULL
8966,3063,2,04-05-2025,,active,NULL
8970,5336,2,21-01-2025,,active,NULL
8979,6402,2,15-06-2025,,active,NULL
8984,3672,2,02-10-2025,,active,NULL
8985,2210,2,06-12-2025,,active,NULL
8986,3070,2,26-04-2025,,active,NULL
8997,7934,2,29-10-2025,,active,NULL
9012,6381,2,20-02-2025,,active,NULL
9015,1131,2,20-04-2025,,active,NULL
9024,3539,2,09-01-2026,,active,NULL
9028,3388,2,25-07-2025,,active,NULL
9052,3189,2,19-12-2025,,active,NULL
9058,7422,2,16-12-2025,,active,NULL
9066,1577,2,06-01-2026,,active,NULL
9086,4471,2,19-06-2025,,active,NULL
9087,1896,2,09-09-2025,,active,NULL
9089,4153,2,07-01-2025,,active,NULL
9102,72,2,03-10-2025,,active,NULL
9117,74,2,16-10-2025,,active,NULL
9118,4586,2,16-08-2025,,active,NULL
9119,3527,2,07-02-2025,,active,NULL
9121,2060,2,18-02-2025,,active,NULL
9133,4889,2,16-09-2025,,active,NULL
9135,4164,2,11-06-2025,,active,NULL
9136,1525,2,04-08-2025,,active,NULL
9168,4495,2,09-01-2025,,active,NULL
9175,4448,2,19-01-2025,,active,NULL
9188,7134,2,22-06-2025,,active,NULL
9189,1439,2,16-08-2025,,active,NULL
9204,4069,2,28-12-2025,,active,NULL
9205,3176,2,30-01-2025,,active,NULL
9207,6680,2,24-06-2025,,active,NULL
9212,4327,2,09-09-2025,,active,NULL
9245,7280,2,07-01-2025,,active,NULL
9264,610,2,12-08-2025,,active,NULL
9266,2034,2,18-05-2025,,active,NULL
9284,2865,2,26-08-2025,,active,NULL
9291,2841,2,02-04-2025,,active,NULL
9305,3798,2,29-10-2025,,active,NULL
9317,6933,2,11-08-2025,,active,NULL
9322,6669,2,16-02-2025,,active,NULL
9344,2491,2,11-09-2025,,active,NULL
9352,3965,2,16-12-2025,,active,NULL
9356,5820,2,27-02-2025,,active,NULL
9379,3802,2,03-03-2025,,active,NULL
9382,2532,2,10-07-2025,,active,NULL
9395,3048,2,15-01-2026,,active,NULL
9397,3036,2,02-03-2025,,active,NULL
9429,4482,2,07-06-2025,,active,NULL
9443,3857,2,03-11-2025,,active,NULL
9483,2781,2,11-02-2025,,active,NULL
9486,2447,2,04-01-2026,,active,NULL
9491,628,2,03-12-2025,,active,NULL
9494,6042,2,06-03-2025,,active,NULL
9510,6659,2,27-01-2025,,active,NULL
9515,6725,2,08-10-2025,,active,NULL
9520,3208,2,07-10-2025,,active,NULL
9529,3886,2,12-04-2025,,active,NULL
9535,6098,2,27-03-2025,,active,NULL
9555,2262,2,16-11-2025,,active,NULL
9572,3033,2,06-01-2026,,active,NULL
9581,3306,2,28-09-2025,,active,NULL
9582,5853,2,24-09-2025,,active,NULL
9599,4077,2,13-02-2025,,active,NULL
9601,2584,2,30-03-2025,,active,NULL
9605,7704,2,15-09-2025,,active,NULL
9615,7738,2,26-04-2025,,active,NULL
9618,4012,2,23-01-2025,,active,NULL
9620,892,2,14-03-2025,,active,NULL
9629,2329,2,09-11-2025,,active,NULL
9630,844,2,12-02-2025,,active,NULL
9670,2043,2,29-05-2025,,active,NULL
9681,6233,2,13-12-2025,,active,NULL
9691,6853,2,27-11-2025,,active,NULL
9695,5929,2,26-05-2025,,active,NULL
9697,3364,2,11-03-2025,,active,NULL
9706,5308,2,29-12-2025,,active,NULL
9708,5068,2,12-04-2025,,active,NULL
9710,886,2,21-03-2025,,active,NULL
9724,4696,2,09-11-2025,,active,NULL
9727,6111,2,09-09-2025,,active,NULL
9745,7165,2,26-06-2025,,active,NULL
9746,1543,2,17-07-2025,,active,NULL
9749,5339,2,18-01-2026,,active,NULL
9755,4659,2,18-10-2025,,active,NULL
9761,5187,2,10-02-2025,,active,NULL
9768,525,2,11-01-2026,,active,NULL
9777,731,2,03-05-2025,,active,NULL
9790,5090,2,30-03-2025,,active,NULL
9792,7228,2,14-11-2025,,active,NULL
9802,1882,2,28-02-2025,,active,NULL
9828,1734,2,17-11-2025,,active,NULL
9835,3794,2,14-11-2025,,active,NULL
9879,7922,2,17-01-2025,,active,NULL
9886,2540,2,10-12-2025,,active,NULL
9891,2594,2,10-10-2025,,active,NULL
9907,4073,2,16-09-2025,,active,NULL
9914,6192,2,22-10-2025,,active,NULL
9999,1868,2,28-07-2025,,active,NULL
10016,229,2,09-12-2025,,active,NULL
10038,4488,2,13-03-2025,,active,NULL
10049,3743,2,27-09-2025,,active,NULL
10050,7842,2,03-02-2025,,active,NULL
10051,1739,2,27-02-2025,,active,NULL
10059,7893,2,06-05-2025,,active,NULL
10061,6433,2,26-03-2025,,active,NULL
10093,6083,2,01-10-2025,,active,NULL
10097,3591,2,07-01-2026,,active,NULL
10099,4854,2,09-10-2025,,active,NULL
10128,7178,2,19-09-2025,,active,NULL
10134,111,2,07-02-2025,,active,NULL
10141,4463,2,28-02-2025,,active,NULL
10142,5645,2,10-04-2025,,active,NULL
10161,213,2,30-11-2025,,active,NULL
10163,5688,2,28-01-2025,,active,NULL
10177,6701,2,02-01-2026,,active,NULL
10184,2424,2,25-07-2025,,active,NULL
10187,4810,2,30-07-2025,,active,NULL
10194,5349,2,08-01-2026,,active,NULL
10213,1829,2,21-02-2025,,active,NULL
10215,1885,2,07-02-2025,,active,NULL
10237,5025,2,23-04-2025,,active,NULL
10246,7930,2,07-09-2025,,active,NULL
10255,3294,2,30-06-2025,,active,NULL
10264,3285,2,06-11-2025,,active,NULL
10273,4443,2,04-11-2025,,active,NULL
10278,1345,2,15-09-2025,,active,NULL
10288,429,2,23-05-2025,,active,NULL
10300,7669,2,18-03-2025,,active,NULL
10302,4376,2,28-02-2025,,active,NULL
10316,4142,2,04-04-2025,,active,NULL
10317,574,2,19-08-2025,,active,NULL
10333,1361,2,10-01-2026,,active,NULL
10336,6543,2,14-01-2025,,active,NULL
10359,3733,2,17-08-2025,,active,NULL
10374,3902,2,04-06-2025,,active,NULL
10382,3152,2,12-07-2025,,active,NULL
10394,427,2,17-03-2025,,active,NULL
10401,640,2,17-04-2025,,active,NULL
10413,6785,2,03-04-2025,,active,NULL
10416,7659,2,11-08-2025,,active,NULL
10423,3789,2,19-07-2025,,active,NULL
10429,1523,2,30-01-2025,,active,NULL
10431,536,2,27-12-2025,,active,NULL
10433,3080,2,14-08-2025,,active,NULL
10438,6971,2,12-03-2025,,active,NULL
10441,4994,2,18-10-2025,,active,NULL
10459,2020,2,27-02-2025,,active,NULL
10475,7888,2,07-06-2025,,active,NULL
10485,6985,2,05-01-2026,,active,NULL
10487,5118,2,17-06-2025,,active,NULL
10491,3843,2,22-01-2025,,active,NULL
10493,5917,2,12-09-2025,,active,NULL
10495,7,2,31-05-2025,,active,NULL
10502,5672,2,13-04-2025,,active,NULL
10517,399,2,10-01-2025,,active,NULL
10545,5547,2,13-04-2025,,active,NULL
10576,5693,2,16-07-2025,,active,NULL
10597,2362,2,11-05-2025,,active,NULL
10599,3221,2,09-01-2025,,active,NULL
10622,6298,2,17-04-2025,,active,NULL
10625,292,2,19-05-2025,,active,NULL
10626,1434,2,19-07-2025,,active,NULL
10649,4599,2,09-06-2025,,active,NULL
10654,1449,2,10-01-2026,,active,NULL
10665,7063,2,09-07-2025,,active,NULL
10668,7716,2,30-07-2025,,active,NULL
10672,1910,2,25-01-2025,,active,NULL
10673,981,2,15-12-2025,,active,NULL
10678,1760,2,27-04-2025,,active,NULL
10679,3486,2,28-08-2025,,active,NULL
10682,3677,2,27-12-2025,,active,NULL
10693,1008,2,13-10-2025,,active,NULL
10701,2119,2,15-01-2026,,active,NULL
10705,2492,2,11-09-2025,,active,NULL
10730,7867,2,29-01-2025,,active,NULL
10735,4404,2,08-02-2025,,active,NULL
10751,2083,2,13-06-2025,,active,NULL
10768,5182,2,08-08-2025,,active,NULL
10769,3127,2,22-03-2025,,active,NULL
10774,820,2,27-08-2025,,active,NULL
10775,3296,2,01-07-2025,,active,NULL
10776,2586,2,02-02-2025,,active,NULL
10783,3008,2,28-04-2025,,active,NULL
10789,5225,2,02-05-2025,,active,NULL
10791,7677,2,28-12-2025,,active,NULL
10792,4984,2,21-07-2025,,active,NULL
10797,35,2,03-01-2026,,active,NULL
10801,7577,2,07-05-2025,,active,NULL
10803,1545,2,25-09-2025,,active,NULL
10804,6349,2,07-05-2025,,active,NULL
10809,5613,2,21-01-2025,,active,NULL
10817,7552,2,25-05-2025,,active,NULL
10847,6504,2,01-10-2025,,active,NULL
10854,4815,2,18-11-2025,,active,NULL
10869,7454,2,05-09-2025,,active,NULL
10881,7404,2,24-10-2025,,active,NULL
10899,2736,2,02-08-2025,,active,NULL
10935,580,2,01-01-2026,,active,NULL
10937,5689,2,13-05-2025,,active,NULL
10953,7135,2,07-11-2025,,active,NULL
10961,6794,2,01-04-2025,,active,NULL
10963,4858,2,05-05-2025,,active,NULL
10965,2078,2,05-08-2025,,active,NULL
10971,3473,2,14-03-2025,,active,NULL
10973,5473,2,27-04-2025,,active,NULL
10985,7381,2,03-11-2025,,active,NULL
10996,5435,2,14-01-2026,,active,NULL
11010,7959,2,10-08-2025,,active,NULL
11020,7817,2,24-02-2025,,active,NULL
11042,6979,2,14-02-2025,,active,NULL
11049,5133,2,19-12-2025,,active,NULL
11074,5943,2,27-01-2025,,active,NULL
11086,4062,2,18-11-2025,,active,NULL
11090,1716,2,10-09-2025,,active,NULL
11100,7155,2,27-12-2025,,active,NULL
11102,790,2,17-02-2025,,active,NULL
11104,991,2,22-02-2025,,active,NULL
11106,3457,2,16-11-2025,,active,NULL
11114,6535,2,20-01-2025,,active,NULL
11121,3161,2,16-01-2025,,active,NULL
11127,2091,2,17-10-2025,,active,NULL
11128,1491,2,21-05-2025,,active,NULL
11138,4225,2,01-10-2025,,active,NULL
11151,1324,2,23-01-2025,,active,NULL
11177,2540,2,06-07-2025,,active,NULL
11179,5280,2,31-10-2025,,active,NULL
11184,1691,2,18-07-2025,,active,NULL
11193,6119,2,27-07-2025,,active,NULL
11194,5319,2,18-06-2025,,active,NULL
11195,1236,2,22-11-2025,,active,NULL
11202,6500,2,08-10-2025,,active,NULL
11221,4252,2,09-11-2025,,active,NULL
11224,5319,2,20-01-2025,,active,NULL
11245,1726,2,01-08-2025,,active,NULL
11258,6636,2,17-08-2025,,active,NULL
11259,4060,2,02-02-2025,,active,NULL
11261,7731,2,27-04-2025,,active,NULL
11262,3236,2,19-03-2025,,active,NULL
11264,6016,2,04-05-2025,,active,NULL
11265,6978,2,13-12-2025,,active,NULL
11268,798,2,09-01-2026,,active,NULL
11274,5267,2,19-01-2025,,active,NULL
11287,888,2,20-02-2025,,active,NULL
11303,5824,2,08-12-2025,,active,NULL
11322,329,2,08-11-2025,,active,NULL
11328,6408,2,03-09-2025,,active,NULL
11332,5180,2,13-05-2025,,active,NULL
11342,3486,2,12-09-2025,,active,NULL
11365,4999,2,11-03-2025,,active,NULL
11376,2200,2,14-08-2025,,active,NULL
11387,728,2,24-11-2025,,active,NULL
11395,5908,2,04-01-2025,,active,NULL
11396,3945,2,18-05-2025,,active,NULL
11406,3528,2,14-01-2025,,active,NULL
11412,6303,2,07-03-2025,,active,NULL
11433,3218,2,25-05-2025,,active,NULL
11446,365,2,18-09-2025,,active,NULL
11447,2312,2,24-12-2025,,active,NULL
11481,5987,2,31-08-2025,,active,NULL
11484,6338,2,21-04-2025,,active,NULL
11495,2870,2,19-07-2025,,active,NULL
11497,2724,2,18-12-2025,,active,NULL
11498,7399,2,26-06-2025,,active,NULL
11499,1005,2,18-09-2025,,active,NULL
11515,7783,2,29-08-2025,,active,NULL
11519,764,2,22-10-2025,,active,NULL
11522,7833,2,18-11-2025,,active,NULL
11527,55,2,19-01-2025,,active,NULL
11543,4169,2,11-01-2026,,active,NULL
11550,7980,2,29-11-2025,,active,NULL
11555,3296,2,15-08-2025,,active,NULL
11556,3288,2,04-01-2026,,active,NULL
11566,1674,2,03-07-2025,,active,NULL
11569,7768,2,03-03-2025,,active,NULL
11574,6776,2,27-01-2025,,active,NULL
11591,4897,2,18-01-2025,,active,NULL
11592,986,2,15-01-2025,,active,NULL
11593,3554,2,23-06-2025,,active,NULL
11594,677,2,02-02-2025,,active,NULL
11598,6744,2,29-01-2025,,active,NULL
11599,3050,2,08-01-2025,,active,NULL
11603,6978,2,15-03-2025,,active,NULL
11619,1062,2,13-11-2025,,active,NULL
11634,616,2,12-07-2025,,active,NULL
11644,2943,2,13-10-2025,,active,NULL
11646,3133,2,30-03-2025,,active,NULL
11651,4349,2,11-01-2025,,active,NULL
11658,5947,2,10-08-2025,,active,NULL
11662,3054,2,23-05-2025,,active,NULL
11671,2428,2,16-10-2025,,active,NULL
11686,1252,2,22-01-2025,,active,NULL
11697,3904,2,10-11-2025,,active,NULL
11702,1434,2,17-04-2025,,active,NULL
11722,866,2,17-11-2025,,active,NULL
11724,3749,2,03-07-2025,,active,NULL
11725,153,2,28-07-2025,,active,NULL
11755,3330,2,29-06-2025,,active,NULL
11759,5646,2,26-07-2025,,active,NULL
11761,6404,2,14-11-2025,,active,NULL
11769,1719,2,06-08-2025,,active,NULL
11776,2613,2,16-10-2025,,active,NULL
11785,7601,2,26-04-2025,,active,NULL
11787,5764,2,19-06-2025,,active,NULL
11797,4314,2,16-07-2025,,active,NULL
11804,6310,2,10-04-2025,,active,NULL
11811,7205,2,28-12-2025,,active,NULL
11837,7293,2,20-12-2025,,active,NULL
11839,7759,2,22-07-2025,,active,NULL
11841,104,2,07-03-2025,,active,NULL
11846,2082,2,21-12-2025,,active,NULL
11851,5380,2,16-01-2025,,active,NULL
11885,3973,2,19-06-2025,,active,NULL
11897,7112,2,25-07-2025,,active,NULL
11901,7196,2,16-06-2025,,active,NULL
11903,6069,2,17-09-2025,,active,NULL
11907,1514,2,25-04-2025,,active,NULL
11910,4861,2,05-04-2025,,active,NULL
11911,3928,2,30-06-2025,,active,NULL
11917,3482,2,12-01-2026,,active,NULL
11930,6763,2,25-01-2025,,active,NULL
11940,1413,2,25-09-2025,,active,NULL
11944,96,2,03-08-2025,,active,NULL
11949,4678,2,07-07-2025,,active,NULL
11958,2809,2,14-11-2025,,active,NULL
11967,418,2,24-04-2025,,active,NULL
11971,7701,2,04-06-2025,,active,NULL
11972,5194,2,07-02-2025,,active,NULL
11978,531,2,24-04-2025,,active,NULL
11985,5425,2,26-12-2025,,active,NULL
11990,3260,2,18-11-2025,,active,NULL
11993,7890,2,02-06-2025,,active,NULL
9,2098,3,14-10-2025,,active,NULL
15,2804,3,30-05-2025,,active,NULL
23,5377,3,13-08-2025,,active,NULL
35,6120,3,30-07-2025,,active,NULL
43,4973,3,19-01-2025,,active,NULL
48,83,3,03-05-2025,,active,NULL
71,4245,3,15-01-2026,,active,NULL
73,2826,3,23-08-2025,,active,NULL
83,7269,3,10-04-2025,,active,NULL
87,2024,3,25-08-2025,,active,NULL
100,6516,3,18-08-2025,,active,NULL
106,2263,3,28-01-2025,,active,NULL
112,5566,3,13-05-2025,,active,NULL
116,1055,3,18-11-2025,,active,NULL
117,7002,3,20-01-2025,,active,NULL
123,4212,3,05-02-2025,,active,NULL
126,5421,3,08-03-2025,,active,NULL
128,2920,3,30-01-2025,,active,NULL
134,3909,3,17-10-2025,,active,NULL
135,4613,3,20-07-2025,,active,NULL
141,3724,3,12-01-2025,,active,NULL
177,4519,3,16-09-2025,,active,NULL
196,4938,3,08-02-2025,,active,NULL
198,6389,3,28-04-2025,,active,NULL
215,7069,3,10-06-2025,,active,NULL
218,5958,3,12-04-2025,,active,NULL
226,5934,3,03-01-2025,,active,NULL
238,5704,3,19-01-2025,,active,NULL
267,7790,3,23-06-2025,,active,NULL
286,4439,3,25-11-2025,,active,NULL
323,2760,3,24-12-2025,,active,NULL
334,1371,3,30-03-2025,,active,NULL
340,6388,3,30-12-2025,,active,NULL
360,3136,3,01-12-2025,,active,NULL
383,4719,3,23-08-2025,,active,NULL
388,4779,3,02-11-2025,,active,NULL
392,4806,3,09-04-2025,,active,NULL
409,5997,3,04-01-2025,,active,NULL
413,310,3,28-08-2025,,active,NULL
430,4411,3,31-08-2025,,active,NULL
443,5760,3,09-01-2025,,active,NULL
456,2268,3,16-02-2025,,active,NULL
481,1494,3,01-04-2025,,active,NULL
491,5400,3,02-10-2025,,active,NULL
505,1568,3,21-02-2025,,active,NULL
506,3335,3,24-02-2025,,active,NULL
516,1438,3,27-01-2025,,active,NULL
517,6800,3,09-06-2025,,active,NULL
550,1971,3,11-12-2025,,active,NULL
553,4222,3,11-02-2025,,active,NULL
554,7130,3,12-04-2025,,active,NULL
568,6192,3,09-05-2025,,active,NULL
578,5353,3,09-11-2025,,active,NULL
597,6500,3,30-08-2025,,active,NULL
623,2864,3,23-08-2025,,active,NULL
628,4090,3,06-07-2025,,active,NULL
656,7595,3,28-12-2025,,active,NULL
666,7033,3,12-06-2025,,active,NULL
681,1169,3,16-08-2025,,active,NULL
689,7540,3,27-11-2025,,active,NULL
704,2990,3,02-08-2025,,active,NULL
708,1185,3,18-01-2026,,active,NULL
723,52,3,11-02-2025,,active,NULL
724,5040,3,26-02-2025,,active,NULL
729,7195,3,03-08-2025,,active,NULL
739,6173,3,15-12-2025,,active,NULL
747,6797,3,18-09-2025,,active,NULL
750,2346,3,02-06-2025,,active,NULL
761,4856,3,21-02-2025,,active,NULL
762,7803,3,04-09-2025,,active,NULL
766,6244,3,17-04-2025,,active,NULL
769,2346,3,02-04-2025,,active,NULL
772,956,3,25-07-2025,,active,NULL
787,2321,3,23-08-2025,,active,NULL
790,4385,3,25-01-2025,,active,NULL
811,4988,3,05-05-2025,,active,NULL
822,7197,3,15-02-2025,,active,NULL
828,2531,3,18-01-2025,,active,NULL
836,7089,3,01-06-2025,,active,NULL
838,461,3,20-03-2025,,active,NULL
840,7564,3,07-10-2025,,active,NULL
855,2020,3,16-10-2025,,active,NULL
860,2422,3,12-09-2025,,active,NULL
863,559,3,05-03-2025,,active,NULL
871,6061,3,12-12-2025,,active,NULL
874,5329,3,18-02-2025,,active,NULL
899,4861,3,10-08-2025,,active,NULL
903,5243,3,31-10-2025,,active,NULL
913,4630,3,19-08-2025,,active,NULL
922,447,3,07-09-2025,,active,NULL
940,5005,3,09-03-2025,,active,NULL
953,6943,3,26-05-2025,,active,NULL
958,5049,3,30-11-2025,,active,NULL
978,1880,3,06-09-2025,,active,NULL
981,7789,3,13-04-2025,,active,NULL
1000,603,3,06-07-2025,,active,NULL
1012,1302,3,16-08-2025,,active,NULL
1025,4194,3,13-05-2025,,active,NULL
1032,2231,3,13-03-2025,,active,NULL
1037,3987,3,18-08-2025,,active,NULL
1038,3898,3,14-09-2025,,active,NULL
1064,3791,3,04-03-2025,,active,NULL
1070,3808,3,22-11-2025,,active,NULL
1079,4812,3,25-06-2025,,active,NULL
1083,2978,3,05-11-2025,,active,NULL
1125,1721,3,13-01-2025,,active,NULL
1127,2097,3,08-01-2026,,active,NULL
1136,6732,3,05-01-2025,,active,NULL
1154,2517,3,14-03-2025,,active,NULL
1158,5378,3,03-09-2025,,active,NULL
1159,625,3,15-09-2025,,active,NULL
1169,6439,3,02-04-2025,,active,NULL
1178,7452,3,08-11-2025,,active,NULL
1182,3552,3,10-02-2025,,active,NULL
1217,756,3,24-03-2025,,active,NULL
1227,534,3,18-09-2025,,active,NULL
1231,864,3,04-01-2026,,active,NULL
1241,1209,3,27-10-2025,,active,NULL
1245,4328,3,21-11-2025,,active,NULL
1246,1098,3,08-07-2025,,active,NULL
1252,1957,3,04-10-2025,,active,NULL
1273,3836,3,12-06-2025,,active,NULL
1283,6138,3,07-04-2025,,active,NULL
1284,7621,3,06-04-2025,,active,NULL
1288,1772,3,16-05-2025,,active,NULL
1289,4116,3,22-06-2025,,active,NULL
1314,4120,3,15-07-2025,,active,NULL
1342,197,3,18-01-2026,,active,NULL
1345,6927,3,25-02-2025,,active,NULL
1348,2744,3,27-12-2025,,active,NULL
1366,687,3,02-11-2025,,active,NULL
1375,6529,3,10-06-2025,,active,NULL
1383,1604,3,19-06-2025,,active,NULL
1390,6911,3,11-11-2025,,active,NULL
1396,6231,3,03-10-2025,,active,NULL
1404,154,3,10-02-2025,,active,NULL
1412,7457,3,11-08-2025,,active,NULL
1421,4033,3,23-10-2025,,active,NULL
1438,651,3,08-11-2025,,active,NULL
1441,1092,3,18-07-2025,,active,NULL
1447,7679,3,05-03-2025,,active,NULL
1449,7662,3,13-03-2025,,active,NULL
1459,55,3,29-06-2025,,active,NULL
1460,1094,3,20-09-2025,,active,NULL
1479,5778,3,25-01-2025,,active,NULL
1501,1916,3,30-04-2025,,active,NULL
1506,2181,3,18-01-2026,,active,NULL
1517,7101,3,22-05-2025,,active,NULL
1538,5741,3,20-10-2025,,active,NULL
1557,6828,3,08-12-2025,,active,NULL
1574,6811,3,05-01-2026,,active,NULL
1576,7286,3,10-05-2025,,active,NULL
1604,1152,3,28-12-2025,,active,NULL
1622,1876,3,09-01-2026,,active,NULL
1623,3735,3,09-12-2025,,active,NULL
1630,7282,3,27-05-2025,,active,NULL
1636,2964,3,03-05-2025,,active,NULL
1640,4947,3,09-07-2025,,active,NULL
1648,1873,3,14-12-2025,,active,NULL
1649,135,3,06-01-2026,,active,NULL
1655,6139,3,21-09-2025,,active,NULL
1679,406,3,28-04-2025,,active,NULL
1682,283,3,22-04-2025,,active,NULL
1706,511,3,02-03-2025,,active,NULL
1713,1672,3,25-02-2025,,active,NULL
1714,7994,3,14-02-2025,,active,NULL
1734,4037,3,13-09-2025,,active,NULL
1743,2971,3,03-03-2025,,active,NULL
1751,4647,3,15-10-2025,,active,NULL
1758,7397,3,20-01-2025,,active,NULL
1764,2218,3,10-04-2025,,active,NULL
1767,389,3,29-12-2025,,active,NULL
1772,3420,3,11-02-2025,,active,NULL
1778,6342,3,24-01-2025,,active,NULL
1781,2205,3,07-01-2025,,active,NULL
1792,6261,3,29-10-2025,,active,NULL
1796,2766,3,06-08-2025,,active,NULL
1799,6445,3,06-01-2025,,active,NULL
1800,2375,3,18-12-2025,,active,NULL
1818,7264,3,21-12-2025,,active,NULL
1835,292,3,25-10-2025,,active,NULL
1836,7162,3,18-08-2025,,active,NULL
1840,1834,3,22-09-2025,,active,NULL
1871,2292,3,08-03-2025,,active,NULL
1872,1982,3,09-03-2025,,active,NULL
1877,6150,3,18-05-2025,,active,NULL
1892,3219,3,15-02-2025,,active,NULL
1917,3247,3,01-01-2026,,active,NULL
1919,243,3,07-10-2025,,active,NULL
1931,1270,3,18-12-2025,,active,NULL
1945,3152,3,03-09-2025,,active,NULL
1954,7350,3,28-09-2025,,active,NULL
1969,393,3,19-02-2025,,active,NULL
1971,7803,3,28-09-2025,,active,NULL
1972,7392,3,13-03-2025,,active,NULL
1976,594,3,08-01-2025,,active,NULL
1977,2610,3,05-01-2026,,active,NULL
1978,5198,3,08-10-2025,,active,NULL
1979,2585,3,24-07-2025,,active,NULL
1996,7240,3,14-01-2025,,active,NULL
2013,5983,3,03-11-2025,,active,NULL
2031,6447,3,01-01-2026,,active,NULL
2048,1738,3,18-10-2025,,active,NULL
2049,6365,3,17-07-2025,,active,NULL
2051,952,3,21-12-2025,,active,NULL
2053,7622,3,24-09-2025,,active,NULL
2055,640,3,13-12-2025,,active,NULL
2064,6783,3,29-11-2025,,active,NULL
2066,5428,3,09-11-2025,,active,NULL
2076,2158,3,21-12-2025,,active,NULL
2092,944,3,30-01-2025,,active,NULL
2112,5317,3,13-06-2025,,active,NULL
2121,4238,3,09-10-2025,,active,NULL
2128,3166,3,07-04-2025,,active,NULL
2146,5820,3,27-06-2025,,active,NULL
2147,2018,3,20-07-2025,,active,NULL
2153,3007,3,17-01-2026,,active,NULL
2194,530,3,27-05-2025,,active,NULL
2218,1031,3,05-07-2025,,active,NULL
2222,5712,3,13-01-2025,,active,NULL
2235,480,3,26-07-2025,,active,NULL
2245,180,3,16-12-2025,,active,NULL
2254,4460,3,20-09-2025,,active,NULL
2260,1566,3,24-05-2025,,active,NULL
2273,7517,3,19-09-2025,,active,NULL
2279,5509,3,09-01-2025,,active,NULL
2288,2094,3,13-06-2025,,active,NULL
2289,3332,3,20-03-2025,,active,NULL
2290,15,3,01-05-2025,,active,NULL
2293,4108,3,23-12-2025,,active,NULL
2295,2125,3,16-02-2025,,active,NULL
2296,4638,3,17-08-2025,,active,NULL
2305,4442,3,22-07-2025,,active,NULL
2318,5837,3,01-09-2025,,active,NULL
2324,2326,3,26-01-2025,,active,NULL
2335,7262,3,12-07-2025,,active,NULL
2343,3561,3,05-01-2025,,active,NULL
2347,6125,3,18-08-2025,,active,NULL
2349,5987,3,22-11-2025,,active,NULL
2356,141,3,16-09-2025,,active,NULL
2364,703,3,09-04-2025,,active,NULL
2405,3593,3,07-07-2025,,active,NULL
2407,3111,3,05-06-2025,,active,NULL
2417,5692,3,29-12-2025,,active,NULL
2425,3233,3,01-08-2025,,active,NULL
2453,4703,3,02-10-2025,,active,NULL
2455,4370,3,24-07-2025,,active,NULL
2494,3648,3,29-07-2025,,active,NULL
2500,2560,3,13-09-2025,,active,NULL
2504,1743,3,05-05-2025,,active,NULL
2509,2669,3,27-06-2025,,active,NULL
2520,4868,3,23-08-2025,,active,NULL
2532,3750,3,04-01-2025,,active,NULL
2539,7000,3,27-12-2025,,active,NULL
2543,5892,3,14-05-2025,,active,NULL
2576,4828,3,04-01-2026,,active,NULL
2580,288,3,27-05-2025,,active,NULL
2611,4583,3,23-09-2025,,active,NULL
2615,1192,3,20-07-2025,,active,NULL
2634,297,3,23-10-2025,,active,NULL
2638,7797,3,04-05-2025,,active,NULL
2651,833,3,05-09-2025,,active,NULL
2681,2199,3,17-06-2025,,active,NULL
2688,2989,3,09-03-2025,,active,NULL
2696,7403,3,25-06-2025,,active,NULL
2705,3172,3,27-10-2025,,active,NULL
2710,6252,3,25-10-2025,,active,NULL
2712,451,3,16-07-2025,,active,NULL
2729,4584,3,25-02-2025,,active,NULL
2732,7668,3,22-10-2025,,active,NULL
2739,6008,3,03-01-2025,,active,NULL
2759,7988,3,07-03-2025,,active,NULL
2769,5878,3,29-01-2025,,active,NULL
2779,4060,3,26-02-2025,,active,NULL
2796,7275,3,16-02-2025,,active,NULL
2808,6519,3,27-08-2025,,active,NULL
2826,6061,3,13-03-2025,,active,NULL
2837,5482,3,06-04-2025,,active,NULL
2844,1908,3,01-09-2025,,active,NULL
2846,2989,3,05-06-2025,,active,NULL
2856,2208,3,06-01-2026,,active,NULL
2877,1825,3,13-10-2025,,active,NULL
2904,4590,3,16-05-2025,,active,NULL
2907,5480,3,19-04-2025,,active,NULL
2924,2602,3,07-08-2025,,active,NULL
2930,3953,3,08-08-2025,,active,NULL
2935,4282,3,12-11-2025,,active,NULL
2936,5020,3,11-08-2025,,active,NULL
2937,4081,3,28-05-2025,,active,NULL
2940,6471,3,28-02-2025,,active,NULL
2942,2158,3,12-05-2025,,active,NULL
2966,769,3,23-03-2025,,active,NULL
2980,6466,3,17-02-2025,,active,NULL
2990,126,3,06-05-2025,,active,NULL
2996,5358,3,12-10-2025,,active,NULL
3014,7739,3,08-01-2026,,active,NULL
3028,4490,3,06-03-2025,,active,NULL
3035,416,3,05-01-2025,,active,NULL
3047,7756,3,15-04-2025,,active,NULL
3079,507,3,07-05-2025,,active,NULL
3106,785,3,09-01-2025,,active,NULL
3116,1631,3,10-07-2025,,active,NULL
3124,2929,3,18-01-2026,,active,NULL
3127,2692,3,04-01-2026,,active,NULL
3132,3265,3,16-10-2025,,active,NULL
3142,139,3,01-07-2025,,active,NULL
3145,1337,3,26-02-2025,,active,NULL
3146,3028,3,08-05-2025,,active,NULL
3147,1689,3,20-03-2025,,active,NULL
3148,198,3,12-03-2025,,active,NULL
3151,6276,3,15-02-2025,,active,NULL
3152,2413,3,31-08-2025,,active,NULL
3168,4311,3,25-03-2025,,active,NULL
3180,2013,3,09-08-2025,,active,NULL
3195,4989,3,08-01-2026,,active,NULL
3223,1147,3,12-01-2026,,active,NULL
3224,4664,3,27-06-2025,,active,NULL
3260,932,3,12-01-2025,,active,NULL
3261,7814,3,18-10-2025,,active,NULL
3270,1311,3,16-03-2025,,active,NULL
3271,1466,3,16-09-2025,,active,NULL
3273,6308,3,03-01-2025,,active,NULL
3279,5463,3,29-05-2025,,active,NULL
3358,3185,3,06-02-2025,,active,NULL
3362,2445,3,11-05-2025,,active,NULL
3376,3653,3,18-12-2025,,active,NULL
3394,1139,3,15-12-2025,,active,NULL
3395,3709,3,04-07-2025,,active,NULL
3421,7874,3,07-10-2025,,active,NULL
3427,2950,3,17-02-2025,,active,NULL
3461,1822,3,26-08-2025,,active,NULL
3462,285,3,12-10-2025,,active,NULL
3477,3460,3,10-07-2025,,active,NULL
3483,6050,3,01-05-2025,,active,NULL
3486,1336,3,25-02-2025,,active,NULL
3490,6862,3,13-01-2025,,active,NULL
3522,6321,3,12-01-2025,,active,NULL
3528,4411,3,13-07-2025,,active,NULL
3539,5819,3,02-01-2025,,active,NULL
3545,6844,3,03-12-2025,,active,NULL
3559,781,3,13-06-2025,,active,NULL
3594,1526,3,16-06-2025,,active,NULL
3600,7446,3,30-08-2025,,active,NULL
3601,5893,3,12-04-2025,,active,NULL
3605,744,3,26-03-2025,,active,NULL
3613,3802,3,09-11-2025,,active,NULL
3617,6073,3,31-03-2025,,active,NULL
3639,4269,3,29-05-2025,,active,NULL
3712,6061,3,21-06-2025,,active,NULL
3713,3686,3,25-01-2025,,active,NULL
3719,5702,3,06-10-2025,,active,NULL
3737,6909,3,08-09-2025,,active,NULL
3768,4768,3,04-01-2026,,active,NULL
3771,7647,3,20-03-2025,,active,NULL
3780,4556,3,20-07-2025,,active,NULL
3792,1148,3,20-08-2025,,active,NULL
3800,7173,3,16-07-2025,,active,NULL
3811,3233,3,26-05-2025,,active,NULL
3845,3104,3,30-04-2025,,active,NULL
3853,3170,3,06-03-2025,,active,NULL
3857,6908,3,24-08-2025,,active,NULL
3862,761,3,03-06-2025,,active,NULL
3871,865,3,13-12-2025,,active,NULL
3893,7086,3,08-06-2025,,active,NULL
3911,651,3,17-11-2025,,active,NULL
3916,7923,3,14-06-2025,,active,NULL
3937,1932,3,02-02-2025,,active,NULL
3948,2944,3,23-09-2025,,active,NULL
3953,908,3,08-07-2025,,active,NULL
3974,4095,3,21-08-2025,,active,NULL
3980,1086,3,24-04-2025,,active,NULL
3994,6982,3,05-12-2025,,active,NULL
4002,7519,3,17-09-2025,,active,NULL
4007,7466,3,31-10-2025,,active,NULL
4013,3640,3,14-08-2025,,active,NULL
4014,2949,3,16-02-2025,,active,NULL
4017,3803,3,12-06-2025,,active,NULL
4039,7191,3,12-11-2025,,active,NULL
4043,3488,3,22-12-2025,,active,NULL
4053,2962,3,20-12-2025,,active,NULL
4065,891,3,07-07-2025,,active,NULL
4078,5040,3,23-05-2025,,active,NULL
4089,5107,3,25-07-2025,,active,NULL
4091,5303,3,30-12-2025,,active,NULL
4101,4034,3,17-11-2025,,active,NULL
4105,7137,3,11-12-2025,,active,NULL
4127,3132,3,02-06-2025,,active,NULL
4141,532,3,08-11-2025,,active,NULL
4145,3423,3,15-12-2025,,active,NULL
4174,6474,3,02-05-2025,,active,NULL
4184,209,3,08-10-2025,,active,NULL
4185,1546,3,18-08-2025,,active,NULL
4197,1638,3,28-06-2025,,active,NULL
4203,5979,3,09-09-2025,,active,NULL
4204,5547,3,07-03-2025,,active,NULL
4233,2809,3,19-06-2025,,active,NULL
4242,5407,3,12-01-2026,,active,NULL
4289,3543,3,04-10-2025,,active,NULL
4300,222,3,28-10-2025,,active,NULL
4301,1924,3,15-11-2025,,active,NULL
4309,3949,3,25-09-2025,,active,NULL
4314,5991,3,28-10-2025,,active,NULL
4316,5722,3,19-04-2025,,active,NULL
4321,5770,3,14-03-2025,,active,NULL
4350,3764,3,08-09-2025,,active,NULL
4360,7229,3,27-06-2025,,active,NULL
4371,4698,3,30-05-2025,,active,NULL
4386,7355,3,07-08-2025,,active,NULL
4387,7916,3,12-01-2025,,active,NULL
4394,1617,3,18-03-2025,,active,NULL
4440,4673,3,09-05-2025,,active,NULL
4450,1216,3,29-11-2025,,active,NULL
4451,7578,3,10-02-2025,,active,NULL
4460,1141,3,11-05-2025,,active,NULL
4484,5844,3,22-02-2025,,active,NULL
4495,2061,3,06-10-2025,,active,NULL
4506,1852,3,23-12-2025,,active,NULL
4515,1982,3,04-09-2025,,active,NULL
4528,5819,3,24-11-2025,,active,NULL
4550,4887,3,16-01-2026,,active,NULL
4576,3945,3,14-11-2025,,active,NULL
4589,1968,3,27-09-2025,,active,NULL
4590,5157,3,06-03-2025,,active,NULL
4595,7517,3,06-12-2025,,active,NULL
4602,5397,3,15-09-2025,,active,NULL
4613,3878,3,29-06-2025,,active,NULL
4618,7824,3,11-03-2025,,active,NULL
4621,5048,3,24-04-2025,,active,NULL
4627,7509,3,20-02-2025,,active,NULL
4632,508,3,08-07-2025,,active,NULL
4637,2567,3,13-01-2026,,active,NULL
4638,486,3,05-09-2025,,active,NULL
4644,3051,3,27-04-2025,,active,NULL
4663,7166,3,20-06-2025,,active,NULL
4677,3925,3,28-09-2025,,active,NULL
4698,6913,3,05-04-2025,,active,NULL
4713,7021,3,09-11-2025,,active,NULL
4717,1823,3,29-11-2025,,active,NULL
4738,1337,3,05-08-2025,,active,NULL
4747,3972,3,07-05-2025,,active,NULL
4769,4063,3,15-06-2025,,active,NULL
4773,7839,3,02-07-2025,,active,NULL
4787,4056,3,21-04-2025,,active,NULL
4788,844,3,17-01-2026,,active,NULL
4792,4650,3,10-05-2025,,active,NULL
4794,3066,3,22-03-2025,,active,NULL
4800,5111,3,03-07-2025,,active,NULL
4809,7025,3,23-03-2025,,active,NULL
4818,1747,3,20-04-2025,,active,NULL
4821,6032,3,25-04-2025,,active,NULL
4834,2727,3,21-03-2025,,active,NULL
4835,2615,3,29-03-2025,,active,NULL
4848,2841,3,23-08-2025,,active,NULL
4849,7872,3,22-02-2025,,active,NULL
4860,3439,3,23-03-2025,,active,NULL
4884,1775,3,15-01-2026,,active,NULL
4893,4002,3,07-05-2025,,active,NULL
4904,3154,3,09-01-2025,,active,NULL
4908,6157,3,25-08-2025,,active,NULL
4917,5951,3,26-10-2025,,active,NULL
4946,2906,3,04-06-2025,,active,NULL
4948,3962,3,07-11-2025,,active,NULL
4976,1118,3,25-01-2025,,active,NULL
4977,204,3,09-11-2025,,active,NULL
4984,634,3,16-10-2025,,active,NULL
5086,3190,3,16-01-2026,,active,NULL
5097,1899,3,30-01-2025,,active,NULL
5100,7818,3,02-10-2025,,active,NULL
5111,4890,3,12-08-2025,,active,NULL
5113,7331,3,26-03-2025,,active,NULL
5116,7650,3,26-10-2025,,active,NULL
5126,1233,3,22-04-2025,,active,NULL
5133,3574,3,29-08-2025,,active,NULL
5135,339,3,14-11-2025,,active,NULL
5144,5215,3,12-09-2025,,active,NULL
5146,407,3,17-08-2025,,active,NULL
5155,6931,3,16-08-2025,,active,NULL
5158,3688,3,08-10-2025,,active,NULL
5162,2153,3,12-11-2025,,active,NULL
5167,4302,3,17-03-2025,,active,NULL
5173,4449,3,13-09-2025,,active,NULL
5174,5510,3,13-05-2025,,active,NULL
5180,3976,3,17-11-2025,,active,NULL
5183,4025,3,21-10-2025,,active,NULL
5185,5477,3,06-12-2025,,active,NULL
5194,4043,3,21-08-2025,,active,NULL
5197,3193,3,01-03-2025,,active,NULL
5205,6582,3,10-08-2025,,active,NULL
5226,7117,3,06-02-2025,,active,NULL
5236,7906,3,10-07-2025,,active,NULL
5249,98,3,15-10-2025,,active,NULL
5253,6116,3,29-09-2025,,active,NULL
5264,6580,3,28-08-2025,,active,NULL
5286,4885,3,14-12-2025,,active,NULL
5313,1548,3,28-03-2025,,active,NULL
5321,6036,3,07-10-2025,,active,NULL
5349,3387,3,10-12-2025,,active,NULL
5351,6108,3,22-07-2025,,active,NULL
5353,6456,3,28-01-2025,,active,NULL
5375,3177,3,15-04-2025,,active,NULL
5386,4633,3,13-02-2025,,active,NULL
5390,3658,3,27-08-2025,,active,NULL
5396,3696,3,10-09-2025,,active,NULL
5424,6455,3,05-01-2025,,active,NULL
5430,6441,3,11-03-2025,,active,NULL
5434,4477,3,04-03-2025,,active,NULL
5454,2492,3,29-07-2025,,active,NULL
5464,909,3,14-03-2025,,active,NULL
5481,3563,3,20-12-2025,,active,NULL
5484,2560,3,24-12-2025,,active,NULL
5485,667,3,20-04-2025,,active,NULL
5491,259,3,07-04-2025,,active,NULL
5492,2129,3,11-12-2025,,active,NULL
5493,3966,3,31-08-2025,,active,NULL
5496,6503,3,28-02-2025,,active,NULL
5498,2414,3,25-11-2025,,active,NULL
5529,3356,3,07-04-2025,,active,NULL
5537,3331,3,13-10-2025,,active,NULL
5570,5533,3,19-10-2025,,active,NULL
5572,280,3,31-05-2025,,active,NULL
5581,4213,3,12-11-2025,,active,NULL
5582,6219,3,27-10-2025,,active,NULL
5585,3382,3,18-04-2025,,active,NULL
5596,6965,3,25-06-2025,,active,NULL
5597,7895,3,05-07-2025,,active,NULL
5603,2690,3,26-05-2025,,active,NULL
5608,6861,3,17-03-2025,,active,NULL
5609,1150,3,23-12-2025,,active,NULL
5622,703,3,13-01-2026,,active,NULL
5636,2415,3,15-10-2025,,active,NULL
5648,2925,3,22-07-2025,,active,NULL
5666,2643,3,19-04-2025,,active,NULL
5680,4969,3,14-11-2025,,active,NULL
5686,713,3,08-12-2025,,active,NULL
5704,6491,3,08-11-2025,,active,NULL
5733,5582,3,17-06-2025,,active,NULL
5734,6255,3,20-10-2025,,active,NULL
5736,2727,3,19-02-2025,,active,NULL
5738,5289,3,25-07-2025,,active,NULL
5746,7808,3,11-12-2025,,active,NULL
5748,6267,3,04-03-2025,,active,NULL
5798,4977,3,16-05-2025,,active,NULL
5800,2197,3,29-07-2025,,active,NULL
5805,6102,3,16-03-2025,,active,NULL
5809,3030,3,30-06-2025,,active,NULL
5814,5186,3,04-02-2025,,active,NULL
5823,3623,3,03-09-2025,,active,NULL
5824,1402,3,24-07-2025,,active,NULL
5830,2197,3,01-08-2025,,active,NULL
5831,4923,3,05-04-2025,,active,NULL
5838,2000,3,30-09-2025,,active,NULL
5854,7679,3,25-10-2025,,active,NULL
5856,5246,3,24-11-2025,,active,NULL
5875,4124,3,09-05-2025,,active,NULL
5879,3709,3,17-08-2025,,active,NULL
5888,3438,3,21-12-2025,,active,NULL
5891,4718,3,21-05-2025,,active,NULL
5892,2282,3,01-06-2025,,active,NULL
5898,4913,3,14-11-2025,,active,NULL
5910,2202,3,02-01-2025,,active,NULL
5912,2380,3,13-11-2025,,active,NULL
5921,30,3,22-07-2025,,active,NULL
5950,6589,3,25-02-2025,,active,NULL
5968,7868,3,20-11-2025,,active,NULL
5977,721,3,31-10-2025,,active,NULL
5989,6678,3,11-11-2025,,active,NULL
5992,4990,3,23-11-2025,,active,NULL
6030,7571,3,01-05-2025,,active,NULL
6039,7050,3,03-05-2025,,active,NULL
6045,4380,3,22-11-2025,,active,NULL
6059,1370,3,19-08-2025,,active,NULL
6068,2498,3,24-07-2025,,active,NULL
6069,1552,3,24-01-2025,,active,NULL
6075,2065,3,20-04-2025,,active,NULL
6094,328,3,19-10-2025,,active,NULL
6112,4285,3,06-12-2025,,active,NULL
6134,4257,3,22-10-2025,,active,NULL
6180,5869,3,03-07-2025,,active,NULL
6182,2775,3,06-10-2025,,active,NULL
6195,1209,3,25-11-2025,,active,NULL
6197,1248,3,09-04-2025,,active,NULL
6200,3675,3,19-05-2025,,active,NULL
6201,1401,3,10-12-2025,,active,NULL
6207,7154,3,20-05-2025,,active,NULL
6213,1380,3,23-10-2025,,active,NULL
6222,1181,3,12-07-2025,,active,NULL
6243,4944,3,26-03-2025,,active,NULL
6258,826,3,21-10-2025,,active,NULL
6279,621,3,26-03-2025,,active,NULL
6283,106,3,12-01-2026,,active,NULL
6289,6035,3,06-10-2025,,active,NULL
6296,407,3,07-04-2025,,active,NULL
6301,3569,3,07-05-2025,,active,NULL
6302,5186,3,09-11-2025,,active,NULL
6304,5651,3,10-04-2025,,active,NULL
6306,3320,3,16-12-2025,,active,NULL
6312,1746,3,07-02-2025,,active,NULL
6313,4332,3,21-01-2025,,active,NULL
6317,1188,3,11-07-2025,,active,NULL
6320,4370,3,13-08-2025,,active,NULL
6341,7997,3,11-01-2026,,active,NULL
6351,919,3,28-06-2025,,active,NULL
6355,4374,3,15-09-2025,,active,NULL
6357,5267,3,16-12-2025,,active,NULL
6364,5270,3,26-06-2025,,active,NULL
6365,5693,3,30-04-2025,,active,NULL
6366,7241,3,13-12-2025,,active,NULL
6367,2350,3,24-05-2025,,active,NULL
6371,7733,3,21-02-2025,,active,NULL
6424,7632,3,30-09-2025,,active,NULL
6430,3159,3,13-01-2026,,active,NULL
6448,6412,3,26-04-2025,,active,NULL
6455,5605,3,02-01-2025,,active,NULL
6456,5450,3,22-03-2025,,active,NULL
6461,3225,3,21-12-2025,,active,NULL
6483,7163,3,29-05-2025,,active,NULL
6517,6872,3,29-12-2025,,active,NULL
6537,5196,3,06-12-2025,,active,NULL
6540,3918,3,10-08-2025,,active,NULL
6541,3763,3,19-11-2025,,active,NULL
6544,777,3,04-01-2025,,active,NULL
6547,6481,3,20-07-2025,,active,NULL
6556,1845,3,17-08-2025,,active,NULL
6571,5114,3,16-06-2025,,active,NULL
6577,2462,3,21-05-2025,,active,NULL
6580,892,3,13-11-2025,,active,NULL
6585,1784,3,13-08-2025,,active,NULL
6589,4295,3,05-01-2026,,active,NULL
6593,4966,3,18-11-2025,,active,NULL
6613,1450,3,25-04-2025,,active,NULL
6621,2504,3,28-03-2025,,active,NULL
6623,3379,3,20-11-2025,,active,NULL
6638,2501,3,23-12-2025,,active,NULL
6650,6121,3,21-02-2025,,active,NULL
6681,5178,3,09-02-2025,,active,NULL
6685,4867,3,21-07-2025,,active,NULL
6696,3638,3,23-08-2025,,active,NULL
6709,3469,3,12-01-2025,,active,NULL
6712,6276,3,11-10-2025,,active,NULL
6716,4713,3,12-07-2025,,active,NULL
6718,2952,3,01-06-2025,,active,NULL
6719,2009,3,03-02-2025,,active,NULL
6739,6084,3,28-07-2025,,active,NULL
6755,5342,3,22-11-2025,,active,NULL
6757,4340,3,28-03-2025,,active,NULL
6763,1647,3,05-03-2025,,active,NULL
6767,3021,3,05-06-2025,,active,NULL
6770,2703,3,27-07-2025,,active,NULL
6780,2814,3,29-11-2025,,active,NULL
6787,7889,3,25-05-2025,,active,NULL
6792,7961,3,01-01-2025,,active,NULL
6802,3563,3,13-10-2025,,active,NULL
6811,342,3,08-07-2025,,active,NULL
6816,1183,3,02-08-2025,,active,NULL
6818,1047,3,15-05-2025,,active,NULL
6835,727,3,29-07-2025,,active,NULL
6843,6467,3,06-03-2025,,active,NULL
6845,6055,3,09-05-2025,,active,NULL
6857,4051,3,12-07-2025,,active,NULL
6878,3135,3,15-11-2025,,active,NULL
6884,1051,3,21-08-2025,,active,NULL
6890,3367,3,26-08-2025,,active,NULL
6927,2794,3,29-07-2025,,active,NULL
6934,584,3,09-07-2025,,active,NULL
6936,4099,3,20-02-2025,,active,NULL
6941,5231,3,12-05-2025,,active,NULL
6949,2002,3,15-08-2025,,active,NULL
6955,3364,3,17-10-2025,,active,NULL
6961,3446,3,18-11-2025,,active,NULL
6973,2489,3,09-12-2025,,active,NULL
6974,4310,3,30-01-2025,,active,NULL
6991,2565,3,24-09-2025,,active,NULL
7016,1322,3,18-05-2025,,active,NULL
7017,3215,3,22-10-2025,,active,NULL
7037,733,3,21-08-2025,,active,NULL
7043,1960,3,04-01-2026,,active,NULL
7046,3225,3,15-08-2025,,active,NULL
7051,5883,3,17-09-2025,,active,NULL
7066,3938,3,05-01-2026,,active,NULL
7075,5716,3,08-10-2025,,active,NULL
7110,2790,3,02-01-2026,,active,NULL
7142,1212,3,05-10-2025,,active,NULL
7146,656,3,21-01-2025,,active,NULL
7157,3364,3,22-11-2025,,active,NULL
7160,7772,3,19-10-2025,,active,NULL
7173,2474,3,23-12-2025,,active,NULL
7180,7830,3,09-10-2025,,active,NULL
7219,2425,3,31-05-2025,,active,NULL
7235,1942,3,13-04-2025,,active,NULL
7240,4826,3,08-06-2025,,active,NULL
7257,6592,3,03-01-2025,,active,NULL
7265,5550,3,07-01-2025,,active,NULL
7267,6320,3,02-10-2025,,active,NULL
7301,3365,3,10-08-2025,,active,NULL
7309,863,3,13-05-2025,,active,NULL
7310,2210,3,13-06-2025,,active,NULL
7320,6367,3,12-11-2025,,active,NULL
7322,4110,3,16-03-2025,,active,NULL
7357,2804,3,20-06-2025,,active,NULL
7358,4673,3,03-12-2025,,active,NULL
7367,7170,3,03-11-2025,,active,NULL
7378,5668,3,21-07-2025,,active,NULL
7393,1420,3,26-02-2025,,active,NULL
7408,497,3,17-01-2026,,active,NULL
7438,1313,3,25-03-2025,,active,NULL
7441,3337,3,06-04-2025,,active,NULL
7450,330,3,30-01-2025,,active,NULL
7489,3702,3,29-03-2025,,active,NULL
7498,2437,3,15-12-2025,,active,NULL
7503,7297,3,01-12-2025,,active,NULL
7517,6778,3,15-01-2026,,active,NULL
7528,3220,3,27-06-2025,,active,NULL
7537,3421,3,02-04-2025,,active,NULL
7559,476,3,18-05-2025,,active,NULL
7560,4882,3,08-04-2025,,active,NULL
7567,4485,3,07-11-2025,,active,NULL
7569,4790,3,21-07-2025,,active,NULL
7575,3725,3,03-09-2025,,active,NULL
7581,7512,3,08-05-2025,,active,NULL
7582,210,3,31-05-2025,,active,NULL
7585,4580,3,17-10-2025,,active,NULL
7589,4040,3,15-08-2025,,active,NULL
7597,7803,3,10-04-2025,,active,NULL
7601,1829,3,11-07-2025,,active,NULL
7620,5843,3,01-08-2025,,active,NULL
7631,2850,3,15-02-2025,,active,NULL
7649,2287,3,03-09-2025,,active,NULL
7659,1909,3,09-09-2025,,active,NULL
7691,299,3,04-03-2025,,active,NULL
7699,7541,3,21-04-2025,,active,NULL
7712,2610,3,06-04-2025,,active,NULL
7719,1890,3,18-08-2025,,active,NULL
7720,528,3,06-07-2025,,active,NULL
7725,5559,3,13-04-2025,,active,NULL
7734,2740,3,06-06-2025,,active,NULL
7753,667,3,06-07-2025,,active,NULL
7772,4564,3,06-08-2025,,active,NULL
7781,7301,3,02-03-2025,,active,NULL
7788,112,3,23-02-2025,,active,NULL
7792,191,3,18-06-2025,,active,NULL
7806,2432,3,12-12-2025,,active,NULL
7807,4425,3,13-08-2025,,active,NULL
7808,3616,3,14-09-2025,,active,NULL
7809,2920,3,07-08-2025,,active,NULL
7834,7682,3,31-03-2025,,active,NULL
7852,765,3,15-04-2025,,active,NULL
7856,7796,3,05-06-2025,,active,NULL
7857,7605,3,15-05-2025,,active,NULL
7863,3406,3,18-03-2025,,active,NULL
7876,7500,3,18-10-2025,,active,NULL
7878,7104,3,20-07-2025,,active,NULL
7904,3742,3,08-02-2025,,active,NULL
7911,7512,3,11-01-2025,,active,NULL
7914,2090,3,13-02-2025,,active,NULL
7915,5475,3,11-03-2025,,active,NULL
7928,3510,3,15-05-2025,,active,NULL
7941,3484,3,19-11-2025,,active,NULL
7945,1735,3,18-06-2025,,active,NULL
7946,1122,3,29-09-2025,,active,NULL
7948,5246,3,04-03-2025,,active,NULL
7958,6927,3,11-04-2025,,active,NULL
7962,7824,3,08-02-2025,,active,NULL
7963,1907,3,28-06-2025,,active,NULL
7980,847,3,05-01-2026,,active,NULL
7983,2318,3,27-06-2025,,active,NULL
7985,2954,3,07-01-2026,,active,NULL
7990,4983,3,12-11-2025,,active,NULL
8000,7128,3,01-12-2025,,active,NULL
8041,7468,3,22-02-2025,,active,NULL
8054,3779,3,30-05-2025,,active,NULL
8058,1734,3,26-12-2025,,active,NULL
8064,7396,3,22-08-2025,,active,NULL
8081,7646,3,06-12-2025,,active,NULL
8087,1656,3,01-08-2025,,active,NULL
8095,4684,3,20-09-2025,,active,NULL
8099,2096,3,08-04-2025,,active,NULL
8105,1986,3,20-09-2025,,active,NULL
8130,684,3,27-10-2025,,active,NULL
8137,3130,3,03-10-2025,,active,NULL
8145,3496,3,27-04-2025,,active,NULL
8149,752,3,07-01-2025,,active,NULL
8170,2419,3,02-12-2025,,active,NULL
8189,5552,3,22-11-2025,,active,NULL
8194,7960,3,28-02-2025,,active,NULL
8203,4691,3,21-01-2025,,active,NULL
8204,2888,3,20-05-2025,,active,NULL
8210,4807,3,04-11-2025,,active,NULL
8223,6771,3,03-05-2025,,active,NULL
8228,7438,3,25-09-2025,,active,NULL
8232,5514,3,21-07-2025,,active,NULL
8235,6205,3,05-07-2025,,active,NULL
8245,5655,3,08-10-2025,,active,NULL
8246,3131,3,01-05-2025,,active,NULL
8291,1938,3,08-07-2025,,active,NULL
8294,6170,3,23-02-2025,,active,NULL
8313,6168,3,11-10-2025,,active,NULL
8315,5882,3,27-03-2025,,active,NULL
8327,7950,3,26-08-2025,,active,NULL
8339,4209,3,29-12-2025,,active,NULL
8353,1034,3,26-11-2025,,active,NULL
8372,2173,3,20-09-2025,,active,NULL
8379,3112,3,19-09-2025,,active,NULL
8381,1400,3,20-01-2025,,active,NULL
8394,3920,3,16-03-2025,,active,NULL
8401,5827,3,27-04-2025,,active,NULL
8407,6485,3,05-04-2025,,active,NULL
8450,4573,3,08-03-2025,,active,NULL
8480,1721,3,29-12-2025,,active,NULL
8498,2529,3,17-12-2025,,active,NULL
8512,1565,3,20-04-2025,,active,NULL
8519,3569,3,27-12-2025,,active,NULL
8524,5568,3,17-03-2025,,active,NULL
8531,5511,3,26-06-2025,,active,NULL
8534,4124,3,06-08-2025,,active,NULL
8535,3174,3,13-05-2025,,active,NULL
8541,682,3,29-07-2025,,active,NULL
8552,2590,3,26-03-2025,,active,NULL
8553,1858,3,25-06-2025,,active,NULL
8585,5649,3,23-05-2025,,active,NULL
8604,7971,3,22-12-2025,,active,NULL
8609,7216,3,20-11-2025,,active,NULL
8635,3790,3,09-07-2025,,active,NULL
8641,3647,3,18-07-2025,,active,NULL
8642,432,3,18-11-2025,,active,NULL
8645,4354,3,02-06-2025,,active,NULL
8661,431,3,01-03-2025,,active,NULL
8672,797,3,07-07-2025,,active,NULL
8684,2499,3,22-06-2025,,active,NULL
8697,7622,3,11-01-2026,,active,NULL
8730,4755,3,23-01-2025,,active,NULL
8732,6145,3,19-09-2025,,active,NULL
8749,4707,3,22-12-2025,,active,NULL
8754,7000,3,20-10-2025,,active,NULL
8759,5171,3,12-06-2025,,active,NULL
8768,6249,3,21-08-2025,,active,NULL
8775,5831,3,29-12-2025,,active,NULL
8777,5165,3,31-05-2025,,active,NULL
8785,175,3,27-12-2025,,active,NULL
8804,1397,3,04-01-2025,,active,NULL
8805,3583,3,09-08-2025,,active,NULL
8807,2143,3,15-07-2025,,active,NULL
8825,898,3,02-03-2025,,active,NULL
8835,6821,3,16-06-2025,,active,NULL
8853,6362,3,06-08-2025,,active,NULL
8906,7973,3,24-05-2025,,active,NULL
8907,4739,3,04-10-2025,,active,NULL
8909,4785,3,21-11-2025,,active,NULL
8942,7330,3,15-01-2026,,active,NULL
8949,6631,3,17-09-2025,,active,NULL
8951,4563,3,07-08-2025,,active,NULL
8952,6107,3,28-03-2025,,active,NULL
8953,6589,3,16-01-2026,,active,NULL
8956,3978,3,27-10-2025,,active,NULL
8967,7873,3,29-07-2025,,active,NULL
8973,3206,3,24-10-2025,,active,NULL
8988,24,3,14-01-2026,,active,NULL
8990,5094,3,20-03-2025,,active,NULL
8994,2677,3,01-02-2025,,active,NULL
9002,7707,3,22-10-2025,,active,NULL
9006,2319,3,12-11-2025,,active,NULL
9009,2276,3,11-07-2025,,active,NULL
9032,2203,3,10-01-2026,,active,NULL
9055,4320,3,01-10-2025,,active,NULL
9075,569,3,19-03-2025,,active,NULL
9080,884,3,31-10-2025,,active,NULL
9095,6291,3,25-02-2025,,active,NULL
9100,3744,3,29-08-2025,,active,NULL
9106,953,3,26-03-2025,,active,NULL
9110,5132,3,08-09-2025,,active,NULL
9112,4180,3,15-07-2025,,active,NULL
9113,6027,3,30-04-2025,,active,NULL
9114,2596,3,22-07-2025,,active,NULL
9131,603,3,18-06-2025,,active,NULL
9147,6666,3,29-08-2025,,active,NULL
9148,6334,3,22-10-2025,,active,NULL
9155,4952,3,16-06-2025,,active,NULL
9183,4690,3,02-02-2025,,active,NULL
9184,2275,3,17-01-2025,,active,NULL
9197,733,3,28-05-2025,,active,NULL
9198,806,3,18-04-2025,,active,NULL
9223,4024,3,16-12-2025,,active,NULL
9224,5631,3,18-08-2025,,active,NULL
9231,3402,3,19-12-2025,,active,NULL
9234,908,3,14-04-2025,,active,NULL
9241,5560,3,16-10-2025,,active,NULL
9270,550,3,09-08-2025,,active,NULL
9277,4295,3,14-01-2025,,active,NULL
9280,5329,3,10-07-2025,,active,NULL
9300,4893,3,15-09-2025,,active,NULL
9302,1127,3,19-08-2025,,active,NULL
9304,3778,3,11-07-2025,,active,NULL
9307,7394,3,22-09-2025,,active,NULL
9311,5970,3,23-10-2025,,active,NULL
9333,3174,3,23-01-2025,,active,NULL
9338,724,3,10-03-2025,,active,NULL
9342,6558,3,19-08-2025,,active,NULL
9355,6974,3,28-10-2025,,active,NULL
9385,1266,3,19-06-2025,,active,NULL
9390,2042,3,27-02-2025,,active,NULL
9392,178,3,07-09-2025,,active,NULL
9396,1567,3,14-11-2025,,active,NULL
9403,7438,3,28-01-2025,,active,NULL
9409,7040,3,28-09-2025,,active,NULL
9424,1342,3,17-06-2025,,active,NULL
9441,5447,3,10-11-2025,,active,NULL
9442,4251,3,21-01-2025,,active,NULL
9446,5658,3,11-12-2025,,active,NULL
9452,2733,3,30-01-2025,,active,NULL
9453,2743,3,28-01-2025,,active,NULL
9455,6416,3,27-08-2025,,active,NULL
9476,5351,3,18-07-2025,,active,NULL
9479,2793,3,23-11-2025,,active,NULL
9482,528,3,13-01-2026,,active,NULL
9490,7425,3,28-01-2025,,active,NULL
9499,6429,3,19-09-2025,,active,NULL
9502,5403,3,04-09-2025,,active,NULL
9505,5827,3,10-08-2025,,active,NULL
9506,3573,3,30-07-2025,,active,NULL
9511,7510,3,29-11-2025,,active,NULL
9518,2050,3,20-11-2025,,active,NULL
9530,7154,3,22-04-2025,,active,NULL
9544,5421,3,05-07-2025,,active,NULL
9548,7884,3,22-11-2025,,active,NULL
9550,3842,3,08-06-2025,,active,NULL
9578,3913,3,27-02-2025,,active,NULL
9589,2489,3,07-01-2025,,active,NULL
9598,3585,3,31-08-2025,,active,NULL
9603,6332,3,22-01-2025,,active,NULL
9608,3546,3,09-04-2025,,active,NULL
9609,4626,3,29-03-2025,,active,NULL
9610,3812,3,27-06-2025,,active,NULL
9635,3838,3,29-12-2025,,active,NULL
9649,7959,3,12-02-2025,,active,NULL
9656,6041,3,02-07-2025,,active,NULL
9658,1505,3,15-12-2025,,active,NULL
9676,122,3,04-10-2025,,active,NULL
9680,6839,3,22-03-2025,,active,NULL
9687,1962,3,11-01-2025,,active,NULL
9715,7864,3,20-08-2025,,active,NULL
9754,418,3,20-01-2025,,active,NULL
9769,7446,3,24-04-2025,,active,NULL
9770,6200,3,01-04-2025,,active,NULL
9775,3323,3,18-06-2025,,active,NULL
9779,3693,3,06-01-2026,,active,NULL
9781,3465,3,09-03-2025,,active,NULL
9796,455,3,02-10-2025,,active,NULL
9797,6818,3,29-04-2025,,active,NULL
9799,1156,3,17-11-2025,,active,NULL
9800,1975,3,05-11-2025,,active,NULL
9809,4034,3,09-03-2025,,active,NULL
9810,1242,3,02-06-2025,,active,NULL
9814,3733,3,25-12-2025,,active,NULL
9834,921,3,12-09-2025,,active,NULL
9846,4488,3,07-10-2025,,active,NULL
9847,6610,3,13-09-2025,,active,NULL
9855,5734,3,19-04-2025,,active,NULL
9868,6752,3,07-01-2026,,active,NULL
9875,645,3,18-12-2025,,active,NULL
9877,6988,3,05-11-2025,,active,NULL
9885,2354,3,06-10-2025,,active,NULL
9890,1072,3,27-12-2025,,active,NULL
9909,3224,3,30-08-2025,,active,NULL
9924,3350,3,21-10-2025,,active,NULL
9933,1622,3,11-09-2025,,active,NULL
9946,4602,3,18-10-2025,,active,NULL
9954,4036,3,30-08-2025,,active,NULL
9957,9,3,23-05-2025,,active,NULL
9958,5532,3,16-05-2025,,active,NULL
9960,2572,3,12-03-2025,,active,NULL
9967,1818,3,09-12-2025,,active,NULL
9970,435,3,12-07-2025,,active,NULL
9979,1366,3,20-02-2025,,active,NULL
9988,1724,3,05-12-2025,,active,NULL
9989,6586,3,09-07-2025,,active,NULL
9991,5499,3,12-03-2025,,active,NULL
9997,5115,3,16-07-2025,,active,NULL
10002,3231,3,04-09-2025,,active,NULL
10007,739,3,01-03-2025,,active,NULL
10011,3164,3,27-02-2025,,active,NULL
10013,1025,3,11-07-2025,,active,NULL
10020,5219,3,18-07-2025,,active,NULL
10032,1922,3,10-02-2025,,active,NULL
10034,2625,3,23-12-2025,,active,NULL
10043,333,3,13-03-2025,,active,NULL
10045,5466,3,14-05-2025,,active,NULL
10072,6773,3,04-05-2025,,active,NULL
10074,6235,3,16-11-2025,,active,NULL
10088,5624,3,31-01-2025,,active,NULL
10103,714,3,20-01-2025,,active,NULL
10114,6146,3,14-11-2025,,active,NULL
10115,2940,3,08-08-2025,,active,NULL
10118,3607,3,07-07-2025,,active,NULL
10123,7586,3,04-06-2025,,active,NULL
10129,2727,3,28-03-2025,,active,NULL
10154,5766,3,24-08-2025,,active,NULL
10159,4413,3,31-12-2025,,active,NULL
10190,7041,3,22-03-2025,,active,NULL
10201,5660,3,01-04-2025,,active,NULL
10211,4018,3,01-02-2025,,active,NULL
10212,7680,3,11-06-2025,,active,NULL
10216,5711,3,27-09-2025,,active,NULL
10220,4863,3,21-09-2025,,active,NULL
10224,2636,3,20-06-2025,,active,NULL
10238,4581,3,21-03-2025,,active,NULL
10247,7463,3,07-09-2025,,active,NULL
10248,1903,3,17-06-2025,,active,NULL
10266,1331,3,12-09-2025,,active,NULL
10271,983,3,17-04-2025,,active,NULL
10301,2292,3,28-08-2025,,active,NULL
10353,3765,3,23-12-2025,,active,NULL
10370,6146,3,28-12-2025,,active,NULL
10384,4694,3,13-01-2026,,active,NULL
10385,1855,3,21-08-2025,,active,NULL
10391,1909,3,14-05-2025,,active,NULL
10395,2650,3,13-01-2026,,active,NULL
10402,6504,3,21-03-2025,,active,NULL
10403,1204,3,12-07-2025,,active,NULL
10455,3982,3,15-05-2025,,active,NULL
10456,2851,3,07-06-2025,,active,NULL
10463,5908,3,09-02-2025,,active,NULL
10478,6228,3,09-04-2025,,active,NULL
10479,3310,3,02-09-2025,,active,NULL
10490,7006,3,05-01-2026,,active,NULL
10503,2523,3,20-07-2025,,active,NULL
10506,7930,3,17-04-2025,,active,NULL
10510,96,3,13-03-2025,,active,NULL
10523,729,3,29-01-2025,,active,NULL
10530,767,3,20-01-2025,,active,NULL
10554,2344,3,11-03-2025,,active,NULL
10561,3999,3,07-09-2025,,active,NULL
10564,1821,3,16-07-2025,,active,NULL
10574,30,3,26-08-2025,,active,NULL
10580,5510,3,19-03-2025,,active,NULL
10583,5186,3,28-08-2025,,active,NULL
10588,2579,3,17-03-2025,,active,NULL
10598,6990,3,18-12-2025,,active,NULL
10605,3304,3,31-08-2025,,active,NULL
10606,1231,3,06-08-2025,,active,NULL
10620,5865,3,28-06-2025,,active,NULL
10635,6378,3,17-07-2025,,active,NULL
10644,246,3,17-11-2025,,active,NULL
10669,7090,3,13-01-2026,,active,NULL
10671,206,3,08-11-2025,,active,NULL
10685,7952,3,06-05-2025,,active,NULL
10697,2625,3,30-06-2025,,active,NULL
10703,3863,3,21-07-2025,,active,NULL
10726,2287,3,15-01-2026,,active,NULL
10758,466,3,10-04-2025,,active,NULL
10764,1150,3,20-04-2025,,active,NULL
10766,3776,3,11-07-2025,,active,NULL
10793,1483,3,01-01-2025,,active,NULL
10795,5902,3,15-04-2025,,active,NULL
10799,5738,3,06-12-2025,,active,NULL
10802,2913,3,04-04-2025,,active,NULL
10824,3692,3,19-11-2025,,active,NULL
10835,4037,3,04-09-2025,,active,NULL
10839,2555,3,11-12-2025,,active,NULL
10841,3069,3,22-01-2025,,active,NULL
10842,3807,3,16-03-2025,,active,NULL
10853,739,3,21-04-2025,,active,NULL
10872,6711,3,11-06-2025,,active,NULL
10873,6271,3,28-06-2025,,active,NULL
10879,2187,3,26-02-2025,,active,NULL
10891,1331,3,25-07-2025,,active,NULL
10894,6880,3,12-06-2025,,active,NULL
10905,2936,3,18-11-2025,,active,NULL
10916,6953,3,08-12-2025,,active,NULL
10942,5520,3,12-07-2025,,active,NULL
10944,3902,3,07-01-2025,,active,NULL
10968,517,3,21-08-2025,,active,NULL
10992,4632,3,10-08-2025,,active,NULL
10995,5779,3,28-12-2025,,active,NULL
11015,7134,3,10-07-2025,,active,NULL
11026,1585,3,07-01-2025,,active,NULL
11039,855,3,04-04-2025,,active,NULL
11047,2667,3,15-05-2025,,active,NULL
11060,7688,3,25-11-2025,,active,NULL
11066,1591,3,02-08-2025,,active,NULL
11071,7038,3,28-03-2025,,active,NULL
11078,837,3,29-03-2025,,active,NULL
11096,7247,3,04-04-2025,,active,NULL
11097,133,3,11-07-2025,,active,NULL
11103,5512,3,29-10-2025,,active,NULL
11112,7422,3,05-12-2025,,active,NULL
11115,6274,3,10-11-2025,,active,NULL
11118,3923,3,16-05-2025,,active,NULL
11135,1351,3,08-02-2025,,active,NULL
11144,1458,3,28-01-2025,,active,NULL
11160,7404,3,30-12-2025,,active,NULL
11181,5672,3,30-01-2025,,active,NULL
11189,5921,3,05-01-2026,,active,NULL
11214,7346,3,09-12-2025,,active,NULL
11219,1708,3,09-07-2025,,active,NULL
11242,4459,3,15-06-2025,,active,NULL
11246,1729,3,06-11-2025,,active,NULL
11250,4541,3,12-02-2025,,active,NULL
11252,4064,3,21-06-2025,,active,NULL
11253,3052,3,07-01-2025,,active,NULL
11278,2062,3,03-07-2025,,active,NULL
11279,4526,3,04-03-2025,,active,NULL
11286,5019,3,06-07-2025,,active,NULL
11297,3906,3,05-03-2025,,active,NULL
11315,2496,3,10-12-2025,,active,NULL
11326,7840,3,16-06-2025,,active,NULL
11341,3449,3,29-07-2025,,active,NULL
11351,7385,3,14-03-2025,,active,NULL
11358,5668,3,26-06-2025,,active,NULL
11377,4570,3,14-01-2025,,active,NULL
11378,2245,3,23-07-2025,,active,NULL
11401,4044,3,16-12-2025,,active,NULL
11404,6378,3,14-03-2025,,active,NULL
11408,1735,3,13-01-2025,,active,NULL
11425,2610,3,01-01-2026,,active,NULL
11430,6375,3,23-09-2025,,active,NULL
11437,2583,3,24-09-2025,,active,NULL
11461,1312,3,16-04-2025,,active,NULL
11462,4439,3,10-12-2025,,active,NULL
11469,7617,3,07-01-2025,,active,NULL
11476,953,3,19-02-2025,,active,NULL
11508,2578,3,14-03-2025,,active,NULL
11511,1404,3,10-07-2025,,active,NULL
11532,3422,3,12-12-2025,,active,NULL
11534,5852,3,08-06-2025,,active,NULL
11538,4683,3,04-05-2025,,active,NULL
11546,1902,3,24-04-2025,,active,NULL
11549,6950,3,20-03-2025,,active,NULL
11554,4676,3,18-07-2025,,active,NULL
11557,166,3,30-05-2025,,active,NULL
11561,4166,3,23-05-2025,,active,NULL
11565,6271,3,15-07-2025,,active,NULL
11568,3335,3,27-11-2025,,active,NULL
11571,2379,3,30-03-2025,,active,NULL
11579,4260,3,01-01-2025,,active,NULL
11586,5090,3,11-04-2025,,active,NULL
11610,4751,3,29-06-2025,,active,NULL
11635,149,3,17-11-2025,,active,NULL
11641,3682,3,14-11-2025,,active,NULL
11647,1503,3,03-02-2025,,active,NULL
11663,2663,3,20-07-2025,,active,NULL
11665,7681,3,05-08-2025,,active,NULL
11669,4,3,09-07-2025,,active,NULL
11670,985,3,16-01-2025,,active,NULL
11680,4952,3,04-10-2025,,active,NULL
11693,7667,3,30-10-2025,,active,NULL
11711,7920,3,06-01-2025,,active,NULL
11713,4883,3,18-05-2025,,active,NULL
11723,7237,3,28-06-2025,,active,NULL
11738,7581,3,13-10-2025,,active,NULL
11745,6611,3,18-03-2025,,active,NULL
11753,1553,3,07-03-2025,,active,NULL
11764,6410,3,24-09-2025,,active,NULL
11780,5153,3,06-01-2026,,active,NULL
11788,1688,3,15-01-2025,,active,NULL
11795,4798,3,11-05-2025,,active,NULL
11796,852,3,28-03-2025,,active,NULL
11805,5572,3,25-07-2025,,active,NULL
11809,3755,3,11-09-2025,,active,NULL
11813,4508,3,20-03-2025,,active,NULL
11817,6012,3,09-11-2025,,active,NULL
11835,2516,3,15-08-2025,,active,NULL
11844,1258,3,26-07-2025,,active,NULL
11855,5836,3,17-07-2025,,active,NULL
11858,3302,3,29-03-2025,,active,NULL
11895,3741,3,17-04-2025,,active,NULL
11896,844,3,27-09-2025,,active,NULL
11914,3108,3,13-01-2025,,active,NULL
11931,7693,3,01-01-2025,,active,NULL
11938,4781,3,28-11-2025,,active,NULL
11948,4785,3,06-01-2025,,active,NULL
11962,6841,3,01-06-2025,,active,NULL
11963,5616,3,08-01-2026,,active,NULL
11968,553,3,21-05-2025,,active,NULL
11970,7967,3,05-12-2025,,active,NULL
1,4775,4,26-07-2025,,active,NULL
8,4649,4,09-01-2026,,active,NULL
11,1820,4,12-09-2025,,active,NULL
17,2114,4,09-01-2026,,active,NULL
24,416,4,02-12-2025,,active,NULL
27,3983,4,24-05-2025,,active,NULL
46,3948,4,20-10-2025,,active,NULL
52,3624,4,17-11-2025,,active,NULL
99,2964,4,02-07-2025,,active,NULL
152,3705,4,30-03-2025,,active,NULL
164,4564,4,02-04-2025,,active,NULL
210,3878,4,10-11-2025,,active,NULL
263,149,4,10-01-2026,,active,NULL
269,7499,4,01-12-2025,,active,NULL
301,4085,4,26-04-2025,,active,NULL
324,5994,4,24-01-2025,,active,NULL
339,7943,4,05-09-2025,,active,NULL
352,3390,4,31-01-2025,,active,NULL
380,4814,4,23-07-2025,,active,NULL
408,6241,4,11-10-2025,,active,NULL
428,5222,4,03-11-2025,,active,NULL
429,5687,4,25-09-2025,,active,NULL
437,3979,4,06-01-2025,,active,NULL
445,5075,4,24-04-2025,,active,NULL
465,6570,4,03-07-2025,,active,NULL
478,5537,4,07-06-2025,,active,NULL
484,2271,4,13-01-2025,,active,NULL
489,6115,4,15-08-2025,,active,NULL
492,2065,4,30-10-2025,,active,NULL
529,364,4,04-06-2025,,active,NULL
540,7708,4,27-07-2025,,active,NULL
547,229,4,19-09-2025,,active,NULL
624,2738,4,03-11-2025,,active,NULL
648,6527,4,31-10-2025,,active,NULL
668,2239,4,16-06-2025,,active,NULL
669,7081,4,12-05-2025,,active,NULL
671,5906,4,17-02-2025,,active,NULL
692,2210,4,08-08-2025,,active,NULL
698,4411,4,22-05-2025,,active,NULL
711,4227,4,29-10-2025,,active,NULL
732,2385,4,09-12-2025,,active,NULL
774,3758,4,22-05-2025,,active,NULL
783,2719,4,28-05-2025,,active,NULL
802,701,4,23-08-2025,,active,NULL
809,4682,4,24-02-2025,,active,NULL
835,4113,4,22-06-2025,,active,NULL
843,600,4,06-08-2025,,active,NULL
876,791,4,23-11-2025,,active,NULL
879,4946,4,07-11-2025,,active,NULL
896,1684,4,02-02-2025,,active,NULL
947,83,4,19-07-2025,,active,NULL
979,1805,4,14-01-2025,,active,NULL
994,5077,4,06-01-2026,,active,NULL
998,7060,4,07-06-2025,,active,NULL
1009,172,4,21-04-2025,,active,NULL
1039,6554,4,25-10-2025,,active,NULL
1049,6905,4,27-08-2025,,active,NULL
1065,2523,4,15-01-2025,,active,NULL
1075,6329,4,27-08-2025,,active,NULL
1094,4773,4,04-01-2026,,active,NULL
1120,5240,4,09-11-2025,,active,NULL
1122,3150,4,08-06-2025,,active,NULL
1129,6624,4,08-07-2025,,active,NULL
1134,2424,4,26-04-2025,,active,NULL
1137,635,4,07-01-2025,,active,NULL
1139,3162,4,11-04-2025,,active,NULL
1147,6757,4,26-09-2025,,active,NULL
1152,6376,4,18-03-2025,,active,NULL
1170,7917,4,03-07-2025,,active,NULL
1171,6332,4,06-10-2025,,active,NULL
1174,896,4,20-08-2025,,active,NULL
1176,7046,4,27-03-2025,,active,NULL
1184,3144,4,08-06-2025,,active,NULL
1185,6100,4,23-08-2025,,active,NULL
1208,3494,4,21-07-2025,,active,NULL
1213,4030,4,05-05-2025,,active,NULL
1234,1055,4,08-07-2025,,active,NULL
1247,253,4,23-11-2025,,active,NULL
1250,3146,4,30-04-2025,,active,NULL
1253,2789,4,21-02-2025,,active,NULL
1275,5759,4,25-02-2025,,active,NULL
1303,3348,4,21-12-2025,,active,NULL
1324,4045,4,02-12-2025,,active,NULL
1327,1133,4,28-02-2025,,active,NULL
1369,2910,4,11-01-2025,,active,NULL
1379,1889,4,01-09-2025,,active,NULL
1381,2334,4,08-07-2025,,active,NULL
1389,7329,4,12-07-2025,,active,NULL
1426,1018,4,13-08-2025,,active,NULL
1428,2980,4,18-09-2025,,active,NULL
1432,440,4,05-11-2025,,active,NULL
1445,4480,4,11-02-2025,,active,NULL
1465,5408,4,15-06-2025,,active,NULL
1467,5008,4,26-10-2025,,active,NULL
1496,4372,4,25-05-2025,,active,NULL
1511,3966,4,20-06-2025,,active,NULL
1529,918,4,20-08-2025,,active,NULL
1554,5493,4,04-06-2025,,active,NULL
1579,4360,4,07-10-2025,,active,NULL
1588,1855,4,30-12-2025,,active,NULL
1675,2912,4,09-01-2025,,active,NULL
1687,7770,4,06-02-2025,,active,NULL
1702,5850,4,14-06-2025,,active,NULL
1761,6207,4,29-05-2025,,active,NULL
1773,2405,4,11-01-2026,,active,NULL
1783,5330,4,01-01-2025,,active,NULL
1810,2229,4,17-10-2025,,active,NULL
1811,5205,4,03-04-2025,,active,NULL
1814,6676,4,05-04-2025,,active,NULL
1822,7686,4,08-04-2025,,active,NULL
1825,1682,4,04-08-2025,,active,NULL
1842,1918,4,10-12-2025,,active,NULL
1846,6318,4,12-11-2025,,active,NULL
1851,1464,4,15-04-2025,,active,NULL
1854,344,4,25-06-2025,,active,NULL
1860,5782,4,02-12-2025,,active,NULL
1901,3670,4,07-09-2025,,active,NULL
1908,2740,4,25-06-2025,,active,NULL
1909,2959,4,26-07-2025,,active,NULL
1940,1946,4,28-02-2025,,active,NULL
1985,6810,4,13-04-2025,,active,NULL
1986,560,4,06-08-2025,,active,NULL
1991,3457,4,15-01-2025,,active,NULL
2009,2129,4,10-10-2025,,active,NULL
2016,8000,4,10-12-2025,,active,NULL
2034,2226,4,08-05-2025,,active,NULL
2054,752,4,08-09-2025,,active,NULL
2074,3772,4,16-06-2025,,active,NULL
2119,7076,4,30-12-2025,,active,NULL
2122,5962,4,26-02-2025,,active,NULL
2135,2315,4,13-03-2025,,active,NULL
2139,5972,4,27-01-2025,,active,NULL
2170,5679,4,18-11-2025,,active,NULL
2186,7924,4,22-06-2025,,active,NULL
2187,1975,4,17-12-2025,,active,NULL
2193,609,4,18-11-2025,,active,NULL
2204,1311,4,01-08-2025,,active,NULL
2207,218,4,11-07-2025,,active,NULL
2210,6489,4,05-01-2025,,active,NULL
2268,5272,4,30-09-2025,,active,NULL
2278,1847,4,28-08-2025,,active,NULL
2308,2726,4,15-04-2025,,active,NULL
2309,6988,4,06-03-2025,,active,NULL
2323,1246,4,20-06-2025,,active,NULL
2368,2333,4,16-03-2025,,active,NULL
2447,2239,4,03-10-2025,,active,NULL
2486,1052,4,19-09-2025,,active,NULL
2491,4729,4,17-12-2025,,active,NULL
2507,4175,4,23-09-2025,,active,NULL
2521,3665,4,19-10-2025,,active,NULL
2525,6698,4,07-12-2025,,active,NULL
2534,4610,4,24-03-2025,,active,NULL
2556,1949,4,17-12-2025,,active,NULL
2560,4016,4,19-12-2025,,active,NULL
2571,2416,4,15-05-2025,,active,NULL
2577,4497,4,02-12-2025,,active,NULL
2579,4690,4,15-02-2025,,active,NULL
2587,2685,4,06-12-2025,,active,NULL
2600,482,4,08-01-2025,,active,NULL
2612,797,4,03-03-2025,,active,NULL
2617,2454,4,14-04-2025,,active,NULL
2637,5213,4,29-07-2025,,active,NULL
2642,571,4,22-07-2025,,active,NULL
2643,7044,4,14-08-2025,,active,NULL
2653,6321,4,22-03-2025,,active,NULL
2682,5368,4,12-09-2025,,active,NULL
2737,2814,4,04-04-2025,,active,NULL
2751,7648,4,05-12-2025,,active,NULL
2753,4859,4,02-05-2025,,active,NULL
2776,4564,4,13-06-2025,,active,NULL
2806,2273,4,04-02-2025,,active,NULL
2815,240,4,24-03-2025,,active,NULL
2823,7713,4,09-07-2025,,active,NULL
2824,2162,4,17-12-2025,,active,NULL
2828,5622,4,11-01-2026,,active,NULL
2850,7182,4,17-08-2025,,active,NULL
2854,1258,4,07-04-2025,,active,NULL
2863,6826,4,09-01-2026,,active,NULL
2897,6305,4,16-11-2025,,active,NULL
2901,3911,4,25-09-2025,,active,NULL
2921,673,4,27-08-2025,,active,NULL
2929,1690,4,29-09-2025,,active,NULL
2957,7743,4,15-06-2025,,active,NULL
2972,1900,4,16-01-2026,,active,NULL
2973,5121,4,27-09-2025,,active,NULL
2998,2569,4,21-07-2025,,active,NULL
3005,3510,4,20-06-2025,,active,NULL
3009,7529,4,11-08-2025,,active,NULL
3011,5505,4,26-01-2025,,active,NULL
3039,4822,4,03-09-2025,,active,NULL
3041,4317,4,22-09-2025,,active,NULL
3048,3141,4,16-01-2026,,active,NULL
3050,7262,4,02-03-2025,,active,NULL
3051,4415,4,30-01-2025,,active,NULL
3060,4858,4,08-04-2025,,active,NULL
3080,2221,4,08-09-2025,,active,NULL
3096,174,4,23-12-2025,,active,NULL
3098,1382,4,16-01-2025,,active,NULL
3128,7080,4,04-06-2025,,active,NULL
3130,6091,4,18-04-2025,,active,NULL
3136,4258,4,15-12-2025,,active,NULL
3137,1965,4,06-06-2025,,active,NULL
3167,4264,4,12-07-2025,,active,NULL
3170,144,4,15-01-2025,,active,NULL
3187,968,4,11-10-2025,,active,NULL
3212,3778,4,03-04-2025,,active,NULL
3233,2121,4,08-09-2025,,active,NULL
3250,7302,4,27-08-2025,,active,NULL
3254,1903,4,03-09-2025,,active,NULL
3299,7670,4,15-12-2025,,active,NULL
3306,4691,4,23-04-2025,,active,NULL
3340,5253,4,05-01-2026,,active,NULL
3350,4932,4,04-06-2025,,active,NULL
3363,4630,4,29-03-2025,,active,NULL
3374,3874,4,15-08-2025,,active,NULL
3382,7500,4,10-04-2025,,active,NULL
3389,644,4,07-04-2025,,active,NULL
3391,2166,4,05-07-2025,,active,NULL
3407,4252,4,30-06-2025,,active,NULL
3420,7804,4,19-11-2025,,active,NULL
3423,7165,4,18-01-2025,,active,NULL
3424,3667,4,29-08-2025,,active,NULL
3432,2830,4,04-06-2025,,active,NULL
3440,1870,4,01-01-2025,,active,NULL
3445,3594,4,19-03-2025,,active,NULL
3448,3337,4,19-11-2025,,active,NULL
3452,3296,4,17-01-2026,,active,NULL
3471,6656,4,18-07-2025,,active,NULL
3479,6885,4,25-08-2025,,active,NULL
3482,4562,4,02-08-2025,,active,NULL
3489,696,4,31-07-2025,,active,NULL
3517,3806,4,12-11-2025,,active,NULL
3531,6838,4,03-01-2026,,active,NULL
3541,2609,4,03-02-2025,,active,NULL
3557,5896,4,07-05-2025,,active,NULL
3560,794,4,30-12-2025,,active,NULL
3587,394,4,27-03-2025,,active,NULL
3599,4596,4,20-03-2025,,active,NULL
3602,5600,4,21-12-2025,,active,NULL
3622,3802,4,29-06-2025,,active,NULL
3629,2703,4,28-03-2025,,active,NULL
3663,7303,4,30-08-2025,,active,NULL
3665,5191,4,08-12-2025,,active,NULL
3691,1324,4,01-11-2025,,active,NULL
3711,5461,4,08-08-2025,,active,NULL
3757,2292,4,09-09-2025,,active,NULL
3761,7172,4,05-01-2026,,active,NULL
3766,878,4,08-05-2025,,active,NULL
3775,625,4,28-11-2025,,active,NULL
3779,7643,4,01-09-2025,,active,NULL
3799,2431,4,07-12-2025,,active,NULL
3826,4123,4,04-03-2025,,active,NULL
3880,2867,4,20-07-2025,,active,NULL
3884,2944,4,21-08-2025,,active,NULL
3890,2407,4,22-01-2025,,active,NULL
3915,7921,4,04-07-2025,,active,NULL
3919,2095,4,09-04-2025,,active,NULL
3932,3797,4,07-10-2025,,active,NULL
3944,4139,4,09-04-2025,,active,NULL
3987,6373,4,22-11-2025,,active,NULL
4022,3677,4,24-02-2025,,active,NULL
4027,962,4,18-04-2025,,active,NULL
4033,2067,4,28-05-2025,,active,NULL
4054,7507,4,18-09-2025,,active,NULL
4116,861,4,22-07-2025,,active,NULL
4117,255,4,08-01-2025,,active,NULL
4123,8000,4,11-06-2025,,active,NULL
4134,6077,4,19-06-2025,,active,NULL
4146,1597,4,06-07-2025,,active,NULL
4150,6374,4,28-05-2025,,active,NULL
4156,1252,4,19-04-2025,,active,NULL
4171,7031,4,16-09-2025,,active,NULL
4181,7299,4,21-05-2025,,active,NULL
4194,4460,4,18-08-2025,,active,NULL
4207,521,4,20-08-2025,,active,NULL
4214,7255,4,03-01-2026,,active,NULL
4215,4626,4,20-03-2025,,active,NULL
4220,237,4,30-06-2025,,active,NULL
4222,6705,4,27-03-2025,,active,NULL
4229,3750,4,15-07-2025,,active,NULL
4274,6211,4,29-04-2025,,active,NULL
4304,4839,4,12-01-2025,,active,NULL
4343,53,4,03-03-2025,,active,NULL
4345,330,4,02-03-2025,,active,NULL
4356,2307,4,20-04-2025,,active,NULL
4388,1617,4,23-03-2025,,active,NULL
4410,2027,4,04-08-2025,,active,NULL
4420,7904,4,14-08-2025,,active,NULL
4423,6531,4,12-02-2025,,active,NULL
4426,3512,4,26-02-2025,,active,NULL
4433,4071,4,16-11-2025,,active,NULL
4458,5146,4,05-07-2025,,active,NULL
4462,7398,4,08-04-2025,,active,NULL
4505,5270,4,20-11-2025,,active,NULL
4510,5983,4,17-12-2025,,active,NULL
4522,3944,4,04-01-2026,,active,NULL
4524,7952,4,05-02-2025,,active,NULL
4532,6603,4,31-01-2025,,active,NULL
4540,5593,4,20-02-2025,,active,NULL
4567,1810,4,04-01-2026,,active,NULL
4581,6138,4,28-07-2025,,active,NULL
4624,934,4,10-11-2025,,active,NULL
4629,6319,4,27-03-2025,,active,NULL
4636,251,4,12-04-2025,,active,NULL
4649,2916,4,06-07-2025,,active,NULL
4706,4221,4,20-12-2025,,active,NULL
4709,940,4,09-06-2025,,active,NULL
4712,7051,4,27-11-2025,,active,NULL
4721,1342,4,30-06-2025,,active,NULL
4724,7520,4,17-05-2025,,active,NULL
4742,3819,4,30-06-2025,,active,NULL
4775,7412,4,09-07-2025,,active,NULL
4801,6979,4,27-03-2025,,active,NULL
4805,5968,4,11-04-2025,,active,NULL
4820,4289,4,27-01-2025,,active,NULL
4852,658,4,18-04-2025,,active,NULL
4877,1322,4,08-06-2025,,active,NULL
4901,5142,4,23-05-2025,,active,NULL
4906,4002,4,15-08-2025,,active,NULL
4909,5090,4,04-12-2025,,active,NULL
4928,6346,4,21-12-2025,,active,NULL
4941,3001,4,15-07-2025,,active,NULL
4955,3047,4,17-11-2025,,active,NULL
4974,1008,4,05-08-2025,,active,NULL
4982,853,4,25-12-2025,,active,NULL
4987,4515,4,16-02-2025,,active,NULL
4995,7524,4,30-09-2025,,active,NULL
5078,3863,4,16-05-2025,,active,NULL
5082,3119,4,14-03-2025,,active,NULL
5127,346,4,23-08-2025,,active,NULL
5128,1429,4,14-11-2025,,active,NULL
5140,7457,4,25-02-2025,,active,NULL
5142,5426,4,28-03-2025,,active,NULL
5149,2853,4,14-10-2025,,active,NULL
5161,5530,4,07-02-2025,,active,NULL
5190,7717,4,13-12-2025,,active,NULL
5192,1437,4,18-04-2025,,active,NULL
5207,2451,4,22-01-2025,,active,NULL
5213,4339,4,25-06-2025,,active,NULL
5217,6329,4,20-10-2025,,active,NULL
5221,1121,4,29-10-2025,,active,NULL
5222,321,4,21-04-2025,,active,NULL
5225,4996,4,20-07-2025,,active,NULL
5273,343,4,10-12-2025,,active,NULL
5278,6073,4,03-11-2025,,active,NULL
5279,4079,4,03-08-2025,,active,NULL
5281,4093,4,25-04-2025,,active,NULL
5295,2445,4,26-06-2025,,active,NULL
5334,299,4,14-11-2025,,active,NULL
5345,6997,4,18-04-2025,,active,NULL
5376,6322,4,16-04-2025,,active,NULL
5398,692,4,19-05-2025,,active,NULL
5422,5717,4,09-08-2025,,active,NULL
5426,6012,4,04-12-2025,,active,NULL
5456,4053,4,05-01-2026,,active,NULL
5461,7574,4,25-12-2025,,active,NULL
5486,2146,4,12-08-2025,,active,NULL
5494,3534,4,13-04-2025,,active,NULL
5505,5690,4,19-11-2025,,active,NULL
5513,957,4,10-10-2025,,active,NULL
5519,2058,4,20-10-2025,,active,NULL
5521,2378,4,08-08-2025,,active,NULL
5528,7068,4,20-10-2025,,active,NULL
5559,4437,4,14-02-2025,,active,NULL
5562,7502,4,20-02-2025,,active,NULL
5588,2774,4,23-05-2025,,active,NULL
5598,808,4,11-04-2025,,active,NULL
5607,6461,4,15-10-2025,,active,NULL
5615,6482,4,03-02-2025,,active,NULL
5664,6852,4,16-12-2025,,active,NULL
5689,6128,4,24-10-2025,,active,NULL
5700,3503,4,29-05-2025,,active,NULL
5735,5560,4,06-05-2025,,active,NULL
5745,1772,4,13-09-2025,,active,NULL
5762,4205,4,10-12-2025,,active,NULL
5764,2888,4,25-06-2025,,active,NULL
5766,1150,4,19-02-2025,,active,NULL
5777,3164,4,03-01-2026,,active,NULL
5825,5488,4,02-12-2025,,active,NULL
5855,7987,4,01-10-2025,,active,NULL
5866,736,4,09-05-2025,,active,NULL
5868,2157,4,04-02-2025,,active,NULL
5884,158,4,28-08-2025,,active,NULL
5936,2752,4,22-10-2025,,active,NULL
5947,3321,4,10-11-2025,,active,NULL
5952,4896,4,29-10-2025,,active,NULL
5959,3030,4,02-10-2025,,active,NULL
5963,7443,4,05-04-2025,,active,NULL
5985,73,4,10-02-2025,,active,NULL
6022,1928,4,12-12-2025,,active,NULL
6073,5050,4,27-08-2025,,active,NULL
6076,4300,4,18-03-2025,,active,NULL
6087,2237,4,24-06-2025,,active,NULL
6088,7600,4,14-11-2025,,active,NULL
6093,1741,4,01-12-2025,,active,NULL
6131,7801,4,12-07-2025,,active,NULL
6158,7309,4,30-05-2025,,active,NULL
6159,7833,4,18-09-2025,,active,NULL
6161,2668,4,09-10-2025,,active,NULL
6205,3712,4,04-02-2025,,active,NULL
6224,6840,4,21-02-2025,,active,NULL
6247,1825,4,16-03-2025,,active,NULL
6254,2761,4,26-06-2025,,active,NULL
6260,23,4,09-05-2025,,active,NULL
6269,1526,4,22-10-2025,,active,NULL
6278,5818,4,05-01-2026,,active,NULL
6286,7789,4,18-10-2025,,active,NULL
6321,5928,4,30-06-2025,,active,NULL
6329,5746,4,28-10-2025,,active,NULL
6334,4030,4,05-06-2025,,active,NULL
6348,5722,4,23-12-2025,,active,NULL
6350,1351,4,22-02-2025,,active,NULL
6356,7976,4,29-01-2025,,active,NULL
6382,1332,4,13-03-2025,,active,NULL
6384,2321,4,13-03-2025,,active,NULL
6396,4142,4,03-06-2025,,active,NULL
6400,5839,4,12-12-2025,,active,NULL
6405,6815,4,11-08-2025,,active,NULL
6415,775,4,12-01-2025,,active,NULL
6421,3824,4,15-07-2025,,active,NULL
6443,159,4,22-09-2025,,active,NULL
6446,7159,4,07-08-2025,,active,NULL
6469,3361,4,14-08-2025,,active,NULL
6478,644,4,05-08-2025,,active,NULL
6484,1362,4,24-01-2025,,active,NULL
6501,4779,4,04-01-2026,,active,NULL
6508,5703,4,27-07-2025,,active,NULL
6511,6537,4,21-05-2025,,active,NULL
6534,3045,4,10-01-2025,,active,NULL
6607,3322,4,10-03-2025,,active,NULL
6612,3542,4,11-06-2025,,active,NULL
6629,3296,4,26-12-2025,,active,NULL
6647,2225,4,01-03-2025,,active,NULL
6655,5934,4,07-09-2025,,active,NULL
6657,4166,4,11-02-2025,,active,NULL
6661,1424,4,20-04-2025,,active,NULL
6664,6119,4,08-04-2025,,active,NULL
6668,2982,4,19-08-2025,,active,NULL
6698,4252,4,21-12-2025,,active,NULL
6699,3210,4,10-08-2025,,active,NULL
6700,5115,4,18-09-2025,,active,NULL
6745,441,4,11-10-2025,,active,NULL
6747,392,4,23-06-2025,,active,NULL
6769,6904,4,19-12-2025,,active,NULL
6777,6912,4,22-07-2025,,active,NULL
6823,6970,4,30-07-2025,,active,NULL
6824,2243,4,15-03-2025,,active,NULL
6827,1162,4,09-07-2025,,active,NULL
6829,5343,4,20-11-2025,,active,NULL
6849,6859,4,19-01-2025,,active,NULL
6854,7814,4,07-06-2025,,active,NULL
6864,853,4,19-07-2025,,active,NULL
6867,1745,4,16-10-2025,,active,NULL
6876,4801,4,08-01-2025,,active,NULL
6883,2545,4,12-04-2025,,active,NULL
6901,7967,4,19-05-2025,,active,NULL
6906,632,4,30-01-2025,,active,NULL
6917,4145,4,18-12-2025,,active,NULL
6951,5346,4,12-11-2025,,active,NULL
6957,3093,4,18-06-2025,,active,NULL
6983,1069,4,18-07-2025,,active,NULL
6988,5907,4,22-06-2025,,active,NULL
7025,1486,4,03-09-2025,,active,NULL
7026,7092,4,09-02-2025,,active,NULL
7031,4402,4,15-11-2025,,active,NULL
7053,3097,4,10-04-2025,,active,NULL
7072,5660,4,13-04-2025,,active,NULL
7089,3071,4,23-01-2025,,active,NULL
7117,873,4,04-01-2025,,active,NULL
7119,2089,4,05-08-2025,,active,NULL
7169,7275,4,07-02-2025,,active,NULL
7188,7582,4,31-12-2025,,active,NULL
7203,7131,4,01-07-2025,,active,NULL
7206,4501,4,27-11-2025,,active,NULL
7217,29,4,21-05-2025,,active,NULL
7237,2656,4,16-07-2025,,active,NULL
7264,6101,4,03-03-2025,,active,NULL
7274,3890,4,14-09-2025,,active,NULL
7282,2564,4,27-07-2025,,active,NULL
7308,5435,4,07-03-2025,,active,NULL
7317,7933,4,13-05-2025,,active,NULL
7355,1885,4,13-05-2025,,active,NULL
7364,7928,4,04-07-2025,,active,NULL
7368,4453,4,05-03-2025,,active,NULL
7372,4143,4,01-01-2025,,active,NULL
7374,427,4,14-12-2025,,active,NULL
7383,5037,4,06-01-2026,,active,NULL
7386,7510,4,23-04-2025,,active,NULL
7418,6198,4,06-10-2025,,active,NULL
7420,1414,4,12-07-2025,,active,NULL
7443,1677,4,22-04-2025,,active,NULL
7471,3166,4,09-09-2025,,active,NULL
7476,1545,4,03-12-2025,,active,NULL
7492,3115,4,28-06-2025,,active,NULL
7513,3353,4,26-03-2025,,active,NULL
7516,2812,4,09-06-2025,,active,NULL
7532,4836,4,09-10-2025,,active,NULL
7554,5540,4,29-11-2025,,active,NULL
7562,2827,4,24-07-2025,,active,NULL
7572,4206,4,13-11-2025,,active,NULL
7573,4310,4,18-09-2025,,active,NULL
7578,515,4,28-08-2025,,active,NULL
7580,3468,4,17-08-2025,,active,NULL
7592,4167,4,18-01-2026,,active,NULL
7593,1507,4,27-11-2025,,active,NULL
7598,3857,4,02-06-2025,,active,NULL
7634,709,4,29-11-2025,,active,NULL
7646,4666,4,09-10-2025,,active,NULL
7658,6370,4,21-09-2025,,active,NULL
7662,7437,4,31-03-2025,,active,NULL
7669,5278,4,17-09-2025,,active,NULL
7677,4430,4,13-08-2025,,active,NULL
7701,5274,4,05-01-2025,,active,NULL
7726,278,4,14-12-2025,,active,NULL
7731,329,4,27-03-2025,,active,NULL
7756,5470,4,08-12-2025,,active,NULL
7769,1360,4,15-05-2025,,active,NULL
7824,7888,4,22-05-2025,,active,NULL
7844,2130,4,28-12-2025,,active,NULL
7845,1420,4,03-05-2025,,active,NULL
7849,7748,4,15-04-2025,,active,NULL
7860,5102,4,05-08-2025,,active,NULL
7872,3355,4,16-02-2025,,active,NULL
7873,5285,4,01-04-2025,,active,NULL
7906,4224,4,05-01-2026,,active,NULL
7938,1266,4,09-01-2026,,active,NULL
7939,7752,4,13-02-2025,,active,NULL
7940,3969,4,10-06-2025,,active,NULL
7943,3576,4,25-08-2025,,active,NULL
7952,2019,4,07-12-2025,,active,NULL
7953,6329,4,22-09-2025,,active,NULL
7984,6326,4,01-02-2025,,active,NULL
7987,2388,4,17-02-2025,,active,NULL
8001,167,4,13-12-2025,,active,NULL
8011,5955,4,16-11-2025,,active,NULL
8022,6942,4,28-10-2025,,active,NULL
8030,1391,4,27-11-2025,,active,NULL
8032,1134,4,06-08-2025,,active,NULL
8035,4652,4,29-03-2025,,active,NULL
8043,770,4,17-02-2025,,active,NULL
8044,7411,4,26-07-2025,,active,NULL
8052,777,4,30-01-2025,,active,NULL
8057,6310,4,20-11-2025,,active,NULL
8074,1125,4,18-01-2025,,active,NULL
8075,1249,4,08-10-2025,,active,NULL
8076,7450,4,11-01-2026,,active,NULL
8078,1389,4,20-11-2025,,active,NULL
8135,6715,4,04-08-2025,,active,NULL
8161,760,4,27-04-2025,,active,NULL
8163,2547,4,14-12-2025,,active,NULL
8165,106,4,14-01-2026,,active,NULL
8179,4082,4,26-08-2025,,active,NULL
8180,1099,4,03-09-2025,,active,NULL
8196,7367,4,11-06-2025,,active,NULL
8202,923,4,08-07-2025,,active,NULL
8209,3538,4,20-05-2025,,active,NULL
8229,5026,4,05-10-2025,,active,NULL
8237,2983,4,20-03-2025,,active,NULL
8241,6472,4,25-04-2025,,active,NULL
8257,3968,4,31-01-2025,,active,NULL
8277,317,4,22-02-2025,,active,NULL
8288,5950,4,06-07-2025,,active,NULL
8310,3627,4,17-08-2025,,active,NULL
8312,3043,4,28-10-2025,,active,NULL
8314,5614,4,08-03-2025,,active,NULL
8330,423,4,22-04-2025,,active,NULL
8340,4638,4,22-01-2025,,active,NULL
8348,18,4,12-01-2025,,active,NULL
8360,3127,4,08-04-2025,,active,NULL
8361,6590,4,24-02-2025,,active,NULL
8364,3228,4,06-08-2025,,active,NULL
8365,890,4,28-08-2025,,active,NULL
8400,261,4,01-01-2026,,active,NULL
8417,5342,4,20-02-2025,,active,NULL
8427,164,4,25-05-2025,,active,NULL
8433,319,4,08-05-2025,,active,NULL
8434,1279,4,10-08-2025,,active,NULL
8439,2944,4,13-11-2025,,active,NULL
8440,1444,4,24-06-2025,,active,NULL
8444,6169,4,08-11-2025,,active,NULL
8462,3295,4,19-03-2025,,active,NULL
8479,1850,4,26-03-2025,,active,NULL
8502,4056,4,19-08-2025,,active,NULL
8504,7518,4,08-01-2025,,active,NULL
8509,7223,4,09-02-2025,,active,NULL
8510,3783,4,05-01-2025,,active,NULL
8513,5936,4,01-01-2026,,active,NULL
8527,5194,4,19-08-2025,,active,NULL
8545,7660,4,26-01-2025,,active,NULL
8556,6745,4,22-07-2025,,active,NULL
8566,361,4,11-08-2025,,active,NULL
8571,718,4,04-02-2025,,active,NULL
8582,6134,4,20-12-2025,,active,NULL
8606,2619,4,11-03-2025,,active,NULL
8618,7640,4,05-12-2025,,active,NULL
8652,4915,4,21-07-2025,,active,NULL
8658,1622,4,14-06-2025,,active,NULL
8666,2119,4,08-10-2025,,active,NULL
8677,5935,4,04-12-2025,,active,NULL
8687,4588,4,02-03-2025,,active,NULL
8737,6848,4,25-02-2025,,active,NULL
8743,4718,4,21-04-2025,,active,NULL
8748,2225,4,12-02-2025,,active,NULL
8755,2978,4,21-12-2025,,active,NULL
8763,2797,4,29-08-2025,,active,NULL
8794,7982,4,03-07-2025,,active,NULL
8796,1652,4,03-08-2025,,active,NULL
8798,5161,4,20-12-2025,,active,NULL
8816,3586,4,07-01-2025,,active,NULL
8843,2867,4,04-01-2025,,active,NULL
8857,2050,4,09-01-2026,,active,NULL
8858,2043,4,20-07-2025,,active,NULL
8908,3579,4,06-08-2025,,active,NULL
8910,4709,4,05-01-2025,,active,NULL
8921,477,4,04-02-2025,,active,NULL
8961,3468,4,06-03-2025,,active,NULL
8972,2781,4,18-06-2025,,active,NULL
8998,4395,4,11-04-2025,,active,NULL
9013,197,4,20-11-2025,,active,NULL
9020,7294,4,01-06-2025,,active,NULL
9030,796,4,07-01-2026,,active,NULL
9039,5135,4,10-05-2025,,active,NULL
9057,2296,4,12-12-2025,,active,NULL
9064,742,4,05-02-2025,,active,NULL
9084,6513,4,10-11-2025,,active,NULL
9090,657,4,25-07-2025,,active,NULL
9091,1049,4,20-01-2025,,active,NULL
9115,5172,4,24-10-2025,,active,NULL
9116,5762,4,18-08-2025,,active,NULL
9144,7341,4,22-05-2025,,active,NULL
9151,1053,4,03-06-2025,,active,NULL
9173,602,4,09-02-2025,,active,NULL
9181,6846,4,31-01-2025,,active,NULL
9206,3154,4,16-02-2025,,active,NULL
9213,5302,4,31-10-2025,,active,NULL
9235,5668,4,04-01-2025,,active,NULL
9262,1237,4,14-05-2025,,active,NULL
9271,7939,4,09-12-2025,,active,NULL
9281,3198,4,20-10-2025,,active,NULL
9306,5987,4,16-07-2025,,active,NULL
9310,2715,4,12-07-2025,,active,NULL
9313,2051,4,15-01-2025,,active,NULL
9319,5594,4,25-05-2025,,active,NULL
9320,7828,4,17-01-2026,,active,NULL
9327,2910,4,30-06-2025,,active,NULL
9331,4005,4,20-01-2025,,active,NULL
9332,6137,4,31-05-2025,,active,NULL
9357,3280,4,17-03-2025,,active,NULL
9358,1418,4,01-07-2025,,active,NULL
9363,6850,4,22-08-2025,,active,NULL
9376,5387,4,12-04-2025,,active,NULL
9402,1906,4,26-10-2025,,active,NULL
9404,174,4,04-10-2025,,active,NULL
9408,2558,4,10-10-2025,,active,NULL
9413,4510,4,26-02-2025,,active,NULL
9435,6096,4,10-09-2025,,active,NULL
9489,1989,4,17-01-2026,,active,NULL
9492,2117,4,09-01-2025,,active,NULL
9495,6708,4,26-12-2025,,active,NULL
9512,5158,4,16-03-2025,,active,NULL
9534,6744,4,26-04-2025,,active,NULL
9566,4731,4,07-08-2025,,active,NULL
9568,3181,4,16-09-2025,,active,NULL
9577,6243,4,09-10-2025,,active,NULL
9584,7071,4,12-08-2025,,active,NULL
9586,5073,4,02-01-2025,,active,NULL
9590,2154,4,30-01-2025,,active,NULL
9596,2692,4,03-03-2025,,active,NULL
9634,6709,4,27-03-2025,,active,NULL
9642,3766,4,07-08-2025,,active,NULL
9652,3056,4,22-06-2025,,active,NULL
9655,3097,4,09-07-2025,,active,NULL
9659,865,4,13-07-2025,,active,NULL
9660,2191,4,15-01-2025,,active,NULL
9662,1684,4,24-09-2025,,active,NULL
9663,2219,4,10-12-2025,,active,NULL
9689,5106,4,31-10-2025,,active,NULL
9700,4092,4,03-01-2025,,active,NULL
9719,4384,4,13-10-2025,,active,NULL
9741,6639,4,16-01-2026,,active,NULL
9766,4429,4,10-07-2025,,active,NULL
9776,7095,4,31-01-2025,,active,NULL
9778,4623,4,21-03-2025,,active,NULL
9788,909,4,06-05-2025,,active,NULL
9789,2960,4,19-01-2025,,active,NULL
9793,5663,4,16-09-2025,,active,NULL
9804,7904,4,12-01-2025,,active,NULL
9806,5994,4,29-03-2025,,active,NULL
9865,1359,4,19-11-2025,,active,NULL
9871,6886,4,20-03-2025,,active,NULL
9895,5222,4,05-03-2025,,active,NULL
9896,1553,4,30-10-2025,,active,NULL
9903,2328,4,17-01-2026,,active,NULL
9906,1029,4,22-04-2025,,active,NULL
9927,3802,4,15-03-2025,,active,NULL
9950,7362,4,25-05-2025,,active,NULL
9953,559,4,28-03-2025,,active,NULL
9973,840,4,16-11-2025,,active,NULL
9981,6053,4,12-07-2025,,active,NULL
9984,7151,4,13-04-2025,,active,NULL
9992,567,4,06-11-2025,,active,NULL
9996,1795,4,19-08-2025,,active,NULL
10000,3684,4,11-02-2025,,active,NULL
10008,2671,4,12-01-2025,,active,NULL
10017,1393,4,07-10-2025,,active,NULL
10039,5480,4,12-03-2025,,active,NULL
10044,2240,4,13-08-2025,,active,NULL
10056,3869,4,15-04-2025,,active,NULL
10065,3765,4,08-12-2025,,active,NULL
10075,7830,4,12-02-2025,,active,NULL
10078,294,4,02-01-2026,,active,NULL
10096,4446,4,22-09-2025,,active,NULL
10131,4996,4,17-05-2025,,active,NULL
10143,2222,4,02-01-2026,,active,NULL
10153,4527,4,30-07-2025,,active,NULL
10178,6405,4,06-09-2025,,active,NULL
10203,7470,4,21-06-2025,,active,NULL
10209,1161,4,31-10-2025,,active,NULL
10214,6721,4,12-09-2025,,active,NULL
10229,4471,4,06-01-2025,,active,NULL
10235,514,4,26-05-2025,,active,NULL
10260,199,4,14-08-2025,,active,NULL
10272,3133,4,03-04-2025,,active,NULL
10310,4195,4,14-01-2025,,active,NULL
10329,4984,4,27-10-2025,,active,NULL
10347,3149,4,21-10-2025,,active,NULL
10355,5844,4,29-06-2025,,active,NULL
10357,205,4,21-05-2025,,active,NULL
10363,6393,4,14-04-2025,,active,NULL
10369,6189,4,21-03-2025,,active,NULL
10379,1992,4,02-06-2025,,active,NULL
10380,7895,4,02-06-2025,,active,NULL
10427,1074,4,07-06-2025,,active,NULL
10458,597,4,27-08-2025,,active,NULL
10464,5978,4,22-08-2025,,active,NULL
10465,4595,4,22-12-2025,,active,NULL
10466,3867,4,19-04-2025,,active,NULL
10467,169,4,19-01-2025,,active,NULL
10474,7676,4,01-06-2025,,active,NULL
10494,182,4,15-08-2025,,active,NULL
10498,5419,4,28-03-2025,,active,NULL
10501,1615,4,24-06-2025,,active,NULL
10514,2441,4,23-01-2025,,active,NULL
10522,7981,4,31-08-2025,,active,NULL
10524,5091,4,10-02-2025,,active,NULL
10527,5470,4,29-01-2025,,active,NULL
10549,1513,4,14-07-2025,,active,NULL
10577,5564,4,17-02-2025,,active,NULL
10584,6880,4,13-12-2025,,active,NULL
10619,5890,4,11-07-2025,,active,NULL
10633,6529,4,19-06-2025,,active,NULL
10634,731,4,24-09-2025,,active,NULL
10646,4990,4,09-10-2025,,active,NULL
10648,3761,4,27-12-2025,,active,NULL
10667,6818,4,12-09-2025,,active,NULL
10681,6540,4,04-05-2025,,active,NULL
10699,1618,4,12-10-2025,,active,NULL
10722,7848,4,19-11-2025,,active,NULL
10741,1127,4,01-09-2025,,active,NULL
10757,1747,4,15-01-2025,,active,NULL
10762,1333,4,25-05-2025,,active,NULL
10777,5962,4,21-04-2025,,active,NULL
10820,5696,4,24-10-2025,,active,NULL
10828,6187,4,14-01-2025,,active,NULL
10830,2970,4,09-09-2025,,active,NULL
10850,7217,4,08-01-2026,,active,NULL
10863,2147,4,24-01-2025,,active,NULL
10889,7317,4,15-10-2025,,active,NULL
10890,5434,4,21-02-2025,,active,NULL
10895,1444,4,22-08-2025,,active,NULL
10930,972,4,11-11-2025,,active,NULL
10972,4144,4,08-12-2025,,active,NULL
10983,3845,4,30-09-2025,,active,NULL
10989,3974,4,05-02-2025,,active,NULL
11000,1581,4,23-09-2025,,active,NULL
11021,3316,4,17-05-2025,,active,NULL
11024,4075,4,29-05-2025,,active,NULL
11031,4607,4,05-07-2025,,active,NULL
11101,5098,4,09-07-2025,,active,NULL
11105,6708,4,30-04-2025,,active,NULL
11124,330,4,02-02-2025,,active,NULL
11142,7593,4,05-02-2025,,active,NULL
11149,7807,4,29-06-2025,,active,NULL
11163,4777,4,19-03-2025,,active,NULL
11176,6471,4,05-10-2025,,active,NULL
11182,6334,4,01-01-2025,,active,NULL
11201,4234,4,10-01-2026,,active,NULL
11205,5846,4,14-04-2025,,active,NULL
11207,2459,4,29-01-2025,,active,NULL
11257,46,4,09-07-2025,,active,NULL
11263,4933,4,30-01-2025,,active,NULL
11275,4851,4,12-06-2025,,active,NULL
11276,7751,4,21-10-2025,,active,NULL
11283,2846,4,25-12-2025,,active,NULL
11321,2302,4,19-07-2025,,active,NULL
11323,2576,4,22-10-2025,,active,NULL
11330,1012,4,08-01-2025,,active,NULL
11336,3532,4,10-08-2025,,active,NULL
11339,970,4,15-04-2025,,active,NULL
11350,7305,4,21-03-2025,,active,NULL
11360,916,4,28-05-2025,,active,NULL
11380,741,4,10-10-2025,,active,NULL
11411,154,4,23-08-2025,,active,NULL
11424,2890,4,05-01-2025,,active,NULL
11438,1384,4,29-12-2025,,active,NULL
11452,4789,4,23-12-2025,,active,NULL
11558,434,4,02-09-2025,,active,NULL
11560,1820,4,01-01-2025,,active,NULL
11597,6502,4,09-08-2025,,active,NULL
11609,6312,4,02-11-2025,,active,NULL
11652,4925,4,26-07-2025,,active,NULL
11672,1739,4,06-05-2025,,active,NULL
11674,1035,4,01-02-2025,,active,NULL
11700,4673,4,17-02-2025,,active,NULL
11706,1703,4,14-04-2025,,active,NULL
11728,618,4,04-01-2026,,active,NULL
11734,4967,4,19-03-2025,,active,NULL
11737,7436,4,04-03-2025,,active,NULL
11749,1686,4,20-02-2025,,active,NULL
11774,7660,4,29-01-2025,,active,NULL
11821,7701,4,25-04-2025,,active,NULL
11833,1017,4,31-08-2025,,active,NULL
11843,7831,4,07-06-2025,,active,NULL
11852,6620,4,17-11-2025,,active,NULL
11861,2111,4,02-11-2025,,active,NULL
11884,1646,4,25-11-2025,,active,NULL
11887,7803,4,01-02-2025,,active,NULL
11893,3188,4,29-10-2025,,active,NULL
11900,7266,4,08-01-2025,,active,NULL
11918,2232,4,14-11-2025,,active,NULL
11934,602,4,15-06-2025,,active,NULL
11975,6093,4,24-05-2025,,active,NULL
26,2570,5,12-10-2025,,active,NULL
34,2614,5,23-03-2025,,active,NULL
58,2196,5,03-01-2025,,active,NULL
78,3509,5,24-12-2025,,active,NULL
81,6408,5,30-01-2025,,active,NULL
151,2728,5,12-06-2025,,active,NULL
153,2429,5,01-07-2025,,active,NULL
159,7986,5,14-01-2025,,active,NULL
183,4257,5,03-06-2025,,active,NULL
185,4107,5,02-12-2025,,active,NULL
187,5564,5,19-05-2025,,active,NULL
214,360,5,15-10-2025,,active,NULL
265,7749,5,07-10-2025,,active,NULL
274,2494,5,03-02-2025,,active,NULL
280,7672,5,06-01-2025,,active,NULL
285,6060,5,10-08-2025,,active,NULL
294,4486,5,07-02-2025,,active,NULL
296,4385,5,27-09-2025,,active,NULL
305,1052,5,28-07-2025,,active,NULL
327,2262,5,29-07-2025,,active,NULL
387,3835,5,24-05-2025,,active,NULL
405,3177,5,04-08-2025,,active,NULL
417,1702,5,13-09-2025,,active,NULL
422,1893,5,15-03-2025,,active,NULL
434,5939,5,29-09-2025,,active,NULL
450,6796,5,22-09-2025,,active,NULL
458,5543,5,08-05-2025,,active,NULL
507,206,5,27-01-2025,,active,NULL
520,2806,5,30-06-2025,,active,NULL
523,771,5,24-08-2025,,active,NULL
539,1311,5,07-01-2025,,active,NULL
567,1451,5,17-08-2025,,active,NULL
604,4501,5,01-01-2025,,active,NULL
621,6611,5,20-09-2025,,active,NULL
637,1162,5,10-03-2025,,active,NULL
641,1970,5,17-01-2026,,active,NULL
658,5848,5,28-12-2025,,active,NULL
672,6086,5,04-12-2025,,active,NULL
679,169,5,15-04-2025,,active,NULL
713,4763,5,07-09-2025,,active,NULL
719,2017,5,31-12-2025,,active,NULL
728,7194,5,08-01-2025,,active,NULL
742,2552,5,19-12-2025,,active,NULL
857,6544,5,17-03-2025,,active,NULL
858,7212,5,07-09-2025,,active,NULL
861,5100,5,08-01-2026,,active,NULL
880,170,5,23-04-2025,,active,NULL
894,1393,5,09-01-2025,,active,NULL
898,1856,5,20-03-2025,,active,NULL
902,1142,5,24-03-2025,,active,NULL
907,5691,5,03-01-2026,,active,NULL
918,922,5,23-12-2025,,active,NULL
920,710,5,18-02-2025,,active,NULL
929,6801,5,17-10-2025,,active,NULL
988,2219,5,14-04-2025,,active,NULL
991,2060,5,08-08-2025,,active,NULL
1019,944,5,18-10-2025,,active,NULL
1029,1761,5,15-06-2025,,active,NULL
1047,5061,5,29-06-2025,,active,NULL
1121,6253,5,07-11-2025,,active,NULL
1124,1763,5,01-04-2025,,active,NULL
1133,2973,5,27-11-2025,,active,NULL
1196,6806,5,08-07-2025,,active,NULL
1200,4767,5,04-02-2025,,active,NULL
1204,1050,5,22-04-2025,,active,NULL
1243,1611,5,12-12-2025,,active,NULL
1259,3046,5,05-12-2025,,active,NULL
1263,7629,5,18-04-2025,,active,NULL
1277,6584,5,02-07-2025,,active,NULL
1281,6813,5,24-01-2025,,active,NULL
1282,4258,5,24-04-2025,,active,NULL
1291,6726,5,09-11-2025,,active,NULL
1349,4940,5,02-12-2025,,active,NULL
1373,2131,5,23-12-2025,,active,NULL
1413,6912,5,20-02-2025,,active,NULL
1415,4408,5,29-03-2025,,active,NULL
1430,4835,5,22-05-2025,,active,NULL
1440,2568,5,29-11-2025,,active,NULL
1442,2037,5,22-07-2025,,active,NULL
1443,4242,5,08-05-2025,,active,NULL
1474,7696,5,21-05-2025,,active,NULL
1478,3390,5,12-06-2025,,active,NULL
1498,7081,5,09-12-2025,,active,NULL
1499,4823,5,11-07-2025,,active,NULL
1504,1943,5,09-10-2025,,active,NULL
1525,6369,5,05-10-2025,,active,NULL
1539,1003,5,04-04-2025,,active,NULL
1544,2428,5,13-12-2025,,active,NULL
1562,2812,5,15-05-2025,,active,NULL
1567,2835,5,03-07-2025,,active,NULL
1578,7547,5,01-08-2025,,active,NULL
1597,199,5,01-06-2025,,active,NULL
1609,6801,5,09-02-2025,,active,NULL
1618,4044,5,12-05-2025,,active,NULL
1629,6402,5,12-05-2025,,active,NULL
1641,7259,5,14-11-2025,,active,NULL
1691,716,5,15-01-2025,,active,NULL
1701,5728,5,26-06-2025,,active,NULL
1738,7318,5,18-08-2025,,active,NULL
1746,3349,5,12-05-2025,,active,NULL
1760,1044,5,07-02-2025,,active,NULL
1782,1348,5,04-05-2025,,active,NULL
1813,3609,5,11-07-2025,,active,NULL
1845,3879,5,13-12-2025,,active,NULL
1847,1210,5,06-05-2025,,active,NULL
1849,251,5,16-05-2025,,active,NULL
1885,4597,5,26-07-2025,,active,NULL
1916,2648,5,18-05-2025,,active,NULL
1930,3764,5,15-12-2025,,active,NULL
1935,3058,5,22-06-2025,,active,NULL
1960,6300,5,15-11-2025,,active,NULL
1984,4678,5,14-01-2025,,active,NULL
2002,42,5,07-06-2025,,active,NULL
2005,647,5,09-05-2025,,active,NULL
2052,360,5,24-08-2025,,active,NULL
2056,1866,5,26-01-2025,,active,NULL
2068,1952,5,09-05-2025,,active,NULL
2069,4396,5,19-05-2025,,active,NULL
2102,5770,5,16-10-2025,,active,NULL
2105,1416,5,26-10-2025,,active,NULL
2106,4610,5,14-02-2025,,active,NULL
2185,7424,5,18-05-2025,,active,NULL
2227,6635,5,27-08-2025,,active,NULL
2243,5106,5,14-12-2025,,active,NULL
2244,2361,5,16-04-2025,,active,NULL
2282,4921,5,12-03-2025,,active,NULL
2287,7756,5,21-11-2025,,active,NULL
2310,2899,5,18-07-2025,,active,NULL
2317,1332,5,06-02-2025,,active,NULL
2327,2366,5,14-06-2025,,active,NULL
2328,3114,5,07-05-2025,,active,NULL
2336,3269,5,13-05-2025,,active,NULL
2346,3791,5,06-10-2025,,active,NULL
2379,4119,5,18-06-2025,,active,NULL
2395,3169,5,26-05-2025,,active,NULL
2396,5148,5,02-04-2025,,active,NULL
2434,6814,5,29-04-2025,,active,NULL
2441,6087,5,01-12-2025,,active,NULL
2446,530,5,31-08-2025,,active,NULL
2465,4632,5,04-12-2025,,active,NULL
2475,1022,5,07-07-2025,,active,NULL
2493,6956,5,20-12-2025,,active,NULL
2528,6342,5,03-03-2025,,active,NULL
2540,2462,5,18-04-2025,,active,NULL
2545,7887,5,29-11-2025,,active,NULL
2569,479,5,22-06-2025,,active,NULL
2573,7459,5,24-04-2025,,active,NULL
2608,1761,5,10-01-2025,,active,NULL
2618,4559,5,28-10-2025,,active,NULL
2625,4710,5,24-01-2025,,active,NULL
2626,3204,5,13-08-2025,,active,NULL
2667,3526,5,08-08-2025,,active,NULL
2683,571,5,04-02-2025,,active,NULL
2781,7709,5,13-07-2025,,active,NULL
2784,4142,5,29-11-2025,,active,NULL
2809,3702,5,30-06-2025,,active,NULL
2814,2043,5,03-07-2025,,active,NULL
2819,7574,5,13-11-2025,,active,NULL
2834,1470,5,25-05-2025,,active,NULL
2848,7984,5,26-03-2025,,active,NULL
2852,2266,5,18-02-2025,,active,NULL
2860,3155,5,14-12-2025,,active,NULL
2869,7701,5,28-05-2025,,active,NULL
2885,4442,5,17-04-2025,,active,NULL
2895,2692,5,14-06-2025,,active,NULL
2898,4503,5,06-08-2025,,active,NULL
2909,5215,5,12-02-2025,,active,NULL
2913,2418,5,06-02-2025,,active,NULL
2916,3934,5,20-03-2025,,active,NULL
2931,6183,5,12-12-2025,,active,NULL
2939,6103,5,17-01-2026,,active,NULL
2982,5756,5,06-06-2025,,active,NULL
2985,6390,5,10-07-2025,,active,NULL
2991,2314,5,14-02-2025,,active,NULL
2997,5423,5,08-11-2025,,active,NULL
3002,3196,5,08-07-2025,,active,NULL
3007,5444,5,09-10-2025,,active,NULL
3026,2749,5,08-04-2025,,active,NULL
3073,1840,5,15-04-2025,,active,NULL
3083,3218,5,19-06-2025,,active,NULL
3088,6122,5,18-01-2026,,active,NULL
3105,4584,5,01-04-2025,,active,NULL
3112,248,5,13-06-2025,,active,NULL
3155,1293,5,20-12-2025,,active,NULL
3162,7376,5,30-11-2025,,active,NULL
3197,6830,5,23-08-2025,,active,NULL
3201,5420,5,29-09-2025,,active,NULL
3217,4530,5,02-10-2025,,active,NULL
3226,2513,5,27-02-2025,,active,NULL
3227,7246,5,03-12-2025,,active,NULL
3236,7694,5,02-12-2025,,active,NULL
3243,2001,5,09-06-2025,,active,NULL
3253,6256,5,03-03-2025,,active,NULL
3267,6734,5,04-12-2025,,active,NULL
3282,6508,5,22-08-2025,,active,NULL
3287,922,5,02-07-2025,,active,NULL
3291,5761,5,27-09-2025,,active,NULL
3294,3528,5,17-12-2025,,active,NULL
3305,1764,5,07-11-2025,,active,NULL
3311,5274,5,28-01-2025,,active,NULL
3331,5174,5,04-06-2025,,active,NULL
3334,1890,5,19-10-2025,,active,NULL
3336,1896,5,07-04-2025,,active,NULL
3402,5416,5,14-05-2025,,active,NULL
3425,2761,5,06-04-2025,,active,NULL
3460,3651,5,17-12-2025,,active,NULL
3491,3045,5,05-03-2025,,active,NULL
3504,792,5,17-06-2025,,active,NULL
3507,987,5,24-06-2025,,active,NULL
3529,1431,5,31-03-2025,,active,NULL
3535,1113,5,28-11-2025,,active,NULL
3538,7671,5,22-09-2025,,active,NULL
3558,4053,5,28-12-2025,,active,NULL
3561,5099,5,09-07-2025,,active,NULL
3562,2954,5,24-03-2025,,active,NULL
3590,7714,5,20-09-2025,,active,NULL
3598,6568,5,11-04-2025,,active,NULL
3621,3734,5,16-04-2025,,active,NULL
3653,3437,5,22-06-2025,,active,NULL
3682,4280,5,14-08-2025,,active,NULL
3689,3114,5,04-08-2025,,active,NULL
3696,4215,5,10-09-2025,,active,NULL
3708,6473,5,09-07-2025,,active,NULL
3715,5165,5,22-07-2025,,active,NULL
3750,4788,5,01-11-2025,,active,NULL
3764,1105,5,14-10-2025,,active,NULL
3781,632,5,02-06-2025,,active,NULL
3785,131,5,27-05-2025,,active,NULL
3796,1096,5,22-09-2025,,active,NULL
3798,2173,5,31-10-2025,,active,NULL
3802,84,5,24-11-2025,,active,NULL
3805,6854,5,07-04-2025,,active,NULL
3806,6876,5,21-06-2025,,active,NULL
3813,6034,5,17-01-2026,,active,NULL
3818,6307,5,08-12-2025,,active,NULL
3823,5334,5,12-09-2025,,active,NULL
3833,2371,5,18-09-2025,,active,NULL
3837,7982,5,17-03-2025,,active,NULL
3868,3177,5,07-01-2025,,active,NULL
3886,347,5,09-10-2025,,active,NULL
3897,6223,5,27-11-2025,,active,NULL
3900,4404,5,02-08-2025,,active,NULL
3926,5298,5,04-06-2025,,active,NULL
3934,4659,5,16-09-2025,,active,NULL
3956,6580,5,07-05-2025,,active,NULL
4011,5884,5,01-12-2025,,active,NULL
4019,3266,5,29-03-2025,,active,NULL
4023,853,5,24-09-2025,,active,NULL
4026,6375,5,27-02-2025,,active,NULL
4032,4149,5,12-02-2025,,active,NULL
4049,6274,5,29-05-2025,,active,NULL
4055,618,5,14-07-2025,,active,NULL
4066,1960,5,16-06-2025,,active,NULL
4070,7791,5,22-02-2025,,active,NULL
4082,4733,5,25-10-2025,,active,NULL
4093,1313,5,17-11-2025,,active,NULL
4111,5243,5,27-12-2025,,active,NULL
4118,1253,5,03-01-2026,,active,NULL
4119,1365,5,16-07-2025,,active,NULL
4128,5078,5,09-10-2025,,active,NULL
4140,1277,5,30-06-2025,,active,NULL
4159,3251,5,04-04-2025,,active,NULL
4193,1004,5,30-11-2025,,active,NULL
4199,2261,5,04-09-2025,,active,NULL
4202,2018,5,22-08-2025,,active,NULL
4212,1510,5,05-05-2025,,active,NULL
4223,3174,5,27-07-2025,,active,NULL
4227,7306,5,13-11-2025,,active,NULL
4234,3852,5,31-08-2025,,active,NULL
4238,5081,5,16-03-2025,,active,NULL
4248,6728,5,07-04-2025,,active,NULL
4265,5646,5,22-07-2025,,active,NULL
4277,242,5,09-09-2025,,active,NULL
4312,1401,5,26-08-2025,,active,NULL
4320,7934,5,20-08-2025,,active,NULL
4344,3075,5,27-12-2025,,active,NULL
4346,7930,5,05-07-2025,,active,NULL
4354,5421,5,24-10-2025,,active,NULL
4385,4194,5,27-09-2025,,active,NULL
4428,3970,5,02-02-2025,,active,NULL
4436,2595,5,09-01-2026,,active,NULL
4444,5475,5,20-08-2025,,active,NULL
4471,1606,5,04-08-2025,,active,NULL
4493,7534,5,30-12-2025,,active,NULL
4494,3023,5,03-09-2025,,active,NULL
4504,581,5,05-11-2025,,active,NULL
4511,2223,5,30-03-2025,,active,NULL
4517,6279,5,09-08-2025,,active,NULL
4549,7656,5,11-11-2025,,active,NULL
4572,3094,5,19-12-2025,,active,NULL
4585,6456,5,17-12-2025,,active,NULL
4597,1568,5,03-01-2025,,active,NULL
4641,5486,5,12-06-2025,,active,NULL
4645,7166,5,02-10-2025,,active,NULL
4646,3607,5,10-10-2025,,active,NULL
4647,6399,5,19-05-2025,,active,NULL
4652,2197,5,28-01-2025,,active,NULL
4676,390,5,18-03-2025,,active,NULL
4690,3184,5,20-08-2025,,active,NULL
4740,4332,5,05-02-2025,,active,NULL
4758,2697,5,20-10-2025,,active,NULL
4763,5965,5,01-06-2025,,active,NULL
4766,4050,5,02-11-2025,,active,NULL
4786,7780,5,08-07-2025,,active,NULL
4791,5583,5,23-09-2025,,active,NULL
4797,3143,5,26-08-2025,,active,NULL
4807,342,5,28-09-2025,,active,NULL
4840,6182,5,12-04-2025,,active,NULL
4854,5891,5,08-05-2025,,active,NULL
4866,3194,5,07-04-2025,,active,NULL
4868,4655,5,07-12-2025,,active,NULL
4873,303,5,30-03-2025,,active,NULL
4880,4104,5,16-10-2025,,active,NULL
4881,5541,5,27-12-2025,,active,NULL
4911,3966,5,25-05-2025,,active,NULL
4926,5750,5,27-04-2025,,active,NULL
4971,1188,5,21-01-2025,,active,NULL
5016,430,5,03-09-2025,,active,NULL
5032,2847,5,23-01-2025,,active,NULL
5050,4650,5,28-04-2025,,active,NULL
5060,3997,5,19-04-2025,,active,NULL
5119,6842,5,21-06-2025,,active,NULL
5132,5245,5,17-02-2025,,active,NULL
5181,1126,5,17-03-2025,,active,NULL
5199,2694,5,14-08-2025,,active,NULL
5227,2263,5,23-02-2025,,active,NULL
5238,7531,5,25-02-2025,,active,NULL
5263,6780,5,26-11-2025,,active,NULL
5274,7005,5,23-08-2025,,active,NULL
5282,2081,5,06-05-2025,,active,NULL
5300,571,5,18-12-2025,,active,NULL
5372,4280,5,28-05-2025,,active,NULL
5374,2518,5,20-01-2025,,active,NULL
5435,5948,5,01-04-2025,,active,NULL
5442,7182,5,25-11-2025,,active,NULL
5453,4289,5,17-01-2025,,active,NULL
5457,5085,5,12-07-2025,,active,NULL
5462,7530,5,16-01-2026,,active,NULL
5482,4460,5,10-12-2025,,active,NULL
5500,1513,5,28-04-2025,,active,NULL
5506,6187,5,02-03-2025,,active,NULL
5515,7981,5,30-01-2025,,active,NULL
5538,6346,5,06-10-2025,,active,NULL
5589,6009,5,19-08-2025,,active,NULL
5590,2771,5,24-06-2025,,active,NULL
5606,2308,5,25-05-2025,,active,NULL
5610,4800,5,01-08-2025,,active,NULL
5625,7698,5,10-12-2025,,active,NULL
5627,1526,5,18-11-2025,,active,NULL
5632,449,5,02-01-2025,,active,NULL
5652,3063,5,13-12-2025,,active,NULL
5661,912,5,23-01-2025,,active,NULL
5674,1736,5,13-01-2025,,active,NULL
5692,7825,5,20-12-2025,,active,NULL
5696,7281,5,12-09-2025,,active,NULL
5697,4998,5,20-12-2025,,active,NULL
5712,7239,5,30-11-2025,,active,NULL
5718,1557,5,05-05-2025,,active,NULL
5728,1231,5,14-06-2025,,active,NULL
5752,962,5,31-05-2025,,active,NULL
5763,1897,5,14-10-2025,,active,NULL
5784,263,5,20-10-2025,,active,NULL
5788,2249,5,06-10-2025,,active,NULL
5810,6234,5,02-08-2025,,active,NULL
5817,4800,5,10-10-2025,,active,NULL
5829,7793,5,06-01-2025,,active,NULL
5841,946,5,24-05-2025,,active,NULL
5858,1529,5,20-11-2025,,active,NULL
5919,568,5,08-12-2025,,active,NULL
5937,1504,5,20-07-2025,,active,NULL
5954,5346,5,04-01-2026,,active,NULL
5970,969,5,02-07-2025,,active,NULL
5973,2275,5,05-01-2026,,active,NULL
5984,3754,5,06-10-2025,,active,NULL
5986,7558,5,28-03-2025,,active,NULL
5991,2617,5,01-10-2025,,active,NULL
6000,6791,5,03-11-2025,,active,NULL
6007,7432,5,29-08-2025,,active,NULL
6020,4779,5,09-03-2025,,active,NULL
6027,1682,5,26-01-2025,,active,NULL
6038,2725,5,21-03-2025,,active,NULL
6051,6787,5,22-07-2025,,active,NULL
6052,5457,5,10-05-2025,,active,NULL
6064,7564,5,05-02-2025,,active,NULL
6104,7094,5,08-09-2025,,active,NULL
6123,3036,5,08-06-2025,,active,NULL
6126,7718,5,09-02-2025,,active,NULL
6129,1238,5,27-06-2025,,active,NULL
6135,3181,5,09-06-2025,,active,NULL
6155,2151,5,02-10-2025,,active,NULL
6173,3016,5,04-01-2025,,active,NULL
6178,3082,5,15-08-2025,,active,NULL
6194,5921,5,17-01-2025,,active,NULL
6196,2151,5,17-10-2025,,active,NULL
6208,7876,5,12-01-2025,,active,NULL
6265,7783,5,29-12-2025,,active,NULL
6295,4230,5,13-03-2025,,active,NULL
6343,1779,5,01-10-2025,,active,NULL
6361,6011,5,19-08-2025,,active,NULL
6368,5178,5,03-12-2025,,active,NULL
6408,4743,5,10-06-2025,,active,NULL
6433,6786,5,01-05-2025,,active,NULL
6434,3276,5,25-04-2025,,active,NULL
6457,3999,5,29-10-2025,,active,NULL
6463,1005,5,07-06-2025,,active,NULL
6473,6021,5,25-05-2025,,active,NULL
6482,18,5,04-11-2025,,active,NULL
6487,48,5,21-04-2025,,active,NULL
6488,6207,5,16-10-2025,,active,NULL
6500,7027,5,22-01-2025,,active,NULL
6532,2642,5,03-01-2025,,active,NULL
6533,4094,5,05-11-2025,,active,NULL
6545,1496,5,22-10-2025,,active,NULL
6562,3748,5,21-07-2025,,active,NULL
6567,6306,5,19-11-2025,,active,NULL
6570,1667,5,22-06-2025,,active,NULL
6581,3419,5,17-12-2025,,active,NULL
6590,1100,5,02-12-2025,,active,NULL
6595,3678,5,26-02-2025,,active,NULL
6625,1439,5,09-10-2025,,active,NULL
6634,2409,5,20-04-2025,,active,NULL
6652,126,5,26-12-2025,,active,NULL
6659,523,5,21-11-2025,,active,NULL
6669,3151,5,29-10-2025,,active,NULL
6686,7580,5,29-03-2025,,active,NULL
6690,5012,5,21-03-2025,,active,NULL
6729,3674,5,11-11-2025,,active,NULL
6753,2256,5,14-08-2025,,active,NULL
6756,2027,5,16-07-2025,,active,NULL
6765,1117,5,18-01-2026,,active,NULL
6844,5837,5,02-01-2026,,active,NULL
6847,3698,5,21-08-2025,,active,NULL
6856,3342,5,26-04-2025,,active,NULL
6904,1371,5,17-09-2025,,active,NULL
6931,7913,5,05-04-2025,,active,NULL
6935,2243,5,27-03-2025,,active,NULL
6981,7052,5,29-10-2025,,active,NULL
7006,3002,5,28-11-2025,,active,NULL
7008,2685,5,24-08-2025,,active,NULL
7014,2774,5,18-11-2025,,active,NULL
7024,5292,5,06-05-2025,,active,NULL
7027,4387,5,10-07-2025,,active,NULL
7058,5736,5,06-08-2025,,active,NULL
7061,2769,5,16-05-2025,,active,NULL
7065,7548,5,08-12-2025,,active,NULL
7071,598,5,07-01-2025,,active,NULL
7077,5695,5,17-10-2025,,active,NULL
7082,3440,5,15-12-2025,,active,NULL
7087,4724,5,04-07-2025,,active,NULL
7095,456,5,01-01-2026,,active,NULL
7108,7763,5,06-03-2025,,active,NULL
7114,5213,5,19-08-2025,,active,NULL
7123,5934,5,04-06-2025,,active,NULL
7140,2335,5,30-03-2025,,active,NULL
7141,1575,5,09-06-2025,,active,NULL
7153,4083,5,07-09-2025,,active,NULL
7163,602,5,18-03-2025,,active,NULL
7166,6800,5,12-01-2025,,active,NULL
7187,2357,5,29-04-2025,,active,NULL
7192,4024,5,22-02-2025,,active,NULL
7210,447,5,22-03-2025,,active,NULL
7215,1594,5,01-12-2025,,active,NULL
7228,7669,5,20-08-2025,,active,NULL
7243,6428,5,14-07-2025,,active,NULL
7260,1725,5,08-04-2025,,active,NULL
7287,3066,5,19-04-2025,,active,NULL
7289,1598,5,25-12-2025,,active,NULL
7294,2780,5,09-08-2025,,active,NULL
7307,4352,5,02-01-2026,,active,NULL
7341,2290,5,14-03-2025,,active,NULL
7344,4373,5,06-02-2025,,active,NULL
7353,647,5,17-01-2026,,active,NULL
7354,1310,5,02-12-2025,,active,NULL
7359,5141,5,01-07-2025,,active,NULL
7361,7468,5,23-09-2025,,active,NULL
7366,4706,5,19-07-2025,,active,NULL
7376,1563,5,03-11-2025,,active,NULL
7382,2740,5,14-01-2026,,active,NULL
7405,6808,5,26-11-2025,,active,NULL
7416,2717,5,27-04-2025,,active,NULL
7433,4205,5,06-10-2025,,active,NULL
7445,6494,5,30-09-2025,,active,NULL
7451,6052,5,22-01-2025,,active,NULL
7453,4018,5,12-04-2025,,active,NULL
7478,4218,5,21-03-2025,,active,NULL
7496,1956,5,03-01-2026,,active,NULL
7501,4883,5,05-01-2026,,active,NULL
7525,3736,5,24-01-2025,,active,NULL
7549,6576,5,08-03-2025,,active,NULL
7556,3973,5,02-04-2025,,active,NULL
7557,2383,5,18-02-2025,,active,NULL
7611,5367,5,08-12-2025,,active,NULL
7616,4745,5,10-02-2025,,active,NULL
7623,6828,5,05-02-2025,,active,NULL
7640,2815,5,18-02-2025,,active,NULL
7648,4052,5,09-02-2025,,active,NULL
7650,4906,5,18-01-2025,,active,NULL
7672,726,5,12-01-2025,,active,NULL
7681,4458,5,04-08-2025,,active,NULL
7710,368,5,22-02-2025,,active,NULL
7721,7973,5,23-02-2025,,active,NULL
7745,4182,5,23-01-2025,,active,NULL
7747,3355,5,22-09-2025,,active,NULL
7754,3749,5,14-11-2025,,active,NULL
7803,6264,5,18-02-2025,,active,NULL
7818,3926,5,18-10-2025,,active,NULL
7822,1684,5,12-06-2025,,active,NULL
7831,2559,5,11-11-2025,,active,NULL
7848,849,5,02-08-2025,,active,NULL
7850,6931,5,11-04-2025,,active,NULL
7864,1348,5,08-01-2026,,active,NULL
7879,2950,5,03-03-2025,,active,NULL
7891,871,5,21-11-2025,,active,NULL
7901,4098,5,25-04-2025,,active,NULL
7925,7522,5,28-03-2025,,active,NULL
7934,6450,5,20-04-2025,,active,NULL
7989,7474,5,30-09-2025,,active,NULL
8027,6649,5,24-12-2025,,active,NULL
8046,2127,5,19-04-2025,,active,NULL
8060,7236,5,20-06-2025,,active,NULL
8067,4231,5,16-10-2025,,active,NULL
8071,4938,5,13-09-2025,,active,NULL
8090,979,5,27-05-2025,,active,NULL
8103,422,5,05-03-2025,,active,NULL
8118,3237,5,02-04-2025,,active,NULL
8159,7322,5,20-06-2025,,active,NULL
8176,6261,5,05-09-2025,,active,NULL
8212,3265,5,16-08-2025,,active,NULL
8213,7557,5,14-01-2025,,active,NULL
8215,5262,5,03-06-2025,,active,NULL
8222,3395,5,11-11-2025,,active,NULL
8247,7602,5,05-02-2025,,active,NULL
8262,646,5,12-11-2025,,active,NULL
8293,3871,5,04-05-2025,,active,NULL
8297,7277,5,09-06-2025,,active,NULL
8316,5096,5,07-02-2025,,active,NULL
8343,7780,5,24-07-2025,,active,NULL
8345,3510,5,13-01-2025,,active,NULL
8404,4676,5,14-11-2025,,active,NULL
8418,7439,5,20-01-2025,,active,NULL
8429,5506,5,26-05-2025,,active,NULL
8460,3808,5,02-08-2025,,active,NULL
8484,941,5,17-12-2025,,active,NULL
8492,300,5,02-05-2025,,active,NULL
8500,2357,5,25-12-2025,,active,NULL
8523,1880,5,25-02-2025,,active,NULL
8612,7192,5,22-12-2025,,active,NULL
8620,6319,5,16-09-2025,,active,NULL
8623,967,5,12-08-2025,,active,NULL
8624,1522,5,02-01-2026,,active,NULL
8662,4094,5,08-03-2025,,active,NULL
8667,1112,5,08-01-2025,,active,NULL
8691,1005,5,03-01-2025,,active,NULL
8727,3964,5,27-03-2025,,active,NULL
8733,3547,5,05-07-2025,,active,NULL
8738,7653,5,01-05-2025,,active,NULL
8771,7485,5,25-12-2025,,active,NULL
8776,1024,5,04-03-2025,,active,NULL
8831,1888,5,25-02-2025,,active,NULL
8859,7691,5,25-03-2025,,active,NULL
8863,1194,5,27-08-2025,,active,NULL
8888,217,5,13-07-2025,,active,NULL
8894,2788,5,06-03-2025,,active,NULL
8895,6125,5,02-09-2025,,active,NULL
8898,4481,5,24-10-2025,,active,NULL
8903,3982,5,03-12-2025,,active,NULL
8932,86,5,23-08-2025,,active,NULL
8960,2139,5,31-12-2025,,active,NULL
8965,4031,5,14-09-2025,,active,NULL
8999,5137,5,14-01-2026,,active,NULL
9005,5523,5,22-10-2025,,active,NULL
9010,7237,5,25-06-2025,,active,NULL
9018,5359,5,24-07-2025,,active,NULL
9022,817,5,14-07-2025,,active,NULL
9040,1883,5,20-09-2025,,active,NULL
9049,1142,5,05-09-2025,,active,NULL
9051,6072,5,24-09-2025,,active,NULL
9069,1788,5,25-01-2025,,active,NULL
9072,7070,5,22-02-2025,,active,NULL
9124,1278,5,02-08-2025,,active,NULL
9128,1002,5,31-01-2025,,active,NULL
9130,1128,5,04-06-2025,,active,NULL
9137,5292,5,18-05-2025,,active,NULL
9142,4293,5,06-01-2026,,active,NULL
9153,6699,5,12-10-2025,,active,NULL
9159,2469,5,14-06-2025,,active,NULL
9164,247,5,06-09-2025,,active,NULL
9208,1704,5,19-02-2025,,active,NULL
9226,3997,5,17-02-2025,,active,NULL
9227,1834,5,12-04-2025,,active,NULL
9250,664,5,17-03-2025,,active,NULL
9259,4061,5,11-08-2025,,active,NULL
9261,3414,5,20-05-2025,,active,NULL
9267,3195,5,21-03-2025,,active,NULL
9276,7234,5,15-01-2026,,active,NULL
9283,355,5,12-04-2025,,active,NULL
9293,1869,5,09-12-2025,,active,NULL
9301,7507,5,01-10-2025,,active,NULL
9315,2927,5,28-06-2025,,active,NULL
9321,1844,5,11-06-2025,,active,NULL
9341,2091,5,13-05-2025,,active,NULL
9346,7212,5,27-07-2025,,active,NULL
9368,4693,5,26-03-2025,,active,NULL
9383,4175,5,09-06-2025,,active,NULL
9393,671,5,25-01-2025,,active,NULL
9412,5665,5,30-09-2025,,active,NULL
9440,6793,5,24-02-2025,,active,NULL
9464,2169,5,21-03-2025,,active,NULL
9469,7576,5,05-01-2026,,active,NULL
9472,7338,5,18-07-2025,,active,NULL
9498,7735,5,21-04-2025,,active,NULL
9504,298,5,24-04-2025,,active,NULL
9514,5190,5,15-01-2025,,active,NULL
9540,931,5,04-10-2025,,active,NULL
9543,2672,5,15-10-2025,,active,NULL
9549,1021,5,15-01-2026,,active,NULL
9552,5998,5,19-07-2025,,active,NULL
9554,4883,5,12-09-2025,,active,NULL
9561,4197,5,08-01-2026,,active,NULL
9576,2869,5,25-03-2025,,active,NULL
9583,4519,5,06-04-2025,,active,NULL
9587,6361,5,23-01-2025,,active,NULL
9591,1701,5,21-03-2025,,active,NULL
9593,1437,5,24-07-2025,,active,NULL
9613,1937,5,21-07-2025,,active,NULL
9619,219,5,06-10-2025,,active,NULL
9621,4427,5,14-11-2025,,active,NULL
9638,1802,5,06-12-2025,,active,NULL
9645,5639,5,29-01-2025,,active,NULL
9650,5426,5,11-03-2025,,active,NULL
9669,5356,5,13-01-2025,,active,NULL
9679,3289,5,11-07-2025,,active,NULL
9692,3837,5,26-06-2025,,active,NULL
9693,4835,5,16-02-2025,,active,NULL
9714,389,5,15-08-2025,,active,NULL
9772,593,5,12-08-2025,,active,NULL
9784,1721,5,08-08-2025,,active,NULL
9817,1762,5,11-12-2025,,active,NULL
9824,1089,5,01-09-2025,,active,NULL
9827,3673,5,15-12-2025,,active,NULL
9853,551,5,07-01-2025,,active,NULL
9867,916,5,07-04-2025,,active,NULL
9874,7069,5,28-05-2025,,active,NULL
9961,5724,5,19-11-2025,,active,NULL
9962,3085,5,22-12-2025,,active,NULL
9969,5910,5,08-01-2026,,active,NULL
10033,4936,5,10-01-2025,,active,NULL
10052,2136,5,02-11-2025,,active,NULL
10089,5218,5,02-01-2026,,active,NULL
10127,2995,5,06-11-2025,,active,NULL
10151,7748,5,03-06-2025,,active,NULL
10164,634,5,28-10-2025,,active,NULL
10168,1385,5,17-06-2025,,active,NULL
10171,1046,5,04-02-2025,,active,NULL
10198,7846,5,28-10-2025,,active,NULL
10199,6033,5,08-10-2025,,active,NULL
10210,484,5,20-01-2025,,active,NULL
10249,1627,5,09-01-2025,,active,NULL
10263,7073,5,24-02-2025,,active,NULL
10268,4474,5,05-02-2025,,active,NULL
10280,4841,5,30-04-2025,,active,NULL
10281,2466,5,08-01-2026,,active,NULL
10284,3312,5,17-06-2025,,active,NULL
10285,5270,5,27-06-2025,,active,NULL
10289,2299,5,29-12-2025,,active,NULL
10297,4553,5,17-08-2025,,active,NULL
10314,3265,5,24-03-2025,,active,NULL
10345,3545,5,16-05-2025,,active,NULL
10349,658,5,23-08-2025,,active,NULL
10354,136,5,01-08-2025,,active,NULL
10368,2445,5,04-06-2025,,active,NULL
10388,6719,5,26-09-2025,,active,NULL
10389,4104,5,23-03-2025,,active,NULL
10397,2327,5,03-05-2025,,active,NULL
10425,7349,5,24-12-2025,,active,NULL
10434,7060,5,18-03-2025,,active,NULL
10439,208,5,07-09-2025,,active,NULL
10444,4006,5,09-09-2025,,active,NULL
10453,4161,5,27-11-2025,,active,NULL
10457,6773,5,20-09-2025,,active,NULL
10481,7626,5,26-06-2025,,active,NULL
10520,6024,5,08-11-2025,,active,NULL
10526,808,5,27-10-2025,,active,NULL
10532,5184,5,08-01-2025,,active,NULL
10544,643,5,20-01-2025,,active,NULL
10595,1941,5,01-01-2025,,active,NULL
10603,157,5,18-09-2025,,active,NULL
10688,3060,5,01-02-2025,,active,NULL
10694,4028,5,24-07-2025,,active,NULL
10695,7301,5,02-09-2025,,active,NULL
10714,688,5,24-02-2025,,active,NULL
10733,7864,5,26-08-2025,,active,NULL
10755,6178,5,26-08-2025,,active,NULL
10759,2433,5,02-08-2025,,active,NULL
10765,3577,5,03-08-2025,,active,NULL
10780,813,5,13-12-2025,,active,NULL
10810,905,5,24-02-2025,,active,NULL
10814,152,5,18-06-2025,,active,NULL
10893,7824,5,02-02-2025,,active,NULL
10917,2688,5,09-02-2025,,active,NULL
10925,1935,5,01-01-2026,,active,NULL
10936,3574,5,25-12-2025,,active,NULL
10952,6248,5,23-09-2025,,active,NULL
10962,7639,5,17-05-2025,,active,NULL
11032,6313,5,08-12-2025,,active,NULL
11041,317,5,12-11-2025,,active,NULL
11048,1086,5,06-08-2025,,active,NULL
11052,3864,5,18-04-2025,,active,NULL
11053,7542,5,14-01-2025,,active,NULL
11083,3046,5,04-09-2025,,active,NULL
11136,1131,5,29-04-2025,,active,NULL
11145,4192,5,16-07-2025,,active,NULL
11146,689,5,20-11-2025,,active,NULL
11153,4908,5,10-10-2025,,active,NULL
11159,4918,5,09-01-2025,,active,NULL
11172,7816,5,26-06-2025,,active,NULL
11173,2133,5,22-05-2025,,active,NULL
11190,834,5,14-12-2025,,active,NULL
11192,4687,5,16-05-2025,,active,NULL
11204,6842,5,26-08-2025,,active,NULL
11210,7016,5,25-08-2025,,active,NULL
11223,5030,5,17-02-2025,,active,NULL
11234,1462,5,14-07-2025,,active,NULL
11235,2279,5,09-11-2025,,active,NULL
11244,2138,5,16-11-2025,,active,NULL
11247,6682,5,10-08-2025,,active,NULL
11295,4183,5,07-06-2025,,active,NULL
11299,5798,5,23-10-2025,,active,NULL
11306,817,5,31-12-2025,,active,NULL
11307,3771,5,04-10-2025,,active,NULL
11346,7321,5,26-10-2025,,active,NULL
11355,6196,5,23-01-2025,,active,NULL
11362,7528,5,20-04-2025,,active,NULL
11372,1496,5,15-09-2025,,active,NULL
11382,4054,5,26-06-2025,,active,NULL
11417,4661,5,09-05-2025,,active,NULL
11440,3646,5,09-09-2025,,active,NULL
11444,3881,5,22-02-2025,,active,NULL
11456,5226,5,28-05-2025,,active,NULL
11468,624,5,01-02-2025,,active,NULL
11479,2785,5,26-08-2025,,active,NULL
11483,703,5,07-07-2025,,active,NULL
11494,2985,5,08-04-2025,,active,NULL
11496,3577,5,26-08-2025,,active,NULL
11512,11,5,05-02-2025,,active,NULL
11516,5837,5,08-11-2025,,active,NULL
11521,5947,5,13-06-2025,,active,NULL
11559,7229,5,15-01-2026,,active,NULL
11562,7009,5,04-04-2025,,active,NULL
11575,3036,5,09-08-2025,,active,NULL
11578,6032,5,21-08-2025,,active,NULL
11583,6956,5,11-07-2025,,active,NULL
11585,4186,5,14-04-2025,,active,NULL
11612,2404,5,12-01-2026,,active,NULL
11613,5484,5,29-09-2025,,active,NULL
11633,4528,5,10-06-2025,,active,NULL
11638,3980,5,15-01-2025,,active,NULL
11664,155,5,05-04-2025,,active,NULL
11668,388,5,03-02-2025,,active,NULL
11691,1801,5,10-04-2025,,active,NULL
11710,3212,5,27-05-2025,,active,NULL
11719,1163,5,03-09-2025,,active,NULL
11727,2712,5,18-01-2026,,active,NULL
11740,3732,5,25-03-2025,,active,NULL
11810,3361,5,03-10-2025,,active,NULL
11822,2967,5,09-10-2025,,active,NULL
11827,2166,5,02-04-2025,,active,NULL
11859,100,5,05-07-2025,,active,NULL
11915,4000,5,04-05-2025,,active,NULL
11954,3549,5,22-05-2025,,active,NULL
11961,2523,5,10-09-2025,,active,NULL
11965,2236,5,05-09-2025,,active,NULL
11994,6538,5,29-12-2025,,active,NULL
11995,2068,5,17-12-2025,,active,NULL
4,2777,6,29-08-2025,,active,NULL
7,1182,6,14-06-2025,,active,NULL
30,7645,6,20-02-2025,,active,NULL
59,122,6,28-10-2025,,active,NULL
88,3154,6,28-02-2025,,active,NULL
109,5662,6,22-07-2025,,active,NULL
130,5536,6,15-05-2025,,active,NULL
162,4093,6,02-04-2025,,active,NULL
207,3233,6,18-04-2025,,active,NULL
229,7724,6,19-10-2025,,active,NULL
234,6446,6,12-10-2025,,active,NULL
247,5068,6,13-03-2025,,active,NULL
256,21,6,29-09-2025,,active,NULL
264,5303,6,14-10-2025,,active,NULL
281,2358,6,25-09-2025,,active,NULL
299,2583,6,24-07-2025,,active,NULL
319,1443,6,14-03-2025,,active,NULL
337,6567,6,20-09-2025,,active,NULL
357,6424,6,05-07-2025,,active,NULL
358,3164,6,05-03-2025,,active,NULL
373,4132,6,15-04-2025,,active,NULL
386,1038,6,14-04-2025,,active,NULL
526,2902,6,12-06-2025,,active,NULL
534,7930,6,02-09-2025,,active,NULL
543,7051,6,07-01-2025,,active,NULL
545,1329,6,30-05-2025,,active,NULL
574,5811,6,11-06-2025,,active,NULL
627,2697,6,30-12-2025,,active,NULL
676,6807,6,23-01-2025,,active,NULL
702,4360,6,06-12-2025,,active,NULL
734,7766,6,05-02-2025,,active,NULL
757,5196,6,16-06-2025,,active,NULL
804,4916,6,03-01-2025,,active,NULL
805,6152,6,06-12-2025,,active,NULL
808,3870,6,21-11-2025,,active,NULL
823,2653,6,01-03-2025,,active,NULL
827,7302,6,11-08-2025,,active,NULL
886,6610,6,01-07-2025,,active,NULL
905,2417,6,19-05-2025,,active,NULL
911,6479,6,28-09-2025,,active,NULL
925,2854,6,07-04-2025,,active,NULL
928,3689,6,30-10-2025,,active,NULL
937,7746,6,01-10-2025,,active,NULL
982,3221,6,10-08-2025,,active,NULL
1026,4310,6,16-06-2025,,active,NULL
1043,4952,6,25-01-2025,,active,NULL
1055,3245,6,13-06-2025,,active,NULL
1059,365,6,29-11-2025,,active,NULL
1062,3332,6,07-03-2025,,active,NULL
1063,113,6,11-05-2025,,active,NULL
1073,6572,6,06-04-2025,,active,NULL
1086,4055,6,14-09-2025,,active,NULL
1098,1711,6,09-04-2025,,active,NULL
1140,1173,6,18-08-2025,,active,NULL
1155,4308,6,09-03-2025,,active,NULL
1166,7251,6,21-02-2025,,active,NULL
1219,7111,6,15-03-2025,,active,NULL
1271,3775,6,17-01-2025,,active,NULL
1287,1913,6,30-10-2025,,active,NULL
1332,3317,6,19-09-2025,,active,NULL
1334,422,6,19-08-2025,,active,NULL
1414,2207,6,11-11-2025,,active,NULL
1477,1294,6,30-11-2025,,active,NULL
1515,5221,6,08-07-2025,,active,NULL
1520,4208,6,15-05-2025,,active,NULL
1522,5603,6,12-03-2025,,active,NULL
1575,3207,6,26-04-2025,,active,NULL
1584,1921,6,05-07-2025,,active,NULL
1586,7192,6,04-03-2025,,active,NULL
1595,6424,6,28-04-2025,,active,NULL
1625,3807,6,15-10-2025,,active,NULL
1705,7031,6,03-03-2025,,active,NULL
1736,478,6,15-04-2025,,active,NULL
1747,4127,6,19-03-2025,,active,NULL
1788,62,6,18-03-2025,,active,NULL
1838,3669,6,25-07-2025,,active,NULL
1843,4397,6,29-01-2025,,active,NULL
1857,7205,6,19-03-2025,,active,NULL
1897,2645,6,28-03-2025,,active,NULL
1899,7173,6,29-08-2025,,active,NULL
1904,4303,6,28-01-2025,,active,NULL
1914,7951,6,21-05-2025,,active,NULL
1928,5979,6,25-06-2025,,active,NULL
1963,5699,6,25-05-2025,,active,NULL
2008,2141,6,12-01-2026,,active,NULL
2042,6626,6,15-03-2025,,active,NULL
2043,1066,6,19-01-2025,,active,NULL
2117,629,6,25-02-2025,,active,NULL
2133,6432,6,09-12-2025,,active,NULL
2144,3628,6,31-12-2025,,active,NULL
2150,7815,6,07-12-2025,,active,NULL
2182,1240,6,20-03-2025,,active,NULL
2217,5190,6,19-09-2025,,active,NULL
2238,540,6,14-10-2025,,active,NULL
2334,154,6,18-11-2025,,active,NULL
2341,534,6,25-10-2025,,active,NULL
2410,5903,6,30-10-2025,,active,NULL
2431,5523,6,14-12-2025,,active,NULL
2442,4302,6,24-03-2025,,active,NULL
2457,61,6,01-11-2025,,active,NULL
2473,5701,6,23-09-2025,,active,NULL
2488,7383,6,03-12-2025,,active,NULL
2496,1539,6,04-05-2025,,active,NULL
2536,5222,6,25-08-2025,,active,NULL
2547,2590,6,22-03-2025,,active,NULL
2550,6897,6,20-08-2025,,active,NULL
2621,6098,6,05-04-2025,,active,NULL
2718,6118,6,26-12-2025,,active,NULL
2721,2548,6,13-02-2025,,active,NULL
2738,3346,6,17-11-2025,,active,NULL
2747,6355,6,01-06-2025,,active,NULL
2777,7564,6,27-07-2025,,active,NULL
2787,2168,6,10-10-2025,,active,NULL
2791,7576,6,24-10-2025,,active,NULL
2899,1205,6,20-12-2025,,active,NULL
2900,1293,6,22-07-2025,,active,NULL
2908,554,6,16-09-2025,,active,NULL
2910,6500,6,27-03-2025,,active,NULL
2975,6137,6,16-02-2025,,active,NULL
3004,2925,6,28-04-2025,,active,NULL
3020,1774,6,07-03-2025,,active,NULL
3042,3902,6,19-04-2025,,active,NULL
3066,1190,6,10-01-2026,,active,NULL
3082,1807,6,03-08-2025,,active,NULL
3091,7745,6,23-08-2025,,active,NULL
3093,3433,6,03-03-2025,,active,NULL
3099,7056,6,28-07-2025,,active,NULL
3129,2150,6,05-10-2025,,active,NULL
3161,2027,6,23-11-2025,,active,NULL
3174,3295,6,03-09-2025,,active,NULL
3175,6380,6,02-08-2025,,active,NULL
3178,6992,6,08-06-2025,,active,NULL
3193,4916,6,31-08-2025,,active,NULL
3204,4596,6,03-01-2026,,active,NULL
3230,1272,6,13-08-2025,,active,NULL
3252,4004,6,08-07-2025,,active,NULL
3262,3787,6,09-11-2025,,active,NULL
3269,6905,6,05-06-2025,,active,NULL
3288,171,6,16-09-2025,,active,NULL
3295,1032,6,15-08-2025,,active,NULL
3301,1146,6,04-03-2025,,active,NULL
3307,5517,6,20-04-2025,,active,NULL
3308,4585,6,03-01-2025,,active,NULL
3309,6576,6,15-09-2025,,active,NULL
3312,124,6,05-09-2025,,active,NULL
3330,3484,6,25-04-2025,,active,NULL
3342,4242,6,09-06-2025,,active,NULL
3345,3706,6,01-05-2025,,active,NULL
3364,4153,6,08-12-2025,,active,NULL
3379,496,6,19-11-2025,,active,NULL
3384,3909,6,23-06-2025,,active,NULL
3404,7243,6,16-01-2026,,active,NULL
3434,6618,6,12-04-2025,,active,NULL
3458,106,6,10-05-2025,,active,NULL
3492,4555,6,25-04-2025,,active,NULL
3532,6695,6,31-08-2025,,active,NULL
3555,1101,6,18-10-2025,,active,NULL
3625,6348,6,07-11-2025,,active,NULL
3650,3708,6,14-10-2025,,active,NULL
3672,5640,6,03-06-2025,,active,NULL
3735,6620,6,30-04-2025,,active,NULL
3810,6794,6,26-06-2025,,active,NULL
3814,5827,6,10-05-2025,,active,NULL
3827,5101,6,11-10-2025,,active,NULL
3830,5315,6,28-01-2025,,active,NULL
3835,4008,6,20-04-2025,,active,NULL
3846,840,6,28-06-2025,,active,NULL
3859,2616,6,11-04-2025,,active,NULL
3863,1226,6,12-02-2025,,active,NULL
3867,176,6,18-04-2025,,active,NULL
3918,6314,6,07-01-2026,,active,NULL
3939,7027,6,27-09-2025,,active,NULL
3959,5538,6,02-03-2025,,active,NULL
4050,3839,6,18-08-2025,,active,NULL
4058,3932,6,14-07-2025,,active,NULL
4068,4130,6,02-11-2025,,active,NULL
4075,4604,6,27-11-2025,,active,NULL
4099,7950,6,15-06-2025,,active,NULL
4103,7739,6,19-06-2025,,active,NULL
4130,5460,6,30-10-2025,,active,NULL
4132,3888,6,25-05-2025,,active,NULL
4152,7871,6,08-06-2025,,active,NULL
4195,2471,6,17-10-2025,,active,NULL
4201,1232,6,27-08-2025,,active,NULL
4218,2152,6,17-06-2025,,active,NULL
4219,937,6,17-05-2025,,active,NULL
4246,2375,6,15-03-2025,,active,NULL
4262,4073,6,26-03-2025,,active,NULL
4266,5361,6,17-05-2025,,active,NULL
4280,396,6,26-01-2025,,active,NULL
4281,5323,6,25-06-2025,,active,NULL
4290,7948,6,10-10-2025,,active,NULL
4337,496,6,03-10-2025,,active,NULL
4384,572,6,29-12-2025,,active,NULL
4409,4872,6,05-03-2025,,active,NULL
4421,1198,6,27-09-2025,,active,NULL
4443,5420,6,21-05-2025,,active,NULL
4469,227,6,10-12-2025,,active,NULL
4470,2617,6,03-02-2025,,active,NULL
4496,4159,6,27-03-2025,,active,NULL
4521,2820,6,20-04-2025,,active,NULL
4531,828,6,14-01-2026,,active,NULL
4535,3642,6,19-03-2025,,active,NULL
4545,6192,6,31-03-2025,,active,NULL
4593,3806,6,13-06-2025,,active,NULL
4606,2557,6,12-11-2025,,active,NULL
4607,615,6,10-02-2025,,active,NULL
4673,4583,6,24-12-2025,,active,NULL
4682,6954,6,17-11-2025,,active,NULL
4687,5345,6,14-01-2025,,active,NULL
4736,5907,6,13-02-2025,,active,NULL
4754,2135,6,28-04-2025,,active,NULL
4796,1838,6,29-07-2025,,active,NULL
4799,4098,6,17-01-2025,,active,NULL
4802,6020,6,29-09-2025,,active,NULL
4836,7638,6,28-02-2025,,active,NULL
4843,1129,6,13-09-2025,,active,NULL
4862,3823,6,01-08-2025,,active,NULL
4886,7296,6,18-08-2025,,active,NULL
4889,2281,6,22-05-2025,,active,NULL
4899,1637,6,14-12-2025,,active,NULL
4939,2480,6,31-03-2025,,active,NULL
4943,2971,6,24-11-2025,,active,NULL
4949,977,6,13-06-2025,,active,NULL
4972,7668,6,12-12-2025,,active,NULL
4993,7899,6,14-10-2025,,active,NULL
4996,1031,6,17-08-2025,,active,NULL
4999,728,6,24-06-2025,,active,NULL
5001,2093,6,29-09-2025,,active,NULL
5014,5649,6,17-04-2025,,active,NULL
5026,3094,6,03-09-2025,,active,NULL
5034,4610,6,06-04-2025,,active,NULL
5035,1391,6,07-01-2026,,active,NULL
5071,4812,6,02-10-2025,,active,NULL
5092,6916,6,05-08-2025,,active,NULL
5103,7034,6,11-04-2025,,active,NULL
5125,217,6,12-02-2025,,active,NULL
5136,322,6,07-05-2025,,active,NULL
5145,2026,6,02-03-2025,,active,NULL
5189,3857,6,15-03-2025,,active,NULL
5214,1760,6,14-02-2025,,active,NULL
5232,4179,6,09-07-2025,,active,NULL
5234,225,6,29-06-2025,,active,NULL
5256,1466,6,10-01-2025,,active,NULL
5258,5177,6,24-11-2025,,active,NULL
5261,7002,6,11-12-2025,,active,NULL
5277,2458,6,16-01-2025,,active,NULL
5298,6351,6,11-06-2025,,active,NULL
5307,5949,6,10-01-2026,,active,NULL
5308,552,6,17-03-2025,,active,NULL
5324,216,6,17-06-2025,,active,NULL
5330,4668,6,29-05-2025,,active,NULL
5340,7937,6,01-12-2025,,active,NULL
5361,3364,6,24-12-2025,,active,NULL
5362,2888,6,11-08-2025,,active,NULL
5363,5815,6,22-01-2025,,active,NULL
5371,644,6,29-04-2025,,active,NULL
5373,1291,6,27-07-2025,,active,NULL
5394,1609,6,30-12-2025,,active,NULL
5407,6135,6,05-09-2025,,active,NULL
5419,28,6,30-06-2025,,active,NULL
5448,5878,6,15-02-2025,,active,NULL
5449,1922,6,09-02-2025,,active,NULL
5470,4544,6,31-12-2025,,active,NULL
5497,6612,6,23-01-2025,,active,NULL
5509,2283,6,09-01-2026,,active,NULL
5518,5023,6,31-05-2025,,active,NULL
5533,6414,6,02-06-2025,,active,NULL
5540,5167,6,23-05-2025,,active,NULL
5550,7626,6,27-08-2025,,active,NULL
5619,3818,6,27-03-2025,,active,NULL
5630,6634,6,20-08-2025,,active,NULL
5638,7887,6,24-02-2025,,active,NULL
5653,86,6,20-03-2025,,active,NULL
5654,3688,6,16-11-2025,,active,NULL
5678,3997,6,18-06-2025,,active,NULL
5685,4973,6,29-10-2025,,active,NULL
5731,7673,6,09-02-2025,,active,NULL
5767,6724,6,08-07-2025,,active,NULL
5775,171,6,02-03-2025,,active,NULL
5782,2532,6,06-01-2026,,active,NULL
5861,1034,6,16-03-2025,,active,NULL
5877,3443,6,27-02-2025,,active,NULL
5899,1472,6,15-02-2025,,active,NULL
5926,2612,6,05-10-2025,,active,NULL
6034,406,6,30-01-2025,,active,NULL
6050,5263,6,05-11-2025,,active,NULL
6083,4880,6,24-09-2025,,active,NULL
6096,7691,6,24-11-2025,,active,NULL
6113,5198,6,14-12-2025,,active,NULL
6121,4875,6,20-09-2025,,active,NULL
6122,5875,6,03-01-2026,,active,NULL
6142,3197,6,06-10-2025,,active,NULL
6143,5402,6,17-10-2025,,active,NULL
6154,7319,6,01-01-2026,,active,NULL
6212,6121,6,31-12-2025,,active,NULL
6253,7247,6,10-10-2025,,active,NULL
6256,6962,6,14-09-2025,,active,NULL
6264,1680,6,07-01-2025,,active,NULL
6282,716,6,15-09-2025,,active,NULL
6303,2349,6,21-09-2025,,active,NULL
6308,2145,6,09-01-2025,,active,NULL
6315,3429,6,25-03-2025,,active,NULL
6342,2188,6,14-07-2025,,active,NULL
6345,1495,6,31-03-2025,,active,NULL
6352,351,6,29-09-2025,,active,NULL
6391,478,6,18-12-2025,,active,NULL
6485,4328,6,12-02-2025,,active,NULL
6489,6414,6,08-06-2025,,active,NULL
6496,2944,6,21-03-2025,,active,NULL
6509,575,6,08-06-2025,,active,NULL
6516,1,6,03-05-2025,,active,NULL
6526,7982,6,18-07-2025,,active,NULL
6528,4861,6,27-07-2025,,active,NULL
6558,438,6,16-04-2025,,active,NULL
6560,6290,6,11-12-2025,,active,NULL
6569,4659,6,06-03-2025,,active,NULL
6576,3500,6,05-08-2025,,active,NULL
6592,2468,6,09-06-2025,,active,NULL
6598,2451,6,25-06-2025,,active,NULL
6601,2417,6,08-03-2025,,active,NULL
6627,339,6,25-12-2025,,active,NULL
6648,6269,6,13-08-2025,,active,NULL
6713,3754,6,04-09-2025,,active,NULL
6724,766,6,07-01-2026,,active,NULL
6778,5055,6,13-12-2025,,active,NULL
6784,1952,6,10-01-2026,,active,NULL
6797,4861,6,26-05-2025,,active,NULL
6798,6076,6,09-03-2025,,active,NULL
6807,5093,6,11-08-2025,,active,NULL
6813,4803,6,05-11-2025,,active,NULL
6815,5861,6,17-10-2025,,active,NULL
6817,5453,6,08-12-2025,,active,NULL
6837,6002,6,18-10-2025,,active,NULL
6853,2981,6,08-03-2025,,active,NULL
6863,1875,6,11-02-2025,,active,NULL
6880,6882,6,26-08-2025,,active,NULL
6885,1215,6,02-12-2025,,active,NULL
6894,6798,6,19-08-2025,,active,NULL
6899,6896,6,25-12-2025,,active,NULL
6900,5158,6,20-10-2025,,active,NULL
6914,6404,6,26-03-2025,,active,NULL
6923,2588,6,22-02-2025,,active,NULL
6928,7151,6,06-06-2025,,active,NULL
6929,1203,6,06-01-2025,,active,NULL
6944,2611,6,07-06-2025,,active,NULL
6959,1585,6,02-08-2025,,active,NULL
6965,446,6,20-10-2025,,active,NULL
6972,643,6,30-07-2025,,active,NULL
6980,4802,6,16-07-2025,,active,NULL
7020,3184,6,18-05-2025,,active,NULL
7060,1102,6,14-01-2026,,active,NULL
7074,4284,6,14-12-2025,,active,NULL
7078,2562,6,29-09-2025,,active,NULL
7079,791,6,29-09-2025,,active,NULL
7097,3687,6,19-10-2025,,active,NULL
7100,3647,6,06-11-2025,,active,NULL
7111,1121,6,12-07-2025,,active,NULL
7135,3740,6,07-11-2025,,active,NULL
7147,2327,6,09-07-2025,,active,NULL
7158,4153,6,15-02-2025,,active,NULL
7172,5003,6,12-01-2025,,active,NULL
7205,1158,6,02-01-2026,,active,NULL
7214,5421,6,24-08-2025,,active,NULL
7216,979,6,22-07-2025,,active,NULL
7328,5579,6,31-01-2025,,active,NULL
7330,3896,6,28-09-2025,,active,NULL
7356,4151,6,28-04-2025,,active,NULL
7370,7856,6,31-01-2025,,active,NULL
7400,450,6,31-07-2025,,active,NULL
7412,1502,6,30-04-2025,,active,NULL
7413,2504,6,01-09-2025,,active,NULL
7428,1741,6,04-03-2025,,active,NULL
7435,1440,6,27-03-2025,,active,NULL
7477,6257,6,30-08-2025,,active,NULL
7504,3483,6,16-01-2025,,active,NULL
7547,4808,6,14-04-2025,,active,NULL
7565,382,6,29-08-2025,,active,NULL
7583,6968,6,29-05-2025,,active,NULL
7636,154,6,03-11-2025,,active,NULL
7651,4945,6,20-04-2025,,active,NULL
7666,7487,6,10-03-2025,,active,NULL
7671,3987,6,11-04-2025,,active,NULL
7676,4829,6,01-04-2025,,active,NULL
7713,7616,6,03-10-2025,,active,NULL
7715,4834,6,23-07-2025,,active,NULL
7724,3565,6,21-10-2025,,active,NULL
7732,1024,6,20-09-2025,,active,NULL
7735,33,6,18-01-2026,,active,NULL
7743,6465,6,23-03-2025,,active,NULL
7752,394,6,19-12-2025,,active,NULL
7758,7979,6,29-01-2025,,active,NULL
7763,2315,6,29-07-2025,,active,NULL
7774,7599,6,04-12-2025,,active,NULL
7793,3643,6,05-01-2025,,active,NULL
7828,3877,6,31-05-2025,,active,NULL
7832,735,6,02-12-2025,,active,NULL
7837,571,6,28-08-2025,,active,NULL
7853,3671,6,25-08-2025,,active,NULL
7881,3512,6,02-08-2025,,active,NULL
7930,7715,6,22-09-2025,,active,NULL
7936,48,6,18-01-2026,,active,NULL
7972,2275,6,20-02-2025,,active,NULL
7975,7105,6,08-04-2025,,active,NULL
7986,4931,6,27-02-2025,,active,NULL
8014,4495,6,05-02-2025,,active,NULL
8031,1339,6,15-10-2025,,active,NULL
8053,5821,6,24-02-2025,,active,NULL
8065,2519,6,25-03-2025,,active,NULL
8083,3648,6,04-04-2025,,active,NULL
8084,840,6,27-12-2025,,active,NULL
8091,551,6,28-05-2025,,active,NULL
8112,7312,6,24-09-2025,,active,NULL
8144,3168,6,25-09-2025,,active,NULL
8151,3427,6,24-11-2025,,active,NULL
8152,666,6,07-08-2025,,active,NULL
8162,4702,6,15-01-2025,,active,NULL
8181,135,6,04-04-2025,,active,NULL
8190,2288,6,03-10-2025,,active,NULL
8206,829,6,19-03-2025,,active,NULL
8217,2369,6,05-03-2025,,active,NULL
8220,3458,6,26-05-2025,,active,NULL
8233,2952,6,20-09-2025,,active,NULL
8260,3017,6,21-04-2025,,active,NULL
8261,2529,6,13-07-2025,,active,NULL
8309,6920,6,26-12-2025,,active,NULL
8349,6306,6,05-01-2025,,active,NULL
8354,4969,6,10-09-2025,,active,NULL
8377,7920,6,08-10-2025,,active,NULL
8393,6966,6,27-11-2025,,active,NULL
8398,1580,6,11-11-2025,,active,NULL
8416,4422,6,16-01-2026,,active,NULL
8419,875,6,15-05-2025,,active,NULL
8422,4190,6,27-04-2025,,active,NULL
8424,336,6,13-01-2025,,active,NULL
8437,6633,6,17-01-2025,,active,NULL
8449,1827,6,23-11-2025,,active,NULL
8454,5551,6,30-09-2025,,active,NULL
8473,251,6,14-06-2025,,active,NULL
8526,1801,6,24-03-2025,,active,NULL
8562,5218,6,24-09-2025,,active,NULL
8569,874,6,20-10-2025,,active,NULL
8584,6566,6,16-10-2025,,active,NULL
8588,3077,6,18-10-2025,,active,NULL
8599,4571,6,26-10-2025,,active,NULL
8608,6905,6,04-09-2025,,active,NULL
8627,3797,6,08-03-2025,,active,NULL
8629,7976,6,14-04-2025,,active,NULL
8633,3086,6,09-06-2025,,active,NULL
8664,4416,6,09-03-2025,,active,NULL
8674,2970,6,17-08-2025,,active,NULL
8692,5519,6,24-03-2025,,active,NULL
8693,639,6,17-09-2025,,active,NULL
8699,4216,6,03-06-2025,,active,NULL
8700,4761,6,15-06-2025,,active,NULL
8721,790,6,16-11-2025,,active,NULL
8723,5788,6,03-09-2025,,active,NULL
8753,2041,6,19-11-2025,,active,NULL
8765,1672,6,08-01-2026,,active,NULL
8774,5204,6,07-05-2025,,active,NULL
8781,4088,6,23-06-2025,,active,NULL
8795,1569,6,16-05-2025,,active,NULL
8799,2377,6,01-06-2025,,active,NULL
8844,2392,6,21-01-2025,,active,NULL
8847,4280,6,06-10-2025,,active,NULL
8850,7105,6,28-08-2025,,active,NULL
8852,4717,6,27-08-2025,,active,NULL
8854,6071,6,18-10-2025,,active,NULL
8890,4704,6,12-03-2025,,active,NULL
8896,4568,6,19-07-2025,,active,NULL
8938,1862,6,21-03-2025,,active,NULL
8955,5526,6,08-08-2025,,active,NULL
8992,1305,6,10-04-2025,,active,NULL
9008,7353,6,16-08-2025,,active,NULL
9033,7121,6,25-04-2025,,active,NULL
9034,3208,6,28-02-2025,,active,NULL
9063,649,6,15-10-2025,,active,NULL
9085,7679,6,21-10-2025,,active,NULL
9105,7863,6,24-10-2025,,active,NULL
9127,6816,6,27-10-2025,,active,NULL
9156,473,6,20-07-2025,,active,NULL
9165,2879,6,26-01-2025,,active,NULL
9219,3572,6,13-07-2025,,active,NULL
9246,2694,6,26-10-2025,,active,NULL
9247,2011,6,25-06-2025,,active,NULL
9249,2250,6,03-06-2025,,active,NULL
9251,328,6,26-04-2025,,active,NULL
9335,3855,6,20-07-2025,,active,NULL
9361,3406,6,29-05-2025,,active,NULL
9366,1834,6,22-03-2025,,active,NULL
9374,6595,6,01-11-2025,,active,NULL
9405,1846,6,11-06-2025,,active,NULL
9422,4437,6,23-07-2025,,active,NULL
9525,4451,6,21-04-2025,,active,NULL
9541,5008,6,03-03-2025,,active,NULL
9551,986,6,19-01-2025,,active,NULL
9567,5485,6,23-08-2025,,active,NULL
9628,7939,6,18-07-2025,,active,NULL
9665,6240,6,20-03-2025,,active,NULL
9699,628,6,13-05-2025,,active,NULL
9720,5453,6,17-06-2025,,active,NULL
9729,2670,6,27-07-2025,,active,NULL
9731,5950,6,29-05-2025,,active,NULL
9756,5540,6,31-03-2025,,active,NULL
9762,3634,6,27-08-2025,,active,NULL
9816,4187,6,20-03-2025,,active,NULL
9823,5143,6,11-03-2025,,active,NULL
9829,114,6,09-11-2025,,active,NULL
9836,7407,6,13-09-2025,,active,NULL
9848,3285,6,02-01-2025,,active,NULL
9849,4508,6,23-03-2025,,active,NULL
9852,1980,6,27-12-2025,,active,NULL
9854,3041,6,02-03-2025,,active,NULL
9860,3182,6,03-05-2025,,active,NULL
9866,2894,6,14-09-2025,,active,NULL
9887,5515,6,13-02-2025,,active,NULL
9888,4680,6,22-07-2025,,active,NULL
9899,1280,6,14-02-2025,,active,NULL
9931,964,6,30-12-2025,,active,NULL
9956,6798,6,11-08-2025,,active,NULL
9963,277,6,23-01-2025,,active,NULL
10009,79,6,27-03-2025,,active,NULL
10012,2188,6,05-10-2025,,active,NULL
10042,3092,6,10-09-2025,,active,NULL
10071,7008,6,15-09-2025,,active,NULL
10083,3911,6,11-11-2025,,active,NULL
10094,3973,6,06-04-2025,,active,NULL
10116,151,6,04-07-2025,,active,NULL
10122,753,6,11-04-2025,,active,NULL
10137,3768,6,20-11-2025,,active,NULL
10139,7944,6,14-08-2025,,active,NULL
10167,3010,6,30-09-2025,,active,NULL
10182,4384,6,06-04-2025,,active,NULL
10186,5906,6,13-09-2025,,active,NULL
10188,832,6,31-05-2025,,active,NULL
10196,1235,6,18-05-2025,,active,NULL
10206,3383,6,03-11-2025,,active,NULL
10207,345,6,15-11-2025,,active,NULL
10232,2101,6,03-03-2025,,active,NULL
10254,1406,6,04-05-2025,,active,NULL
10261,4083,6,01-03-2025,,active,NULL
10276,5480,6,14-01-2025,,active,NULL
10277,2600,6,21-07-2025,,active,NULL
10283,5920,6,08-08-2025,,active,NULL
10286,3134,6,03-06-2025,,active,NULL
10287,4829,6,18-12-2025,,active,NULL
10299,5040,6,16-04-2025,,active,NULL
10309,3004,6,23-09-2025,,active,NULL
10312,852,6,28-06-2025,,active,NULL
10324,4265,6,01-04-2025,,active,NULL
10330,6601,6,16-04-2025,,active,NULL
10396,5736,6,15-03-2025,,active,NULL
10421,1458,6,20-04-2025,,active,NULL
10445,1396,6,01-02-2025,,active,NULL
10461,6423,6,27-03-2025,,active,NULL
10488,874,6,19-04-2025,,active,NULL
10492,5824,6,12-07-2025,,active,NULL
10509,7678,6,13-01-2026,,active,NULL
10513,2796,6,03-07-2025,,active,NULL
10537,2248,6,29-09-2025,,active,NULL
10555,4044,6,02-04-2025,,active,NULL
10570,3251,6,13-08-2025,,active,NULL
10585,3804,6,16-01-2025,,active,NULL
10592,1058,6,18-07-2025,,active,NULL
10611,7695,6,03-09-2025,,active,NULL
10614,544,6,24-11-2025,,active,NULL
10652,2081,6,02-09-2025,,active,NULL
10664,1345,6,05-06-2025,,active,NULL
10675,4203,6,10-02-2025,,active,NULL
10729,3547,6,24-02-2025,,active,NULL
10749,1205,6,20-10-2025,,active,NULL
10753,610,6,15-01-2025,,active,NULL
10756,4574,6,18-09-2025,,active,NULL
10784,1614,6,12-09-2025,,active,NULL
10805,5675,6,10-05-2025,,active,NULL
10807,3769,6,01-04-2025,,active,NULL
10822,2327,6,16-04-2025,,active,NULL
10856,6837,6,06-04-2025,,active,NULL
10898,3576,6,10-11-2025,,active,NULL
10902,3682,6,08-04-2025,,active,NULL
10904,951,6,17-09-2025,,active,NULL
10919,2699,6,06-07-2025,,active,NULL
10928,2469,6,17-09-2025,,active,NULL
10938,6696,6,18-09-2025,,active,NULL
10939,474,6,19-07-2025,,active,NULL
10946,216,6,19-03-2025,,active,NULL
10977,275,6,22-09-2025,,active,NULL
10981,679,6,28-11-2025,,active,NULL
10984,1448,6,17-01-2025,,active,NULL
11044,7373,6,27-12-2025,,active,NULL
11065,1310,6,17-01-2025,,active,NULL
11094,2228,6,09-03-2025,,active,NULL
11107,6228,6,03-10-2025,,active,NULL
11156,516,6,12-07-2025,,active,NULL
11165,542,6,10-10-2025,,active,NULL
11166,7239,6,09-01-2025,,active,NULL
11180,7376,6,24-12-2025,,active,NULL
11199,7492,6,30-07-2025,,active,NULL
11217,3342,6,03-01-2025,,active,NULL
11233,1130,6,26-01-2025,,active,NULL
11285,1742,6,13-12-2025,,active,NULL
11300,1833,6,29-03-2025,,active,NULL
11324,1818,6,05-12-2025,,active,NULL
11340,7074,6,02-05-2025,,active,NULL
11349,701,6,16-03-2025,,active,NULL
11352,6484,6,25-04-2025,,active,NULL
11368,4310,6,17-06-2025,,active,NULL
11384,6759,6,07-02-2025,,active,NULL
11391,7064,6,06-11-2025,,active,NULL
11394,4899,6,29-08-2025,,active,NULL
11409,3767,6,21-01-2025,,active,NULL
11419,1981,6,31-05-2025,,active,NULL
11442,6673,6,20-07-2025,,active,NULL
11451,3504,6,19-02-2025,,active,NULL
11455,730,6,25-02-2025,,active,NULL
11491,4828,6,29-04-2025,,active,NULL
11507,3611,6,22-04-2025,,active,NULL
11577,1947,6,13-09-2025,,active,NULL
11588,5569,6,15-01-2026,,active,NULL
11608,764,6,09-01-2025,,active,NULL
11631,18,6,28-03-2025,,active,NULL
11656,3741,6,10-07-2025,,active,NULL
11676,7887,6,01-08-2025,,active,NULL
11684,6656,6,23-11-2025,,active,NULL
11718,87,6,29-04-2025,,active,NULL
11743,3408,6,13-01-2026,,active,NULL
11781,2439,6,23-05-2025,,active,NULL
11802,1612,6,25-04-2025,,active,NULL
11816,386,6,03-06-2025,,active,NULL
11820,4134,6,20-01-2025,,active,NULL
11838,1573,6,19-04-2025,,active,NULL
11853,337,6,22-05-2025,,active,NULL
11854,5609,6,07-03-2025,,active,NULL
11860,6750,6,08-02-2025,,active,NULL
11873,419,6,27-03-2025,,active,NULL
11874,5410,6,26-09-2025,,active,NULL
11876,991,6,18-04-2025,,active,NULL
11908,2898,6,07-03-2025,,active,NULL
11937,4202,6,21-12-2025,,active,NULL
11964,4935,6,24-08-2025,,active,NULL
11973,3891,6,28-06-2025,,active,NULL
11997,2024,6,11-05-2025,,active,NULL
19,2674,7,27-01-2025,,active,NULL
50,811,7,28-12-2025,,active,NULL
53,6084,7,26-09-2025,,active,NULL
97,996,7,16-07-2025,,active,NULL
133,4279,7,22-09-2025,,active,NULL
137,5439,7,25-12-2025,,active,NULL
219,99,7,15-01-2026,,active,NULL
220,7335,7,25-04-2025,,active,NULL
273,1070,7,20-05-2025,,active,NULL
289,5240,7,16-02-2025,,active,NULL
310,5947,7,23-10-2025,,active,NULL
330,5479,7,08-11-2025,,active,NULL
332,4042,7,30-03-2025,,active,NULL
347,716,7,15-05-2025,,active,NULL
369,7981,7,25-12-2025,,active,NULL
411,4897,7,22-07-2025,,active,NULL
416,5312,7,11-02-2025,,active,NULL
459,1257,7,11-11-2025,,active,NULL
467,7923,7,02-12-2025,,active,NULL
498,7245,7,27-02-2025,,active,NULL
524,67,7,23-10-2025,,active,NULL
536,6029,7,30-06-2025,,active,NULL
561,4442,7,30-11-2025,,active,NULL
576,1748,7,09-03-2025,,active,NULL
590,7752,7,20-03-2025,,active,NULL
599,1393,7,17-05-2025,,active,NULL
649,3228,7,25-09-2025,,active,NULL
654,2657,7,27-05-2025,,active,NULL
700,708,7,17-07-2025,,active,NULL
705,6484,7,19-08-2025,,active,NULL
715,4161,7,03-12-2025,,active,NULL
941,1093,7,18-07-2025,,active,NULL
967,923,7,12-01-2026,,active,NULL
1046,4739,7,04-07-2025,,active,NULL
1161,3418,7,27-06-2025,,active,NULL
1175,7752,7,07-01-2026,,active,NULL
1224,7803,7,02-12-2025,,active,NULL
1232,4508,7,02-09-2025,,active,NULL
1272,4747,7,08-12-2025,,active,NULL
1328,5939,7,12-01-2026,,active,NULL
1336,5040,7,30-12-2025,,active,NULL
1344,5981,7,23-05-2025,,active,NULL
1374,6688,7,14-06-2025,,active,NULL
1388,1553,7,14-06-2025,,active,NULL
1475,7893,7,02-11-2025,,active,NULL
1490,6011,7,14-05-2025,,active,NULL
1559,4533,7,07-01-2026,,active,NULL
1561,2922,7,27-02-2025,,active,NULL
1587,5004,7,10-07-2025,,active,NULL
1612,6208,7,14-01-2026,,active,NULL
1654,7195,7,20-12-2025,,active,NULL
1671,5587,7,28-11-2025,,active,NULL
1727,7394,7,31-07-2025,,active,NULL
1729,7918,7,23-05-2025,,active,NULL
1733,5829,7,08-01-2026,,active,NULL
1742,757,7,18-04-2025,,active,NULL
1763,1516,7,10-01-2025,,active,NULL
1777,3243,7,28-12-2025,,active,NULL
1797,4964,7,04-12-2025,,active,NULL
1798,3650,7,02-11-2025,,active,NULL
1834,453,7,30-05-2025,,active,NULL
1839,6115,7,15-06-2025,,active,NULL
1853,7898,7,03-07-2025,,active,NULL
1859,2394,7,14-10-2025,,active,NULL
1862,5217,7,18-11-2025,,active,NULL
1868,86,7,03-01-2026,,active,NULL
1880,779,7,02-03-2025,,active,NULL
1887,971,7,07-10-2025,,active,NULL
1915,882,7,05-10-2025,,active,NULL
1962,6540,7,16-11-2025,,active,NULL
1967,4508,7,11-03-2025,,active,NULL
1981,7706,7,18-01-2025,,active,NULL
2004,1040,7,16-01-2025,,active,NULL
2057,7966,7,13-03-2025,,active,NULL
2111,6775,7,06-01-2026,,active,NULL
2149,362,7,29-01-2025,,active,NULL
2168,547,7,30-10-2025,,active,NULL
2212,4209,7,20-07-2025,,active,NULL
2255,2933,7,18-02-2025,,active,NULL
2271,7328,7,29-03-2025,,active,NULL
2330,2953,7,26-09-2025,,active,NULL
2331,7360,7,24-05-2025,,active,NULL
2358,1728,7,11-09-2025,,active,NULL
2362,1271,7,29-12-2025,,active,NULL
2375,7466,7,25-12-2025,,active,NULL
2398,5964,7,22-03-2025,,active,NULL
2413,1445,7,19-02-2025,,active,NULL
2421,3102,7,08-10-2025,,active,NULL
2428,623,7,26-06-2025,,active,NULL
2460,3780,7,10-10-2025,,active,NULL
2548,2299,7,04-06-2025,,active,NULL
2558,3171,7,12-01-2026,,active,NULL
2628,274,7,23-04-2025,,active,NULL
2646,6707,7,09-06-2025,,active,NULL
2672,5084,7,13-07-2025,,active,NULL
2677,7156,7,23-01-2025,,active,NULL
2722,3033,7,10-04-2025,,active,NULL
2748,1920,7,17-07-2025,,active,NULL
2749,5206,7,06-03-2025,,active,NULL
2771,2907,7,25-01-2025,,active,NULL
2797,5984,7,09-08-2025,,active,NULL
2813,3128,7,30-06-2025,,active,NULL
2825,1001,7,10-07-2025,,active,NULL
2838,2535,7,31-07-2025,,active,NULL
2855,6189,7,16-01-2025,,active,NULL
2858,780,7,04-06-2025,,active,NULL
2918,6165,7,30-12-2025,,active,NULL
2951,3414,7,30-11-2025,,active,NULL
2970,7300,7,29-03-2025,,active,NULL
2974,2600,7,13-09-2025,,active,NULL
2989,7281,7,08-09-2025,,active,NULL
3008,644,7,09-05-2025,,active,NULL
3107,5658,7,01-07-2025,,active,NULL
3202,4502,7,15-03-2025,,active,NULL
3208,7535,7,04-11-2025,,active,NULL
3221,825,7,18-08-2025,,active,NULL
3239,1212,7,15-05-2025,,active,NULL
3241,2467,7,22-05-2025,,active,NULL
3244,423,7,27-12-2025,,active,NULL
3245,2073,7,22-07-2025,,active,NULL
3246,1452,7,16-03-2025,,active,NULL
3247,5307,7,06-12-2025,,active,NULL
3251,7299,7,24-04-2025,,active,NULL
3256,5538,7,28-11-2025,,active,NULL
3303,5246,7,29-06-2025,,active,NULL
3320,2152,7,05-02-2025,,active,NULL
3327,1716,7,05-04-2025,,active,NULL
3372,1620,7,18-02-2025,,active,NULL
3380,1886,7,04-09-2025,,active,NULL
3385,641,7,13-06-2025,,active,NULL
3393,2796,7,13-04-2025,,active,NULL
3408,7020,7,13-11-2025,,active,NULL
3411,4278,7,09-06-2025,,active,NULL
3415,5414,7,14-12-2025,,active,NULL
3417,3904,7,15-01-2026,,active,NULL
3419,1388,7,03-08-2025,,active,NULL
3430,423,7,10-08-2025,,active,NULL
3439,1942,7,04-11-2025,,active,NULL
3444,6880,7,01-01-2025,,active,NULL
3505,7393,7,31-03-2025,,active,NULL
3542,734,7,04-10-2025,,active,NULL
3549,192,7,25-03-2025,,active,NULL
3550,244,7,10-07-2025,,active,NULL
3581,4140,7,21-03-2025,,active,NULL
3591,4856,7,03-05-2025,,active,NULL
3614,3812,7,28-12-2025,,active,NULL
3615,3470,7,31-12-2025,,active,NULL
3627,7672,7,31-01-2025,,active,NULL
3666,1919,7,24-03-2025,,active,NULL
3673,1224,7,22-06-2025,,active,NULL
3698,4888,7,06-08-2025,,active,NULL
3722,4948,7,14-09-2025,,active,NULL
3724,468,7,06-05-2025,,active,NULL
3847,6292,7,07-05-2025,,active,NULL
3887,6820,7,02-04-2025,,active,NULL
3888,489,7,03-08-2025,,active,NULL
3976,7394,7,27-03-2025,,active,NULL
3977,6369,7,29-07-2025,,active,NULL
4001,1187,7,08-08-2025,,active,NULL
4003,478,7,30-10-2025,,active,NULL
4012,519,7,11-04-2025,,active,NULL
4035,7329,7,29-07-2025,,active,NULL
4036,7944,7,02-09-2025,,active,NULL
4069,4948,7,17-01-2025,,active,NULL
4096,5882,7,28-08-2025,,active,NULL
4104,783,7,02-08-2025,,active,NULL
4268,7750,7,06-04-2025,,active,NULL
4291,5139,7,04-08-2025,,active,NULL
4311,4844,7,22-01-2025,,active,NULL
4341,5476,7,03-01-2025,,active,NULL
4431,6958,7,09-05-2025,,active,NULL
4437,5694,7,23-08-2025,,active,NULL
4449,5921,7,05-07-2025,,active,NULL
4474,767,7,28-09-2025,,active,NULL
4490,6254,7,11-11-2025,,active,NULL
4509,2193,7,03-01-2025,,active,NULL
4519,4333,7,18-03-2025,,active,NULL
4623,2413,7,31-05-2025,,active,NULL
4668,7263,7,02-05-2025,,active,NULL
4693,503,7,04-11-2025,,active,NULL
4703,283,7,08-09-2025,,active,NULL
4710,4583,7,21-01-2025,,active,NULL
4720,408,7,16-12-2025,,active,NULL
4761,4053,7,20-02-2025,,active,NULL
4762,387,7,21-06-2025,,active,NULL
4784,7518,7,22-07-2025,,active,NULL
4829,586,7,31-05-2025,,active,NULL
4879,6174,7,05-09-2025,,active,NULL
4924,7511,7,13-02-2025,,active,NULL
4935,6550,7,13-04-2025,,active,NULL
5075,2209,7,27-10-2025,,active,NULL
5131,5472,7,17-05-2025,,active,NULL
5172,5756,7,19-01-2025,,active,NULL
5200,99,7,07-04-2025,,active,NULL
5247,6876,7,25-01-2025,,active,NULL
5248,7720,7,12-07-2025,,active,NULL
5254,4700,7,01-02-2025,,active,NULL
5257,4770,7,29-12-2025,,active,NULL
5268,7005,7,06-04-2025,,active,NULL
5312,4697,7,04-11-2025,,active,NULL
5343,1513,7,15-06-2025,,active,NULL
5355,370,7,18-08-2025,,active,NULL
5377,7869,7,24-12-2025,,active,NULL
5400,3916,7,05-12-2025,,active,NULL
5427,2880,7,24-07-2025,,active,NULL
5444,5528,7,23-04-2025,,active,NULL
5535,478,7,27-12-2025,,active,NULL
5641,3003,7,08-01-2025,,active,NULL
5643,3308,7,29-06-2025,,active,NULL
5663,4457,7,17-12-2025,,active,NULL
5667,4792,7,11-11-2025,,active,NULL
5675,5827,7,16-06-2025,,active,NULL
5695,4760,7,09-09-2025,,active,NULL
5791,6163,7,09-05-2025,,active,NULL
5837,1789,7,18-08-2025,,active,NULL
5851,4749,7,28-11-2025,,active,NULL
5870,5162,7,11-08-2025,,active,NULL
5889,6597,7,11-01-2025,,active,NULL
5894,2225,7,17-10-2025,,active,NULL
5896,2640,7,04-09-2025,,active,NULL
5933,3874,7,23-05-2025,,active,NULL
5940,5483,7,15-01-2025,,active,NULL
5974,1083,7,20-06-2025,,active,NULL
6098,2484,7,08-06-2025,,active,NULL
6179,7425,7,01-06-2025,,active,NULL
6184,7941,7,24-03-2025,,active,NULL
6188,4831,7,26-05-2025,,active,NULL
6189,7541,7,08-07-2025,,active,NULL
6192,4820,7,04-08-2025,,active,NULL
6193,4144,7,01-05-2025,,active,NULL
6230,7531,7,18-03-2025,,active,NULL
6235,248,7,12-09-2025,,active,NULL
6245,5660,7,22-05-2025,,active,NULL
6299,7166,7,18-07-2025,,active,NULL
6362,4521,7,29-01-2025,,active,NULL
6388,764,7,21-05-2025,,active,NULL
6410,1532,7,14-02-2025,,active,NULL
6436,2744,7,01-06-2025,,active,NULL
6451,5124,7,08-01-2025,,active,NULL
6453,7398,7,29-07-2025,,active,NULL
6514,1170,7,29-01-2025,,active,NULL
6520,7204,7,06-11-2025,,active,NULL
6561,1991,7,04-10-2025,,active,NULL
6594,7531,7,28-05-2025,,active,NULL
6618,7023,7,24-06-2025,,active,NULL
6637,1930,7,18-06-2025,,active,NULL
6653,3441,7,26-10-2025,,active,NULL
6684,4796,7,24-10-2025,,active,NULL
6692,1817,7,07-02-2025,,active,NULL
6717,814,7,19-09-2025,,active,NULL
6736,4033,7,15-01-2026,,active,NULL
6738,7696,7,31-08-2025,,active,NULL
6774,7595,7,28-10-2025,,active,NULL
6872,710,7,09-05-2025,,active,NULL
6895,7830,7,18-04-2025,,active,NULL
6911,2196,7,06-06-2025,,active,NULL
6966,6523,7,20-10-2025,,active,NULL
6976,512,7,11-11-2025,,active,NULL
6979,3765,7,02-11-2025,,active,NULL
7002,7018,7,01-06-2025,,active,NULL
7007,5493,7,04-07-2025,,active,NULL
7050,5048,7,04-10-2025,,active,NULL
7090,1001,7,30-03-2025,,active,NULL
7094,7211,7,15-04-2025,,active,NULL
7120,3566,7,26-07-2025,,active,NULL
7121,6804,7,14-04-2025,,active,NULL
7137,7288,7,15-09-2025,,active,NULL
7175,5461,7,02-12-2025,,active,NULL
7191,2614,7,07-09-2025,,active,NULL
7222,33,7,19-02-2025,,active,NULL
7246,6280,7,28-09-2025,,active,NULL
7273,6451,7,17-04-2025,,active,NULL
7280,2618,7,19-11-2025,,active,NULL
7313,4013,7,09-06-2025,,active,NULL
7332,6801,7,11-01-2025,,active,NULL
7340,433,7,10-12-2025,,active,NULL
7422,6359,7,16-01-2026,,active,NULL
7487,919,7,29-03-2025,,active,NULL
7526,2435,7,07-12-2025,,active,NULL
7550,601,7,13-09-2025,,active,NULL
7587,2996,7,31-01-2025,,active,NULL
7654,499,7,23-12-2025,,active,NULL
7670,5225,7,10-01-2025,,active,NULL
7688,3813,7,21-05-2025,,active,NULL
7709,5526,7,11-09-2025,,active,NULL
7729,4524,7,18-08-2025,,active,NULL
7730,5713,7,14-12-2025,,active,NULL
7776,171,7,26-10-2025,,active,NULL
7874,1563,7,24-03-2025,,active,NULL
7894,377,7,31-08-2025,,active,NULL
7954,2515,7,23-05-2025,,active,NULL
7974,3596,7,12-08-2025,,active,NULL
7988,2944,7,19-04-2025,,active,NULL
8026,1789,7,22-12-2025,,active,NULL
8036,6132,7,02-01-2025,,active,NULL
8037,7950,7,03-03-2025,,active,NULL
8102,3872,7,06-12-2025,,active,NULL
8104,5070,7,18-11-2025,,active,NULL
8125,5738,7,02-10-2025,,active,NULL
8205,36,7,09-09-2025,,active,NULL
8367,6283,7,27-09-2025,,active,NULL
8387,7872,7,18-05-2025,,active,NULL
8430,6556,7,14-12-2025,,active,NULL
8458,5143,7,06-10-2025,,active,NULL
8465,17,7,20-01-2025,,active,NULL
8547,183,7,08-09-2025,,active,NULL
8548,7371,7,30-08-2025,,active,NULL
8602,554,7,29-03-2025,,active,NULL
8636,3266,7,18-08-2025,,active,NULL
8668,4066,7,08-10-2025,,active,NULL
8679,4103,7,27-06-2025,,active,NULL
8756,1317,7,11-11-2025,,active,NULL
8764,7429,7,28-02-2025,,active,NULL
8832,225,7,12-07-2025,,active,NULL
8841,6340,7,05-10-2025,,active,NULL
8849,6656,7,06-04-2025,,active,NULL
8864,2819,7,15-03-2025,,active,NULL
8902,597,7,21-02-2025,,active,NULL
8944,6337,7,18-09-2025,,active,NULL
8958,4985,7,13-06-2025,,active,NULL
8963,4111,7,04-01-2025,,active,NULL
8974,6438,7,10-01-2025,,active,NULL
8993,3497,7,07-05-2025,,active,NULL
9047,815,7,24-11-2025,,active,NULL
9073,2057,7,24-08-2025,,active,NULL
9093,3463,7,30-03-2025,,active,NULL
9094,3127,7,06-12-2025,,active,NULL
9099,7149,7,03-03-2025,,active,NULL
9101,2970,7,19-10-2025,,active,NULL
9126,4699,7,30-08-2025,,active,NULL
9150,963,7,23-02-2025,,active,NULL
9171,326,7,21-11-2025,,active,NULL
9178,6781,7,01-11-2025,,active,NULL
9192,3385,7,28-08-2025,,active,NULL
9230,1500,7,21-06-2025,,active,NULL
9269,7024,7,09-02-2025,,active,NULL
9386,6550,7,23-09-2025,,active,NULL
9437,5934,7,21-09-2025,,active,NULL
9451,6642,7,22-11-2025,,active,NULL
9459,6179,7,20-11-2025,,active,NULL
9477,1124,7,03-01-2025,,active,NULL
9484,3335,7,13-05-2025,,active,NULL
9538,4931,7,02-01-2025,,active,NULL
9547,1176,7,31-05-2025,,active,NULL
9558,5309,7,06-05-2025,,active,NULL
9607,581,7,10-01-2025,,active,NULL
9622,7619,7,12-05-2025,,active,NULL
9632,1969,7,12-01-2025,,active,NULL
9641,5167,7,06-06-2025,,active,NULL
9667,5315,7,22-08-2025,,active,NULL
9675,4883,7,10-03-2025,,active,NULL
9705,3161,7,27-11-2025,,active,NULL
9747,6877,7,09-04-2025,,active,NULL
9782,4220,7,10-03-2025,,active,NULL
9841,5965,7,21-06-2025,,active,NULL
9976,5293,7,29-12-2025,,active,NULL
10023,3871,7,02-02-2025,,active,NULL
10047,6279,7,21-03-2025,,active,NULL
10090,4148,7,20-12-2025,,active,NULL
10149,5043,7,10-03-2025,,active,NULL
10158,4265,7,29-05-2025,,active,NULL
10176,6055,7,28-09-2025,,active,NULL
10204,3878,7,01-06-2025,,active,NULL
10256,2039,7,07-06-2025,,active,NULL
10270,5758,7,09-11-2025,,active,NULL
10282,4929,7,18-10-2025,,active,NULL
10295,550,7,26-05-2025,,active,NULL
10327,869,7,22-07-2025,,active,NULL
10377,1026,7,15-04-2025,,active,NULL
10381,1317,7,24-12-2025,,active,NULL
10422,5491,7,23-12-2025,,active,NULL
10473,4136,7,11-09-2025,,active,NULL
10518,7885,7,04-11-2025,,active,NULL
10548,640,7,12-10-2025,,active,NULL
10558,4269,7,19-03-2025,,active,NULL
10559,899,7,03-06-2025,,active,NULL
10639,7507,7,09-04-2025,,active,NULL
10660,113,7,10-04-2025,,active,NULL
10676,2645,7,13-05-2025,,active,NULL
10677,7260,7,04-09-2025,,active,NULL
10716,4889,7,15-04-2025,,active,NULL
10725,6289,7,04-12-2025,,active,NULL
10731,3619,7,18-09-2025,,active,NULL
10813,3341,7,22-10-2025,,active,NULL
10887,6996,7,23-12-2025,,active,NULL
10920,3608,7,11-08-2025,,active,NULL
10926,618,7,12-01-2025,,active,NULL
11068,4262,7,07-11-2025,,active,NULL
11069,7441,7,19-08-2025,,active,NULL
11154,3809,7,08-12-2025,,active,NULL
11162,6909,7,25-01-2025,,active,NULL
11171,1374,7,04-12-2025,,active,NULL
11248,6766,7,18-07-2025,,active,NULL
11291,3878,7,04-11-2025,,active,NULL
11344,7647,7,23-12-2025,,active,NULL
11418,5320,7,23-11-2025,,active,NULL
11423,6484,7,12-11-2025,,active,NULL
11428,4619,7,22-11-2025,,active,NULL
11439,7349,7,09-11-2025,,active,NULL
11443,2942,7,24-05-2025,,active,NULL
11482,4634,7,25-09-2025,,active,NULL
11485,6946,7,13-10-2025,,active,NULL
11490,3935,7,17-05-2025,,active,NULL
11501,1115,7,13-05-2025,,active,NULL
11502,2900,7,17-11-2025,,active,NULL
11503,4721,7,17-07-2025,,active,NULL
11505,2690,7,01-01-2026,,active,NULL
11520,4647,7,11-02-2025,,active,NULL
11572,1504,7,04-01-2026,,active,NULL
11624,6439,7,20-04-2025,,active,NULL
11632,6011,7,25-01-2025,,active,NULL
11673,4129,7,03-04-2025,,active,NULL
11752,4092,7,03-12-2025,,active,NULL
11856,4293,7,13-02-2025,,active,NULL
11881,43,7,10-08-2025,,active,NULL
11882,2036,7,04-05-2025,,active,NULL
11921,5287,7,25-02-2025,,active,NULL
11936,7045,7,01-11-2025,,active,NULL
11981,7183,7,21-08-2025,,active,NULL
11989,918,7,16-07-2025,,active,NULL
11996,1020,7,29-07-2025,,active,NULL
12,6546,8,11-01-2025,,active,NULL
37,839,8,25-11-2025,,active,NULL
41,2310,8,14-02-2025,,active,NULL
61,5628,8,24-11-2025,,active,NULL
131,2473,8,02-05-2025,,active,NULL
143,7522,8,09-03-2025,,active,NULL
166,2438,8,10-04-2025,,active,NULL
203,3003,8,16-04-2025,,active,NULL
227,1921,8,10-01-2026,,active,NULL
235,7408,8,13-11-2025,,active,NULL
244,6238,8,06-10-2025,,active,NULL
315,2603,8,23-10-2025,,active,NULL
320,6875,8,26-08-2025,,active,NULL
342,554,8,30-05-2025,,active,NULL
349,7939,8,24-12-2025,,active,NULL
362,2834,8,21-12-2025,,active,NULL
365,3496,8,18-10-2025,,active,NULL
423,1327,8,10-05-2025,,active,NULL
427,5930,8,30-04-2025,,active,NULL
451,204,8,18-09-2025,,active,NULL
512,2630,8,11-02-2025,,active,NULL
602,2904,8,14-06-2025,,active,NULL
635,1897,8,12-08-2025,,active,NULL
646,3095,8,26-10-2025,,active,NULL
695,2566,8,05-11-2025,,active,NULL
726,3660,8,06-01-2026,,active,NULL
743,4729,8,06-10-2025,,active,NULL
773,2337,8,03-01-2026,,active,NULL
784,5799,8,12-04-2025,,active,NULL
786,7190,8,25-01-2025,,active,NULL
794,836,8,31-01-2025,,active,NULL
866,1108,8,04-01-2026,,active,NULL
917,4203,8,06-02-2025,,active,NULL
939,437,8,08-09-2025,,active,NULL
973,5308,8,28-10-2025,,active,NULL
999,2940,8,22-07-2025,,active,NULL
1051,2312,8,09-09-2025,,active,NULL
1089,872,8,18-03-2025,,active,NULL
1131,3444,8,01-06-2025,,active,NULL
1148,3784,8,10-03-2025,,active,NULL
1150,2885,8,28-03-2025,,active,NULL
1164,5113,8,16-11-2025,,active,NULL
1186,5720,8,01-02-2025,,active,NULL
1238,5962,8,01-02-2025,,active,NULL
1285,4703,8,15-12-2025,,active,NULL
1299,7746,8,04-04-2025,,active,NULL
1358,5278,8,25-09-2025,,active,NULL
1409,7034,8,21-03-2025,,active,NULL
1410,418,8,29-01-2025,,active,NULL
1472,2266,8,09-01-2026,,active,NULL
1486,4617,8,31-07-2025,,active,NULL
1514,6376,8,27-12-2025,,active,NULL
1570,3220,8,05-05-2025,,active,NULL
1580,6467,8,25-07-2025,,active,NULL
1590,7309,8,27-10-2025,,active,NULL
1603,286,8,24-07-2025,,active,NULL
1608,776,8,13-10-2025,,active,NULL
1617,4836,8,16-06-2025,,active,NULL
1635,38,8,29-11-2025,,active,NULL
1651,2237,8,21-06-2025,,active,NULL
1681,2802,8,11-04-2025,,active,NULL
1832,4195,8,04-09-2025,,active,NULL
1837,5729,8,01-09-2025,,active,NULL
1900,7667,8,06-07-2025,,active,NULL
1902,1529,8,17-07-2025,,active,NULL
1911,7331,8,29-10-2025,,active,NULL
1964,7077,8,05-11-2025,,active,NULL
1966,271,8,18-08-2025,,active,NULL
1974,6511,8,31-08-2025,,active,NULL
1987,6710,8,19-10-2025,,active,NULL
2003,4116,8,29-10-2025,,active,NULL
2018,3993,8,07-04-2025,,active,NULL
2073,784,8,09-04-2025,,active,NULL
2113,5475,8,08-10-2025,,active,NULL
2129,7069,8,19-04-2025,,active,NULL
2130,705,8,14-09-2025,,active,NULL
2183,117,8,25-08-2025,,active,NULL
2234,5079,8,03-01-2025,,active,NULL
2252,7753,8,29-01-2025,,active,NULL
2276,3928,8,08-09-2025,,active,NULL
2297,3786,8,28-10-2025,,active,NULL
2300,6985,8,04-08-2025,,active,NULL
2306,3932,8,24-09-2025,,active,NULL
2325,7526,8,31-07-2025,,active,NULL
2351,6306,8,02-10-2025,,active,NULL
2370,1431,8,04-08-2025,,active,NULL
2392,3782,8,21-04-2025,,active,NULL
2397,6789,8,27-11-2025,,active,NULL
2402,7210,8,09-06-2025,,active,NULL
2409,3110,8,25-04-2025,,active,NULL
2416,1528,8,17-10-2025,,active,NULL
2419,3582,8,20-01-2025,,active,NULL
2420,5663,8,21-08-2025,,active,NULL
2427,1383,8,24-02-2025,,active,NULL
2436,4797,8,25-03-2025,,active,NULL
2439,2639,8,20-01-2025,,active,NULL
2440,1276,8,13-03-2025,,active,NULL
2443,6292,8,31-10-2025,,active,NULL
2461,3975,8,27-02-2025,,active,NULL
2474,3335,8,28-11-2025,,active,NULL
2485,4438,8,02-07-2025,,active,NULL
2514,1567,8,09-03-2025,,active,NULL
2515,461,8,07-10-2025,,active,NULL
2519,3941,8,16-08-2025,,active,NULL
2549,1757,8,18-10-2025,,active,NULL
2622,2681,8,13-07-2025,,active,NULL
2656,6565,8,14-01-2025,,active,NULL
2686,5222,8,22-03-2025,,active,NULL
2691,5906,8,07-11-2025,,active,NULL
2700,6080,8,07-07-2025,,active,NULL
2740,2041,8,18-01-2026,,active,NULL
2744,1536,8,20-12-2025,,active,NULL
2765,3245,8,17-01-2026,,active,NULL
2811,3743,8,14-10-2025,,active,NULL
2955,5171,8,29-10-2025,,active,NULL
2960,7723,8,13-12-2025,,active,NULL
2976,2325,8,24-01-2025,,active,NULL
2995,3318,8,25-11-2025,,active,NULL
3036,4691,8,10-01-2026,,active,NULL
3061,4240,8,16-05-2025,,active,NULL
3090,5369,8,16-01-2025,,active,NULL
3097,1867,8,23-05-2025,,active,NULL
3114,7263,8,14-03-2025,,active,NULL
3122,2424,8,13-01-2026,,active,NULL
3131,4153,8,05-02-2025,,active,NULL
3153,4634,8,23-02-2025,,active,NULL
3171,7480,8,28-06-2025,,active,NULL
3176,1888,8,12-01-2025,,active,NULL
3259,530,8,14-10-2025,,active,NULL
3277,590,8,17-11-2025,,active,NULL
3338,2694,8,18-07-2025,,active,NULL
3343,5251,8,18-11-2025,,active,NULL
3375,6700,8,01-11-2025,,active,NULL
3378,4030,8,12-03-2025,,active,NULL
3400,138,8,04-11-2025,,active,NULL
3436,2374,8,24-12-2025,,active,NULL
3510,3884,8,05-08-2025,,active,NULL
3530,1569,8,23-12-2025,,active,NULL
3534,6207,8,10-08-2025,,active,NULL
3553,4679,8,08-08-2025,,active,NULL
3588,6861,8,18-11-2025,,active,NULL
3651,4781,8,26-12-2025,,active,NULL
3686,6424,8,19-07-2025,,active,NULL
3692,516,8,04-01-2026,,active,NULL
3705,7518,8,11-05-2025,,active,NULL
3710,4967,8,27-09-2025,,active,NULL
3767,181,8,17-01-2025,,active,NULL
3809,906,8,05-02-2025,,active,NULL
3821,4359,8,12-02-2025,,active,NULL
3828,3652,8,14-07-2025,,active,NULL
3850,6413,8,30-08-2025,,active,NULL
3925,3365,8,04-08-2025,,active,NULL
3945,7450,8,06-04-2025,,active,NULL
3968,4682,8,23-05-2025,,active,NULL
3988,438,8,24-09-2025,,active,NULL
4057,2360,8,17-05-2025,,active,NULL
4061,3661,8,10-08-2025,,active,NULL
4167,3112,8,02-02-2025,,active,NULL
4175,243,8,02-02-2025,,active,NULL
4209,7805,8,28-11-2025,,active,NULL
4210,5794,8,25-06-2025,,active,NULL
4224,1972,8,02-08-2025,,active,NULL
4278,3054,8,17-12-2025,,active,NULL
4287,2407,8,08-09-2025,,active,NULL
4303,1108,8,13-10-2025,,active,NULL
4307,1612,8,11-01-2026,,active,NULL
4308,5072,8,02-07-2025,,active,NULL
4324,2715,8,16-04-2025,,active,NULL
4419,3196,8,11-08-2025,,active,NULL
4544,6733,8,19-11-2025,,active,NULL
4562,2442,8,16-05-2025,,active,NULL
4563,2039,8,17-01-2025,,active,NULL
4592,4815,8,18-02-2025,,active,NULL
4611,5474,8,24-09-2025,,active,NULL
4620,2994,8,09-01-2025,,active,NULL
4658,1945,8,01-12-2025,,active,NULL
4661,4651,8,14-02-2025,,active,NULL
4707,3760,8,16-01-2026,,active,NULL
4739,5724,8,04-10-2025,,active,NULL
4815,4153,8,01-11-2025,,active,NULL
4930,542,8,11-04-2025,,active,NULL
4950,2051,8,03-08-2025,,active,NULL
4968,24,8,10-05-2025,,active,NULL
4970,7867,8,30-07-2025,,active,NULL
5013,2703,8,27-09-2025,,active,NULL
5037,6919,8,19-09-2025,,active,NULL
5058,2915,8,15-03-2025,,active,NULL
5084,5881,8,09-01-2025,,active,NULL
5123,6586,8,09-06-2025,,active,NULL
5212,7251,8,04-01-2025,,active,NULL
5244,4119,8,11-06-2025,,active,NULL
5322,5209,8,11-09-2025,,active,NULL
5325,5681,8,22-07-2025,,active,NULL
5342,6976,8,14-11-2025,,active,NULL
5367,564,8,30-05-2025,,active,NULL
5379,7550,8,06-02-2025,,active,NULL
5393,6027,8,06-09-2025,,active,NULL
5433,4883,8,14-05-2025,,active,NULL
5451,2143,8,27-05-2025,,active,NULL
5526,530,8,30-12-2025,,active,NULL
5548,2061,8,10-03-2025,,active,NULL
5551,1715,8,11-06-2025,,active,NULL
5563,6455,8,13-05-2025,,active,NULL
5602,736,8,23-06-2025,,active,NULL
5665,2583,8,07-01-2025,,active,NULL
5677,7684,8,08-10-2025,,active,NULL
5681,7701,8,09-02-2025,,active,NULL
5706,6329,8,20-03-2025,,active,NULL
5739,2480,8,11-11-2025,,active,NULL
5742,2838,8,11-10-2025,,active,NULL
5756,2032,8,27-05-2025,,active,NULL
5865,2846,8,10-03-2025,,active,NULL
5886,2342,8,17-01-2025,,active,NULL
5897,52,8,29-07-2025,,active,NULL
5920,3957,8,25-08-2025,,active,NULL
5923,6642,8,18-11-2025,,active,NULL
5941,7717,8,20-06-2025,,active,NULL
5958,535,8,01-01-2025,,active,NULL
5962,3238,8,07-01-2026,,active,NULL
5967,7857,8,02-08-2025,,active,NULL
6014,5292,8,02-01-2025,,active,NULL
6138,3136,8,14-07-2025,,active,NULL
6146,3242,8,05-07-2025,,active,NULL
6183,6290,8,17-12-2025,,active,NULL
6185,3968,8,06-04-2025,,active,NULL
6221,4862,8,08-08-2025,,active,NULL
6226,5647,8,06-01-2025,,active,NULL
6227,2853,8,10-10-2025,,active,NULL
6236,2979,8,26-06-2025,,active,NULL
6240,4054,8,17-04-2025,,active,NULL
6252,6839,8,15-08-2025,,active,NULL
6268,4869,8,13-01-2025,,active,NULL
6331,821,8,08-09-2025,,active,NULL
6373,4767,8,20-08-2025,,active,NULL
6383,4398,8,04-09-2025,,active,NULL
6450,2723,8,01-10-2025,,active,NULL
6466,7869,8,05-02-2025,,active,NULL
6477,623,8,08-05-2025,,active,NULL
6490,3162,8,09-01-2025,,active,NULL
6628,5157,8,23-12-2025,,active,NULL
6693,2239,8,24-08-2025,,active,NULL
6702,1700,8,19-05-2025,,active,NULL
6720,2074,8,13-03-2025,,active,NULL
6726,6077,8,25-03-2025,,active,NULL
6740,1347,8,30-01-2025,,active,NULL
6744,3960,8,17-06-2025,,active,NULL
7035,5453,8,09-08-2025,,active,NULL
7041,2874,8,19-05-2025,,active,NULL
7088,2817,8,07-02-2025,,active,NULL
7118,1085,8,05-01-2026,,active,NULL
7190,2182,8,10-01-2026,,active,NULL
7245,5015,8,14-08-2025,,active,NULL
7252,2345,8,08-05-2025,,active,NULL
7319,3215,8,03-07-2025,,active,NULL
7396,3786,8,09-06-2025,,active,NULL
7426,4507,8,11-12-2025,,active,NULL
7576,2511,8,26-09-2025,,active,NULL
7579,2050,8,19-12-2025,,active,NULL
7590,5233,8,13-07-2025,,active,NULL
7615,1574,8,12-03-2025,,active,NULL
7645,11,8,23-07-2025,,active,NULL
7668,1552,8,11-01-2025,,active,NULL
7711,7658,8,06-11-2025,,active,NULL
7759,2259,8,08-11-2025,,active,NULL
7787,1918,8,12-03-2025,,active,NULL
7898,3476,8,19-07-2025,,active,NULL
7935,4110,8,18-01-2025,,active,NULL
8013,3893,8,09-04-2025,,active,NULL
8123,5736,8,10-01-2026,,active,NULL
8164,7912,8,15-06-2025,,active,NULL
8169,6302,8,25-08-2025,,active,NULL
8265,5820,8,20-01-2025,,active,NULL
8275,6301,8,05-08-2025,,active,NULL
8276,6331,8,28-07-2025,,active,NULL
8295,3767,8,13-12-2025,,active,NULL
8356,7684,8,07-03-2025,,active,NULL
8413,6119,8,19-09-2025,,active,NULL
8415,4082,8,31-01-2025,,active,NULL
8452,6991,8,19-05-2025,,active,NULL
8503,2435,8,13-07-2025,,active,NULL
8574,4520,8,15-01-2025,,active,NULL
8616,3429,8,08-03-2025,,active,NULL
8644,481,8,17-05-2025,,active,NULL
8675,1422,8,16-02-2025,,active,NULL
8681,4075,8,04-01-2025,,active,NULL
8689,449,8,13-01-2026,,active,NULL
8710,6844,8,08-11-2025,,active,NULL
8713,493,8,12-08-2025,,active,NULL
8715,7881,8,15-01-2025,,active,NULL
8717,3399,8,11-09-2025,,active,NULL
8722,5758,8,23-08-2025,,active,NULL
8761,6297,8,12-01-2026,,active,NULL
8786,2190,8,29-09-2025,,active,NULL
8800,3791,8,09-01-2026,,active,NULL
8819,4433,8,05-01-2025,,active,NULL
8862,5729,8,11-06-2025,,active,NULL
8869,1317,8,22-09-2025,,active,NULL
8928,2470,8,16-01-2025,,active,NULL
8968,5542,8,18-03-2025,,active,NULL
8978,3613,8,06-07-2025,,active,NULL
8983,3514,8,20-08-2025,,active,NULL
9029,4735,8,27-06-2025,,active,NULL
9035,2504,8,24-10-2025,,active,NULL
9043,1988,8,24-07-2025,,active,NULL
9044,6568,8,16-05-2025,,active,NULL
9067,2600,8,24-02-2025,,active,NULL
9129,4928,8,05-04-2025,,active,NULL
9139,1167,8,15-06-2025,,active,NULL
9141,1761,8,11-04-2025,,active,NULL
9170,1522,8,29-08-2025,,active,NULL
9202,5546,8,16-06-2025,,active,NULL
9232,3938,8,14-08-2025,,active,NULL
9258,1094,8,13-02-2025,,active,NULL
9334,30,8,21-02-2025,,active,NULL
9373,6377,8,29-10-2025,,active,NULL
9458,6304,8,27-02-2025,,active,NULL
9465,5554,8,04-08-2025,,active,NULL
9474,7504,8,08-02-2025,,active,NULL
9480,1026,8,23-01-2025,,active,NULL
9487,7191,8,03-03-2025,,active,NULL
9513,1483,8,17-01-2026,,active,NULL
9516,4766,8,31-01-2025,,active,NULL
9521,6986,8,27-09-2025,,active,NULL
9542,2289,8,28-01-2025,,active,NULL
9557,7642,8,24-07-2025,,active,NULL
9570,3477,8,18-09-2025,,active,NULL
9580,3038,8,08-10-2025,,active,NULL
9588,6318,8,03-04-2025,,active,NULL
9625,3587,8,09-11-2025,,active,NULL
9640,6035,8,31-07-2025,,active,NULL
9643,7915,8,12-12-2025,,active,NULL
9678,5936,8,18-04-2025,,active,NULL
9728,3269,8,03-03-2025,,active,NULL
9767,3681,8,25-05-2025,,active,NULL
9842,7865,8,30-11-2025,,active,NULL
9862,6954,8,29-01-2025,,active,NULL
9898,3362,8,18-11-2025,,active,NULL
9901,2409,8,29-12-2025,,active,NULL
9922,3360,8,14-01-2026,,active,NULL
9930,285,8,17-11-2025,,active,NULL
9942,7286,8,07-07-2025,,active,NULL
9951,6322,8,03-08-2025,,active,NULL
9964,6583,8,22-03-2025,,active,NULL
9978,4728,8,10-01-2025,,active,NULL
10068,4318,8,08-06-2025,,active,NULL
10086,4702,8,30-10-2025,,active,NULL
10108,2623,8,16-04-2025,,active,NULL
10146,1707,8,01-11-2025,,active,NULL
10157,4360,8,16-09-2025,,active,NULL
10253,4761,8,11-02-2025,,active,NULL
10290,6155,8,03-08-2025,,active,NULL
10338,3637,8,28-08-2025,,active,NULL
10364,5535,8,11-06-2025,,active,NULL
10418,7134,8,10-11-2025,,active,NULL
10424,1608,8,23-09-2025,,active,NULL
10499,6406,8,07-02-2025,,active,NULL
10519,1262,8,17-04-2025,,active,NULL
10529,3846,8,19-02-2025,,active,NULL
10531,5131,8,10-07-2025,,active,NULL
10552,7429,8,08-01-2026,,active,NULL
10568,1313,8,11-07-2025,,active,NULL
10572,4193,8,19-02-2025,,active,NULL
10575,994,8,18-01-2026,,active,NULL
10632,5632,8,05-06-2025,,active,NULL
10698,7519,8,05-11-2025,,active,NULL
10706,1922,8,03-05-2025,,active,NULL
10727,1095,8,14-01-2025,,active,NULL
10744,2647,8,02-05-2025,,active,NULL
10754,3731,8,11-11-2025,,active,NULL
10782,6945,8,08-05-2025,,active,NULL
10786,7502,8,15-02-2025,,active,NULL
10815,7230,8,05-10-2025,,active,NULL
10826,3372,8,14-03-2025,,active,NULL
10880,4228,8,28-02-2025,,active,NULL
10951,7387,8,23-11-2025,,active,NULL
10954,3123,8,31-03-2025,,active,NULL
11022,3961,8,22-06-2025,,active,NULL
11056,4027,8,10-08-2025,,active,NULL
11059,678,8,19-01-2025,,active,NULL
11072,6587,8,04-01-2025,,active,NULL
11108,796,8,06-05-2025,,active,NULL
11125,3543,8,08-01-2025,,active,NULL
11168,937,8,03-07-2025,,active,NULL
11187,5243,8,05-01-2025,,active,NULL
11251,4055,8,15-05-2025,,active,NULL
11337,699,8,24-12-2025,,active,NULL
11357,7616,8,16-09-2025,,active,NULL
11389,643,8,15-04-2025,,active,NULL
11392,5606,8,06-06-2025,,active,NULL
11463,3424,8,06-12-2025,,active,NULL
11552,4926,8,19-08-2025,,active,NULL
11564,2233,8,05-01-2025,,active,NULL
11587,7913,8,14-08-2025,,active,NULL
11627,956,8,27-03-2025,,active,NULL
11685,667,8,08-06-2025,,active,NULL
11694,6504,8,11-03-2025,,active,NULL
11705,5849,8,14-08-2025,,active,NULL
11729,2338,8,20-05-2025,,active,NULL
11750,975,8,08-01-2026,,active,NULL
11772,6898,8,27-03-2025,,active,NULL
11828,2654,8,17-01-2026,,active,NULL
11836,832,8,24-02-2025,,active,NULL
11879,4847,8,23-08-2025,,active,NULL
11912,7500,8,30-07-2025,,active,NULL
11913,3009,8,19-01-2025,,active,NULL
11932,6601,8,28-09-2025,,active,NULL
11942,2851,8,07-09-2025,,active,NULL
11953,4216,8,07-05-2025,,active,NULL
11966,7351,8,16-01-2025,,active,NULL
74,1883,8,12-03-2025,22-06-2025,canceled,Other
156,5100,8,07-12-2025,26-02-2026,canceled,Too expensive
260,618,8,25-07-2025,15-11-2025,canceled,Technical issues
287,6752,8,07-01-2025,23-04-2025,canceled,Other
288,3052,8,28-08-2025,13-01-2026,canceled,Content not relevant
356,5413,8,22-06-2025,10-11-2025,canceled,Not using enough
371,7195,8,09-05-2025,16-05-2025,canceled,Content not relevant
479,6596,8,10-01-2026,04-06-2026,canceled,Too expensive
653,6848,8,14-05-2025,11-07-2025,canceled,Content not relevant
789,7968,8,13-03-2025,09-04-2025,canceled,Content not relevant
796,4774,8,19-10-2025,14-11-2025,canceled,Technical issues
844,7486,8,04-10-2025,20-02-2026,canceled,Technical issues
883,4446,8,03-05-2025,06-06-2025,canceled,Content not relevant
904,1049,8,28-12-2025,30-04-2026,canceled,Content not relevant
949,6246,8,29-07-2025,04-01-2026,canceled,Content not relevant
1258,5777,8,20-06-2025,25-10-2025,canceled,Technical issues
1266,2306,8,21-04-2025,18-09-2025,canceled,Found alternative
1451,2563,8,21-11-2025,19-05-2026,canceled,Other
1494,7973,8,01-07-2025,25-09-2025,canceled,Technical issues
1571,1600,8,07-11-2025,22-11-2025,canceled,Found alternative
1626,3088,8,03-05-2025,16-07-2025,canceled,Technical issues
1643,1961,8,17-02-2025,29-07-2025,canceled,Not using enough
1699,3557,8,16-02-2025,31-07-2025,canceled,Content not relevant
1766,6793,8,11-04-2025,04-05-2025,canceled,Technical issues
1816,6855,8,06-01-2025,02-03-2025,canceled,Content not relevant
1824,7067,8,17-09-2025,26-10-2025,canceled,Technical issues
1841,3675,8,12-09-2025,12-10-2025,canceled,Other
1866,4963,8,14-11-2025,20-03-2026,canceled,Content not relevant
1889,6740,8,18-12-2025,15-01-2026,canceled,Too expensive
1990,1396,8,26-05-2025,28-06-2025,canceled,Found alternative
2067,418,8,22-03-2025,19-05-2025,canceled,Content not relevant
2093,1092,8,24-12-2025,03-05-2026,canceled,Not using enough
2192,4330,8,22-08-2025,11-11-2025,canceled,Not using enough
2195,7279,8,17-09-2025,25-12-2025,canceled,Not using enough
2281,7337,8,06-05-2025,27-08-2025,canceled,Technical issues
2426,3440,8,27-06-2025,15-07-2025,canceled,Content not relevant
2499,6279,8,03-08-2025,11-11-2025,canceled,Found alternative
2578,3570,8,13-12-2025,17-03-2026,canceled,Technical issues
2665,4607,8,15-08-2025,08-09-2025,canceled,Other
2704,3271,8,03-02-2025,13-07-2025,canceled,Found alternative
2793,6417,8,07-06-2025,02-07-2025,canceled,Other
2883,5250,8,02-09-2025,01-11-2025,canceled,Other
2915,6440,8,09-01-2025,27-01-2025,canceled,Content not relevant
3084,4895,8,30-04-2025,17-08-2025,canceled,Content not relevant
3272,3511,8,23-12-2025,10-04-2026,canceled,Found alternative
3285,7806,8,01-03-2025,29-04-2025,canceled,Found alternative
3333,6895,8,18-03-2025,27-08-2025,canceled,Found alternative
3366,694,8,09-05-2025,23-10-2025,canceled,Found alternative
3487,4398,8,18-08-2025,16-10-2025,canceled,Technical issues
3607,2166,8,07-07-2025,13-09-2025,canceled,Found alternative
3701,7291,8,06-12-2025,02-04-2026,canceled,Found alternative
3731,4720,8,04-10-2025,21-01-2026,canceled,Found alternative
3732,4119,8,23-11-2025,27-04-2026,canceled,Content not relevant
3755,4110,8,09-01-2025,15-02-2025,canceled,Not using enough
3851,6859,8,26-02-2025,28-05-2025,canceled,Content not relevant
3906,3668,8,24-12-2025,23-05-2026,canceled,Other
3981,7079,8,08-09-2025,12-12-2025,canceled,Content not relevant
3995,652,8,15-08-2025,22-11-2025,canceled,Content not relevant
4124,2804,8,17-09-2025,28-10-2025,canceled,Technical issues
4279,3596,8,18-04-2025,07-06-2025,canceled,Content not relevant
4282,4316,8,10-05-2025,26-05-2025,canceled,Found alternative
4333,56,8,30-11-2025,17-03-2026,canceled,Not using enough
4456,6202,8,25-07-2025,30-09-2025,canceled,Other
4482,2885,8,14-10-2025,21-12-2025,canceled,Too expensive
4571,2114,8,12-01-2026,11-06-2026,canceled,Not using enough
4694,5682,8,10-10-2025,27-01-2026,canceled,Too expensive
4714,6795,8,05-09-2025,10-01-2026,canceled,Content not relevant
4863,777,8,23-11-2025,31-01-2026,canceled,Content not relevant
4898,3424,8,19-08-2025,03-01-2026,canceled,Content not relevant
4918,3942,8,21-09-2025,04-01-2026,canceled,Content not relevant
4922,2052,8,18-07-2025,16-09-2025,canceled,Content not relevant
4925,2079,8,28-06-2025,10-09-2025,canceled,Content not relevant
4942,2198,8,20-06-2025,14-09-2025,canceled,Technical issues
4981,7097,8,26-06-2025,30-10-2025,canceled,Not using enough
5056,3397,8,19-07-2025,02-11-2025,canceled,Not using enough
5068,4677,8,20-09-2025,21-01-2026,canceled,Not using enough
5165,6912,8,06-12-2025,01-06-2026,canceled,Technical issues
5191,3050,8,06-09-2025,25-09-2025,canceled,Other
5302,5713,8,21-12-2025,23-02-2026,canceled,Other
5337,7003,8,17-07-2025,30-12-2025,canceled,Not using enough
5369,7906,8,13-11-2025,28-02-2026,canceled,Not using enough
5403,4750,8,23-05-2025,04-11-2025,canceled,Not using enough
5417,2818,8,30-11-2025,08-02-2026,canceled,Found alternative
5501,7455,8,15-08-2025,19-11-2025,canceled,Not using enough
5524,6625,8,15-12-2025,26-01-2026,canceled,Not using enough
5530,3563,8,25-04-2025,10-10-2025,canceled,Technical issues
5599,1801,8,06-08-2025,01-01-2026,canceled,Other
5714,2613,8,14-10-2025,03-03-2026,canceled,Technical issues
5760,7399,8,16-01-2025,11-03-2025,canceled,Content not relevant
5901,330,8,18-07-2025,15-08-2025,canceled,Content not relevant
6011,3860,8,28-07-2025,25-09-2025,canceled,Not using enough
6015,6057,8,13-09-2025,06-03-2026,canceled,Not using enough
6026,6724,8,21-06-2025,04-08-2025,canceled,Other
6054,4193,8,16-05-2025,21-07-2025,canceled,Content not relevant
6070,6658,8,17-04-2025,07-08-2025,canceled,Other
6152,3870,8,13-01-2025,31-03-2025,canceled,Not using enough
6298,7979,8,13-01-2025,31-05-2025,canceled,Technical issues
6414,655,8,28-06-2025,06-09-2025,canceled,Technical issues
6425,610,8,08-09-2025,23-02-2026,canceled,Found alternative
6465,1779,8,30-10-2025,15-03-2026,canceled,Content not relevant
6584,317,8,08-11-2025,23-04-2026,canceled,Too expensive
6602,2708,8,02-11-2025,31-01-2026,canceled,Technical issues
6671,5197,8,30-09-2025,17-10-2025,canceled,Content not relevant
6737,6886,8,01-11-2025,20-12-2025,canceled,Found alternative
6842,5887,8,11-11-2025,18-02-2026,canceled,Technical issues
6998,1515,8,08-11-2025,25-11-2025,canceled,Too expensive
7096,5078,8,27-04-2025,28-09-2025,canceled,Found alternative
7167,22,8,15-10-2025,31-01-2026,canceled,Other
7258,15,8,15-11-2025,19-02-2026,canceled,Technical issues
7337,1583,8,20-05-2025,11-09-2025,canceled,Other
7397,964,8,01-01-2025,02-04-2025,canceled,Found alternative
7442,1012,8,30-06-2025,25-09-2025,canceled,Found alternative
7493,1599,8,10-05-2025,09-06-2025,canceled,Content not relevant
7524,3403,8,29-04-2025,26-09-2025,canceled,Too expensive
7574,7920,8,19-09-2025,06-12-2025,canceled,Technical issues
7644,6223,8,29-07-2025,01-12-2025,canceled,Content not relevant
7663,4128,8,25-01-2025,15-03-2025,canceled,Found alternative
7812,6229,8,02-10-2025,11-10-2025,canceled,Not using enough
7847,881,8,19-10-2025,11-03-2026,canceled,Too expensive
8187,3959,8,07-01-2025,12-06-2025,canceled,Other
8192,217,8,27-10-2025,14-04-2026,canceled,Too expensive
8224,3939,8,07-04-2025,03-10-2025,canceled,Content not relevant
8254,4922,8,16-03-2025,18-06-2025,canceled,Too expensive
8281,5363,8,18-01-2025,11-05-2025,canceled,Not using enough
8369,5794,8,12-06-2025,02-08-2025,canceled,Too expensive
8487,5151,8,12-03-2025,02-05-2025,canceled,Other
8540,150,8,24-05-2025,11-11-2025,canceled,Found alternative
8598,1764,8,29-11-2025,29-04-2026,canceled,Found alternative
8649,469,8,25-09-2025,13-02-2026,canceled,Content not relevant
8729,2382,8,03-08-2025,20-09-2025,canceled,Content not relevant
8918,6325,8,27-07-2025,12-10-2025,canceled,Too expensive
8926,3129,8,26-02-2025,23-08-2025,canceled,Technical issues
9163,3496,8,17-02-2025,12-07-2025,canceled,Content not relevant
9174,4742,8,26-06-2025,23-10-2025,canceled,Technical issues
9182,6467,8,22-02-2025,09-04-2025,canceled,Other
9265,2010,8,10-04-2025,06-10-2025,canceled,Technical issues
9308,3573,8,22-05-2025,03-09-2025,canceled,Other
9406,6621,8,26-03-2025,22-04-2025,canceled,Not using enough
9508,7306,8,14-12-2025,09-02-2026,canceled,Content not relevant
9612,7562,8,23-06-2025,05-07-2025,canceled,Too expensive
9668,2308,8,25-04-2025,22-07-2025,canceled,Technical issues
9701,5287,8,31-03-2025,05-05-2025,canceled,Content not relevant
9771,2437,8,24-10-2025,25-01-2026,canceled,Not using enough
9787,3497,8,11-07-2025,20-09-2025,canceled,Technical issues
9798,737,8,28-07-2025,09-01-2026,canceled,Other
9851,911,8,05-08-2025,30-09-2025,canceled,Found alternative
9916,6126,8,04-01-2026,08-06-2026,canceled,Technical issues
9949,4800,8,04-03-2025,15-03-2025,canceled,Too expensive
9985,6497,8,18-05-2025,15-10-2025,canceled,Not using enough
10006,4791,8,31-05-2025,05-09-2025,canceled,Not using enough
10030,6300,8,11-04-2025,16-05-2025,canceled,Found alternative
10048,6347,8,22-04-2025,14-07-2025,canceled,Found alternative
10081,3172,8,13-08-2025,26-12-2025,canceled,Technical issues
10100,5138,8,06-09-2025,22-01-2026,canceled,Content not relevant
10110,4959,8,02-12-2025,20-12-2025,canceled,Content not relevant
10147,1630,8,13-12-2025,13-01-2026,canceled,Content not relevant
10179,2572,8,27-05-2025,20-11-2025,canceled,Other
10320,6908,8,10-04-2025,04-06-2025,canceled,Content not relevant
10332,6587,8,03-07-2025,25-08-2025,canceled,Content not relevant
10410,7619,8,06-05-2025,03-09-2025,canceled,Other
10450,4474,8,19-01-2025,01-04-2025,canceled,Not using enough
10613,4601,8,24-05-2025,09-06-2025,canceled,Other
10687,3937,8,05-08-2025,16-09-2025,canceled,Other
10700,149,8,05-06-2025,23-07-2025,canceled,Not using enough
10811,1590,8,06-02-2025,16-03-2025,canceled,Other
10836,2968,8,12-01-2026,21-03-2026,canceled,Content not relevant
10901,3370,8,28-04-2025,12-08-2025,canceled,Too expensive
10911,5204,8,25-11-2025,08-04-2026,canceled,Too expensive
10988,6606,8,23-04-2025,17-09-2025,canceled,Other
11091,4888,8,24-01-2025,23-06-2025,canceled,Too expensive
11147,5075,8,11-05-2025,03-11-2025,canceled,Found alternative
11289,7623,8,27-04-2025,26-07-2025,canceled,Not using enough
11383,162,8,14-02-2025,15-05-2025,canceled,Too expensive
11413,4278,8,13-10-2025,05-11-2025,canceled,Other
11448,2865,8,21-09-2025,07-12-2025,canceled,Not using enough
11500,1776,8,01-02-2025,06-04-2025,canceled,Not using enough
11537,5754,8,21-11-2025,10-02-2026,canceled,Other
11617,3176,8,06-09-2025,16-11-2025,canceled,Content not relevant
11695,884,8,08-11-2025,08-04-2026,canceled,Not using enough
11765,4653,8,17-04-2025,06-08-2025,canceled,Other
11812,3704,8,31-08-2025,01-12-2025,canceled,Too expensive
11862,1358,8,31-01-2025,01-05-2025,canceled,Found alternative
11870,5719,8,27-02-2025,06-06-2025,canceled,Found alternative
11904,6801,8,12-07-2025,23-10-2025,canceled,Content not relevant
136,3063,7,24-02-2025,06-10-2025,canceled,Too expensive
282,3281,7,12-05-2025,02-01-2026,canceled,Found alternative
333,5876,7,12-02-2025,13-11-2025,canceled,Other
354,4045,7,13-09-2025,11-01-2026,canceled,Found alternative
415,7278,7,21-04-2025,15-10-2025,canceled,Not using enough
448,7070,7,28-11-2025,13-01-2026,canceled,Content not relevant
466,2683,7,03-09-2025,02-11-2025,canceled,Content not relevant
530,4496,7,05-10-2025,28-12-2025,canceled,Too expensive
606,6162,7,06-03-2025,29-08-2025,canceled,Other
660,3944,7,28-02-2025,28-01-2026,canceled,Content not relevant
749,3929,7,16-01-2026,26-09-2026,canceled,Technical issues
848,296,7,19-04-2025,27-12-2025,canceled,Technical issues
849,7599,7,19-08-2025,09-12-2025,canceled,Not using enough
852,6157,7,20-10-2025,09-08-2026,canceled,Found alternative
945,277,7,30-10-2025,07-07-2026,canceled,Too expensive
1105,231,7,14-04-2025,04-09-2025,canceled,Not using enough
1143,4819,7,25-05-2025,07-09-2025,canceled,Found alternative
1223,5628,7,12-06-2025,05-05-2026,canceled,Other
1254,1223,7,30-04-2025,10-07-2025,canceled,Not using enough
1323,4473,7,22-03-2025,15-04-2025,canceled,Technical issues
1505,3122,7,20-09-2025,27-06-2026,canceled,Other
1518,1316,7,08-06-2025,24-09-2025,canceled,Other
1552,3463,7,22-06-2025,16-01-2026,canceled,Found alternative
1593,3672,7,17-08-2025,22-06-2026,canceled,Too expensive
1676,5721,7,12-06-2025,04-09-2025,canceled,Other
1696,708,7,27-08-2025,11-11-2025,canceled,Found alternative
1765,13,7,02-08-2025,21-02-2026,canceled,Content not relevant
1768,1958,7,07-10-2025,16-05-2026,canceled,Not using enough
1826,3582,7,16-10-2025,27-09-2026,canceled,Other
1879,381,7,10-07-2025,03-11-2025,canceled,Other
1886,2058,7,11-09-2025,03-01-2026,canceled,Content not relevant
1980,5927,7,08-10-2025,29-04-2026,canceled,Technical issues
1998,3481,7,01-07-2025,14-10-2025,canceled,Other
2014,5618,7,27-04-2025,07-08-2025,canceled,Other
2022,6079,7,03-01-2026,08-11-2026,canceled,Technical issues
2132,1366,7,13-07-2025,11-11-2025,canceled,Found alternative
2200,4334,7,23-06-2025,10-02-2026,canceled,Content not relevant
2277,6483,7,09-01-2026,12-05-2026,canceled,Technical issues
2388,6402,7,03-08-2025,24-09-2025,canceled,Technical issues
2444,508,7,17-03-2025,25-06-2025,canceled,Not using enough
2449,3257,7,12-04-2025,03-01-2026,canceled,Content not relevant
2708,5701,7,07-12-2025,26-05-2026,canceled,Found alternative
2711,4260,7,02-11-2025,17-02-2026,canceled,Too expensive
2772,2052,7,10-12-2025,02-12-2026,canceled,Technical issues
2817,4934,7,27-02-2025,04-10-2025,canceled,Too expensive
2911,5721,7,08-10-2025,21-05-2026,canceled,Too expensive
2922,2415,7,06-03-2025,07-08-2025,canceled,Technical issues
2986,5097,7,17-02-2025,01-01-2026,canceled,Found alternative
3068,5664,7,03-10-2025,16-02-2026,canceled,Other
3087,989,7,25-06-2025,03-04-2026,canceled,Content not relevant
3182,1328,7,28-08-2025,13-11-2025,canceled,Not using enough
3220,2515,7,17-04-2025,02-05-2025,canceled,Content not relevant
3300,5965,7,04-11-2025,27-02-2026,canceled,Too expensive
3429,2050,7,28-08-2025,01-02-2026,canceled,Found alternative
3467,6324,7,10-01-2026,30-03-2026,canceled,Technical issues
3475,7878,7,22-06-2025,13-06-2026,canceled,Technical issues
3478,4860,7,28-06-2025,06-11-2025,canceled,Technical issues
3497,6544,7,23-02-2025,22-09-2025,canceled,Too expensive
3548,2538,7,06-07-2025,26-08-2025,canceled,Content not relevant
3569,3857,7,13-05-2025,28-03-2026,canceled,Not using enough
3595,5768,7,27-05-2025,20-02-2026,canceled,Found alternative
3611,5570,7,31-07-2025,03-03-2026,canceled,Not using enough
3725,7976,7,13-05-2025,31-08-2025,canceled,Found alternative
3730,5415,7,03-01-2026,06-06-2026,canceled,Too expensive
3746,4475,7,18-08-2025,23-05-2026,canceled,Too expensive
3772,217,7,30-10-2025,02-03-2026,canceled,Not using enough
3892,7709,7,11-02-2025,20-04-2025,canceled,Technical issues
4071,3361,7,13-01-2026,09-06-2026,canceled,Other
4235,1844,7,06-08-2025,30-12-2025,canceled,Too expensive
4272,2981,7,26-06-2025,21-05-2026,canceled,Technical issues
4299,2540,7,14-03-2025,27-07-2025,canceled,Not using enough
4313,4404,7,25-06-2025,20-04-2026,canceled,Technical issues
4551,4045,7,01-02-2025,10-03-2025,canceled,Other
4605,7089,7,12-07-2025,07-07-2026,canceled,Other
4635,4030,7,06-01-2025,30-05-2025,canceled,Technical issues
4716,2662,7,08-09-2025,19-01-2026,canceled,Too expensive
4741,4156,7,11-03-2025,30-07-2025,canceled,Other
4756,3180,7,02-01-2025,01-06-2025,canceled,Other
4825,1896,7,24-01-2025,13-05-2025,canceled,Technical issues
4831,2223,7,30-11-2025,11-03-2026,canceled,Too expensive
4832,6158,7,08-01-2025,16-10-2025,canceled,Content not relevant
4919,3123,7,23-08-2025,03-04-2026,canceled,Found alternative
4932,5841,7,10-08-2025,09-05-2026,canceled,Not using enough
4940,1904,7,30-12-2025,23-01-2026,canceled,Technical issues
4944,319,7,15-09-2025,13-04-2026,canceled,Technical issues
5039,4996,7,08-01-2025,27-02-2025,canceled,Other
5053,4590,7,27-11-2025,10-03-2026,canceled,Technical issues
5072,208,7,21-01-2025,19-01-2026,canceled,Technical issues
5095,2248,7,30-07-2025,11-11-2025,canceled,Other
5099,7579,7,08-08-2025,01-10-2025,canceled,Found alternative
5105,5268,7,29-12-2025,03-11-2026,canceled,Content not relevant
5229,3563,7,18-01-2026,30-03-2026,canceled,Not using enough
5240,7535,7,26-01-2025,27-07-2025,canceled,Technical issues
5310,7330,7,11-09-2025,08-09-2026,canceled,Technical issues
5487,5821,7,08-01-2025,19-08-2025,canceled,Technical issues
5594,2288,7,14-05-2025,17-08-2025,canceled,Other
5633,5602,7,08-07-2025,03-05-2026,canceled,Found alternative
5645,183,7,19-04-2025,14-09-2025,canceled,Too expensive
5943,2720,7,19-09-2025,22-01-2026,canceled,Other
5945,994,7,08-12-2025,24-12-2025,canceled,Not using enough
6032,2889,7,18-04-2025,21-12-2025,canceled,Found alternative
6130,2177,7,21-03-2025,21-11-2025,canceled,Technical issues
6259,5402,7,22-12-2025,09-05-2026,canceled,Found alternative
6318,500,7,22-09-2025,26-06-2026,canceled,Too expensive
6370,7904,7,26-09-2025,16-02-2026,canceled,Other
6422,3256,7,09-10-2025,11-08-2026,canceled,Technical issues
6435,2071,7,10-02-2025,16-06-2025,canceled,Found alternative
6643,7416,7,24-08-2025,01-06-2026,canceled,Too expensive
6651,3420,7,11-04-2025,12-07-2025,canceled,Content not relevant
6730,5159,7,09-07-2025,22-12-2025,canceled,Technical issues
6893,4817,7,03-03-2025,06-11-2025,canceled,Found alternative
6919,7533,7,07-10-2025,15-09-2026,canceled,Content not relevant
6939,1932,7,28-11-2025,16-03-2026,canceled,Other
6968,4491,7,12-01-2025,17-08-2025,canceled,Technical issues
7056,6206,7,02-09-2025,15-10-2025,canceled,Other
7200,4880,7,20-11-2025,25-10-2026,canceled,Not using enough
7362,4932,7,07-06-2025,06-02-2026,canceled,Content not relevant
7384,6632,7,17-03-2025,11-03-2026,canceled,Other
7551,6370,7,23-06-2025,29-12-2025,canceled,Content not relevant
7584,4154,7,24-11-2025,14-04-2026,canceled,Content not relevant
7624,5674,7,19-09-2025,05-05-2026,canceled,Other
7653,6305,7,16-01-2025,17-02-2025,canceled,Not using enough
7742,6881,7,26-03-2025,15-12-2025,canceled,Too expensive
7829,1725,7,28-02-2025,23-12-2025,canceled,Technical issues
7869,7627,7,07-11-2025,15-05-2026,canceled,Technical issues
7931,5405,7,24-09-2025,16-05-2026,canceled,Found alternative
8069,4256,7,18-08-2025,14-11-2025,canceled,Other
8093,1321,7,10-08-2025,08-04-2026,canceled,Technical issues
8191,6681,7,21-06-2025,29-09-2025,canceled,Not using enough
8248,2916,7,03-01-2025,17-07-2025,canceled,Too expensive
8305,502,7,26-12-2025,15-04-2026,canceled,Not using enough
8408,970,7,29-08-2025,10-02-2026,canceled,Too expensive
8466,5405,7,21-04-2025,27-05-2025,canceled,Found alternative
8576,7548,7,26-09-2025,27-04-2026,canceled,Found alternative
8622,2733,7,24-09-2025,20-07-2026,canceled,Too expensive
8846,1423,7,30-03-2025,12-10-2025,canceled,Not using enough
8893,6757,7,23-02-2025,20-01-2026,canceled,Found alternative
8911,5560,7,14-03-2025,09-03-2026,canceled,Content not relevant
9004,6121,7,24-05-2025,10-03-2026,canceled,Technical issues
9036,5783,7,10-07-2025,01-05-2026,canceled,Other
9053,3420,7,24-09-2025,01-11-2025,canceled,Other
9061,975,7,19-06-2025,02-06-2026,canceled,Content not relevant
9177,404,7,13-08-2025,24-04-2026,canceled,Found alternative
9211,3336,7,20-07-2025,10-02-2026,canceled,Technical issues
9248,3919,7,06-08-2025,03-03-2026,canceled,Too expensive
9255,265,7,07-03-2025,18-01-2026,canceled,Content not relevant
9296,3627,7,29-05-2025,01-03-2026,canceled,Not using enough
9411,599,7,16-11-2025,07-06-2026,canceled,Too expensive
9419,5767,7,06-11-2025,14-05-2026,canceled,Not using enough
9423,2679,7,16-10-2025,06-11-2025,canceled,Too expensive
9426,35,7,16-03-2025,30-07-2025,canceled,Other
9438,5653,7,12-02-2025,27-02-2025,canceled,Not using enough
9648,6432,7,28-05-2025,25-02-2026,canceled,Technical issues
9702,4189,7,23-12-2025,11-08-2026,canceled,Content not relevant
9861,4872,7,07-01-2025,12-02-2025,canceled,Too expensive
9990,4062,7,27-04-2025,15-01-2026,canceled,Found alternative
10066,6402,7,11-08-2025,15-06-2026,canceled,Not using enough
10152,3725,7,18-02-2025,09-05-2025,canceled,Content not relevant
10337,6330,7,27-08-2025,25-04-2026,canceled,Content not relevant
10340,3996,7,03-09-2025,23-12-2025,canceled,Other
10344,1479,7,09-06-2025,10-08-2025,canceled,Found alternative
10362,6204,7,11-02-2025,03-07-2025,canceled,Not using enough
10507,826,7,15-03-2025,07-07-2025,canceled,Technical issues
10535,2235,7,10-04-2025,19-01-2026,canceled,Not using enough
10543,5964,7,24-11-2025,07-04-2026,canceled,Found alternative
10609,1190,7,22-06-2025,23-04-2026,canceled,Found alternative
10745,6277,7,06-05-2025,13-11-2025,canceled,Other
10806,5898,7,21-07-2025,17-07-2026,canceled,Found alternative
10821,60,7,05-05-2025,20-05-2025,canceled,Too expensive
11006,4833,7,31-08-2025,02-11-2025,canceled,Too expensive
11033,5459,7,19-06-2025,20-03-2026,canceled,Too expensive
11109,5407,7,03-05-2025,26-06-2025,canceled,Technical issues
11164,6134,7,29-08-2025,04-08-2026,canceled,Other
11222,5309,7,14-03-2025,02-07-2025,canceled,Content not relevant
11369,7722,7,26-03-2025,06-06-2025,canceled,Other
11472,7775,7,31-08-2025,06-03-2026,canceled,Content not relevant
11486,3409,7,29-03-2025,29-12-2025,canceled,Content not relevant
11584,202,7,04-10-2025,30-05-2026,canceled,Too expensive
11595,1905,7,01-09-2025,23-02-2026,canceled,Content not relevant
11770,2194,7,06-11-2025,28-04-2026,canceled,Content not relevant
11864,2958,7,26-03-2025,13-03-2026,canceled,Not using enough
11955,7973,7,25-08-2025,29-12-2025,canceled,Other
11982,5742,7,15-01-2025,12-05-2025,canceled,Content not relevant
11992,6512,7,08-06-2025,27-05-2026,canceled,Other
13,7754,6,15-03-2025,25-02-2026,canceled,Found alternative
188,3287,6,01-05-2025,18-12-2025,canceled,Content not relevant
197,5704,6,17-04-2025,10-12-2025,canceled,Not using enough
284,5343,6,17-03-2025,10-08-2025,canceled,Too expensive
318,4600,6,16-01-2026,04-10-2026,canceled,Found alternative
343,6074,6,29-10-2025,04-04-2026,canceled,Not using enough
376,1165,6,29-07-2025,18-10-2025,canceled,Too expensive
525,1446,6,04-04-2025,21-01-2026,canceled,Content not relevant
542,6459,6,23-01-2025,23-05-2025,canceled,Found alternative
580,5488,6,01-01-2026,12-08-2026,canceled,Too expensive
647,743,6,21-02-2025,11-06-2025,canceled,Too expensive
675,7233,6,07-05-2025,08-01-2026,canceled,Technical issues
690,5143,6,26-09-2025,19-01-2026,canceled,Other
850,6025,6,17-08-2025,18-04-2026,canceled,Content not relevant
856,665,6,31-12-2025,14-08-2026,canceled,Found alternative
878,812,6,16-04-2025,20-02-2026,canceled,Content not relevant
912,7585,6,29-01-2025,04-10-2025,canceled,Technical issues
934,6840,6,16-08-2025,09-06-2026,canceled,Too expensive
956,998,6,22-07-2025,21-07-2026,canceled,Content not relevant
1014,84,6,14-05-2025,11-10-2025,canceled,Not using enough
1085,5132,6,22-07-2025,07-06-2026,canceled,Too expensive
1090,485,6,09-01-2026,17-12-2026,canceled,Found alternative
1101,6418,6,07-06-2025,14-03-2026,canceled,Too expensive
1103,5804,6,06-11-2025,20-12-2025,canceled,Content not relevant
1109,3903,6,05-10-2025,30-06-2026,canceled,Technical issues
1113,3218,6,09-11-2025,29-10-2026,canceled,Too expensive
1126,4835,6,16-03-2025,30-09-2025,canceled,Not using enough
1239,3284,6,31-12-2025,01-06-2026,canceled,Technical issues
1269,2666,6,09-12-2025,13-10-2026,canceled,Too expensive
1279,2221,6,06-03-2025,30-03-2025,canceled,Content not relevant
1321,2551,6,06-09-2025,30-11-2025,canceled,Found alternative
1434,3210,6,10-08-2025,23-10-2025,canceled,Other
1493,1820,6,28-10-2025,10-05-2026,canceled,Other
1555,1598,6,06-08-2025,28-04-2026,canceled,Content not relevant
1645,4157,6,12-12-2025,15-11-2026,canceled,Found alternative
1652,2384,6,23-11-2025,08-10-2026,canceled,Technical issues
1780,3756,6,15-09-2025,10-07-2026,canceled,Not using enough
1830,6699,6,24-09-2025,04-05-2026,canceled,Other
1881,3307,6,23-06-2025,22-09-2025,canceled,Found alternative
1891,5804,6,15-05-2025,16-02-2026,canceled,Other
1895,1807,6,01-08-2025,25-03-2026,canceled,Too expensive
1927,6247,6,07-04-2025,22-09-2025,canceled,Technical issues
2136,6042,6,14-08-2025,20-10-2025,canceled,Not using enough
2142,2217,6,26-10-2025,24-11-2025,canceled,Too expensive
2230,6027,6,26-06-2025,21-08-2025,canceled,Technical issues
2264,2155,6,13-01-2026,13-07-2026,canceled,Too expensive
2284,257,6,26-10-2025,11-01-2026,canceled,Too expensive
2374,853,6,06-07-2025,11-10-2025,canceled,Content not relevant
2380,1440,6,08-01-2026,13-08-2026,canceled,Not using enough
2451,7385,6,05-09-2025,18-06-2026,canceled,Technical issues
2572,3825,6,14-01-2025,30-04-2025,canceled,Technical issues
2588,2032,6,02-12-2025,02-11-2026,canceled,Not using enough
2589,4704,6,29-11-2025,03-05-2026,canceled,Too expensive
2690,4396,6,09-01-2026,01-11-2026,canceled,Technical issues
2695,5849,6,14-02-2025,22-03-2025,canceled,Content not relevant
2757,4868,6,11-04-2025,05-08-2025,canceled,Content not relevant
2870,794,6,10-01-2026,16-09-2026,canceled,Other
2874,6660,6,21-09-2025,27-12-2025,canceled,Too expensive
2884,6612,6,14-08-2025,21-11-2025,canceled,Technical issues
3058,7445,6,25-12-2025,06-07-2026,canceled,Content not relevant
3078,6061,6,06-02-2025,25-06-2025,canceled,Content not relevant
3121,7299,6,23-09-2025,27-03-2026,canceled,Other
3123,4990,6,26-01-2025,09-09-2025,canceled,Not using enough
3150,5978,6,12-10-2025,29-01-2026,canceled,Content not relevant
3169,5236,6,05-04-2025,24-08-2025,canceled,Too expensive
3172,6474,6,03-02-2025,10-07-2025,canceled,Other
3215,4120,6,06-11-2025,09-05-2026,canceled,Other
3263,1790,6,18-06-2025,31-12-2025,canceled,Content not relevant
3304,1903,6,22-01-2025,30-11-2025,canceled,Content not relevant
3321,2714,6,27-05-2025,17-01-2026,canceled,Other
3328,1704,6,23-01-2025,16-05-2025,canceled,Other
3329,3460,6,13-01-2026,17-02-2026,canceled,Not using enough
3359,3166,6,05-07-2025,02-04-2026,canceled,Content not relevant
3361,3591,6,16-02-2025,23-05-2025,canceled,Other
3413,170,6,29-10-2025,21-02-2026,canceled,Content not relevant
3488,7288,6,14-03-2025,03-12-2025,canceled,Technical issues
3533,7321,6,14-08-2025,17-09-2025,canceled,Too expensive
3568,3359,6,09-12-2025,16-11-2026,canceled,Technical issues
3647,6685,6,31-03-2025,02-07-2025,canceled,Technical issues
3660,1443,6,09-12-2025,07-12-2026,canceled,Technical issues
3694,3436,6,05-08-2025,21-07-2026,canceled,Found alternative
3745,7580,6,30-09-2025,08-03-2026,canceled,Found alternative
3854,4332,6,16-02-2025,21-01-2026,canceled,Too expensive
3855,4739,6,23-10-2025,06-02-2026,canceled,Found alternative
3869,3317,6,07-12-2025,18-09-2026,canceled,Too expensive
3885,4500,6,01-12-2025,18-01-2026,canceled,Too expensive
3917,7642,6,18-01-2025,15-05-2025,canceled,Too expensive
3947,1590,6,12-05-2025,07-12-2025,canceled,Found alternative
4143,3376,6,04-07-2025,10-02-2026,canceled,Not using enough
4144,6521,6,20-05-2025,12-12-2025,canceled,Technical issues
4236,4713,6,14-07-2025,24-09-2025,canceled,Too expensive
4241,3504,6,30-04-2025,10-06-2025,canceled,Other
4261,874,6,06-03-2025,06-11-2025,canceled,Content not relevant
4361,7075,6,27-12-2025,07-04-2026,canceled,Not using enough
4375,4227,6,09-12-2025,24-10-2026,canceled,Technical issues
4457,3955,6,14-01-2026,24-04-2026,canceled,Found alternative
4486,5004,6,16-04-2025,10-02-2026,canceled,Content not relevant
4580,1378,6,11-04-2025,13-06-2025,canceled,Content not relevant
4603,203,6,17-01-2026,18-11-2026,canceled,Content not relevant
4653,1362,6,04-03-2025,22-12-2025,canceled,Found alternative
4665,2486,6,14-12-2025,14-05-2026,canceled,Other
4751,3719,6,08-01-2025,24-12-2025,canceled,Found alternative
4850,7256,6,20-07-2025,09-10-2025,canceled,Too expensive
4921,303,6,29-07-2025,08-02-2026,canceled,Not using enough
4936,4784,6,11-06-2025,01-12-2025,canceled,Technical issues
4947,4583,6,17-10-2025,24-11-2025,canceled,Technical issues
4951,1361,6,17-04-2025,01-11-2025,canceled,Found alternative
4959,5007,6,15-03-2025,15-02-2026,canceled,Too expensive
5003,1225,6,18-02-2025,29-05-2025,canceled,Found alternative
5006,5332,6,07-10-2025,17-11-2025,canceled,Found alternative
5042,3818,6,12-05-2025,10-06-2025,canceled,Other
5069,3955,6,15-04-2025,11-02-2026,canceled,Technical issues
5305,6109,6,06-07-2025,24-12-2025,canceled,Other
5306,7857,6,27-01-2025,22-06-2025,canceled,Found alternative
5329,825,6,14-04-2025,17-11-2025,canceled,Found alternative
5333,6902,6,19-04-2025,23-09-2025,canceled,Not using enough
5336,2642,6,27-02-2025,04-08-2025,canceled,Found alternative
5383,123,6,11-04-2025,24-11-2025,canceled,Too expensive
5445,6720,6,23-08-2025,23-05-2026,canceled,Content not relevant
5510,6619,6,04-08-2025,14-02-2026,canceled,Not using enough
5552,5948,6,02-02-2025,24-06-2025,canceled,Not using enough
5554,669,6,06-03-2025,05-04-2025,canceled,Technical issues
5577,2643,6,27-12-2025,08-12-2026,canceled,Other
5682,2870,6,01-12-2025,16-05-2026,canceled,Found alternative
5799,7093,6,20-10-2025,31-05-2026,canceled,Not using enough
5815,2101,6,12-03-2025,09-08-2025,canceled,Other
5955,5128,6,08-03-2025,24-06-2025,canceled,Found alternative
5956,2000,6,05-05-2025,26-12-2025,canceled,Too expensive
5976,5217,6,09-11-2025,06-08-2026,canceled,Technical issues
6002,7353,6,07-03-2025,14-02-2026,canceled,Technical issues
6074,618,6,14-01-2026,14-11-2026,canceled,Technical issues
6206,4859,6,28-02-2025,02-04-2025,canceled,Found alternative
6270,6586,6,20-01-2025,17-12-2025,canceled,Found alternative
6297,6482,6,20-08-2025,11-10-2025,canceled,Found alternative
6549,7074,6,02-09-2025,24-11-2025,canceled,Found alternative
6603,2562,6,09-09-2025,21-01-2026,canceled,Content not relevant
6663,1410,6,10-03-2025,06-10-2025,canceled,Content not relevant
6697,6204,6,21-08-2025,30-06-2026,canceled,Other
6916,4427,6,08-02-2025,30-05-2025,canceled,Found alternative
7092,7695,6,08-04-2025,06-08-2025,canceled,Found alternative
7102,1767,6,01-03-2025,11-04-2025,canceled,Found alternative
7224,7622,6,19-03-2025,17-05-2025,canceled,Other
7234,3665,6,19-11-2025,09-12-2025,canceled,Too expensive
7269,4070,6,02-10-2025,27-02-2026,canceled,Technical issues
7276,4457,6,07-10-2025,17-06-2026,canceled,Other
7432,6728,6,19-01-2025,11-06-2025,canceled,Too expensive
7482,3414,6,03-05-2025,25-02-2026,canceled,Technical issues
7484,7938,6,27-01-2025,05-06-2025,canceled,Other
7605,4572,6,17-01-2026,02-10-2026,canceled,Other
7702,194,6,21-10-2025,08-04-2026,canceled,Not using enough
7714,7123,6,07-11-2025,24-01-2026,canceled,Found alternative
7723,7665,6,29-03-2025,29-01-2026,canceled,Not using enough
7789,5889,6,28-12-2025,11-04-2026,canceled,Other
7820,2844,6,09-10-2025,11-01-2026,canceled,Found alternative
7827,6418,6,30-09-2025,18-06-2026,canceled,Too expensive
7880,7244,6,25-01-2025,25-08-2025,canceled,Other
7905,5979,6,28-09-2025,05-04-2026,canceled,Found alternative
7913,7571,6,31-05-2025,05-12-2025,canceled,Too expensive
7927,1879,6,12-01-2026,08-01-2027,canceled,Not using enough
8039,3163,6,12-08-2025,11-06-2026,canceled,Too expensive
8094,5389,6,25-04-2025,06-10-2025,canceled,Other
8101,6755,6,29-07-2025,02-06-2026,canceled,Too expensive
8131,7176,6,20-06-2025,05-07-2025,canceled,Not using enough
8143,4783,6,08-05-2025,05-09-2025,canceled,Not using enough
8167,907,6,01-04-2025,11-02-2026,canceled,Other
8238,3070,6,05-01-2026,24-07-2026,canceled,Too expensive
8272,4671,6,19-05-2025,04-09-2025,canceled,Technical issues
8329,1465,6,06-01-2026,08-07-2026,canceled,Content not relevant
8392,7498,6,07-11-2025,13-04-2026,canceled,Content not relevant
8420,3508,6,10-11-2025,12-02-2026,canceled,Technical issues
8511,4556,6,09-11-2025,16-04-2026,canceled,Technical issues
8572,6804,6,02-11-2025,27-12-2025,canceled,Other
8605,7759,6,30-11-2025,12-07-2026,canceled,Other
8643,567,6,26-12-2025,13-05-2026,canceled,Found alternative
8657,2329,6,21-10-2025,29-09-2026,canceled,Technical issues
8698,2908,6,28-06-2025,19-04-2026,canceled,Technical issues
8718,2445,6,02-09-2025,19-12-2025,canceled,Technical issues
8766,2814,6,29-05-2025,09-08-2025,canceled,Content not relevant
8797,3169,6,22-06-2025,29-11-2025,canceled,Other
8860,3660,6,26-01-2025,21-01-2026,canceled,Too expensive
8873,879,6,09-02-2025,12-09-2025,canceled,Too expensive
8975,816,6,27-04-2025,02-02-2026,canceled,Found alternative
9074,1832,6,10-01-2025,03-10-2025,canceled,Too expensive
9081,4608,6,21-08-2025,24-02-2026,canceled,Not using enough
9092,7791,6,26-01-2025,02-08-2025,canceled,Content not relevant
9278,2190,6,23-12-2025,21-03-2026,canceled,Content not relevant
9428,3595,6,17-04-2025,06-10-2025,canceled,Other
9473,7676,6,22-02-2025,22-05-2025,canceled,Not using enough
9500,2194,6,08-01-2026,07-12-2026,canceled,Not using enough
9579,6649,6,09-01-2026,06-12-2026,canceled,Technical issues
9672,7227,6,14-01-2025,11-07-2025,canceled,Other
9688,7276,6,04-04-2025,05-06-2025,canceled,Not using enough
9739,2744,6,24-03-2025,16-08-2025,canceled,Content not relevant
9983,6418,6,19-07-2025,04-04-2026,canceled,Other
10028,729,6,03-02-2025,28-01-2026,canceled,Not using enough
10037,1975,6,19-05-2025,12-12-2025,canceled,Found alternative
10060,7665,6,22-08-2025,09-10-2025,canceled,Technical issues
10112,6532,6,11-11-2025,08-09-2026,canceled,Too expensive
10124,5773,6,24-06-2025,07-01-2026,canceled,Content not relevant
10136,977,6,27-10-2025,24-12-2025,canceled,Too expensive
10145,6692,6,21-05-2025,11-02-2026,canceled,Content not relevant
10165,6018,6,12-04-2025,07-04-2026,canceled,Technical issues
10217,3500,6,01-06-2025,29-10-2025,canceled,Technical issues
10250,1585,6,08-12-2025,04-01-2026,canceled,Content not relevant
10259,5893,6,13-12-2025,01-12-2026,canceled,Content not relevant
10298,1293,6,17-12-2025,25-01-2026,canceled,Found alternative
10352,5114,6,22-01-2025,19-01-2026,canceled,Too expensive
10376,2274,6,13-11-2025,25-08-2026,canceled,Other
10407,2764,6,20-06-2025,05-07-2025,canceled,Other
10476,6507,6,16-06-2025,09-04-2026,canceled,Not using enough
10483,509,6,28-05-2025,14-10-2025,canceled,Other
10563,1513,6,21-01-2025,05-01-2026,canceled,Technical issues
10571,5200,6,11-06-2025,19-02-2026,canceled,Content not relevant
10578,5795,6,18-01-2026,03-04-2026,canceled,Too expensive
10586,4949,6,20-11-2025,17-04-2026,canceled,Too expensive
10628,2641,6,01-01-2026,14-07-2026,canceled,Too expensive
10724,6405,6,02-01-2025,12-02-2025,canceled,Found alternative
10767,1960,6,05-06-2025,01-01-2026,canceled,Technical issues
10787,6884,6,12-09-2025,03-10-2025,canceled,Found alternative
10833,1136,6,15-06-2025,13-04-2026,canceled,Technical issues
10840,5962,6,05-05-2025,25-10-2025,canceled,Technical issues
10865,5736,6,30-06-2025,14-04-2026,canceled,Technical issues
10900,3613,6,11-03-2025,05-01-2026,canceled,Content not relevant
10912,4988,6,13-05-2025,28-12-2025,canceled,Technical issues
10956,1101,6,14-06-2025,10-03-2026,canceled,Content not relevant
10966,1760,6,28-03-2025,21-10-2025,canceled,Content not relevant
10976,5620,6,13-11-2025,26-02-2026,canceled,Too expensive
11001,2467,6,15-01-2026,13-09-2026,canceled,Technical issues
11018,4304,6,18-02-2025,22-06-2025,canceled,Other
11113,6445,6,16-05-2025,12-08-2025,canceled,Content not relevant
11169,4050,6,25-04-2025,14-03-2026,canceled,Found alternative
11183,1754,6,26-01-2025,06-07-2025,canceled,Content not relevant
11227,3779,6,07-05-2025,02-10-2025,canceled,Content not relevant
11249,6495,6,27-06-2025,03-06-2026,canceled,Not using enough
11318,2184,6,14-04-2025,10-11-2025,canceled,Technical issues
11356,3270,6,04-11-2025,14-05-2026,canceled,Not using enough
11379,4109,6,12-09-2025,13-10-2025,canceled,Other
11381,2934,6,07-03-2025,27-08-2025,canceled,Found alternative
11432,5963,6,14-03-2025,31-05-2025,canceled,Too expensive
11467,6007,6,07-05-2025,16-12-2025,canceled,Too expensive
11473,7999,6,09-02-2025,09-12-2025,canceled,Technical issues
11514,5636,6,23-12-2025,31-01-2026,canceled,Found alternative
11621,6625,6,03-01-2025,09-04-2025,canceled,Too expensive
11628,621,6,24-03-2025,08-01-2026,canceled,Found alternative
11688,102,6,15-02-2025,14-10-2025,canceled,Too expensive
11696,3050,6,02-06-2025,08-10-2025,canceled,Technical issues
11699,4211,6,22-12-2025,08-06-2026,canceled,Other
11703,7823,6,21-07-2025,12-10-2025,canceled,Content not relevant
11715,1982,6,20-06-2025,17-03-2026,canceled,Too expensive
11741,7503,6,05-01-2025,19-08-2025,canceled,Found alternative
11768,7468,6,04-01-2025,29-04-2025,canceled,Found alternative
11825,3316,6,27-03-2025,28-04-2025,canceled,Not using enough
11888,3998,6,23-10-2025,19-01-2026,canceled,Not using enough
11898,3279,6,08-04-2025,10-03-2026,canceled,Not using enough
11957,22,6,28-03-2025,13-08-2025,canceled,Found alternative
6,1715,4,18-09-2025,19-11-2025,canceled,Technical issues
14,5819,4,09-01-2026,23-03-2026,canceled,Technical issues
96,6372,4,24-03-2025,15-04-2025,canceled,Technical issues
124,4555,4,22-04-2025,01-08-2025,canceled,Content not relevant
145,4397,4,20-07-2025,07-12-2025,canceled,Technical issues
174,1321,4,13-10-2025,30-10-2025,canceled,Too expensive
181,1215,4,10-03-2025,18-06-2025,canceled,Found alternative
193,6334,4,06-01-2025,18-03-2025,canceled,Not using enough
216,2198,4,24-10-2025,16-04-2026,canceled,Found alternative
237,2799,4,07-01-2025,06-05-2025,canceled,Not using enough
279,981,4,17-07-2025,11-08-2025,canceled,Technical issues
295,2982,4,29-03-2025,07-09-2025,canceled,Found alternative
312,683,4,11-09-2025,18-09-2025,canceled,Found alternative
368,7291,4,17-10-2025,06-04-2026,canceled,Found alternative
395,7361,4,19-10-2025,29-01-2026,canceled,Content not relevant
399,1840,4,22-06-2025,16-09-2025,canceled,Content not relevant
477,4851,4,06-01-2025,03-04-2025,canceled,Technical issues
596,3161,4,25-02-2025,05-05-2025,canceled,Technical issues
620,1753,4,01-04-2025,09-04-2025,canceled,Not using enough
638,126,4,24-09-2025,04-12-2025,canceled,Not using enough
674,4590,4,03-03-2025,12-03-2025,canceled,Content not relevant
678,7943,4,05-06-2025,30-08-2025,canceled,Found alternative
696,1729,4,29-03-2025,17-05-2025,canceled,Too expensive
753,4890,4,23-08-2025,15-09-2025,canceled,Not using enough
782,2889,4,18-08-2025,17-11-2025,canceled,Too expensive
921,5089,4,23-08-2025,01-12-2025,canceled,Too expensive
1044,1199,4,26-04-2025,20-08-2025,canceled,Technical issues
1048,4735,4,24-03-2025,04-06-2025,canceled,Content not relevant
1074,7685,4,04-03-2025,27-08-2025,canceled,Found alternative
1162,1804,4,03-11-2025,15-02-2026,canceled,Too expensive
1179,331,4,11-01-2026,28-01-2026,canceled,Content not relevant
1194,2287,4,18-06-2025,29-07-2025,canceled,Too expensive
1209,7142,4,26-01-2025,17-05-2025,canceled,Not using enough
1222,4189,4,01-12-2025,25-02-2026,canceled,Content not relevant
1240,5859,4,31-12-2025,27-06-2026,canceled,Found alternative
1249,3370,4,30-08-2025,02-11-2025,canceled,Not using enough
1270,505,4,30-10-2025,25-12-2025,canceled,Not using enough
1286,4954,4,06-03-2025,09-05-2025,canceled,Other
1316,6950,4,18-05-2025,19-09-2025,canceled,Found alternative
1333,7946,4,06-07-2025,01-01-2026,canceled,Technical issues
1350,5198,4,05-08-2025,14-11-2025,canceled,Not using enough
1355,1836,4,23-12-2025,26-03-2026,canceled,Content not relevant
1391,5278,4,25-02-2025,03-05-2025,canceled,Technical issues
1431,5189,4,14-02-2025,05-03-2025,canceled,Other
1489,1838,4,21-07-2025,19-11-2025,canceled,Not using enough
1537,7404,4,13-01-2025,03-07-2025,canceled,Found alternative
1547,5324,4,10-06-2025,15-08-2025,canceled,Content not relevant
1613,701,4,14-01-2025,01-05-2025,canceled,Found alternative
1668,7569,4,08-05-2025,13-06-2025,canceled,Technical issues
1748,1999,4,26-12-2025,30-03-2026,canceled,Found alternative
1759,7941,4,20-10-2025,15-11-2025,canceled,Other
1801,5660,4,07-11-2025,02-02-2026,canceled,Other
1807,7445,4,12-10-2025,19-03-2026,canceled,Technical issues
1855,7862,4,30-10-2025,12-12-2025,canceled,Technical issues
1893,4553,4,05-01-2026,24-06-2026,canceled,Found alternative
1913,714,4,30-07-2025,07-08-2025,canceled,Not using enough
1921,997,4,23-04-2025,26-07-2025,canceled,Too expensive
1949,1627,4,30-01-2025,25-05-2025,canceled,Other
1956,4564,4,18-07-2025,29-11-2025,canceled,Found alternative
2045,1675,4,31-10-2025,15-11-2025,canceled,Too expensive
2060,2739,4,02-11-2025,19-11-2025,canceled,Found alternative
2239,5588,4,21-09-2025,10-12-2025,canceled,Content not relevant
2445,7966,4,16-10-2025,22-02-2026,canceled,Found alternative
2456,7138,4,15-06-2025,24-08-2025,canceled,Too expensive
2466,2720,4,11-12-2025,21-01-2026,canceled,Other
2468,7817,4,19-01-2025,07-03-2025,canceled,Other
2530,6584,4,11-12-2025,03-05-2026,canceled,Content not relevant
2531,559,4,05-06-2025,01-09-2025,canceled,Found alternative
2666,7171,4,04-05-2025,12-09-2025,canceled,Not using enough
2693,6475,4,20-06-2025,27-11-2025,canceled,Content not relevant
2734,1570,4,08-03-2025,14-05-2025,canceled,Technical issues
2774,6523,4,09-10-2025,27-03-2026,canceled,Other
2789,3833,4,15-11-2025,06-05-2026,canceled,Found alternative
2887,176,4,28-04-2025,12-09-2025,canceled,Too expensive
3021,7578,4,19-06-2025,23-10-2025,canceled,Not using enough
3027,521,4,01-08-2025,08-08-2025,canceled,Not using enough
3045,2440,4,15-02-2025,19-03-2025,canceled,Other
3108,5238,4,11-01-2025,06-03-2025,canceled,Technical issues
3133,4527,4,17-12-2025,14-01-2026,canceled,Found alternative
3184,1744,4,11-07-2025,03-12-2025,canceled,Technical issues
3189,6293,4,22-08-2025,26-11-2025,canceled,Other
3255,4737,4,02-08-2025,07-11-2025,canceled,Found alternative
3332,2500,4,12-06-2025,10-10-2025,canceled,Content not relevant
3335,4657,4,04-08-2025,10-09-2025,canceled,Content not relevant
3437,4684,4,30-11-2025,05-03-2026,canceled,Not using enough
3441,5389,4,09-02-2025,16-04-2025,canceled,Technical issues
3469,3349,4,15-04-2025,15-09-2025,canceled,Found alternative
3526,1027,4,27-05-2025,05-09-2025,canceled,Content not relevant
3544,2029,4,25-07-2025,11-12-2025,canceled,Not using enough
3612,5779,4,01-01-2026,25-03-2026,canceled,Not using enough
3634,7522,4,23-09-2025,17-02-2026,canceled,Other
3656,4658,4,11-01-2026,24-04-2026,canceled,Content not relevant
3706,668,4,14-04-2025,29-05-2025,canceled,Technical issues
3714,6023,4,08-07-2025,10-11-2025,canceled,Content not relevant
3778,5695,4,16-06-2025,05-08-2025,canceled,Not using enough
3789,1834,4,27-08-2025,11-10-2025,canceled,Found alternative
3793,562,4,18-07-2025,06-08-2025,canceled,Content not relevant
3856,5007,4,31-10-2025,08-03-2026,canceled,Technical issues
3873,6583,4,16-08-2025,03-01-2026,canceled,Content not relevant
3922,1571,4,06-04-2025,13-05-2025,canceled,Other
3946,7005,4,06-01-2026,06-06-2026,canceled,Not using enough
3951,5335,4,23-12-2025,20-03-2026,canceled,Too expensive
3955,260,4,29-05-2025,02-07-2025,canceled,Technical issues
4046,4971,4,08-02-2025,08-04-2025,canceled,Found alternative
4087,4098,4,30-09-2025,01-02-2026,canceled,Not using enough
4232,391,4,25-07-2025,31-10-2025,canceled,Other
4319,888,4,11-10-2025,24-12-2025,canceled,Found alternative
4342,5538,4,20-11-2025,30-04-2026,canceled,Not using enough
4355,133,4,31-07-2025,22-09-2025,canceled,Not using enough
4467,3779,4,08-02-2025,05-04-2025,canceled,Not using enough
4566,5897,4,16-01-2026,25-02-2026,canceled,Other
4656,6693,4,23-12-2025,31-01-2026,canceled,Found alternative
4718,1980,4,29-12-2025,28-02-2026,canceled,Not using enough
4732,1191,4,14-11-2025,06-01-2026,canceled,Not using enough
4771,6391,4,06-05-2025,14-05-2025,canceled,Not using enough
4864,5826,4,21-06-2025,30-09-2025,canceled,Too expensive
5008,686,4,17-10-2025,26-02-2026,canceled,Not using enough
5012,2026,4,29-08-2025,23-02-2026,canceled,Not using enough
5024,5723,4,13-04-2025,14-05-2025,canceled,Technical issues
5036,7118,4,12-12-2025,24-03-2026,canceled,Technical issues
5083,5876,4,31-01-2025,15-03-2025,canceled,Not using enough
5085,3825,4,18-07-2025,11-08-2025,canceled,Too expensive
5094,4532,4,13-10-2025,04-04-2026,canceled,Technical issues
5120,2054,4,20-08-2025,08-10-2025,canceled,Found alternative
5287,6115,4,10-11-2025,06-02-2026,canceled,Content not relevant
5293,4954,4,27-06-2025,09-10-2025,canceled,Not using enough
5364,3722,4,24-07-2025,15-01-2026,canceled,Technical issues
5366,1198,4,25-01-2025,26-06-2025,canceled,Not using enough
5368,6078,4,12-04-2025,31-05-2025,canceled,Other
5385,88,4,23-05-2025,26-07-2025,canceled,Too expensive
5446,4828,4,01-11-2025,17-12-2025,canceled,Not using enough
5450,4020,4,24-04-2025,02-06-2025,canceled,Other
5466,2026,4,24-09-2025,09-11-2025,canceled,Not using enough
5541,63,4,21-01-2025,04-05-2025,canceled,Not using enough
5545,4729,4,24-04-2025,13-06-2025,canceled,Too expensive
5586,6027,4,27-12-2025,12-04-2026,canceled,Found alternative
5595,3705,4,17-07-2025,02-08-2025,canceled,Other
5604,5371,4,03-07-2025,17-09-2025,canceled,Other
5670,3160,4,22-04-2025,05-09-2025,canceled,Content not relevant
5691,5843,4,06-06-2025,30-09-2025,canceled,Too expensive
5710,1222,4,17-01-2026,12-06-2026,canceled,Other
5740,5788,4,09-09-2025,23-12-2025,canceled,Other
5773,3348,4,19-12-2025,02-03-2026,canceled,Too expensive
5806,6477,4,21-03-2025,26-07-2025,canceled,Too expensive
5844,7260,4,26-09-2025,04-03-2026,canceled,Found alternative
5871,7427,4,06-05-2025,05-09-2025,canceled,Too expensive
5887,5481,4,18-03-2025,27-07-2025,canceled,Not using enough
6016,5290,4,01-11-2025,11-03-2026,canceled,Technical issues
6089,6288,4,28-11-2025,31-12-2025,canceled,Not using enough
6103,775,4,06-02-2025,08-06-2025,canceled,Found alternative
6127,2048,4,19-03-2025,25-08-2025,canceled,Not using enough
6128,5841,4,05-12-2025,14-01-2026,canceled,Technical issues
6204,322,4,01-08-2025,27-01-2026,canceled,Found alternative
6232,3507,4,24-08-2025,01-09-2025,canceled,Not using enough
6251,1747,4,06-12-2025,26-04-2026,canceled,Technical issues
6285,2970,4,25-10-2025,07-12-2025,canceled,Technical issues
6314,2185,4,06-06-2025,12-08-2025,canceled,Content not relevant
6381,68,4,28-04-2025,14-07-2025,canceled,Not using enough
6389,5573,4,11-08-2025,17-09-2025,canceled,Too expensive
6499,4195,4,30-11-2025,09-04-2026,canceled,Not using enough
6515,3747,4,18-05-2025,10-06-2025,canceled,Technical issues
6552,1563,4,09-04-2025,06-07-2025,canceled,Content not relevant
6555,2054,4,27-02-2025,30-03-2025,canceled,Content not relevant
6559,3189,4,29-10-2025,02-02-2026,canceled,Found alternative
6635,2834,4,20-02-2025,28-04-2025,canceled,Content not relevant
6687,1711,4,19-06-2025,16-07-2025,canceled,Found alternative
6812,4018,4,25-06-2025,11-10-2025,canceled,Too expensive
6834,5090,4,29-08-2025,22-01-2026,canceled,Content not relevant
6858,4773,4,21-11-2025,20-12-2025,canceled,Content not relevant
6869,7217,4,25-12-2025,10-06-2026,canceled,Technical issues
6954,2640,4,28-03-2025,23-08-2025,canceled,Technical issues
6995,3091,4,11-05-2025,09-07-2025,canceled,Found alternative
7029,4331,4,04-05-2025,26-09-2025,canceled,Found alternative
7032,5608,4,27-12-2025,10-03-2026,canceled,Too expensive
7036,710,4,22-06-2025,26-09-2025,canceled,Too expensive
7080,3123,4,21-10-2025,01-11-2025,canceled,Found alternative
7106,2810,4,12-11-2025,01-01-2026,canceled,Technical issues
7145,2253,4,23-07-2025,08-01-2026,canceled,Technical issues
7183,2209,4,15-02-2025,28-03-2025,canceled,Found alternative
7196,4927,4,13-03-2025,25-07-2025,canceled,Not using enough
7223,7153,4,19-04-2025,29-07-2025,canceled,Found alternative
7293,6162,4,16-01-2026,22-05-2026,canceled,Too expensive
7295,6890,4,04-11-2025,24-11-2025,canceled,Not using enough
7302,6217,4,04-04-2025,17-07-2025,canceled,Technical issues
7329,6289,4,08-08-2025,16-09-2025,canceled,Other
7373,2801,4,30-03-2025,09-05-2025,canceled,Too expensive
7407,5821,4,06-09-2025,20-11-2025,canceled,Technical issues
7494,2429,4,10-09-2025,14-10-2025,canceled,Technical issues
7610,6891,4,20-04-2025,22-07-2025,canceled,Not using enough
7619,6386,4,28-01-2025,24-02-2025,canceled,Technical issues
7692,2607,4,19-11-2025,28-02-2026,canceled,Content not relevant
7717,6653,4,03-11-2025,22-12-2025,canceled,Not using enough
7750,3893,4,15-10-2025,29-01-2026,canceled,Other
7795,6760,4,15-06-2025,07-08-2025,canceled,Content not relevant
7815,4480,4,25-02-2025,05-08-2025,canceled,Not using enough
7841,3293,4,15-09-2025,09-11-2025,canceled,Other
7859,4348,4,18-04-2025,06-09-2025,canceled,Found alternative
7889,6504,4,08-01-2026,02-03-2026,canceled,Not using enough
7900,822,4,08-10-2025,27-10-2025,canceled,Not using enough
7902,7883,4,27-01-2025,28-06-2025,canceled,Technical issues
7920,4133,4,19-06-2025,01-12-2025,canceled,Other
8062,6381,4,15-01-2025,13-05-2025,canceled,Too expensive
8100,205,4,15-05-2025,30-06-2025,canceled,Technical issues
8139,6032,4,14-05-2025,13-10-2025,canceled,Content not relevant
8154,6565,4,04-11-2025,12-12-2025,canceled,Too expensive
8155,1869,4,17-12-2025,29-04-2026,canceled,Found alternative
8178,2926,4,06-09-2025,18-12-2025,canceled,Too expensive
8259,932,4,16-07-2025,11-01-2026,canceled,Not using enough
8274,2039,4,19-02-2025,15-07-2025,canceled,Found alternative
8373,3700,4,21-10-2025,07-01-2026,canceled,Content not relevant
8384,2482,4,06-07-2025,12-08-2025,canceled,Too expensive
8391,415,4,24-07-2025,26-10-2025,canceled,Too expensive
8412,6160,4,22-05-2025,18-07-2025,canceled,Too expensive
8457,7513,4,05-05-2025,10-07-2025,canceled,Found alternative
8463,983,4,01-11-2025,21-02-2026,canceled,Found alternative
8520,6299,4,03-02-2025,18-03-2025,canceled,Too expensive
8564,5420,4,18-11-2025,02-02-2026,canceled,Other
8577,255,4,29-01-2025,08-06-2025,canceled,Content not relevant
8663,3664,4,26-04-2025,29-05-2025,canceled,Technical issues
8704,2672,4,31-08-2025,01-12-2025,canceled,Not using enough
8806,2823,4,17-01-2026,08-05-2026,canceled,Found alternative
8920,6113,4,18-01-2025,13-02-2025,canceled,Other
8941,3782,4,11-10-2025,19-01-2026,canceled,Too expensive
8969,1897,4,05-08-2025,17-11-2025,canceled,Technical issues
9059,7487,4,31-12-2025,25-03-2026,canceled,Too expensive
9132,6459,4,24-04-2025,28-08-2025,canceled,Too expensive
9160,6213,4,02-01-2026,23-04-2026,canceled,Not using enough
9176,811,4,06-02-2025,05-04-2025,canceled,Content not relevant
9225,2014,4,30-03-2025,19-05-2025,canceled,Other
9242,7563,4,19-11-2025,09-12-2025,canceled,Too expensive
9309,7877,4,09-03-2025,28-05-2025,canceled,Too expensive
9350,4046,4,20-11-2025,04-12-2025,canceled,Other
9416,4185,4,27-08-2025,29-01-2026,canceled,Content not relevant
9430,4431,4,30-11-2025,05-01-2026,canceled,Too expensive
9456,2772,4,08-03-2025,31-03-2025,canceled,Content not relevant
9647,5543,4,18-04-2025,25-07-2025,canceled,Found alternative
9664,490,4,18-06-2025,13-10-2025,canceled,Found alternative
9682,5563,4,16-07-2025,19-11-2025,canceled,Not using enough
9703,2266,4,20-08-2025,26-09-2025,canceled,Found alternative
9730,3579,4,21-12-2025,12-05-2026,canceled,Not using enough
9735,7791,4,04-01-2025,02-05-2025,canceled,Not using enough
9794,6711,4,21-09-2025,05-02-2026,canceled,Technical issues
9813,3663,4,06-10-2025,16-10-2025,canceled,Other
9825,7739,4,21-11-2025,17-12-2025,canceled,Content not relevant
9857,5968,4,14-02-2025,27-06-2025,canceled,Technical issues
9893,6910,4,09-01-2026,22-06-2026,canceled,Too expensive
9925,3566,4,13-11-2025,16-03-2026,canceled,Technical issues
9929,6308,4,27-06-2025,26-10-2025,canceled,Technical issues
9947,7493,4,31-12-2025,19-06-2026,canceled,Found alternative
9986,1159,4,10-12-2025,12-02-2026,canceled,Too expensive
10004,1224,4,27-09-2025,23-03-2026,canceled,Content not relevant
10025,5301,4,15-02-2025,02-07-2025,canceled,Other
10062,301,4,15-12-2025,26-05-2026,canceled,Technical issues
10073,691,4,20-05-2025,13-07-2025,canceled,Technical issues
10130,3674,4,10-06-2025,09-10-2025,canceled,Content not relevant
10156,5494,4,13-07-2025,23-10-2025,canceled,Other
10170,2171,4,20-04-2025,20-06-2025,canceled,Found alternative
10185,7080,4,25-01-2025,20-04-2025,canceled,Technical issues
10222,1877,4,22-08-2025,12-01-2026,canceled,Technical issues
10257,7310,4,29-10-2025,14-02-2026,canceled,Content not relevant
10274,6175,4,03-11-2025,23-12-2025,canceled,Found alternative
10311,1579,4,02-09-2025,19-12-2025,canceled,Content not relevant
10321,6249,4,28-08-2025,19-12-2025,canceled,Found alternative
10420,6555,4,19-02-2025,06-08-2025,canceled,Content not relevant
10470,1924,4,11-03-2025,18-08-2025,canceled,Too expensive
10560,3325,4,18-07-2025,30-07-2025,canceled,Not using enough
10627,613,4,09-04-2025,05-06-2025,canceled,Other
10643,5697,4,19-05-2025,02-06-2025,canceled,Not using enough
10657,269,4,12-09-2025,15-01-2026,canceled,Too expensive
10712,458,4,20-04-2025,15-07-2025,canceled,Technical issues
10743,2803,4,13-01-2025,31-03-2025,canceled,Too expensive
10796,7844,4,05-06-2025,01-07-2025,canceled,Too expensive
10819,5432,4,21-10-2025,25-01-2026,canceled,Other
10832,5981,4,07-03-2025,29-03-2025,canceled,Content not relevant
10949,4606,4,02-01-2025,25-02-2025,canceled,Other
10950,4691,4,05-07-2025,29-12-2025,canceled,Other
10980,4567,4,14-01-2025,06-06-2025,canceled,Too expensive
11080,5375,4,03-05-2025,03-08-2025,canceled,Not using enough
11116,5577,4,06-03-2025,04-05-2025,canceled,Content not relevant
11126,1697,4,21-08-2025,14-01-2026,canceled,Technical issues
11139,7935,4,10-02-2025,18-03-2025,canceled,Found alternative
11215,4784,4,28-03-2025,28-06-2025,canceled,Not using enough
11273,5657,4,22-03-2025,23-06-2025,canceled,Technical issues
11347,1176,4,08-06-2025,25-10-2025,canceled,Too expensive
11348,6241,4,01-08-2025,22-08-2025,canceled,Found alternative
11354,209,4,13-04-2025,25-09-2025,canceled,Not using enough
11361,6106,4,26-07-2025,18-09-2025,canceled,Other
11388,3785,4,07-03-2025,01-05-2025,canceled,Technical issues
11426,709,4,02-02-2025,28-05-2025,canceled,Found alternative
11542,822,4,26-09-2025,10-02-2026,canceled,Technical issues
11589,4682,4,18-11-2025,11-04-2026,canceled,Content not relevant
11692,72,4,12-12-2025,15-01-2026,canceled,Found alternative
11747,1265,4,17-01-2026,25-03-2026,canceled,Content not relevant
11758,4319,4,06-01-2025,30-01-2025,canceled,Other
11767,6360,4,18-05-2025,28-08-2025,canceled,Other
11807,2570,4,30-01-2025,11-05-2025,canceled,Found alternative
11845,6217,4,09-12-2025,03-06-2026,canceled,Too expensive
11847,7531,4,31-12-2025,10-02-2026,canceled,Found alternative
11849,5019,4,29-07-2025,08-01-2026,canceled,Content not relevant
11880,5548,4,02-09-2025,05-11-2025,canceled,Too expensive
11883,3380,4,25-08-2025,17-10-2025,canceled,Not using enough
11983,5229,4,05-07-2025,26-08-2025,canceled,Too expensive
32,3775,5,17-01-2026,01-11-2026,canceled,Other
57,5225,5,04-07-2025,15-02-2026,canceled,Found alternative
105,3785,5,23-05-2025,25-01-2026,canceled,Not using enough
107,1709,5,11-07-2025,28-05-2026,canceled,Too expensive
121,6511,5,15-10-2025,15-11-2025,canceled,Other
127,322,5,19-07-2025,19-05-2026,canceled,Technical issues
209,3052,5,30-05-2025,06-03-2026,canceled,Found alternative
241,5537,5,27-07-2025,07-01-2026,canceled,Content not relevant
302,4861,5,19-02-2025,30-07-2025,canceled,Not using enough
419,6729,5,31-08-2025,07-12-2025,canceled,Not using enough
444,2573,5,14-03-2025,02-09-2025,canceled,Found alternative
461,5107,5,15-07-2025,07-05-2026,canceled,Technical issues
486,2761,5,02-04-2025,01-05-2025,canceled,Content not relevant
490,5180,5,23-12-2025,03-10-2026,canceled,Found alternative
508,1806,5,19-12-2025,01-09-2026,canceled,Found alternative
509,480,5,26-04-2025,17-09-2025,canceled,Technical issues
515,6686,5,31-10-2025,26-03-2026,canceled,Too expensive
575,5257,5,29-01-2025,20-11-2025,canceled,Technical issues
585,5067,5,19-02-2025,22-06-2025,canceled,Other
605,6052,5,28-11-2025,28-08-2026,canceled,Found alternative
614,7558,5,04-05-2025,12-06-2025,canceled,Too expensive
632,1657,5,02-02-2025,20-07-2025,canceled,Content not relevant
642,3286,5,07-08-2025,09-11-2025,canceled,Too expensive
645,7822,5,29-12-2025,24-12-2026,canceled,Not using enough
662,6947,5,15-01-2026,24-08-2026,canceled,Technical issues
807,1634,5,21-08-2025,18-10-2025,canceled,Content not relevant
830,1765,5,15-08-2025,26-10-2025,canceled,Technical issues
837,4248,5,17-09-2025,25-07-2026,canceled,Not using enough
919,6490,5,04-08-2025,05-02-2026,canceled,Content not relevant
964,7822,5,01-12-2025,10-06-2026,canceled,Other
983,5222,5,25-09-2025,17-05-2026,canceled,Content not relevant
1004,5819,5,14-12-2025,02-10-2026,canceled,Found alternative
1007,1725,5,19-03-2025,24-11-2025,canceled,Content not relevant
1097,5633,5,08-04-2025,28-05-2025,canceled,Not using enough
1206,299,5,05-02-2025,02-06-2025,canceled,Too expensive
1311,7361,5,19-12-2025,23-11-2026,canceled,Found alternative
1322,4351,5,21-07-2025,15-10-2025,canceled,Content not relevant
1343,6739,5,23-01-2025,25-05-2025,canceled,Technical issues
1360,7948,5,13-03-2025,27-08-2025,canceled,Content not relevant
1509,585,5,24-07-2025,11-08-2025,canceled,Too expensive
1545,4553,5,27-09-2025,21-08-2026,canceled,Technical issues
1549,84,5,30-06-2025,16-06-2026,canceled,Found alternative
1589,2888,5,06-01-2026,11-06-2026,canceled,Technical issues
1600,3815,5,09-04-2025,09-09-2025,canceled,Too expensive
1644,7377,5,06-09-2025,25-12-2025,canceled,Found alternative
1740,7911,5,09-01-2026,26-09-2026,canceled,Found alternative
1776,1916,5,19-01-2025,01-01-2026,canceled,Content not relevant
1844,3614,5,12-11-2025,29-01-2026,canceled,Not using enough
1873,4876,5,05-07-2025,04-05-2026,canceled,Not using enough
1922,971,5,02-07-2025,05-04-2026,canceled,Content not relevant
1924,1541,5,19-02-2025,05-06-2025,canceled,Not using enough
1943,7336,5,06-12-2025,26-05-2026,canceled,Too expensive
1947,228,5,14-11-2025,19-07-2026,canceled,Found alternative
1952,7320,5,24-02-2025,21-08-2025,canceled,Technical issues
2026,4448,5,03-10-2025,28-06-2026,canceled,Not using enough
2029,4058,5,03-04-2025,23-05-2025,canceled,Too expensive
2123,5654,5,22-11-2025,30-05-2026,canceled,Too expensive
2148,4191,5,21-07-2025,09-08-2025,canceled,Other
2223,315,5,04-06-2025,14-08-2025,canceled,Other
2231,4616,5,18-01-2025,19-09-2025,canceled,Not using enough
2236,309,5,26-02-2025,18-11-2025,canceled,Found alternative
2372,3446,5,30-03-2025,24-03-2026,canceled,Technical issues
2393,1846,5,12-01-2025,17-11-2025,canceled,Found alternative
2401,1128,5,29-01-2025,17-06-2025,canceled,Other
2450,406,5,30-04-2025,06-10-2025,canceled,Found alternative
2472,7907,5,05-03-2025,06-04-2025,canceled,Not using enough
2512,685,5,24-10-2025,13-01-2026,canceled,Found alternative
2516,7319,5,22-04-2025,23-03-2026,canceled,Too expensive
2541,2539,5,24-12-2025,22-10-2026,canceled,Content not relevant
2570,4336,5,10-10-2025,30-12-2025,canceled,Not using enough
2619,2180,5,26-03-2025,19-07-2025,canceled,Technical issues
2648,7158,5,02-05-2025,24-05-2025,canceled,Not using enough
2652,5425,5,03-11-2025,17-06-2026,canceled,Found alternative
2662,2908,5,02-05-2025,10-06-2025,canceled,Found alternative
2671,6242,5,30-11-2025,24-06-2026,canceled,Technical issues
2674,7296,5,02-11-2025,18-06-2026,canceled,Too expensive
2699,2145,5,04-01-2025,09-12-2025,canceled,Not using enough
2706,7598,5,21-08-2025,15-01-2026,canceled,Found alternative
2735,7006,5,22-12-2025,03-02-2026,canceled,Content not relevant
2805,459,5,28-07-2025,07-10-2025,canceled,Content not relevant
2958,3357,5,06-06-2025,01-10-2025,canceled,Technical issues
2964,7975,5,08-07-2025,28-02-2026,canceled,Too expensive
3022,4920,5,27-01-2025,27-06-2025,canceled,Found alternative
3052,5437,5,08-04-2025,06-03-2026,canceled,Other
3064,2873,5,30-11-2025,31-01-2026,canceled,Content not relevant
3094,6139,5,31-12-2025,30-01-2026,canceled,Content not relevant
3101,1054,5,16-02-2025,15-03-2025,canceled,Technical issues
3164,3815,5,10-12-2025,15-10-2026,canceled,Other
3266,3102,5,01-01-2026,13-11-2026,canceled,Other
3280,7953,5,26-08-2025,03-05-2026,canceled,Found alternative
3351,7203,5,16-01-2025,24-07-2025,canceled,Other
3399,5759,5,18-09-2025,10-06-2026,canceled,Found alternative
3426,3836,5,17-02-2025,16-08-2025,canceled,Too expensive
3456,6825,5,16-10-2025,27-06-2026,canceled,Other
3457,1389,5,16-07-2025,15-10-2025,canceled,Found alternative
3484,3161,5,22-06-2025,22-12-2025,canceled,Found alternative
3669,6789,5,09-04-2025,02-06-2025,canceled,Content not relevant
3677,6986,5,25-02-2025,31-08-2025,canceled,Technical issues
3684,5550,5,14-07-2025,10-05-2026,canceled,Content not relevant
3794,4273,5,18-07-2025,13-01-2026,canceled,Found alternative
3812,3145,5,09-12-2025,03-09-2026,canceled,Other
3817,539,5,27-06-2025,27-04-2026,canceled,Found alternative
3875,3581,5,03-02-2025,24-12-2025,canceled,Technical issues
3894,1111,5,08-06-2025,18-05-2026,canceled,Found alternative
3979,6305,5,07-12-2025,11-01-2026,canceled,Not using enough
4009,7400,5,17-01-2026,03-02-2026,canceled,Too expensive
4010,2897,5,22-04-2025,07-08-2025,canceled,Content not relevant
4151,2384,5,20-10-2025,05-06-2026,canceled,Content not relevant
4160,257,5,01-05-2025,30-01-2026,canceled,Not using enough
4231,943,5,20-07-2025,31-05-2026,canceled,Content not relevant
4244,1279,5,07-10-2025,16-04-2026,canceled,Technical issues
4253,5979,5,24-03-2025,09-04-2025,canceled,Too expensive
4349,4901,5,06-12-2025,06-03-2026,canceled,Technical issues
4452,7525,5,19-09-2025,02-08-2026,canceled,Found alternative
4516,4799,5,27-03-2025,08-06-2025,canceled,Found alternative
4518,541,5,06-01-2026,18-09-2026,canceled,Technical issues
4543,6829,5,15-07-2025,07-03-2026,canceled,Technical issues
4555,28,5,24-09-2025,22-08-2026,canceled,Not using enough
4558,4316,5,06-01-2025,25-05-2025,canceled,Not using enough
4570,1704,5,20-04-2025,15-03-2026,canceled,Too expensive
4574,7269,5,12-08-2025,15-01-2026,canceled,Technical issues
4578,272,5,15-12-2025,23-07-2026,canceled,Too expensive
4628,266,5,09-11-2025,14-07-2026,canceled,Technical issues
4650,2229,5,10-02-2025,23-06-2025,canceled,Technical issues
4670,2,5,15-10-2025,11-01-2026,canceled,Not using enough
4684,990,5,27-03-2025,11-01-2026,canceled,Other
4726,4454,5,28-10-2025,10-08-2026,canceled,Technical issues
4764,4159,5,09-06-2025,18-04-2026,canceled,Other
4804,4976,5,28-09-2025,09-07-2026,canceled,Too expensive
4842,524,5,06-08-2025,26-08-2025,canceled,Found alternative
4887,2571,5,26-11-2025,29-03-2026,canceled,Technical issues
4894,2727,5,17-07-2025,17-05-2026,canceled,Too expensive
4896,4935,5,07-05-2025,14-10-2025,canceled,Other
5029,5845,5,04-04-2025,23-03-2026,canceled,Too expensive
5031,7604,5,20-01-2025,28-10-2025,canceled,Other
5033,3085,5,17-12-2025,14-04-2026,canceled,Found alternative
5081,4436,5,06-10-2025,21-10-2025,canceled,Not using enough
5266,5587,5,05-01-2025,27-01-2025,canceled,Not using enough
5315,7567,5,10-07-2025,22-08-2025,canceled,Too expensive
5432,11,5,23-12-2025,12-06-2026,canceled,Other
5437,923,5,06-09-2025,26-08-2026,canceled,Too expensive
5438,4601,5,05-12-2025,06-04-2026,canceled,Technical issues
5440,5589,5,01-01-2025,09-02-2025,canceled,Found alternative
5459,298,5,21-10-2025,15-07-2026,canceled,Other
5522,3932,5,04-03-2025,01-03-2026,canceled,Not using enough
5593,3735,5,10-12-2025,24-02-2026,canceled,Too expensive
5605,2886,5,14-12-2025,24-02-2026,canceled,Other
5655,7790,5,29-03-2025,18-03-2026,canceled,Not using enough
5660,7258,5,24-03-2025,23-06-2025,canceled,Too expensive
5750,6992,5,27-11-2025,11-05-2026,canceled,Found alternative
5758,1979,5,20-08-2025,02-12-2025,canceled,Not using enough
5780,4217,5,16-04-2025,29-06-2025,canceled,Too expensive
5789,2150,5,12-08-2025,13-05-2026,canceled,Too expensive
5813,6727,5,08-10-2025,21-04-2026,canceled,Too expensive
5852,3046,5,19-03-2025,22-07-2025,canceled,Found alternative
5863,4567,5,22-01-2025,13-11-2025,canceled,Not using enough
5895,639,5,16-05-2025,12-01-2026,canceled,Not using enough
5928,3895,5,01-06-2025,04-01-2026,canceled,Found alternative
5934,5311,5,03-01-2026,06-08-2026,canceled,Too expensive
5938,178,5,28-03-2025,19-01-2026,canceled,Technical issues
5944,1745,5,17-11-2025,07-08-2026,canceled,Content not relevant
5949,3047,5,13-08-2025,12-06-2026,canceled,Too expensive
6008,3593,5,16-05-2025,17-07-2025,canceled,Not using enough
6009,1846,5,04-03-2025,08-02-2026,canceled,Found alternative
6049,7317,5,16-07-2025,13-08-2025,canceled,Content not relevant
6067,1944,5,22-03-2025,11-01-2026,canceled,Other
6092,2334,5,20-04-2025,09-12-2025,canceled,Other
6167,5344,5,18-12-2025,01-07-2026,canceled,Other
6169,4824,5,02-04-2025,12-11-2025,canceled,Other
6174,2936,5,25-12-2025,05-03-2026,canceled,Found alternative
6262,4229,5,06-01-2026,06-06-2026,canceled,Technical issues
6316,1072,5,27-06-2025,09-12-2025,canceled,Technical issues
6332,1000,5,02-11-2025,22-07-2026,canceled,Not using enough
6375,4105,5,16-01-2026,31-12-2026,canceled,Found alternative
6377,5669,5,08-01-2026,04-01-2027,canceled,Content not relevant
6444,3386,5,06-08-2025,29-10-2025,canceled,Other
6582,3431,5,13-03-2025,07-07-2025,canceled,Technical issues
6610,299,5,29-03-2025,12-03-2026,canceled,Technical issues
6616,5636,5,12-01-2025,13-10-2025,canceled,Too expensive
6644,7219,5,13-01-2026,15-12-2026,canceled,Content not relevant
6679,6586,5,13-07-2025,18-09-2025,canceled,Technical issues
6722,6635,5,21-03-2025,15-02-2026,canceled,Other
6727,4564,5,22-05-2025,27-09-2025,canceled,Content not relevant
6772,5439,5,22-10-2025,06-04-2026,canceled,Not using enough
6800,7686,5,07-04-2025,26-06-2025,canceled,Other
6801,5139,5,05-10-2025,21-11-2025,canceled,Technical issues
6814,6732,5,25-12-2025,28-11-2026,canceled,Too expensive
6840,1517,5,03-09-2025,27-08-2026,canceled,Too expensive
6915,4169,5,18-08-2025,28-10-2025,canceled,Not using enough
6918,3294,5,04-06-2025,24-01-2026,canceled,Other
6933,2544,5,10-03-2025,25-12-2025,canceled,Not using enough
6969,3662,5,26-05-2025,22-08-2025,canceled,Not using enough
6986,3941,5,25-10-2025,24-12-2025,canceled,Technical issues
7012,5273,5,01-10-2025,02-11-2025,canceled,Other
7076,7153,5,05-10-2025,02-01-2026,canceled,Too expensive
7081,2274,5,08-12-2025,24-03-2026,canceled,Not using enough
7138,5116,5,17-12-2025,14-05-2026,canceled,Content not relevant
7208,4361,5,14-06-2025,09-04-2026,canceled,Found alternative
7218,1887,5,31-03-2025,17-08-2025,canceled,Content not relevant
7225,5056,5,21-02-2025,18-03-2025,canceled,Too expensive
7239,6713,5,02-12-2025,10-05-2026,canceled,Other
7247,4749,5,04-06-2025,30-04-2026,canceled,Found alternative
7296,5510,5,11-01-2025,23-12-2025,canceled,Found alternative
7352,7295,5,05-01-2026,24-12-2026,canceled,Not using enough
7377,2948,5,15-12-2025,01-11-2026,canceled,Technical issues
7399,6902,5,04-02-2025,26-08-2025,canceled,Other
7431,3785,5,24-06-2025,09-12-2025,canceled,Technical issues
7456,6227,5,28-10-2025,30-08-2026,canceled,Other
7459,3458,5,26-11-2025,13-11-2026,canceled,Content not relevant
7508,7942,5,09-02-2025,23-05-2025,canceled,Too expensive
7511,3153,5,02-09-2025,12-04-2026,canceled,Found alternative
7545,3529,5,08-06-2025,02-04-2026,canceled,Not using enough
7558,122,5,02-06-2025,13-07-2025,canceled,Found alternative
7566,7572,5,24-02-2025,05-04-2025,canceled,Too expensive
7586,1753,5,05-11-2025,17-09-2026,canceled,Content not relevant
7608,572,5,15-12-2025,06-06-2026,canceled,Content not relevant
7749,1825,5,16-08-2025,08-03-2026,canceled,Content not relevant
7767,32,5,30-04-2025,15-02-2026,canceled,Too expensive
7813,2065,5,14-06-2025,11-05-2026,canceled,Too expensive
7890,7732,5,13-07-2025,08-08-2025,canceled,Too expensive
7918,259,5,29-07-2025,13-04-2026,canceled,Other
7944,1910,5,11-04-2025,18-07-2025,canceled,Not using enough
7951,5367,5,16-08-2025,21-09-2025,canceled,Found alternative
7960,735,5,29-08-2025,07-05-2026,canceled,Found alternative
7996,7844,5,22-04-2025,07-06-2025,canceled,Not using enough
8008,5167,5,14-03-2025,29-12-2025,canceled,Not using enough
8015,4533,5,15-06-2025,25-09-2025,canceled,Not using enough
8211,6136,5,05-08-2025,22-06-2026,canceled,Found alternative
8280,987,5,30-10-2025,17-02-2026,canceled,Technical issues
8283,6228,5,19-04-2025,26-11-2025,canceled,Technical issues
8307,5775,5,31-10-2025,22-02-2026,canceled,Content not relevant
8350,7573,5,24-07-2025,28-01-2026,canceled,Technical issues
8388,5366,5,17-05-2025,10-03-2026,canceled,Found alternative
8396,2910,5,03-08-2025,05-07-2026,canceled,Found alternative
8436,1809,5,19-03-2025,07-12-2025,canceled,Too expensive
8496,3903,5,29-01-2025,17-08-2025,canceled,Not using enough
8497,3962,5,24-04-2025,10-09-2025,canceled,Not using enough
8573,2543,5,08-01-2026,15-09-2026,canceled,Not using enough
8580,7297,5,01-01-2025,13-07-2025,canceled,Too expensive
8594,4853,5,29-05-2025,17-06-2025,canceled,Found alternative
8597,1767,5,18-02-2025,05-10-2025,canceled,Other
8603,4583,5,29-11-2025,17-12-2025,canceled,Other
8647,6252,5,05-01-2025,26-04-2025,canceled,Not using enough
8688,7477,5,22-06-2025,11-10-2025,canceled,Content not relevant
8769,4463,5,26-10-2025,10-06-2026,canceled,Content not relevant
8818,6148,5,22-06-2025,31-07-2025,canceled,Too expensive
8977,7496,5,21-06-2025,09-07-2025,canceled,Too expensive
8989,5361,5,28-03-2025,18-01-2026,canceled,Not using enough
9104,750,5,17-12-2025,05-08-2026,canceled,Technical issues
9162,4875,5,25-08-2025,05-02-2026,canceled,Not using enough
9169,3977,5,23-09-2025,23-10-2025,canceled,Not using enough
9260,5655,5,23-12-2025,06-08-2026,canceled,Technical issues
9274,1514,5,23-04-2025,22-02-2026,canceled,Found alternative
9337,6347,5,30-07-2025,28-02-2026,canceled,Other
9364,7737,5,04-10-2025,25-07-2026,canceled,Too expensive
9388,5002,5,16-07-2025,29-01-2026,canceled,Too expensive
9481,1533,5,03-08-2025,17-03-2026,canceled,Technical issues
9493,7821,5,25-05-2025,01-05-2026,canceled,Found alternative
9509,1545,5,23-01-2025,03-08-2025,canceled,Found alternative
9556,6936,5,04-08-2025,12-06-2026,canceled,Too expensive
9562,5478,5,28-06-2025,10-04-2026,canceled,Content not relevant
9633,3512,5,01-04-2025,04-02-2026,canceled,Other
9683,7114,5,28-11-2025,21-04-2026,canceled,Content not relevant
9744,6436,5,19-07-2025,22-03-2026,canceled,Content not relevant
9758,2775,5,25-03-2025,13-01-2026,canceled,Found alternative
9801,102,5,26-09-2025,31-03-2026,canceled,Content not relevant
9805,5351,5,12-08-2025,20-07-2026,canceled,Technical issues
9902,6211,5,06-03-2025,24-09-2025,canceled,Not using enough
10031,2908,5,03-06-2025,03-03-2026,canceled,Technical issues
10053,2393,5,05-08-2025,23-01-2026,canceled,Technical issues
10080,7717,5,17-08-2025,07-05-2026,canceled,Technical issues
10183,3570,5,17-12-2025,14-02-2026,canceled,Content not relevant
10192,6837,5,18-12-2025,17-05-2026,canceled,Other
10265,5623,5,01-12-2025,23-04-2026,canceled,Content not relevant
10275,3599,5,03-04-2025,23-12-2025,canceled,Too expensive
10323,4125,5,09-06-2025,20-12-2025,canceled,Too expensive
10360,5980,5,19-06-2025,31-07-2025,canceled,Technical issues
10361,4652,5,06-05-2025,29-11-2025,canceled,Technical issues
10392,4086,5,22-10-2025,24-09-2026,canceled,Content not relevant
10432,6213,5,18-02-2025,20-06-2025,canceled,Found alternative
10437,6854,5,30-01-2025,25-01-2026,canceled,Not using enough
10484,4077,5,19-10-2025,15-07-2026,canceled,Technical issues
10515,3604,5,28-01-2025,22-12-2025,canceled,Content not relevant
10521,7701,5,18-05-2025,22-07-2025,canceled,Too expensive
10553,5371,5,10-12-2025,27-09-2026,canceled,Technical issues
10556,3907,5,03-03-2025,09-08-2025,canceled,Not using enough
10582,864,5,13-01-2025,07-04-2025,canceled,Technical issues
10590,7217,5,22-03-2025,26-09-2025,canceled,Too expensive
10621,5142,5,21-01-2025,10-01-2026,canceled,Other
10658,1777,5,12-03-2025,27-07-2025,canceled,Content not relevant
10715,6117,5,29-03-2025,28-05-2025,canceled,Content not relevant
10723,6797,5,12-10-2025,17-06-2026,canceled,Technical issues
10884,557,5,21-12-2025,02-11-2026,canceled,Content not relevant
10888,6370,5,18-01-2026,28-12-2026,canceled,Content not relevant
10913,5378,5,02-01-2025,06-03-2025,canceled,Not using enough
10933,174,5,16-01-2026,07-01-2027,canceled,Other
10959,6455,5,09-02-2025,23-07-2025,canceled,Too expensive
10998,32,5,17-11-2025,07-05-2026,canceled,Content not relevant
10999,7018,5,27-09-2025,15-04-2026,canceled,Content not relevant
11288,269,5,18-11-2025,13-09-2026,canceled,Other
11290,3410,5,04-01-2026,14-12-2026,canceled,Technical issues
11316,1795,5,18-03-2025,26-07-2025,canceled,Content not relevant
11375,169,5,18-09-2025,01-12-2025,canceled,Technical issues
11517,7763,5,08-03-2025,24-10-2025,canceled,Found alternative
11596,4749,5,24-09-2025,18-07-2026,canceled,Found alternative
11616,866,5,04-04-2025,04-01-2026,canceled,Other
11667,2894,5,28-09-2025,24-02-2026,canceled,Found alternative
11675,716,5,20-03-2025,10-03-2026,canceled,Content not relevant
11707,5648,5,06-11-2025,28-08-2026,canceled,Technical issues
11751,4169,5,22-05-2025,21-06-2025,canceled,Found alternative
11794,1420,5,11-05-2025,25-01-2026,canceled,Other
11867,7957,5,26-10-2025,08-01-2026,canceled,Technical issues
11875,5890,5,03-05-2025,19-10-2025,canceled,Other
11924,1548,5,28-12-2025,11-04-2026,canceled,Technical issues
11947,234,5,17-10-2025,30-09-2026,canceled,Content not relevant
11998,6086,5,18-01-2025,13-11-2025,canceled,Content not relevant
118,5732,1,27-03-2025,03-05-2025,canceled,Other
184,1057,1,21-11-2025,07-02-2026,canceled,Other
390,5785,1,06-10-2025,12-12-2025,canceled,Other
476,1928,1,04-08-2025,09-08-2025,canceled,Other
909,2322,1,22-12-2025,13-03-2026,canceled,Other
1512,2153,1,16-10-2025,09-12-2025,canceled,Other
1565,1774,1,06-01-2026,11-02-2026,canceled,Other
1693,7597,1,07-11-2025,12-01-2026,canceled,Other
2000,3602,1,24-07-2025,01-08-2025,canceled,Other
2089,6926,1,11-08-2025,24-11-2025,canceled,Other
2184,3310,1,05-06-2025,21-06-2025,canceled,Other
2248,4002,1,14-01-2025,13-04-2025,canceled,Other
2286,7390,1,10-06-2025,17-06-2025,canceled,Other
2435,134,1,25-07-2025,16-10-2025,canceled,Other
2914,2793,1,16-05-2025,23-07-2025,canceled,Other
3015,3737,1,12-01-2026,17-03-2026,canceled,Other
3218,2263,1,13-04-2025,19-07-2025,canceled,Other
3546,765,1,07-12-2025,19-03-2026,canceled,Other
3808,5080,1,01-02-2025,22-02-2025,canceled,Other
4157,7437,1,18-02-2025,15-05-2025,canceled,Other
4406,1193,1,07-03-2025,12-03-2025,canceled,Other
4667,7806,1,16-02-2025,17-04-2025,canceled,Other
4870,4416,1,16-01-2026,22-03-2026,canceled,Other
5046,5503,1,19-05-2025,29-07-2025,canceled,Other
5104,5869,1,01-04-2025,27-06-2025,canceled,Other
5411,6313,1,09-01-2026,17-03-2026,canceled,Other
5848,4226,1,04-05-2025,09-05-2025,canceled,Other
5905,7721,1,24-08-2025,14-10-2025,canceled,Other
6209,3225,1,28-01-2025,02-02-2025,canceled,Other
6238,2166,1,30-08-2025,10-09-2025,canceled,Other
6374,7456,1,24-08-2025,29-08-2025,canceled,Other
6406,2427,1,28-05-2025,24-07-2025,canceled,Other
6564,5217,1,09-04-2025,17-06-2025,canceled,Other
6568,7456,1,14-01-2026,23-04-2026,canceled,Other
6846,7841,1,30-04-2025,25-07-2025,canceled,Other
7104,2286,1,18-01-2026,20-04-2026,canceled,Other
7194,5455,1,06-02-2025,03-04-2025,canceled,Other
7505,1835,1,08-01-2025,19-03-2025,canceled,Other
7527,6824,1,16-06-2025,19-07-2025,canceled,Other
7919,1234,1,29-08-2025,05-10-2025,canceled,Other
8050,6654,1,20-09-2025,02-01-2026,canceled,Other
8140,1818,1,21-11-2025,08-03-2026,canceled,Other
8522,6624,1,16-10-2025,21-11-2025,canceled,Other
8665,3243,1,13-06-2025,22-08-2025,canceled,Other
9546,7309,1,05-05-2025,17-07-2025,canceled,Other
9553,2954,1,08-01-2025,14-02-2025,canceled,Other
9595,4242,1,23-12-2025,29-12-2025,canceled,Other
9941,7856,1,13-02-2025,03-06-2025,canceled,Other
9980,6989,1,09-06-2025,02-09-2025,canceled,Other
10140,4277,1,16-04-2025,03-05-2025,canceled,Other
10227,4131,1,14-12-2025,31-01-2026,canceled,Other
10398,7056,1,03-06-2025,10-08-2025,canceled,Other
10711,5480,1,05-06-2025,12-07-2025,canceled,Other
10728,5002,1,03-03-2025,21-03-2025,canceled,Other
10816,6312,1,18-02-2025,30-03-2025,canceled,Other
11029,5611,1,08-03-2025,22-04-2025,canceled,Other
11098,676,1,29-06-2025,03-07-2025,canceled,Other
11416,7807,1,04-06-2025,22-08-2025,canceled,Other
11478,1161,1,31-03-2025,13-06-2025,canceled,Other
11528,3393,1,28-11-2025,22-01-2026,canceled,Other
11823,6305,1,06-10-2025,05-12-2025,canceled,Other
11923,6842,1,21-10-2025,30-12-2025,canceled,Other
657,2273,1,20-08-2025,09-12-2025,canceled,Too expensive
707,6144,1,09-12-2025,25-02-2026,canceled,Too expensive
788,7299,1,13-10-2025,04-12-2025,canceled,Too expensive
873,3679,1,12-02-2025,11-05-2025,canceled,Too expensive
931,3598,1,26-08-2025,11-09-2025,canceled,Too expensive
1424,4361,1,03-01-2025,23-03-2025,canceled,Too expensive
2108,1786,1,01-09-2025,18-10-2025,canceled,Too expensive
2140,6369,1,26-01-2025,19-04-2025,canceled,Too expensive
2215,6363,1,30-04-2025,15-06-2025,canceled,Too expensive
2228,223,1,08-09-2025,19-12-2025,canceled,Too expensive
2726,1210,1,07-01-2026,11-04-2026,canceled,Too expensive
3319,5001,1,16-02-2025,23-02-2025,canceled,Too expensive
3418,7225,1,22-12-2025,28-12-2025,canceled,Too expensive
3450,1242,1,18-10-2025,01-02-2026,canceled,Too expensive
3641,4049,1,31-05-2025,05-09-2025,canceled,Too expensive
3791,6560,1,19-06-2025,18-08-2025,canceled,Too expensive
4051,1280,1,26-09-2025,05-01-2026,canceled,Too expensive
4083,4716,1,15-09-2025,26-11-2025,canceled,Too expensive
4271,5341,1,31-05-2025,27-08-2025,canceled,Too expensive
4373,5040,1,27-03-2025,17-06-2025,canceled,Too expensive
4481,752,1,15-04-2025,06-06-2025,canceled,Too expensive
4639,197,1,21-07-2025,21-10-2025,canceled,Too expensive
4743,696,1,12-09-2025,06-01-2026,canceled,Too expensive
4965,3855,1,07-06-2025,13-06-2025,canceled,Too expensive
5188,143,1,06-08-2025,03-12-2025,canceled,Too expensive
5250,4400,1,13-09-2025,06-10-2025,canceled,Too expensive
5477,6396,1,11-01-2025,14-01-2025,canceled,Too expensive
5523,3340,1,20-11-2025,17-12-2025,canceled,Too expensive
5566,1744,1,25-02-2025,16-06-2025,canceled,Too expensive
5972,7998,1,10-03-2025,10-06-2025,canceled,Too expensive
6057,4489,1,16-05-2025,01-09-2025,canceled,Too expensive
6261,5649,1,24-03-2025,11-05-2025,canceled,Too expensive
6673,1140,1,10-08-2025,04-10-2025,canceled,Too expensive
6734,7060,1,05-08-2025,02-09-2025,canceled,Too expensive
7083,3152,1,09-06-2025,18-08-2025,canceled,Too expensive
7395,525,1,01-12-2025,17-12-2025,canceled,Too expensive
7632,742,1,23-03-2025,08-05-2025,canceled,Too expensive
7698,6062,1,31-10-2025,25-01-2026,canceled,Too expensive
7773,292,1,01-10-2025,22-01-2026,canceled,Too expensive
7799,6832,1,16-03-2025,18-06-2025,canceled,Too expensive
7937,7468,1,12-10-2025,20-10-2025,canceled,Too expensive
8184,138,1,01-03-2025,28-06-2025,canceled,Too expensive
8505,3347,1,12-02-2025,23-03-2025,canceled,Too expensive
8676,6464,1,27-06-2025,22-07-2025,canceled,Too expensive
8725,6066,1,15-11-2025,05-01-2026,canceled,Too expensive
8757,3545,1,03-10-2025,05-12-2025,canceled,Too expensive
8916,7166,1,15-11-2025,09-12-2025,canceled,Too expensive
9157,4207,1,05-10-2025,05-01-2026,canceled,Too expensive
9418,1067,1,25-10-2025,20-11-2025,canceled,Too expensive
9434,5288,1,01-04-2025,06-07-2025,canceled,Too expensive
9573,6350,1,11-03-2025,11-04-2025,canceled,Too expensive
9671,1542,1,24-09-2025,20-11-2025,canceled,Too expensive
9911,5387,1,08-12-2025,01-02-2026,canceled,Too expensive
10228,1614,1,08-03-2025,03-07-2025,canceled,Too expensive
10339,2346,1,10-11-2025,23-11-2025,canceled,Too expensive
11045,4320,1,17-05-2025,04-06-2025,canceled,Too expensive
11152,1776,1,11-03-2025,06-07-2025,canceled,Too expensive
11398,7500,1,13-02-2025,20-02-2025,canceled,Too expensive
11434,4050,1,16-08-2025,19-08-2025,canceled,Too expensive
11540,4946,1,04-06-2025,22-06-2025,canceled,Too expensive
11637,4315,1,21-02-2025,30-03-2025,canceled,Too expensive
11655,1553,1,11-01-2025,02-03-2025,canceled,Too expensive
11886,4243,1,02-09-2025,13-12-2025,canceled,Too expensive
11892,1727,1,01-04-2025,07-05-2025,canceled,Too expensive
382,6757,1,12-09-2025,01-01-2026,canceled,Technical issues
494,679,1,12-03-2025,29-06-2025,canceled,Technical issues
1053,2777,1,18-05-2025,11-09-2025,canceled,Technical issues
1212,5957,1,27-11-2025,02-03-2026,canceled,Technical issues
1502,6891,1,25-12-2025,30-12-2025,canceled,Technical issues
1530,2629,1,13-09-2025,09-10-2025,canceled,Technical issues
1631,833,1,23-11-2025,29-11-2025,canceled,Technical issues
1637,1049,1,24-03-2025,07-05-2025,canceled,Technical issues
1663,5668,1,29-10-2025,24-11-2025,canceled,Technical issues
1752,4772,1,30-11-2025,14-01-2026,canceled,Technical issues
1779,3241,1,24-08-2025,08-09-2025,canceled,Technical issues
1864,1349,1,27-06-2025,16-07-2025,canceled,Technical issues
1903,4383,1,22-01-2025,11-05-2025,canceled,Technical issues
1939,4515,1,23-03-2025,05-07-2025,canceled,Technical issues
1968,7205,1,07-05-2025,08-08-2025,canceled,Technical issues
2058,7196,1,30-03-2025,22-04-2025,canceled,Technical issues
2070,6020,1,03-10-2025,09-01-2026,canceled,Technical issues
2079,6648,1,26-04-2025,03-06-2025,canceled,Technical issues
2240,7310,1,10-01-2025,15-02-2025,canceled,Technical issues
2458,82,1,17-11-2025,11-12-2025,canceled,Technical issues
2464,7028,1,15-01-2025,16-04-2025,canceled,Technical issues
2544,3591,1,18-08-2025,22-09-2025,canceled,Technical issues
2591,900,1,16-01-2025,22-04-2025,canceled,Technical issues
2736,4197,1,17-08-2025,08-12-2025,canceled,Technical issues
2851,6965,1,29-03-2025,13-04-2025,canceled,Technical issues
3025,3649,1,23-03-2025,02-04-2025,canceled,Technical issues
3242,3614,1,21-02-2025,01-06-2025,canceled,Technical issues
3258,4122,1,08-06-2025,30-07-2025,canceled,Technical issues
3633,5687,1,27-08-2025,17-09-2025,canceled,Technical issues
3763,2097,1,30-05-2025,23-09-2025,canceled,Technical issues
3966,2032,1,18-06-2025,23-08-2025,canceled,Technical issues
4000,6836,1,19-12-2025,21-01-2026,canceled,Technical issues
4252,156,1,13-10-2025,11-11-2025,canceled,Technical issues
4285,3298,1,18-04-2025,17-05-2025,canceled,Technical issues
4381,2725,1,06-08-2025,09-10-2025,canceled,Technical issues
4473,2633,1,08-10-2025,09-12-2025,canceled,Technical issues
4729,6654,1,23-06-2025,12-07-2025,canceled,Technical issues
5047,7068,1,21-10-2025,21-01-2026,canceled,Technical issues
5288,3250,1,14-02-2025,22-04-2025,canceled,Technical issues
5311,113,1,20-12-2025,18-02-2026,canceled,Technical issues
5650,4282,1,08-04-2025,03-07-2025,canceled,Technical issues
6141,5942,1,04-01-2025,01-03-2025,canceled,Technical issues
6160,3345,1,02-12-2025,26-01-2026,canceled,Technical issues
6504,2191,1,18-03-2025,15-04-2025,canceled,Technical issues
6711,7517,1,21-04-2025,02-08-2025,canceled,Technical issues
7132,2306,1,18-09-2025,11-10-2025,canceled,Technical issues
7244,2728,1,01-12-2025,28-01-2026,canceled,Technical issues
7403,2110,1,24-01-2025,16-03-2025,canceled,Technical issues
7522,7223,1,13-06-2025,08-08-2025,canceled,Technical issues
7746,2590,1,27-08-2025,22-11-2025,canceled,Technical issues
7762,7267,1,15-11-2025,10-12-2025,canceled,Technical issues
8085,1207,1,30-05-2025,28-07-2025,canceled,Technical issues
8097,3980,1,28-07-2025,17-08-2025,canceled,Technical issues
8515,1599,1,10-06-2025,30-07-2025,canceled,Technical issues
8625,2771,1,13-10-2025,20-12-2025,canceled,Technical issues
8705,7818,1,04-10-2025,06-11-2025,canceled,Technical issues
8787,3347,1,10-04-2025,17-07-2025,canceled,Technical issues
9218,728,1,09-05-2025,02-08-2025,canceled,Technical issues
9285,6125,1,05-10-2025,21-01-2026,canceled,Technical issues
9913,5879,1,23-09-2025,17-10-2025,canceled,Technical issues
10111,5532,1,09-05-2025,26-06-2025,canceled,Technical issues
10414,7571,1,03-02-2025,21-05-2025,canceled,Technical issues
10831,2008,1,18-08-2025,04-12-2025,canceled,Technical issues
10997,5437,1,04-05-2025,19-06-2025,canceled,Technical issues
11243,2418,1,28-04-2025,10-06-2025,canceled,Technical issues
11622,4232,1,06-01-2025,10-03-2025,canceled,Technical issues
11773,7350,1,03-03-2025,16-03-2025,canceled,Technical issues
11782,83,1,06-09-2025,07-11-2025,canceled,Technical issues
31,2449,1,10-04-2025,15-05-2025,canceled,Found alternative
205,3406,1,17-11-2025,14-03-2026,canceled,Found alternative
325,2202,1,13-06-2025,25-06-2025,canceled,Found alternative
473,7148,1,25-05-2025,10-06-2025,canceled,Found alternative
779,4793,1,04-12-2025,12-03-2026,canceled,Found alternative
1142,7588,1,15-10-2025,20-12-2025,canceled,Found alternative
1256,84,1,28-10-2025,30-12-2025,canceled,Found alternative
1315,7763,1,16-12-2025,14-01-2026,canceled,Found alternative
1371,7436,1,16-05-2025,30-07-2025,canceled,Found alternative
1993,4373,1,11-12-2025,22-02-2026,canceled,Found alternative
2258,4212,1,29-09-2025,24-10-2025,canceled,Found alternative
2301,4146,1,06-12-2025,21-02-2026,canceled,Found alternative
2984,1627,1,20-04-2025,20-07-2025,canceled,Found alternative
3339,6945,1,17-05-2025,30-05-2025,canceled,Found alternative
3353,2476,1,25-12-2025,12-04-2026,canceled,Found alternative
3401,1684,1,01-02-2025,19-05-2025,canceled,Found alternative
3576,47,1,22-04-2025,18-06-2025,canceled,Found alternative
3702,2482,1,10-10-2025,24-12-2025,canceled,Found alternative
3840,7619,1,13-09-2025,22-11-2025,canceled,Found alternative
4095,6649,1,12-09-2025,08-10-2025,canceled,Found alternative
4166,1643,1,01-06-2025,23-08-2025,canceled,Found alternative
4340,4130,1,18-04-2025,04-05-2025,canceled,Found alternative
4399,6906,1,03-01-2026,19-01-2026,canceled,Found alternative
4454,5364,1,24-07-2025,04-09-2025,canceled,Found alternative
4476,6747,1,09-05-2025,04-08-2025,canceled,Found alternative
4648,5206,1,22-11-2025,11-02-2026,canceled,Found alternative
4735,2154,1,18-08-2025,03-11-2025,canceled,Found alternative
4867,756,1,11-08-2025,30-11-2025,canceled,Found alternative
4961,5786,1,21-05-2025,13-08-2025,canceled,Found alternative
4978,7291,1,28-05-2025,17-09-2025,canceled,Found alternative
5948,5817,1,27-03-2025,25-06-2025,canceled,Found alternative
6172,477,1,24-08-2025,27-11-2025,canceled,Found alternative
6216,4728,1,11-01-2026,18-01-2026,canceled,Found alternative
6464,7185,1,21-02-2025,13-05-2025,canceled,Found alternative
6706,1709,1,04-05-2025,26-05-2025,canceled,Found alternative
6775,4106,1,21-05-2025,09-07-2025,canceled,Found alternative
6830,4932,1,20-04-2025,17-06-2025,canceled,Found alternative
7165,2781,1,30-05-2025,11-08-2025,canceled,Found alternative
7229,1296,1,15-12-2025,14-01-2026,canceled,Found alternative
7647,1005,1,22-08-2025,10-10-2025,canceled,Found alternative
7790,355,1,05-12-2025,05-03-2026,canceled,Found alternative
7875,1631,1,01-10-2025,14-11-2025,canceled,Found alternative
7966,5349,1,04-03-2025,29-03-2025,canceled,Found alternative
8020,5167,1,28-06-2025,20-08-2025,canceled,Found alternative
8521,1220,1,13-03-2025,12-06-2025,canceled,Found alternative
8557,2433,1,11-05-2025,02-07-2025,canceled,Found alternative
8581,523,1,03-02-2025,04-05-2025,canceled,Found alternative
8680,1746,1,20-09-2025,29-11-2025,canceled,Found alternative
8784,2249,1,15-08-2025,03-09-2025,canceled,Found alternative
9294,4729,1,07-03-2025,23-06-2025,canceled,Found alternative
9326,2731,1,19-04-2025,28-07-2025,canceled,Found alternative
9524,83,1,10-03-2025,06-04-2025,canceled,Found alternative
9585,1614,1,06-01-2025,08-03-2025,canceled,Found alternative
9917,1668,1,10-11-2025,15-01-2026,canceled,Found alternative
9921,6263,1,17-10-2025,19-11-2025,canceled,Found alternative
10095,2858,1,10-01-2025,03-05-2025,canceled,Found alternative
10138,1435,1,01-02-2025,23-02-2025,canceled,Found alternative
10148,6051,1,04-09-2025,02-10-2025,canceled,Found alternative
10346,2014,1,23-01-2025,17-04-2025,canceled,Found alternative
10460,3892,1,28-08-2025,13-12-2025,canceled,Found alternative
10691,2091,1,10-07-2025,02-11-2025,canceled,Found alternative
10798,1600,1,08-07-2025,19-09-2025,canceled,Found alternative
10834,6080,1,12-02-2025,06-04-2025,canceled,Found alternative
11270,4354,1,17-04-2025,12-05-2025,canceled,Found alternative
11331,4469,1,27-08-2025,10-09-2025,canceled,Found alternative
11402,7761,1,05-01-2025,27-03-2025,canceled,Found alternative
11458,7602,1,26-04-2025,19-08-2025,canceled,Found alternative
11798,460,1,18-11-2025,18-01-2026,canceled,Found alternative
11906,2296,1,06-01-2025,24-03-2025,canceled,Found alternative
11922,6484,1,27-04-2025,13-07-2025,canceled,Found alternative
122,2276,1,01-07-2025,20-07-2025,canceled,Not using enough
204,5189,1,24-03-2025,06-05-2025,canceled,Not using enough
314,3656,1,15-09-2025,16-11-2025,canceled,Not using enough
500,7133,1,28-10-2025,27-12-2025,canceled,Not using enough
565,2483,1,02-01-2026,23-03-2026,canceled,Not using enough
842,6301,1,11-12-2025,02-03-2026,canceled,Not using enough
847,4635,1,02-05-2025,11-07-2025,canceled,Not using enough
1023,1787,1,25-07-2025,21-08-2025,canceled,Not using enough
1030,5492,1,27-09-2025,05-01-2026,canceled,Not using enough
1067,5298,1,25-05-2025,16-06-2025,canceled,Not using enough
1091,6480,1,25-03-2025,25-05-2025,canceled,Not using enough
1117,5156,1,04-01-2025,30-04-2025,canceled,Not using enough
1210,2432,1,22-06-2025,31-07-2025,canceled,Not using enough
1251,434,1,27-03-2025,29-03-2025,canceled,Not using enough
1419,4677,1,13-10-2025,03-02-2026,canceled,Not using enough
1420,4531,1,31-03-2025,09-04-2025,canceled,Not using enough
1669,5957,1,06-01-2026,15-02-2026,canceled,Not using enough
1674,866,1,13-06-2025,19-06-2025,canceled,Not using enough
1723,3549,1,20-07-2025,18-10-2025,canceled,Not using enough
2015,658,1,10-03-2025,29-04-2025,canceled,Not using enough
2221,2647,1,11-12-2025,23-02-2026,canceled,Not using enough
2329,3139,1,11-02-2025,16-02-2025,canceled,Not using enough
2337,4474,1,30-01-2025,06-05-2025,canceled,Not using enough
2459,5198,1,24-09-2025,06-11-2025,canceled,Not using enough
3059,570,1,07-11-2025,11-12-2025,canceled,Not using enough
3069,5232,1,14-11-2025,01-02-2026,canceled,Not using enough
3314,7477,1,09-07-2025,17-08-2025,canceled,Not using enough
3387,4347,1,21-06-2025,13-09-2025,canceled,Not using enough
3422,3052,1,07-03-2025,10-05-2025,canceled,Not using enough
3511,3726,1,08-04-2025,30-06-2025,canceled,Not using enough
3739,1317,1,10-04-2025,04-06-2025,canceled,Not using enough
3787,530,1,12-10-2025,04-11-2025,canceled,Not using enough
3832,2864,1,23-05-2025,17-08-2025,canceled,Not using enough
3883,6892,1,26-01-2025,19-04-2025,canceled,Not using enough
3972,575,1,11-01-2025,25-03-2025,canceled,Not using enough
3975,3373,1,06-01-2026,08-04-2026,canceled,Not using enough
4074,4705,1,29-08-2025,26-11-2025,canceled,Not using enough
4247,7666,1,03-08-2025,13-09-2025,canceled,Not using enough
4587,7020,1,31-05-2025,03-07-2025,canceled,Not using enough
4753,3652,1,31-10-2025,16-12-2025,canceled,Not using enough
4777,6504,1,03-12-2025,30-03-2026,canceled,Not using enough
5237,3038,1,29-10-2025,25-11-2025,canceled,Not using enough
5239,6255,1,24-04-2025,02-07-2025,canceled,Not using enough
5319,3337,1,29-11-2025,29-12-2025,canceled,Not using enough
5414,4421,1,28-11-2025,18-02-2026,canceled,Not using enough
5707,4492,1,30-07-2025,27-08-2025,canceled,Not using enough
5723,115,1,04-12-2025,30-01-2026,canceled,Not using enough
5982,4154,1,26-04-2025,20-05-2025,canceled,Not using enough
6349,6468,1,25-09-2025,09-11-2025,canceled,Not using enough
6498,6768,1,05-09-2025,09-09-2025,canceled,Not using enough
6600,1708,1,15-05-2025,09-09-2025,canceled,Not using enough
7211,6571,1,28-08-2025,03-09-2025,canceled,Not using enough
7256,3505,1,23-06-2025,24-07-2025,canceled,Not using enough
7279,6057,1,10-10-2025,31-10-2025,canceled,Not using enough
7299,4417,1,13-10-2025,16-11-2025,canceled,Not using enough
7306,5602,1,16-10-2025,07-11-2025,canceled,Not using enough
7577,585,1,29-10-2025,24-02-2026,canceled,Not using enough
8342,1781,1,29-08-2025,05-11-2025,canceled,Not using enough
8344,5653,1,14-04-2025,03-07-2025,canceled,Not using enough
8554,355,1,20-10-2025,30-12-2025,canceled,Not using enough
8810,2059,1,15-04-2025,21-04-2025,canceled,Not using enough
8823,7739,1,01-04-2025,19-07-2025,canceled,Not using enough
9068,4880,1,27-04-2025,05-07-2025,canceled,Not using enough
9287,2224,1,28-10-2025,09-02-2026,canceled,Not using enough
9353,3922,1,20-02-2025,15-06-2025,canceled,Not using enough
9378,6735,1,07-03-2025,22-04-2025,canceled,Not using enough
9394,812,1,12-03-2025,15-06-2025,canceled,Not using enough
9468,5075,1,18-07-2025,20-07-2025,canceled,Not using enough
9527,6087,1,04-04-2025,06-06-2025,canceled,Not using enough
9559,6277,1,15-01-2026,04-03-2026,canceled,Not using enough
9636,1120,1,15-03-2025,24-05-2025,canceled,Not using enough
9994,127,1,12-10-2025,22-01-2026,canceled,Not using enough
10230,5383,1,07-03-2025,23-06-2025,canceled,Not using enough
10547,80,1,02-06-2025,15-07-2025,canceled,Not using enough
10567,2487,1,19-04-2025,10-07-2025,canceled,Not using enough
10616,1100,1,18-06-2025,06-07-2025,canceled,Not using enough
10843,5827,1,05-03-2025,20-03-2025,canceled,Not using enough
11237,7095,1,14-07-2025,05-11-2025,canceled,Not using enough
11525,3156,1,15-04-2025,17-05-2025,canceled,Not using enough
11582,7911,1,08-11-2025,06-01-2026,canceled,Not using enough
11660,2563,1,01-04-2025,05-05-2025,canceled,Not using enough
11789,2478,1,09-02-2025,13-04-2025,canceled,Not using enough
11920,2081,1,13-12-2025,05-01-2026,canceled,Not using enough
190,7661,1,17-09-2025,03-10-2025,canceled,Content not relevant
271,113,1,02-01-2026,17-02-2026,canceled,Content not relevant
552,7953,1,11-01-2026,08-04-2026,canceled,Content not relevant
727,7783,1,29-11-2025,13-12-2025,canceled,Content not relevant
768,274,1,21-05-2025,01-06-2025,canceled,Content not relevant
935,4119,1,01-03-2025,14-03-2025,canceled,Content not relevant
986,1795,1,03-01-2025,08-01-2025,canceled,Content not relevant
1057,7341,1,11-05-2025,11-08-2025,canceled,Content not relevant
1203,3439,1,29-05-2025,11-08-2025,canceled,Content not relevant
1274,1748,1,08-01-2025,09-01-2025,canceled,Content not relevant
1309,4964,1,11-09-2025,28-09-2025,canceled,Content not relevant
1357,47,1,29-08-2025,24-10-2025,canceled,Content not relevant
1805,6877,1,15-01-2025,12-04-2025,canceled,Content not relevant
1808,5923,1,04-12-2025,20-02-2026,canceled,Content not relevant
2164,800,1,26-01-2025,02-03-2025,canceled,Content not relevant
2383,6213,1,15-03-2025,18-03-2025,canceled,Content not relevant
2403,2713,1,30-08-2025,08-09-2025,canceled,Content not relevant
2606,6158,1,23-06-2025,02-10-2025,canceled,Content not relevant
2773,496,1,10-04-2025,13-07-2025,canceled,Content not relevant
2843,5367,1,01-10-2025,14-10-2025,canceled,Content not relevant
2992,7409,1,04-07-2025,08-10-2025,canceled,Content not relevant
3019,4551,1,14-11-2025,01-03-2026,canceled,Content not relevant
3163,1194,1,16-12-2025,31-12-2025,canceled,Content not relevant
3213,6502,1,08-10-2025,20-12-2025,canceled,Content not relevant
3296,4894,1,07-07-2025,27-09-2025,canceled,Content not relevant
3433,6897,1,03-03-2025,18-05-2025,canceled,Content not relevant
3506,2640,1,28-03-2025,10-04-2025,canceled,Content not relevant
3547,7021,1,05-10-2025,30-10-2025,canceled,Content not relevant
3623,5253,1,22-07-2025,19-08-2025,canceled,Content not relevant
3723,1426,1,12-07-2025,27-10-2025,canceled,Content not relevant
4085,3501,1,09-07-2025,11-07-2025,canceled,Content not relevant
4586,1378,1,05-12-2025,08-01-2026,canceled,Content not relevant
4723,2549,1,27-02-2025,15-05-2025,canceled,Content not relevant
4749,3711,1,16-09-2025,24-11-2025,canceled,Content not relevant
4827,6247,1,06-06-2025,26-08-2025,canceled,Content not relevant
4828,667,1,22-01-2025,13-03-2025,canceled,Content not relevant
4897,1924,1,22-03-2025,30-04-2025,canceled,Content not relevant
5077,4995,1,27-01-2025,12-05-2025,canceled,Content not relevant
5098,2482,1,17-10-2025,05-12-2025,canceled,Content not relevant
5193,1283,1,21-08-2025,29-11-2025,canceled,Content not relevant
5275,84,1,19-04-2025,24-06-2025,canceled,Content not relevant
5303,2477,1,20-03-2025,08-05-2025,canceled,Content not relevant
5480,2644,1,08-05-2025,08-08-2025,canceled,Content not relevant
5768,3829,1,29-03-2025,21-06-2025,canceled,Content not relevant
5795,7702,1,05-06-2025,07-07-2025,canceled,Content not relevant
5915,3875,1,10-04-2025,21-04-2025,canceled,Content not relevant
6003,1050,1,07-07-2025,03-11-2025,canceled,Content not relevant
6438,3573,1,03-12-2025,13-01-2026,canceled,Content not relevant
6459,7173,1,20-05-2025,17-08-2025,canceled,Content not relevant
6467,212,1,11-03-2025,03-04-2025,canceled,Content not relevant
6588,6069,1,01-05-2025,13-05-2025,canceled,Content not relevant
6614,7443,1,26-10-2025,02-12-2025,canceled,Content not relevant
6645,7093,1,17-03-2025,04-05-2025,canceled,Content not relevant
6825,711,1,23-12-2025,02-04-2026,canceled,Content not relevant
6873,2649,1,28-12-2025,02-01-2026,canceled,Content not relevant
6990,1432,1,11-07-2025,08-08-2025,canceled,Content not relevant
7009,7496,1,19-10-2025,07-12-2025,canceled,Content not relevant
7149,472,1,11-01-2025,26-03-2025,canceled,Content not relevant
7184,616,1,17-01-2026,09-04-2026,canceled,Content not relevant
7230,2549,1,08-08-2025,06-10-2025,canceled,Content not relevant
7325,7348,1,02-06-2025,03-07-2025,canceled,Content not relevant
7594,5734,1,22-05-2025,10-09-2025,canceled,Content not relevant
7627,453,1,13-01-2026,01-03-2026,canceled,Content not relevant
7796,7910,1,23-03-2025,04-07-2025,canceled,Content not relevant
7842,1748,1,16-01-2025,11-02-2025,canceled,Content not relevant
8157,712,1,22-10-2025,27-01-2026,canceled,Content not relevant
8226,2033,1,07-03-2025,17-06-2025,canceled,Content not relevant
8323,330,1,03-11-2025,23-11-2025,canceled,Content not relevant
8628,5318,1,25-06-2025,31-07-2025,canceled,Content not relevant
8750,2084,1,12-11-2025,19-12-2025,canceled,Content not relevant
8811,1578,1,07-12-2025,12-01-2026,canceled,Content not relevant
8887,4645,1,26-02-2025,07-03-2025,canceled,Content not relevant
9201,182,1,20-04-2025,13-05-2025,canceled,Content not relevant
9381,5868,1,01-05-2025,25-06-2025,canceled,Content not relevant
9569,187,1,25-05-2025,09-09-2025,canceled,Content not relevant
9597,7252,1,21-03-2025,04-07-2025,canceled,Content not relevant
9716,5025,1,13-09-2025,21-11-2025,canceled,Content not relevant
9757,6042,1,06-01-2026,17-03-2026,canceled,Content not relevant
10241,2701,1,03-06-2025,23-06-2025,canceled,Content not relevant
10409,2266,1,24-09-2025,09-10-2025,canceled,Content not relevant
10435,761,1,23-04-2025,30-05-2025,canceled,Content not relevant
10539,382,1,25-04-2025,28-05-2025,canceled,Content not relevant
10742,4376,1,20-05-2025,06-08-2025,canceled,Content not relevant
10823,3739,1,29-08-2025,09-09-2025,canceled,Content not relevant
11120,2033,1,05-04-2025,05-07-2025,canceled,Content not relevant
11196,6669,1,29-11-2025,14-02-2026,canceled,Content not relevant
11208,5475,1,06-02-2025,09-03-2025,canceled,Content not relevant
11231,646,1,15-02-2025,03-06-2025,canceled,Content not relevant
11281,3365,1,25-08-2025,13-11-2025,canceled,Content not relevant
11308,3680,1,01-04-2025,06-07-2025,canceled,Content not relevant
11791,1990,1,05-02-2025,01-05-2025,canceled,Content not relevant
460,2348,3,19-09-2025,06-11-2025,canceled,Technical issues
522,7381,3,10-10-2025,03-04-2026,canceled,Technical issues
888,1933,3,14-10-2025,01-03-2026,canceled,Technical issues
948,3384,3,12-02-2025,18-03-2025,canceled,Technical issues
976,7055,3,18-10-2025,07-03-2026,canceled,Technical issues
1088,2614,3,21-08-2025,29-12-2025,canceled,Technical issues
1229,1992,3,13-07-2025,30-07-2025,canceled,Technical issues
1236,3027,3,09-01-2026,13-03-2026,canceled,Technical issues
1402,1540,3,19-04-2025,30-09-2025,canceled,Technical issues
1607,258,3,08-06-2025,12-11-2025,canceled,Technical issues
1615,978,3,08-08-2025,15-10-2025,canceled,Technical issues
1923,7945,3,19-08-2025,05-11-2025,canceled,Technical issues
2011,1938,3,03-03-2025,23-06-2025,canceled,Technical issues
2086,7488,3,05-06-2025,12-07-2025,canceled,Technical issues
2125,3753,3,20-02-2025,24-05-2025,canceled,Technical issues
2246,549,3,02-10-2025,24-12-2025,canceled,Technical issues
2257,5046,3,20-09-2025,29-10-2025,canceled,Technical issues
2564,4750,3,21-11-2025,12-04-2026,canceled,Technical issues
2630,3616,3,19-07-2025,25-08-2025,canceled,Technical issues
2650,1627,3,03-10-2025,01-02-2026,canceled,Technical issues
2829,1395,3,03-11-2025,10-11-2025,canceled,Technical issues
3249,2403,3,21-02-2025,17-06-2025,canceled,Technical issues
3573,1829,3,22-03-2025,14-09-2025,canceled,Technical issues
3577,5066,3,03-05-2025,09-08-2025,canceled,Technical issues
3654,3610,3,24-03-2025,12-04-2025,canceled,Technical issues
3674,6699,3,28-06-2025,05-07-2025,canceled,Technical issues
3848,3717,3,24-05-2025,24-10-2025,canceled,Technical issues
3993,5952,3,13-01-2026,20-03-2026,canceled,Technical issues
4158,7042,3,08-01-2025,20-05-2025,canceled,Technical issues
4489,262,3,08-03-2025,01-06-2025,canceled,Technical issues
4704,6509,3,07-09-2025,06-10-2025,canceled,Technical issues
4795,6193,3,06-06-2025,11-09-2025,canceled,Technical issues
4853,7844,3,20-05-2025,29-10-2025,canceled,Technical issues
4912,2991,3,23-03-2025,02-06-2025,canceled,Technical issues
5015,2380,3,18-08-2025,06-02-2026,canceled,Technical issues
5129,2656,3,29-08-2025,19-02-2026,canceled,Technical issues
5301,3308,3,31-01-2025,30-06-2025,canceled,Technical issues
5727,5315,3,14-03-2025,11-05-2025,canceled,Technical issues
5759,4965,3,28-09-2025,21-03-2026,canceled,Technical issues
5853,4499,3,28-09-2025,24-11-2025,canceled,Technical issues
6019,7039,3,31-01-2025,18-03-2025,canceled,Technical issues
6242,5557,3,10-01-2026,24-05-2026,canceled,Technical issues
6394,5064,3,22-08-2025,25-12-2025,canceled,Technical issues
6695,6995,3,22-08-2025,08-12-2025,canceled,Technical issues
6707,5299,3,06-01-2026,10-04-2026,canceled,Technical issues
6852,7313,3,27-09-2025,13-11-2025,canceled,Technical issues
6860,1643,3,06-01-2025,12-03-2025,canceled,Technical issues
7042,1825,3,26-03-2025,18-06-2025,canceled,Technical issues
7063,2651,3,01-03-2025,25-05-2025,canceled,Technical issues
7150,5497,3,15-02-2025,01-05-2025,canceled,Technical issues
7419,1780,3,04-12-2025,10-03-2026,canceled,Technical issues
7472,5607,3,17-12-2025,18-04-2026,canceled,Technical issues
7474,4959,3,20-06-2025,13-09-2025,canceled,Technical issues
7564,1668,3,06-07-2025,02-08-2025,canceled,Technical issues
7697,7187,3,25-08-2025,06-09-2025,canceled,Technical issues
7784,2931,3,12-01-2026,25-04-2026,canceled,Technical issues
7888,331,3,23-07-2025,09-08-2025,canceled,Technical issues
8025,489,3,04-04-2025,24-06-2025,canceled,Technical issues
8098,5400,3,02-09-2025,01-02-2026,canceled,Technical issues
8124,1711,3,05-01-2025,08-06-2025,canceled,Technical issues
8200,5254,3,23-10-2025,14-03-2026,canceled,Technical issues
8319,5589,3,28-03-2025,21-05-2025,canceled,Technical issues
8451,5583,3,12-08-2025,24-08-2025,canceled,Technical issues
8507,3005,3,25-09-2025,18-02-2026,canceled,Technical issues
8779,1213,3,10-10-2025,16-01-2026,canceled,Technical issues
8780,6634,3,13-02-2025,15-07-2025,canceled,Technical issues
8783,4912,3,20-05-2025,02-07-2025,canceled,Technical issues
8826,7256,3,21-07-2025,05-10-2025,canceled,Technical issues
9215,4875,3,12-11-2025,26-12-2025,canceled,Technical issues
9233,5441,3,03-12-2025,24-01-2026,canceled,Technical issues
9330,5877,3,18-08-2025,09-12-2025,canceled,Technical issues
9343,1576,3,18-03-2025,04-04-2025,canceled,Technical issues
9523,3966,3,09-12-2025,07-03-2026,canceled,Technical issues
9894,5695,3,06-02-2025,01-06-2025,canceled,Technical issues
9918,136,3,01-09-2025,02-10-2025,canceled,Technical issues
9944,5700,3,20-05-2025,25-07-2025,canceled,Technical issues
9952,5064,3,02-12-2025,22-02-2026,canceled,Technical issues
10245,124,3,08-10-2025,26-12-2025,canceled,Technical issues
10365,885,3,09-01-2026,02-07-2026,canceled,Technical issues
10399,6997,3,22-01-2025,12-07-2025,canceled,Technical issues
10430,3155,3,05-04-2025,23-05-2025,canceled,Technical issues
10618,6747,3,24-02-2025,10-03-2025,canceled,Technical issues
10719,7674,3,17-01-2026,27-06-2026,canceled,Technical issues
10931,1987,3,18-02-2025,09-06-2025,canceled,Technical issues
11038,3179,3,18-09-2025,06-10-2025,canceled,Technical issues
11064,7136,3,12-07-2025,19-07-2025,canceled,Technical issues
11084,6617,3,03-03-2025,10-07-2025,canceled,Technical issues
11213,6701,3,25-08-2025,14-02-2026,canceled,Technical issues
11709,5911,3,04-11-2025,30-03-2026,canceled,Technical issues
11732,6028,3,25-12-2025,21-05-2026,canceled,Technical issues
11806,6289,3,25-09-2025,17-12-2025,canceled,Technical issues
11929,6187,3,29-10-2025,07-02-2026,canceled,Technical issues
171,7672,3,15-12-2025,19-01-2026,canceled,Other
262,1089,3,04-03-2025,18-07-2025,canceled,Other
396,2558,3,30-05-2025,09-09-2025,canceled,Other
435,5527,3,16-05-2025,11-10-2025,canceled,Other
665,1506,3,01-03-2025,05-07-2025,canceled,Other
684,6778,3,27-02-2025,28-05-2025,canceled,Other
966,94,3,23-04-2025,11-08-2025,canceled,Other
1036,7788,3,05-03-2025,07-07-2025,canceled,Other
1052,5611,3,28-04-2025,20-06-2025,canceled,Other
1080,581,3,07-12-2025,24-12-2025,canceled,Other
1278,1609,3,20-09-2025,15-03-2026,canceled,Other
1325,3387,3,02-12-2025,31-03-2026,canceled,Other
1524,3229,3,08-12-2025,13-03-2026,canceled,Other
1581,4107,3,06-11-2025,16-04-2026,canceled,Other
1592,1255,3,13-07-2025,16-09-2025,canceled,Other
1884,1084,3,15-10-2025,17-11-2025,canceled,Other
1906,4646,3,23-04-2025,02-09-2025,canceled,Other
1989,4009,3,22-07-2025,22-11-2025,canceled,Other
1997,6135,3,16-02-2025,26-04-2025,canceled,Other
2322,6842,3,12-05-2025,16-10-2025,canceled,Other
2340,6905,3,14-07-2025,01-12-2025,canceled,Other
2354,6422,3,15-12-2025,29-01-2026,canceled,Other
2355,2520,3,21-10-2025,26-12-2025,canceled,Other
2448,6077,3,14-10-2025,07-11-2025,canceled,Other
2581,1687,3,09-05-2025,26-10-2025,canceled,Other
2635,7857,3,11-05-2025,18-07-2025,canceled,Other
2669,5395,3,23-08-2025,18-02-2026,canceled,Other
2827,1456,3,24-11-2025,22-12-2025,canceled,Other
2871,2720,3,24-07-2025,23-10-2025,canceled,Other
2879,701,3,02-03-2025,05-04-2025,canceled,Other
2962,6105,3,25-06-2025,18-08-2025,canceled,Other
3117,2507,3,03-11-2025,16-03-2026,canceled,Other
3368,6600,3,25-11-2025,28-04-2026,canceled,Other
3752,3729,3,04-06-2025,29-08-2025,canceled,Other
3896,931,3,07-09-2025,26-12-2025,canceled,Other
4015,5288,3,17-05-2025,30-06-2025,canceled,Other
4239,3932,3,28-06-2025,23-11-2025,canceled,Other
4542,3261,3,06-08-2025,20-08-2025,canceled,Other
4596,6498,3,22-01-2025,07-06-2025,canceled,Other
4817,1480,3,29-05-2025,18-09-2025,canceled,Other
5057,6138,3,01-06-2025,29-06-2025,canceled,Other
5066,3009,3,02-01-2025,22-01-2025,canceled,Other
5215,6485,3,25-09-2025,08-01-2026,canceled,Other
5382,286,3,17-05-2025,09-09-2025,canceled,Other
5418,908,3,06-10-2025,12-11-2025,canceled,Other
5490,3646,3,27-07-2025,13-10-2025,canceled,Other
5628,3425,3,17-06-2025,22-09-2025,canceled,Other
5730,3504,3,18-01-2026,10-07-2026,canceled,Other
5931,694,3,13-01-2026,25-01-2026,canceled,Other
6004,25,3,23-06-2025,09-09-2025,canceled,Other
6145,4717,3,04-04-2025,07-06-2025,canceled,Other
6170,4811,3,04-05-2025,17-08-2025,canceled,Other
6347,1174,3,17-09-2025,27-12-2025,canceled,Other
6378,6624,3,09-03-2025,13-07-2025,canceled,Other
6471,178,3,12-03-2025,24-06-2025,canceled,Other
6538,333,3,05-10-2025,16-11-2025,canceled,Other
6808,6743,3,03-11-2025,31-03-2026,canceled,Other
6964,754,3,15-06-2025,08-11-2025,canceled,Other
7440,3558,3,08-05-2025,01-08-2025,canceled,Other
7531,1148,3,15-06-2025,29-10-2025,canceled,Other
7540,2056,3,20-10-2025,07-11-2025,canceled,Other
7543,4663,3,17-12-2025,31-03-2026,canceled,Other
7684,1073,3,17-01-2026,08-07-2026,canceled,Other
7777,6512,3,04-07-2025,11-10-2025,canceled,Other
8003,2010,3,29-09-2025,25-03-2026,canceled,Other
8088,4873,3,02-03-2025,15-04-2025,canceled,Other
8201,5435,3,10-05-2025,02-07-2025,canceled,Other
8426,1525,3,06-03-2025,23-06-2025,canceled,Other
8742,5014,3,21-08-2025,26-10-2025,canceled,Other
8868,4178,3,14-08-2025,05-01-2026,canceled,Other
8922,1427,3,07-09-2025,24-12-2025,canceled,Other
8971,5894,3,01-12-2025,26-03-2026,canceled,Other
9027,2763,3,10-06-2025,05-11-2025,canceled,Other
9497,608,3,28-09-2025,27-02-2026,canceled,Other
9704,7789,3,24-09-2025,15-12-2025,canceled,Other
9844,4552,3,10-01-2026,16-02-2026,canceled,Other
9998,6056,3,30-09-2025,17-11-2025,canceled,Other
10029,7977,3,05-02-2025,07-07-2025,canceled,Other
10046,295,3,15-02-2025,16-07-2025,canceled,Other
10087,4878,3,23-03-2025,07-05-2025,canceled,Other
10150,7231,3,05-03-2025,22-05-2025,canceled,Other
10641,1771,3,18-02-2025,22-03-2025,canceled,Other
11014,1956,3,05-07-2025,14-11-2025,canceled,Other
11111,4248,3,06-08-2025,08-12-2025,canceled,Other
11320,4857,3,31-12-2025,29-05-2026,canceled,Other
11431,3158,3,06-09-2025,04-03-2026,canceled,Other
11441,2122,3,16-06-2025,27-07-2025,canceled,Other
11645,1275,3,20-07-2025,06-12-2025,canceled,Other
11760,485,3,06-08-2025,27-08-2025,canceled,Other
11979,5894,3,27-07-2025,29-11-2025,canceled,Other
231,4695,3,12-06-2025,19-11-2025,canceled,Not using enough
401,4424,3,08-11-2025,09-04-2026,canceled,Not using enough
541,7497,3,08-05-2025,28-09-2025,canceled,Not using enough
617,4269,3,23-06-2025,26-08-2025,canceled,Not using enough
630,3262,3,25-11-2025,11-03-2026,canceled,Not using enough
841,7993,3,23-01-2025,06-03-2025,canceled,Not using enough
923,2510,3,15-01-2025,17-02-2025,canceled,Not using enough
1307,6051,3,25-11-2025,29-04-2026,canceled,Not using enough
1362,6566,3,08-05-2025,21-06-2025,canceled,Not using enough
1422,3426,3,07-01-2025,24-05-2025,canceled,Not using enough
1427,6251,3,20-01-2025,06-06-2025,canceled,Not using enough
1541,7953,3,20-10-2025,24-12-2025,canceled,Not using enough
1611,4656,3,27-04-2025,22-07-2025,canceled,Not using enough
1697,6394,3,22-10-2025,24-11-2025,canceled,Not using enough
2701,1799,3,27-08-2025,16-10-2025,canceled,Not using enough
2768,6744,3,06-11-2025,03-02-2026,canceled,Not using enough
2886,6978,3,04-02-2025,22-05-2025,canceled,Not using enough
2968,207,3,26-11-2025,06-12-2025,canceled,Not using enough
3229,1357,3,08-04-2025,27-06-2025,canceled,Not using enough
3248,5863,3,04-07-2025,30-12-2025,canceled,Not using enough
3480,5113,3,10-01-2025,17-01-2025,canceled,Not using enough
3525,5340,3,27-05-2025,27-09-2025,canceled,Not using enough
3734,1294,3,22-09-2025,26-10-2025,canceled,Not using enough
3831,5559,3,05-09-2025,09-12-2025,canceled,Not using enough
3877,3453,3,03-06-2025,20-11-2025,canceled,Not using enough
3928,4853,3,23-03-2025,19-08-2025,canceled,Not using enough
4018,65,3,16-02-2025,15-07-2025,canceled,Not using enough
4154,4811,3,02-11-2025,29-03-2026,canceled,Not using enough
4395,1769,3,09-11-2025,03-02-2026,canceled,Not using enough
4480,5592,3,22-05-2025,05-06-2025,canceled,Not using enough
4569,4690,3,05-11-2025,04-03-2026,canceled,Not using enough
4966,4997,3,23-03-2025,10-04-2025,canceled,Not using enough
5011,6081,3,19-11-2025,17-05-2026,canceled,Not using enough
5110,5586,3,23-01-2025,15-05-2025,canceled,Not using enough
5164,5692,3,29-06-2025,25-08-2025,canceled,Not using enough
5208,2061,3,07-05-2025,27-07-2025,canceled,Not using enough
5259,2793,3,20-03-2025,24-08-2025,canceled,Not using enough
5297,684,3,05-07-2025,10-08-2025,canceled,Not using enough
5323,5487,3,05-10-2025,28-12-2025,canceled,Not using enough
5429,3852,3,25-09-2025,29-11-2025,canceled,Not using enough
5705,3747,3,16-09-2025,24-09-2025,canceled,Not using enough
5843,7849,3,16-08-2025,09-02-2026,canceled,Not using enough
5951,2389,3,16-07-2025,10-12-2025,canceled,Not using enough
5969,312,3,24-10-2025,22-03-2026,canceled,Not using enough
6025,2015,3,17-07-2025,28-11-2025,canceled,Not using enough
6071,405,3,28-08-2025,11-02-2026,canceled,Not using enough
6111,1116,3,14-06-2025,28-09-2025,canceled,Not using enough
6271,6426,3,05-01-2025,29-01-2025,canceled,Not using enough
6292,2544,3,29-10-2025,25-12-2025,canceled,Not using enough
6322,2550,3,16-09-2025,30-09-2025,canceled,Not using enough
6530,5064,3,14-05-2025,22-06-2025,canceled,Not using enough
6984,2105,3,08-04-2025,27-04-2025,canceled,Not using enough
7003,1873,3,21-06-2025,30-10-2025,canceled,Not using enough
7186,6053,3,05-03-2025,08-07-2025,canceled,Not using enough
7284,2481,3,04-07-2025,27-12-2025,canceled,Not using enough
7552,3395,3,13-05-2025,04-09-2025,canceled,Not using enough
7867,855,3,11-01-2025,30-05-2025,canceled,Not using enough
7884,6902,3,06-01-2026,19-01-2026,canceled,Not using enough
8468,267,3,25-05-2025,12-10-2025,canceled,Not using enough
8488,473,3,31-08-2025,17-02-2026,canceled,Not using enough
8758,7421,3,20-07-2025,15-08-2025,canceled,Not using enough
8802,7669,3,21-05-2025,13-06-2025,canceled,Not using enough
8886,668,3,28-08-2025,09-01-2026,canceled,Not using enough
9195,154,3,14-12-2025,21-12-2025,canceled,Not using enough
9203,3680,3,12-01-2026,06-03-2026,canceled,Not using enough
9244,2045,3,26-07-2025,30-10-2025,canceled,Not using enough
9318,1048,3,03-08-2025,03-11-2025,canceled,Not using enough
9488,247,3,05-12-2025,31-01-2026,canceled,Not using enough
9910,4078,3,23-11-2025,09-01-2026,canceled,Not using enough
9932,7391,3,06-09-2025,16-02-2026,canceled,Not using enough
10172,3290,3,29-07-2025,20-09-2025,canceled,Not using enough
10258,1245,3,11-03-2025,24-08-2025,canceled,Not using enough
10328,7699,3,06-10-2025,23-02-2026,canceled,Not using enough
10477,7655,3,22-06-2025,21-10-2025,canceled,Not using enough
10713,1876,3,27-10-2025,22-04-2026,canceled,Not using enough
10975,2329,3,11-11-2025,20-03-2026,canceled,Not using enough
11043,4418,3,12-01-2026,22-02-2026,canceled,Not using enough
11055,4961,3,21-12-2025,07-04-2026,canceled,Not using enough
11132,677,3,25-12-2025,20-01-2026,canceled,Not using enough
11541,4585,3,10-09-2025,11-01-2026,canceled,Not using enough
11601,1829,3,29-12-2025,15-04-2026,canceled,Not using enough
11611,7878,3,07-11-2025,12-01-2026,canceled,Not using enough
11712,308,3,06-01-2026,29-05-2026,canceled,Not using enough
11894,1489,3,26-01-2025,19-04-2025,canceled,Not using enough
11974,36,3,31-05-2025,17-07-2025,canceled,Not using enough
11991,3236,3,13-10-2025,23-03-2026,canceled,Not using enough
44,2080,3,30-07-2025,05-10-2025,canceled,Too expensive
147,7483,3,02-09-2025,25-12-2025,canceled,Too expensive
249,5447,3,05-08-2025,25-11-2025,canceled,Too expensive
377,5043,3,22-01-2025,16-07-2025,canceled,Too expensive
389,7427,3,16-01-2026,05-02-2026,canceled,Too expensive
412,4211,3,28-03-2025,04-06-2025,canceled,Too expensive
622,636,3,15-08-2025,29-10-2025,canceled,Too expensive
754,2773,3,15-01-2026,29-06-2026,canceled,Too expensive
1398,7678,3,09-04-2025,06-09-2025,canceled,Too expensive
1566,6662,3,05-06-2025,12-07-2025,canceled,Too expensive
1719,4681,3,29-12-2025,07-01-2026,canceled,Too expensive
2078,4623,3,22-02-2025,08-08-2025,canceled,Too expensive
2166,3434,3,14-01-2026,31-03-2026,canceled,Too expensive
2469,3111,3,03-07-2025,25-08-2025,canceled,Too expensive
2524,6731,3,25-09-2025,04-01-2026,canceled,Too expensive
2668,7719,3,10-07-2025,20-12-2025,canceled,Too expensive
2801,1607,3,25-03-2025,28-08-2025,canceled,Too expensive
3235,4840,3,04-08-2025,18-12-2025,canceled,Too expensive
3371,4214,3,11-06-2025,06-07-2025,canceled,Too expensive
3470,2887,3,26-06-2025,23-09-2025,canceled,Too expensive
3496,2723,3,24-04-2025,20-09-2025,canceled,Too expensive
3642,507,3,21-11-2025,06-03-2026,canceled,Too expensive
3774,2811,3,05-06-2025,06-09-2025,canceled,Too expensive
3991,6753,3,22-09-2025,23-01-2026,canceled,Too expensive
4169,5076,3,24-11-2025,06-02-2026,canceled,Too expensive
4183,774,3,08-01-2026,07-06-2026,canceled,Too expensive
4310,161,3,25-03-2025,24-07-2025,canceled,Too expensive
4322,6050,3,16-07-2025,24-10-2025,canceled,Too expensive
4483,522,3,04-08-2025,09-11-2025,canceled,Too expensive
4525,1616,3,30-04-2025,20-07-2025,canceled,Too expensive
4640,1299,3,20-08-2025,04-01-2026,canceled,Too expensive
4643,1688,3,26-03-2025,19-09-2025,canceled,Too expensive
4878,305,3,20-02-2025,28-05-2025,canceled,Too expensive
5246,3275,3,27-12-2025,30-05-2026,canceled,Too expensive
5271,5724,3,16-11-2025,29-03-2026,canceled,Too expensive
5341,6774,3,28-09-2025,12-10-2025,canceled,Too expensive
5405,3604,3,28-05-2025,04-09-2025,canceled,Too expensive
5801,497,3,01-10-2025,08-10-2025,canceled,Too expensive
5872,6767,3,19-11-2025,21-04-2026,canceled,Too expensive
6277,3158,3,22-01-2025,18-02-2025,canceled,Too expensive
6390,4613,3,25-06-2025,10-12-2025,canceled,Too expensive
6503,7646,3,28-07-2025,08-08-2025,canceled,Too expensive
6542,6858,3,17-09-2025,03-03-2026,canceled,Too expensive
6557,5509,3,13-06-2025,29-11-2025,canceled,Too expensive
6838,6360,3,05-12-2025,10-03-2026,canceled,Too expensive
6886,1815,3,08-11-2025,12-12-2025,canceled,Too expensive
6937,2250,3,13-01-2025,07-04-2025,canceled,Too expensive
6948,1932,3,06-10-2025,27-02-2026,canceled,Too expensive
7101,4095,3,20-03-2025,16-05-2025,canceled,Too expensive
7348,6244,3,31-08-2025,17-01-2026,canceled,Too expensive
7690,873,3,03-03-2025,11-04-2025,canceled,Too expensive
7865,708,3,22-05-2025,27-09-2025,canceled,Too expensive
7868,2084,3,10-01-2025,04-03-2025,canceled,Too expensive
7959,6775,3,28-07-2025,23-01-2026,canceled,Too expensive
7967,6471,3,14-05-2025,08-10-2025,canceled,Too expensive
8225,1485,3,31-12-2025,15-06-2026,canceled,Too expensive
8326,936,3,13-02-2025,13-05-2025,canceled,Too expensive
8395,4664,3,16-12-2025,09-01-2026,canceled,Too expensive
8486,3485,3,24-07-2025,18-09-2025,canceled,Too expensive
8530,7409,3,24-08-2025,22-01-2026,canceled,Too expensive
8579,4357,3,16-01-2025,06-05-2025,canceled,Too expensive
8736,3160,3,18-09-2025,26-10-2025,canceled,Too expensive
8791,858,3,26-09-2025,30-12-2025,canceled,Too expensive
8925,7349,3,08-10-2025,02-01-2026,canceled,Too expensive
8937,4274,3,05-05-2025,29-05-2025,canceled,Too expensive
9048,2661,3,02-02-2025,16-04-2025,canceled,Too expensive
9154,88,3,03-03-2025,25-04-2025,canceled,Too expensive
9812,3355,3,01-06-2025,17-07-2025,canceled,Too expensive
9815,2416,3,14-11-2025,24-01-2026,canceled,Too expensive
9840,1070,3,02-12-2025,22-02-2026,canceled,Too expensive
9938,2389,3,18-06-2025,05-08-2025,canceled,Too expensive
10386,6712,3,20-10-2025,04-04-2026,canceled,Too expensive
10415,5773,3,08-03-2025,10-06-2025,canceled,Too expensive
10505,6421,3,18-06-2025,14-12-2025,canceled,Too expensive
10569,2022,3,10-10-2025,19-01-2026,canceled,Too expensive
10707,2815,3,31-03-2025,05-08-2025,canceled,Too expensive
11284,2004,3,10-07-2025,18-08-2025,canceled,Too expensive
11305,4311,3,05-09-2025,12-12-2025,canceled,Too expensive
11544,7068,3,06-10-2025,27-10-2025,canceled,Too expensive
11757,5111,3,06-03-2025,11-07-2025,canceled,Too expensive
11959,1236,3,27-02-2025,13-06-2025,canceled,Too expensive
173,4995,3,10-10-2025,18-03-2026,canceled,Content not relevant
223,6065,3,09-04-2025,25-08-2025,canceled,Content not relevant
300,3965,3,11-04-2025,05-07-2025,canceled,Content not relevant
309,979,3,02-05-2025,12-09-2025,canceled,Content not relevant
755,919,3,02-10-2025,30-03-2026,canceled,Content not relevant
781,6335,3,09-01-2025,14-03-2025,canceled,Content not relevant
1108,6854,3,10-04-2025,17-07-2025,canceled,Content not relevant
1112,112,3,10-04-2025,10-09-2025,canceled,Content not relevant
1197,5,3,17-03-2025,30-06-2025,canceled,Content not relevant
1300,7452,3,13-11-2025,25-11-2025,canceled,Content not relevant
1351,5775,3,22-04-2025,23-09-2025,canceled,Content not relevant
1354,2437,3,17-10-2025,16-12-2025,canceled,Content not relevant
1359,4847,3,28-03-2025,02-08-2025,canceled,Content not relevant
1606,2933,3,11-09-2025,21-10-2025,canceled,Content not relevant
1661,6716,3,14-02-2025,28-07-2025,canceled,Content not relevant
1673,2223,3,09-03-2025,16-04-2025,canceled,Content not relevant
1918,3000,3,13-02-2025,03-07-2025,canceled,Content not relevant
1953,4274,3,17-09-2025,11-11-2025,canceled,Content not relevant
2163,5909,3,24-06-2025,15-11-2025,canceled,Content not relevant
2247,2,3,28-07-2025,12-09-2025,canceled,Content not relevant
2501,2449,3,01-01-2025,23-04-2025,canceled,Content not relevant
2599,4180,3,08-07-2025,15-09-2025,canceled,Content not relevant
2993,6068,3,18-01-2025,24-06-2025,canceled,Content not relevant
3043,1343,3,12-06-2025,19-08-2025,canceled,Content not relevant
3077,338,3,10-01-2025,21-04-2025,canceled,Content not relevant
3119,726,3,31-10-2025,07-03-2026,canceled,Content not relevant
3704,1426,3,22-05-2025,26-08-2025,canceled,Content not relevant
3742,499,3,23-04-2025,13-07-2025,canceled,Content not relevant
3819,6206,3,10-03-2025,23-05-2025,canceled,Content not relevant
4056,6500,3,04-10-2025,12-12-2025,canceled,Content not relevant
4173,1800,3,26-06-2025,22-11-2025,canceled,Content not relevant
4329,5125,3,17-04-2025,24-07-2025,canceled,Content not relevant
4442,858,3,06-06-2025,04-10-2025,canceled,Content not relevant
4534,6122,3,29-10-2025,22-01-2026,canceled,Content not relevant
4541,2106,3,22-10-2025,09-03-2026,canceled,Content not relevant
4577,3248,3,05-11-2025,26-02-2026,canceled,Content not relevant
4631,7852,3,22-06-2025,06-11-2025,canceled,Content not relevant
4708,1815,3,24-10-2025,17-02-2026,canceled,Content not relevant
4869,2994,3,14-07-2025,27-12-2025,canceled,Content not relevant
4962,3363,3,18-04-2025,30-09-2025,canceled,Content not relevant
5049,6408,3,27-03-2025,13-09-2025,canceled,Content not relevant
5112,890,3,14-07-2025,24-08-2025,canceled,Content not relevant
5134,5183,3,23-02-2025,02-07-2025,canceled,Content not relevant
5504,3754,3,01-08-2025,28-09-2025,canceled,Content not relevant
5591,6024,3,23-07-2025,09-12-2025,canceled,Content not relevant
5778,3147,3,08-10-2025,30-11-2025,canceled,Content not relevant
5847,508,3,16-07-2025,06-09-2025,canceled,Content not relevant
5860,6623,3,03-06-2025,03-07-2025,canceled,Content not relevant
6081,1535,3,14-06-2025,07-12-2025,canceled,Content not relevant
6099,5087,3,17-06-2025,27-06-2025,canceled,Content not relevant
6257,4637,3,26-09-2025,24-10-2025,canceled,Content not relevant
6760,1613,3,20-03-2025,18-08-2025,canceled,Content not relevant
6907,535,3,20-03-2025,13-07-2025,canceled,Content not relevant
7038,5418,3,17-05-2025,11-08-2025,canceled,Content not relevant
7124,2807,3,07-08-2025,02-12-2025,canceled,Content not relevant
7345,3741,3,13-05-2025,07-10-2025,canceled,Content not relevant
7539,6223,3,22-06-2025,29-06-2025,canceled,Content not relevant
7921,2070,3,23-12-2025,19-02-2026,canceled,Content not relevant
8048,4087,3,14-03-2025,02-04-2025,canceled,Content not relevant
8080,415,3,13-09-2025,28-09-2025,canceled,Content not relevant
8240,2967,3,29-06-2025,09-08-2025,canceled,Content not relevant
8267,500,3,28-12-2025,10-06-2026,canceled,Content not relevant
8286,5255,3,13-04-2025,19-05-2025,canceled,Content not relevant
8477,5357,3,06-11-2025,20-04-2026,canceled,Content not relevant
8600,1510,3,04-01-2026,22-05-2026,canceled,Content not relevant
8646,535,3,13-05-2025,24-06-2025,canceled,Content not relevant
8714,1617,3,25-03-2025,09-07-2025,canceled,Content not relevant
8812,5587,3,12-05-2025,23-06-2025,canceled,Content not relevant
8875,6586,3,08-10-2025,18-01-2026,canceled,Content not relevant
8892,4791,3,11-06-2025,20-10-2025,canceled,Content not relevant
8924,6810,3,05-12-2025,08-03-2026,canceled,Content not relevant
9349,3562,3,08-03-2025,29-03-2025,canceled,Content not relevant
9399,3556,3,27-01-2025,22-07-2025,canceled,Content not relevant
9425,7863,3,14-06-2025,14-08-2025,canceled,Content not relevant
9432,7301,3,07-12-2025,11-04-2026,canceled,Content not relevant
9478,6074,3,03-01-2025,03-05-2025,canceled,Content not relevant
9602,2346,3,07-02-2025,04-05-2025,canceled,Content not relevant
10024,597,3,06-01-2026,02-02-2026,canceled,Content not relevant
10155,4754,3,08-08-2025,25-08-2025,canceled,Content not relevant
10366,6782,3,31-08-2025,05-12-2025,canceled,Content not relevant
10565,7294,3,08-06-2025,03-11-2025,canceled,Content not relevant
10818,6971,3,11-04-2025,15-08-2025,canceled,Content not relevant
10941,6317,3,24-02-2025,21-03-2025,canceled,Content not relevant
10974,1740,3,29-04-2025,24-08-2025,canceled,Content not relevant
11007,3018,3,17-12-2025,22-03-2026,canceled,Content not relevant
11012,5113,3,07-04-2025,02-05-2025,canceled,Content not relevant
11133,5695,3,01-08-2025,08-10-2025,canceled,Content not relevant
11370,5469,3,06-03-2025,02-08-2025,canceled,Content not relevant
11457,4076,3,07-04-2025,20-07-2025,canceled,Content not relevant
11720,5499,3,20-08-2025,01-01-2026,canceled,Content not relevant
11763,2239,3,30-06-2025,28-11-2025,canceled,Content not relevant
11857,995,3,16-05-2025,27-10-2025,canceled,Content not relevant
439,5304,3,07-06-2025,23-07-2025,canceled,Found alternative
457,1373,3,22-10-2025,25-03-2026,canceled,Found alternative
493,7489,3,09-09-2025,24-12-2025,canceled,Found alternative
570,4281,3,24-04-2025,03-08-2025,canceled,Found alternative
587,2415,3,08-12-2025,13-02-2026,canceled,Found alternative
854,1423,3,14-10-2025,07-12-2025,canceled,Found alternative
868,4579,3,24-11-2025,03-01-2026,canceled,Found alternative
884,5796,3,12-10-2025,14-02-2026,canceled,Found alternative
908,6052,3,08-05-2025,24-09-2025,canceled,Found alternative
910,7215,3,29-03-2025,14-09-2025,canceled,Found alternative
960,4096,3,11-09-2025,09-01-2026,canceled,Found alternative
1195,6743,3,10-10-2025,11-11-2025,canceled,Found alternative
1276,1785,3,07-07-2025,19-07-2025,canceled,Found alternative
1292,402,3,15-05-2025,19-08-2025,canceled,Found alternative
1523,7780,3,09-05-2025,02-10-2025,canceled,Found alternative
1703,2052,3,07-02-2025,18-03-2025,canceled,Found alternative
1925,651,3,22-08-2025,14-12-2025,canceled,Found alternative
2084,2177,3,19-04-2025,23-06-2025,canceled,Found alternative
2151,5726,3,04-09-2025,10-11-2025,canceled,Found alternative
2190,4184,3,24-05-2025,06-08-2025,canceled,Found alternative
2299,2950,3,06-04-2025,18-08-2025,canceled,Found alternative
2377,7747,3,05-08-2025,22-08-2025,canceled,Found alternative
2438,5797,3,21-08-2025,24-09-2025,canceled,Found alternative
2595,7062,3,02-02-2025,09-04-2025,canceled,Found alternative
3053,4389,3,01-02-2025,17-03-2025,canceled,Found alternative
3055,4612,3,19-08-2025,04-12-2025,canceled,Found alternative
3149,1445,3,27-02-2025,01-05-2025,canceled,Found alternative
3657,2546,3,27-06-2025,27-10-2025,canceled,Found alternative
3687,6947,3,11-11-2025,19-03-2026,canceled,Found alternative
3841,760,3,08-01-2026,28-03-2026,canceled,Found alternative
3879,1243,3,10-05-2025,18-07-2025,canceled,Found alternative
3889,2848,3,26-03-2025,05-04-2025,canceled,Found alternative
3942,5125,3,31-01-2025,18-05-2025,canceled,Found alternative
3952,3097,3,17-05-2025,14-06-2025,canceled,Found alternative
4081,4128,3,04-07-2025,07-10-2025,canceled,Found alternative
4113,4399,3,13-07-2025,22-12-2025,canceled,Found alternative
4188,3732,3,12-02-2025,26-07-2025,canceled,Found alternative
4206,7043,3,03-02-2025,18-07-2025,canceled,Found alternative
4286,5334,3,31-08-2025,20-11-2025,canceled,Found alternative
4295,2829,3,30-11-2025,17-02-2026,canceled,Found alternative
4348,7779,3,29-01-2025,27-03-2025,canceled,Found alternative
4372,7729,3,07-12-2025,05-03-2026,canceled,Found alternative
4448,6830,3,11-12-2025,22-01-2026,canceled,Found alternative
4508,2140,3,29-01-2025,22-05-2025,canceled,Found alternative
4715,3940,3,24-04-2025,09-09-2025,canceled,Found alternative
4731,5263,3,08-09-2025,23-09-2025,canceled,Found alternative
4767,2423,3,11-07-2025,23-08-2025,canceled,Found alternative
4793,3520,3,29-08-2025,05-10-2025,canceled,Found alternative
5169,4837,3,13-08-2025,01-11-2025,canceled,Found alternative
5187,5925,3,27-09-2025,10-12-2025,canceled,Found alternative
5218,4782,3,05-06-2025,23-08-2025,canceled,Found alternative
5242,6468,3,02-06-2025,13-07-2025,canceled,Found alternative
5391,4063,3,02-06-2025,02-10-2025,canceled,Found alternative
5583,2522,3,05-08-2025,20-09-2025,canceled,Found alternative
5819,1049,3,18-05-2025,13-10-2025,canceled,Found alternative
5953,5858,3,02-09-2025,22-12-2025,canceled,Found alternative
5998,1531,3,28-12-2025,18-02-2026,canceled,Found alternative
6091,7593,3,12-11-2025,29-12-2025,canceled,Found alternative
6275,4062,3,13-03-2025,03-07-2025,canceled,Found alternative
6309,3426,3,21-05-2025,10-06-2025,canceled,Found alternative
6369,6685,3,22-07-2025,20-10-2025,canceled,Found alternative
6678,6996,3,12-07-2025,15-10-2025,canceled,Found alternative
6888,4964,3,25-02-2025,25-07-2025,canceled,Found alternative
6912,1120,3,23-04-2025,03-07-2025,canceled,Found alternative
7176,4826,3,10-03-2025,27-07-2025,canceled,Found alternative
7271,5758,3,20-08-2025,19-11-2025,canceled,Found alternative
7748,1088,3,25-01-2025,24-02-2025,canceled,Found alternative
7770,6097,3,12-04-2025,24-04-2025,canceled,Found alternative
7836,7392,3,25-09-2025,09-03-2026,canceled,Found alternative
7882,1152,3,17-04-2025,28-05-2025,canceled,Found alternative
7982,7875,3,02-08-2025,09-10-2025,canceled,Found alternative
8141,5455,3,08-01-2026,01-05-2026,canceled,Found alternative
8231,1161,3,22-09-2025,14-12-2025,canceled,Found alternative
8320,7670,3,06-01-2025,19-01-2025,canceled,Found alternative
8499,2123,3,13-12-2025,17-04-2026,canceled,Found alternative
8567,6028,3,24-08-2025,16-12-2025,canceled,Found alternative
8621,2613,3,16-06-2025,25-10-2025,canceled,Found alternative
9056,5344,3,02-04-2025,10-08-2025,canceled,Found alternative
9289,3119,3,18-09-2025,10-11-2025,canceled,Found alternative
9439,4589,3,16-10-2025,28-11-2025,canceled,Found alternative
9536,1958,3,28-01-2025,11-06-2025,canceled,Found alternative
9713,975,3,10-11-2025,24-03-2026,canceled,Found alternative
9780,7466,3,24-05-2025,23-09-2025,canceled,Found alternative
9858,6616,3,08-09-2025,22-12-2025,canceled,Found alternative
9912,2611,3,23-09-2025,21-01-2026,canceled,Found alternative
10202,22,3,05-03-2025,10-04-2025,canceled,Found alternative
10225,2330,3,07-11-2025,04-04-2026,canceled,Found alternative
10226,7981,3,07-10-2025,14-10-2025,canceled,Found alternative
10356,5257,3,06-06-2025,06-11-2025,canceled,Found alternative
10504,7357,3,09-08-2025,11-11-2025,canceled,Found alternative
10666,3112,3,06-06-2025,28-08-2025,canceled,Found alternative
10702,2369,3,19-03-2025,13-06-2025,canceled,Found alternative
10739,774,3,29-09-2025,12-02-2026,canceled,Found alternative
11004,1002,3,15-12-2025,11-03-2026,canceled,Found alternative
11277,3944,3,05-07-2025,04-12-2025,canceled,Found alternative
11465,612,3,18-01-2025,20-04-2025,canceled,Found alternative
11493,587,3,22-02-2025,14-05-2025,canceled,Found alternative
11563,543,3,08-03-2025,22-07-2025,canceled,Found alternative
11657,5187,3,23-07-2025,14-01-2026,canceled,Found alternative
11679,1178,3,13-01-2026,14-05-2026,canceled,Found alternative
11889,4913,3,17-03-2025,06-09-2025,canceled,Found alternative
201,5234,2,27-01-2025,22-07-2025,canceled,Other
233,7776,2,07-09-2025,26-02-2026,canceled,Other
381,4714,2,06-02-2025,18-03-2025,canceled,Other
463,1695,2,11-09-2025,09-01-2026,canceled,Other
544,1443,2,08-11-2025,26-12-2025,canceled,Other
598,5671,2,20-08-2025,23-10-2025,canceled,Other
777,6756,2,10-02-2025,08-03-2025,canceled,Other
943,2561,2,29-12-2025,19-05-2026,canceled,Other
957,2380,2,16-06-2025,05-09-2025,canceled,Other
1011,4677,2,21-07-2025,19-11-2025,canceled,Other
1021,6890,2,28-12-2025,16-03-2026,canceled,Other
1078,7902,2,12-06-2025,26-06-2025,canceled,Other
1084,4542,2,27-04-2025,19-09-2025,canceled,Other
1187,6900,2,02-01-2026,05-03-2026,canceled,Other
1235,6359,2,07-05-2025,14-06-2025,canceled,Other
1370,758,2,24-06-2025,11-12-2025,canceled,Other
1482,4440,2,18-02-2025,03-04-2025,canceled,Other
1577,5656,2,05-10-2025,31-10-2025,canceled,Other
1585,263,2,29-11-2025,14-04-2026,canceled,Other
1664,7632,2,19-08-2025,17-11-2025,canceled,Other
2091,6392,2,20-04-2025,10-09-2025,canceled,Other
2253,7101,2,05-01-2026,26-06-2026,canceled,Other
2263,2768,2,25-11-2025,18-02-2026,canceled,Other
2373,265,2,06-10-2025,20-11-2025,canceled,Other
2752,3675,2,07-01-2026,22-03-2026,canceled,Other
2795,7162,2,14-09-2025,07-12-2025,canceled,Other
3023,1073,2,17-11-2025,14-12-2025,canceled,Other
3135,2512,2,12-09-2025,22-09-2025,canceled,Other
3200,6106,2,21-10-2025,13-11-2025,canceled,Other
3225,598,2,08-04-2025,22-06-2025,canceled,Other
3592,1438,2,07-05-2025,15-07-2025,canceled,Other
3756,7659,2,10-11-2025,07-04-2026,canceled,Other
4178,480,2,02-06-2025,23-09-2025,canceled,Other
4276,1825,2,04-03-2025,27-07-2025,canceled,Other
4407,4681,2,04-07-2025,16-09-2025,canceled,Other
4657,1073,2,24-07-2025,07-08-2025,canceled,Other
5030,6147,2,25-03-2025,26-06-2025,canceled,Other
5115,1857,2,08-03-2025,22-08-2025,canceled,Other
5219,6924,2,09-08-2025,26-09-2025,canceled,Other
5265,6498,2,02-03-2025,22-04-2025,canceled,Other
5560,3127,2,02-02-2025,19-07-2025,canceled,Other
5614,4262,2,10-04-2025,24-05-2025,canceled,Other
5624,772,2,06-01-2026,04-05-2026,canceled,Other
5683,5364,2,03-01-2025,21-03-2025,canceled,Other
5922,3501,2,04-06-2025,29-08-2025,canceled,Other
5978,4345,2,02-11-2025,25-04-2026,canceled,Other
6062,5630,2,16-07-2025,07-08-2025,canceled,Other
6136,1601,2,21-09-2025,23-02-2026,canceled,Other
6427,7827,2,08-07-2025,04-11-2025,canceled,Other
6458,1230,2,17-07-2025,13-12-2025,canceled,Other
7067,2442,2,09-01-2025,07-05-2025,canceled,Other
7116,1053,2,08-12-2025,13-03-2026,canceled,Other
7181,30,2,18-03-2025,21-04-2025,canceled,Other
7197,1667,2,04-11-2025,21-04-2026,canceled,Other
7242,3993,2,21-11-2025,04-02-2026,canceled,Other
7771,5917,2,25-07-2025,13-11-2025,canceled,Other
7782,1107,2,04-04-2025,07-06-2025,canceled,Other
8042,4413,2,26-02-2025,15-04-2025,canceled,Other
8056,7105,2,05-01-2025,15-03-2025,canceled,Other
8218,5644,2,17-06-2025,06-11-2025,canceled,Other
8268,4248,2,12-05-2025,28-08-2025,canceled,Other
8421,2719,2,30-08-2025,11-09-2025,canceled,Other
8494,2502,2,19-04-2025,11-07-2025,canceled,Other
8590,206,2,11-01-2026,29-04-2026,canceled,Other
8656,7206,2,23-04-2025,11-08-2025,canceled,Other
8701,1559,2,04-01-2026,19-06-2026,canceled,Other
8731,1398,2,28-11-2025,19-01-2026,canceled,Other
9054,7348,2,29-12-2025,01-04-2026,canceled,Other
9214,6771,2,13-07-2025,29-09-2025,canceled,Other
9314,2872,2,16-11-2025,14-02-2026,canceled,Other
9400,6697,2,04-11-2025,01-04-2026,canceled,Other
9617,1668,2,07-07-2025,13-09-2025,canceled,Other
9725,2025,2,12-06-2025,07-10-2025,canceled,Other
9864,6609,2,01-06-2025,04-08-2025,canceled,Other
9892,6549,2,25-06-2025,06-12-2025,canceled,Other
9959,5030,2,27-04-2025,06-08-2025,canceled,Other
9977,6395,2,30-06-2025,01-12-2025,canceled,Other
10019,2605,2,11-05-2025,20-09-2025,canceled,Other
10069,6457,2,18-06-2025,15-10-2025,canceled,Other
10077,1195,2,05-12-2025,18-04-2026,canceled,Other
10166,7914,2,03-03-2025,05-05-2025,canceled,Other
10511,3104,2,10-07-2025,17-08-2025,canceled,Other
10645,6293,2,23-06-2025,03-07-2025,canceled,Other
10663,5102,2,16-12-2025,07-02-2026,canceled,Other
10825,4413,2,26-04-2025,06-06-2025,canceled,Other
10846,7339,2,21-07-2025,14-01-2026,canceled,Other
10957,4525,2,16-05-2025,17-06-2025,canceled,Other
11197,4960,2,13-07-2025,21-07-2025,canceled,Other
11304,568,2,28-09-2025,30-12-2025,canceled,Other
11470,498,2,30-11-2025,09-05-2026,canceled,Other
11553,7894,2,12-12-2025,23-01-2026,canceled,Other
11678,6329,2,22-05-2025,15-11-2025,canceled,Other
11689,5814,2,11-02-2025,05-07-2025,canceled,Other
11701,7957,2,03-11-2025,17-03-2026,canceled,Other
11744,3901,2,14-10-2025,31-01-2026,canceled,Other
11941,2583,2,13-01-2026,27-02-2026,canceled,Other
11950,6136,2,03-06-2025,01-11-2025,canceled,Other
11956,6775,2,04-01-2026,25-06-2026,canceled,Other
163,4656,2,05-08-2025,26-10-2025,canceled,Not using enough
236,1241,2,09-07-2025,07-10-2025,canceled,Not using enough
659,6156,2,22-12-2025,07-02-2026,canceled,Not using enough
1008,5930,2,28-06-2025,15-12-2025,canceled,Not using enough
1040,6865,2,20-11-2025,05-01-2026,canceled,Not using enough
1099,7845,2,25-03-2025,08-05-2025,canceled,Not using enough
1367,6863,2,18-05-2025,01-09-2025,canceled,Not using enough
1378,6367,2,26-09-2025,07-10-2025,canceled,Not using enough
1542,5790,2,08-09-2025,31-10-2025,canceled,Not using enough
1543,5359,2,13-04-2025,17-09-2025,canceled,Not using enough
1627,5773,2,02-11-2025,10-11-2025,canceled,Not using enough
1639,7220,2,09-01-2025,04-03-2025,canceled,Not using enough
1910,7187,2,30-05-2025,14-11-2025,canceled,Not using enough
1929,2818,2,17-08-2025,26-08-2025,canceled,Not using enough
2050,2097,2,06-01-2025,24-02-2025,canceled,Not using enough
2126,7875,2,29-12-2025,30-01-2026,canceled,Not using enough
2145,4082,2,09-02-2025,16-05-2025,canceled,Not using enough
2275,4283,2,14-10-2025,23-12-2025,canceled,Not using enough
2404,7459,2,23-05-2025,18-10-2025,canceled,Not using enough
2745,5929,2,05-12-2025,22-02-2026,canceled,Not using enough
2790,3146,2,01-08-2025,06-12-2025,canceled,Not using enough
2926,5832,2,26-01-2025,01-03-2025,canceled,Not using enough
3183,5613,2,13-03-2025,17-05-2025,canceled,Not using enough
3293,404,2,19-04-2025,16-06-2025,canceled,Not using enough
3298,2066,2,22-11-2025,02-02-2026,canceled,Not using enough
3370,3541,2,06-10-2025,17-01-2026,canceled,Not using enough
3501,1807,2,30-06-2025,24-09-2025,canceled,Not using enough
3604,4311,2,12-06-2025,07-12-2025,canceled,Not using enough
3606,2542,2,20-04-2025,09-05-2025,canceled,Not using enough
3744,487,2,24-08-2025,01-11-2025,canceled,Not using enough
3941,7701,2,06-11-2025,17-03-2026,canceled,Not using enough
4038,6304,2,25-05-2025,07-06-2025,canceled,Not using enough
4380,5214,2,18-09-2025,08-12-2025,canceled,Not using enough
4746,7401,2,25-04-2025,26-09-2025,canceled,Not using enough
4750,7269,2,31-07-2025,29-09-2025,canceled,Not using enough
5121,7218,2,26-01-2025,31-03-2025,canceled,Not using enough
5152,3832,2,24-02-2025,05-04-2025,canceled,Not using enough
5580,347,2,02-11-2025,20-03-2026,canceled,Not using enough
5743,2039,2,31-07-2025,26-01-2026,canceled,Not using enough
5793,3553,2,09-01-2025,29-04-2025,canceled,Not using enough
5826,7380,2,19-11-2025,22-04-2026,canceled,Not using enough
6132,212,2,25-01-2025,23-06-2025,canceled,Not using enough
6470,5769,2,27-10-2025,22-01-2026,canceled,Not using enough
6574,5645,2,27-12-2025,30-01-2026,canceled,Not using enough
6870,2041,2,15-10-2025,01-11-2025,canceled,Not using enough
7161,464,2,08-11-2025,28-12-2025,canceled,Not using enough
7236,3154,2,24-12-2025,27-04-2026,canceled,Not using enough
7379,2899,2,15-02-2025,13-07-2025,canceled,Not using enough
7409,2887,2,11-07-2025,12-10-2025,canceled,Not using enough
7444,2273,2,01-05-2025,30-06-2025,canceled,Not using enough
7617,4562,2,10-11-2025,13-04-2026,canceled,Not using enough
7629,6643,2,19-05-2025,23-06-2025,canceled,Not using enough
7657,5255,2,30-07-2025,04-10-2025,canceled,Not using enough
7733,764,2,20-11-2025,10-12-2025,canceled,Not using enough
7838,3659,2,23-09-2025,11-10-2025,canceled,Not using enough
7858,5802,2,04-10-2025,21-12-2025,canceled,Not using enough
8018,4893,2,30-05-2025,25-09-2025,canceled,Not using enough
8055,5016,2,17-09-2025,01-11-2025,canceled,Not using enough
8079,5438,2,05-05-2025,17-10-2025,canceled,Not using enough
8117,5891,2,11-01-2026,27-05-2026,canceled,Not using enough
8156,303,2,12-02-2025,18-03-2025,canceled,Not using enough
8828,2268,2,29-04-2025,05-08-2025,canceled,Not using enough
8829,6272,2,21-04-2025,11-08-2025,canceled,Not using enough
8883,5250,2,30-10-2025,16-01-2026,canceled,Not using enough
8905,4784,2,12-03-2025,21-08-2025,canceled,Not using enough
8947,6939,2,15-04-2025,06-09-2025,canceled,Not using enough
8995,6689,2,23-09-2025,17-12-2025,canceled,Not using enough
9021,3229,2,08-03-2025,31-03-2025,canceled,Not using enough
9297,6702,2,12-01-2026,03-02-2026,canceled,Not using enough
9444,2114,2,16-01-2025,14-07-2025,canceled,Not using enough
9450,6656,2,16-06-2025,31-08-2025,canceled,Not using enough
9517,782,2,24-09-2025,21-03-2026,canceled,Not using enough
9808,809,2,25-06-2025,26-11-2025,canceled,Not using enough
9936,53,2,26-08-2025,08-01-2026,canceled,Not using enough
9965,1062,2,24-10-2025,29-11-2025,canceled,Not using enough
10035,917,2,24-04-2025,11-09-2025,canceled,Not using enough
10262,2131,2,01-05-2025,14-05-2025,canceled,Not using enough
10306,1133,2,10-09-2025,01-02-2026,canceled,Not using enough
10428,2370,2,13-06-2025,28-08-2025,canceled,Not using enough
10516,6129,2,18-06-2025,20-09-2025,canceled,Not using enough
10581,6799,2,13-05-2025,19-07-2025,canceled,Not using enough
10684,3546,2,09-03-2025,25-04-2025,canceled,Not using enough
10848,5531,2,10-03-2025,06-04-2025,canceled,Not using enough
10927,2830,2,12-12-2025,12-01-2026,canceled,Not using enough
10955,769,2,13-01-2025,17-05-2025,canceled,Not using enough
11170,6139,2,16-02-2025,08-03-2025,canceled,Not using enough
11211,1745,2,18-06-2025,31-10-2025,canceled,Not using enough
11266,6603,2,05-02-2025,26-05-2025,canceled,Not using enough
11535,4645,2,19-07-2025,30-11-2025,canceled,Not using enough
11630,7162,2,25-07-2025,08-11-2025,canceled,Not using enough
11717,5747,2,16-01-2026,19-04-2026,canceled,Not using enough
11742,6531,2,23-05-2025,12-06-2025,canceled,Not using enough
11984,2172,2,04-12-2025,08-01-2026,canceled,Not using enough
80,592,2,22-04-2025,17-07-2025,canceled,Too expensive
259,3293,2,29-03-2025,01-07-2025,canceled,Too expensive
335,2390,2,24-10-2025,09-03-2026,canceled,Too expensive
442,7267,2,14-11-2025,21-03-2026,canceled,Too expensive
514,2767,2,19-09-2025,17-10-2025,canceled,Too expensive
751,5386,2,28-01-2025,21-02-2025,canceled,Too expensive
1060,7563,2,25-06-2025,23-08-2025,canceled,Too expensive
1387,3682,2,05-06-2025,09-08-2025,canceled,Too expensive
1572,5076,2,19-12-2025,01-01-2026,canceled,Too expensive
1828,6172,2,18-11-2025,18-03-2026,canceled,Too expensive
1863,6680,2,31-01-2025,17-07-2025,canceled,Too expensive
1933,7701,2,18-12-2025,11-06-2026,canceled,Too expensive
2201,6508,2,31-12-2025,21-06-2026,canceled,Too expensive
2261,595,2,07-12-2025,19-05-2026,canceled,Too expensive
2313,3987,2,13-08-2025,14-10-2025,canceled,Too expensive
2709,4822,2,25-02-2025,11-05-2025,canceled,Too expensive
2742,2480,2,11-05-2025,30-07-2025,canceled,Too expensive
2836,4296,2,30-12-2025,21-05-2026,canceled,Too expensive
2933,1336,2,23-01-2025,28-05-2025,canceled,Too expensive
3140,5102,2,10-11-2025,18-01-2026,canceled,Too expensive
3316,4218,2,16-03-2025,13-04-2025,canceled,Too expensive
3503,2248,2,11-01-2025,04-02-2025,canceled,Too expensive
3509,5340,2,16-10-2025,04-11-2025,canceled,Too expensive
3537,1877,2,19-12-2025,12-02-2026,canceled,Too expensive
3564,91,2,22-12-2025,04-02-2026,canceled,Too expensive
3574,1917,2,06-12-2025,05-05-2026,canceled,Too expensive
3816,1610,2,04-06-2025,05-11-2025,canceled,Too expensive
3839,5322,2,20-07-2025,26-08-2025,canceled,Too expensive
4258,7087,2,25-03-2025,30-05-2025,canceled,Too expensive
4370,6767,2,02-12-2025,06-05-2026,canceled,Too expensive
4383,3988,2,24-01-2025,20-03-2025,canceled,Too expensive
4391,425,2,07-03-2025,22-03-2025,canceled,Too expensive
4393,2587,2,06-04-2025,30-08-2025,canceled,Too expensive
4435,1233,2,06-05-2025,23-06-2025,canceled,Too expensive
4594,1759,2,09-05-2025,18-05-2025,canceled,Too expensive
5096,3531,2,08-06-2025,10-08-2025,canceled,Too expensive
5241,4486,2,20-04-2025,18-05-2025,canceled,Too expensive
5378,1687,2,22-06-2025,12-07-2025,canceled,Too expensive
5467,5313,2,05-11-2025,19-12-2025,canceled,Too expensive
5694,619,2,08-10-2025,19-02-2026,canceled,Too expensive
5744,7623,2,01-03-2025,14-03-2025,canceled,Too expensive
5779,3698,2,12-01-2026,15-03-2026,canceled,Too expensive
5876,2611,2,25-10-2025,25-03-2026,canceled,Too expensive
6203,4207,2,04-04-2025,03-05-2025,canceled,Too expensive
6403,4543,2,07-05-2025,14-10-2025,canceled,Too expensive
6428,718,2,09-05-2025,05-07-2025,canceled,Too expensive
6622,4258,2,07-11-2025,06-12-2025,canceled,Too expensive
6848,4853,2,28-10-2025,03-04-2026,canceled,Too expensive
6887,3300,2,11-10-2025,18-12-2025,canceled,Too expensive
6910,213,2,09-06-2025,31-10-2025,canceled,Too expensive
7098,7037,2,31-07-2025,23-10-2025,canceled,Too expensive
7178,3829,2,06-09-2025,14-11-2025,canceled,Too expensive
7326,3585,2,22-04-2025,30-04-2025,canceled,Too expensive
7390,3351,2,01-08-2025,12-08-2025,canceled,Too expensive
7660,3023,2,09-04-2025,23-05-2025,canceled,Too expensive
7786,2940,2,21-03-2025,08-05-2025,canceled,Too expensive
7800,7588,2,06-05-2025,23-09-2025,canceled,Too expensive
8208,1636,2,29-03-2025,14-09-2025,canceled,Too expensive
8278,2648,2,17-12-2025,26-12-2025,canceled,Too expensive
8298,5210,2,05-10-2025,12-12-2025,canceled,Too expensive
8411,3793,2,07-02-2025,03-05-2025,canceled,Too expensive
8631,7171,2,16-08-2025,08-10-2025,canceled,Too expensive
8878,595,2,26-05-2025,24-08-2025,canceled,Too expensive
9166,2070,2,25-05-2025,26-08-2025,canceled,Too expensive
9398,331,2,22-06-2025,04-07-2025,canceled,Too expensive
9734,3262,2,21-10-2025,16-03-2026,canceled,Too expensive
9818,1393,2,08-07-2025,15-12-2025,canceled,Too expensive
10015,7219,2,22-12-2025,29-04-2026,canceled,Too expensive
10239,1897,2,26-05-2025,07-07-2025,canceled,Too expensive
10308,2497,2,15-11-2025,26-03-2026,canceled,Too expensive
10400,5882,2,07-04-2025,07-09-2025,canceled,Too expensive
10496,4761,2,01-06-2025,11-07-2025,canceled,Too expensive
10587,5905,2,25-08-2025,19-12-2025,canceled,Too expensive
10647,404,2,05-06-2025,10-09-2025,canceled,Too expensive
10655,2705,2,27-03-2025,07-08-2025,canceled,Too expensive
10734,4752,2,16-07-2025,04-10-2025,canceled,Too expensive
10829,7486,2,24-04-2025,27-08-2025,canceled,Too expensive
10908,6038,2,27-05-2025,15-08-2025,canceled,Too expensive
10943,6768,2,13-07-2025,16-11-2025,canceled,Too expensive
11037,211,2,27-02-2025,10-06-2025,canceled,Too expensive
11077,6594,2,16-11-2025,28-04-2026,canceled,Too expensive
11200,3539,2,17-08-2025,30-09-2025,canceled,Too expensive
11271,3172,2,10-04-2025,05-05-2025,canceled,Too expensive
11298,3496,2,22-03-2025,01-08-2025,canceled,Too expensive
11353,7984,2,06-10-2025,13-12-2025,canceled,Too expensive
11510,7378,2,29-03-2025,24-04-2025,canceled,Too expensive
11605,7382,2,28-10-2025,13-01-2026,canceled,Too expensive
11721,7211,2,17-05-2025,31-07-2025,canceled,Too expensive
11739,2525,2,25-08-2025,22-09-2025,canceled,Too expensive
11766,982,2,22-04-2025,20-09-2025,canceled,Too expensive
11824,7386,2,14-01-2025,06-04-2025,canceled,Too expensive
11909,5656,2,27-08-2025,07-12-2025,canceled,Too expensive
21,7886,2,13-05-2025,03-10-2025,canceled,Technical issues
33,7402,2,08-07-2025,14-08-2025,canceled,Technical issues
64,1934,2,16-10-2025,30-12-2025,canceled,Technical issues
82,2745,2,09-05-2025,17-07-2025,canceled,Technical issues
89,2453,2,01-10-2025,18-02-2026,canceled,Technical issues
593,3875,2,20-05-2025,17-06-2025,canceled,Technical issues
633,3359,2,02-02-2025,15-02-2025,canceled,Technical issues
680,177,2,25-10-2025,11-02-2026,canceled,Technical issues
744,616,2,03-08-2025,19-01-2026,canceled,Technical issues
775,6353,2,18-07-2025,03-08-2025,canceled,Technical issues
814,2747,2,06-01-2025,12-05-2025,canceled,Technical issues
1368,1611,2,17-12-2025,11-04-2026,canceled,Technical issues
1401,7948,2,20-05-2025,17-09-2025,canceled,Technical issues
1558,5946,2,07-05-2025,11-08-2025,canceled,Technical issues
1591,454,2,16-03-2025,10-07-2025,canceled,Technical issues
1616,6037,2,11-06-2025,29-08-2025,canceled,Technical issues
2032,327,2,13-07-2025,23-08-2025,canceled,Technical issues
2408,4536,2,18-06-2025,11-07-2025,canceled,Technical issues
2698,928,2,16-02-2025,30-05-2025,canceled,Technical issues
2839,6019,2,01-01-2025,04-03-2025,canceled,Technical issues
2953,5249,2,29-12-2025,20-03-2026,canceled,Technical issues
3159,6525,2,17-05-2025,30-05-2025,canceled,Technical issues
3173,3620,2,10-03-2025,08-08-2025,canceled,Technical issues
3276,1584,2,11-08-2025,06-11-2025,canceled,Technical issues
3289,4299,2,04-05-2025,05-07-2025,canceled,Technical issues
3318,1095,2,18-10-2025,09-02-2026,canceled,Technical issues
3454,3363,2,14-02-2025,13-05-2025,canceled,Technical issues
3566,2436,2,26-01-2025,17-03-2025,canceled,Technical issues
3628,1560,2,19-02-2025,01-04-2025,canceled,Technical issues
3790,4328,2,14-03-2025,13-07-2025,canceled,Technical issues
3822,199,2,26-05-2025,06-10-2025,canceled,Technical issues
3838,1634,2,21-07-2025,09-09-2025,canceled,Technical issues
4020,6596,2,04-12-2025,05-02-2026,canceled,Technical issues
4179,6427,2,30-10-2025,11-01-2026,canceled,Technical issues
4259,7736,2,01-08-2025,16-12-2025,canceled,Technical issues
4430,4468,2,04-01-2026,21-06-2026,canceled,Technical issues
4492,501,2,21-12-2025,06-05-2026,canceled,Technical issues
4695,6475,2,07-12-2025,17-01-2026,canceled,Technical issues
4770,7005,2,29-04-2025,14-08-2025,canceled,Technical issues
4855,2387,2,27-06-2025,26-09-2025,canceled,Technical issues
5196,1640,2,08-02-2025,09-04-2025,canceled,Technical issues
5657,88,2,04-01-2026,04-05-2026,canceled,Technical issues
5785,6282,2,21-10-2025,24-03-2026,canceled,Technical issues
5787,6660,2,27-11-2025,19-05-2026,canceled,Technical issues
6218,6428,2,24-05-2025,20-08-2025,canceled,Technical issues
6359,1310,2,23-12-2025,20-04-2026,canceled,Technical issues
6380,5528,2,07-08-2025,06-12-2025,canceled,Technical issues
6475,6109,2,14-01-2025,01-05-2025,canceled,Technical issues
6956,2980,2,18-08-2025,02-12-2025,canceled,Technical issues
6987,5303,2,19-01-2025,16-02-2025,canceled,Technical issues
7227,2948,2,07-01-2026,09-03-2026,canceled,Technical issues
7490,156,2,17-12-2025,31-05-2026,canceled,Technical issues
7621,3017,2,24-02-2025,24-04-2025,canceled,Technical issues
7639,4058,2,27-01-2025,17-07-2025,canceled,Technical issues
7727,1402,2,20-05-2025,18-06-2025,canceled,Technical issues
7916,3754,2,13-01-2026,02-02-2026,canceled,Technical issues
8177,70,2,15-02-2025,01-04-2025,canceled,Technical issues
8506,7469,2,23-04-2025,20-05-2025,canceled,Technical issues
8740,4677,2,12-05-2025,29-09-2025,canceled,Technical issues
8746,4268,2,16-11-2025,10-04-2026,canceled,Technical issues
9017,3232,2,20-01-2025,15-05-2025,canceled,Technical issues
9088,204,2,10-12-2025,23-12-2025,canceled,Technical issues
9186,3018,2,12-09-2025,28-12-2025,canceled,Technical issues
9209,338,2,11-10-2025,28-10-2025,canceled,Technical issues
9210,6247,2,14-10-2025,26-02-2026,canceled,Technical issues
9237,2228,2,09-10-2025,20-01-2026,canceled,Technical issues
9362,1532,2,23-08-2025,22-10-2025,canceled,Technical issues
9401,3588,2,06-07-2025,26-08-2025,canceled,Technical issues
9501,2434,2,09-01-2026,01-04-2026,canceled,Technical issues
9740,7498,2,17-02-2025,28-03-2025,canceled,Technical issues
9750,897,2,26-04-2025,22-08-2025,canceled,Technical issues
9803,4034,2,04-07-2025,22-11-2025,canceled,Technical issues
9915,2382,2,06-03-2025,02-04-2025,canceled,Technical issues
9966,6964,2,30-03-2025,14-07-2025,canceled,Technical issues
10014,267,2,26-11-2025,28-12-2025,canceled,Technical issues
10057,250,2,18-01-2026,17-05-2026,canceled,Technical issues
10221,5021,2,14-05-2025,22-06-2025,canceled,Technical issues
10593,2288,2,26-08-2025,19-02-2026,canceled,Technical issues
10601,5575,2,07-06-2025,24-10-2025,canceled,Technical issues
10662,5624,2,24-08-2025,08-01-2026,canceled,Technical issues
10866,2534,2,25-02-2025,19-06-2025,canceled,Technical issues
10979,2229,2,15-11-2025,09-01-2026,canceled,Technical issues
10993,6234,2,15-01-2026,17-02-2026,canceled,Technical issues
11011,7906,2,13-04-2025,01-05-2025,canceled,Technical issues
11040,834,2,02-07-2025,17-11-2025,canceled,Technical issues
11070,7522,2,12-05-2025,27-10-2025,canceled,Technical issues
11314,4046,2,07-01-2026,10-06-2026,canceled,Technical issues
11471,6066,2,29-06-2025,06-10-2025,canceled,Technical issues
11826,3115,2,10-08-2025,07-11-2025,canceled,Technical issues
11830,198,2,23-10-2025,11-02-2026,canceled,Technical issues
11840,7671,2,29-11-2025,12-12-2025,canceled,Technical issues
5,6896,2,18-05-2025,03-06-2025,canceled,Found alternative
158,690,2,17-03-2025,16-08-2025,canceled,Found alternative
833,765,2,06-03-2025,06-07-2025,canceled,Found alternative
944,5093,2,28-11-2025,08-03-2026,canceled,Found alternative
946,4588,2,06-02-2025,12-05-2025,canceled,Found alternative
1066,4575,2,10-05-2025,03-07-2025,canceled,Found alternative
1202,5413,2,19-10-2025,11-03-2026,canceled,Found alternative
1338,7313,2,18-11-2025,07-05-2026,canceled,Found alternative
1468,5105,2,17-07-2025,19-09-2025,canceled,Found alternative
1672,7019,2,09-07-2025,01-10-2025,canceled,Found alternative
1741,510,2,07-09-2025,14-12-2025,canceled,Found alternative
1950,1351,2,02-03-2025,04-06-2025,canceled,Found alternative
2007,607,2,09-08-2025,27-01-2026,canceled,Found alternative
2077,1867,2,11-10-2025,20-12-2025,canceled,Found alternative
2157,1825,2,04-09-2025,21-01-2026,canceled,Found alternative
2173,5102,2,20-04-2025,06-06-2025,canceled,Found alternative
2219,1025,2,27-09-2025,24-02-2026,canceled,Found alternative
2369,1434,2,20-04-2025,11-06-2025,canceled,Found alternative
2391,3713,2,26-10-2025,25-03-2026,canceled,Found alternative
2412,2478,2,27-10-2025,16-12-2025,canceled,Found alternative
2597,374,2,06-06-2025,25-09-2025,canceled,Found alternative
2620,4602,2,05-07-2025,21-08-2025,canceled,Found alternative
3381,801,2,08-02-2025,23-07-2025,canceled,Found alternative
3610,3508,2,24-12-2025,10-01-2026,canceled,Found alternative
3658,2715,2,19-11-2025,16-01-2026,canceled,Found alternative
3777,6146,2,06-01-2026,18-05-2026,canceled,Found alternative
3815,1121,2,24-08-2025,06-12-2025,canceled,Found alternative
3882,5589,2,05-01-2025,27-03-2025,canceled,Found alternative
4172,5820,2,22-05-2025,18-10-2025,canceled,Found alternative
4401,5647,2,26-08-2025,24-01-2026,canceled,Found alternative
4711,5032,2,15-12-2025,06-04-2026,canceled,Found alternative
4915,5727,2,13-01-2025,11-05-2025,canceled,Found alternative
5054,6589,2,02-04-2025,30-05-2025,canceled,Found alternative
5106,5920,2,13-06-2025,19-10-2025,canceled,Found alternative
5478,3544,2,05-05-2025,27-05-2025,canceled,Found alternative
5749,701,2,08-07-2025,23-10-2025,canceled,Found alternative
6101,331,2,15-12-2025,09-04-2026,canceled,Found alternative
6117,7828,2,28-03-2025,15-09-2025,canceled,Found alternative
6344,49,2,21-04-2025,18-07-2025,canceled,Found alternative
6468,5948,2,15-10-2025,09-12-2025,canceled,Found alternative
6524,3839,2,23-08-2025,12-09-2025,canceled,Found alternative
6554,4488,2,06-09-2025,11-12-2025,canceled,Found alternative
6563,3063,2,22-10-2025,12-02-2026,canceled,Found alternative
6630,1964,2,10-06-2025,01-09-2025,canceled,Found alternative
6782,5727,2,07-11-2025,09-04-2026,canceled,Found alternative
7162,962,2,20-05-2025,27-10-2025,canceled,Found alternative
7300,2640,2,23-06-2025,23-07-2025,canceled,Found alternative
7334,3929,2,22-09-2025,15-11-2025,canceled,Found alternative
7779,3893,2,17-03-2025,28-03-2025,canceled,Found alternative
7833,4134,2,10-05-2025,04-06-2025,canceled,Found alternative
8301,1656,2,23-12-2025,04-02-2026,canceled,Found alternative
8371,2810,2,20-07-2025,04-12-2025,canceled,Found alternative
8425,6956,2,05-01-2025,02-06-2025,canceled,Found alternative
8490,5462,2,08-04-2025,03-07-2025,canceled,Found alternative
8568,6920,2,04-05-2025,23-08-2025,canceled,Found alternative
8653,4248,2,13-12-2025,24-05-2026,canceled,Found alternative
8695,7904,2,04-02-2025,13-04-2025,canceled,Found alternative
8747,2426,2,03-01-2026,30-04-2026,canceled,Found alternative
8788,2238,2,27-04-2025,06-07-2025,canceled,Found alternative
8813,6917,2,16-11-2025,23-04-2026,canceled,Found alternative
8885,6863,2,30-08-2025,24-02-2026,canceled,Found alternative
8945,5266,2,24-07-2025,07-10-2025,canceled,Found alternative
9149,4108,2,21-07-2025,29-07-2025,canceled,Found alternative
9286,4030,2,22-11-2025,22-12-2025,canceled,Found alternative
9328,590,2,14-01-2025,16-03-2025,canceled,Found alternative
9389,276,2,07-08-2025,12-01-2026,canceled,Found alternative
9431,4175,2,25-04-2025,12-08-2025,canceled,Found alternative
9447,1389,2,10-03-2025,02-05-2025,canceled,Found alternative
9463,2474,2,01-01-2025,16-01-2025,canceled,Found alternative
9764,163,2,27-10-2025,13-02-2026,canceled,Found alternative
9811,7087,2,22-12-2025,18-03-2026,canceled,Found alternative
9838,1309,2,15-01-2025,06-03-2025,canceled,Found alternative
10469,6564,2,01-04-2025,30-08-2025,canceled,Found alternative
10763,7376,2,26-03-2025,07-06-2025,canceled,Found alternative
10878,965,2,06-04-2025,16-07-2025,canceled,Found alternative
10896,4274,2,21-08-2025,11-01-2026,canceled,Found alternative
10932,1640,2,18-09-2025,01-10-2025,canceled,Found alternative
11075,1396,2,11-01-2025,15-03-2025,canceled,Found alternative
11081,7123,2,05-02-2025,15-02-2025,canceled,Found alternative
11296,4447,2,30-04-2025,15-08-2025,canceled,Found alternative
11475,5818,2,06-01-2026,29-04-2026,canceled,Found alternative
11919,67,2,02-04-2025,15-06-2025,canceled,Found alternative
11933,1875,2,16-02-2025,16-07-2025,canceled,Found alternative
11987,6228,2,07-09-2025,30-01-2026,canceled,Found alternative
25,3161,2,28-01-2025,23-02-2025,canceled,Content not relevant
90,1148,2,20-09-2025,01-01-2026,canceled,Content not relevant
331,2546,2,08-12-2025,10-05-2026,canceled,Content not relevant
480,1958,2,27-11-2025,24-05-2026,canceled,Content not relevant
535,1069,2,31-05-2025,22-09-2025,canceled,Content not relevant
718,7092,2,14-09-2025,03-10-2025,canceled,Content not relevant
791,2240,2,13-09-2025,07-10-2025,canceled,Content not relevant
813,3746,2,10-05-2025,05-08-2025,canceled,Content not relevant
869,3368,2,20-08-2025,17-09-2025,canceled,Content not relevant
877,7983,2,09-06-2025,03-12-2025,canceled,Content not relevant
1013,5441,2,24-01-2025,14-02-2025,canceled,Content not relevant
1082,6823,2,31-10-2025,23-02-2026,canceled,Content not relevant
1087,5317,2,15-05-2025,20-07-2025,canceled,Content not relevant
1397,2141,2,03-09-2025,19-09-2025,canceled,Content not relevant
1528,3145,2,10-07-2025,16-08-2025,canceled,Content not relevant
1803,5046,2,31-12-2025,01-06-2026,canceled,Content not relevant
1944,4629,2,07-01-2026,26-03-2026,canceled,Content not relevant
2062,5604,2,28-09-2025,03-01-2026,canceled,Content not relevant
2107,440,2,22-08-2025,08-11-2025,canceled,Content not relevant
2174,1068,2,07-03-2025,17-04-2025,canceled,Content not relevant
2175,1302,2,03-03-2025,11-04-2025,canceled,Content not relevant
2220,6243,2,10-08-2025,31-12-2025,canceled,Content not relevant
2353,7566,2,24-08-2025,12-12-2025,canceled,Content not relevant
2505,1703,2,11-04-2025,26-05-2025,canceled,Content not relevant
2529,7783,2,28-01-2025,20-06-2025,canceled,Content not relevant
2535,7785,2,08-04-2025,13-06-2025,canceled,Content not relevant
2798,4280,2,22-08-2025,14-11-2025,canceled,Content not relevant
2949,5291,2,19-01-2025,29-05-2025,canceled,Content not relevant
3325,5281,2,01-05-2025,06-08-2025,canceled,Content not relevant
3543,4455,2,05-12-2025,14-02-2026,canceled,Content not relevant
3645,247,2,20-08-2025,19-01-2026,canceled,Content not relevant
3931,4939,2,01-05-2025,14-08-2025,canceled,Content not relevant
3992,3432,2,03-05-2025,14-05-2025,canceled,Content not relevant
4077,7830,2,12-07-2025,10-11-2025,canceled,Content not relevant
4094,6240,2,30-04-2025,15-06-2025,canceled,Content not relevant
4168,2983,2,14-09-2025,20-10-2025,canceled,Content not relevant
4404,5049,2,26-05-2025,01-11-2025,canceled,Content not relevant
4499,5473,2,31-05-2025,10-11-2025,canceled,Content not relevant
4526,7510,2,22-09-2025,20-10-2025,canceled,Content not relevant
4839,1605,2,08-10-2025,03-03-2026,canceled,Content not relevant
4847,3345,2,15-01-2026,16-05-2026,canceled,Content not relevant
4952,3819,2,24-11-2025,16-03-2026,canceled,Content not relevant
4954,2387,2,14-04-2025,02-10-2025,canceled,Content not relevant
5052,5513,2,20-04-2025,07-06-2025,canceled,Content not relevant
5059,4905,2,15-11-2025,27-11-2025,canceled,Content not relevant
5067,1579,2,21-04-2025,10-07-2025,canceled,Content not relevant
5201,216,2,08-01-2026,01-07-2026,canceled,Content not relevant
5339,770,2,08-05-2025,05-08-2025,canceled,Content not relevant
5511,1875,2,30-01-2025,25-04-2025,canceled,Content not relevant
5517,5264,2,02-07-2025,14-07-2025,canceled,Content not relevant
5834,4622,2,15-10-2025,23-11-2025,canceled,Content not relevant
5882,4250,2,18-12-2025,13-03-2026,canceled,Content not relevant
5996,5893,2,16-05-2025,09-09-2025,canceled,Content not relevant
6102,5168,2,23-08-2025,23-10-2025,canceled,Content not relevant
6399,6768,2,03-02-2025,23-07-2025,canceled,Content not relevant
6654,882,2,08-08-2025,27-09-2025,canceled,Content not relevant
6674,4027,2,28-08-2025,01-10-2025,canceled,Content not relevant
6710,4864,2,01-11-2025,24-04-2026,canceled,Content not relevant
6943,7674,2,12-05-2025,12-09-2025,canceled,Content not relevant
6967,7699,2,07-01-2026,17-01-2026,canceled,Content not relevant
6992,7834,2,07-05-2025,14-06-2025,canceled,Content not relevant
7000,7827,2,09-10-2025,22-12-2025,canceled,Content not relevant
7047,5374,2,13-11-2025,28-01-2026,canceled,Content not relevant
7068,1139,2,14-03-2025,08-08-2025,canceled,Content not relevant
7127,2343,2,24-12-2025,05-06-2026,canceled,Content not relevant
7201,4008,2,30-07-2025,17-12-2025,canceled,Content not relevant
7315,5761,2,13-01-2026,23-04-2026,canceled,Content not relevant
7652,6341,2,14-09-2025,28-02-2026,canceled,Content not relevant
7866,5016,2,18-03-2025,06-09-2025,canceled,Content not relevant
8016,3193,2,12-07-2025,15-08-2025,canceled,Content not relevant
8045,7121,2,14-05-2025,01-07-2025,canceled,Content not relevant
8047,6619,2,29-10-2025,23-03-2026,canceled,Content not relevant
8249,1984,2,16-02-2025,18-04-2025,canceled,Content not relevant
8328,6561,2,14-02-2025,26-05-2025,canceled,Content not relevant
8441,6048,2,24-11-2025,20-02-2026,canceled,Content not relevant
8467,4098,2,30-06-2025,26-11-2025,canceled,Content not relevant
8518,2317,2,19-08-2025,08-09-2025,canceled,Content not relevant
8533,7277,2,03-05-2025,07-10-2025,canceled,Content not relevant
8595,267,2,08-02-2025,06-04-2025,canceled,Content not relevant
8900,6727,2,29-08-2025,25-11-2025,canceled,Content not relevant
9001,7099,2,25-03-2025,13-05-2025,canceled,Content not relevant
9123,1360,2,16-01-2025,03-04-2025,canceled,Content not relevant
9145,665,2,10-08-2025,03-10-2025,canceled,Content not relevant
9359,4204,2,12-09-2025,02-03-2026,canceled,Content not relevant
9657,1030,2,01-04-2025,06-05-2025,canceled,Content not relevant
9717,7017,2,25-08-2025,08-10-2025,canceled,Content not relevant
9723,407,2,31-12-2025,04-03-2026,canceled,Content not relevant
9837,6401,2,28-11-2025,13-12-2025,canceled,Content not relevant
10092,7511,2,28-07-2025,17-12-2025,canceled,Content not relevant
10104,7724,2,25-11-2025,03-02-2026,canceled,Content not relevant
10350,245,2,15-08-2025,08-11-2025,canceled,Content not relevant
10446,26,2,05-06-2025,01-11-2025,canceled,Content not relevant
10497,408,2,22-10-2025,08-03-2026,canceled,Content not relevant
10947,6140,2,06-06-2025,12-10-2025,canceled,Content not relevant
10960,1113,2,15-12-2025,22-02-2026,canceled,Content not relevant
11008,1837,2,14-06-2025,11-09-2025,canceled,Content not relevant
11046,7211,2,20-09-2025,08-10-2025,canceled,Content not relevant
11067,3246,2,25-09-2025,11-02-2026,canceled,Content not relevant
11143,1118,2,18-09-2025,26-02-2026,canceled,Content not relevant
11229,2957,2,11-03-2025,03-05-2025,canceled,Content not relevant
11310,4775,2,06-09-2025,17-12-2025,canceled,Content not relevant
11363,7090,2,30-01-2025,14-07-2025,canceled,Content not relevant
11819,3494,2,12-11-2025,28-12-2025,canceled,Content not relevant
11869,876,2,09-02-2025,27-03-2025,canceled,Content not relevant
3,1983,2,01-12-2025,08-01-2026,expired,Too expensive
45,6965,2,15-04-2025,17-07-2025,expired,Not using enough
101,361,2,13-01-2025,17-05-2025,expired,Technical issues
110,4021,2,09-08-2025,13-09-2025,expired,Not using enough
114,1180,2,23-08-2025,26-01-2026,expired,Content not relevant
146,2716,2,11-08-2025,14-12-2025,expired,Content not relevant
178,6872,2,01-09-2025,07-11-2025,expired,Found alternative
191,3868,2,25-05-2025,01-10-2025,expired,Found alternative
222,3743,2,28-02-2025,28-04-2025,expired,Content not relevant
283,7093,2,07-01-2025,23-06-2025,expired,Content not relevant
313,6797,2,09-07-2025,26-11-2025,expired,Technical issues
345,2573,2,25-03-2025,22-05-2025,expired,Content not relevant
393,6072,2,06-01-2025,04-05-2025,expired,Found alternative
398,6894,2,18-03-2025,22-07-2025,expired,Content not relevant
404,3987,2,15-04-2025,29-09-2025,expired,Content not relevant
420,4020,2,09-02-2025,21-05-2025,expired,Not using enough
455,1400,2,14-11-2025,28-02-2026,expired,Found alternative
468,2993,2,01-07-2025,14-11-2025,expired,Other
503,5221,2,25-11-2025,01-02-2026,expired,Too expensive
572,1256,2,13-10-2025,19-12-2025,expired,Other
663,6218,2,26-04-2025,05-06-2025,expired,Technical issues
682,587,2,15-06-2025,24-11-2025,expired,Technical issues
712,6223,2,08-02-2025,29-03-2025,expired,Found alternative
721,2833,2,20-12-2025,22-01-2026,expired,Too expensive
793,3845,2,07-06-2025,15-06-2025,expired,Content not relevant
820,2619,2,31-12-2025,25-05-2026,expired,Content not relevant
826,6572,2,14-09-2025,23-12-2025,expired,Other
839,4344,2,12-08-2025,06-10-2025,expired,Other
906,4481,2,26-11-2025,01-04-2026,expired,Not using enough
916,5259,2,14-01-2025,26-03-2025,expired,Technical issues
951,7554,2,30-08-2025,26-12-2025,expired,Not using enough
968,7780,2,27-06-2025,04-07-2025,expired,Too expensive
992,1079,2,08-01-2026,27-06-2026,expired,Found alternative
1077,3667,2,25-05-2025,10-06-2025,expired,Not using enough
1149,6027,2,20-11-2025,01-01-2026,expired,Too expensive
1151,3989,2,13-05-2025,22-08-2025,expired,Not using enough
1183,6185,2,09-04-2025,28-09-2025,expired,Found alternative
1361,6415,2,15-08-2025,04-02-2026,expired,Not using enough
1452,7532,2,28-10-2025,19-12-2025,expired,Too expensive
1454,6076,2,21-03-2025,05-06-2025,expired,Too expensive
1456,4216,2,01-04-2025,28-06-2025,expired,Other
1628,4484,2,22-02-2025,27-07-2025,expired,Content not relevant
1642,1162,2,06-01-2026,12-04-2026,expired,Not using enough
1657,2774,2,10-01-2025,24-04-2025,expired,Not using enough
1662,1845,2,16-06-2025,08-07-2025,expired,Other
1678,5693,2,21-02-2025,02-04-2025,expired,Content not relevant
1685,222,2,01-06-2025,25-09-2025,expired,Technical issues
1690,3257,2,07-02-2025,23-02-2025,expired,Other
1710,4427,2,21-10-2025,29-01-2026,expired,Found alternative
1718,1167,2,12-04-2025,14-05-2025,expired,Other
1793,915,2,22-04-2025,02-09-2025,expired,Technical issues
1869,5281,2,09-03-2025,21-08-2025,expired,Content not relevant
1957,4718,2,06-04-2025,24-04-2025,expired,Other
1975,4990,2,18-04-2025,01-09-2025,expired,Too expensive
1995,6766,2,17-03-2025,05-08-2025,expired,Too expensive
2024,5197,2,12-10-2025,19-03-2026,expired,Not using enough
2036,5128,2,19-09-2025,14-02-2026,expired,Content not relevant
2081,2654,2,06-03-2025,30-06-2025,expired,Other
2085,5785,2,25-09-2025,05-11-2025,expired,Found alternative
2097,3810,2,02-12-2025,21-12-2025,expired,Technical issues
2196,3793,2,12-01-2026,11-04-2026,expired,Content not relevant
2283,53,2,11-06-2025,14-08-2025,expired,Other
2344,6781,2,06-04-2025,03-05-2025,expired,Other
2350,787,2,07-08-2025,19-12-2025,expired,Not using enough
2360,1992,2,07-03-2025,28-03-2025,expired,Other
2384,13,2,15-02-2025,04-05-2025,expired,Technical issues
2432,6793,2,24-09-2025,26-11-2025,expired,Not using enough
2568,7272,2,18-01-2026,24-03-2026,expired,Found alternative
2624,23,2,02-09-2025,20-01-2026,expired,Other
2761,3347,2,15-02-2025,16-06-2025,expired,Technical issues
2770,2615,2,26-09-2025,01-11-2025,expired,Other
2859,7268,2,30-06-2025,13-09-2025,expired,Too expensive
2868,1893,2,26-01-2025,10-04-2025,expired,Too expensive
2872,4315,2,09-04-2025,13-05-2025,expired,Other
2902,1594,2,24-11-2025,04-04-2026,expired,Not using enough
2919,7251,2,29-09-2025,22-11-2025,expired,Too expensive
2959,1939,2,05-09-2025,22-11-2025,expired,Found alternative
3003,7236,2,27-03-2025,29-07-2025,expired,Content not relevant
3143,6436,2,31-08-2025,23-09-2025,expired,Not using enough
3206,7811,2,27-10-2025,15-12-2025,expired,Not using enough
3237,1730,2,24-07-2025,28-11-2025,expired,Found alternative
3281,2331,2,10-02-2025,17-03-2025,expired,Found alternative
3386,163,2,15-01-2026,04-07-2026,expired,Technical issues
3396,4291,2,20-07-2025,22-10-2025,expired,Technical issues
3403,7107,2,03-04-2025,09-05-2025,expired,Content not relevant
3447,2830,2,24-07-2025,01-09-2025,expired,Technical issues
3465,4622,2,16-12-2025,26-02-2026,expired,Found alternative
3636,5803,2,01-12-2025,08-12-2025,expired,Too expensive
3671,2558,2,21-05-2025,20-07-2025,expired,Found alternative
3690,1987,2,14-10-2025,08-03-2026,expired,Content not relevant
3718,7668,2,03-09-2025,31-01-2026,expired,Technical issues
3720,49,2,30-04-2025,19-09-2025,expired,Content not relevant
3760,7737,2,28-10-2025,27-02-2026,expired,Found alternative
3874,5431,2,19-06-2025,25-10-2025,expired,Too expensive
3984,1865,2,30-06-2025,15-08-2025,expired,Other
4004,5755,2,21-12-2025,28-05-2026,expired,Content not relevant
4062,2886,2,19-11-2025,02-02-2026,expired,Other
4064,3594,2,09-07-2025,18-11-2025,expired,Technical issues
4079,5324,2,15-09-2025,03-11-2025,expired,Too expensive
4228,4693,2,21-02-2025,30-03-2025,expired,Not using enough
4240,5144,2,30-12-2025,07-06-2026,expired,Other
4273,5734,2,02-07-2025,28-08-2025,expired,Other
4297,4772,2,10-03-2025,25-05-2025,expired,Technical issues
4306,2092,2,11-07-2025,02-01-2026,expired,Technical issues
4331,6215,2,19-08-2025,10-02-2026,expired,Technical issues
4367,5786,2,19-11-2025,11-12-2025,expired,Technical issues
4374,1440,2,17-05-2025,22-10-2025,expired,Too expensive
4432,287,2,02-01-2025,03-03-2025,expired,Not using enough
4445,1587,2,26-10-2025,21-12-2025,expired,Not using enough
4478,6434,2,11-01-2026,01-03-2026,expired,Content not relevant
4600,4682,2,29-11-2025,19-12-2025,expired,Other
4630,3031,2,24-05-2025,28-08-2025,expired,Technical issues
4692,7913,2,14-11-2025,01-04-2026,expired,Technical issues
4700,6853,2,26-06-2025,10-09-2025,expired,Too expensive
4702,6595,2,11-01-2025,27-04-2025,expired,Other
4759,377,2,07-09-2025,22-11-2025,expired,Content not relevant
4798,246,2,12-11-2025,28-04-2026,expired,Other
4814,2887,2,11-05-2025,20-08-2025,expired,Too expensive
4816,1310,2,01-07-2025,20-12-2025,expired,Content not relevant
4822,6770,2,15-08-2025,01-11-2025,expired,Technical issues
4824,1146,2,17-09-2025,09-03-2026,expired,Found alternative
4837,3098,2,31-03-2025,01-05-2025,expired,Content not relevant
5021,4474,2,14-02-2025,01-04-2025,expired,Not using enough
5044,1779,2,03-04-2025,19-07-2025,expired,Other
5108,1243,2,24-05-2025,10-06-2025,expired,Not using enough
5109,6321,2,16-02-2025,18-03-2025,expired,Not using enough
5206,2520,2,02-10-2025,10-10-2025,expired,Technical issues
5220,7581,2,10-05-2025,05-11-2025,expired,Technical issues
5255,7870,2,27-08-2025,16-09-2025,expired,Found alternative
5267,1544,2,09-06-2025,20-10-2025,expired,Content not relevant
5289,4480,2,24-01-2025,09-02-2025,expired,Content not relevant
5360,5751,2,01-09-2025,19-12-2025,expired,Other
5370,3810,2,29-06-2025,13-09-2025,expired,Technical issues
5525,1180,2,25-07-2025,27-12-2025,expired,Content not relevant
5539,2185,2,07-05-2025,25-08-2025,expired,Content not relevant
5543,4173,2,12-09-2025,13-10-2025,expired,Found alternative
5640,3004,2,23-07-2025,17-12-2025,expired,Other
5651,89,2,30-12-2025,07-02-2026,expired,Technical issues
5722,2869,2,19-09-2025,28-10-2025,expired,Not using enough
5755,2819,2,27-06-2025,05-11-2025,expired,Not using enough
5783,5830,2,20-04-2025,07-06-2025,expired,Other
5802,3463,2,22-04-2025,07-06-2025,expired,Too expensive
5811,3602,2,01-10-2025,16-10-2025,expired,Found alternative
5820,762,2,16-03-2025,16-04-2025,expired,Other
5939,6556,2,04-01-2025,04-04-2025,expired,Not using enough
5957,6051,2,10-01-2025,18-03-2025,expired,Found alternative
6012,2500,2,09-02-2025,05-04-2025,expired,Found alternative
6187,7030,2,15-02-2025,21-04-2025,expired,Not using enough
6319,2243,2,28-09-2025,14-12-2025,expired,Too expensive
6337,6002,2,24-06-2025,10-12-2025,expired,Content not relevant
6393,2790,2,15-09-2025,07-12-2025,expired,Not using enough
6423,4070,2,27-05-2025,20-09-2025,expired,Content not relevant
6494,7249,2,27-11-2025,25-03-2026,expired,Technical issues
6587,1022,2,24-10-2025,10-02-2026,expired,Technical issues
6667,6997,2,05-07-2025,27-08-2025,expired,Content not relevant
6670,6329,2,09-12-2025,28-12-2025,expired,Technical issues
6701,6613,2,23-12-2025,22-01-2026,expired,Other
6705,315,2,02-03-2025,17-08-2025,expired,Not using enough
6748,1671,2,29-07-2025,28-10-2025,expired,Technical issues
6759,1299,2,01-01-2026,20-01-2026,expired,Content not relevant
6776,6052,2,27-02-2025,29-06-2025,expired,Technical issues
6783,1831,2,08-09-2025,06-02-2026,expired,Not using enough
6796,5722,2,28-03-2025,09-04-2025,expired,Technical issues
6799,2534,2,27-12-2025,01-04-2026,expired,Technical issues
6803,787,2,31-03-2025,15-09-2025,expired,Found alternative
6821,5958,2,04-03-2025,28-08-2025,expired,Content not relevant
6989,5437,2,06-11-2025,20-03-2026,expired,Content not relevant
7059,452,2,23-07-2025,10-01-2026,expired,Content not relevant
7091,7567,2,05-02-2025,05-03-2025,expired,Not using enough
7113,652,2,04-08-2025,01-11-2025,expired,Content not relevant
7134,1473,2,31-03-2025,25-05-2025,expired,Not using enough
7185,5790,2,16-04-2025,16-07-2025,expired,Other
7272,5674,2,04-07-2025,16-11-2025,expired,Not using enough
7292,1476,2,13-05-2025,10-09-2025,expired,Not using enough
7417,7445,2,02-01-2025,01-04-2025,expired,Too expensive
7437,1006,2,07-04-2025,24-04-2025,expired,Not using enough
7460,3847,2,24-04-2025,22-05-2025,expired,Content not relevant
7473,2446,2,21-06-2025,16-08-2025,expired,Found alternative
7475,4617,2,29-08-2025,16-09-2025,expired,Technical issues
7600,6686,2,26-11-2025,31-03-2026,expired,Other
7642,5570,2,02-11-2025,05-12-2025,expired,Content not relevant
7705,2652,2,23-03-2025,17-07-2025,expired,Too expensive
7783,4272,2,19-01-2025,25-03-2025,expired,Too expensive
7804,5033,2,23-03-2025,27-07-2025,expired,Found alternative
7839,3205,2,09-08-2025,09-09-2025,expired,Found alternative
7895,5376,2,08-04-2025,01-07-2025,expired,Technical issues
7979,3713,2,08-08-2025,28-08-2025,expired,Other
7997,5871,2,17-06-2025,30-09-2025,expired,Too expensive
7998,1035,2,11-05-2025,03-09-2025,expired,Other
8063,1694,2,15-01-2026,15-03-2026,expired,Too expensive
8186,6857,2,11-09-2025,14-10-2025,expired,Other
8227,323,2,06-01-2026,08-03-2026,expired,Technical issues
8270,5640,2,16-02-2025,17-05-2025,expired,Too expensive
8299,382,2,23-10-2025,24-01-2026,expired,Not using enough
8335,1182,2,17-12-2025,09-05-2026,expired,Content not relevant
8347,2001,2,18-03-2025,21-04-2025,expired,Too expensive
8382,5725,2,22-03-2025,16-07-2025,expired,Not using enough
8383,1215,2,06-04-2025,31-07-2025,expired,Not using enough
8385,2059,2,14-05-2025,22-05-2025,expired,Not using enough
8402,6736,2,24-09-2025,21-02-2026,expired,Found alternative
8435,1855,2,12-08-2025,19-12-2025,expired,Too expensive
8475,5126,2,30-01-2025,11-07-2025,expired,Content not relevant
8482,2272,2,04-06-2025,02-11-2025,expired,Content not relevant
8529,1121,2,15-07-2025,09-09-2025,expired,Not using enough
8671,4727,2,01-12-2025,24-03-2026,expired,Technical issues
8673,3308,2,28-10-2025,14-03-2026,expired,Content not relevant
8682,2506,2,06-11-2025,09-12-2025,expired,Other
8685,7040,2,14-10-2025,16-01-2026,expired,Other
8735,4280,2,11-10-2025,26-12-2025,expired,Content not relevant
9000,3079,2,15-10-2025,26-10-2025,expired,Too expensive
9025,7028,2,16-01-2025,08-06-2025,expired,Found alternative
9050,2570,2,04-06-2025,09-09-2025,expired,Other
9065,7006,2,01-08-2025,07-12-2025,expired,Found alternative
9140,1933,2,24-07-2025,28-10-2025,expired,Other
9167,6132,2,17-09-2025,25-01-2026,expired,Other
9179,5987,2,30-08-2025,16-01-2026,expired,Not using enough
9253,6552,2,17-06-2025,18-09-2025,expired,Technical issues
9268,6681,2,16-01-2026,13-07-2026,expired,Other
9312,5488,2,30-05-2025,05-09-2025,expired,Technical issues
9415,2726,2,17-02-2025,20-04-2025,expired,Other
9461,6080,2,22-11-2025,10-01-2026,expired,Not using enough
9539,6937,2,19-10-2025,23-02-2026,expired,Other
9571,5472,2,14-03-2025,15-07-2025,expired,Content not relevant
9575,47,2,25-06-2025,20-10-2025,expired,Not using enough
9639,1136,2,15-10-2025,16-02-2026,expired,Technical issues
9677,5658,2,19-12-2025,01-02-2026,expired,Content not relevant
9821,2162,2,23-09-2025,24-10-2025,expired,Found alternative
9883,6881,2,19-03-2025,07-08-2025,expired,Content not relevant
9920,7651,2,27-11-2025,18-05-2026,expired,Technical issues
10079,2240,2,03-10-2025,11-10-2025,expired,Technical issues
10162,4064,2,07-02-2025,24-07-2025,expired,Too expensive
10231,6083,2,24-05-2025,05-10-2025,expired,Content not relevant
10251,3459,2,28-10-2025,23-04-2026,expired,Other
10267,3797,2,28-02-2025,12-04-2025,expired,Not using enough
10419,7702,2,24-09-2025,05-12-2025,expired,Not using enough
10480,6488,2,30-08-2025,02-10-2025,expired,Other
10540,295,2,16-01-2026,05-05-2026,expired,Found alternative
10636,218,2,03-07-2025,19-08-2025,expired,Too expensive
10683,3969,2,13-05-2025,06-10-2025,expired,Found alternative
10690,1770,2,12-12-2025,10-02-2026,expired,Content not relevant
10788,5367,2,11-01-2026,07-06-2026,expired,Technical issues
10827,7737,2,17-11-2025,13-01-2026,expired,Found alternative
10845,1717,2,14-02-2025,14-06-2025,expired,Too expensive
10862,5221,2,04-11-2025,21-04-2026,expired,Other
10882,6305,2,10-06-2025,30-10-2025,expired,Content not relevant
10990,6163,2,14-11-2025,31-03-2026,expired,Not using enough
11003,4840,2,21-08-2025,14-09-2025,expired,Not using enough
11035,2021,2,05-11-2025,03-12-2025,expired,Too expensive
11167,7910,2,23-07-2025,02-09-2025,expired,Too expensive
11186,1959,2,31-12-2025,24-06-2026,expired,Found alternative
11241,2712,2,09-03-2025,01-08-2025,expired,Not using enough
11280,6945,2,25-06-2025,15-08-2025,expired,Found alternative
11477,1907,2,17-12-2025,27-03-2026,expired,Technical issues
11489,5950,2,05-01-2025,28-03-2025,expired,Technical issues
11539,5328,2,10-10-2025,24-10-2025,expired,Content not relevant
11573,7956,2,12-01-2026,21-06-2026,expired,Not using enough
11643,1019,2,01-03-2025,14-08-2025,expired,Found alternative
11648,6006,2,14-04-2025,10-09-2025,expired,Found alternative
11708,6691,2,06-03-2025,31-07-2025,expired,Found alternative
11771,6667,2,30-12-2025,14-03-2026,expired,Other
11899,1077,2,01-07-2025,19-12-2025,expired,Other
11977,4066,2,04-08-2025,20-08-2025,expired,Technical issues
47,4165,3,23-05-2025,14-06-2025,expired,Found alternative
115,3642,3,19-06-2025,26-07-2025,expired,Not using enough
120,3899,3,03-10-2025,17-03-2026,expired,Not using enough
172,213,3,03-06-2025,20-09-2025,expired,Other
217,5026,3,24-03-2025,30-04-2025,expired,Found alternative
255,5239,3,25-08-2025,20-12-2025,expired,Content not relevant
361,5264,3,21-03-2025,11-08-2025,expired,Content not relevant
431,2242,3,08-11-2025,04-04-2026,expired,Other
615,5690,3,09-11-2025,22-02-2026,expired,Technical issues
924,3288,3,05-01-2025,22-01-2025,expired,Not using enough
975,2630,3,19-01-2025,16-06-2025,expired,Technical issues
989,7533,3,18-12-2025,25-03-2026,expired,Not using enough
1035,1357,3,30-10-2025,25-12-2025,expired,Too expensive
1068,848,3,24-09-2025,16-10-2025,expired,Technical issues
1096,3761,3,11-03-2025,29-03-2025,expired,Too expensive
1106,6375,3,29-09-2025,19-02-2026,expired,Too expensive
1181,7934,3,17-09-2025,06-01-2026,expired,Too expensive
1188,923,3,12-02-2025,16-07-2025,expired,Not using enough
1190,5429,3,02-04-2025,18-06-2025,expired,Found alternative
1198,7280,3,13-01-2025,22-05-2025,expired,Content not relevant
1230,6327,3,26-12-2025,22-03-2026,expired,Content not relevant
1330,1342,3,31-08-2025,24-01-2026,expired,Content not relevant
1384,6968,3,14-06-2025,06-09-2025,expired,Found alternative
1503,5268,3,26-04-2025,12-05-2025,expired,Too expensive
1510,2859,3,16-10-2025,06-04-2026,expired,Found alternative
1563,6984,3,21-05-2025,18-07-2025,expired,Content not relevant
1610,511,3,26-08-2025,28-11-2025,expired,Found alternative
1725,3993,3,01-12-2025,22-01-2026,expired,Found alternative
1775,4729,3,27-04-2025,08-10-2025,expired,Too expensive
1848,4126,3,28-11-2025,19-02-2026,expired,Not using enough
1852,3285,3,29-05-2025,01-07-2025,expired,Content not relevant
1874,5918,3,18-03-2025,26-08-2025,expired,Content not relevant
2115,1131,3,20-10-2025,11-01-2026,expired,Found alternative
2137,7071,3,06-05-2025,23-05-2025,expired,Not using enough
2167,6493,3,16-01-2025,14-02-2025,expired,Too expensive
2214,7620,3,26-12-2025,23-06-2026,expired,Technical issues
2342,7734,3,17-01-2026,09-06-2026,expired,Content not relevant
2400,1811,3,23-06-2025,06-12-2025,expired,Found alternative
2467,5386,3,14-09-2025,20-10-2025,expired,Not using enough
2557,4132,3,11-04-2025,02-05-2025,expired,Content not relevant
2559,369,3,05-12-2025,22-05-2026,expired,Content not relevant
2598,6229,3,14-06-2025,14-08-2025,expired,Found alternative
2627,452,3,02-07-2025,10-09-2025,expired,Found alternative
2675,1191,3,29-03-2025,06-08-2025,expired,Technical issues
2725,3740,3,03-07-2025,24-09-2025,expired,Technical issues
2750,5625,3,01-05-2025,27-06-2025,expired,Not using enough
2760,2673,3,27-09-2025,10-10-2025,expired,Found alternative
2847,2316,3,07-01-2026,11-02-2026,expired,Found alternative
2873,3089,3,18-05-2025,08-10-2025,expired,Technical issues
2956,1600,3,08-08-2025,25-11-2025,expired,Content not relevant
3000,5493,3,17-08-2025,05-11-2025,expired,Found alternative
3001,3943,3,21-08-2025,07-01-2026,expired,Found alternative
3038,6819,3,06-05-2025,13-09-2025,expired,Too expensive
3044,4575,3,27-11-2025,21-12-2025,expired,Not using enough
3072,4948,3,07-02-2025,25-02-2025,expired,Content not relevant
3104,4163,3,19-05-2025,01-07-2025,expired,Other
3156,6216,3,26-03-2025,13-07-2025,expired,Content not relevant
3188,6031,3,27-11-2025,15-04-2026,expired,Not using enough
3373,3915,3,05-05-2025,24-09-2025,expired,Content not relevant
3398,4820,3,05-09-2025,09-11-2025,expired,Too expensive
3521,25,3,01-05-2025,02-06-2025,expired,Technical issues
3578,2355,3,16-01-2026,25-03-2026,expired,Content not relevant
3597,4452,3,07-02-2025,16-02-2025,expired,Found alternative
3630,7000,3,03-01-2026,06-06-2026,expired,Not using enough
3635,4498,3,29-03-2025,05-09-2025,expired,Too expensive
3643,6288,3,16-10-2025,09-02-2026,expired,Content not relevant
3676,5812,3,02-06-2025,11-06-2025,expired,Content not relevant
3693,3040,3,01-01-2026,06-06-2026,expired,Technical issues
3751,6656,3,10-04-2025,20-04-2025,expired,Technical issues
3865,4910,3,19-03-2025,12-08-2025,expired,Technical issues
3881,928,3,14-02-2025,09-07-2025,expired,Other
3903,5073,3,15-10-2025,08-03-2026,expired,Not using enough
3961,1133,3,13-01-2026,18-03-2026,expired,Found alternative
3963,2763,3,31-12-2025,30-01-2026,expired,Found alternative
3983,7761,3,08-08-2025,10-01-2026,expired,Too expensive
3989,6558,3,11-01-2026,13-05-2026,expired,Not using enough
3990,7079,3,25-02-2025,08-08-2025,expired,Content not relevant
3999,849,3,02-10-2025,13-02-2026,expired,Too expensive
4045,3079,3,28-09-2025,16-10-2025,expired,Found alternative
4060,2080,3,09-07-2025,30-11-2025,expired,Other
4073,1368,3,25-07-2025,13-01-2026,expired,Not using enough
4138,7830,3,13-02-2025,27-04-2025,expired,Technical issues
4177,5055,3,07-02-2025,08-07-2025,expired,Technical issues
4200,1193,3,14-06-2025,10-07-2025,expired,Not using enough
4221,5758,3,28-07-2025,07-09-2025,expired,Too expensive
4243,7250,3,02-03-2025,12-07-2025,expired,Content not relevant
4245,5655,3,28-05-2025,29-09-2025,expired,Found alternative
4288,501,3,15-06-2025,01-11-2025,expired,Found alternative
4325,5050,3,28-01-2025,12-02-2025,expired,Not using enough
4359,6860,3,03-01-2026,08-06-2026,expired,Not using enough
4382,7789,3,04-01-2025,13-03-2025,expired,Other
4556,1139,3,15-10-2025,30-11-2025,expired,Content not relevant
4599,5783,3,10-11-2025,14-01-2026,expired,Other
4626,5796,3,21-03-2025,19-05-2025,expired,Technical issues
4642,3617,3,16-02-2025,21-04-2025,expired,Other
4651,3950,3,20-06-2025,11-10-2025,expired,Not using enough
4683,2037,3,06-04-2025,28-09-2025,expired,Other
4728,2915,3,05-06-2025,28-11-2025,expired,Too expensive
4768,2286,3,07-06-2025,09-10-2025,expired,Found alternative
4803,6206,3,02-06-2025,25-11-2025,expired,Found alternative
4856,5446,3,25-02-2025,18-06-2025,expired,Technical issues
5000,4872,3,03-10-2025,18-02-2026,expired,Not using enough
5007,3205,3,26-09-2025,04-01-2026,expired,Content not relevant
5027,1161,3,25-08-2025,12-01-2026,expired,Technical issues
5122,2865,3,14-07-2025,29-09-2025,expired,Content not relevant
5251,6306,3,02-01-2026,14-05-2026,expired,Too expensive
5260,4637,3,03-10-2025,14-11-2025,expired,Other
5290,6022,3,13-01-2025,18-02-2025,expired,Content not relevant
5359,183,3,17-04-2025,09-05-2025,expired,Content not relevant
5395,4516,3,19-02-2025,16-08-2025,expired,Other
5412,7534,3,18-02-2025,28-04-2025,expired,Too expensive
5698,6367,3,22-11-2025,02-04-2026,expired,Not using enough
5711,5687,3,10-01-2026,28-06-2026,expired,Other
5757,6423,3,19-08-2025,23-10-2025,expired,Too expensive
5770,5387,3,21-07-2025,12-01-2026,expired,Found alternative
5900,7984,3,02-08-2025,06-01-2026,expired,Too expensive
5906,6966,3,15-09-2025,27-02-2026,expired,Too expensive
5914,1506,3,24-11-2025,04-12-2025,expired,Not using enough
5965,5933,3,26-06-2025,10-08-2025,expired,Technical issues
6028,139,3,22-07-2025,04-01-2026,expired,Too expensive
6077,7175,3,17-05-2025,21-08-2025,expired,Too expensive
6097,2929,3,10-12-2025,25-01-2026,expired,Found alternative
6202,3031,3,19-06-2025,18-09-2025,expired,Other
6214,7081,3,21-12-2025,25-02-2026,expired,Found alternative
6223,880,3,12-10-2025,10-12-2025,expired,Content not relevant
6233,7800,3,22-05-2025,12-07-2025,expired,Technical issues
6281,4652,3,21-08-2025,16-09-2025,expired,Not using enough
6376,1502,3,27-08-2025,21-09-2025,expired,Too expensive
6418,6623,3,24-09-2025,29-12-2025,expired,Technical issues
6462,1449,3,06-01-2026,11-04-2026,expired,Content not relevant
6476,4851,3,21-05-2025,17-08-2025,expired,Too expensive
6531,2170,3,12-01-2026,19-06-2026,expired,Content not relevant
6665,3130,3,07-09-2025,12-12-2025,expired,Content not relevant
6762,1354,3,05-07-2025,22-12-2025,expired,Found alternative
6924,2867,3,09-05-2025,14-08-2025,expired,Technical issues
7010,7016,3,17-01-2025,16-02-2025,expired,Found alternative
7195,4132,3,13-01-2025,06-05-2025,expired,Too expensive
7199,80,3,23-12-2025,18-03-2026,expired,Found alternative
7298,2410,3,01-10-2025,04-03-2026,expired,Found alternative
7314,7013,3,22-05-2025,29-05-2025,expired,Content not relevant
7318,5694,3,23-06-2025,15-11-2025,expired,Other
7349,4618,3,28-05-2025,02-10-2025,expired,Content not relevant
7401,783,3,08-06-2025,29-07-2025,expired,Not using enough
7447,5209,3,14-01-2025,27-04-2025,expired,Found alternative
7458,7569,3,13-09-2025,27-10-2025,expired,Not using enough
7462,5177,3,01-07-2025,13-09-2025,expired,Too expensive
7499,1047,3,04-02-2025,08-07-2025,expired,Technical issues
7563,3914,3,17-08-2025,10-01-2026,expired,Not using enough
7603,7140,3,20-11-2025,28-02-2026,expired,Not using enough
7635,4289,3,10-02-2025,02-08-2025,expired,Technical issues
7655,6316,3,29-05-2025,16-10-2025,expired,Content not relevant
7718,2744,3,20-05-2025,13-07-2025,expired,Technical issues
7744,3823,3,24-11-2025,27-12-2025,expired,Other
7798,1363,3,14-09-2025,01-12-2025,expired,Not using enough
7811,773,3,02-08-2025,03-01-2026,expired,Found alternative
7862,5421,3,26-10-2025,15-12-2025,expired,Too expensive
7885,3470,3,21-03-2025,16-04-2025,expired,Other
8040,239,3,30-04-2025,08-05-2025,expired,Found alternative
8116,4025,3,22-07-2025,14-09-2025,expired,Other
8121,6102,3,01-05-2025,22-05-2025,expired,Other
8302,7860,3,05-09-2025,19-10-2025,expired,Technical issues
8351,5580,3,07-05-2025,21-06-2025,expired,Other
8410,95,3,22-01-2025,12-02-2025,expired,Not using enough
8464,1254,3,16-04-2025,17-05-2025,expired,Other
8491,2213,3,11-02-2025,26-04-2025,expired,Not using enough
8536,2910,3,01-03-2025,18-03-2025,expired,Too expensive
8542,5792,3,28-11-2025,15-01-2026,expired,Not using enough
8543,5262,3,31-03-2025,19-07-2025,expired,Content not relevant
8591,6613,3,23-07-2025,18-08-2025,expired,Other
8741,6484,3,29-01-2025,26-05-2025,expired,Content not relevant
8773,833,3,23-06-2025,22-07-2025,expired,Content not relevant
8840,4126,3,29-10-2025,11-03-2026,expired,Too expensive
8871,4319,3,09-01-2025,04-04-2025,expired,Not using enough
8891,1273,3,06-01-2026,24-04-2026,expired,Technical issues
8927,6135,3,06-11-2025,31-03-2026,expired,Technical issues
8929,7049,3,13-05-2025,24-08-2025,expired,Found alternative
8939,3165,3,21-04-2025,30-05-2025,expired,Too expensive
9014,1538,3,12-04-2025,27-05-2025,expired,Other
9158,6001,3,26-05-2025,16-11-2025,expired,Not using enough
9196,3889,3,10-10-2025,03-04-2026,expired,Too expensive
9380,3451,3,11-01-2026,29-01-2026,expired,Not using enough
9471,405,3,24-09-2025,31-10-2025,expired,Technical issues
9594,113,3,14-09-2025,25-12-2025,expired,Found alternative
9666,7128,3,07-08-2025,30-09-2025,expired,Too expensive
9742,4980,3,21-09-2025,07-11-2025,expired,Not using enough
9833,2588,3,19-10-2025,07-01-2026,expired,Found alternative
9905,4874,3,28-08-2025,22-10-2025,expired,Other
9935,377,3,07-04-2025,06-08-2025,expired,Other
9995,3373,3,29-09-2025,11-12-2025,expired,Found alternative
10022,3144,3,21-12-2025,30-12-2025,expired,Too expensive
10109,3232,3,28-12-2025,12-02-2026,expired,Content not relevant
10169,672,3,19-08-2025,09-01-2026,expired,Found alternative
10173,2601,3,04-07-2025,21-10-2025,expired,Too expensive
10219,316,3,19-07-2025,29-10-2025,expired,Technical issues
10234,4612,3,01-08-2025,20-11-2025,expired,Not using enough
10322,3994,3,14-11-2025,24-04-2026,expired,Technical issues
10426,5820,3,08-01-2025,04-03-2025,expired,Other
10534,5242,3,12-07-2025,15-10-2025,expired,Not using enough
10617,5332,3,28-06-2025,12-07-2025,expired,Content not relevant
10630,7679,3,17-08-2025,17-09-2025,expired,Other
10642,5691,3,10-06-2025,17-06-2025,expired,Not using enough
10849,5377,3,11-01-2025,19-03-2025,expired,Not using enough
10987,100,3,29-11-2025,27-04-2026,expired,Found alternative
11009,673,3,10-06-2025,12-10-2025,expired,Found alternative
11013,7786,3,10-01-2025,14-05-2025,expired,Found alternative
11054,3053,3,27-08-2025,10-02-2026,expired,Other
11062,4766,3,04-12-2025,13-01-2026,expired,Technical issues
11129,3127,3,29-09-2025,06-01-2026,expired,Not using enough
11158,7572,3,13-12-2025,08-05-2026,expired,Too expensive
11188,732,3,25-03-2025,24-05-2025,expired,Content not relevant
11338,187,3,11-04-2025,06-09-2025,expired,Other
11359,3177,3,11-03-2025,27-06-2025,expired,Too expensive
11364,4620,3,05-09-2025,14-02-2026,expired,Not using enough
11449,6000,3,03-01-2025,15-03-2025,expired,Not using enough
11567,140,3,08-10-2025,06-11-2025,expired,Too expensive
11620,4579,3,28-02-2025,28-06-2025,expired,Not using enough
11653,884,3,12-10-2025,28-02-2026,expired,Content not relevant
11682,922,3,12-01-2026,30-03-2026,expired,Found alternative
11687,6619,3,25-01-2025,08-06-2025,expired,Not using enough
11736,5231,3,26-02-2025,04-04-2025,expired,Found alternative
11815,1901,3,30-11-2025,13-04-2026,expired,Too expensive
11866,2332,3,15-09-2025,02-01-2026,expired,Content not relevant
11926,1510,3,28-09-2025,22-03-2026,expired,Other
11943,2289,3,06-01-2025,29-05-2025,expired,Not using enough
154,3380,4,01-06-2025,17-09-2025,expired,Found alternative
328,3634,4,17-04-2025,12-10-2025,expired,Content not relevant
385,179,4,17-08-2025,05-09-2025,expired,Other
990,7907,4,04-06-2025,19-11-2025,expired,Other
1033,6342,4,31-07-2025,04-01-2026,expired,Found alternative
1205,5335,4,07-11-2025,06-04-2026,expired,Other
1237,2400,4,12-11-2025,31-12-2025,expired,Technical issues
1260,217,4,09-01-2026,24-01-2026,expired,Technical issues
1290,7240,4,31-01-2025,20-03-2025,expired,Technical issues
1411,4349,4,13-12-2025,18-03-2026,expired,Technical issues
1488,7186,4,07-01-2025,17-06-2025,expired,Found alternative
1533,7588,4,10-08-2025,06-01-2026,expired,Other
1556,58,4,29-06-2025,14-07-2025,expired,Technical issues
1569,7023,4,12-06-2025,21-08-2025,expired,Technical issues
1594,3188,4,14-12-2025,26-03-2026,expired,Technical issues
1596,4646,4,14-07-2025,20-11-2025,expired,Not using enough
1739,7821,4,21-12-2025,20-04-2026,expired,Other
1754,3009,4,23-10-2025,06-11-2025,expired,Technical issues
1789,498,4,18-01-2025,03-05-2025,expired,Content not relevant
1894,4708,4,06-05-2025,28-08-2025,expired,Content not relevant
1896,4823,4,15-03-2025,23-06-2025,expired,Not using enough
1907,3328,4,14-01-2025,19-04-2025,expired,Found alternative
1941,2825,4,11-05-2025,28-05-2025,expired,Too expensive
1992,1138,4,13-09-2025,21-11-2025,expired,Technical issues
2020,5829,4,11-04-2025,24-05-2025,expired,Other
2033,123,4,08-07-2025,05-12-2025,expired,Other
2035,5422,4,14-02-2025,30-04-2025,expired,Other
2088,4651,4,13-03-2025,21-07-2025,expired,Technical issues
2191,7108,4,14-11-2025,02-12-2025,expired,Technical issues
2198,7745,4,26-05-2025,23-06-2025,expired,Other
2272,6219,4,02-01-2026,22-04-2026,expired,Too expensive
2315,6412,4,23-03-2025,02-06-2025,expired,Not using enough
2495,7717,4,21-08-2025,07-12-2025,expired,Technical issues
2574,7126,4,29-07-2025,18-12-2025,expired,Technical issues
2644,141,4,29-03-2025,20-06-2025,expired,Too expensive
2663,6043,4,11-07-2025,09-12-2025,expired,Not using enough
2707,4248,4,16-12-2025,21-02-2026,expired,Content not relevant
2778,4534,4,15-03-2025,03-06-2025,expired,Found alternative
2802,5652,4,15-06-2025,30-06-2025,expired,Other
2803,1693,4,23-01-2025,18-04-2025,expired,Technical issues
2889,6338,4,20-12-2025,24-05-2026,expired,Found alternative
2943,3272,4,13-09-2025,04-01-2026,expired,Too expensive
3013,3797,4,09-07-2025,16-11-2025,expired,Found alternative
3081,3066,4,11-10-2025,01-11-2025,expired,Not using enough
3185,6714,4,12-11-2025,30-04-2026,expired,Too expensive
3222,6380,4,24-07-2025,24-10-2025,expired,Found alternative
3292,4376,4,28-10-2025,07-02-2026,expired,Found alternative
3412,2017,4,06-12-2025,23-01-2026,expired,Not using enough
3459,5753,4,11-11-2025,03-04-2026,expired,Not using enough
3466,4973,4,30-05-2025,06-11-2025,expired,Not using enough
3485,3606,4,07-12-2025,22-04-2026,expired,Too expensive
3494,6234,4,07-06-2025,22-07-2025,expired,Found alternative
3603,4116,4,17-09-2025,11-02-2026,expired,Content not relevant
3726,5650,4,04-07-2025,06-10-2025,expired,Other
3743,1701,4,15-03-2025,05-05-2025,expired,Too expensive
4090,1486,4,06-12-2025,04-05-2026,expired,Technical issues
4164,6480,4,04-10-2025,22-12-2025,expired,Found alternative
4254,1151,4,10-02-2025,02-08-2025,expired,Found alternative
4270,540,4,22-10-2025,02-12-2025,expired,Too expensive
4292,3423,4,03-02-2025,09-03-2025,expired,Not using enough
4317,2387,4,02-01-2026,18-06-2026,expired,Too expensive
4441,2269,4,28-08-2025,16-12-2025,expired,Other
4466,4317,4,04-01-2025,30-03-2025,expired,Not using enough
4472,3832,4,30-04-2025,25-07-2025,expired,Found alternative
4477,5246,4,28-12-2025,31-03-2026,expired,Content not relevant
4678,6874,4,13-01-2025,02-04-2025,expired,Content not relevant
4737,1737,4,28-11-2025,14-12-2025,expired,Too expensive
4744,1433,4,28-05-2025,30-06-2025,expired,Other
4812,726,4,06-03-2025,31-03-2025,expired,Not using enough
4830,354,4,01-08-2025,27-11-2025,expired,Found alternative
4985,2792,4,25-04-2025,05-05-2025,expired,Found alternative
4990,5860,4,30-07-2025,18-10-2025,expired,Not using enough
5117,4983,4,06-01-2026,31-01-2026,expired,Too expensive
5195,2714,4,23-09-2025,24-11-2025,expired,Other
5269,7275,4,05-10-2025,24-10-2025,expired,Technical issues
5270,3984,4,12-01-2025,26-06-2025,expired,Found alternative
5346,6680,4,16-01-2026,28-04-2026,expired,Found alternative
5409,7156,4,22-04-2025,14-06-2025,expired,Technical issues
5483,7328,4,17-03-2025,02-05-2025,expired,Content not relevant
5488,5117,4,25-06-2025,26-11-2025,expired,Content not relevant
5507,7840,4,10-09-2025,30-11-2025,expired,Content not relevant
5822,2736,4,23-08-2025,20-12-2025,expired,Other
5827,7020,4,06-07-2025,25-08-2025,expired,Too expensive
6063,7652,4,05-03-2025,22-03-2025,expired,Content not relevant
6144,5950,4,23-11-2025,10-03-2026,expired,Content not relevant
6186,3430,4,24-07-2025,17-01-2026,expired,Found alternative
6310,7264,4,23-07-2025,25-11-2025,expired,Other
6325,7148,4,22-10-2025,03-01-2026,expired,Found alternative
6411,4700,4,01-03-2025,04-08-2025,expired,Technical issues
6416,6499,4,27-07-2025,06-09-2025,expired,Too expensive
6417,3696,4,17-05-2025,04-10-2025,expired,Content not relevant
6615,4483,4,21-01-2025,26-03-2025,expired,Not using enough
6714,2459,4,06-08-2025,17-09-2025,expired,Not using enough
6865,3101,4,08-07-2025,20-08-2025,expired,Other
6891,1082,4,04-11-2025,21-01-2026,expired,Found alternative
7013,6893,4,06-04-2025,10-07-2025,expired,Technical issues
7030,5539,4,26-06-2025,09-08-2025,expired,Technical issues
7159,7322,4,13-03-2025,27-03-2025,expired,Content not relevant
7193,6020,4,22-05-2025,31-08-2025,expired,Other
7220,1974,4,26-09-2025,03-03-2026,expired,Not using enough
7262,4426,4,07-11-2025,02-05-2026,expired,Content not relevant
7277,1790,4,07-06-2025,16-07-2025,expired,Technical issues
7387,4768,4,26-07-2025,07-09-2025,expired,Not using enough
7507,3254,4,02-04-2025,10-05-2025,expired,Found alternative
7656,7001,4,29-04-2025,06-10-2025,expired,Technical issues
7778,2356,4,10-02-2025,19-06-2025,expired,Other
7794,2310,4,26-01-2025,29-05-2025,expired,Not using enough
7883,4608,4,06-06-2025,13-10-2025,expired,Found alternative
8024,4622,4,15-09-2025,03-12-2025,expired,Found alternative
8029,4846,4,08-04-2025,01-09-2025,expired,Too expensive
8109,6464,4,03-02-2025,14-05-2025,expired,Not using enough
8119,3684,4,19-04-2025,21-09-2025,expired,Technical issues
8239,1825,4,20-12-2025,07-05-2026,expired,Content not relevant
8331,5761,4,19-09-2025,23-02-2026,expired,Technical issues
8639,1961,4,09-02-2025,16-07-2025,expired,Too expensive
8744,6016,4,24-04-2025,15-06-2025,expired,Found alternative
8778,1411,4,01-10-2025,15-11-2025,expired,Other
8855,7244,4,01-03-2025,17-04-2025,expired,Content not relevant
8861,3164,4,21-08-2025,18-10-2025,expired,Other
9098,7255,4,16-08-2025,02-12-2025,expired,Technical issues
9187,5598,4,08-03-2025,09-07-2025,expired,Content not relevant
9254,4685,4,31-12-2025,03-05-2026,expired,Technical issues
9256,1467,4,14-04-2025,12-06-2025,expired,Found alternative
9470,3010,4,25-01-2025,12-04-2025,expired,Technical issues
9564,7232,4,29-06-2025,13-11-2025,expired,Other
9616,5283,4,23-07-2025,01-08-2025,expired,Too expensive
9686,1925,4,20-05-2025,11-06-2025,expired,Content not relevant
10107,1505,4,03-08-2025,14-08-2025,expired,Too expensive
10132,3410,4,21-11-2025,30-12-2025,expired,Found alternative
10133,1891,4,05-07-2025,16-10-2025,expired,Technical issues
10279,6420,4,18-07-2025,07-10-2025,expired,Not using enough
10331,7657,4,17-06-2025,30-08-2025,expired,Technical issues
10335,4892,4,11-01-2026,17-03-2026,expired,Not using enough
10454,6873,4,13-08-2025,26-11-2025,expired,Found alternative
10471,7706,4,02-12-2025,22-04-2026,expired,Too expensive
10472,4972,4,24-01-2025,18-07-2025,expired,Technical issues
10538,6199,4,10-03-2025,24-05-2025,expired,Too expensive
10551,7440,4,01-10-2025,14-01-2026,expired,Too expensive
10638,1486,4,29-11-2025,23-01-2026,expired,Not using enough
10867,3143,4,05-10-2025,19-10-2025,expired,Content not relevant
11025,7256,4,28-11-2025,21-05-2026,expired,Too expensive
11028,7392,4,06-04-2025,13-04-2025,expired,Technical issues
11057,589,4,18-10-2025,25-11-2025,expired,Technical issues
11140,4004,4,17-04-2025,04-09-2025,expired,Found alternative
11282,875,4,18-11-2025,27-12-2025,expired,Technical issues
11367,5598,4,05-10-2025,24-11-2025,expired,Content not relevant
11405,2289,4,24-06-2025,23-07-2025,expired,Technical issues
11429,6003,4,07-01-2025,11-04-2025,expired,Found alternative
11513,1998,4,19-08-2025,13-02-2026,expired,Found alternative
11623,76,4,25-04-2025,11-10-2025,expired,Too expensive
11629,3640,4,30-08-2025,18-09-2025,expired,Content not relevant
11814,2734,4,10-07-2025,15-09-2025,expired,Found alternative
11969,2588,4,01-08-2025,05-11-2025,expired,Found alternative
11988,4801,4,15-08-2025,30-12-2025,expired,Too expensive
11999,5883,4,22-12-2025,31-03-2026,expired,Content not relevant
169,2304,5,01-07-2025,12-12-2025,expired,Technical issues
407,3314,5,17-08-2025,29-12-2025,expired,Not using enough
441,3430,5,18-01-2025,04-11-2025,expired,Not using enough
487,7919,5,11-08-2025,14-03-2026,expired,Found alternative
488,4562,5,06-04-2025,24-01-2026,expired,Technical issues
588,3183,5,01-11-2025,19-08-2026,expired,Technical issues
589,2309,5,26-07-2025,15-05-2026,expired,Too expensive
710,4980,5,14-06-2025,04-03-2026,expired,Content not relevant
717,1443,5,02-05-2025,03-12-2025,expired,Technical issues
748,7552,5,22-03-2025,24-12-2025,expired,Content not relevant
758,7719,5,03-11-2025,06-08-2026,expired,Found alternative
764,7897,5,05-02-2025,06-07-2025,expired,Content not relevant
812,7672,5,24-10-2025,18-06-2026,expired,Too expensive
980,1159,5,27-03-2025,24-12-2025,expired,Too expensive
1045,2702,5,03-01-2026,06-09-2026,expired,Found alternative
1132,522,5,21-12-2025,04-11-2026,expired,Found alternative
1372,54,5,31-01-2025,20-06-2025,expired,Technical issues
1423,1006,5,19-05-2025,10-10-2025,expired,Content not relevant
1437,895,5,10-07-2025,21-11-2025,expired,Other
1450,4986,5,15-01-2025,28-07-2025,expired,Not using enough
1500,1904,5,09-04-2025,06-03-2026,expired,Found alternative
1568,6230,5,04-08-2025,14-02-2026,expired,Too expensive
1721,3250,5,15-10-2025,19-09-2026,expired,Not using enough
1867,7802,5,16-06-2025,23-11-2025,expired,Found alternative
2083,219,5,29-08-2025,29-12-2025,expired,Other
2176,5259,5,12-03-2025,09-12-2025,expired,Other
2226,479,5,06-07-2025,14-01-2026,expired,Not using enough
2269,1935,5,14-10-2025,02-04-2026,expired,Found alternative
2302,1666,5,10-02-2025,28-03-2025,expired,Found alternative
2359,3640,5,13-09-2025,18-03-2026,expired,Content not relevant
2411,4205,5,16-10-2025,29-12-2025,expired,Found alternative
2430,2772,5,18-05-2025,31-03-2026,expired,Too expensive
2471,108,5,17-10-2025,13-11-2025,expired,Content not relevant
2478,1881,5,07-03-2025,09-11-2025,expired,Content not relevant
2510,1050,5,03-11-2025,01-08-2026,expired,Too expensive
2567,1636,5,16-02-2025,23-10-2025,expired,Not using enough
2755,986,5,09-06-2025,17-04-2026,expired,Too expensive
2840,6861,5,18-06-2025,22-03-2026,expired,Content not relevant
2987,5616,5,13-07-2025,10-11-2025,expired,Not using enough
3031,4192,5,29-12-2025,15-04-2026,expired,Technical issues
3209,4752,5,26-10-2025,09-10-2026,expired,Content not relevant
3315,607,5,15-10-2025,05-02-2026,expired,Content not relevant
3523,5399,5,15-12-2025,25-01-2026,expired,Too expensive
3565,6712,5,29-12-2025,02-02-2026,expired,Not using enough
3646,3512,5,05-07-2025,29-05-2026,expired,Technical issues
3670,117,5,12-06-2025,01-03-2026,expired,Not using enough
3773,5386,5,09-06-2025,19-05-2026,expired,Other
3807,5143,5,14-01-2026,24-08-2026,expired,Too expensive
3914,2360,5,05-07-2025,28-04-2026,expired,Found alternative
3958,6854,5,06-10-2025,03-02-2026,expired,Not using enough
3985,5517,5,03-01-2025,08-10-2025,expired,Content not relevant
4029,6,5,30-11-2025,04-10-2026,expired,Found alternative
4031,5027,5,03-05-2025,05-03-2026,expired,Content not relevant
4102,5578,5,22-09-2025,30-12-2025,expired,Other
4191,7692,5,03-04-2025,10-09-2025,expired,Other
4328,3397,5,22-05-2025,08-02-2026,expired,Not using enough
4538,6348,5,10-01-2026,30-12-2026,expired,Too expensive
4601,7752,5,25-09-2025,01-09-2026,expired,Content not relevant
4680,5417,5,10-05-2025,16-08-2025,expired,Found alternative
4900,430,5,21-10-2025,09-01-2026,expired,Content not relevant
5051,7313,5,11-06-2025,15-03-2026,expired,Content not relevant
5093,2618,5,21-08-2025,19-02-2026,expired,Technical issues
5202,1779,5,09-12-2025,28-10-2026,expired,Content not relevant
5294,5321,5,10-01-2026,02-04-2026,expired,Other
5296,6970,5,16-10-2025,28-09-2026,expired,Found alternative
5320,3816,5,11-10-2025,14-07-2026,expired,Too expensive
5436,3784,5,16-07-2025,22-12-2025,expired,Content not relevant
5626,4728,5,14-09-2025,24-03-2026,expired,Not using enough
5701,2018,5,18-04-2025,28-02-2026,expired,Too expensive
6166,6437,5,20-05-2025,30-08-2025,expired,Other
6191,7271,5,14-02-2025,19-04-2025,expired,Not using enough
6215,343,5,12-10-2025,14-07-2026,expired,Content not relevant
6228,2963,5,14-06-2025,23-05-2026,expired,Not using enough
6255,4301,5,12-03-2025,30-10-2025,expired,Other
6339,3043,5,12-02-2025,23-07-2025,expired,Not using enough
6387,7945,5,04-10-2025,01-07-2026,expired,Not using enough
6535,1836,5,24-01-2025,01-04-2025,expired,Other
6604,30,5,17-10-2025,26-01-2026,expired,Too expensive
6624,2799,5,30-09-2025,19-08-2026,expired,Found alternative
6662,2720,5,27-04-2025,07-09-2025,expired,Too expensive
6666,3546,5,14-01-2026,22-09-2026,expired,Found alternative
6768,237,5,06-01-2026,27-02-2026,expired,Too expensive
6771,209,5,10-01-2026,05-12-2026,expired,Other
6874,7891,5,12-01-2026,23-11-2026,expired,Too expensive
6892,813,5,29-07-2025,17-06-2026,expired,Not using enough
7005,419,5,23-11-2025,11-04-2026,expired,Not using enough
7177,39,5,12-03-2025,24-12-2025,expired,Found alternative
7270,4391,5,22-03-2025,13-11-2025,expired,Too expensive
7312,162,5,26-12-2025,03-10-2026,expired,Not using enough
7324,571,5,25-04-2025,12-07-2025,expired,Found alternative
7351,5173,5,20-08-2025,22-09-2025,expired,Other
7761,7539,5,25-04-2025,29-09-2025,expired,Content not relevant
7965,558,5,03-09-2025,05-10-2025,expired,Other
8333,7205,5,14-12-2025,06-10-2026,expired,Technical issues
8352,159,5,28-11-2025,14-04-2026,expired,Other
8355,5882,5,15-01-2025,13-05-2025,expired,Not using enough
8469,5648,5,31-12-2025,27-07-2026,expired,Other
8481,6077,5,19-06-2025,12-09-2025,expired,Not using enough
8762,5974,5,18-05-2025,25-10-2025,expired,Content not relevant
8884,6214,5,02-03-2025,14-06-2025,expired,Found alternative
8940,6021,5,16-06-2025,30-10-2025,expired,Not using enough
9292,3719,5,16-02-2025,24-12-2025,expired,Content not relevant
9519,3685,5,03-01-2026,13-07-2026,expired,Technical issues
9684,38,5,25-01-2025,10-04-2025,expired,Not using enough
9845,6823,5,04-03-2025,20-09-2025,expired,Not using enough
9856,3543,5,10-05-2025,01-02-2026,expired,Not using enough
9869,3645,5,14-08-2025,23-11-2025,expired,Found alternative
9926,5099,5,13-04-2025,19-10-2025,expired,Technical issues
10021,7661,5,23-01-2025,25-07-2025,expired,Other
10105,610,5,23-05-2025,15-01-2026,expired,Technical issues
10117,1979,5,17-01-2026,22-12-2026,expired,Not using enough
10326,634,5,03-02-2025,17-11-2025,expired,Technical issues
10440,4911,5,13-07-2025,09-02-2026,expired,Too expensive
10737,7567,5,11-08-2025,22-01-2026,expired,Too expensive
10778,4951,5,12-02-2025,16-03-2025,expired,Not using enough
10875,2473,5,10-10-2025,01-10-2026,expired,Other
10886,6309,5,23-06-2025,14-02-2026,expired,Other
11016,7143,5,12-06-2025,13-08-2025,expired,Not using enough
11089,1960,5,20-03-2025,05-03-2026,expired,Content not relevant
11220,4340,5,01-10-2025,18-03-2026,expired,Not using enough
11371,6998,5,07-06-2025,27-10-2025,expired,Technical issues
11397,4012,5,12-01-2026,17-06-2026,expired,Other
11420,4642,5,05-04-2025,25-03-2026,expired,Not using enough
11450,185,5,27-01-2025,26-12-2025,expired,Found alternative
11547,2868,5,08-08-2025,23-06-2026,expired,Technical issues
11659,4056,5,28-02-2025,21-10-2025,expired,Technical issues
11661,1902,5,19-10-2025,11-02-2026,expired,Found alternative
11775,5249,5,26-07-2025,12-07-2026,expired,Too expensive
11986,3090,5,18-01-2025,11-11-2025,expired,Content not relevant
63,2555,6,05-06-2025,24-11-2025,expired,Not using enough
140,6441,6,04-01-2026,20-04-2026,expired,Not using enough
165,6326,6,14-10-2025,28-04-2026,expired,Other
175,2268,6,05-11-2025,24-04-2026,expired,Too expensive
502,1567,6,06-11-2025,19-08-2026,expired,Found alternative
595,7228,6,23-04-2025,30-07-2025,expired,Found alternative
626,5432,6,05-05-2025,07-12-2025,expired,Found alternative
859,3444,6,19-03-2025,17-12-2025,expired,Too expensive
927,1073,6,28-10-2025,26-08-2026,expired,Technical issues
933,7176,6,28-03-2025,08-01-2026,expired,Technical issues
962,5096,6,25-08-2025,21-08-2026,expired,Other
971,1910,6,05-11-2025,08-02-2026,expired,Technical issues
996,7926,6,27-01-2025,17-12-2025,expired,Technical issues
1061,4105,6,22-04-2025,10-09-2025,expired,Technical issues
1298,1561,6,09-06-2025,03-11-2025,expired,Technical issues
1310,1792,6,20-10-2025,09-04-2026,expired,Content not relevant
1377,6667,6,23-06-2025,07-05-2026,expired,Technical issues
1382,2022,6,10-01-2025,16-10-2025,expired,Found alternative
1407,7040,6,20-02-2025,20-01-2026,expired,Other
1480,4360,6,31-01-2025,25-03-2025,expired,Not using enough
1731,3957,6,02-05-2025,20-07-2025,expired,Found alternative
2030,5321,6,09-10-2025,02-07-2026,expired,Technical issues
2100,92,6,07-08-2025,08-10-2025,expired,Too expensive
2177,5975,6,15-06-2025,02-03-2026,expired,Content not relevant
2304,6219,6,20-11-2025,11-05-2026,expired,Too expensive
2490,3182,6,28-04-2025,25-09-2025,expired,Technical issues
2562,258,6,02-02-2025,08-10-2025,expired,Other
2694,762,6,02-01-2025,16-02-2025,expired,Too expensive
2792,7663,6,15-12-2025,26-05-2026,expired,Found alternative
2865,1274,6,17-11-2025,14-10-2026,expired,Not using enough
2890,2992,6,24-11-2025,21-09-2026,expired,Found alternative
3040,6020,6,18-12-2025,17-11-2026,expired,Technical issues
3071,3859,6,02-04-2025,15-06-2025,expired,Content not relevant
3157,4019,6,07-01-2025,28-02-2025,expired,Other
3228,604,6,26-06-2025,29-08-2025,expired,Content not relevant
3661,2640,6,17-08-2025,10-05-2026,expired,Too expensive
3770,3449,6,23-02-2025,15-09-2025,expired,Found alternative
3962,4624,6,26-12-2025,10-01-2026,expired,Found alternative
3964,1678,6,04-10-2025,15-05-2026,expired,Technical issues
3970,5238,6,11-11-2025,23-02-2026,expired,Too expensive
4106,7197,6,28-06-2025,18-08-2025,expired,Not using enough
4139,2219,6,16-09-2025,23-12-2025,expired,Content not relevant
4192,1549,6,02-11-2025,21-11-2025,expired,Too expensive
4216,2285,6,10-01-2025,07-12-2025,expired,Other
4975,5471,6,05-12-2025,29-03-2026,expired,Too expensive
5062,5686,6,30-08-2025,05-07-2026,expired,Other
5070,5220,6,06-08-2025,12-03-2026,expired,Too expensive
5073,1296,6,10-11-2025,10-03-2026,expired,Too expensive
5138,336,6,20-12-2025,31-07-2026,expired,Content not relevant
5224,4223,6,22-08-2025,25-10-2025,expired,Too expensive
5245,156,6,12-04-2025,27-09-2025,expired,Technical issues
5299,1312,6,16-12-2025,06-09-2026,expired,Too expensive
5357,109,6,20-07-2025,17-08-2025,expired,Not using enough
5502,5853,6,04-07-2025,13-06-2026,expired,Too expensive
5579,3031,6,13-01-2026,09-02-2026,expired,Not using enough
5611,548,6,03-06-2025,23-05-2026,expired,Technical issues
5662,3366,6,13-04-2025,24-08-2025,expired,Too expensive
5709,2361,6,29-10-2025,30-03-2026,expired,Not using enough
5771,7656,6,27-05-2025,08-02-2026,expired,Too expensive
5880,2829,6,10-08-2025,27-03-2026,expired,Found alternative
5918,1995,6,02-11-2025,31-08-2026,expired,Not using enough
6024,6434,6,20-02-2025,26-01-2026,expired,Technical issues
6044,480,6,06-12-2025,01-02-2026,expired,Too expensive
6056,7432,6,13-01-2026,16-11-2026,expired,Other
6120,7708,6,24-08-2025,17-12-2025,expired,Too expensive
6266,1630,6,28-05-2025,21-09-2025,expired,Other
6336,5246,6,16-09-2025,16-11-2025,expired,Content not relevant
6437,1643,6,20-06-2025,11-07-2025,expired,Other
6831,5548,6,02-03-2025,02-05-2025,expired,Too expensive
6889,4320,6,01-01-2025,15-04-2025,expired,Content not relevant
6930,57,6,04-07-2025,26-08-2025,expired,Content not relevant
7049,7067,6,27-08-2025,17-07-2026,expired,Other
7136,3379,6,08-09-2025,15-01-2026,expired,Not using enough
7143,2290,6,29-06-2025,20-10-2025,expired,Other
7288,5807,6,12-12-2025,17-04-2026,expired,Too expensive
7350,3156,6,11-03-2025,15-09-2025,expired,Found alternative
7463,6943,6,05-07-2025,08-01-2026,expired,Not using enough
7466,2527,6,08-09-2025,19-03-2026,expired,Not using enough
7595,1069,6,22-08-2025,01-06-2026,expired,Content not relevant
7855,2034,6,15-08-2025,05-03-2026,expired,Other
8002,7178,6,31-01-2025,17-02-2025,expired,Content not relevant
8136,2489,6,30-04-2025,28-12-2025,expired,Not using enough
8193,2929,6,20-05-2025,10-07-2025,expired,Technical issues
8304,664,6,05-06-2025,27-05-2026,expired,Other
8470,4019,6,16-05-2025,13-10-2025,expired,Not using enough
8532,3723,6,11-01-2025,26-03-2025,expired,Content not relevant
8712,1536,6,05-08-2025,31-01-2026,expired,Not using enough
8760,3365,6,10-11-2025,05-12-2025,expired,Found alternative
8789,7302,6,11-07-2025,25-12-2025,expired,Other
8815,431,6,25-01-2025,12-05-2025,expired,Content not relevant
8830,3243,6,24-07-2025,03-03-2026,expired,Found alternative
8879,7373,6,09-12-2025,09-06-2026,expired,Not using enough
8913,700,6,02-10-2025,08-09-2026,expired,Technical issues
9138,1707,6,26-02-2025,07-01-2026,expired,Not using enough
9185,2228,6,06-03-2025,30-09-2025,expired,Too expensive
9367,7094,6,07-11-2025,27-05-2026,expired,Found alternative
9410,2649,6,05-01-2025,26-04-2025,expired,Technical issues
9433,6516,6,12-08-2025,06-12-2025,expired,Technical issues
9462,3471,6,14-09-2025,13-10-2025,expired,Not using enough
9606,56,6,09-05-2025,12-06-2025,expired,Other
9889,3297,6,04-09-2025,23-01-2026,expired,Too expensive
9943,3254,6,03-06-2025,09-12-2025,expired,Technical issues
9972,1268,6,06-08-2025,07-01-2026,expired,Technical issues
10041,7911,6,17-04-2025,21-07-2025,expired,Content not relevant
10106,4029,6,29-06-2025,20-02-2026,expired,Not using enough
10180,1769,6,28-06-2025,30-11-2025,expired,Content not relevant
10334,7776,6,19-07-2025,17-03-2026,expired,Content not relevant
10378,3284,6,03-01-2025,15-02-2025,expired,Content not relevant
10468,6606,6,05-05-2025,15-07-2025,expired,Technical issues
10851,6704,6,10-10-2025,27-09-2026,expired,Found alternative
11085,4432,6,14-08-2025,01-11-2025,expired,Too expensive
11092,7099,6,18-07-2025,02-07-2026,expired,Content not relevant
11130,1075,6,19-10-2025,20-08-2026,expired,Content not relevant
11236,2347,6,08-10-2025,29-10-2025,expired,Content not relevant
11393,3786,6,11-12-2025,06-10-2026,expired,Found alternative
11466,4101,6,19-12-2025,19-11-2026,expired,Content not relevant
11530,4204,6,24-08-2025,31-01-2026,expired,Content not relevant
11650,5561,6,02-01-2026,19-03-2026,expired,Not using enough
11716,4488,6,24-02-2025,04-01-2026,expired,Not using enough
11868,1743,6,13-09-2025,08-02-2026,expired,Not using enough
94,6942,7,01-05-2025,11-08-2025,expired,Content not relevant
211,7615,7,03-12-2025,01-07-2026,expired,Not using enough
251,5585,7,20-04-2025,06-04-2026,expired,Content not relevant
292,6178,7,09-09-2025,22-03-2026,expired,Not using enough
308,6459,7,18-09-2025,29-05-2026,expired,Content not relevant
391,6178,7,15-01-2026,10-08-2026,expired,Content not relevant
528,2419,7,22-08-2025,10-10-2025,expired,Not using enough
865,6561,7,24-04-2025,23-07-2025,expired,Found alternative
1264,4016,7,12-05-2025,27-05-2025,expired,Not using enough
1280,941,7,08-10-2025,12-09-2026,expired,Not using enough
1457,3784,7,04-03-2025,28-11-2025,expired,Other
1463,356,7,16-02-2025,23-08-2025,expired,Too expensive
1484,1501,7,28-10-2025,27-09-2026,expired,Other
1534,2784,7,22-06-2025,07-12-2025,expired,Not using enough
1965,2308,7,17-06-2025,25-05-2026,expired,Found alternative
1973,6339,7,03-09-2025,20-01-2026,expired,Other
2041,2679,7,14-01-2025,09-04-2025,expired,Content not relevant
2348,4789,7,28-12-2025,02-07-2026,expired,Other
2518,4896,7,13-01-2026,11-08-2026,expired,Technical issues
2563,4597,7,10-04-2025,06-01-2026,expired,Too expensive
2680,3929,7,22-11-2025,15-09-2026,expired,Content not relevant
2820,4764,7,09-03-2025,21-08-2025,expired,Other
2822,1138,7,05-05-2025,14-10-2025,expired,Content not relevant
2878,7164,7,05-04-2025,04-03-2026,expired,Content not relevant
2906,5441,7,10-03-2025,27-12-2025,expired,Not using enough
2923,6854,7,14-01-2025,13-09-2025,expired,Not using enough
3046,3191,7,16-01-2026,17-09-2026,expired,Technical issues
3070,6369,7,29-05-2025,06-05-2026,expired,Technical issues
3110,4817,7,28-01-2025,16-11-2025,expired,Technical issues
3554,3931,7,02-02-2025,08-04-2025,expired,Not using enough
3567,1642,7,15-05-2025,07-06-2025,expired,Content not relevant
3618,4432,7,12-05-2025,20-11-2025,expired,Found alternative
3804,4761,7,18-03-2025,22-07-2025,expired,Not using enough
4037,2854,7,01-10-2025,27-07-2026,expired,Too expensive
4047,2928,7,16-06-2025,07-10-2025,expired,Technical issues
4048,6680,7,10-12-2025,10-08-2026,expired,Technical issues
4092,7227,7,18-07-2025,17-05-2026,expired,Found alternative
4293,7483,7,06-10-2025,11-05-2026,expired,Found alternative
4332,2152,7,16-01-2026,15-11-2026,expired,Technical issues
4418,953,7,02-09-2025,20-10-2025,expired,Other
4479,6643,7,11-11-2025,08-10-2026,expired,Not using enough
4688,2698,7,25-05-2025,02-10-2025,expired,Technical issues
4833,4994,7,10-11-2025,23-09-2026,expired,Found alternative
5005,6394,7,01-03-2025,22-12-2025,expired,Found alternative
5074,1941,7,19-10-2025,01-05-2026,expired,Found alternative
5574,4881,7,21-01-2025,04-03-2025,expired,Not using enough
5765,3617,7,08-01-2025,22-09-2025,expired,Too expensive
5840,7666,7,18-02-2025,10-02-2026,expired,Not using enough
5993,4199,7,12-08-2025,18-03-2026,expired,Found alternative
6108,2366,7,13-01-2026,03-11-2026,expired,Other
6237,1498,7,15-07-2025,23-12-2025,expired,Not using enough
6550,1642,7,15-12-2025,24-05-2026,expired,Other
6626,4712,7,17-12-2025,15-02-2026,expired,Not using enough
6683,6543,7,12-01-2026,25-09-2026,expired,Technical issues
6732,4123,7,08-07-2025,19-05-2026,expired,Not using enough
6909,2770,7,05-07-2025,15-04-2026,expired,Found alternative
6952,5658,7,25-02-2025,05-10-2025,expired,Not using enough
6963,4970,7,27-09-2025,20-12-2025,expired,Too expensive
6975,4224,7,08-12-2025,13-09-2026,expired,Technical issues
7034,2856,7,24-06-2025,31-07-2025,expired,Not using enough
7045,4513,7,14-09-2025,28-04-2026,expired,Too expensive
7115,4748,7,05-05-2025,27-05-2025,expired,Not using enough
7122,4066,7,20-09-2025,24-06-2026,expired,Other
7189,6042,7,05-05-2025,20-04-2026,expired,Found alternative
7255,330,7,09-11-2025,07-04-2026,expired,Content not relevant
7381,2896,7,02-12-2025,29-09-2026,expired,Found alternative
7454,3005,7,17-09-2025,30-06-2026,expired,Found alternative
7886,278,7,27-05-2025,02-07-2025,expired,Other
8129,3622,7,28-01-2025,27-10-2025,expired,Technical issues
8199,387,7,22-03-2025,29-12-2025,expired,Not using enough
8214,6826,7,01-06-2025,22-02-2026,expired,Too expensive
8219,4819,7,06-06-2025,15-11-2025,expired,Not using enough
8253,2296,7,11-10-2025,22-08-2026,expired,Content not relevant
8544,3226,7,12-01-2025,01-10-2025,expired,Other
8610,3797,7,04-03-2025,10-09-2025,expired,Content not relevant
8614,1772,7,26-03-2025,10-08-2025,expired,Found alternative
8632,3121,7,29-09-2025,19-07-2026,expired,Technical issues
8719,7754,7,30-01-2025,20-06-2025,expired,Not using enough
9071,138,7,08-01-2025,21-10-2025,expired,Content not relevant
9238,6008,7,18-12-2025,06-11-2026,expired,Found alternative
9288,4483,7,20-09-2025,20-05-2026,expired,Found alternative
9323,3014,7,19-06-2025,10-09-2025,expired,Other
9345,2199,7,06-08-2025,16-01-2026,expired,Not using enough
9347,5713,7,04-05-2025,27-12-2025,expired,Other
9436,6380,7,20-12-2025,18-07-2026,expired,Not using enough
9637,4328,7,18-10-2025,25-04-2026,expired,Technical issues
9736,1758,7,19-03-2025,07-04-2025,expired,Content not relevant
9897,4337,7,01-11-2025,25-10-2026,expired,Not using enough
10063,5126,7,20-07-2025,05-03-2026,expired,Not using enough
10085,7980,7,22-06-2025,25-05-2026,expired,Technical issues
10098,5097,7,04-06-2025,28-01-2026,expired,Other
10119,3811,7,18-10-2025,09-06-2026,expired,Other
10120,5467,7,12-06-2025,28-11-2025,expired,Too expensive
10579,1287,7,06-12-2025,04-07-2026,expired,Content not relevant
10704,5723,7,26-06-2025,22-07-2025,expired,Content not relevant
11134,1273,7,03-12-2025,03-10-2026,expired,Too expensive
11141,3265,7,16-08-2025,30-07-2026,expired,Found alternative
11399,5168,7,28-07-2025,08-05-2026,expired,Other
11614,1360,7,03-01-2025,07-11-2025,expired,Not using enough
11786,5194,7,28-08-2025,29-06-2026,expired,Too expensive
113,7338,8,14-11-2025,17-01-2026,expired,Technical issues
182,129,8,17-05-2025,14-10-2025,expired,Other
410,492,8,30-11-2025,15-12-2025,expired,Technical issues
608,5377,8,07-10-2025,04-12-2025,expired,Technical issues
613,5367,8,10-01-2026,25-02-2026,expired,Not using enough
735,4488,8,11-10-2025,25-03-2026,expired,Content not relevant
741,4704,8,26-09-2025,27-01-2026,expired,Content not relevant
895,1819,8,19-03-2025,31-05-2025,expired,Technical issues
1385,444,8,15-01-2025,11-02-2025,expired,Not using enough
1582,3940,8,13-08-2025,14-01-2026,expired,Other
1724,3507,8,12-02-2025,12-03-2025,expired,Other
1774,5788,8,14-12-2025,04-06-2026,expired,Content not relevant
2037,2,8,05-07-2025,08-08-2025,expired,Found alternative
2047,6836,8,17-07-2025,01-08-2025,expired,Found alternative
2482,2275,8,26-02-2025,07-06-2025,expired,Technical issues
2716,4581,8,13-12-2025,20-03-2026,expired,Content not relevant
2727,7916,8,03-01-2025,13-03-2025,expired,Content not relevant
2764,4881,8,13-11-2025,24-11-2025,expired,Other
2780,828,8,01-04-2025,08-05-2025,expired,Too expensive
3514,2765,8,21-11-2025,05-04-2026,expired,Found alternative
3729,4257,8,24-08-2025,27-01-2026,expired,Not using enough
3933,1852,8,17-01-2026,24-03-2026,expired,Technical issues
4024,4266,8,02-02-2025,28-02-2025,expired,Found alternative
4076,6457,8,14-09-2025,09-03-2026,expired,Technical issues
4121,1589,8,30-10-2025,15-01-2026,expired,Not using enough
4315,4213,8,26-01-2025,10-04-2025,expired,Not using enough
4353,3578,8,05-10-2025,27-11-2025,expired,Other
4377,5348,8,05-01-2026,11-03-2026,expired,Technical issues
4425,2696,8,29-01-2025,27-03-2025,expired,Too expensive
4610,5373,8,12-04-2025,12-05-2025,expired,Not using enough
4938,5480,8,03-09-2025,27-12-2025,expired,Found alternative
5020,1195,8,07-06-2025,25-10-2025,expired,Content not relevant
5166,6482,8,17-07-2025,10-12-2025,expired,Found alternative
5177,5565,8,03-04-2025,12-09-2025,expired,Too expensive
5399,4613,8,25-12-2025,09-01-2026,expired,Content not relevant
5428,1397,8,24-07-2025,03-12-2025,expired,Other
5557,468,8,08-11-2025,19-03-2026,expired,Found alternative
5732,2031,8,05-09-2025,24-11-2025,expired,Other
5836,566,8,13-01-2026,05-02-2026,expired,Not using enough
5867,7233,8,08-12-2025,27-02-2026,expired,Found alternative
6157,4633,8,11-01-2026,04-03-2026,expired,Other
6505,306,8,06-01-2026,01-04-2026,expired,Content not relevant
6506,6516,8,22-03-2025,31-05-2025,expired,Too expensive
6548,581,8,30-01-2025,20-07-2025,expired,Other
6791,2071,8,08-03-2025,02-09-2025,expired,Found alternative
7018,3607,8,07-01-2026,21-06-2026,expired,Found alternative
7044,7170,8,24-01-2025,06-07-2025,expired,Content not relevant
7151,1718,8,12-03-2025,24-07-2025,expired,Content not relevant
7323,1634,8,20-09-2025,16-10-2025,expired,Content not relevant
7388,6914,8,22-10-2025,11-03-2026,expired,Found alternative
7722,2148,8,22-02-2025,17-07-2025,expired,Other
7797,1748,8,19-09-2025,13-12-2025,expired,Too expensive
8113,1704,8,17-07-2025,21-10-2025,expired,Not using enough
8171,4888,8,23-07-2025,13-09-2025,expired,Not using enough
8376,2488,8,14-01-2025,03-07-2025,expired,Other
8442,3766,8,09-03-2025,14-05-2025,expired,Found alternative
8551,173,8,09-12-2025,11-03-2026,expired,Technical issues
8607,2677,8,31-12-2025,21-04-2026,expired,Other
8822,7615,8,11-06-2025,12-11-2025,expired,Other
8881,2076,8,11-06-2025,15-11-2025,expired,Content not relevant
9125,2719,8,26-03-2025,19-05-2025,expired,Technical issues
9220,3021,8,29-04-2025,03-09-2025,expired,Not using enough
9354,1577,8,12-11-2025,30-12-2025,expired,Found alternative
9360,6473,8,18-02-2025,16-05-2025,expired,Technical issues
9420,344,8,24-05-2025,09-08-2025,expired,Other
9460,2880,8,23-09-2025,16-01-2026,expired,Content not relevant
9819,2187,8,30-04-2025,02-08-2025,expired,Other
9832,1506,8,14-01-2025,24-06-2025,expired,Not using enough
9843,4748,8,10-05-2025,01-07-2025,expired,Found alternative
10243,1139,8,24-09-2025,17-03-2026,expired,Too expensive
10525,1657,8,16-07-2025,09-01-2026,expired,Technical issues
10573,4810,8,10-04-2025,12-09-2025,expired,Too expensive
10607,6316,8,20-11-2025,29-04-2026,expired,Content not relevant
10659,6443,8,29-06-2025,06-12-2025,expired,Found alternative
10844,6617,8,14-04-2025,07-10-2025,expired,Too expensive
10918,7257,8,07-05-2025,02-06-2025,expired,Found alternative
11051,7251,8,11-08-2025,29-09-2025,expired,Not using enough
11238,1052,8,26-07-2025,19-11-2025,expired,Technical issues
11343,4140,8,04-10-2025,27-11-2025,expired,Other
11386,608,8,22-12-2025,02-02-2026,expired,Found alternative
11464,7737,8,10-10-2025,27-11-2025,expired,Other
11818,7086,8,30-07-2025,28-08-2025,expired,Technical issues
