user_id,signup_date,country,city,gender,age_group,Sort_Age_Group,acquisition_channel,device_type,is_active
208,22-Oct-25,India,Delhi,Male,25-34,2,Direct,iOS,False
356,15-Dec-25,India,Delhi,Male,25-34,2,Referral,Web,True
781,13-May-25,India,Delhi,Male,25-34,2,Social,Android,True
824,07-Mar-25,India,Delhi,Male,25-34,2,Email,Android,True
967,26-May-25,India,Delhi,Male,25-34,2,Direct,Android,True
1011,18-Nov-25,India,Delhi,Male,25-34,2,Social,iOS,False
1016,14-May-25,India,Delhi,Male,25-34,2,App Store,Android,False
1148,08-Jun-25,India,Delhi,Male,25-34,2,Direct,iOS,True
1200,16-Apr-25,India,Delhi,Male,25-34,2,Email,Web,True
1215,01-Jul-25,India,Delhi,Male,25-34,2,Direct,iOS,True
1234,21-Oct-25,India,Delhi,Male,25-34,2,Social,Android,True
1280,13-Oct-25,India,Delhi,Male,25-34,2,Social,Android,True
1359,13-Sep-25,India,Delhi,Male,25-34,2,App Store,Web,True
1439,29-May-25,India,Delhi,Male,25-34,2,App Store,Web,True
1532,03-Aug-25,India,Delhi,Male,25-34,2,App Store,Android,True
1534,11-Aug-25,India,Delhi,Male,25-34,2,Influencer,Android,True
1930,01-Nov-25,India,Delhi,Male,25-34,2,Organic Search,iOS,True
1982,27-Oct-25,India,Delhi,Male,25-34,2,Direct,iOS,True
2080,27-Dec-25,India,Delhi,Male,25-34,2,Referral,Android,True
2234,31-Oct-25,India,Delhi,Male,25-34,2,Email,Android,True
2382,05-Feb-25,India,Delhi,Male,25-34,2,Direct,iOS,True
2400,29-May-25,India,Delhi,Male,25-34,2,Direct,iOS,True
2423,30-May-25,India,Delhi,Male,25-34,2,Paid Search,Android,True
2431,16-Apr-25,India,Delhi,Male,25-34,2,Paid Search,iOS,True
2783,20-Jun-25,India,Delhi,Male,25-34,2,Influencer,Android,True
3090,27-Feb-25,India,Delhi,Male,25-34,2,App Store,Android,True
3127,31-Dec-25,India,Delhi,Male,25-34,2,App Store,Web,False
3339,06-Mar-25,India,Delhi,Male,25-34,2,Referral,iOS,True
3458,26-Jun-25,India,Delhi,Male,25-34,2,Influencer,iOS,True
3588,05-May-25,India,Delhi,Male,25-34,2,Influencer,Android,False
3607,09-Mar-25,India,Delhi,Male,25-34,2,Influencer,iOS,True
3668,03-Jul-25,India,Delhi,Male,25-34,2,App Store,iOS,True
3712,27-May-25,India,Delhi,Male,25-34,2,Paid Search,iOS,False
3742,12-Jun-25,India,Delhi,Male,25-34,2,Direct,iOS,True
4115,11-Aug-25,India,Delhi,Male,25-34,2,Referral,Android,True
4152,03-Jun-25,India,Delhi,Male,25-34,2,Influencer,iOS,True
4278,26-Apr-25,India,Delhi,Male,25-34,2,Email,iOS,True
4356,29-Sep-25,India,Delhi,Male,25-34,2,App Store,Web,False
4438,17-Jun-25,India,Delhi,Male,25-34,2,App Store,Android,True
4833,13-Nov-25,India,Delhi,Male,25-34,2,Social,iOS,True
4835,08-May-25,India,Delhi,Male,25-34,2,Organic Search,iOS,True
4845,10-Nov-25,India,Delhi,Male,25-34,2,Influencer,iOS,True
4883,30-Jan-25,India,Delhi,Male,25-34,2,Paid Search,Web,True
5127,01-Jul-25,India,Delhi,Male,25-34,2,Referral,iOS,False
5164,31-Mar-25,India,Delhi,Male,25-34,2,Social,Web,True
5200,22-Aug-25,India,Delhi,Male,25-34,2,Social,iOS,True
5272,29-Oct-25,India,Delhi,Male,25-34,2,Paid Search,iOS,True
5401,26-Sep-25,India,Delhi,Male,25-34,2,Direct,iOS,True
5425,26-Apr-25,India,Delhi,Male,25-34,2,Social,Web,True
5446,28-Sep-25,India,Delhi,Male,25-34,2,Influencer,Web,True
5458,06-Jan-26,India,Delhi,Male,25-34,2,Paid Search,Android,True
5459,19-May-25,India,Delhi,Male,25-34,2,App Store,iOS,False
5572,06-Dec-25,India,Delhi,Male,25-34,2,Social,iOS,True
5614,06-Feb-25,India,Delhi,Male,25-34,2,Referral,Web,True
5723,15-Oct-25,India,Delhi,Male,25-34,2,App Store,Web,True
5759,18-Aug-25,India,Delhi,Male,25-34,2,Direct,iOS,True
5901,11-Oct-25,India,Delhi,Male,25-34,2,Paid Search,Android,True
5983,18-Nov-25,India,Delhi,Male,25-34,2,Influencer,Android,True
6012,16-Apr-25,India,Delhi,Male,25-34,2,Email,Web,True
6226,25-Oct-25,India,Delhi,Male,25-34,2,Influencer,Android,True
6318,03-Sep-25,India,Delhi,Male,25-34,2,Email,Android,True
6519,20-Jun-25,India,Delhi,Male,25-34,2,Email,iOS,True
6560,17-Mar-25,India,Delhi,Male,25-34,2,Paid Search,Android,True
6590,10-Sep-25,India,Delhi,Male,25-34,2,Paid Search,Android,True
6673,17-Jun-25,India,Delhi,Male,25-34,2,Paid Search,Android,True
6846,04-Jun-25,India,Delhi,Male,25-34,2,Influencer,iOS,False
6848,03-Feb-25,India,Delhi,Male,25-34,2,Referral,Android,True
7033,15-Apr-25,India,Delhi,Male,25-34,2,Direct,Android,True
7065,20-Sep-25,India,Delhi,Male,25-34,2,Influencer,iOS,True
7104,07-Jun-25,India,Delhi,Male,25-34,2,Influencer,Web,True
7252,13-Jan-25,India,Delhi,Male,25-34,2,Email,iOS,False
7495,16-Jul-25,India,Delhi,Male,25-34,2,App Store,iOS,True
7674,07-May-25,India,Delhi,Male,25-34,2,Email,Web,True
7884,03-Mar-25,India,Delhi,Male,25-34,2,Email,Android,True
7911,08-Nov-25,India,Delhi,Male,25-34,2,Social,Android,True
7979,15-Jul-25,India,Delhi,Male,25-34,2,Influencer,iOS,True
18,30-May-25,India,Ahmedabad,Male,25-34,2,Influencer,Android,True
372,23-Feb-25,India,Ahmedabad,Male,25-34,2,Paid Search,Android,True
412,20-Feb-25,India,Ahmedabad,Male,25-34,2,Direct,iOS,True
414,05-Jul-25,India,Ahmedabad,Male,25-34,2,Email,Android,True
521,04-Sep-25,India,Ahmedabad,Male,25-34,2,Direct,Android,True
578,13-Jan-25,India,Ahmedabad,Male,25-34,2,Organic Search,Android,True
733,23-Dec-25,India,Ahmedabad,Male,25-34,2,Email,iOS,True
783,16-Sep-25,India,Ahmedabad,Male,25-34,2,Email,Web,True
1053,18-May-25,India,Ahmedabad,Male,25-34,2,Referral,Web,False
1081,01-Mar-25,India,Ahmedabad,Male,25-34,2,Social,iOS,True
1178,14-May-25,India,Ahmedabad,Male,25-34,2,Referral,Web,True
1224,21-Jul-25,India,Ahmedabad,Male,25-34,2,Influencer,Web,True
1297,25-Dec-25,India,Ahmedabad,Male,25-34,2,Paid Search,Web,True
1954,27-Jul-25,India,Ahmedabad,Male,25-34,2,Paid Search,Android,True
1996,26-Jul-25,India,Ahmedabad,Male,25-34,2,Social,iOS,True
2003,24-Jan-25,India,Ahmedabad,Male,25-34,2,Social,Web,True
2019,07-Mar-25,India,Ahmedabad,Male,25-34,2,Direct,Android,True
2120,28-Jun-25,India,Ahmedabad,Male,25-34,2,Organic Search,Android,True
2158,17-Oct-25,India,Ahmedabad,Male,25-34,2,Social,Web,True
2184,08-Aug-25,India,Ahmedabad,Male,25-34,2,Email,iOS,True
2271,21-Feb-25,India,Ahmedabad,Male,25-34,2,Organic Search,iOS,True
2409,16-Sep-25,India,Ahmedabad,Male,25-34,2,Email,Android,False
2546,01-Mar-25,India,Ahmedabad,Male,25-34,2,Organic Search,iOS,True
2630,21-Aug-25,India,Ahmedabad,Male,25-34,2,App Store,Android,False
2884,19-Apr-25,India,Ahmedabad,Male,25-34,2,Email,Android,True
2929,16-Dec-25,India,Ahmedabad,Male,25-34,2,Email,Android,False
3057,05-May-25,India,Ahmedabad,Male,25-34,2,App Store,Android,False
3117,24-Feb-25,India,Ahmedabad,Male,25-34,2,Direct,Web,True
3260,24-Nov-25,India,Ahmedabad,Male,25-34,2,Social,iOS,True
3302,05-Nov-25,India,Ahmedabad,Male,25-34,2,Referral,iOS,True
3560,05-Mar-25,India,Ahmedabad,Male,25-34,2,App Store,Android,True
3582,19-Sep-25,India,Ahmedabad,Male,25-34,2,Referral,Android,True
3644,02-Oct-25,India,Ahmedabad,Male,25-34,2,Organic Search,Android,True
3810,09-Aug-25,India,Ahmedabad,Male,25-34,2,Social,Web,True
3896,12-Nov-25,India,Ahmedabad,Male,25-34,2,Referral,Android,True
3952,03-Jan-25,India,Ahmedabad,Male,25-34,2,Social,Web,True
4080,18-Feb-25,India,Ahmedabad,Male,25-34,2,Influencer,Android,True
4108,21-Oct-25,India,Ahmedabad,Male,25-34,2,Paid Search,Android,True
4170,18-Dec-25,India,Ahmedabad,Male,25-34,2,Social,Web,True
4199,04-Jun-25,India,Ahmedabad,Male,25-34,2,Direct,Android,True
4292,07-Oct-25,India,Ahmedabad,Male,25-34,2,Email,Android,True
4368,30-Sep-25,India,Ahmedabad,Male,25-34,2,App Store,Web,True
4386,14-Apr-25,India,Ahmedabad,Male,25-34,2,Referral,iOS,False
4651,07-May-25,India,Ahmedabad,Male,25-34,2,Direct,iOS,True
4736,02-Jun-25,India,Ahmedabad,Male,25-34,2,Referral,Web,True
4857,26-Jul-25,India,Ahmedabad,Male,25-34,2,Paid Search,iOS,True
5108,02-Jul-25,India,Ahmedabad,Male,25-34,2,Direct,iOS,True
5119,19-Jun-25,India,Ahmedabad,Male,25-34,2,Referral,Android,True
5190,27-Aug-25,India,Ahmedabad,Male,25-34,2,Influencer,iOS,True
5427,20-Jul-25,India,Ahmedabad,Male,25-34,2,Direct,iOS,True
5449,13-Mar-25,India,Ahmedabad,Male,25-34,2,Referral,iOS,True
5749,20-Jul-25,India,Ahmedabad,Male,25-34,2,Organic Search,iOS,True
5860,29-Sep-25,India,Ahmedabad,Male,25-34,2,Paid Search,iOS,True
5962,14-Jun-25,India,Ahmedabad,Male,25-34,2,App Store,iOS,True
6054,30-Aug-25,India,Ahmedabad,Male,25-34,2,Referral,iOS,True
6394,01-Jun-25,India,Ahmedabad,Male,25-34,2,Direct,iOS,True
7013,08-Sep-25,India,Ahmedabad,Male,25-34,2,Referral,Android,True
7082,17-Jul-25,India,Ahmedabad,Male,25-34,2,Referral,Android,True
7371,30-Nov-25,India,Ahmedabad,Male,25-34,2,Social,Android,True
7441,22-Feb-25,India,Ahmedabad,Male,25-34,2,App Store,Android,False
7573,09-Oct-25,India,Ahmedabad,Male,25-34,2,Referral,Web,False
7592,14-Aug-25,India,Ahmedabad,Male,25-34,2,Referral,iOS,True
7709,19-Dec-25,India,Ahmedabad,Male,25-34,2,Direct,iOS,False
7730,11-Feb-25,India,Ahmedabad,Male,25-34,2,Organic Search,Android,False
7886,23-Oct-25,India,Ahmedabad,Male,25-34,2,Email,Web,True
7943,06-Jan-26,India,Ahmedabad,Male,25-34,2,Paid Search,Web,True
5,13-Mar-25,India,Kolkata,Male,25-34,2,Direct,Android,True
24,04-Oct-25,India,Bengaluru,Male,25-34,2,Influencer,Android,True
32,28-Feb-25,India,Bengaluru,Male,25-34,2,Paid Search,iOS,True
48,16-Jun-25,India,Bengaluru,Male,25-34,2,Email,Android,True
72,06-Aug-25,India,Kolkata,Male,25-34,2,Influencer,Web,True
91,05-Aug-25,India,Pune,Male,25-34,2,Social,Web,True
100,11-Dec-25,India,Bengaluru,Male,25-34,2,Organic Search,iOS,False
104,09-May-25,India,Hyderabad,Male,25-34,2,Organic Search,Web,True
129,04-Feb-25,India,Pune,Male,25-34,2,Paid Search,Android,False
142,11-Feb-25,India,Pune,Male,25-34,2,Influencer,Web,True
164,11-Oct-25,India,Kolkata,Male,25-34,2,Paid Search,Android,False
177,08-May-25,India,Bengaluru,Male,25-34,2,Email,Android,False
218,23-Feb-25,India,Hyderabad,Male,25-34,2,Email,iOS,False
252,12-Dec-25,India,Kolkata,Male,25-34,2,Influencer,Android,True
299,09-Apr-25,India,Hyderabad,Male,25-34,2,Organic Search,iOS,True
312,04-Oct-25,India,Kolkata,Male,25-34,2,Influencer,iOS,True
331,14-Aug-25,India,Pune,Male,25-34,2,Organic Search,iOS,False
335,11-Oct-25,India,Chennai,Male,25-34,2,Email,Android,True
346,08-Aug-25,India,Kolkata,Male,25-34,2,Direct,Web,True
391,04-Sep-25,India,Pune,Male,25-34,2,Email,Android,True
417,05-May-25,India,Chennai,Male,25-34,2,Paid Search,Web,True
443,04-Nov-25,India,Chennai,Male,25-34,2,Paid Search,iOS,True
508,10-Apr-25,India,Pune,Male,25-34,2,Direct,iOS,True
525,01-Jun-25,India,Hyderabad,Male,25-34,2,Direct,iOS,True
570,01-Jun-25,India,Pune,Male,25-34,2,Paid Search,Web,True
574,06-Feb-25,India,Pune,Male,25-34,2,Direct,Web,True
575,25-Sep-25,India,Pune,Male,25-34,2,App Store,Android,True
602,05-Dec-25,India,Mumbai,Male,25-34,2,Paid Search,iOS,False
618,05-Jul-25,India,Kolkata,Male,25-34,2,Social,Android,True
627,26-May-25,India,Bengaluru,Male,25-34,2,Organic Search,iOS,True
637,17-Jun-25,India,Pune,Male,25-34,2,Paid Search,iOS,False
657,09-Sep-25,India,Mumbai,Male,25-34,2,Influencer,Android,True
663,21-Jul-25,India,Bengaluru,Male,25-34,2,Paid Search,iOS,True
746,06-Jan-26,India,Pune,Male,25-34,2,Influencer,iOS,True
750,10-Jan-25,India,Chennai,Male,25-34,2,Paid Search,Android,True
762,12-Aug-25,India,Chennai,Male,25-34,2,Paid Search,iOS,True
816,08-Sep-25,India,Pune,Male,25-34,2,Paid Search,Web,True
834,13-Oct-25,India,Chennai,Male,25-34,2,Email,Android,True
874,14-Jul-25,India,Pune,Male,25-34,2,Organic Search,Android,True
881,02-May-25,India,Kolkata,Male,25-34,2,Influencer,Android,False
896,03-Feb-25,India,Hyderabad,Male,25-34,2,Direct,Android,True
904,01-May-25,India,Pune,Male,25-34,2,Direct,Android,False
907,25-Feb-25,India,Chennai,Male,25-34,2,Organic Search,Android,True
921,29-Jun-25,India,Hyderabad,Male,25-34,2,Organic Search,Android,True
988,16-Oct-25,India,Hyderabad,Male,25-34,2,Organic Search,iOS,True
1042,07-Feb-25,India,Pune,Male,25-34,2,Paid Search,iOS,True
1068,01-Nov-25,India,Bengaluru,Male,25-34,2,Referral,iOS,True
1083,15-Dec-25,India,Pune,Male,25-34,2,Referral,Android,True
1095,05-Dec-25,India,Pune,Male,25-34,2,Referral,Android,True
1125,08-Mar-25,India,Pune,Male,25-34,2,Paid Search,iOS,False
1152,04-Aug-25,India,Chennai,Male,25-34,2,Email,Web,True
1161,28-Nov-25,India,Pune,Male,25-34,2,App Store,Web,True
1168,09-Oct-25,India,Mumbai,Male,25-34,2,Referral,Android,True
1188,29-Jul-25,India,Kolkata,Male,25-34,2,Influencer,Android,True
1202,14-Oct-25,India,Hyderabad,Male,25-34,2,App Store,Web,True
1216,09-Nov-25,India,Pune,Male,25-34,2,Referral,Web,True
1223,17-May-25,India,Kolkata,Male,25-34,2,Email,Web,True
1225,09-Nov-25,India,Mumbai,Male,25-34,2,Social,Web,True
1266,26-Dec-25,India,Pune,Male,25-34,2,Paid Search,Android,True
1294,12-May-25,India,Bengaluru,Male,25-34,2,Referral,Android,True
1331,29-Oct-25,India,Bengaluru,Male,25-34,2,Organic Search,iOS,False
1369,07-Jun-25,India,Mumbai,Male,25-34,2,Social,Web,True
1382,25-Aug-25,India,Mumbai,Male,25-34,2,Referral,iOS,True
1423,05-Nov-25,India,Bengaluru,Male,25-34,2,Organic Search,Android,True
1428,05-Mar-25,India,Kolkata,Male,25-34,2,Influencer,Web,True
1437,09-Oct-25,India,Kolkata,Male,25-34,2,Referral,Android,False
1455,10-Mar-25,India,Chennai,Male,25-34,2,App Store,Android,True
1495,30-Oct-25,India,Mumbai,Male,25-34,2,Referral,Android,True
1509,30-Mar-25,India,Hyderabad,Male,25-34,2,Email,iOS,True
1533,23-Mar-25,India,Chennai,Male,25-34,2,Influencer,iOS,True
1559,17-Jan-26,India,Chennai,Male,25-34,2,Influencer,iOS,True
1575,14-Nov-25,India,Mumbai,Male,25-34,2,App Store,Web,True
1593,26-May-25,India,Chennai,Male,25-34,2,Email,Android,True
1607,22-Oct-25,India,Kolkata,Male,25-34,2,Referral,Android,False
1617,21-Feb-25,India,Chennai,Male,25-34,2,Influencer,Android,True
1626,31-Aug-25,India,Mumbai,Male,25-34,2,Referral,Web,True
1636,19-Sep-25,India,Chennai,Male,25-34,2,Paid Search,Android,True
1645,20-Jan-25,India,Chennai,Male,25-34,2,Paid Search,Web,True
1664,23-Dec-25,India,Hyderabad,Male,25-34,2,Direct,Android,True
1729,07-Jan-25,India,Kolkata,Male,25-34,2,Influencer,Web,True
1749,13-Jan-25,India,Hyderabad,Male,25-34,2,Organic Search,iOS,True
1786,27-Sep-25,India,Pune,Male,25-34,2,App Store,Android,True
1793,15-Aug-25,India,Chennai,Male,25-34,2,Paid Search,iOS,True
1796,29-Jan-25,India,Bengaluru,Male,25-34,2,Direct,iOS,False
1797,02-Feb-25,India,Chennai,Male,25-34,2,Organic Search,Web,True
1808,28-Sep-25,India,Bengaluru,Male,25-34,2,Direct,Android,False
1888,15-Jun-25,India,Bengaluru,Male,25-34,2,App Store,Web,False
1898,29-Mar-25,India,Pune,Male,25-34,2,Direct,Android,True
1905,06-Nov-25,India,Bengaluru,Male,25-34,2,Organic Search,iOS,True
1932,13-Nov-25,India,Hyderabad,Male,25-34,2,Paid Search,iOS,True
1953,25-Mar-25,India,Pune,Male,25-34,2,Referral,iOS,True
1956,22-Jan-25,India,Mumbai,Male,25-34,2,Direct,Android,True
1979,02-Jul-25,India,Bengaluru,Male,25-34,2,Paid Search,Android,True
2009,20-Jan-25,India,Kolkata,Male,25-34,2,Email,Android,True
2027,05-May-25,India,Hyderabad,Male,25-34,2,Direct,iOS,True
2033,21-Jan-25,India,Chennai,Male,25-34,2,App Store,iOS,True
2036,09-Oct-25,India,Mumbai,Male,25-34,2,Referral,iOS,True
2054,19-Aug-25,India,Pune,Male,25-34,2,Organic Search,Android,False
2064,12-Jun-25,India,Chennai,Male,25-34,2,Paid Search,iOS,True
2065,17-Aug-25,India,Kolkata,Male,25-34,2,Social,iOS,True
2147,10-Jan-26,India,Bengaluru,Male,25-34,2,Social,iOS,True
2225,24-Sep-25,India,Pune,Male,25-34,2,Email,iOS,False
2232,09-Oct-25,India,Mumbai,Male,25-34,2,Email,Android,True
2236,09-Aug-25,India,Chennai,Male,25-34,2,Email,iOS,True
2242,20-Oct-25,India,Mumbai,Male,25-34,2,Influencer,iOS,False
2267,17-Oct-25,India,Chennai,Male,25-34,2,Referral,Android,True
2276,18-Oct-25,India,Bengaluru,Male,25-34,2,Paid Search,iOS,True
2315,26-Jan-25,India,Hyderabad,Male,25-34,2,Email,Android,True
2316,09-Jan-25,India,Chennai,Male,25-34,2,Influencer,Web,False
2318,10-Jan-25,India,Pune,Male,25-34,2,Direct,iOS,False
2376,06-Aug-25,India,Pune,Male,25-34,2,Direct,Android,True
2384,17-Aug-25,India,Pune,Male,25-34,2,Social,Web,True
2404,19-Feb-25,India,Hyderabad,Male,25-34,2,Influencer,Android,True
2414,21-Jun-25,India,Pune,Male,25-34,2,Referral,Web,False
2427,14-Oct-25,India,Kolkata,Male,25-34,2,Organic Search,Android,True
2440,30-Jan-25,India,Mumbai,Male,25-34,2,Referral,Web,True
2442,06-Oct-25,India,Mumbai,Male,25-34,2,Referral,Android,True
2489,15-Jun-25,India,Mumbai,Male,25-34,2,App Store,iOS,True
2508,23-Sep-25,India,Chennai,Male,25-34,2,Referral,iOS,True
2542,15-Dec-25,India,Hyderabad,Male,25-34,2,Social,iOS,True
2571,13-Apr-25,India,Kolkata,Male,25-34,2,App Store,Web,True
2594,13-May-25,India,Bengaluru,Male,25-34,2,Influencer,iOS,False
2623,03-Feb-25,India,Kolkata,Male,25-34,2,Email,Android,True
2669,12-Feb-25,India,Bengaluru,Male,25-34,2,App Store,Android,True
2675,04-Oct-25,India,Chennai,Male,25-34,2,Social,Android,False
2708,05-Aug-25,India,Pune,Male,25-34,2,Referral,Web,False
2710,29-Apr-25,India,Chennai,Male,25-34,2,Referral,Web,True
2801,28-Dec-25,India,Chennai,Male,25-34,2,Influencer,iOS,True
2806,30-Dec-25,India,Bengaluru,Male,25-34,2,Social,iOS,True
2828,14-Jan-25,India,Chennai,Male,25-34,2,Influencer,Web,True
2837,30-Jul-25,India,Bengaluru,Male,25-34,2,Email,iOS,True
2846,15-Aug-25,India,Pune,Male,25-34,2,App Store,Android,False
2898,26-May-25,India,Chennai,Male,25-34,2,App Store,Android,True
2899,15-Nov-25,India,Mumbai,Male,25-34,2,Influencer,Android,True
2926,16-Sep-25,India,Chennai,Male,25-34,2,App Store,Android,True
2932,17-Jul-25,India,Kolkata,Male,25-34,2,Influencer,iOS,True
2989,17-Apr-25,India,Pune,Male,25-34,2,Email,iOS,False
3005,18-Jul-25,India,Bengaluru,Male,25-34,2,Email,Android,True
3009,09-Nov-25,India,Kolkata,Male,25-34,2,Direct,Web,True
3017,06-Aug-25,India,Pune,Male,25-34,2,Direct,iOS,True
3054,08-Apr-25,India,Mumbai,Male,25-34,2,Referral,iOS,False
3056,03-Jan-26,India,Hyderabad,Male,25-34,2,Paid Search,iOS,True
3098,07-Apr-25,India,Kolkata,Male,25-34,2,Direct,iOS,True
3116,13-Mar-25,India,Bengaluru,Male,25-34,2,Influencer,iOS,True
3126,02-Dec-25,India,Mumbai,Male,25-34,2,Organic Search,Android,True
3137,15-Jan-26,India,Bengaluru,Male,25-34,2,Email,Web,True
3142,01-Jan-26,India,Bengaluru,Male,25-34,2,Email,Web,False
3211,16-Dec-25,India,Hyderabad,Male,25-34,2,App Store,Android,True
3308,09-Mar-25,India,Chennai,Male,25-34,2,Referral,iOS,True
3310,02-Jan-25,India,Mumbai,Male,25-34,2,Influencer,Web,True
3312,05-May-25,India,Bengaluru,Male,25-34,2,App Store,iOS,True
3315,30-Apr-25,India,Hyderabad,Male,25-34,2,Paid Search,Android,True
3316,07-May-25,India,Pune,Male,25-34,2,Direct,iOS,True
3317,12-Sep-25,India,Pune,Male,25-34,2,Paid Search,Android,True
3320,03-Mar-25,India,Hyderabad,Male,25-34,2,Paid Search,Android,True
3331,31-Oct-25,India,Chennai,Male,25-34,2,Social,Android,True
3348,27-Dec-25,India,Chennai,Male,25-34,2,Social,iOS,True
3377,02-Jun-25,India,Pune,Male,25-34,2,Referral,Web,True
3381,19-Sep-25,India,Kolkata,Male,25-34,2,Influencer,Android,True
3388,19-Apr-25,India,Mumbai,Male,25-34,2,Direct,iOS,True
3405,15-Jan-26,India,Chennai,Male,25-34,2,Direct,iOS,True
3407,31-Mar-25,India,Hyderabad,Male,25-34,2,Referral,iOS,True
3429,10-Feb-25,India,Pune,Male,25-34,2,Influencer,Android,True
3451,08-Jan-25,India,Chennai,Male,25-34,2,Social,iOS,True
3467,27-May-25,India,Bengaluru,Male,25-34,2,Direct,Android,True
3470,23-Apr-25,India,Hyderabad,Male,25-34,2,Social,iOS,True
3483,23-Sep-25,India,Chennai,Male,25-34,2,Referral,iOS,True
3517,17-Apr-25,India,Chennai,Male,25-34,2,App Store,Android,True
3526,20-Dec-25,India,Bengaluru,Male,25-34,2,App Store,Android,False
3559,21-Oct-25,India,Hyderabad,Male,25-34,2,Social,Web,True
3576,03-Jun-25,India,Bengaluru,Male,25-34,2,App Store,Android,True
3580,20-Feb-25,India,Mumbai,Male,25-34,2,Organic Search,iOS,True
3619,19-Apr-25,India,Mumbai,Male,25-34,2,Direct,Android,True
3634,19-May-25,India,Bengaluru,Male,25-34,2,Influencer,Android,True
3651,11-Apr-25,India,Kolkata,Male,25-34,2,Referral,Android,True
3680,04-Nov-25,India,Chennai,Male,25-34,2,Email,Android,True
3694,07-Aug-25,India,Pune,Male,25-34,2,Influencer,Android,True
3710,18-Dec-25,India,Kolkata,Male,25-34,2,Direct,Android,True
3716,21-Nov-25,India,Kolkata,Male,25-34,2,Social,iOS,True
3725,20-Jun-25,India,Kolkata,Male,25-34,2,Paid Search,Android,True
3732,23-Jul-25,India,Mumbai,Male,25-34,2,Social,iOS,True
3796,24-Dec-25,India,Bengaluru,Male,25-34,2,Influencer,Android,True
3797,07-Jul-25,India,Hyderabad,Male,25-34,2,Direct,Android,True
3798,18-Nov-25,India,Bengaluru,Male,25-34,2,Influencer,Android,True
3804,03-Aug-25,India,Kolkata,Male,25-34,2,Email,iOS,True
3881,27-May-25,India,Pune,Male,25-34,2,Influencer,iOS,True
3883,11-Jun-25,India,Hyderabad,Male,25-34,2,Organic Search,iOS,True
3911,20-Jul-25,India,Mumbai,Male,25-34,2,Influencer,Android,False
3982,22-Dec-25,India,Kolkata,Male,25-34,2,Paid Search,iOS,True
4045,06-Jun-25,India,Mumbai,Male,25-34,2,Organic Search,iOS,True
4062,28-Jan-25,India,Hyderabad,Male,25-34,2,Paid Search,iOS,True
4065,17-Jan-25,India,Mumbai,Male,25-34,2,Referral,Android,True
4069,28-Dec-25,India,Hyderabad,Male,25-34,2,Referral,Web,False
4134,29-Sep-25,India,Hyderabad,Male,25-34,2,Influencer,Web,True
4175,06-Jul-25,India,Hyderabad,Male,25-34,2,Social,Android,True
4203,21-May-25,India,Chennai,Male,25-34,2,App Store,iOS,True
4207,22-Sep-25,India,Kolkata,Male,25-34,2,Direct,Android,True
4219,27-Apr-25,India,Chennai,Male,25-34,2,Influencer,Web,True
4265,19-Apr-25,India,Bengaluru,Male,25-34,2,Organic Search,iOS,True
4280,09-Aug-25,India,Pune,Male,25-34,2,Organic Search,Android,True
4290,14-Jul-25,India,Chennai,Male,25-34,2,Social,iOS,True
4295,08-Jul-25,India,Bengaluru,Male,25-34,2,App Store,iOS,True
4334,09-Dec-25,India,Mumbai,Male,25-34,2,App Store,Web,True
4344,17-Jan-26,India,Hyderabad,Male,25-34,2,Referral,Android,True
4389,14-Jan-26,India,Mumbai,Male,25-34,2,Influencer,iOS,True
4400,21-May-25,India,Mumbai,Male,25-34,2,Influencer,iOS,True
4421,18-Dec-25,India,Hyderabad,Male,25-34,2,Direct,Android,True
4460,24-Nov-25,India,Hyderabad,Male,25-34,2,Influencer,iOS,True
4480,26-Feb-25,India,Kolkata,Male,25-34,2,Email,iOS,True
4486,02-Feb-25,India,Bengaluru,Male,25-34,2,Paid Search,iOS,False
4500,20-Mar-25,India,Kolkata,Male,25-34,2,Paid Search,Web,True
4504,08-May-25,India,Pune,Male,25-34,2,Referral,Android,True
4517,21-Jul-25,India,Mumbai,Male,25-34,2,Influencer,Android,True
4546,20-Jan-25,India,Kolkata,Male,25-34,2,App Store,Android,True
4548,28-May-25,India,Pune,Male,25-34,2,Social,iOS,True
4559,23-Sep-25,India,Mumbai,Male,25-34,2,App Store,iOS,True
4569,24-Mar-25,India,Kolkata,Male,25-34,2,Email,Android,True
4575,30-May-25,India,Kolkata,Male,25-34,2,Organic Search,Web,True
4582,25-Jan-25,India,Mumbai,Male,25-34,2,Paid Search,Android,True
4598,19-Sep-25,India,Chennai,Male,25-34,2,Email,Android,True
4687,09-Sep-25,India,Chennai,Male,25-34,2,Social,Web,True
4739,15-Nov-25,India,Pune,Male,25-34,2,App Store,iOS,True
4743,02-Jun-25,India,Hyderabad,Male,25-34,2,Social,Web,True
4748,24-Feb-25,India,Mumbai,Male,25-34,2,App Store,Web,True
4762,06-Jan-25,India,Mumbai,Male,25-34,2,Email,Android,True
4768,18-Sep-25,India,Hyderabad,Male,25-34,2,Social,Android,True
4781,07-Jan-26,India,Mumbai,Male,25-34,2,Direct,iOS,True
4799,25-Apr-25,India,Kolkata,Male,25-34,2,Influencer,Web,True
4803,28-Jan-25,India,Hyderabad,Male,25-34,2,Social,Android,True
4822,26-Nov-25,India,Bengaluru,Male,25-34,2,Email,Android,True
4869,17-Nov-25,India,Mumbai,Male,25-34,2,Influencer,iOS,True
4901,09-Nov-25,India,Bengaluru,Male,25-34,2,Paid Search,iOS,True
4968,03-Mar-25,India,Kolkata,Male,25-34,2,Paid Search,Android,True
5014,15-Mar-25,India,Chennai,Male,25-34,2,Email,iOS,True
5033,20-Mar-25,India,Kolkata,Male,25-34,2,Direct,iOS,False
5037,29-Oct-25,India,Hyderabad,Male,25-34,2,Email,Web,True
5045,12-Sep-25,India,Bengaluru,Male,25-34,2,Social,Android,True
5051,27-Nov-25,India,Kolkata,Male,25-34,2,Paid Search,Android,False
5072,18-Oct-25,India,Bengaluru,Male,25-34,2,App Store,iOS,False
5112,11-Nov-25,India,Mumbai,Male,25-34,2,Email,iOS,True
5131,04-Oct-25,India,Hyderabad,Male,25-34,2,Organic Search,Android,True
5155,25-Sep-25,India,Kolkata,Male,25-34,2,Paid Search,Web,True
5161,11-May-25,India,Pune,Male,25-34,2,Direct,Web,True
5165,04-Apr-25,India,Mumbai,Male,25-34,2,Influencer,iOS,False
5168,20-Oct-25,India,Chennai,Male,25-34,2,Direct,iOS,False
5176,30-May-25,India,Kolkata,Male,25-34,2,Social,Android,True
5177,28-May-25,India,Hyderabad,Male,25-34,2,Organic Search,Android,False
5233,28-Sep-25,India,Mumbai,Male,25-34,2,Paid Search,iOS,False
5267,05-Oct-25,India,Bengaluru,Male,25-34,2,Direct,Android,True
5301,16-Jun-25,India,Mumbai,Male,25-34,2,Social,Web,True
5337,08-Feb-25,India,Hyderabad,Male,25-34,2,Organic Search,Web,True
5349,25-Aug-25,India,Kolkata,Male,25-34,2,Referral,iOS,True
5366,26-Jun-25,India,Pune,Male,25-34,2,Influencer,Web,True
5368,14-Oct-25,India,Bengaluru,Male,25-34,2,App Store,Android,True
5386,03-Oct-25,India,Mumbai,Male,25-34,2,Direct,iOS,True
5421,29-May-25,India,Kolkata,Male,25-34,2,Social,Web,False
5454,17-Apr-25,India,Mumbai,Male,25-34,2,Direct,Android,False
5492,29-Apr-25,India,Kolkata,Male,25-34,2,Email,iOS,True
5494,06-Jan-26,India,Pune,Male,25-34,2,Influencer,Web,False
5506,15-Oct-25,India,Chennai,Male,25-34,2,Paid Search,Web,True
5519,29-Jul-25,India,Mumbai,Male,25-34,2,Paid Search,Web,True
5547,10-Oct-25,India,Hyderabad,Male,25-34,2,Influencer,Web,True
5565,09-May-25,India,Chennai,Male,25-34,2,Paid Search,Android,True
5567,30-Mar-25,India,Chennai,Male,25-34,2,Paid Search,iOS,True
5615,25-Feb-25,India,Bengaluru,Male,25-34,2,Referral,Web,False
5692,26-Jan-25,India,Bengaluru,Male,25-34,2,Organic Search,iOS,True
5720,19-Feb-25,India,Mumbai,Male,25-34,2,Organic Search,iOS,True
5740,13-Jul-25,India,Kolkata,Male,25-34,2,Organic Search,iOS,True
5783,17-Aug-25,India,Pune,Male,25-34,2,Influencer,Android,True
5795,03-Dec-25,India,Hyderabad,Male,25-34,2,Email,Android,True
5828,08-Oct-25,India,Bengaluru,Male,25-34,2,Paid Search,Android,True
5835,10-Nov-25,India,Kolkata,Male,25-34,2,Influencer,Android,True
5870,31-Oct-25,India,Pune,Male,25-34,2,App Store,iOS,True
5872,17-Mar-25,India,Mumbai,Male,25-34,2,Paid Search,Android,True
5897,21-Nov-25,India,Chennai,Male,25-34,2,Influencer,Web,True
5929,13-Jun-25,India,Hyderabad,Male,25-34,2,Social,Android,True
5931,29-Sep-25,India,Bengaluru,Male,25-34,2,Referral,Android,True
5950,26-Apr-25,India,Mumbai,Male,25-34,2,Social,iOS,True
5964,20-Nov-25,India,Pune,Male,25-34,2,Direct,Android,True
5975,08-Jun-25,India,Chennai,Male,25-34,2,Direct,iOS,True
5984,06-Jul-25,India,Hyderabad,Male,25-34,2,Referral,iOS,True
5996,17-Apr-25,India,Hyderabad,Male,25-34,2,Social,Android,True
6070,14-Aug-25,India,Kolkata,Male,25-34,2,Influencer,Android,False
6098,08-May-25,India,Hyderabad,Male,25-34,2,Direct,Android,True
6103,22-Jun-25,India,Hyderabad,Male,25-34,2,Influencer,Web,True
6128,22-May-25,India,Pune,Male,25-34,2,Social,iOS,True
6131,15-Feb-25,India,Kolkata,Male,25-34,2,Referral,Web,True
6198,10-Jun-25,India,Kolkata,Male,25-34,2,Influencer,Web,True
6203,30-Dec-25,India,Pune,Male,25-34,2,Social,Android,True
6220,21-Apr-25,India,Pune,Male,25-34,2,Referral,iOS,True
6297,29-Jan-25,India,Pune,Male,25-34,2,Organic Search,Web,False
6307,26-Aug-25,India,Chennai,Male,25-34,2,Social,Web,True
6309,22-Jun-25,India,Mumbai,Male,25-34,2,Paid Search,Android,True
6342,01-Jan-25,India,Kolkata,Male,25-34,2,Social,Android,True
6348,10-Sep-25,India,Mumbai,Male,25-34,2,Referral,iOS,False
6396,19-Jan-25,India,Mumbai,Male,25-34,2,Email,iOS,True
6401,30-Jan-25,India,Pune,Male,25-34,2,Direct,Android,True
6433,09-Mar-25,India,Mumbai,Male,25-34,2,Referral,Web,True
6440,22-Jan-25,India,Kolkata,Male,25-34,2,Influencer,Android,True
6476,21-Oct-25,India,Chennai,Male,25-34,2,Email,Android,True
6494,12-Nov-25,India,Pune,Male,25-34,2,Social,Web,True
6513,07-Jul-25,India,Chennai,Male,25-34,2,App Store,iOS,True
6540,09-Mar-25,India,Mumbai,Male,25-34,2,Direct,iOS,False
6549,25-Jan-25,India,Chennai,Male,25-34,2,App Store,Android,True
6566,04-Feb-25,India,Hyderabad,Male,25-34,2,Referral,Android,True
6598,21-Mar-25,India,Bengaluru,Male,25-34,2,Email,Android,True
6608,15-Feb-25,India,Chennai,Male,25-34,2,Direct,iOS,True
6614,20-Aug-25,India,Kolkata,Male,25-34,2,Social,iOS,True
6644,17-May-25,India,Kolkata,Male,25-34,2,App Store,Web,True
6646,19-Apr-25,India,Chennai,Male,25-34,2,Paid Search,Android,True
6697,01-Jul-25,India,Pune,Male,25-34,2,App Store,Android,True
6700,11-Feb-25,India,Hyderabad,Male,25-34,2,App Store,iOS,True
6712,18-Dec-25,India,Chennai,Male,25-34,2,Influencer,Web,True
6719,01-Sep-25,India,Chennai,Male,25-34,2,Social,Web,True
6775,03-Sep-25,India,Pune,Male,25-34,2,Influencer,Android,True
6792,24-Aug-25,India,Chennai,Male,25-34,2,App Store,Web,True
6849,05-Feb-25,India,Mumbai,Male,25-34,2,Influencer,Web,True
6850,06-Jan-25,India,Bengaluru,Male,25-34,2,App Store,iOS,True
6955,01-Jan-25,India,Bengaluru,Male,25-34,2,Direct,Android,False
6983,02-May-25,India,Hyderabad,Male,25-34,2,Direct,iOS,True
6989,12-May-25,India,Kolkata,Male,25-34,2,Paid Search,Web,True
7017,23-Nov-25,India,Pune,Male,25-34,2,Email,Android,True
7027,20-Jun-25,India,Kolkata,Male,25-34,2,Influencer,Android,True
7050,22-Oct-25,India,Bengaluru,Male,25-34,2,Direct,iOS,True
7056,07-Sep-25,India,Mumbai,Male,25-34,2,Referral,iOS,True
7071,21-Feb-25,India,Hyderabad,Male,25-34,2,Organic Search,iOS,True
7072,05-Jan-26,India,Bengaluru,Male,25-34,2,Email,Android,True
7084,20-Jan-25,India,Kolkata,Male,25-34,2,Organic Search,Android,True
7101,11-Feb-25,India,Kolkata,Male,25-34,2,Referral,Android,True
7106,04-Sep-25,India,Mumbai,Male,25-34,2,Influencer,Android,True
7120,07-Dec-25,India,Kolkata,Male,25-34,2,App Store,iOS,True
7121,17-Jul-25,India,Chennai,Male,25-34,2,Referral,Web,True
7154,02-Jan-25,India,Chennai,Male,25-34,2,Social,iOS,True
7189,07-Apr-25,India,Hyderabad,Male,25-34,2,Social,Android,True
7204,18-Jun-25,India,Kolkata,Male,25-34,2,Email,iOS,True
7213,15-Apr-25,India,Hyderabad,Male,25-34,2,Influencer,Web,True
7279,03-Dec-25,India,Hyderabad,Male,25-34,2,Referral,Android,False
7285,17-Jun-25,India,Bengaluru,Male,25-34,2,Organic Search,Android,True
7315,28-Sep-25,India,Mumbai,Male,25-34,2,Direct,iOS,True
7339,03-Jun-25,India,Pune,Male,25-34,2,Influencer,iOS,True
7357,28-Apr-25,India,Pune,Male,25-34,2,Organic Search,iOS,True
7362,14-May-25,India,Bengaluru,Male,25-34,2,Influencer,Android,True
7381,02-Jan-25,India,Pune,Male,25-34,2,Referral,Web,True
7414,23-Oct-25,India,Mumbai,Male,25-34,2,App Store,iOS,True
7471,23-Sep-25,India,Bengaluru,Male,25-34,2,Email,Android,False
7501,20-Dec-25,India,Kolkata,Male,25-34,2,Direct,iOS,True
7529,02-Nov-25,India,Hyderabad,Male,25-34,2,App Store,iOS,True
7581,17-Jan-26,India,Mumbai,Male,25-34,2,App Store,Android,True
7591,17-Aug-25,India,Bengaluru,Male,25-34,2,Direct,Web,True
7597,20-Apr-25,India,Mumbai,Male,25-34,2,Social,iOS,True
7606,26-Jun-25,India,Bengaluru,Male,25-34,2,Paid Search,Android,True
7637,05-Dec-25,India,Bengaluru,Male,25-34,2,Social,Web,True
7658,11-Sep-25,India,Kolkata,Male,25-34,2,Paid Search,iOS,True
7700,14-Apr-25,India,Kolkata,Male,25-34,2,Paid Search,iOS,True
7725,31-Dec-25,India,Bengaluru,Male,25-34,2,Influencer,Android,True
7726,03-Jan-26,India,Chennai,Male,25-34,2,Social,iOS,True
7740,03-Nov-25,India,Hyderabad,Male,25-34,2,Email,Android,True
7744,23-May-25,India,Kolkata,Male,25-34,2,Paid Search,Web,False
7752,04-Jan-25,India,Bengaluru,Male,25-34,2,Email,Android,True
7753,17-Dec-25,India,Hyderabad,Male,25-34,2,Email,iOS,True
7783,06-Aug-25,India,Hyderabad,Male,25-34,2,App Store,Android,True
7784,30-Sep-25,India,Hyderabad,Male,25-34,2,Paid Search,iOS,True
7785,03-Jan-26,India,Hyderabad,Male,25-34,2,Organic Search,iOS,True
7809,20-Feb-25,India,Hyderabad,Male,25-34,2,Direct,Android,False
7857,03-Feb-25,India,Bengaluru,Male,25-34,2,Referral,Android,True
7868,08-May-25,India,Bengaluru,Male,25-34,2,Organic Search,Android,True
7874,19-Mar-25,India,Bengaluru,Male,25-34,2,Influencer,iOS,True
7883,04-Jul-25,India,Mumbai,Male,25-34,2,Paid Search,iOS,True
7898,19-Oct-25,India,Pune,Male,25-34,2,Influencer,Android,False
7909,07-May-25,India,Mumbai,Male,25-34,2,Paid Search,iOS,True
7921,17-Jul-25,India,Bengaluru,Male,25-34,2,App Store,iOS,True
7992,22-Jul-25,India,Hyderabad,Male,25-34,2,Influencer,Web,True
11,27-Nov-25,India,Pune,Female,25-34,2,Influencer,Android,True
77,17-Dec-25,India,Bengaluru,Female,25-34,2,Organic Search,Android,True
78,31-Oct-25,India,Delhi,Female,25-34,2,Paid Search,Android,True
89,22-Feb-25,India,Pune,Female,25-34,2,Influencer,Android,True
146,18-Dec-25,India,Pune,Female,25-34,2,Social,iOS,True
155,20-Jun-25,India,Pune,Female,25-34,2,Paid Search,Web,True
173,13-Feb-25,India,Delhi,Female,25-34,2,Influencer,iOS,True
176,27-Nov-25,India,Bengaluru,Female,25-34,2,Email,Android,True
213,06-Jul-25,India,Pune,Female,25-34,2,Influencer,iOS,True
228,17-Jul-25,India,Bengaluru,Female,25-34,2,Direct,iOS,True
288,23-Feb-25,India,Pune,Female,25-34,2,Influencer,Web,True
305,06-Nov-25,India,Mumbai,Female,25-34,2,Referral,Android,True
347,07-Jun-25,India,Mumbai,Female,25-34,2,Direct,Web,False
348,15-Feb-25,India,Mumbai,Female,25-34,2,Referral,iOS,True
365,10-Jun-25,India,Delhi,Female,25-34,2,Referral,Web,False
470,06-May-25,India,Chennai,Female,25-34,2,Social,Web,True
536,26-Nov-25,India,Mumbai,Female,25-34,2,App Store,iOS,True
567,09-Apr-25,India,Mumbai,Female,25-34,2,Influencer,iOS,True
604,24-May-25,India,Delhi,Female,25-34,2,Organic Search,Web,True
612,24-May-25,India,Pune,Female,25-34,2,Social,Android,True
629,17-Mar-25,India,Mumbai,Female,25-34,2,App Store,Web,True
689,09-Jun-25,India,Mumbai,Female,25-34,2,Organic Search,Web,True
699,17-Aug-25,India,Bengaluru,Female,25-34,2,Referral,Android,True
720,05-Jun-25,India,Bengaluru,Female,25-34,2,Organic Search,iOS,True
722,08-Jan-25,India,Bengaluru,Female,25-34,2,Paid Search,Android,True
724,14-Dec-25,India,Mumbai,Female,25-34,2,App Store,Web,True
735,16-Aug-25,India,Chennai,Female,25-34,2,Organic Search,Web,True
748,16-Jul-25,India,Chennai,Female,25-34,2,Email,iOS,True
780,17-Dec-25,India,Pune,Female,25-34,2,Organic Search,Android,True
790,26-Mar-25,India,Pune,Female,25-34,2,Referral,iOS,True
835,01-Dec-25,India,Pune,Female,25-34,2,Social,iOS,True
847,12-Oct-25,India,Bengaluru,Female,25-34,2,Influencer,Android,True
850,26-Nov-25,India,Pune,Female,25-34,2,Social,Android,True
880,02-Mar-25,India,Mumbai,Female,25-34,2,Paid Search,Android,True
912,02-Mar-25,India,Mumbai,Female,25-34,2,Paid Search,Android,False
974,04-Jan-26,India,Delhi,Female,25-34,2,Organic Search,iOS,True
1025,22-Jun-25,India,Bengaluru,Female,25-34,2,Influencer,Android,True
1034,20-Jan-25,India,Mumbai,Female,25-34,2,Referral,iOS,True
1105,24-Nov-25,India,Mumbai,Female,25-34,2,Influencer,iOS,True
1112,19-Dec-25,India,Mumbai,Female,25-34,2,Influencer,Web,True
1143,03-May-25,India,Pune,Female,25-34,2,Paid Search,iOS,True
1149,30-Oct-25,India,Bengaluru,Female,25-34,2,Referral,Web,True
1151,31-Dec-25,India,Pune,Female,25-34,2,App Store,Android,True
1185,06-Aug-25,India,Chennai,Female,25-34,2,App Store,iOS,True
1190,14-Apr-25,India,Delhi,Female,25-34,2,Influencer,iOS,True
1219,24-Feb-25,India,Mumbai,Female,25-34,2,App Store,Android,True
1286,06-Jan-26,India,Delhi,Female,25-34,2,Referral,Android,False
1344,16-Jan-26,India,Delhi,Female,25-34,2,App Store,iOS,True
1354,14-Jul-25,India,Chennai,Female,25-34,2,Direct,Android,True
1362,22-Feb-25,India,Chennai,Female,25-34,2,Referral,Web,True
1397,22-Nov-25,India,Delhi,Female,25-34,2,App Store,iOS,True
1425,09-Jul-25,India,Delhi,Female,25-34,2,Influencer,Android,True
1430,06-Nov-25,India,Pune,Female,25-34,2,Email,Android,True
1471,17-Jan-25,India,Bengaluru,Female,25-34,2,Influencer,iOS,True
1507,19-Jul-25,India,Bengaluru,Female,25-34,2,Social,iOS,True
1558,18-Apr-25,India,Mumbai,Female,25-34,2,Email,Android,True
1600,10-Dec-25,India,Delhi,Female,25-34,2,Direct,iOS,True
1619,28-Feb-25,India,Delhi,Female,25-34,2,App Store,Web,True
1620,13-Mar-25,India,Chennai,Female,25-34,2,Social,Android,True
1638,18-Sep-25,India,Mumbai,Female,25-34,2,App Store,Android,False
1640,16-Feb-25,India,Mumbai,Female,25-34,2,Email,iOS,False
1644,09-Apr-25,India,Bengaluru,Female,25-34,2,App Store,iOS,False
1654,04-Aug-25,India,Delhi,Female,25-34,2,Influencer,iOS,True
1675,19-Jun-25,India,Delhi,Female,25-34,2,Paid Search,Web,False
1683,24-Nov-25,India,Delhi,Female,25-34,2,Referral,Android,True
1726,10-Jul-25,India,Chennai,Female,25-34,2,Influencer,Android,True
1745,18-Mar-25,India,Delhi,Female,25-34,2,Referral,Android,True
1756,11-Aug-25,India,Delhi,Female,25-34,2,Direct,iOS,False
1775,20-Nov-25,India,Mumbai,Female,25-34,2,Organic Search,Web,True
1850,08-Jan-25,India,Mumbai,Female,25-34,2,Email,Android,True
1855,18-Jul-25,India,Chennai,Female,25-34,2,App Store,iOS,False
1872,15-Jun-25,India,Pune,Female,25-34,2,Organic Search,Web,True
1952,07-Jan-25,India,Delhi,Female,25-34,2,Organic Search,Android,True
1958,03-Jan-25,India,Chennai,Female,25-34,2,Social,Android,True
2000,16-Dec-25,India,Pune,Female,25-34,2,Influencer,iOS,True
2014,15-Apr-25,India,Delhi,Female,25-34,2,Email,Android,True
2061,11-Dec-25,India,Bengaluru,Female,25-34,2,Paid Search,Android,True
2062,28-Jan-25,India,Chennai,Female,25-34,2,Social,Web,True
2131,02-Nov-25,India,Pune,Female,25-34,2,Influencer,Android,True
2168,20-Aug-25,India,Chennai,Female,25-34,2,Social,Android,True
2197,20-Nov-25,India,Chennai,Female,25-34,2,Organic Search,iOS,False
2217,18-Jul-25,India,Pune,Female,25-34,2,Social,iOS,True
2312,04-Oct-25,India,Mumbai,Female,25-34,2,Referral,Android,True
2354,11-Jan-25,India,Mumbai,Female,25-34,2,Paid Search,iOS,True
2367,09-Jan-26,India,Pune,Female,25-34,2,Social,iOS,True
2432,07-Jun-25,India,Bengaluru,Female,25-34,2,Direct,iOS,True
2436,25-May-25,India,Bengaluru,Female,25-34,2,Referral,Web,True
2437,16-May-25,India,Chennai,Female,25-34,2,Paid Search,Android,True
2439,24-May-25,India,Chennai,Female,25-34,2,Email,iOS,False
2458,10-Jun-25,India,Chennai,Female,25-34,2,Organic Search,Android,False
2478,07-Nov-25,India,Pune,Female,25-34,2,Social,Web,True
2486,27-Aug-25,India,Bengaluru,Female,25-34,2,Influencer,iOS,True
2494,07-Jun-25,India,Pune,Female,25-34,2,Referral,Android,True
2550,23-Sep-25,India,Chennai,Female,25-34,2,Organic Search,iOS,True
2561,25-Nov-25,India,Pune,Female,25-34,2,Paid Search,Web,True
2581,19-Aug-25,India,Delhi,Female,25-34,2,App Store,Android,True
2635,23-Apr-25,India,Mumbai,Female,25-34,2,Influencer,Android,True
2660,10-Dec-25,India,Pune,Female,25-34,2,Paid Search,Web,True
2661,22-Jun-25,India,Mumbai,Female,25-34,2,Influencer,iOS,True
2666,29-Nov-25,India,Delhi,Female,25-34,2,Email,Android,True
2725,15-Oct-25,India,Chennai,Female,25-34,2,Direct,iOS,True
2745,11-Jan-26,India,Mumbai,Female,25-34,2,Direct,iOS,True
2773,26-Sep-25,India,Mumbai,Female,25-34,2,Paid Search,Web,True
2833,31-Aug-25,India,Delhi,Female,25-34,2,Influencer,Web,True
2852,21-Jul-25,India,Pune,Female,25-34,2,App Store,iOS,True
2855,07-Jul-25,India,Bengaluru,Female,25-34,2,Paid Search,iOS,True
2872,24-Jan-25,India,Delhi,Female,25-34,2,Organic Search,Web,False
2880,15-Nov-25,India,Chennai,Female,25-34,2,Referral,Android,True
2916,19-Mar-25,India,Chennai,Female,25-34,2,Email,iOS,True
2940,15-Dec-25,India,Delhi,Female,25-34,2,Social,Android,False
2990,25-Mar-25,India,Delhi,Female,25-34,2,Paid Search,Android,True
3019,06-Jan-26,India,Delhi,Female,25-34,2,Email,Android,True
3052,07-Mar-25,India,Bengaluru,Female,25-34,2,Referral,Android,True
3104,30-Mar-25,India,Chennai,Female,25-34,2,Email,Web,True
3109,24-Sep-25,India,Mumbai,Female,25-34,2,Referral,Android,True
3150,16-Jan-25,India,Chennai,Female,25-34,2,Paid Search,Android,True
3164,08-May-25,India,Pune,Female,25-34,2,Social,Android,True
3200,03-Nov-25,India,Mumbai,Female,25-34,2,Direct,iOS,True
3246,26-Jul-25,India,Pune,Female,25-34,2,Email,Android,True
3275,24-Mar-25,India,Mumbai,Female,25-34,2,App Store,iOS,False
3295,16-Nov-25,India,Chennai,Female,25-34,2,Referral,Android,True
3299,30-Mar-25,India,Chennai,Female,25-34,2,Influencer,iOS,True
3332,03-Oct-25,India,Pune,Female,25-34,2,Email,Web,True
3355,03-Nov-25,India,Chennai,Female,25-34,2,Influencer,Android,True
3379,02-Mar-25,India,Delhi,Female,25-34,2,Organic Search,Web,True
3398,08-Jul-25,India,Delhi,Female,25-34,2,App Store,Web,False
3419,10-Dec-25,India,Delhi,Female,25-34,2,Direct,Web,True
3437,14-Feb-25,India,Chennai,Female,25-34,2,Email,Web,True
3448,31-Mar-25,India,Bengaluru,Female,25-34,2,Paid Search,iOS,True
3504,17-Nov-25,India,Bengaluru,Female,25-34,2,Email,Android,True
3541,10-Apr-25,India,Delhi,Female,25-34,2,Referral,Web,True
3618,20-Dec-25,India,Chennai,Female,25-34,2,Email,Web,True
3641,06-Sep-25,India,Bengaluru,Female,25-34,2,Social,Android,True
3671,12-Jan-25,India,Bengaluru,Female,25-34,2,Referral,Web,True
3734,18-Jun-25,India,Bengaluru,Female,25-34,2,Email,iOS,True
3795,24-May-25,India,Pune,Female,25-34,2,Referral,iOS,True
3803,22-Oct-25,India,Delhi,Female,25-34,2,Organic Search,Web,True
3898,30-Apr-25,India,Bengaluru,Female,25-34,2,Social,Web,True
3928,24-Aug-25,India,Chennai,Female,25-34,2,Referral,iOS,True
3956,28-Jan-25,India,Pune,Female,25-34,2,Social,Web,False
3979,07-Oct-25,India,Bengaluru,Female,25-34,2,Direct,iOS,False
3999,17-Nov-25,India,Pune,Female,25-34,2,Organic Search,Android,True
4020,24-Feb-25,India,Chennai,Female,25-34,2,App Store,Android,True
4059,27-Nov-25,India,Pune,Female,25-34,2,Influencer,Android,True
4120,08-Jan-25,India,Delhi,Female,25-34,2,App Store,iOS,True
4210,04-Jun-25,India,Chennai,Female,25-34,2,Influencer,Web,True
4225,01-Apr-25,India,Mumbai,Female,25-34,2,Email,Android,False
4231,26-Apr-25,India,Delhi,Female,25-34,2,Paid Search,Android,True
4270,03-Jun-25,India,Pune,Female,25-34,2,Influencer,Android,False
4285,13-Apr-25,India,Mumbai,Female,25-34,2,Paid Search,iOS,True
4289,28-Sep-25,India,Bengaluru,Female,25-34,2,Social,iOS,True
4309,11-Sep-25,India,Mumbai,Female,25-34,2,Paid Search,iOS,False
4333,18-Jun-25,India,Mumbai,Female,25-34,2,Referral,iOS,True
4346,16-Feb-25,India,Bengaluru,Female,25-34,2,Organic Search,iOS,True
4512,27-Dec-25,India,Bengaluru,Female,25-34,2,App Store,iOS,True
4519,18-Nov-25,India,Pune,Female,25-34,2,Paid Search,Android,True
4528,23-Jul-25,India,Chennai,Female,25-34,2,Direct,iOS,True
4536,04-May-25,India,Delhi,Female,25-34,2,Organic Search,iOS,True
4538,15-Mar-25,India,Bengaluru,Female,25-34,2,Referral,iOS,True
4544,06-Jun-25,India,Mumbai,Female,25-34,2,Social,iOS,True
4573,20-Mar-25,India,Chennai,Female,25-34,2,App Store,Android,True
4649,04-Dec-25,India,Chennai,Female,25-34,2,Direct,Android,True
4704,02-Mar-25,India,Bengaluru,Female,25-34,2,App Store,Web,False
4717,07-Dec-25,India,Mumbai,Female,25-34,2,Referral,Web,True
4719,21-Jul-25,India,Bengaluru,Female,25-34,2,Email,Web,True
4726,24-Mar-25,India,Mumbai,Female,25-34,2,Paid Search,Web,True
4737,04-Oct-25,India,Mumbai,Female,25-34,2,Direct,Android,True
4744,25-Aug-25,India,Pune,Female,25-34,2,App Store,Web,True
4779,09-Jun-25,India,Pune,Female,25-34,2,App Store,iOS,True
4785,14-Apr-25,India,Chennai,Female,25-34,2,Referral,iOS,True
4829,24-Jul-25,India,Pune,Female,25-34,2,Direct,iOS,False
4874,28-Apr-25,India,Bengaluru,Female,25-34,2,Social,Android,True
4893,23-Jul-25,India,Mumbai,Female,25-34,2,Direct,iOS,False
4913,09-Aug-25,India,Bengaluru,Female,25-34,2,Organic Search,Android,True
4919,16-Nov-25,India,Chennai,Female,25-34,2,Social,iOS,True
4986,26-Jul-25,India,Bengaluru,Female,25-34,2,App Store,Web,True
5058,03-Oct-25,India,Delhi,Female,25-34,2,Influencer,Android,False
5067,17-Dec-25,India,Delhi,Female,25-34,2,Influencer,Android,True
5084,21-Dec-25,India,Delhi,Female,25-34,2,App Store,Web,True
5105,09-Dec-25,India,Delhi,Female,25-34,2,Referral,Android,True
5118,23-Apr-25,India,Chennai,Female,25-34,2,Organic Search,iOS,True
5128,29-Jul-25,India,Bengaluru,Female,25-34,2,Email,iOS,True
5157,28-Apr-25,India,Chennai,Female,25-34,2,Paid Search,Web,True
5184,26-Apr-25,India,Pune,Female,25-34,2,Organic Search,Android,False
5346,22-Feb-25,India,Delhi,Female,25-34,2,Paid Search,Android,True
5404,08-Jul-25,India,Mumbai,Female,25-34,2,Social,Android,True
5415,26-Aug-25,India,Chennai,Female,25-34,2,Referral,Web,True
5419,20-Jun-25,India,Pune,Female,25-34,2,App Store,Android,True
5489,03-Jul-25,India,Pune,Female,25-34,2,Influencer,iOS,True
5523,27-Jul-25,India,Pune,Female,25-34,2,Paid Search,Web,True
5550,12-Jun-25,India,Chennai,Female,25-34,2,Email,iOS,True
5571,29-May-25,India,Bengaluru,Female,25-34,2,Social,iOS,True
5578,23-May-25,India,Chennai,Female,25-34,2,Referral,Web,True
5631,31-Mar-25,India,Pune,Female,25-34,2,Paid Search,iOS,True
5679,23-May-25,India,Mumbai,Female,25-34,2,Organic Search,Web,True
5686,01-Mar-25,India,Chennai,Female,25-34,2,Referral,Web,True
5733,27-Jul-25,India,Delhi,Female,25-34,2,Organic Search,iOS,True
5764,09-Aug-25,India,Delhi,Female,25-34,2,Organic Search,iOS,True
5770,31-May-25,India,Bengaluru,Female,25-34,2,App Store,Android,True
5848,26-Mar-25,India,Delhi,Female,25-34,2,App Store,iOS,True
5882,10-Jul-25,India,Mumbai,Female,25-34,2,Email,Android,False
5911,04-May-25,India,Mumbai,Female,25-34,2,Paid Search,Android,False
5915,14-Jul-25,India,Delhi,Female,25-34,2,Email,Android,True
5935,14-Feb-25,India,Chennai,Female,25-34,2,Organic Search,iOS,True
5953,28-May-25,India,Delhi,Female,25-34,2,Social,Android,True
5965,27-Oct-25,India,Pune,Female,25-34,2,App Store,iOS,True
6112,28-May-25,India,Pune,Female,25-34,2,Paid Search,iOS,True
6201,12-Jun-25,India,Mumbai,Female,25-34,2,Social,Android,True
6239,26-Jul-25,India,Chennai,Female,25-34,2,Email,iOS,True
6242,11-Feb-25,India,Pune,Female,25-34,2,Referral,iOS,False
6250,08-Aug-25,India,Bengaluru,Female,25-34,2,Social,Android,True
6299,13-Jun-25,India,Chennai,Female,25-34,2,Email,iOS,False
6331,02-Nov-25,India,Chennai,Female,25-34,2,Social,Web,True
6332,18-Aug-25,India,Bengaluru,Female,25-34,2,App Store,Android,True
6357,26-May-25,India,Delhi,Female,25-34,2,Influencer,iOS,False
6381,31-Mar-25,India,Mumbai,Female,25-34,2,Direct,Android,False
6403,02-Feb-25,India,Chennai,Female,25-34,2,Organic Search,Android,True
6408,04-Jun-25,India,Delhi,Female,25-34,2,Referral,Android,True
6424,15-May-25,India,Mumbai,Female,25-34,2,Organic Search,Web,True
6453,08-Aug-25,India,Pune,Female,25-34,2,App Store,Android,True
6463,08-Sep-25,India,Chennai,Female,25-34,2,App Store,Web,True
6510,02-Nov-25,India,Delhi,Female,25-34,2,Influencer,iOS,True
6522,18-Jan-25,India,Bengaluru,Female,25-34,2,Paid Search,Android,True
6546,04-Apr-25,India,Chennai,Female,25-34,2,Referral,Android,True
6694,30-Jul-25,India,Pune,Female,25-34,2,Direct,Android,True
6704,03-Feb-25,India,Bengaluru,Female,25-34,2,Influencer,Android,True
6740,04-Sep-25,India,Pune,Female,25-34,2,Direct,iOS,True
6759,13-Sep-25,India,Bengaluru,Female,25-34,2,Email,iOS,False
6760,09-Jan-25,India,Chennai,Female,25-34,2,App Store,Android,True
6761,27-Apr-25,India,Mumbai,Female,25-34,2,Referral,Android,True
6783,31-May-25,India,Chennai,Female,25-34,2,Organic Search,iOS,True
6785,25-Jul-25,India,Pune,Female,25-34,2,Organic Search,iOS,True
6808,16-Mar-25,India,Delhi,Female,25-34,2,Paid Search,Android,True
6899,18-Aug-25,India,Bengaluru,Female,25-34,2,Referral,Android,True
6930,31-May-25,India,Delhi,Female,25-34,2,Social,Android,True
6943,20-Mar-25,India,Delhi,Female,25-34,2,Paid Search,Android,True
6945,16-Feb-25,India,Mumbai,Female,25-34,2,Organic Search,Android,True
6969,06-Nov-25,India,Chennai,Female,25-34,2,Email,Web,True
6977,26-Mar-25,India,Chennai,Female,25-34,2,Paid Search,iOS,True
7092,15-Nov-25,India,Mumbai,Female,25-34,2,Direct,iOS,True
7095,09-Apr-25,India,Pune,Female,25-34,2,Referral,Web,False
7119,04-Nov-25,India,Mumbai,Female,25-34,2,Influencer,Web,True
7167,17-Jul-25,India,Chennai,Female,25-34,2,Direct,iOS,True
7173,01-Dec-25,India,Mumbai,Female,25-34,2,Direct,iOS,True
7179,19-Apr-25,India,Chennai,Female,25-34,2,App Store,iOS,True
7212,12-Feb-25,India,Bengaluru,Female,25-34,2,Direct,Android,True
7260,11-Apr-25,India,Delhi,Female,25-34,2,Social,Android,True
7272,09-Nov-25,India,Bengaluru,Female,25-34,2,Social,iOS,True
7302,06-Jun-25,India,Chennai,Female,25-34,2,Direct,Android,True
7329,02-Oct-25,India,Mumbai,Female,25-34,2,Social,iOS,True
7347,15-Feb-25,India,Mumbai,Female,25-34,2,Referral,Android,True
7373,10-Jun-25,India,Pune,Female,25-34,2,Email,iOS,True
7386,06-Aug-25,India,Mumbai,Female,25-34,2,Influencer,Android,True
7438,19-Sep-25,India,Delhi,Female,25-34,2,Social,Android,True
7478,18-Jun-25,India,Pune,Female,25-34,2,Direct,Android,False
7546,20-Feb-25,India,Pune,Female,25-34,2,Social,Web,True
7589,18-Jan-25,India,Bengaluru,Female,25-34,2,Paid Search,Web,True
7593,25-Mar-25,India,Bengaluru,Female,25-34,2,Organic Search,iOS,True
7608,13-Jul-25,India,Bengaluru,Female,25-34,2,App Store,iOS,True
7615,30-Mar-25,India,Bengaluru,Female,25-34,2,Email,Android,True
7721,14-Aug-25,India,Chennai,Female,25-34,2,Influencer,iOS,True
7870,12-Jul-25,India,Pune,Female,25-34,2,Influencer,Android,True
7894,30-Nov-25,India,Mumbai,Female,25-34,2,Influencer,Android,False
7900,18-Apr-25,India,Mumbai,Female,25-34,2,Direct,iOS,True
7959,10-Oct-25,India,Chennai,Female,25-34,2,Organic Search,Web,True
7987,25-Sep-25,India,Delhi,Female,25-34,2,Direct,Web,True
123,04-Aug-25,India,Ahmedabad,Female,25-34,2,Paid Search,Web,True
174,06-Dec-25,India,Ahmedabad,Female,25-34,2,Paid Search,Web,True
175,13-Oct-25,India,Ahmedabad,Female,25-34,2,Organic Search,Web,True
266,09-Apr-25,India,Ahmedabad,Female,25-34,2,Direct,iOS,True
307,27-Jul-25,India,Ahmedabad,Female,25-34,2,Referral,Web,True
387,03-Sep-25,India,Ahmedabad,Female,25-34,2,Social,iOS,False
395,13-Jan-25,India,Ahmedabad,Female,25-34,2,Social,iOS,True
444,24-May-25,India,Ahmedabad,Female,25-34,2,Influencer,iOS,True
671,08-Aug-25,India,Ahmedabad,Female,25-34,2,Email,Android,True
942,27-Aug-25,India,Ahmedabad,Female,25-34,2,Referral,Web,True
1035,23-Apr-25,India,Ahmedabad,Female,25-34,2,Organic Search,Android,True
1111,05-May-25,India,Ahmedabad,Female,25-34,2,App Store,Android,True
1176,26-Dec-25,India,Ahmedabad,Female,25-34,2,App Store,Android,True
1298,11-May-25,India,Ahmedabad,Female,25-34,2,Paid Search,Web,True
1319,17-Aug-25,India,Ahmedabad,Female,25-34,2,Influencer,Android,True
1491,17-Jan-25,India,Ahmedabad,Female,25-34,2,Paid Search,Android,True
1697,15-Dec-25,India,Ahmedabad,Female,25-34,2,Email,Web,True
1909,10-Jun-25,India,Ahmedabad,Female,25-34,2,Influencer,iOS,False
2016,27-Apr-25,India,Ahmedabad,Female,25-34,2,Paid Search,Android,True
2293,08-Jun-25,India,Ahmedabad,Female,25-34,2,Email,iOS,False
2387,14-Mar-25,India,Ahmedabad,Female,25-34,2,App Store,Web,True
2620,27-Apr-25,India,Ahmedabad,Female,25-34,2,Paid Search,Web,True
2810,12-Aug-25,India,Ahmedabad,Female,25-34,2,Referral,Web,True
2821,27-Mar-25,India,Ahmedabad,Female,25-34,2,Referral,Android,True
2921,31-Mar-25,India,Ahmedabad,Female,25-34,2,Paid Search,Android,True
3290,30-Apr-25,India,Ahmedabad,Female,25-34,2,Social,Android,False
3385,15-Jan-26,India,Ahmedabad,Female,25-34,2,Email,Web,True
3713,04-Mar-25,India,Ahmedabad,Female,25-34,2,App Store,iOS,True
3730,06-May-25,India,Ahmedabad,Female,25-34,2,Organic Search,Android,True
4200,12-Jan-26,India,Ahmedabad,Female,25-34,2,Email,Web,True
4279,19-Apr-25,India,Ahmedabad,Female,25-34,2,Paid Search,Web,False
4372,02-Jun-25,India,Ahmedabad,Female,25-34,2,Referral,iOS,True
4414,02-Jul-25,India,Ahmedabad,Female,25-34,2,Referral,Web,True
4530,23-Sep-25,India,Ahmedabad,Female,25-34,2,Paid Search,Android,True
4731,20-May-25,India,Ahmedabad,Female,25-34,2,Email,iOS,True
4915,05-Dec-25,India,Ahmedabad,Female,25-34,2,Social,Android,True
4937,04-May-25,India,Ahmedabad,Female,25-34,2,App Store,Android,True
4952,30-Jul-25,India,Ahmedabad,Female,25-34,2,Social,Android,True
5825,13-Sep-25,India,Ahmedabad,Female,25-34,2,Direct,iOS,False
5908,27-Sep-25,India,Ahmedabad,Female,25-34,2,Referral,iOS,False
6161,18-Oct-25,India,Ahmedabad,Female,25-34,2,Organic Search,Android,True
6193,06-Dec-25,India,Ahmedabad,Female,25-34,2,Influencer,Android,True
6323,07-Jan-25,India,Ahmedabad,Female,25-34,2,Email,Android,False
6328,26-Nov-25,India,Ahmedabad,Female,25-34,2,Social,Web,False
6359,16-Jan-25,India,Ahmedabad,Female,25-34,2,Email,iOS,True
6421,21-Jun-25,India,Ahmedabad,Female,25-34,2,Paid Search,iOS,True
6602,09-Dec-25,India,Ahmedabad,Female,25-34,2,App Store,Web,True
6611,02-Aug-25,India,Ahmedabad,Female,25-34,2,Email,iOS,True
6686,04-Feb-25,India,Ahmedabad,Female,25-34,2,Direct,iOS,True
6819,04-Aug-25,India,Ahmedabad,Female,25-34,2,Organic Search,iOS,True
6857,01-Jun-25,India,Ahmedabad,Female,25-34,2,Direct,iOS,True
6915,12-Aug-25,India,Ahmedabad,Female,25-34,2,Email,Web,True
7080,03-Jul-25,India,Ahmedabad,Female,25-34,2,Referral,iOS,True
7107,02-May-25,India,Ahmedabad,Female,25-34,2,Email,iOS,True
7244,28-Jul-25,India,Ahmedabad,Female,25-34,2,Influencer,iOS,True
7342,04-Nov-25,India,Ahmedabad,Female,25-34,2,Email,Web,False
7429,29-Jun-25,India,Ahmedabad,Female,25-34,2,Referral,iOS,True
7467,04-Feb-25,India,Ahmedabad,Female,25-34,2,Referral,Web,True
7512,19-May-25,India,Ahmedabad,Female,25-34,2,Paid Search,iOS,True
7530,16-Jun-25,India,Ahmedabad,Female,25-34,2,Influencer,Web,False
7565,31-Oct-25,India,Ahmedabad,Female,25-34,2,Email,Android,True
7806,02-Jan-26,India,Ahmedabad,Female,25-34,2,App Store,iOS,True
7881,10-Mar-25,India,Ahmedabad,Female,25-34,2,Paid Search,Web,True
7955,11-Nov-25,India,Ahmedabad,Female,25-34,2,Influencer,Android,False
45,15-May-25,India,Hyderabad,Female,25-34,2,Organic Search,Android,True
64,19-Feb-25,India,Hyderabad,Female,25-34,2,Influencer,Android,True
79,28-Sep-25,India,Hyderabad,Female,25-34,2,Referral,Android,True
83,23-Oct-25,India,Hyderabad,Female,25-34,2,Influencer,iOS,True
327,20-Feb-25,India,Hyderabad,Female,25-34,2,Social,Android,True
405,23-May-25,India,Hyderabad,Female,25-34,2,App Store,Web,True
433,05-Jan-25,India,Hyderabad,Female,25-34,2,Influencer,iOS,True
611,31-May-25,India,Hyderabad,Female,25-34,2,Influencer,Android,False
652,05-Aug-25,India,Hyderabad,Female,25-34,2,Organic Search,iOS,True
715,12-Jan-25,India,Hyderabad,Female,25-34,2,Referral,iOS,False
1093,14-Jun-25,India,Hyderabad,Female,25-34,2,Organic Search,iOS,True
1253,03-Jun-25,India,Hyderabad,Female,25-34,2,Influencer,Android,False
1381,09-Feb-25,India,Hyderabad,Female,25-34,2,Referral,Web,True
1473,05-Aug-25,India,Hyderabad,Female,25-34,2,Social,iOS,True
1493,26-Feb-25,India,Hyderabad,Female,25-34,2,Influencer,iOS,True
1581,27-Aug-25,India,Hyderabad,Female,25-34,2,Paid Search,iOS,True
1701,25-Feb-25,India,Hyderabad,Female,25-34,2,Organic Search,Web,True
1965,28-Mar-25,India,Hyderabad,Female,25-34,2,App Store,Android,True
2350,30-May-25,India,Hyderabad,Female,25-34,2,Social,Android,True
2455,25-Mar-25,India,Hyderabad,Female,25-34,2,Paid Search,Android,True
2460,07-Feb-25,India,Hyderabad,Female,25-34,2,Organic Search,Android,True
2462,22-May-25,India,Hyderabad,Female,25-34,2,App Store,Web,True
2587,13-Sep-25,India,Hyderabad,Female,25-34,2,Direct,iOS,False
2731,28-Sep-25,India,Hyderabad,Female,25-34,2,Direct,Android,True
2794,18-Apr-25,India,Hyderabad,Female,25-34,2,Direct,Web,False
3035,28-Jan-25,India,Hyderabad,Female,25-34,2,Paid Search,Web,True
3068,15-Nov-25,India,Hyderabad,Female,25-34,2,Influencer,iOS,True
3079,23-May-25,India,Hyderabad,Female,25-34,2,Influencer,Web,True
3159,17-Sep-25,India,Hyderabad,Female,25-34,2,Organic Search,Android,True
3197,29-Jun-25,India,Hyderabad,Female,25-34,2,Email,iOS,True
3360,12-May-25,India,Hyderabad,Female,25-34,2,App Store,Android,True
3410,02-Sep-25,India,Hyderabad,Female,25-34,2,Influencer,Web,True
4002,05-Jun-25,India,Hyderabad,Female,25-34,2,Paid Search,Android,True
4008,10-Oct-25,India,Hyderabad,Female,25-34,2,Referral,Android,False
4032,21-Apr-25,India,Hyderabad,Female,25-34,2,Organic Search,Android,True
4376,29-Aug-25,India,Hyderabad,Female,25-34,2,Direct,Android,True
4383,18-Jan-26,India,Hyderabad,Female,25-34,2,Organic Search,Android,True
4399,14-Mar-25,India,Hyderabad,Female,25-34,2,Direct,iOS,True
4563,22-Nov-25,India,Hyderabad,Female,25-34,2,Direct,iOS,True
4616,05-Sep-25,India,Hyderabad,Female,25-34,2,Direct,iOS,True
4667,11-Dec-25,India,Hyderabad,Female,25-34,2,App Store,iOS,True
4801,20-Jul-25,India,Hyderabad,Female,25-34,2,Email,iOS,True
4802,22-Aug-25,India,Hyderabad,Female,25-34,2,Social,Android,True
4970,19-Jun-25,India,Hyderabad,Female,25-34,2,Email,iOS,True
5192,30-Jun-25,India,Hyderabad,Female,25-34,2,Direct,iOS,True
6316,30-Jun-25,India,Hyderabad,Female,25-34,2,Referral,Android,True
6570,14-Jan-25,India,Hyderabad,Female,25-34,2,Social,Web,True
6678,01-Jun-25,India,Hyderabad,Female,25-34,2,Organic Search,iOS,True
6738,04-Nov-25,India,Hyderabad,Female,25-34,2,Social,Android,True
6754,15-Apr-25,India,Hyderabad,Female,25-34,2,Referral,Android,True
6875,11-Nov-25,India,Hyderabad,Female,25-34,2,Email,iOS,True
6970,28-Jul-25,India,Hyderabad,Female,25-34,2,App Store,Android,True
6996,16-Jan-25,India,Hyderabad,Female,25-34,2,Email,Web,True
7334,15-Nov-25,India,Hyderabad,Female,25-34,2,Organic Search,iOS,True
7358,24-May-25,India,Hyderabad,Female,25-34,2,Referral,Android,True
7380,10-Sep-25,India,Hyderabad,Female,25-34,2,Social,Web,True
7387,13-Feb-25,India,Hyderabad,Female,25-34,2,App Store,Android,True
7514,05-Nov-25,India,Hyderabad,Female,25-34,2,Social,iOS,True
7523,14-Jan-25,India,Hyderabad,Female,25-34,2,Organic Search,Android,True
7568,15-Mar-25,India,Hyderabad,Female,25-34,2,Paid Search,iOS,True
7729,16-Mar-25,India,Hyderabad,Female,25-34,2,Organic Search,Android,True
7759,11-Apr-25,India,Hyderabad,Female,25-34,2,Referral,Web,True
7793,18-Feb-25,India,Hyderabad,Female,25-34,2,Organic Search,Web,True
7844,29-Nov-25,India,Hyderabad,Female,25-34,2,Direct,Web,True
7922,26-Feb-25,India,Hyderabad,Female,25-34,2,Direct,Android,True
7953,11-Feb-25,India,Hyderabad,Female,25-34,2,Social,Web,True
7969,08-Sep-25,India,Hyderabad,Female,25-34,2,Direct,Android,True
168,03-Mar-25,India,Kolkata,Female,25-34,2,Organic Search,Android,True
238,07-Jan-26,India,Kolkata,Female,25-34,2,Influencer,Web,True
248,15-Dec-25,India,Kolkata,Female,25-34,2,Paid Search,Web,False
380,08-Dec-25,India,Kolkata,Female,25-34,2,Direct,Android,True
696,01-Aug-25,India,Kolkata,Female,25-34,2,Email,Web,True
941,29-Dec-25,India,Kolkata,Female,25-34,2,Email,Web,True
953,30-Sep-25,India,Kolkata,Female,25-34,2,Influencer,Android,True
990,04-Oct-25,India,Kolkata,Female,25-34,2,Organic Search,iOS,True
1038,01-Jan-25,India,Kolkata,Female,25-34,2,Influencer,iOS,True
1290,24-Apr-25,India,Kolkata,Female,25-34,2,Organic Search,iOS,True
1366,07-Oct-25,India,Kolkata,Female,25-34,2,Influencer,Android,True
1542,07-Jul-25,India,Kolkata,Female,25-34,2,Referral,Android,True
1858,24-Jan-25,India,Kolkata,Female,25-34,2,Organic Search,iOS,False
1889,01-Feb-25,India,Kolkata,Female,25-34,2,Organic Search,Android,True
1963,14-Jan-25,India,Kolkata,Female,25-34,2,Influencer,Android,True
2075,21-Mar-25,India,Kolkata,Female,25-34,2,Organic Search,Android,True
2097,30-Apr-25,India,Kolkata,Female,25-34,2,Referral,iOS,False
2244,16-Aug-25,India,Kolkata,Female,25-34,2,Referral,Web,True
2264,04-Oct-25,India,Kolkata,Female,25-34,2,Direct,Web,True
2307,16-Feb-25,India,Kolkata,Female,25-34,2,Organic Search,Android,True
2433,01-May-25,India,Kolkata,Female,25-34,2,App Store,Android,True
2518,20-Apr-25,India,Kolkata,Female,25-34,2,App Store,Web,True
2534,02-Apr-25,India,Kolkata,Female,25-34,2,Influencer,iOS,True
2858,30-Sep-25,India,Kolkata,Female,25-34,2,Referral,iOS,False
2891,19-Jan-25,India,Kolkata,Female,25-34,2,Influencer,Android,True
2920,17-May-25,India,Kolkata,Female,25-34,2,Social,Android,True
2954,07-Oct-25,India,Kolkata,Female,25-34,2,App Store,Android,False
3177,22-Sep-25,India,Kolkata,Female,25-34,2,Direct,Android,False
3188,11-May-25,India,Kolkata,Female,25-34,2,Social,Android,True
3450,07-Sep-25,India,Kolkata,Female,25-34,2,Influencer,Android,True
3567,23-Apr-25,India,Kolkata,Female,25-34,2,Email,Web,True
3633,20-Dec-25,India,Kolkata,Female,25-34,2,Influencer,Android,True
3658,20-Dec-25,India,Kolkata,Female,25-34,2,Email,Android,True
3758,21-May-25,India,Kolkata,Female,25-34,2,Email,Android,True
3859,20-Mar-25,India,Kolkata,Female,25-34,2,Organic Search,Android,True
3907,11-Jan-25,India,Kolkata,Female,25-34,2,Paid Search,Web,True
3933,17-Aug-25,India,Kolkata,Female,25-34,2,Social,Android,True
3966,18-Feb-25,India,Kolkata,Female,25-34,2,App Store,iOS,True
3991,24-Jan-25,India,Kolkata,Female,25-34,2,Social,iOS,True
4066,28-Feb-25,India,Kolkata,Female,25-34,2,Influencer,Android,True
4076,26-Dec-25,India,Kolkata,Female,25-34,2,Influencer,iOS,True
4174,22-Mar-25,India,Kolkata,Female,25-34,2,Paid Search,Web,True
4211,03-Feb-25,India,Kolkata,Female,25-34,2,Email,Web,True
4226,12-Dec-25,India,Kolkata,Female,25-34,2,App Store,iOS,True
4305,06-Oct-25,India,Kolkata,Female,25-34,2,Social,Android,True
4310,30-Jun-25,India,Kolkata,Female,25-34,2,Direct,Android,True
4820,19-Jan-25,India,Kolkata,Female,25-34,2,Direct,Android,True
5029,11-Mar-25,India,Kolkata,Female,25-34,2,App Store,Android,True
5226,17-Oct-25,India,Kolkata,Female,25-34,2,Influencer,Android,True
5240,24-Aug-25,India,Kolkata,Female,25-34,2,Paid Search,iOS,True
5241,25-Feb-25,India,Kolkata,Female,25-34,2,App Store,Web,True
5563,02-Jul-25,India,Kolkata,Female,25-34,2,Influencer,iOS,True
5632,24-Jul-25,India,Kolkata,Female,25-34,2,Direct,iOS,True
5739,25-Aug-25,India,Kolkata,Female,25-34,2,Referral,Web,True
5816,25-Nov-25,India,Kolkata,Female,25-34,2,Direct,iOS,False
6251,06-Mar-25,India,Kolkata,Female,25-34,2,Email,Android,True
6256,09-Jan-26,India,Kolkata,Female,25-34,2,App Store,Android,True
6404,17-Aug-25,India,Kolkata,Female,25-34,2,Organic Search,iOS,True
6555,07-Mar-25,India,Kolkata,Female,25-34,2,Influencer,Android,True
6579,31-May-25,India,Kolkata,Female,25-34,2,Influencer,Web,True
6580,02-Oct-25,India,Kolkata,Female,25-34,2,Direct,iOS,True
6618,31-May-25,India,Kolkata,Female,25-34,2,Paid Search,Android,True
6625,18-Mar-25,India,Kolkata,Female,25-34,2,Organic Search,Web,True
7059,15-Jul-25,India,Kolkata,Female,25-34,2,App Store,Android,False
7171,06-Oct-25,India,Kolkata,Female,25-34,2,Influencer,iOS,False
7239,01-Feb-25,India,Kolkata,Female,25-34,2,Organic Search,iOS,True
7259,25-Jan-25,India,Kolkata,Female,25-34,2,App Store,Web,False
7404,11-Sep-25,India,Kolkata,Female,25-34,2,Social,Web,True
7864,19-Aug-25,India,Kolkata,Female,25-34,2,Paid Search,Web,True
7869,28-Jun-25,India,Kolkata,Female,25-34,2,App Store,Android,True
61,04-Feb-25,India,Kolkata,Other,25-34,2,Organic Search,Android,True
133,14-Sep-25,India,Pune,Other,25-34,2,Influencer,Android,False
229,04-Sep-25,India,Mumbai,Other,25-34,2,Paid Search,Android,False
261,26-Dec-25,India,Pune,Other,25-34,2,Influencer,iOS,True
289,30-Apr-25,India,Hyderabad,Other,25-34,2,Email,iOS,True
543,10-Sep-25,India,Ahmedabad,Other,25-34,2,Social,Android,True
579,06-Oct-25,India,Kolkata,Other,25-34,2,App Store,Android,False
599,25-Jul-25,India,Ahmedabad,Other,25-34,2,Influencer,iOS,True
695,09-Jan-26,India,Kolkata,Other,25-34,2,Influencer,Android,True
749,30-Oct-25,India,Chennai,Other,25-34,2,Social,Web,True
786,14-Jun-25,India,Chennai,Other,25-34,2,Email,Web,True
832,08-Apr-25,India,Ahmedabad,Other,25-34,2,Referral,Android,True
1181,30-Oct-25,India,Hyderabad,Other,25-34,2,Organic Search,Android,True
1211,29-Oct-25,India,Pune,Other,25-34,2,Influencer,iOS,True
1296,24-Feb-25,India,Pune,Other,25-34,2,Direct,Android,True
1390,03-Jun-25,India,Delhi,Other,25-34,2,Organic Search,Android,True
1553,04-Jan-25,India,Ahmedabad,Other,25-34,2,Email,Android,True
1734,06-Sep-25,India,Kolkata,Other,25-34,2,Email,Android,True
1782,22-Jan-25,India,Bengaluru,Other,25-34,2,Referral,Android,True
1806,09-Apr-25,India,Hyderabad,Other,25-34,2,Social,Android,True
2048,10-Feb-25,India,Chennai,Other,25-34,2,Paid Search,Android,True
2175,01-Jan-25,India,Kolkata,Other,25-34,2,Referral,Android,True
2260,22-Jul-25,India,Chennai,Other,25-34,2,Social,Web,True
2288,20-Sep-25,India,Chennai,Other,25-34,2,Direct,iOS,True
2402,18-Aug-25,India,Bengaluru,Other,25-34,2,App Store,Android,False
2573,30-Sep-25,India,Pune,Other,25-34,2,Referral,Web,True
2655,21-Sep-25,India,Pune,Other,25-34,2,Influencer,Android,True
2752,21-Aug-25,India,Bengaluru,Other,25-34,2,Referral,Web,True
2774,15-Sep-25,India,Hyderabad,Other,25-34,2,Referral,Android,True
2820,13-Jan-25,India,Ahmedabad,Other,25-34,2,Influencer,iOS,False
2823,31-Mar-25,India,Hyderabad,Other,25-34,2,Direct,Android,True
2845,24-Jan-25,India,Ahmedabad,Other,25-34,2,Organic Search,iOS,False
2849,18-Aug-25,India,Ahmedabad,Other,25-34,2,Direct,iOS,True
2900,26-Apr-25,India,Chennai,Other,25-34,2,Email,Android,True
3207,30-Sep-25,India,Delhi,Other,25-34,2,Paid Search,Android,True
3296,10-Jun-25,India,Mumbai,Other,25-34,2,Paid Search,Web,True
3523,30-Jan-25,India,Delhi,Other,25-34,2,Paid Search,Web,True
3622,07-Dec-25,India,Hyderabad,Other,25-34,2,Social,iOS,True
3840,01-Dec-25,India,Mumbai,Other,25-34,2,Referral,Web,True
3851,04-Dec-25,India,Chennai,Other,25-34,2,Influencer,iOS,True
3936,16-Jan-25,India,Ahmedabad,Other,25-34,2,Direct,Web,True
4119,03-Apr-25,India,Bengaluru,Other,25-34,2,Organic Search,Web,True
4206,16-Aug-25,India,Kolkata,Other,25-34,2,Organic Search,Android,True
4560,14-Mar-25,India,Chennai,Other,25-34,2,Email,Android,True
4670,11-Oct-25,India,Bengaluru,Other,25-34,2,Email,Web,True
4712,03-Jan-25,India,Ahmedabad,Other,25-34,2,Email,Android,True
4727,18-Oct-25,India,Ahmedabad,Other,25-34,2,Social,iOS,True
4872,02-Dec-25,India,Mumbai,Other,25-34,2,Organic Search,Android,True
5229,19-Feb-25,India,Hyderabad,Other,25-34,2,Referral,Android,True
5391,24-Nov-25,India,Mumbai,Other,25-34,2,Social,Android,True
5440,15-Aug-25,India,Ahmedabad,Other,25-34,2,App Store,iOS,True
5485,05-Jun-25,India,Chennai,Other,25-34,2,Referral,Android,True
5540,26-Dec-25,India,Pune,Other,25-34,2,Social,iOS,False
6200,07-Jul-25,India,Chennai,Other,25-34,2,Influencer,Android,True
6253,20-Aug-25,India,Mumbai,Other,25-34,2,Referral,Android,True
6347,08-Jan-25,India,Pune,Other,25-34,2,Organic Search,Web,True
6400,23-Dec-25,India,Mumbai,Other,25-34,2,Email,Android,True
6454,28-Jun-25,India,Ahmedabad,Other,25-34,2,Influencer,Android,True
6500,12-Apr-25,India,Hyderabad,Other,25-34,2,Referral,Android,True
6575,12-Jul-25,India,Chennai,Other,25-34,2,App Store,Web,True
6609,24-Nov-25,India,Kolkata,Other,25-34,2,App Store,iOS,True
6962,08-Apr-25,India,Ahmedabad,Other,25-34,2,Referral,Web,True
7025,23-Mar-25,India,Mumbai,Other,25-34,2,Social,iOS,True
7062,05-Sep-25,India,Ahmedabad,Other,25-34,2,Organic Search,Web,True
7088,29-Aug-25,India,Ahmedabad,Other,25-34,2,Email,iOS,True
7152,06-Apr-25,India,Mumbai,Other,25-34,2,Direct,Android,True
7418,29-Sep-25,India,Ahmedabad,Other,25-34,2,Email,Android,True
7782,18-Dec-25,India,Kolkata,Other,25-34,2,Social,iOS,True
7970,22-Mar-25,India,Bengaluru,Other,25-34,2,Paid Search,iOS,False
7999,09-Sep-25,India,Bengaluru,Other,25-34,2,App Store,iOS,True
432,18-Apr-25,USA,Boston,Other,25-34,2,Paid Search,Android,True
512,07-Sep-25,USA,San Francisco,Other,25-34,2,App Store,iOS,True
517,04-Jan-25,USA,Austin,Other,25-34,2,Paid Search,Web,False
538,13-Feb-25,USA,Boston,Other,25-34,2,Paid Search,Android,True
754,08-Sep-25,USA,Miami,Other,25-34,2,App Store,Android,True
1449,06-Nov-25,USA,Austin,Other,25-34,2,Social,Android,True
1518,16-Jan-25,USA,Los Angeles,Other,25-34,2,Organic Search,Android,True
1742,22-Dec-25,USA,Los Angeles,Other,25-34,2,Paid Search,iOS,True
1946,14-Nov-25,USA,Chicago,Other,25-34,2,Paid Search,iOS,True
2085,20-Jun-25,USA,Chicago,Other,25-34,2,Paid Search,iOS,True
2089,09-Jan-26,USA,Boston,Other,25-34,2,Influencer,Android,True
2243,27-Oct-25,USA,Austin,Other,25-34,2,Influencer,Web,False
2539,26-May-25,USA,Miami,Other,25-34,2,Influencer,iOS,True
2992,07-Sep-25,USA,Miami,Other,25-34,2,Influencer,Web,True
3064,18-May-25,USA,San Francisco,Other,25-34,2,Social,Android,True
3151,09-May-25,USA,Los Angeles,Other,25-34,2,Influencer,iOS,True
3233,21-Oct-25,USA,New York,Other,25-34,2,Organic Search,Android,True
3558,04-Jan-26,USA,Los Angeles,Other,25-34,2,Social,Android,True
3720,27-Jul-25,USA,Seattle,Other,25-34,2,Influencer,Android,True
3739,26-Feb-25,USA,Chicago,Other,25-34,2,Direct,Android,True
4042,12-May-25,USA,Los Angeles,Other,25-34,2,Organic Search,iOS,True
4162,26-Oct-25,USA,Los Angeles,Other,25-34,2,Direct,Android,True
4494,16-Feb-25,USA,Chicago,Other,25-34,2,Email,Web,True
4542,22-Oct-25,USA,Miami,Other,25-34,2,App Store,iOS,True
6042,23-Oct-25,USA,Los Angeles,Other,25-34,2,Paid Search,Android,True
6144,14-Apr-25,USA,Seattle,Other,25-34,2,Direct,Web,True
6425,20-Jun-25,USA,Chicago,Other,25-34,2,App Store,iOS,False
6521,25-Jan-25,USA,Austin,Other,25-34,2,Social,iOS,True
6656,09-Dec-25,USA,San Francisco,Other,25-34,2,Paid Search,Android,False
6924,13-Nov-25,USA,Chicago,Other,25-34,2,Paid Search,Web,True
7012,06-Jun-25,USA,Austin,Other,25-34,2,Influencer,iOS,True
7054,01-Jul-25,USA,Los Angeles,Other,25-34,2,Influencer,iOS,True
7312,24-Jul-25,USA,Miami,Other,25-34,2,Referral,iOS,True
7461,29-May-25,USA,Austin,Other,25-34,2,App Store,Android,True
7555,07-Dec-25,USA,San Francisco,Other,25-34,2,Direct,iOS,True
7966,21-Nov-25,USA,Austin,Other,25-34,2,App Store,Web,True
14,10-Apr-25,USA,New York,Female,25-34,2,Email,iOS,True
137,25-Dec-25,USA,Seattle,Female,25-34,2,Email,iOS,False
215,02-Jan-25,USA,New York,Female,25-34,2,Paid Search,Web,True
223,10-May-25,USA,Los Angeles,Female,25-34,2,Influencer,iOS,False
367,19-Nov-25,USA,Seattle,Female,25-34,2,Paid Search,Web,False
585,04-Jan-26,USA,Seattle,Female,25-34,2,Influencer,Web,True
588,03-Jan-26,USA,Miami,Female,25-34,2,App Store,Web,True
620,02-May-25,USA,Seattle,Female,25-34,2,Paid Search,iOS,True
626,27-Nov-25,USA,San Francisco,Female,25-34,2,Influencer,iOS,True
728,05-Jul-25,USA,San Francisco,Female,25-34,2,Direct,Web,True
764,26-Jun-25,USA,Austin,Female,25-34,2,Influencer,Web,True
794,20-Feb-25,USA,Los Angeles,Female,25-34,2,Paid Search,Web,True
857,24-Jul-25,USA,New York,Female,25-34,2,App Store,Web,False
862,06-Jan-26,USA,Seattle,Female,25-34,2,Email,iOS,True
992,11-Mar-25,USA,San Francisco,Female,25-34,2,Paid Search,Web,True
994,04-Jan-25,USA,Boston,Female,25-34,2,Referral,iOS,True
1106,22-Oct-25,USA,Miami,Female,25-34,2,Influencer,iOS,True
1156,16-May-25,USA,Seattle,Female,25-34,2,Social,Web,True
1175,26-Nov-25,USA,Seattle,Female,25-34,2,App Store,Web,True
1642,26-Jun-25,USA,Los Angeles,Female,25-34,2,App Store,iOS,True
1646,13-Jan-26,USA,Seattle,Female,25-34,2,Influencer,Web,True
1798,14-May-25,USA,Boston,Female,25-34,2,Direct,iOS,True
1835,11-Jun-25,USA,New York,Female,25-34,2,Direct,iOS,True
1838,08-Oct-25,USA,Austin,Female,25-34,2,Influencer,Web,True
1961,07-Jul-25,USA,New York,Female,25-34,2,Influencer,Web,True
1989,27-Dec-25,USA,San Francisco,Female,25-34,2,Social,iOS,True
2038,10-Apr-25,USA,Chicago,Female,25-34,2,Referral,iOS,True
2292,08-Feb-25,USA,San Francisco,Female,25-34,2,Direct,iOS,True
2339,26-May-25,USA,Seattle,Female,25-34,2,Email,Web,True
2471,06-Sep-25,USA,Austin,Female,25-34,2,Direct,Web,True
2583,04-Mar-25,USA,Austin,Female,25-34,2,Referral,iOS,True
2672,17-Jan-25,USA,New York,Female,25-34,2,Referral,iOS,True
2771,14-Dec-25,USA,Boston,Female,25-34,2,App Store,iOS,True
2790,19-Jan-25,USA,Boston,Female,25-34,2,Paid Search,iOS,True
2871,11-Sep-25,USA,Seattle,Female,25-34,2,Organic Search,Web,False
2882,30-Jul-25,USA,Austin,Female,25-34,2,Direct,Web,True
2904,30-Oct-25,USA,Austin,Female,25-34,2,Paid Search,Web,True
2971,16-Apr-25,USA,Boston,Female,25-34,2,Social,Web,True
2976,27-Sep-25,USA,New York,Female,25-34,2,Organic Search,Web,True
3028,27-Mar-25,USA,New York,Female,25-34,2,Social,Web,True
3094,07-Mar-25,USA,New York,Female,25-34,2,Direct,Web,True
3095,05-Sep-25,USA,San Francisco,Female,25-34,2,Referral,iOS,True
3212,28-Sep-25,USA,New York,Female,25-34,2,Direct,Web,True
3216,16-Jan-26,USA,Boston,Female,25-34,2,Social,Web,True
3265,30-Nov-25,USA,New York,Female,25-34,2,Referral,iOS,True
3322,07-Jun-25,USA,Los Angeles,Female,25-34,2,Direct,iOS,False
3364,17-Sep-25,USA,Boston,Female,25-34,2,Referral,Web,False
3390,21-Dec-25,USA,San Francisco,Female,25-34,2,Referral,Web,True
3488,12-Jan-26,USA,New York,Female,25-34,2,Email,Web,True
3569,21-Nov-25,USA,San Francisco,Female,25-34,2,App Store,Web,True
3621,07-Sep-25,USA,Miami,Female,25-34,2,Social,iOS,True
3741,30-Oct-25,USA,Seattle,Female,25-34,2,Social,iOS,True
3774,17-Sep-25,USA,New York,Female,25-34,2,Social,Web,True
3781,22-Jun-25,USA,Boston,Female,25-34,2,Referral,Web,True
3829,15-Mar-25,USA,Austin,Female,25-34,2,Referral,Web,True
4298,24-Jan-25,USA,Boston,Female,25-34,2,Influencer,iOS,True
4419,10-Apr-25,USA,Chicago,Female,25-34,2,Referral,Web,True
4510,15-Nov-25,USA,Seattle,Female,25-34,2,Influencer,iOS,True
4783,14-Feb-25,USA,Los Angeles,Female,25-34,2,Organic Search,Web,True
4790,04-Apr-25,USA,Chicago,Female,25-34,2,Email,iOS,True
4791,30-May-25,USA,New York,Female,25-34,2,Referral,iOS,True
4797,02-May-25,USA,Austin,Female,25-34,2,Social,iOS,True
4809,03-Sep-25,USA,Boston,Female,25-34,2,Social,iOS,True
4895,04-Jul-25,USA,Austin,Female,25-34,2,Direct,Web,True
4908,01-Dec-25,USA,Boston,Female,25-34,2,App Store,Web,True
4954,13-Feb-25,USA,San Francisco,Female,25-34,2,Organic Search,Web,True
4966,19-Oct-25,USA,Chicago,Female,25-34,2,Social,iOS,False
4977,28-Feb-25,USA,Miami,Female,25-34,2,Paid Search,Web,True
5095,29-Jan-25,USA,Seattle,Female,25-34,2,Paid Search,iOS,True
5106,19-May-25,USA,Boston,Female,25-34,2,Paid Search,iOS,True
5151,10-Jan-26,USA,Los Angeles,Female,25-34,2,Paid Search,Web,True
5152,28-Feb-25,USA,Miami,Female,25-34,2,Email,iOS,False
5242,26-Dec-25,USA,Los Angeles,Female,25-34,2,Email,iOS,True
5350,03-Sep-25,USA,Chicago,Female,25-34,2,Email,Web,True
5362,09-Apr-25,USA,Boston,Female,25-34,2,App Store,Web,False
5453,17-Nov-25,USA,Chicago,Female,25-34,2,Email,iOS,False
5521,23-Oct-25,USA,Seattle,Female,25-34,2,Paid Search,iOS,True
5611,25-Aug-25,USA,San Francisco,Female,25-34,2,Paid Search,iOS,True
5660,09-Apr-25,USA,Boston,Female,25-34,2,Organic Search,iOS,True
5722,21-Dec-25,USA,Chicago,Female,25-34,2,Organic Search,iOS,True
5928,15-Nov-25,USA,Chicago,Female,25-34,2,Paid Search,iOS,False
5945,02-Jan-26,USA,Chicago,Female,25-34,2,App Store,iOS,True
6109,05-Aug-25,USA,Chicago,Female,25-34,2,Email,Web,True
6165,22-Nov-25,USA,Seattle,Female,25-34,2,Email,iOS,True
6422,01-Oct-25,USA,San Francisco,Female,25-34,2,Organic Search,Web,False
6430,05-Apr-25,USA,New York,Female,25-34,2,Social,Web,True
6562,21-Apr-25,USA,Miami,Female,25-34,2,App Store,iOS,True
6604,30-May-25,USA,Chicago,Female,25-34,2,Referral,iOS,True
6652,22-Apr-25,USA,Los Angeles,Female,25-34,2,Organic Search,Web,True
6685,25-Aug-25,USA,Boston,Female,25-34,2,Paid Search,Web,True
6728,17-Jun-25,USA,Austin,Female,25-34,2,Paid Search,iOS,True
6757,10-Jul-25,USA,New York,Female,25-34,2,Paid Search,Web,True
6948,18-Dec-25,USA,Chicago,Female,25-34,2,App Store,Web,False
6965,10-Sep-25,USA,New York,Female,25-34,2,Influencer,iOS,False
7447,11-Jan-25,USA,New York,Female,25-34,2,App Store,Web,True
7472,20-May-25,USA,San Francisco,Female,25-34,2,Organic Search,Web,True
7524,28-Aug-25,USA,San Francisco,Female,25-34,2,App Store,Web,True
7544,13-Jan-26,USA,Austin,Female,25-34,2,App Store,Web,True
7609,05-Jul-25,USA,Los Angeles,Female,25-34,2,Referral,Web,True
7719,16-Jul-25,USA,Boston,Female,25-34,2,Referral,Web,True
7739,13-Sep-25,USA,Austin,Female,25-34,2,Paid Search,Web,True
7847,03-Mar-25,USA,Boston,Female,25-34,2,Paid Search,iOS,True
7939,20-Dec-25,USA,Chicago,Female,25-34,2,Email,iOS,True
13,08-Jan-26,USA,Austin,Female,25-34,2,Organic Search,Android,True
659,30-Dec-25,USA,Los Angeles,Female,25-34,2,Paid Search,Android,True
707,14-Jan-25,USA,Boston,Female,25-34,2,App Store,Android,False
713,16-Sep-25,USA,Seattle,Female,25-34,2,Direct,Android,True
936,06-Jan-26,USA,Chicago,Female,25-34,2,Organic Search,Android,True
951,21-Jul-25,USA,Austin,Female,25-34,2,Direct,Android,True
996,27-Nov-25,USA,Austin,Female,25-34,2,App Store,Android,False
1080,16-Nov-25,USA,Boston,Female,25-34,2,Organic Search,Android,False
1109,15-Oct-25,USA,Boston,Female,25-34,2,Email,Android,True
1258,25-Mar-25,USA,Miami,Female,25-34,2,Referral,Android,True
1261,28-May-25,USA,Chicago,Female,25-34,2,App Store,Android,False
1315,24-Nov-25,USA,Chicago,Female,25-34,2,Email,Android,True
1358,20-Oct-25,USA,Boston,Female,25-34,2,Social,Android,True
1402,22-Dec-25,USA,New York,Female,25-34,2,App Store,Android,False
1432,12-Jul-25,USA,Chicago,Female,25-34,2,Paid Search,Android,True
1752,23-Apr-25,USA,Los Angeles,Female,25-34,2,Email,Android,True
1784,29-Jul-25,USA,Los Angeles,Female,25-34,2,Influencer,Android,True
1857,30-Jun-25,USA,Austin,Female,25-34,2,Email,Android,True
1897,28-Jun-25,USA,Miami,Female,25-34,2,Paid Search,Android,True
1929,10-Jan-26,USA,New York,Female,25-34,2,App Store,Android,True
1941,23-Jul-25,USA,Miami,Female,25-34,2,Paid Search,Android,True
1972,24-Feb-25,USA,Boston,Female,25-34,2,App Store,Android,False
2050,12-Nov-25,USA,Boston,Female,25-34,2,Paid Search,Android,True
2111,12-Oct-25,USA,Los Angeles,Female,25-34,2,Influencer,Android,False
2301,20-Sep-25,USA,Austin,Female,25-34,2,Direct,Android,True
2441,25-Aug-25,USA,Chicago,Female,25-34,2,Referral,Android,False
2519,02-Dec-25,USA,Chicago,Female,25-34,2,Organic Search,Android,True
2572,09-Feb-25,USA,San Francisco,Female,25-34,2,Email,Android,True
2602,18-May-25,USA,Los Angeles,Female,25-34,2,Influencer,Android,False
2653,04-Sep-25,USA,Los Angeles,Female,25-34,2,Social,Android,True
2698,13-Sep-25,USA,Boston,Female,25-34,2,App Store,Android,True
2895,02-Jul-25,USA,Miami,Female,25-34,2,Referral,Android,True
2914,17-Jul-25,USA,Boston,Female,25-34,2,App Store,Android,True
3025,15-Jul-25,USA,Boston,Female,25-34,2,Organic Search,Android,True
3071,04-Oct-25,USA,Chicago,Female,25-34,2,Influencer,Android,True
3283,04-Mar-25,USA,New York,Female,25-34,2,Direct,Android,False
3430,08-Feb-25,USA,Los Angeles,Female,25-34,2,Paid Search,Android,True
3461,04-Dec-25,USA,New York,Female,25-34,2,Paid Search,Android,True
3754,25-Jan-25,USA,Chicago,Female,25-34,2,Email,Android,True
3773,17-Oct-25,USA,New York,Female,25-34,2,Direct,Android,True
3831,23-Feb-25,USA,Los Angeles,Female,25-34,2,Social,Android,True
3841,22-Jan-25,USA,Miami,Female,25-34,2,Direct,Android,True
3945,25-Aug-25,USA,Los Angeles,Female,25-34,2,Email,Android,True
3962,23-Aug-25,USA,Boston,Female,25-34,2,Direct,Android,True
4118,06-Jan-25,USA,Chicago,Female,25-34,2,App Store,Android,True
4125,28-Aug-25,USA,New York,Female,25-34,2,Social,Android,True
4132,11-Mar-25,USA,San Francisco,Female,25-34,2,Organic Search,Android,True
4198,11-Apr-25,USA,Chicago,Female,25-34,2,Email,Android,True
4308,17-Dec-25,USA,New York,Female,25-34,2,Organic Search,Android,True
4335,10-Nov-25,USA,Miami,Female,25-34,2,Email,Android,True
4426,07-Jan-26,USA,Boston,Female,25-34,2,Paid Search,Android,True
4473,06-May-25,USA,Boston,Female,25-34,2,Referral,Android,True
4578,05-Sep-25,USA,New York,Female,25-34,2,Paid Search,Android,True
4683,07-Jul-25,USA,Austin,Female,25-34,2,Direct,Android,False
4723,19-Apr-25,USA,Los Angeles,Female,25-34,2,App Store,Android,False
4813,17-Jan-26,USA,Chicago,Female,25-34,2,Email,Android,True
4973,23-Feb-25,USA,Chicago,Female,25-34,2,Referral,Android,False
5027,04-Mar-25,USA,San Francisco,Female,25-34,2,Influencer,Android,True
5066,12-Jun-25,USA,Chicago,Female,25-34,2,App Store,Android,True
5135,11-Dec-25,USA,Miami,Female,25-34,2,App Store,Android,False
5163,03-Jul-25,USA,Austin,Female,25-34,2,Email,Android,False
5371,21-Nov-25,USA,Seattle,Female,25-34,2,Direct,Android,True
5528,17-Mar-25,USA,New York,Female,25-34,2,App Store,Android,True
5533,25-Jan-25,USA,Seattle,Female,25-34,2,Paid Search,Android,True
5562,25-Jun-25,USA,Boston,Female,25-34,2,Organic Search,Android,True
5603,11-Dec-25,USA,Miami,Female,25-34,2,Direct,Android,True
5623,02-Jan-25,USA,New York,Female,25-34,2,Email,Android,True
5652,17-Nov-25,USA,Seattle,Female,25-34,2,Organic Search,Android,False
5755,13-Apr-25,USA,Miami,Female,25-34,2,Referral,Android,True
5844,14-Aug-25,USA,Seattle,Female,25-34,2,Influencer,Android,False
5847,11-Jan-25,USA,Austin,Female,25-34,2,Paid Search,Android,True
5866,24-May-25,USA,Chicago,Female,25-34,2,Influencer,Android,True
5924,12-Oct-25,USA,Seattle,Female,25-34,2,Email,Android,True
6017,18-Apr-25,USA,New York,Female,25-34,2,Direct,Android,True
6053,04-Jul-25,USA,Seattle,Female,25-34,2,Influencer,Android,True
6071,25-Jun-25,USA,Austin,Female,25-34,2,Direct,Android,True
6115,14-Jul-25,USA,San Francisco,Female,25-34,2,Influencer,Android,True
6117,31-Dec-25,USA,New York,Female,25-34,2,App Store,Android,True
6120,29-May-25,USA,New York,Female,25-34,2,Social,Android,True
6174,31-Jul-25,USA,San Francisco,Female,25-34,2,Email,Android,False
6199,11-May-25,USA,Austin,Female,25-34,2,Paid Search,Android,True
6255,21-Feb-25,USA,Boston,Female,25-34,2,Paid Search,Android,False
6535,09-Jun-25,USA,Austin,Female,25-34,2,Referral,Android,True
6536,21-Apr-25,USA,Miami,Female,25-34,2,Social,Android,True
6636,17-Jun-25,USA,Los Angeles,Female,25-34,2,Email,Android,True
6698,25-Nov-25,USA,Austin,Female,25-34,2,Social,Android,True
6702,24-Aug-25,USA,Boston,Female,25-34,2,Social,Android,True
6798,02-May-25,USA,San Francisco,Female,25-34,2,Direct,Android,True
6806,09-Apr-25,USA,Miami,Female,25-34,2,Social,Android,True
6836,13-Mar-25,USA,Austin,Female,25-34,2,Influencer,Android,True
6921,27-Sep-25,USA,Boston,Female,25-34,2,Referral,Android,False
6927,15-Jan-26,USA,Boston,Female,25-34,2,Referral,Android,True
7010,05-Oct-25,USA,Miami,Female,25-34,2,Influencer,Android,True
7086,06-Mar-25,USA,Chicago,Female,25-34,2,Paid Search,Android,True
7328,25-Oct-25,USA,Seattle,Female,25-34,2,Referral,Android,True
7336,29-Dec-25,USA,Seattle,Female,25-34,2,Paid Search,Android,True
7390,04-Aug-25,USA,San Francisco,Female,25-34,2,Direct,Android,True
7407,10-May-25,USA,Austin,Female,25-34,2,Paid Search,Android,True
7460,24-Nov-25,USA,Seattle,Female,25-34,2,Direct,Android,True
7543,10-Jan-26,USA,Seattle,Female,25-34,2,Organic Search,Android,True
7619,17-Aug-25,USA,Los Angeles,Female,25-34,2,Organic Search,Android,True
7915,25-Jan-25,USA,New York,Female,25-34,2,App Store,Android,True
7954,11-Feb-25,USA,Austin,Female,25-34,2,App Store,Android,False
7967,08-Jan-26,USA,Miami,Female,25-34,2,Referral,Android,True
26,10-Nov-25,USA,Chicago,Male,25-34,2,Social,iOS,True
44,03-Nov-25,USA,New York,Male,25-34,2,Referral,Android,True
51,12-Nov-25,USA,San Francisco,Male,25-34,2,Organic Search,Android,True
156,29-Jan-25,USA,Chicago,Male,25-34,2,Paid Search,Android,True
166,19-Jun-25,USA,Boston,Male,25-34,2,Influencer,Web,True
236,07-Oct-25,USA,Seattle,Male,25-34,2,Social,Android,True
242,24-May-25,USA,Miami,Male,25-34,2,Referral,Web,True
254,28-May-25,USA,Chicago,Male,25-34,2,Influencer,Android,True
281,21-Aug-25,USA,Chicago,Male,25-34,2,Direct,Web,True
324,07-Feb-25,USA,Austin,Male,25-34,2,Social,Android,True
329,10-Oct-25,USA,Chicago,Male,25-34,2,Organic Search,iOS,True
456,27-Feb-25,USA,San Francisco,Male,25-34,2,Referral,iOS,True
459,27-Apr-25,USA,Chicago,Male,25-34,2,Paid Search,Web,True
461,06-Oct-25,USA,New York,Male,25-34,2,Influencer,iOS,True
489,08-Aug-25,USA,Miami,Male,25-34,2,Email,Android,True
506,03-Sep-25,USA,Miami,Male,25-34,2,Social,Web,False
562,13-Jun-25,USA,Chicago,Male,25-34,2,Organic Search,iOS,True
624,09-Aug-25,USA,San Francisco,Male,25-34,2,Social,iOS,True
675,13-Nov-25,USA,Boston,Male,25-34,2,Email,iOS,True
681,10-Jul-25,USA,New York,Male,25-34,2,Paid Search,Android,True
685,14-May-25,USA,Boston,Male,25-34,2,Direct,iOS,True
688,22-Jun-25,USA,San Francisco,Male,25-34,2,Social,Web,True
758,16-Oct-25,USA,Los Angeles,Male,25-34,2,Email,Android,True
802,05-Apr-25,USA,New York,Male,25-34,2,App Store,Web,True
829,14-Aug-25,USA,Austin,Male,25-34,2,Referral,iOS,True
851,30-Sep-25,USA,New York,Male,25-34,2,Influencer,Android,True
898,06-Aug-25,USA,Seattle,Male,25-34,2,Referral,Android,True
932,03-Jun-25,USA,Boston,Male,25-34,2,Email,Android,True
933,14-Jan-25,USA,Seattle,Male,25-34,2,Organic Search,Web,True
934,06-Jul-25,USA,San Francisco,Male,25-34,2,Email,Web,True
938,03-Jan-25,USA,Los Angeles,Male,25-34,2,Direct,Android,False
961,31-Jul-25,USA,Seattle,Male,25-34,2,Email,Web,True
1024,26-Jan-25,USA,Chicago,Male,25-34,2,Social,iOS,True
1043,20-Oct-25,USA,San Francisco,Male,25-34,2,Email,iOS,True
1061,11-Apr-25,USA,Seattle,Male,25-34,2,Email,iOS,True
1115,23-May-25,USA,San Francisco,Male,25-34,2,Paid Search,iOS,True
1166,31-Aug-25,USA,Seattle,Male,25-34,2,Direct,Android,True
1177,07-Feb-25,USA,Austin,Male,25-34,2,Email,Android,False
1193,22-Dec-25,USA,New York,Male,25-34,2,Email,iOS,True
1197,20-Oct-25,USA,Miami,Male,25-34,2,Direct,iOS,False
1220,06-Jan-26,USA,Seattle,Male,25-34,2,App Store,Web,True
1245,29-Jun-25,USA,New York,Male,25-34,2,Organic Search,iOS,True
1246,17-Jul-25,USA,Austin,Male,25-34,2,Referral,iOS,True
1314,12-Sep-25,USA,Boston,Male,25-34,2,Influencer,Web,True
1351,16-Jul-25,USA,San Francisco,Male,25-34,2,Email,Android,True
1372,03-Aug-25,USA,Seattle,Male,25-34,2,Paid Search,iOS,False
1377,25-Apr-25,USA,Austin,Male,25-34,2,Direct,iOS,True
1597,14-Mar-25,USA,Austin,Male,25-34,2,Social,Android,True
1601,20-May-25,USA,Los Angeles,Male,25-34,2,Social,Web,True
1632,06-Aug-25,USA,Seattle,Male,25-34,2,Email,iOS,True
1653,25-May-25,USA,Miami,Male,25-34,2,Email,iOS,True
1662,25-Nov-25,USA,New York,Male,25-34,2,Email,iOS,True
1669,03-May-25,USA,Los Angeles,Male,25-34,2,Influencer,Android,True
1673,14-Aug-25,USA,Boston,Male,25-34,2,App Store,Android,True
1689,25-Jun-25,USA,San Francisco,Male,25-34,2,Organic Search,iOS,True
1800,20-Mar-25,USA,Los Angeles,Male,25-34,2,Social,iOS,True
1816,24-Jun-25,USA,New York,Male,25-34,2,Organic Search,Android,True
1820,14-Jul-25,USA,New York,Male,25-34,2,Direct,iOS,True
1863,02-Jun-25,USA,Seattle,Male,25-34,2,Email,Web,True
1926,02-May-25,USA,Austin,Male,25-34,2,Referral,Android,True
1969,31-Aug-25,USA,Boston,Male,25-34,2,Referral,Android,False
1993,31-Aug-25,USA,Seattle,Male,25-34,2,Paid Search,Android,True
2032,09-Feb-25,USA,Chicago,Male,25-34,2,Paid Search,Android,True
2079,16-Dec-25,USA,Miami,Male,25-34,2,Paid Search,Android,True
2088,05-Mar-25,USA,Chicago,Male,25-34,2,Referral,iOS,True
2092,17-Apr-25,USA,Chicago,Male,25-34,2,App Store,Android,True
2112,01-Jan-25,USA,San Francisco,Male,25-34,2,Paid Search,iOS,True
2214,23-May-25,USA,Chicago,Male,25-34,2,Social,iOS,True
2311,28-Apr-25,USA,Chicago,Male,25-34,2,Organic Search,Android,True
2324,01-Jun-25,USA,Boston,Male,25-34,2,App Store,iOS,True
2341,30-Aug-25,USA,New York,Male,25-34,2,Influencer,Android,False
2390,14-Jan-26,USA,Chicago,Male,25-34,2,Direct,Android,False
2413,03-Aug-25,USA,Miami,Male,25-34,2,Social,Web,True
2452,01-May-25,USA,Austin,Male,25-34,2,App Store,Web,False
2459,29-Sep-25,USA,Austin,Male,25-34,2,Referral,Web,False
2466,25-Aug-25,USA,Austin,Male,25-34,2,Email,Web,True
2496,08-Mar-25,USA,New York,Male,25-34,2,App Store,Web,True
2517,17-Nov-25,USA,New York,Male,25-34,2,Organic Search,Web,True
2537,30-Nov-25,USA,New York,Male,25-34,2,App Store,Android,False
2625,22-Apr-25,USA,Seattle,Male,25-34,2,Referral,Web,True
2656,02-Aug-25,USA,Boston,Male,25-34,2,Paid Search,Android,True
2683,20-Feb-25,USA,Seattle,Male,25-34,2,App Store,iOS,True
2699,26-Dec-25,USA,San Francisco,Male,25-34,2,Email,Android,True
2726,15-Oct-25,USA,Miami,Male,25-34,2,App Store,iOS,True
2761,31-May-25,USA,Chicago,Male,25-34,2,App Store,Android,True
2791,23-Jan-25,USA,Boston,Male,25-34,2,Direct,iOS,False
2817,07-Aug-25,USA,Boston,Male,25-34,2,Referral,Android,True
2842,16-Jan-26,USA,Austin,Male,25-34,2,Social,Web,True
2902,08-Sep-25,USA,New York,Male,25-34,2,Social,iOS,False
2917,04-May-25,USA,Boston,Male,25-34,2,Influencer,iOS,True
2936,02-Sep-25,USA,Seattle,Male,25-34,2,Paid Search,iOS,True
2957,22-Nov-25,USA,Austin,Male,25-34,2,App Store,iOS,True
2961,12-Nov-25,USA,Austin,Male,25-34,2,App Store,Android,True
2991,04-Dec-25,USA,New York,Male,25-34,2,Email,Android,True
3000,09-Jun-25,USA,San Francisco,Male,25-34,2,Direct,Android,False
3008,22-May-25,USA,Chicago,Male,25-34,2,Social,Android,True
3036,12-Feb-25,USA,San Francisco,Male,25-34,2,Email,Web,True
3085,26-Apr-25,USA,Seattle,Male,25-34,2,Influencer,Android,True
3100,15-Aug-25,USA,Boston,Male,25-34,2,Influencer,Android,True
3146,17-May-25,USA,San Francisco,Male,25-34,2,Organic Search,Android,True
3149,10-Jan-26,USA,Miami,Male,25-34,2,Referral,Android,False
3154,10-Jan-26,USA,Austin,Male,25-34,2,Paid Search,iOS,True
3176,08-Jul-25,USA,Los Angeles,Male,25-34,2,Referral,iOS,True
3196,12-Jun-25,USA,Austin,Male,25-34,2,Social,iOS,True
3226,04-Sep-25,USA,Miami,Male,25-34,2,Paid Search,Web,True
3232,30-Oct-25,USA,Chicago,Male,25-34,2,Organic Search,iOS,True
3250,14-May-25,USA,Seattle,Male,25-34,2,Paid Search,Web,True
3261,09-Jul-25,USA,Miami,Male,25-34,2,Direct,Web,True
3269,10-Dec-25,USA,Seattle,Male,25-34,2,App Store,iOS,True
3282,25-Jul-25,USA,Austin,Male,25-34,2,App Store,iOS,True
3326,05-Mar-25,USA,Miami,Male,25-34,2,Referral,iOS,False
3344,17-Mar-25,USA,Boston,Male,25-34,2,Email,Android,False
3354,21-Jan-25,USA,Seattle,Male,25-34,2,Paid Search,iOS,False
3370,13-Dec-25,USA,Seattle,Male,25-34,2,Email,Web,True
3413,16-Apr-25,USA,Austin,Male,25-34,2,App Store,iOS,False
3422,10-Feb-25,USA,Miami,Male,25-34,2,Paid Search,Android,True
3423,17-Jan-25,USA,Chicago,Male,25-34,2,Email,Android,True
3425,04-Oct-25,USA,New York,Male,25-34,2,Organic Search,Android,True
3434,29-Nov-25,USA,San Francisco,Male,25-34,2,Organic Search,iOS,True
3445,25-Sep-25,USA,Chicago,Male,25-34,2,Organic Search,iOS,True
3464,10-Jun-25,USA,Los Angeles,Male,25-34,2,Direct,Android,True
3479,15-Apr-25,USA,New York,Male,25-34,2,Email,Android,True
3497,15-Jun-25,USA,San Francisco,Male,25-34,2,Social,Android,True
3506,28-Oct-25,USA,New York,Male,25-34,2,App Store,Android,False
3629,02-Apr-25,USA,Boston,Male,25-34,2,App Store,iOS,False
3650,25-May-25,USA,Los Angeles,Male,25-34,2,App Store,Web,True
3652,13-Jun-25,USA,Boston,Male,25-34,2,Direct,Web,False
3653,09-Jan-26,USA,Austin,Male,25-34,2,Organic Search,iOS,True
3660,06-Nov-25,USA,San Francisco,Male,25-34,2,Social,iOS,True
3662,16-Feb-25,USA,Austin,Male,25-34,2,Organic Search,iOS,True
3677,31-Oct-25,USA,Los Angeles,Male,25-34,2,Social,iOS,True
3693,28-Jun-25,USA,Austin,Male,25-34,2,Paid Search,Android,True
3695,23-Mar-25,USA,San Francisco,Male,25-34,2,Influencer,Android,True
3700,31-Dec-25,USA,San Francisco,Male,25-34,2,Direct,Web,False
3714,21-Oct-25,USA,Miami,Male,25-34,2,App Store,Android,True
3718,08-Jul-25,USA,Miami,Male,25-34,2,Direct,iOS,True
3727,23-Feb-25,USA,Austin,Male,25-34,2,Influencer,Android,False
3752,06-Mar-25,USA,Austin,Male,25-34,2,Social,iOS,True
3760,16-May-25,USA,Seattle,Male,25-34,2,Social,iOS,True
3787,24-Dec-25,USA,San Francisco,Male,25-34,2,Organic Search,Android,True
3808,27-Jan-25,USA,Boston,Male,25-34,2,Social,Android,True
3809,28-Apr-25,USA,Boston,Male,25-34,2,Direct,iOS,True
3858,18-Feb-25,USA,Seattle,Male,25-34,2,Influencer,iOS,True
3874,16-Nov-25,USA,Miami,Male,25-34,2,Paid Search,Android,True
3916,20-Oct-25,USA,New York,Male,25-34,2,Social,iOS,True
3941,10-Apr-25,USA,Miami,Male,25-34,2,Email,iOS,True
3960,21-Jan-25,USA,Los Angeles,Male,25-34,2,Paid Search,Android,True
3993,20-Jun-25,USA,San Francisco,Male,25-34,2,App Store,iOS,True
4011,06-Jul-25,USA,Chicago,Male,25-34,2,App Store,iOS,True
4016,14-May-25,USA,Chicago,Male,25-34,2,Social,iOS,True
4037,13-Aug-25,USA,San Francisco,Male,25-34,2,App Store,iOS,True
4046,08-Apr-25,USA,Seattle,Male,25-34,2,Referral,Android,True
4047,14-Aug-25,USA,Austin,Male,25-34,2,App Store,Web,True
4097,27-Dec-25,USA,San Francisco,Male,25-34,2,Direct,Android,True
4128,19-Feb-25,USA,Boston,Male,25-34,2,Influencer,iOS,True
4144,19-May-25,USA,Boston,Male,25-34,2,Influencer,Android,True
4196,01-Apr-25,USA,Austin,Male,25-34,2,Influencer,Web,True
4221,12-Jun-25,USA,Miami,Male,25-34,2,Paid Search,Android,False
4223,23-Apr-25,USA,Seattle,Male,25-34,2,App Store,iOS,True
4227,25-Jul-25,USA,Seattle,Male,25-34,2,App Store,Web,True
4250,12-Jul-25,USA,Austin,Male,25-34,2,App Store,Android,True
4268,30-Oct-25,USA,New York,Male,25-34,2,Direct,Android,True
4269,23-Nov-25,USA,Los Angeles,Male,25-34,2,Influencer,iOS,False
4282,03-Jan-26,USA,Miami,Male,25-34,2,Organic Search,iOS,False
4300,19-Nov-25,USA,New York,Male,25-34,2,Organic Search,Android,True
4302,30-Jun-25,USA,Los Angeles,Male,25-34,2,Influencer,iOS,True
4313,09-Nov-25,USA,Los Angeles,Male,25-34,2,Influencer,Android,True
4316,23-Feb-25,USA,Los Angeles,Male,25-34,2,Paid Search,Android,True
4336,02-Nov-25,USA,San Francisco,Male,25-34,2,Organic Search,Android,True
4408,04-Mar-25,USA,San Francisco,Male,25-34,2,Organic Search,Android,True
4475,27-Nov-25,USA,Seattle,Male,25-34,2,Paid Search,Android,True
4489,03-Jan-26,USA,New York,Male,25-34,2,Social,Android,False
4505,06-Nov-25,USA,Austin,Male,25-34,2,Influencer,Android,False
4508,07-Oct-25,USA,Boston,Male,25-34,2,Influencer,Android,False
4576,17-Feb-25,USA,Chicago,Male,25-34,2,Paid Search,Android,True
4626,04-Jan-26,USA,Boston,Male,25-34,2,App Store,Android,False
4679,15-Sep-25,USA,New York,Male,25-34,2,App Store,Android,False
4711,07-Nov-25,USA,Los Angeles,Male,25-34,2,Organic Search,iOS,True
4720,14-Dec-25,USA,San Francisco,Male,25-34,2,Social,Android,True
4735,23-Jan-25,USA,Miami,Male,25-34,2,Social,Android,True
4754,10-Nov-25,USA,San Francisco,Male,25-34,2,Influencer,Android,True
4794,28-Jul-25,USA,Austin,Male,25-34,2,Social,Web,False
4903,22-Jun-25,USA,Boston,Male,25-34,2,App Store,Android,True
4922,03-Mar-25,USA,Los Angeles,Male,25-34,2,Organic Search,Android,True
4944,10-Nov-25,USA,Austin,Male,25-34,2,Influencer,Web,True
5001,27-Aug-25,USA,Boston,Male,25-34,2,Email,iOS,True
5063,02-Mar-25,USA,Seattle,Male,25-34,2,Direct,iOS,False
5107,20-Apr-25,USA,Seattle,Male,25-34,2,App Store,Web,False
5141,17-Sep-25,USA,Miami,Male,25-34,2,App Store,Android,True
5179,29-Jan-25,USA,Boston,Male,25-34,2,Social,Web,False
5210,01-Jan-26,USA,Seattle,Male,25-34,2,Direct,Android,True
5212,15-Jan-26,USA,San Francisco,Male,25-34,2,Social,Android,True
5227,08-Sep-25,USA,Seattle,Male,25-34,2,Social,iOS,True
5232,21-Feb-25,USA,Chicago,Male,25-34,2,Direct,iOS,True
5248,01-Mar-25,USA,Boston,Male,25-34,2,Referral,Android,True
5286,11-Aug-25,USA,Miami,Male,25-34,2,Organic Search,Web,True
5354,19-Jul-25,USA,Chicago,Male,25-34,2,Direct,iOS,True
5365,17-Mar-25,USA,Austin,Male,25-34,2,Email,Android,True
5378,01-Aug-25,USA,San Francisco,Male,25-34,2,Direct,Web,False
5389,30-Sep-25,USA,Chicago,Male,25-34,2,Referral,Web,True
5409,29-Jul-25,USA,Austin,Male,25-34,2,Paid Search,Web,True
5479,29-May-25,USA,Austin,Male,25-34,2,Direct,Android,True
5497,02-Aug-25,USA,Austin,Male,25-34,2,Paid Search,Android,True
5545,05-Jan-25,USA,Austin,Male,25-34,2,Organic Search,iOS,True
5584,12-Jan-26,USA,Boston,Male,25-34,2,Organic Search,Android,True
5589,22-Apr-25,USA,Austin,Male,25-34,2,App Store,Android,True
5637,04-Apr-25,USA,Miami,Male,25-34,2,App Store,Android,True
5646,11-Dec-25,USA,New York,Male,25-34,2,Email,Web,True
5713,13-Feb-25,USA,Austin,Male,25-34,2,Organic Search,iOS,True
5750,14-Feb-25,USA,San Francisco,Male,25-34,2,Referral,iOS,True
5774,04-Jan-25,USA,Austin,Male,25-34,2,App Store,Web,False
5829,25-Aug-25,USA,Los Angeles,Male,25-34,2,Referral,iOS,True
5846,09-Apr-25,USA,Austin,Male,25-34,2,Referral,Web,True
5849,02-Aug-25,USA,Boston,Male,25-34,2,Email,iOS,True
5876,10-May-25,USA,Los Angeles,Male,25-34,2,Paid Search,Android,True
5891,17-Jan-25,USA,Boston,Male,25-34,2,Social,Android,True
5954,09-Jan-25,USA,Los Angeles,Male,25-34,2,Social,iOS,False
5967,18-Mar-25,USA,New York,Male,25-34,2,Paid Search,iOS,True
5968,25-Oct-25,USA,Seattle,Male,25-34,2,Influencer,Android,True
5970,16-Apr-25,USA,Austin,Male,25-34,2,Email,Web,False
5991,18-Dec-25,USA,Seattle,Male,25-34,2,Social,iOS,True
5994,29-Oct-25,USA,New York,Male,25-34,2,Referral,iOS,True
6001,04-Jan-25,USA,Los Angeles,Male,25-34,2,App Store,Android,True
6013,18-Jul-25,USA,Seattle,Male,25-34,2,App Store,iOS,True
6057,10-Feb-25,USA,Miami,Male,25-34,2,Email,Android,True
6061,30-Mar-25,USA,Boston,Male,25-34,2,App Store,iOS,True
6064,14-Mar-25,USA,Miami,Male,25-34,2,Paid Search,Web,True
6084,15-Jan-25,USA,New York,Male,25-34,2,Paid Search,Android,False
6101,30-May-25,USA,Seattle,Male,25-34,2,Paid Search,iOS,True
6113,18-Jan-25,USA,Los Angeles,Male,25-34,2,App Store,iOS,True
6162,13-May-25,USA,Boston,Male,25-34,2,App Store,Android,True
6263,03-Jun-25,USA,Boston,Male,25-34,2,App Store,iOS,True
6278,23-Feb-25,USA,Los Angeles,Male,25-34,2,Social,Android,True
6310,20-Mar-25,USA,Los Angeles,Male,25-34,2,Referral,iOS,False
6353,10-Oct-25,USA,Seattle,Male,25-34,2,App Store,Android,True
6362,08-Sep-25,USA,Seattle,Male,25-34,2,Paid Search,Android,False
6369,08-Feb-25,USA,Seattle,Male,25-34,2,Direct,Android,True
6383,12-Sep-25,USA,New York,Male,25-34,2,Organic Search,Web,False
6392,13-Feb-25,USA,Austin,Male,25-34,2,Organic Search,iOS,False
6505,23-Sep-25,USA,Boston,Male,25-34,2,Direct,Android,True
6508,19-Jul-25,USA,Seattle,Male,25-34,2,Organic Search,Android,True
6586,16-Oct-25,USA,Los Angeles,Male,25-34,2,Email,Android,True
6634,06-Jan-26,USA,Chicago,Male,25-34,2,Referral,Android,False
6786,28-Jun-25,USA,San Francisco,Male,25-34,2,Influencer,Android,True
6811,11-Jul-25,USA,Seattle,Male,25-34,2,Referral,iOS,True
6843,10-Jul-25,USA,Seattle,Male,25-34,2,Direct,iOS,True
6844,22-Jun-25,USA,San Francisco,Male,25-34,2,Influencer,Web,True
6889,15-Jul-25,USA,Los Angeles,Male,25-34,2,App Store,iOS,False
6893,25-Aug-25,USA,Los Angeles,Male,25-34,2,Email,iOS,True
6911,18-Jan-26,USA,Miami,Male,25-34,2,Influencer,iOS,True
7011,11-Jun-25,USA,Austin,Male,25-34,2,Direct,iOS,True
7030,10-Jun-25,USA,Chicago,Male,25-34,2,Influencer,Android,True
7143,23-Nov-25,USA,Chicago,Male,25-34,2,Referral,Android,True
7258,15-Mar-25,USA,Seattle,Male,25-34,2,Paid Search,Web,True
7273,10-May-25,USA,Chicago,Male,25-34,2,Referral,Android,True
7281,27-Apr-25,USA,Boston,Male,25-34,2,Email,iOS,False
7310,18-Apr-25,USA,Miami,Male,25-34,2,Influencer,Web,True
7363,28-May-25,USA,New York,Male,25-34,2,Influencer,Android,True
7370,31-Mar-25,USA,Seattle,Male,25-34,2,Direct,Android,True
7402,06-Oct-25,USA,New York,Male,25-34,2,Organic Search,iOS,True
7403,03-Dec-25,USA,Los Angeles,Male,25-34,2,Influencer,Android,True
7446,10-Mar-25,USA,San Francisco,Male,25-34,2,Paid Search,iOS,True
7479,10-Jan-25,USA,Los Angeles,Male,25-34,2,Email,Android,True
7582,09-Dec-25,USA,Miami,Male,25-34,2,App Store,iOS,True
7626,17-Nov-25,USA,Boston,Male,25-34,2,Referral,Android,True
7631,18-Jan-25,USA,Chicago,Male,25-34,2,Referral,Android,True
7672,28-Dec-25,USA,Boston,Male,25-34,2,Influencer,iOS,True
7794,21-Oct-25,USA,Los Angeles,Male,25-34,2,App Store,Android,False
7799,18-Jul-25,USA,Boston,Male,25-34,2,Social,Android,True
7812,04-Aug-25,USA,Chicago,Male,25-34,2,Paid Search,Web,True
7819,14-Jul-25,USA,New York,Male,25-34,2,Referral,Web,True
7825,04-May-25,USA,Seattle,Male,25-34,2,Organic Search,iOS,True
7848,22-Dec-25,USA,New York,Male,25-34,2,Direct,iOS,True
7877,01-Aug-25,USA,New York,Male,25-34,2,Direct,iOS,True
7906,07-Aug-25,USA,New York,Male,25-34,2,Email,Web,True
7962,03-Mar-25,USA,Austin,Male,25-34,2,Direct,Android,True
7990,13-Oct-25,USA,Austin,Male,25-34,2,Paid Search,Android,True
7991,10-Dec-25,USA,Boston,Male,25-34,2,Referral,iOS,False
96,06-Jun-25,Germany,Hamburg,Female,25-34,2,App Store,Web,False
587,25-Mar-25,Germany,Frankfurt,Female,25-34,2,Influencer,Web,False
856,22-Feb-25,UAE,Dubai,Female,25-34,2,Social,Web,False
1231,25-Jan-25,UAE,Dubai,Female,25-34,2,App Store,Web,False
1357,18-Sep-25,UAE,Abu Dhabi,Female,25-34,2,Paid Search,Web,False
2082,13-May-25,Germany,Frankfurt,Female,25-34,2,Email,Web,False
2154,24-Dec-25,UK,Birmingham,Female,25-34,2,Social,Web,False
2922,21-Nov-25,UAE,Abu Dhabi,Female,25-34,2,App Store,Web,False
4455,02-Jan-25,UK,Birmingham,Female,25-34,2,App Store,Web,False
4978,09-Nov-25,UK,Leeds,Female,25-34,2,Influencer,Web,False
5234,25-Mar-25,Canada,Calgary,Female,25-34,2,Organic Search,Web,False
6584,14-Dec-25,Canada,Montreal,Female,25-34,2,App Store,Web,False
7018,18-Jan-26,Australia,Brisbane,Female,25-34,2,App Store,Web,False
7333,03-Jul-25,Germany,Berlin,Female,25-34,2,App Store,Web,False
22,21-Oct-25,Australia,Perth,Female,25-34,2,Paid Search,Web,True
217,08-Aug-25,Canada,Calgary,Female,25-34,2,Influencer,Web,True
264,31-May-25,UK,Birmingham,Female,25-34,2,Referral,Web,True
487,04-Jul-25,UK,London,Female,25-34,2,Organic Search,Web,True
639,10-Oct-25,Germany,Hamburg,Female,25-34,2,Referral,Web,True
656,11-Mar-25,Australia,Brisbane,Female,25-34,2,Referral,Web,True
662,01-Apr-25,Canada,Vancouver,Female,25-34,2,Influencer,Web,True
706,01-Nov-25,UK,London,Female,25-34,2,App Store,Web,True
822,17-Aug-25,Australia,Melbourne,Female,25-34,2,Organic Search,Web,True
866,02-Jul-25,Germany,Munich,Female,25-34,2,Influencer,Web,True
1118,13-Aug-25,UK,Leeds,Female,25-34,2,Referral,Web,True
1262,28-Apr-25,Canada,Montreal,Female,25-34,2,Paid Search,Web,True
1291,10-Aug-25,Australia,Brisbane,Female,25-34,2,Email,Web,True
1293,15-Nov-25,UAE,Abu Dhabi,Female,25-34,2,Paid Search,Web,True
1649,14-Jan-26,Germany,Hamburg,Female,25-34,2,Paid Search,Web,True
1661,30-Mar-25,UK,Manchester,Female,25-34,2,App Store,Web,True
1670,29-Jan-25,Canada,Vancouver,Female,25-34,2,Organic Search,Web,True
1764,21-Aug-25,Germany,Frankfurt,Female,25-34,2,Organic Search,Web,True
1890,11-Jan-25,Canada,Calgary,Female,25-34,2,Social,Web,True
1959,07-May-25,Germany,Hamburg,Female,25-34,2,App Store,Web,True
1995,03-Apr-25,UK,Manchester,Female,25-34,2,Direct,Web,True
1999,01-Nov-25,Canada,Montreal,Female,25-34,2,Referral,Web,True
2094,23-Jul-25,Germany,Hamburg,Female,25-34,2,Referral,Web,True
2379,15-Oct-25,Australia,Sydney,Female,25-34,2,Paid Search,Web,True
2399,09-Jun-25,Australia,Sydney,Female,25-34,2,Paid Search,Web,True
2467,07-Mar-25,Germany,Munich,Female,25-34,2,App Store,Web,True
2520,06-Nov-25,UAE,Abu Dhabi,Female,25-34,2,App Store,Web,True
2544,11-Sep-25,Australia,Brisbane,Female,25-34,2,Organic Search,Web,True
2607,01-Aug-25,Australia,Perth,Female,25-34,2,Influencer,Web,True
2650,04-Oct-25,UAE,Abu Dhabi,Female,25-34,2,Paid Search,Web,True
2704,20-Nov-25,UK,Glasgow,Female,25-34,2,Referral,Web,True
2769,11-Dec-25,Australia,Sydney,Female,25-34,2,Email,Web,True
2826,12-Jan-25,UK,London,Female,25-34,2,Direct,Web,True
2864,03-Jan-25,Australia,Melbourne,Female,25-34,2,Organic Search,Web,True
2913,16-Feb-25,Germany,Frankfurt,Female,25-34,2,Referral,Web,True
3010,14-Jun-25,Canada,Calgary,Female,25-34,2,Organic Search,Web,True
3048,02-Jan-25,UK,Leeds,Female,25-34,2,Email,Web,True
3133,08-Aug-25,Australia,Sydney,Female,25-34,2,App Store,Web,True
3161,11-Aug-25,UAE,Dubai,Female,25-34,2,Organic Search,Web,True
3236,21-Jan-25,Canada,Vancouver,Female,25-34,2,Social,Web,True
3309,21-Sep-25,UAE,Abu Dhabi,Female,25-34,2,Influencer,Web,True
3394,06-Dec-25,UAE,Abu Dhabi,Female,25-34,2,Email,Web,True
3574,14-Feb-25,UAE,Abu Dhabi,Female,25-34,2,Organic Search,Web,True
3699,17-Sep-25,UAE,Abu Dhabi,Female,25-34,2,Organic Search,Web,True
3830,10-Jan-25,UK,Leeds,Female,25-34,2,Paid Search,Web,True
4183,17-May-25,Germany,Hamburg,Female,25-34,2,Influencer,Web,True
4234,01-Apr-25,Germany,Hamburg,Female,25-34,2,Social,Web,True
4255,09-Mar-25,Germany,Hamburg,Female,25-34,2,Paid Search,Web,True
4303,05-Sep-25,UK,Manchester,Female,25-34,2,Influencer,Web,True
4588,01-Nov-25,UK,Manchester,Female,25-34,2,Social,Web,True
4633,01-Jan-26,Germany,Hamburg,Female,25-34,2,Referral,Web,True
4672,01-Jul-25,UAE,Abu Dhabi,Female,25-34,2,Paid Search,Web,True
4695,30-May-25,UAE,Dubai,Female,25-34,2,Referral,Web,True
4724,30-Oct-25,UK,Manchester,Female,25-34,2,Influencer,Web,True
4747,01-Feb-25,UAE,Dubai,Female,25-34,2,Direct,Web,True
4875,21-Aug-25,UAE,Abu Dhabi,Female,25-34,2,Social,Web,True
5236,06-May-25,Australia,Sydney,Female,25-34,2,Social,Web,True
5601,30-Aug-25,Canada,Vancouver,Female,25-34,2,Referral,Web,True
5981,30-Jun-25,UK,Manchester,Female,25-34,2,Influencer,Web,True
6004,02-Nov-25,Australia,Perth,Female,25-34,2,Paid Search,Web,True
6047,11-Feb-25,UK,London,Female,25-34,2,Referral,Web,True
6104,22-Jan-25,UK,London,Female,25-34,2,Referral,Web,True
6130,18-Jul-25,Canada,Toronto,Female,25-34,2,Direct,Web,True
6147,25-Jul-25,Germany,Berlin,Female,25-34,2,App Store,Web,True
6305,30-Sep-25,Canada,Vancouver,Female,25-34,2,Referral,Web,True
6452,12-Aug-25,Germany,Munich,Female,25-34,2,Influencer,Web,True
6471,14-Dec-25,Canada,Calgary,Female,25-34,2,App Store,Web,True
6603,06-Nov-25,Germany,Berlin,Female,25-34,2,Paid Search,Web,True
6645,02-Sep-25,Germany,Munich,Female,25-34,2,Referral,Web,True
6781,16-Nov-25,Canada,Calgary,Female,25-34,2,Email,Web,True
6939,19-Feb-25,Canada,Calgary,Female,25-34,2,App Store,Web,True
7182,07-Aug-25,Canada,Toronto,Female,25-34,2,Paid Search,Web,True
7211,23-Mar-25,Germany,Berlin,Female,25-34,2,Email,Web,True
7369,03-Jun-25,UK,London,Female,25-34,2,Referral,Web,True
7742,20-Jun-25,UK,Manchester,Female,25-34,2,Social,Web,True
7751,10-Jan-25,UK,London,Female,25-34,2,Social,Web,True
7865,13-Jan-26,Australia,Melbourne,Female,25-34,2,Email,Web,True
7895,07-Apr-25,Australia,Sydney,Female,25-34,2,Referral,Web,True
7941,03-Jan-26,Canada,Calgary,Female,25-34,2,App Store,Web,True
21,10-Dec-25,UK,Birmingham,Female,25-34,2,Referral,iOS,True
65,26-Dec-25,Germany,Hamburg,Female,25-34,2,Social,iOS,True
67,23-Feb-25,Germany,Munich,Female,25-34,2,App Store,iOS,False
140,15-Jan-25,Germany,Munich,Female,25-34,2,Paid Search,iOS,True
160,23-Nov-25,Australia,Brisbane,Female,25-34,2,Referral,iOS,False
172,18-Apr-25,Canada,Calgary,Female,25-34,2,App Store,iOS,True
194,03-Nov-25,Australia,Perth,Female,25-34,2,Referral,iOS,True
202,21-Aug-25,Canada,Montreal,Female,25-34,2,Paid Search,iOS,True
226,06-Aug-25,Canada,Montreal,Female,25-34,2,Direct,iOS,True
243,07-Apr-25,Germany,Hamburg,Female,25-34,2,Referral,iOS,True
276,11-Sep-25,Canada,Vancouver,Female,25-34,2,App Store,iOS,True
278,06-Feb-25,Australia,Perth,Female,25-34,2,Social,iOS,True
404,06-Jan-26,Canada,Vancouver,Female,25-34,2,App Store,iOS,True
457,12-Dec-25,UK,London,Female,25-34,2,Direct,iOS,True
504,07-Sep-25,Germany,Berlin,Female,25-34,2,Referral,iOS,True
509,17-Oct-25,Canada,Montreal,Female,25-34,2,Social,iOS,True
564,11-Jul-25,Australia,Sydney,Female,25-34,2,Email,iOS,True
577,02-Jul-25,Germany,Munich,Female,25-34,2,App Store,iOS,True
598,11-Oct-25,UAE,Abu Dhabi,Female,25-34,2,Direct,iOS,True
608,25-Jan-25,Canada,Calgary,Female,25-34,2,Paid Search,iOS,True
686,27-Feb-25,Germany,Munich,Female,25-34,2,Paid Search,iOS,True
843,16-Apr-25,UAE,Abu Dhabi,Female,25-34,2,Direct,iOS,True
875,18-Dec-25,UAE,Dubai,Female,25-34,2,Paid Search,iOS,True
948,11-Jul-25,Canada,Toronto,Female,25-34,2,Paid Search,iOS,True
993,22-Apr-25,UK,Birmingham,Female,25-34,2,Social,iOS,True
1217,01-Jan-25,UAE,Abu Dhabi,Female,25-34,2,Influencer,iOS,True
1228,18-Oct-25,UK,London,Female,25-34,2,Paid Search,iOS,False
1257,03-Dec-25,Australia,Perth,Female,25-34,2,Direct,iOS,False
1326,06-Apr-25,UAE,Abu Dhabi,Female,25-34,2,Social,iOS,True
1363,21-Dec-25,UK,Birmingham,Female,25-34,2,Email,iOS,True
1476,11-Feb-25,UK,Glasgow,Female,25-34,2,Direct,iOS,False
1594,20-Oct-25,Germany,Munich,Female,25-34,2,Email,iOS,True
1746,12-Jan-25,Australia,Melbourne,Female,25-34,2,Social,iOS,True
1792,08-Sep-25,Australia,Perth,Female,25-34,2,Email,iOS,True
1810,12-Oct-25,UAE,Abu Dhabi,Female,25-34,2,App Store,iOS,True
1817,25-Mar-25,UK,Birmingham,Female,25-34,2,Influencer,iOS,True
1818,22-Jan-25,UK,Birmingham,Female,25-34,2,Organic Search,iOS,True
1936,14-Mar-25,UAE,Dubai,Female,25-34,2,Email,iOS,True
1951,18-Jan-26,Australia,Sydney,Female,25-34,2,Paid Search,iOS,True
1957,18-Jan-26,UK,Birmingham,Female,25-34,2,Direct,iOS,True
2047,21-Nov-25,Australia,Perth,Female,25-34,2,Influencer,iOS,True
2125,30-Aug-25,Germany,Berlin,Female,25-34,2,Referral,iOS,True
2220,03-Apr-25,Australia,Brisbane,Female,25-34,2,Referral,iOS,False
2245,28-Sep-25,Australia,Sydney,Female,25-34,2,App Store,iOS,True
2282,02-Jan-25,UAE,Abu Dhabi,Female,25-34,2,Email,iOS,True
2283,18-Mar-25,UAE,Dubai,Female,25-34,2,Email,iOS,True
2303,21-Jun-25,UK,Birmingham,Female,25-34,2,Email,iOS,True
2363,26-Mar-25,Canada,Montreal,Female,25-34,2,Referral,iOS,True
2397,05-Jan-25,Australia,Sydney,Female,25-34,2,Influencer,iOS,True
2506,03-Oct-25,Canada,Vancouver,Female,25-34,2,Referral,iOS,False
2531,15-Oct-25,UAE,Abu Dhabi,Female,25-34,2,Organic Search,iOS,True
2540,12-Nov-25,UK,Manchester,Female,25-34,2,Paid Search,iOS,True
2556,10-Sep-25,UAE,Dubai,Female,25-34,2,Email,iOS,False
2657,19-Jul-25,UAE,Dubai,Female,25-34,2,Social,iOS,True
2681,30-Jul-25,Australia,Sydney,Female,25-34,2,Paid Search,iOS,True
2787,03-Jan-25,UAE,Abu Dhabi,Female,25-34,2,Direct,iOS,True
2841,21-Apr-25,UK,Birmingham,Female,25-34,2,Organic Search,iOS,True
2944,11-Jul-25,Germany,Hamburg,Female,25-34,2,Social,iOS,True
2993,29-Dec-25,UAE,Abu Dhabi,Female,25-34,2,Social,iOS,False
2995,15-Jul-25,UAE,Abu Dhabi,Female,25-34,2,Influencer,iOS,True
2996,27-Jun-25,Canada,Toronto,Female,25-34,2,Influencer,iOS,True
3031,01-Jun-25,UK,Birmingham,Female,25-34,2,App Store,iOS,True
3209,18-Apr-25,UAE,Abu Dhabi,Female,25-34,2,Referral,iOS,True
3264,30-Jan-25,UAE,Abu Dhabi,Female,25-34,2,Email,iOS,True
3325,24-Sep-25,UK,Leeds,Female,25-34,2,Referral,iOS,True
3368,13-Jul-25,UK,Glasgow,Female,25-34,2,Social,iOS,True
3409,07-Dec-25,Germany,Hamburg,Female,25-34,2,Direct,iOS,True
3435,07-May-25,UAE,Abu Dhabi,Female,25-34,2,Influencer,iOS,True
3475,23-May-25,Canada,Montreal,Female,25-34,2,Social,iOS,True
3500,15-Sep-25,Canada,Calgary,Female,25-34,2,Paid Search,iOS,True
3512,11-Aug-25,Germany,Frankfurt,Female,25-34,2,Direct,iOS,False
3563,26-Apr-25,Canada,Montreal,Female,25-34,2,App Store,iOS,True
3570,11-Jan-26,Germany,Berlin,Female,25-34,2,Paid Search,iOS,True
3684,07-Sep-25,Germany,Munich,Female,25-34,2,Influencer,iOS,True
3789,07-Mar-25,Canada,Toronto,Female,25-34,2,Direct,iOS,True
3902,23-Aug-25,Australia,Sydney,Female,25-34,2,Social,iOS,True
4141,06-Jul-25,Australia,Sydney,Female,25-34,2,Influencer,iOS,True
4165,04-Sep-25,UAE,Abu Dhabi,Female,25-34,2,App Store,iOS,True
4181,27-Mar-25,Canada,Toronto,Female,25-34,2,Direct,iOS,True
4190,04-Aug-25,Australia,Melbourne,Female,25-34,2,Organic Search,iOS,True
4213,09-Jun-25,UAE,Abu Dhabi,Female,25-34,2,Social,iOS,False
4339,23-Dec-25,Germany,Munich,Female,25-34,2,App Store,iOS,True
4410,17-Mar-25,Australia,Sydney,Female,25-34,2,Referral,iOS,False
4425,12-Feb-25,Canada,Calgary,Female,25-34,2,Referral,iOS,False
4431,11-Jun-25,Canada,Montreal,Female,25-34,2,Direct,iOS,False
4740,13-Jan-26,Australia,Sydney,Female,25-34,2,Social,iOS,True
4753,28-Dec-25,Germany,Munich,Female,25-34,2,Email,iOS,True
4807,04-Sep-25,Australia,Sydney,Female,25-34,2,Influencer,iOS,True
4860,09-Oct-25,Germany,Berlin,Female,25-34,2,App Store,iOS,False
4994,06-Oct-25,Germany,Berlin,Female,25-34,2,Email,iOS,True
5125,04-Jun-25,UK,Manchester,Female,25-34,2,Paid Search,iOS,True
5170,18-Nov-25,Australia,Brisbane,Female,25-34,2,Paid Search,iOS,True
5225,27-Feb-25,UK,Glasgow,Female,25-34,2,Email,iOS,False
5238,13-Mar-25,UK,Glasgow,Female,25-34,2,Email,iOS,True
5279,21-Dec-25,Germany,Munich,Female,25-34,2,Organic Search,iOS,True
5357,14-Nov-25,Canada,Toronto,Female,25-34,2,Direct,iOS,True
5393,19-Apr-25,Canada,Vancouver,Female,25-34,2,Direct,iOS,False
5518,11-Oct-25,Germany,Munich,Female,25-34,2,Social,iOS,True
5610,13-Jan-26,Germany,Munich,Female,25-34,2,Organic Search,iOS,True
5742,16-Sep-25,UK,Birmingham,Female,25-34,2,Influencer,iOS,False
5787,22-Apr-25,Canada,Calgary,Female,25-34,2,Social,iOS,True
5878,10-Oct-25,UK,Glasgow,Female,25-34,2,Email,iOS,True
6077,04-May-25,Germany,Berlin,Female,25-34,2,Paid Search,iOS,True
6207,03-Oct-25,Germany,Munich,Female,25-34,2,Organic Search,iOS,True
6216,21-May-25,UAE,Abu Dhabi,Female,25-34,2,App Store,iOS,False
6264,24-Dec-25,Canada,Montreal,Female,25-34,2,Direct,iOS,True
6294,09-Nov-25,UK,London,Female,25-34,2,Email,iOS,True
6355,30-Nov-25,Australia,Sydney,Female,25-34,2,Social,iOS,True
6516,30-Nov-25,UK,London,Female,25-34,2,Email,iOS,False
6577,10-Jan-26,Australia,Melbourne,Female,25-34,2,Email,iOS,False
6696,16-Jan-25,Germany,Munich,Female,25-34,2,Social,iOS,True
6703,26-Dec-25,Germany,Frankfurt,Female,25-34,2,Paid Search,iOS,True
6714,17-Feb-25,Canada,Calgary,Female,25-34,2,App Store,iOS,True
6764,25-Oct-25,UAE,Abu Dhabi,Female,25-34,2,App Store,iOS,True
6767,21-May-25,Germany,Hamburg,Female,25-34,2,Referral,iOS,True
6815,17-Jan-26,Canada,Montreal,Female,25-34,2,Email,iOS,True
6870,21-Jan-25,Germany,Berlin,Female,25-34,2,Direct,iOS,True
6896,10-Oct-25,Canada,Montreal,Female,25-34,2,Organic Search,iOS,True
7089,04-Jan-26,UAE,Abu Dhabi,Female,25-34,2,Email,iOS,True
7163,06-Dec-25,UK,London,Female,25-34,2,Organic Search,iOS,False
7185,13-Nov-25,Canada,Calgary,Female,25-34,2,Direct,iOS,False
7188,13-Jan-26,UAE,Abu Dhabi,Female,25-34,2,Influencer,iOS,True
7199,08-Mar-25,Germany,Frankfurt,Female,25-34,2,Email,iOS,True
7215,02-Mar-25,UAE,Abu Dhabi,Female,25-34,2,Email,iOS,True
7341,19-Jul-25,UK,Leeds,Female,25-34,2,Email,iOS,True
7399,28-Mar-25,Canada,Vancouver,Female,25-34,2,Paid Search,iOS,False
7430,03-May-25,Australia,Melbourne,Female,25-34,2,Referral,iOS,True
7493,12-May-25,UAE,Abu Dhabi,Female,25-34,2,Organic Search,iOS,True
7534,15-May-25,UK,Leeds,Female,25-34,2,Influencer,iOS,True
7545,25-May-25,Canada,Calgary,Female,25-34,2,Organic Search,iOS,True
7758,08-Apr-25,Canada,Calgary,Female,25-34,2,Email,iOS,True
7860,24-Feb-25,Germany,Berlin,Female,25-34,2,Social,iOS,True
7918,30-Apr-25,UK,Leeds,Female,25-34,2,Social,iOS,True
7931,09-Feb-25,Germany,Frankfurt,Female,25-34,2,Referral,iOS,True
7947,03-Dec-25,UK,Manchester,Female,25-34,2,Email,iOS,True
7964,19-Jan-25,Germany,Berlin,Female,25-34,2,App Store,iOS,True
467,27-Aug-25,Canada,Montreal,Female,25-34,2,App Store,Android,False
864,06-Sep-25,Canada,Calgary,Female,25-34,2,Influencer,Android,False
1046,22-Dec-25,UAE,Dubai,Female,25-34,2,Influencer,Android,False
1180,23-Jan-25,UK,Glasgow,Female,25-34,2,Email,Android,False
1438,29-Jan-25,UAE,Abu Dhabi,Female,25-34,2,Social,Android,False
1611,11-Jan-25,Germany,Berlin,Female,25-34,2,Direct,Android,False
1647,29-Aug-25,Australia,Perth,Female,25-34,2,Email,Android,False
1783,30-Apr-25,Germany,Munich,Female,25-34,2,Direct,Android,False
2057,19-Aug-25,Canada,Montreal,Female,25-34,2,Paid Search,Android,False
2405,08-Mar-25,UAE,Abu Dhabi,Female,25-34,2,Organic Search,Android,False
4509,04-Dec-25,UK,London,Female,25-34,2,Referral,Android,False
4541,03-Jun-25,UK,Leeds,Female,25-34,2,Paid Search,Android,False
4623,31-Jul-25,Germany,Hamburg,Female,25-34,2,Referral,Android,False
4652,02-Oct-25,Australia,Brisbane,Female,25-34,2,App Store,Android,False
5011,26-Sep-25,Germany,Munich,Female,25-34,2,Social,Android,False
5511,24-Mar-25,UK,Manchester,Female,25-34,2,Social,Android,False
5661,27-Jul-25,Australia,Perth,Female,25-34,2,Social,Android,False
5926,08-Oct-25,Canada,Toronto,Female,25-34,2,Email,Android,False
5977,07-Dec-25,Germany,Hamburg,Female,25-34,2,Organic Search,Android,False
6192,13-Jul-25,UAE,Abu Dhabi,Female,25-34,2,App Store,Android,False
6496,29-Nov-25,Canada,Toronto,Female,25-34,2,App Store,Android,False
6733,28-Jul-25,Germany,Berlin,Female,25-34,2,App Store,Android,False
6992,22-Mar-25,UK,Birmingham,Female,25-34,2,Paid Search,Android,False
7028,28-Feb-25,Australia,Melbourne,Female,25-34,2,Social,Android,False
7257,22-Jul-25,Australia,Sydney,Female,25-34,2,Influencer,Android,False
7484,14-Sep-25,UAE,Abu Dhabi,Female,25-34,2,App Store,Android,False
7930,21-Aug-25,UK,Glasgow,Female,25-34,2,Referral,Android,False
6,08-Jul-25,UAE,Dubai,Female,25-34,2,Referral,Android,True
82,09-Jul-25,Australia,Melbourne,Female,25-34,2,Influencer,Android,True
98,28-Oct-25,Australia,Melbourne,Female,25-34,2,Influencer,Android,True
251,09-Sep-25,UAE,Dubai,Female,25-34,2,Influencer,Android,True
361,07-Jul-25,UK,Leeds,Female,25-34,2,Social,Android,True
450,27-May-25,Australia,Melbourne,Female,25-34,2,Social,Android,True
451,25-May-25,Australia,Melbourne,Female,25-34,2,App Store,Android,True
505,10-Jan-25,Canada,Montreal,Female,25-34,2,Direct,Android,True
528,15-Jan-26,Canada,Vancouver,Female,25-34,2,App Store,Android,True
645,05-Dec-25,UK,London,Female,25-34,2,Direct,Android,True
771,11-Nov-25,Germany,Munich,Female,25-34,2,Organic Search,Android,True
778,06-Jan-25,UK,Glasgow,Female,25-34,2,Referral,Android,True
814,24-Aug-25,UAE,Dubai,Female,25-34,2,Organic Search,Android,True
820,30-Oct-25,UAE,Dubai,Female,25-34,2,Direct,Android,True
886,19-Jun-25,Germany,Munich,Female,25-34,2,Referral,Android,True
997,14-Nov-25,Germany,Munich,Female,25-34,2,Organic Search,Android,True
998,16-Dec-25,Canada,Calgary,Female,25-34,2,Social,Android,True
1062,25-Nov-25,UAE,Dubai,Female,25-34,2,Influencer,Android,True
1063,30-Sep-25,UK,Birmingham,Female,25-34,2,Direct,Android,True
1099,12-May-25,Germany,Hamburg,Female,25-34,2,Paid Search,Android,True
1207,24-Oct-25,UK,Glasgow,Female,25-34,2,Direct,Android,True
1252,30-May-25,Germany,Berlin,Female,25-34,2,Influencer,Android,True
1254,05-Jun-25,UAE,Dubai,Female,25-34,2,Email,Android,True
1323,02-Apr-25,Australia,Melbourne,Female,25-34,2,Referral,Android,True
1385,20-Jul-25,UK,London,Female,25-34,2,Paid Search,Android,True
1413,08-Dec-25,Germany,Munich,Female,25-34,2,App Store,Android,True
1599,12-Jan-26,UK,Manchester,Female,25-34,2,Referral,Android,True
1612,03-Mar-25,Germany,Berlin,Female,25-34,2,Email,Android,True
1712,17-Jun-25,Canada,Vancouver,Female,25-34,2,Direct,Android,True
1715,28-Feb-25,Canada,Montreal,Female,25-34,2,Direct,Android,True
1731,23-Aug-25,Canada,Calgary,Female,25-34,2,Influencer,Android,True
1822,17-Jan-26,Germany,Hamburg,Female,25-34,2,Referral,Android,True
1892,05-Aug-25,UAE,Abu Dhabi,Female,25-34,2,Social,Android,True
1906,27-Mar-25,UAE,Abu Dhabi,Female,25-34,2,App Store,Android,True
1914,13-Aug-25,UK,Birmingham,Female,25-34,2,Direct,Android,True
1966,12-Jan-25,Canada,Montreal,Female,25-34,2,App Store,Android,True
1976,09-Aug-25,Australia,Melbourne,Female,25-34,2,Referral,Android,True
2071,10-Jan-25,Canada,Vancouver,Female,25-34,2,Influencer,Android,True
2153,18-Dec-25,Canada,Toronto,Female,25-34,2,Organic Search,Android,True
2317,28-Sep-25,Germany,Munich,Female,25-34,2,Paid Search,Android,True
2351,20-Oct-25,Australia,Melbourne,Female,25-34,2,Paid Search,Android,True
2370,29-Aug-25,Australia,Perth,Female,25-34,2,Email,Android,True
2451,17-Nov-25,Australia,Perth,Female,25-34,2,Influencer,Android,True
2472,27-Nov-25,Germany,Frankfurt,Female,25-34,2,App Store,Android,True
2528,09-Mar-25,UK,London,Female,25-34,2,App Store,Android,True
2599,18-Aug-25,Canada,Calgary,Female,25-34,2,App Store,Android,True
2617,04-Nov-25,Germany,Berlin,Female,25-34,2,Influencer,Android,True
2766,27-Mar-25,UK,Manchester,Female,25-34,2,Paid Search,Android,True
2805,09-May-25,Australia,Perth,Female,25-34,2,Email,Android,True
2824,10-Nov-25,Canada,Vancouver,Female,25-34,2,Direct,Android,True
2861,04-Jan-25,UK,Glasgow,Female,25-34,2,Paid Search,Android,True
2877,07-Jul-25,UAE,Dubai,Female,25-34,2,Organic Search,Android,True
3024,27-Apr-25,UK,Manchester,Female,25-34,2,Referral,Android,True
3044,06-Mar-25,UAE,Abu Dhabi,Female,25-34,2,Social,Android,True
3045,26-Nov-25,UK,Glasgow,Female,25-34,2,Email,Android,True
3046,07-Dec-25,UAE,Abu Dhabi,Female,25-34,2,Organic Search,Android,True
3091,11-Oct-25,UAE,Dubai,Female,25-34,2,Influencer,Android,True
3125,20-Sep-25,UK,Glasgow,Female,25-34,2,Referral,Android,True
3171,08-Oct-25,Canada,Calgary,Female,25-34,2,Paid Search,Android,True
3174,13-May-25,UAE,Dubai,Female,25-34,2,Organic Search,Android,True
3193,05-Sep-25,UK,Birmingham,Female,25-34,2,Referral,Android,True
3263,27-May-25,UAE,Abu Dhabi,Female,25-34,2,Influencer,Android,True
3267,04-Jan-26,UK,Glasgow,Female,25-34,2,Referral,Android,True
3268,08-Oct-25,Germany,Frankfurt,Female,25-34,2,Referral,Android,True
3272,12-Apr-25,UK,Manchester,Female,25-34,2,Email,Android,True
3276,20-Apr-25,Australia,Perth,Female,25-34,2,Referral,Android,True
3284,14-Mar-25,UK,Glasgow,Female,25-34,2,Social,Android,True
3353,20-Aug-25,Australia,Brisbane,Female,25-34,2,Direct,Android,True
3383,10-Oct-25,Germany,Berlin,Female,25-34,2,Influencer,Android,True
3432,24-Sep-25,Australia,Melbourne,Female,25-34,2,Referral,Android,True
3481,03-Nov-25,Australia,Sydney,Female,25-34,2,Influencer,Android,True
3508,01-Aug-25,UK,Glasgow,Female,25-34,2,App Store,Android,True
3531,01-Dec-25,UAE,Dubai,Female,25-34,2,Influencer,Android,True
3584,05-May-25,Canada,Toronto,Female,25-34,2,Organic Search,Android,True
3679,24-Aug-25,UK,Manchester,Female,25-34,2,Direct,Android,True
3744,05-Jan-26,UK,Birmingham,Female,25-34,2,Email,Android,True
3756,01-Jan-25,Australia,Melbourne,Female,25-34,2,Direct,Android,True
3821,09-Nov-25,UAE,Dubai,Female,25-34,2,Influencer,Android,True
3940,06-Nov-25,Australia,Brisbane,Female,25-34,2,Organic Search,Android,True
3954,22-Nov-25,UAE,Dubai,Female,25-34,2,Influencer,Android,True
3969,18-May-25,UK,Leeds,Female,25-34,2,Influencer,Android,True
3986,12-Apr-25,Germany,Berlin,Female,25-34,2,Email,Android,True
4053,31-Mar-25,UAE,Abu Dhabi,Female,25-34,2,Direct,Android,True
4085,07-Jul-25,Germany,Berlin,Female,25-34,2,Email,Android,True
4099,23-Feb-25,Australia,Melbourne,Female,25-34,2,Organic Search,Android,True
4321,17-Jun-25,Germany,Berlin,Female,25-34,2,Social,Android,True
4374,23-Dec-25,UAE,Dubai,Female,25-34,2,Organic Search,Android,True
4428,10-Nov-25,UAE,Abu Dhabi,Female,25-34,2,Paid Search,Android,True
4437,12-Jan-26,UK,Manchester,Female,25-34,2,Influencer,Android,True
4448,21-Mar-25,Canada,Vancouver,Female,25-34,2,Referral,Android,True
4558,10-Oct-25,Germany,Berlin,Female,25-34,2,Email,Android,True
4594,25-Aug-25,Australia,Sydney,Female,25-34,2,App Store,Android,True
4673,06-Feb-25,Canada,Vancouver,Female,25-34,2,Social,Android,True
4685,17-Jun-25,UAE,Dubai,Female,25-34,2,Direct,Android,True
4716,07-Feb-25,UAE,Dubai,Female,25-34,2,Social,Android,True
4745,07-Nov-25,Canada,Montreal,Female,25-34,2,Direct,Android,True
4814,01-Jun-25,Germany,Berlin,Female,25-34,2,Direct,Android,True
4864,06-Nov-25,UAE,Dubai,Female,25-34,2,Organic Search,Android,True
4888,13-Jul-25,Australia,Brisbane,Female,25-34,2,Social,Android,True
4969,28-Nov-25,UK,Glasgow,Female,25-34,2,App Store,Android,True
4971,26-Sep-25,Australia,Melbourne,Female,25-34,2,App Store,Android,True
5036,30-Apr-25,Canada,Vancouver,Female,25-34,2,Email,Android,True
5039,25-Jun-25,UAE,Abu Dhabi,Female,25-34,2,App Store,Android,True
5055,07-Feb-25,Germany,Frankfurt,Female,25-34,2,Direct,Android,True
5073,06-Jul-25,Australia,Melbourne,Female,25-34,2,Referral,Android,True
5199,20-Oct-25,Germany,Frankfurt,Female,25-34,2,Paid Search,Android,True
5211,03-Oct-25,UK,London,Female,25-34,2,Email,Android,True
5239,23-Oct-25,UAE,Dubai,Female,25-34,2,App Store,Android,True
5250,08-Feb-25,Canada,Montreal,Female,25-34,2,Direct,Android,True
5405,29-Sep-25,Australia,Perth,Female,25-34,2,Paid Search,Android,True
5468,08-Dec-25,Germany,Berlin,Female,25-34,2,Email,Android,True
5568,07-Mar-25,Canada,Toronto,Female,25-34,2,Social,Android,True
5602,18-May-25,Australia,Sydney,Female,25-34,2,Referral,Android,True
5608,11-Jul-25,Australia,Brisbane,Female,25-34,2,Social,Android,True
5627,30-Jan-25,UK,Glasgow,Female,25-34,2,App Store,Android,True
5667,31-Mar-25,UAE,Abu Dhabi,Female,25-34,2,Referral,Android,True
5812,18-Jan-25,Canada,Montreal,Female,25-34,2,App Store,Android,True
5842,26-Apr-25,Germany,Frankfurt,Female,25-34,2,Organic Search,Android,True
5956,19-Feb-25,Germany,Berlin,Female,25-34,2,Email,Android,True
6032,01-Jul-25,Germany,Berlin,Female,25-34,2,App Store,Android,True
6062,18-Nov-25,Germany,Hamburg,Female,25-34,2,Paid Search,Android,True
6121,14-Apr-25,UAE,Dubai,Female,25-34,2,Paid Search,Android,True
6123,19-Aug-25,UK,Leeds,Female,25-34,2,App Store,Android,True
6148,01-Dec-25,Australia,Perth,Female,25-34,2,Social,Android,True
6152,14-Oct-25,UK,Birmingham,Female,25-34,2,App Store,Android,True
6170,30-Mar-25,Germany,Hamburg,Female,25-34,2,App Store,Android,True
6206,19-Apr-25,Canada,Toronto,Female,25-34,2,Email,Android,True
6290,06-Oct-25,Canada,Toronto,Female,25-34,2,Email,Android,True
6363,06-Jul-25,Australia,Perth,Female,25-34,2,Email,Android,True
6372,07-Jun-25,Germany,Hamburg,Female,25-34,2,Influencer,Android,True
6380,18-Jan-25,Australia,Brisbane,Female,25-34,2,Email,Android,True
6405,12-Jan-25,UK,London,Female,25-34,2,Organic Search,Android,True
6492,14-Jul-25,UAE,Dubai,Female,25-34,2,Paid Search,Android,True
6507,20-Apr-25,Germany,Hamburg,Female,25-34,2,Influencer,Android,True
6649,21-Jan-25,UK,Birmingham,Female,25-34,2,App Store,Android,True
6691,11-Dec-25,Canada,Vancouver,Female,25-34,2,Direct,Android,True
6725,15-Jan-25,Germany,Munich,Female,25-34,2,App Store,Android,True
6789,30-Mar-25,Canada,Toronto,Female,25-34,2,Social,Android,True
6796,02-Jun-25,UK,Birmingham,Female,25-34,2,Referral,Android,True
6838,08-Aug-25,Canada,Calgary,Female,25-34,2,Influencer,Android,True
6882,28-Feb-25,UAE,Dubai,Female,25-34,2,Social,Android,True
6883,23-Nov-25,UK,Birmingham,Female,25-34,2,Influencer,Android,True
6973,25-Feb-25,Germany,Frankfurt,Female,25-34,2,Direct,Android,True
6979,22-Jan-25,Germany,Munich,Female,25-34,2,Organic Search,Android,True
7057,20-Dec-25,Canada,Vancouver,Female,25-34,2,Email,Android,True
7124,07-Aug-25,Canada,Toronto,Female,25-34,2,Social,Android,True
7125,04-Oct-25,UK,Glasgow,Female,25-34,2,App Store,Android,True
7305,04-Dec-25,UAE,Abu Dhabi,Female,25-34,2,Influencer,Android,True
7323,23-Jun-25,Canada,Montreal,Female,25-34,2,Paid Search,Android,True
7340,21-Dec-25,Canada,Calgary,Female,25-34,2,Influencer,Android,True
7367,30-Nov-25,Australia,Perth,Female,25-34,2,App Store,Android,True
7451,10-Mar-25,Canada,Toronto,Female,25-34,2,Organic Search,Android,True
7538,08-Jul-25,UK,Manchester,Female,25-34,2,Influencer,Android,True
7607,19-May-25,Australia,Melbourne,Female,25-34,2,Influencer,Android,True
7640,31-Mar-25,Australia,Melbourne,Female,25-34,2,Paid Search,Android,True
7773,19-Jun-25,Australia,Brisbane,Female,25-34,2,Organic Search,Android,True
7789,23-Jun-25,UK,Glasgow,Female,25-34,2,Influencer,Android,True
7796,12-May-25,UK,Birmingham,Female,25-34,2,Referral,Android,True
7801,18-Feb-25,Germany,Hamburg,Female,25-34,2,Organic Search,Android,True
7902,05-Apr-25,Australia,Perth,Female,25-34,2,Social,Android,True
143,15-Jan-26,UAE,Dubai,Other,25-34,2,Direct,iOS,True
322,26-Aug-25,UAE,Abu Dhabi,Other,25-34,2,Influencer,Android,True
516,21-Nov-25,UAE,Abu Dhabi,Other,25-34,2,Social,Android,True
984,11-Nov-25,UK,London,Other,25-34,2,Email,iOS,True
1015,01-Dec-25,Australia,Sydney,Other,25-34,2,Direct,Android,True
1269,14-Sep-25,UAE,Abu Dhabi,Other,25-34,2,App Store,iOS,False
1276,01-Feb-25,Australia,Melbourne,Other,25-34,2,Organic Search,Android,True
1324,21-Sep-25,Canada,Toronto,Other,25-34,2,Social,Android,True
1336,07-Jan-25,Canada,Toronto,Other,25-34,2,Email,Android,True
1602,06-Jul-25,UK,Birmingham,Other,25-34,2,Social,Web,True
1606,17-Jul-25,UAE,Abu Dhabi,Other,25-34,2,Social,Web,False
1714,19-Dec-25,Canada,Calgary,Other,25-34,2,Direct,iOS,False
1744,25-Jul-25,UAE,Dubai,Other,25-34,2,Email,Android,True
2034,13-Aug-25,Canada,Toronto,Other,25-34,2,Paid Search,iOS,True
2142,28-Oct-25,UK,Manchester,Other,25-34,2,Social,Android,True
2188,10-Jun-25,Australia,Perth,Other,25-34,2,App Store,Android,True
2212,30-Mar-25,UK,Leeds,Other,25-34,2,Email,Android,True
2219,12-Nov-25,Germany,Berlin,Other,25-34,2,Influencer,Web,True
2554,24-Sep-25,Germany,Frankfurt,Other,25-34,2,Organic Search,Web,True
2949,17-Sep-25,Australia,Brisbane,Other,25-34,2,App Store,iOS,True
3113,24-Oct-25,UAE,Dubai,Other,25-34,2,Influencer,iOS,True
3257,07-Feb-25,Australia,Sydney,Other,25-34,2,App Store,Web,True
3412,14-Nov-25,UK,Birmingham,Other,25-34,2,Social,Web,True
3587,02-May-25,Germany,Berlin,Other,25-34,2,Social,Web,True
3599,04-Jan-26,UK,Manchester,Other,25-34,2,App Store,iOS,True
3616,09-Dec-25,Germany,Frankfurt,Other,25-34,2,Direct,Web,True
3723,15-Dec-25,Germany,Hamburg,Other,25-34,2,Influencer,Android,False
3747,23-Apr-25,Germany,Frankfurt,Other,25-34,2,Social,Android,True
3814,17-Nov-25,Australia,Melbourne,Other,25-34,2,Influencer,Android,False
3900,23-Jan-25,Canada,Toronto,Other,25-34,2,Email,iOS,True
3950,19-Oct-25,Canada,Vancouver,Other,25-34,2,Organic Search,Web,True
4064,21-Aug-25,Australia,Brisbane,Other,25-34,2,Paid Search,Android,True
4220,04-Apr-25,Australia,Sydney,Other,25-34,2,Direct,iOS,False
4299,04-Jan-25,Australia,Brisbane,Other,25-34,2,Organic Search,Web,True
4367,02-Aug-25,Canada,Calgary,Other,25-34,2,Paid Search,iOS,True
4387,28-Sep-25,UK,London,Other,25-34,2,Organic Search,iOS,True
4468,29-Jul-25,Germany,Frankfurt,Other,25-34,2,Social,Android,True
4552,18-Nov-25,UK,London,Other,25-34,2,Email,Android,True
4660,01-Apr-25,Germany,Hamburg,Other,25-34,2,Referral,Android,True
4713,30-Aug-25,Canada,Montreal,Other,25-34,2,Email,iOS,True
4729,09-May-25,Canada,Toronto,Other,25-34,2,Influencer,iOS,True
4772,18-Jan-26,Canada,Montreal,Other,25-34,2,App Store,Android,False
4866,14-Mar-25,Germany,Frankfurt,Other,25-34,2,Email,Android,True
4904,23-Mar-25,Canada,Montreal,Other,25-34,2,Organic Search,iOS,False
5021,06-Dec-25,UK,London,Other,25-34,2,Email,iOS,True
5113,20-Feb-25,Germany,Frankfurt,Other,25-34,2,Paid Search,Web,False
5392,07-Aug-25,UAE,Abu Dhabi,Other,25-34,2,Email,Android,True
5426,23-May-25,UAE,Abu Dhabi,Other,25-34,2,Email,Web,True
5585,13-Jan-26,Australia,Brisbane,Other,25-34,2,Direct,Android,True
5648,05-Oct-25,Australia,Brisbane,Other,25-34,2,Paid Search,Android,True
5719,29-Dec-25,UAE,Abu Dhabi,Other,25-34,2,Paid Search,Android,False
6176,06-Apr-25,UK,Manchester,Other,25-34,2,Direct,Web,True
6182,16-Jan-25,UK,Glasgow,Other,25-34,2,Social,iOS,True
6229,25-Apr-25,Germany,Berlin,Other,25-34,2,Referral,iOS,False
6460,11-Feb-25,UAE,Abu Dhabi,Other,25-34,2,Influencer,iOS,True
6601,06-May-25,Canada,Montreal,Other,25-34,2,Email,Android,True
6887,19-Jul-25,Germany,Berlin,Other,25-34,2,Social,Android,True
6978,02-Sep-25,Canada,Montreal,Other,25-34,2,Direct,iOS,True
7055,13-Oct-25,UK,Manchester,Other,25-34,2,Influencer,Android,True
7079,25-Oct-25,UAE,Abu Dhabi,Other,25-34,2,Influencer,Android,True
7194,27-Jul-25,Australia,Sydney,Other,25-34,2,Social,Android,True
7383,13-Oct-25,Germany,Frankfurt,Other,25-34,2,Influencer,Android,False
7413,25-Sep-25,UAE,Dubai,Other,25-34,2,Influencer,Android,True
7557,17-Jan-26,UAE,Dubai,Other,25-34,2,Social,iOS,False
7595,05-Jan-26,Australia,Brisbane,Other,25-34,2,Email,Web,True
7697,08-Jul-25,Canada,Vancouver,Other,25-34,2,Referral,Android,True
7897,12-Feb-25,Germany,Berlin,Other,25-34,2,Social,Web,True
384,30-Sep-25,Canada,Montreal,Male,25-34,2,Referral,Web,False
628,27-Aug-25,Canada,Calgary,Male,25-34,2,Influencer,Web,False
940,26-Aug-25,Canada,Vancouver,Male,25-34,2,Direct,Web,False
1379,14-Jan-25,UK,Birmingham,Male,25-34,2,Email,Web,False
3026,18-Jan-26,Germany,Hamburg,Male,25-34,2,Referral,Web,False
5144,14-Apr-25,Canada,Toronto,Male,25-34,2,Direct,Web,False
5420,04-Apr-25,Germany,Hamburg,Male,25-34,2,Direct,Web,False
6024,12-Jan-25,UAE,Dubai,Male,25-34,2,Referral,Web,False
6067,20-Jul-25,UAE,Abu Dhabi,Male,25-34,2,Paid Search,Web,False
7695,03-May-25,UK,Leeds,Male,25-34,2,App Store,Web,False
56,22-Feb-25,Australia,Brisbane,Male,25-34,2,Referral,Web,True
127,26-Dec-25,Canada,Calgary,Male,25-34,2,Email,Web,True
148,29-Aug-25,Germany,Berlin,Male,25-34,2,Paid Search,Web,True
170,11-Oct-25,Germany,Frankfurt,Male,25-34,2,Referral,Web,True
182,12-Jan-26,Germany,Hamburg,Male,25-34,2,Direct,Web,True
256,18-Jul-25,UK,London,Male,25-34,2,Organic Search,Web,True
291,26-Apr-25,UK,London,Male,25-34,2,Influencer,Web,True
381,31-May-25,UAE,Abu Dhabi,Male,25-34,2,Direct,Web,True
460,14-Nov-25,Germany,Munich,Male,25-34,2,Referral,Web,True
497,08-Feb-25,UK,Glasgow,Male,25-34,2,Social,Web,True
551,31-Mar-25,Canada,Vancouver,Male,25-34,2,Influencer,Web,True
554,15-Jul-25,UAE,Abu Dhabi,Male,25-34,2,Paid Search,Web,True
591,06-Jul-25,UAE,Abu Dhabi,Male,25-34,2,Organic Search,Web,True
597,22-Sep-25,Germany,Frankfurt,Male,25-34,2,Direct,Web,True
673,27-Feb-25,UAE,Dubai,Male,25-34,2,Direct,Web,True
744,10-Sep-25,Canada,Montreal,Male,25-34,2,Paid Search,Web,True
825,16-Mar-25,Germany,Frankfurt,Male,25-34,2,Paid Search,Web,True
909,17-Apr-25,UK,Leeds,Male,25-34,2,Organic Search,Web,True
1013,16-Mar-25,Canada,Montreal,Male,25-34,2,Social,Web,True
1040,22-May-25,Germany,Berlin,Male,25-34,2,Referral,Web,True
1072,30-Nov-25,UK,Birmingham,Male,25-34,2,Direct,Web,True
1094,05-Jan-25,UK,Manchester,Male,25-34,2,Email,Web,True
1110,28-Jun-25,Canada,Montreal,Male,25-34,2,Email,Web,True
1182,12-Dec-25,UAE,Abu Dhabi,Male,25-34,2,Influencer,Web,True
1194,20-Nov-25,Australia,Brisbane,Male,25-34,2,App Store,Web,True
1320,08-Mar-25,Canada,Calgary,Male,25-34,2,Organic Search,Web,True
1582,12-Jan-26,Germany,Hamburg,Male,25-34,2,Direct,Web,True
1658,26-Sep-25,Canada,Montreal,Male,25-34,2,Organic Search,Web,True
1875,27-Apr-25,Germany,Hamburg,Male,25-34,2,App Store,Web,True
1917,18-Mar-25,Germany,Hamburg,Male,25-34,2,Referral,Web,True
1990,28-Feb-25,UK,Glasgow,Male,25-34,2,Social,Web,True
2043,30-Nov-25,UK,London,Male,25-34,2,Organic Search,Web,True
2056,10-May-25,Canada,Montreal,Male,25-34,2,Referral,Web,True
2084,21-Sep-25,UK,Manchester,Male,25-34,2,App Store,Web,True
2177,14-Oct-25,Australia,Brisbane,Male,25-34,2,Direct,Web,True
2228,26-Nov-25,Canada,Toronto,Male,25-34,2,Referral,Web,True
2277,16-May-25,UK,London,Male,25-34,2,App Store,Web,True
2502,07-Mar-25,UK,Manchester,Male,25-34,2,Influencer,Web,True
2758,26-Dec-25,UAE,Abu Dhabi,Male,25-34,2,Paid Search,Web,True
2946,22-Dec-25,Germany,Berlin,Male,25-34,2,Referral,Web,True
2967,01-Jun-25,UAE,Dubai,Male,25-34,2,Paid Search,Web,True
3002,22-Jul-25,UK,Birmingham,Male,25-34,2,Influencer,Web,True
3023,27-Jun-25,Australia,Brisbane,Male,25-34,2,Referral,Web,True
3160,12-Apr-25,UK,London,Male,25-34,2,Paid Search,Web,True
3183,30-Dec-25,Canada,Toronto,Male,25-34,2,Referral,Web,True
3294,22-Sep-25,Australia,Sydney,Male,25-34,2,Social,Web,True
3297,11-Jan-26,Germany,Munich,Male,25-34,2,Influencer,Web,True
3594,28-Mar-25,UK,Glasgow,Male,25-34,2,App Store,Web,True
3661,22-Jun-25,Germany,Hamburg,Male,25-34,2,Email,Web,True
3666,03-Sep-25,Australia,Brisbane,Male,25-34,2,App Store,Web,True
3772,22-Sep-25,Australia,Melbourne,Male,25-34,2,Referral,Web,True
3790,25-May-25,UAE,Abu Dhabi,Male,25-34,2,Social,Web,True
3862,03-Jun-25,Australia,Sydney,Male,25-34,2,Influencer,Web,True
3915,20-May-25,Germany,Munich,Male,25-34,2,Paid Search,Web,True
3932,29-Jul-25,Australia,Brisbane,Male,25-34,2,Influencer,Web,True
4113,21-Jul-25,Canada,Montreal,Male,25-34,2,App Store,Web,True
4317,22-Nov-25,Germany,Munich,Male,25-34,2,Social,Web,True
4347,09-Jan-26,Australia,Perth,Male,25-34,2,Organic Search,Web,True
4359,21-Jul-25,Australia,Melbourne,Male,25-34,2,Email,Web,True
4433,04-Sep-25,UAE,Abu Dhabi,Male,25-34,2,Organic Search,Web,True
4435,11-Nov-25,Canada,Montreal,Male,25-34,2,Influencer,Web,True
4439,05-Dec-25,Germany,Berlin,Male,25-34,2,Organic Search,Web,True
4571,23-Sep-25,Canada,Calgary,Male,25-34,2,Influencer,Web,True
4756,02-Dec-25,UK,Leeds,Male,25-34,2,Organic Search,Web,True
4804,11-Jan-25,UAE,Abu Dhabi,Male,25-34,2,Direct,Web,True
4929,06-Apr-25,Germany,Munich,Male,25-34,2,Email,Web,True
5223,12-Mar-25,Australia,Melbourne,Male,25-34,2,App Store,Web,True
5268,10-May-25,UK,Manchester,Male,25-34,2,Social,Web,True
5360,25-Jul-25,UAE,Abu Dhabi,Male,25-34,2,Referral,Web,True
5379,07-Sep-25,UK,Manchester,Male,25-34,2,App Store,Web,True
5486,30-Sep-25,Germany,Munich,Male,25-34,2,App Store,Web,True
5505,27-Feb-25,UK,Manchester,Male,25-34,2,Organic Search,Web,True
5668,21-May-25,UK,London,Male,25-34,2,App Store,Web,True
5732,06-Jul-25,Australia,Sydney,Male,25-34,2,Paid Search,Web,True
5762,16-Jul-25,UK,Manchester,Male,25-34,2,Direct,Web,True
5779,26-May-25,UK,Glasgow,Male,25-34,2,Social,Web,True
6010,16-Feb-25,UK,Birmingham,Male,25-34,2,Social,Web,True
6022,27-Nov-25,UAE,Dubai,Male,25-34,2,Influencer,Web,True
6046,09-Jan-26,UAE,Abu Dhabi,Male,25-34,2,Social,Web,True
6092,20-Apr-25,Canada,Montreal,Male,25-34,2,Direct,Web,True
6306,27-Jul-25,UK,Glasgow,Male,25-34,2,Organic Search,Web,True
6333,04-Nov-25,Canada,Toronto,Male,25-34,2,Direct,Web,True
6406,28-Apr-25,Germany,Hamburg,Male,25-34,2,Influencer,Web,True
6415,09-Jul-25,UK,London,Male,25-34,2,App Store,Web,True
6449,24-May-25,Canada,Vancouver,Male,25-34,2,Referral,Web,True
6721,29-Mar-25,Germany,Hamburg,Male,25-34,2,Email,Web,True
6734,29-Sep-25,UAE,Dubai,Male,25-34,2,Direct,Web,True
6968,13-Dec-25,Canada,Toronto,Male,25-34,2,Organic Search,Web,True
6994,10-Mar-25,Germany,Frankfurt,Male,25-34,2,Social,Web,True
7232,10-Jul-25,Germany,Hamburg,Male,25-34,2,Referral,Web,True
7236,25-Feb-25,Germany,Hamburg,Male,25-34,2,Email,Web,True
7306,11-Jan-26,Australia,Perth,Male,25-34,2,Paid Search,Web,True
7348,29-Oct-25,UK,Birmingham,Male,25-34,2,Email,Web,True
7454,20-Oct-25,UAE,Dubai,Male,25-34,2,Social,Web,True
7633,22-Apr-25,Australia,Melbourne,Male,25-34,2,Organic Search,Web,True
7694,31-May-25,UK,Leeds,Male,25-34,2,Email,Web,True
7703,05-Nov-25,Canada,Montreal,Male,25-34,2,Organic Search,Web,True
7755,19-Oct-25,UK,Glasgow,Male,25-34,2,Email,Web,True
7981,01-Jun-25,Canada,Montreal,Male,25-34,2,Paid Search,Web,True
7993,09-Apr-25,Canada,Montreal,Male,25-34,2,Referral,Web,True
7995,28-Jul-25,Germany,Frankfurt,Male,25-34,2,Direct,Web,True
75,21-Jul-25,Canada,Vancouver,Male,25-34,2,App Store,iOS,False
481,15-Dec-25,Germany,Frankfurt,Male,25-34,2,Referral,iOS,False
928,28-Jan-25,UAE,Dubai,Male,25-34,2,Influencer,iOS,False
945,15-Aug-25,UK,Leeds,Male,25-34,2,Social,iOS,False
1017,28-Apr-25,UK,Leeds,Male,25-34,2,Email,iOS,False
1097,19-Mar-25,UAE,Dubai,Male,25-34,2,Referral,iOS,False
1277,07-Jun-25,Germany,Hamburg,Male,25-34,2,App Store,iOS,False
1801,27-Feb-25,Australia,Melbourne,Male,25-34,2,Influencer,iOS,False
2295,08-Nov-25,Australia,Brisbane,Male,25-34,2,App Store,iOS,False
2464,31-May-25,UK,London,Male,25-34,2,App Store,iOS,False
2736,30-Nov-25,Australia,Sydney,Male,25-34,2,Organic Search,iOS,False
4049,20-Mar-25,UK,London,Male,25-34,2,Paid Search,iOS,False
4843,01-Nov-25,UAE,Abu Dhabi,Male,25-34,2,Referral,iOS,False
5150,22-Apr-25,Germany,Berlin,Male,25-34,2,Organic Search,iOS,False
5348,11-May-25,Canada,Toronto,Male,25-34,2,Direct,iOS,False
5437,02-Jan-26,UK,Glasgow,Male,25-34,2,Referral,iOS,False
5439,13-Feb-25,UAE,Dubai,Male,25-34,2,Organic Search,iOS,False
5616,25-Aug-25,Germany,Munich,Male,25-34,2,Organic Search,iOS,False
5636,13-Jan-26,Canada,Vancouver,Male,25-34,2,Influencer,iOS,False
5729,27-Aug-25,Germany,Munich,Male,25-34,2,Referral,iOS,False
5776,06-Jan-25,Germany,Hamburg,Male,25-34,2,Influencer,iOS,False
5907,31-May-25,UAE,Abu Dhabi,Male,25-34,2,App Store,iOS,False
6048,30-Oct-25,Australia,Sydney,Male,25-34,2,Organic Search,iOS,False
6166,05-Apr-25,UK,Birmingham,Male,25-34,2,Referral,iOS,False
6231,26-Oct-25,UAE,Dubai,Male,25-34,2,Email,iOS,False
6351,03-May-25,UK,Manchester,Male,25-34,2,Social,iOS,False
6465,13-Jan-26,UAE,Abu Dhabi,Male,25-34,2,Email,iOS,False
7226,16-Aug-25,UK,London,Male,25-34,2,Influencer,iOS,False
7365,12-Mar-25,UK,Leeds,Male,25-34,2,Paid Search,iOS,False
7525,30-Aug-25,Germany,Berlin,Male,25-34,2,Social,iOS,False
7716,11-Oct-25,Australia,Brisbane,Male,25-34,2,Email,iOS,False
7790,19-Jun-25,UK,Manchester,Male,25-34,2,Paid Search,iOS,False
7822,08-Dec-25,UK,Leeds,Male,25-34,2,Paid Search,iOS,False
101,23-Nov-25,Australia,Sydney,Male,25-34,2,Paid Search,iOS,True
116,15-May-25,UK,Leeds,Male,25-34,2,Organic Search,iOS,True
141,12-Dec-25,Australia,Sydney,Male,25-34,2,App Store,iOS,True
154,23-May-25,Canada,Vancouver,Male,25-34,2,Paid Search,iOS,True
239,08-Apr-25,Canada,Vancouver,Male,25-34,2,Influencer,iOS,True
253,27-May-25,Germany,Berlin,Male,25-34,2,Email,iOS,True
277,20-May-25,UK,Birmingham,Male,25-34,2,Email,iOS,True
279,09-Jun-25,Canada,Vancouver,Male,25-34,2,Email,iOS,True
285,27-Jul-25,Germany,Hamburg,Male,25-34,2,Social,iOS,True
374,19-Nov-25,Canada,Toronto,Male,25-34,2,Social,iOS,True
462,07-May-25,UAE,Dubai,Male,25-34,2,App Store,iOS,True
492,04-Apr-25,Australia,Sydney,Male,25-34,2,Referral,iOS,True
535,17-Jun-25,UAE,Abu Dhabi,Male,25-34,2,Social,iOS,True
563,23-Dec-25,Australia,Perth,Male,25-34,2,Influencer,iOS,True
581,21-Dec-25,Canada,Calgary,Male,25-34,2,Direct,iOS,True
723,02-May-25,Australia,Perth,Male,25-34,2,Organic Search,iOS,True
743,04-Feb-25,Australia,Perth,Male,25-34,2,Social,iOS,True
772,10-Oct-25,UAE,Abu Dhabi,Male,25-34,2,Paid Search,iOS,True
813,23-Feb-25,UAE,Abu Dhabi,Male,25-34,2,Direct,iOS,True
848,18-May-25,UAE,Dubai,Male,25-34,2,Influencer,iOS,True
849,03-Jul-25,Australia,Melbourne,Male,25-34,2,Email,iOS,True
870,08-Jan-25,UK,London,Male,25-34,2,Paid Search,iOS,True
969,16-Aug-25,Canada,Calgary,Male,25-34,2,Organic Search,iOS,True
1027,13-May-25,Germany,Hamburg,Male,25-34,2,Direct,iOS,True
1057,10-May-25,UK,London,Male,25-34,2,Direct,iOS,True
1058,25-Mar-25,Australia,Melbourne,Male,25-34,2,Paid Search,iOS,True
1139,27-Mar-25,UAE,Dubai,Male,25-34,2,Influencer,iOS,True
1158,06-Jun-25,UK,Glasgow,Male,25-34,2,App Store,iOS,True
1265,08-Jul-25,UK,Birmingham,Male,25-34,2,Referral,iOS,True
1295,21-Sep-25,Australia,Perth,Male,25-34,2,Organic Search,iOS,True
1400,07-Dec-25,Canada,Vancouver,Male,25-34,2,Referral,iOS,True
1433,03-Nov-25,UAE,Dubai,Male,25-34,2,App Store,iOS,True
1502,29-May-25,Germany,Frankfurt,Male,25-34,2,Influencer,iOS,True
1506,17-Jul-25,UAE,Abu Dhabi,Male,25-34,2,Paid Search,iOS,True
1573,29-Oct-25,UAE,Abu Dhabi,Male,25-34,2,App Store,iOS,True
1934,09-Jan-25,Germany,Hamburg,Male,25-34,2,Influencer,iOS,True
2018,16-Aug-25,Canada,Vancouver,Male,25-34,2,App Store,iOS,True
2037,08-Jan-25,UK,Glasgow,Male,25-34,2,Influencer,iOS,True
2106,30-Nov-25,Germany,Berlin,Male,25-34,2,Organic Search,iOS,True
2128,26-Oct-25,UK,Birmingham,Male,25-34,2,Paid Search,iOS,True
2129,06-May-25,Germany,Hamburg,Male,25-34,2,Influencer,iOS,True
2132,12-Oct-25,UK,Glasgow,Male,25-34,2,Social,iOS,True
2170,17-Mar-25,UK,Birmingham,Male,25-34,2,Email,iOS,True
2298,05-Feb-25,UAE,Dubai,Male,25-34,2,Email,iOS,True
2335,01-Mar-25,UAE,Dubai,Male,25-34,2,Organic Search,iOS,True
2391,11-Mar-25,Australia,Perth,Male,25-34,2,Organic Search,iOS,True
2503,13-Dec-25,UK,Birmingham,Male,25-34,2,App Store,iOS,True
2632,11-Feb-25,UK,Manchester,Male,25-34,2,Paid Search,iOS,True
2665,08-Jan-25,Germany,Berlin,Male,25-34,2,Referral,iOS,True
2700,25-Nov-25,Australia,Brisbane,Male,25-34,2,Social,iOS,True
2778,19-Feb-25,UK,Manchester,Male,25-34,2,Paid Search,iOS,True
2802,05-Jul-25,Canada,Montreal,Male,25-34,2,Organic Search,iOS,True
2844,20-Jan-25,UK,Birmingham,Male,25-34,2,Social,iOS,True
2887,10-Nov-25,UAE,Dubai,Male,25-34,2,Paid Search,iOS,True
2969,01-Aug-25,UK,London,Male,25-34,2,Referral,iOS,True
3411,11-Jul-25,Canada,Toronto,Male,25-34,2,Direct,iOS,True
3539,09-Nov-25,UAE,Dubai,Male,25-34,2,Direct,iOS,True
3545,05-Jun-25,Germany,Hamburg,Male,25-34,2,Direct,iOS,True
3645,14-Jun-25,Germany,Berlin,Male,25-34,2,Direct,iOS,True
3678,18-Apr-25,Germany,Frankfurt,Male,25-34,2,Email,iOS,True
3806,17-Jan-26,UK,Leeds,Male,25-34,2,App Store,iOS,True
3846,28-Feb-25,Germany,Munich,Male,25-34,2,Social,iOS,True
3910,04-Apr-25,Australia,Melbourne,Male,25-34,2,Email,iOS,True
4050,04-May-25,UK,Glasgow,Male,25-34,2,Influencer,iOS,True
4058,06-Apr-25,Germany,Berlin,Male,25-34,2,Paid Search,iOS,True
4086,26-Feb-25,Canada,Toronto,Male,25-34,2,Influencer,iOS,True
4092,29-Aug-25,Germany,Frankfurt,Male,25-34,2,Influencer,iOS,True
4161,17-Apr-25,Germany,Berlin,Male,25-34,2,Referral,iOS,True
4194,18-Nov-25,Canada,Vancouver,Male,25-34,2,Influencer,iOS,True
4197,05-Oct-25,Germany,Munich,Male,25-34,2,Email,iOS,True
4398,18-Jun-25,UAE,Abu Dhabi,Male,25-34,2,Paid Search,iOS,True
4481,30-Nov-25,UK,London,Male,25-34,2,Organic Search,iOS,True
4482,10-Mar-25,Germany,Frankfurt,Male,25-34,2,Referral,iOS,True
4522,21-Nov-25,Australia,Perth,Male,25-34,2,App Store,iOS,True
4566,28-Feb-25,Germany,Munich,Male,25-34,2,Influencer,iOS,True
4591,24-Mar-25,UK,Leeds,Male,25-34,2,Social,iOS,True
4596,16-Apr-25,Australia,Sydney,Male,25-34,2,App Store,iOS,True
4666,17-Apr-25,UK,London,Male,25-34,2,Organic Search,iOS,True
4721,21-Jan-25,Germany,Munich,Male,25-34,2,Referral,iOS,True
4824,20-Dec-25,Australia,Brisbane,Male,25-34,2,Direct,iOS,True
4892,06-Jan-25,Germany,Munich,Male,25-34,2,Organic Search,iOS,True
4916,03-Jan-25,Canada,Toronto,Male,25-34,2,Email,iOS,True
4946,03-Jan-26,Australia,Brisbane,Male,25-34,2,Influencer,iOS,True
5008,05-Jun-25,UAE,Abu Dhabi,Male,25-34,2,Influencer,iOS,True
5044,20-Aug-25,Australia,Sydney,Male,25-34,2,Paid Search,iOS,True
5052,01-Jul-25,UAE,Abu Dhabi,Male,25-34,2,Email,iOS,True
5053,16-Jan-26,Germany,Berlin,Male,25-34,2,Organic Search,iOS,True
5069,10-Sep-25,UAE,Abu Dhabi,Male,25-34,2,Social,iOS,True
5147,28-Jul-25,Australia,Brisbane,Male,25-34,2,Direct,iOS,True
5180,23-Oct-25,UK,London,Male,25-34,2,Email,iOS,True
5182,08-May-25,Australia,Perth,Male,25-34,2,Social,iOS,True
5193,03-Aug-25,Australia,Sydney,Male,25-34,2,App Store,iOS,True
5224,30-Dec-25,UK,Leeds,Male,25-34,2,Email,iOS,True
5304,01-Feb-25,Germany,Frankfurt,Male,25-34,2,Referral,iOS,True
5341,09-Jun-25,UAE,Dubai,Male,25-34,2,Referral,iOS,True
5387,24-Jul-25,Australia,Melbourne,Male,25-34,2,Email,iOS,True
5474,15-Aug-25,UK,Birmingham,Male,25-34,2,Organic Search,iOS,True
5662,08-Jan-25,UAE,Dubai,Male,25-34,2,App Store,iOS,True
5669,25-May-25,Australia,Melbourne,Male,25-34,2,App Store,iOS,True
5753,30-Dec-25,Australia,Sydney,Male,25-34,2,Email,iOS,True
5786,06-Jan-25,Canada,Calgary,Male,25-34,2,Paid Search,iOS,True
5824,07-Jan-26,Germany,Munich,Male,25-34,2,Paid Search,iOS,True
6184,20-Jan-25,Germany,Munich,Male,25-34,2,App Store,iOS,True
6233,17-May-25,UAE,Dubai,Male,25-34,2,App Store,iOS,True
6319,01-Sep-25,UK,Leeds,Male,25-34,2,Paid Search,iOS,True
6502,05-Oct-25,Germany,Frankfurt,Male,25-34,2,Influencer,iOS,True
6589,29-Jun-25,Germany,Munich,Male,25-34,2,Email,iOS,True
6624,07-Jun-25,Germany,Frankfurt,Male,25-34,2,Organic Search,iOS,True
6716,14-Oct-25,Canada,Montreal,Male,25-34,2,Email,iOS,True
6756,08-Mar-25,Canada,Toronto,Male,25-34,2,Influencer,iOS,True
6802,10-Jan-26,Canada,Toronto,Male,25-34,2,Paid Search,iOS,True
6966,07-Feb-25,UAE,Dubai,Male,25-34,2,Referral,iOS,True
7052,20-Mar-25,Canada,Calgary,Male,25-34,2,Email,iOS,True
7069,09-Mar-25,Canada,Montreal,Male,25-34,2,Social,iOS,True
7175,27-Jan-25,Canada,Calgary,Male,25-34,2,Influencer,iOS,True
7190,02-Dec-25,Canada,Toronto,Male,25-34,2,Influencer,iOS,True
7202,07-Apr-25,UK,Glasgow,Male,25-34,2,Referral,iOS,True
7316,04-Sep-25,Australia,Perth,Male,25-34,2,Influencer,iOS,True
7426,05-Oct-25,Canada,Vancouver,Male,25-34,2,Social,iOS,True
7504,03-Nov-25,Canada,Calgary,Male,25-34,2,Social,iOS,True
7556,26-Feb-25,Canada,Toronto,Male,25-34,2,Organic Search,iOS,True
7571,01-Feb-25,UAE,Abu Dhabi,Male,25-34,2,Referral,iOS,True
7644,07-Sep-25,Germany,Hamburg,Male,25-34,2,Email,iOS,True
7671,23-May-25,Germany,Frankfurt,Male,25-34,2,App Store,iOS,True
7745,15-Jun-25,UK,Glasgow,Male,25-34,2,Organic Search,iOS,True
7804,17-Jan-26,UAE,Abu Dhabi,Male,25-34,2,Paid Search,iOS,True
7830,15-Jul-25,UK,Glasgow,Male,25-34,2,Direct,iOS,True
7872,04-Jan-26,Australia,Perth,Male,25-34,2,App Store,iOS,True
7932,19-Nov-25,Canada,Calgary,Male,25-34,2,Social,iOS,True
183,10-Oct-25,Australia,Melbourne,Male,25-34,2,Social,Android,False
714,24-May-25,UAE,Dubai,Male,25-34,2,App Store,Android,False
885,02-Apr-25,Canada,Toronto,Male,25-34,2,Social,Android,False
1308,15-Dec-25,Canada,Toronto,Male,25-34,2,App Store,Android,False
1690,11-Oct-25,Canada,Montreal,Male,25-34,2,Referral,Android,False
2273,06-Jun-25,Australia,Brisbane,Male,25-34,2,Influencer,Android,False
2410,08-Dec-25,Germany,Hamburg,Male,25-34,2,Paid Search,Android,False
2616,10-Jul-25,UAE,Dubai,Male,25-34,2,App Store,Android,False
2779,05-Apr-25,Germany,Hamburg,Male,25-34,2,Social,Android,False
3890,17-Jul-25,Australia,Brisbane,Male,25-34,2,Influencer,Android,False
4088,08-Jun-25,Australia,Perth,Male,25-34,2,Social,Android,False
4961,08-Aug-25,Australia,Brisbane,Male,25-34,2,Influencer,Android,False
5218,05-Mar-25,UAE,Dubai,Male,25-34,2,Email,Android,False
5265,18-Jan-26,UAE,Dubai,Male,25-34,2,App Store,Android,False
5333,27-Sep-25,UK,Manchester,Male,25-34,2,App Store,Android,False
5548,23-Apr-25,Australia,Melbourne,Male,25-34,2,App Store,Android,False
5587,23-Apr-25,Germany,Hamburg,Male,25-34,2,Paid Search,Android,False
5707,04-Mar-25,Germany,Frankfurt,Male,25-34,2,Influencer,Android,False
6366,17-Jan-25,Australia,Melbourne,Male,25-34,2,Social,Android,False
6559,15-Nov-25,UK,Manchester,Male,25-34,2,Referral,Android,False
7294,11-Feb-25,Germany,Berlin,Male,25-34,2,Paid Search,Android,False
7998,15-Oct-25,Germany,Munich,Male,25-34,2,Referral,Android,False
12,29-Mar-25,Canada,Montreal,Male,25-34,2,Social,Android,True
94,15-Jan-26,UAE,Dubai,Male,25-34,2,Social,Android,True
95,10-Feb-25,Germany,Hamburg,Male,25-34,2,Influencer,Android,True
106,04-Mar-25,UAE,Abu Dhabi,Male,25-34,2,Organic Search,Android,True
112,18-Sep-25,Australia,Sydney,Male,25-34,2,Social,Android,True
120,02-Feb-25,UK,London,Male,25-34,2,Organic Search,Android,True
165,07-Mar-25,Germany,Munich,Male,25-34,2,Referral,Android,True
185,26-Apr-25,Australia,Brisbane,Male,25-34,2,Paid Search,Android,True
195,22-Aug-25,Australia,Sydney,Male,25-34,2,Paid Search,Android,True
211,23-Apr-25,Australia,Perth,Male,25-34,2,Direct,Android,True
234,12-Sep-25,Germany,Frankfurt,Male,25-34,2,Paid Search,Android,True
294,14-Apr-25,Australia,Melbourne,Male,25-34,2,Social,Android,True
336,02-Jan-26,Canada,Toronto,Male,25-34,2,Organic Search,Android,True
398,05-Feb-25,Canada,Calgary,Male,25-34,2,Direct,Android,True
399,22-Jun-25,Australia,Sydney,Male,25-34,2,Direct,Android,True
415,04-Mar-25,Germany,Frankfurt,Male,25-34,2,Email,Android,True
440,16-Feb-25,Germany,Hamburg,Male,25-34,2,Referral,Android,True
483,17-Mar-25,UAE,Dubai,Male,25-34,2,Influencer,Android,True
527,12-Jun-25,UK,Leeds,Male,25-34,2,Social,Android,True
583,13-Oct-25,Canada,Calgary,Male,25-34,2,Paid Search,Android,True
691,13-Nov-25,UK,London,Male,25-34,2,Influencer,Android,True
719,24-Dec-25,UAE,Dubai,Male,25-34,2,Social,Android,True
785,22-Feb-25,Australia,Melbourne,Male,25-34,2,Social,Android,True
889,22-Nov-25,Germany,Hamburg,Male,25-34,2,Direct,Android,True
897,19-Mar-25,Canada,Vancouver,Male,25-34,2,App Store,Android,True
910,15-Nov-25,UAE,Abu Dhabi,Male,25-34,2,Email,Android,True
922,26-Jul-25,Germany,Frankfurt,Male,25-34,2,Social,Android,True
926,02-Aug-25,Australia,Melbourne,Male,25-34,2,Referral,Android,True
946,06-Jan-26,Canada,Toronto,Male,25-34,2,Paid Search,Android,True
1020,03-Mar-25,UAE,Dubai,Male,25-34,2,Social,Android,True
1055,13-Jan-25,UAE,Dubai,Male,25-34,2,Organic Search,Android,True
1134,07-Feb-25,UAE,Dubai,Male,25-34,2,App Store,Android,True
1169,26-Oct-25,UAE,Dubai,Male,25-34,2,Referral,Android,True
1238,08-May-25,Germany,Berlin,Male,25-34,2,Social,Android,True
1255,05-Jan-26,Australia,Melbourne,Male,25-34,2,Referral,Android,True
1279,01-Nov-25,Germany,Munich,Male,25-34,2,Organic Search,Android,True
1304,28-Mar-25,Canada,Montreal,Male,25-34,2,Paid Search,Android,True
1312,04-Sep-25,Australia,Melbourne,Male,25-34,2,App Store,Android,True
1316,23-Feb-25,UK,Glasgow,Male,25-34,2,Direct,Android,True
1384,25-Dec-25,Germany,Munich,Male,25-34,2,Direct,Android,True
1524,01-Dec-25,UAE,Abu Dhabi,Male,25-34,2,Email,Android,True
1584,25-Dec-25,UK,Glasgow,Male,25-34,2,Social,Android,True
1678,25-Jan-25,Germany,Frankfurt,Male,25-34,2,Influencer,Android,True
1991,11-May-25,Germany,Hamburg,Male,25-34,2,Social,Android,True
2020,01-Dec-25,Germany,Frankfurt,Male,25-34,2,Referral,Android,True
2162,06-Aug-25,Germany,Hamburg,Male,25-34,2,Social,Android,True
2284,12-May-25,Australia,Perth,Male,25-34,2,Social,Android,True
2289,17-Dec-25,Canada,Toronto,Male,25-34,2,App Store,Android,True
2296,29-Aug-25,Germany,Hamburg,Male,25-34,2,Social,Android,True
2304,11-Jan-26,Australia,Brisbane,Male,25-34,2,Organic Search,Android,True
2329,20-Oct-25,UAE,Dubai,Male,25-34,2,Email,Android,True
2422,21-Sep-25,Australia,Perth,Male,25-34,2,Email,Android,True
2513,16-Oct-25,Germany,Frankfurt,Male,25-34,2,Influencer,Android,True
2523,25-Jan-25,Germany,Frankfurt,Male,25-34,2,Paid Search,Android,True
2535,21-May-25,UAE,Dubai,Male,25-34,2,Organic Search,Android,True
2558,24-Mar-25,Germany,Hamburg,Male,25-34,2,Referral,Android,True
2588,07-Jan-25,Germany,Hamburg,Male,25-34,2,Referral,Android,True
2614,13-Jun-25,UAE,Abu Dhabi,Male,25-34,2,Paid Search,Android,True
2643,17-Feb-25,UAE,Dubai,Male,25-34,2,Email,Android,True
2697,16-May-25,UK,Manchester,Male,25-34,2,Referral,Android,True
2702,19-Oct-25,Germany,Munich,Male,25-34,2,Organic Search,Android,True
2762,24-Aug-25,Australia,Sydney,Male,25-34,2,Referral,Android,True
2875,23-Mar-25,UK,Manchester,Male,25-34,2,Social,Android,True
2910,17-Sep-25,Germany,Frankfurt,Male,25-34,2,Direct,Android,True
2945,18-Sep-25,Australia,Sydney,Male,25-34,2,Paid Search,Android,True
2956,10-Apr-25,Germany,Hamburg,Male,25-34,2,Paid Search,Android,True
2974,12-Jun-25,Germany,Frankfurt,Male,25-34,2,Email,Android,True
3001,05-Sep-25,Australia,Sydney,Male,25-34,2,Email,Android,True
3074,18-Jan-26,UK,Glasgow,Male,25-34,2,Email,Android,True
3118,16-Feb-25,Germany,Hamburg,Male,25-34,2,Email,Android,True
3152,04-Mar-25,UK,Glasgow,Male,25-34,2,Email,Android,True
3185,01-Aug-25,UK,London,Male,25-34,2,Email,Android,True
3190,13-Oct-25,Canada,Toronto,Male,25-34,2,Direct,Android,True
3222,20-Jul-25,Australia,Perth,Male,25-34,2,Referral,Android,True
3230,08-Mar-25,Germany,Frankfurt,Male,25-34,2,Email,Android,True
3266,25-Mar-25,UK,Leeds,Male,25-34,2,App Store,Android,True
3433,27-May-25,Germany,Hamburg,Male,25-34,2,Paid Search,Android,True
3473,13-Jan-26,Australia,Perth,Male,25-34,2,Direct,Android,True
3486,28-Apr-25,UK,Glasgow,Male,25-34,2,Social,Android,True
3514,21-Oct-25,Australia,Brisbane,Male,25-34,2,Direct,Android,True
3515,11-Oct-25,Australia,Sydney,Male,25-34,2,Social,Android,True
3525,30-Dec-25,UK,Birmingham,Male,25-34,2,Influencer,Android,True
3635,30-Sep-25,UK,Manchester,Male,25-34,2,Influencer,Android,True
3647,08-Jan-25,Canada,Montreal,Male,25-34,2,Direct,Android,True
3689,22-Jul-25,Germany,Munich,Male,25-34,2,Referral,Android,True
3717,13-Jan-25,Canada,Toronto,Male,25-34,2,App Store,Android,True
3811,19-Aug-25,Canada,Montreal,Male,25-34,2,Social,Android,True
3835,05-Jan-26,Australia,Melbourne,Male,25-34,2,App Store,Android,True
3919,31-Oct-25,UK,Manchester,Male,25-34,2,Influencer,Android,True
3930,15-Jan-26,Germany,Berlin,Male,25-34,2,Social,Android,True
3958,06-Mar-25,Australia,Melbourne,Male,25-34,2,Direct,Android,True
3959,22-Dec-25,UAE,Abu Dhabi,Male,25-34,2,Referral,Android,True
3971,13-Feb-25,UAE,Abu Dhabi,Male,25-34,2,Paid Search,Android,True
3974,15-Mar-25,UAE,Dubai,Male,25-34,2,Organic Search,Android,True
3975,15-Feb-25,Germany,Hamburg,Male,25-34,2,Email,Android,True
3977,14-Jun-25,Germany,Frankfurt,Male,25-34,2,Influencer,Android,True
3983,18-May-25,UAE,Dubai,Male,25-34,2,Email,Android,True
3997,12-Dec-25,UK,Leeds,Male,25-34,2,App Store,Android,True
4004,24-Jun-25,Australia,Melbourne,Male,25-34,2,Direct,Android,True
4110,27-Mar-25,Canada,Montreal,Male,25-34,2,App Store,Android,True
4130,17-Dec-25,UK,Leeds,Male,25-34,2,Referral,Android,True
4164,02-Dec-25,Canada,Toronto,Male,25-34,2,Direct,Android,True
4167,21-May-25,UK,Glasgow,Male,25-34,2,Organic Search,Android,True
4204,22-Jun-25,Australia,Sydney,Male,25-34,2,Direct,Android,True
4229,01-Oct-25,UAE,Abu Dhabi,Male,25-34,2,Organic Search,Android,True
4254,09-Aug-25,UK,Leeds,Male,25-34,2,Influencer,Android,True
4261,09-Apr-25,Canada,Montreal,Male,25-34,2,Social,Android,True
4286,15-Feb-25,Canada,Montreal,Male,25-34,2,Paid Search,Android,True
4293,10-Oct-25,Australia,Sydney,Male,25-34,2,Paid Search,Android,True
4434,04-Aug-25,Australia,Melbourne,Male,25-34,2,Paid Search,Android,True
4441,10-Oct-25,UAE,Dubai,Male,25-34,2,Direct,Android,True
4444,28-Aug-25,UK,Leeds,Male,25-34,2,Referral,Android,True
4466,24-Mar-25,Australia,Perth,Male,25-34,2,Paid Search,Android,True
4513,26-Feb-25,Canada,Montreal,Male,25-34,2,Referral,Android,True
4518,17-Jan-25,Australia,Sydney,Male,25-34,2,Influencer,Android,True
4520,06-Jan-25,Germany,Frankfurt,Male,25-34,2,Influencer,Android,True
4613,03-Apr-25,UK,London,Male,25-34,2,Influencer,Android,True
4631,04-Mar-25,UK,Manchester,Male,25-34,2,Influencer,Android,True
4708,20-Nov-25,UK,Glasgow,Male,25-34,2,Influencer,Android,True
4757,07-Apr-25,Australia,Brisbane,Male,25-34,2,Email,Android,True
4766,30-May-25,UK,Manchester,Male,25-34,2,App Store,Android,True
4776,14-Jun-25,Germany,Frankfurt,Male,25-34,2,Organic Search,Android,True
4812,28-Apr-25,Canada,Calgary,Male,25-34,2,Paid Search,Android,True
4815,13-Mar-25,Germany,Frankfurt,Male,25-34,2,App Store,Android,True
4846,01-Nov-25,UK,Glasgow,Male,25-34,2,Social,Android,True
4868,08-Nov-25,UK,London,Male,25-34,2,App Store,Android,True
4884,26-Feb-25,UK,London,Male,25-34,2,Organic Search,Android,True
5050,21-Sep-25,UK,Manchester,Male,25-34,2,Influencer,Android,True
5068,23-May-25,Australia,Perth,Male,25-34,2,App Store,Android,True
5158,20-Jan-25,Australia,Brisbane,Male,25-34,2,App Store,Android,True
5159,10-Aug-25,UAE,Dubai,Male,25-34,2,Direct,Android,True
5185,24-May-25,Germany,Munich,Male,25-34,2,Influencer,Android,True
5197,28-Jun-25,UK,Manchester,Male,25-34,2,Email,Android,True
5258,27-Mar-25,UK,Leeds,Male,25-34,2,Paid Search,Android,True
5303,03-Dec-25,UAE,Abu Dhabi,Male,25-34,2,Organic Search,Android,True
5364,06-Jul-25,UAE,Dubai,Male,25-34,2,Influencer,Android,True
5418,26-Sep-25,UAE,Abu Dhabi,Male,25-34,2,Direct,Android,True
5456,11-Feb-25,Germany,Munich,Male,25-34,2,Organic Search,Android,True
5546,14-Jul-25,UK,Glasgow,Male,25-34,2,Direct,Android,True
5573,26-Apr-25,Australia,Brisbane,Male,25-34,2,Email,Android,True
5619,16-Jul-25,Canada,Montreal,Male,25-34,2,Organic Search,Android,True
5673,19-Sep-25,Australia,Brisbane,Male,25-34,2,Organic Search,Android,True
5697,28-Feb-25,UK,Leeds,Male,25-34,2,Social,Android,True
5743,03-Sep-25,Germany,Frankfurt,Male,25-34,2,Influencer,Android,True
5761,05-Jan-26,Canada,Toronto,Male,25-34,2,Direct,Android,True
5771,16-Dec-25,UAE,Abu Dhabi,Male,25-34,2,Organic Search,Android,True
5777,15-Oct-25,Germany,Berlin,Male,25-34,2,Referral,Android,True
5808,17-Mar-25,Australia,Brisbane,Male,25-34,2,Paid Search,Android,True
5811,13-Aug-25,UK,Glasgow,Male,25-34,2,Email,Android,True
5821,24-Jun-25,Canada,Montreal,Male,25-34,2,Direct,Android,True
5845,23-Sep-25,Canada,Calgary,Male,25-34,2,Organic Search,Android,True
5861,29-Aug-25,Canada,Calgary,Male,25-34,2,Direct,Android,True
5865,12-Dec-25,Germany,Frankfurt,Male,25-34,2,Email,Android,True
5892,04-Mar-25,Australia,Melbourne,Male,25-34,2,App Store,Android,True
5894,11-Jan-26,Canada,Calgary,Male,25-34,2,Influencer,Android,True
5930,12-Aug-25,UK,Birmingham,Male,25-34,2,Direct,Android,True
5943,22-Jan-25,UAE,Abu Dhabi,Male,25-34,2,App Store,Android,True
5982,15-Oct-25,UAE,Dubai,Male,25-34,2,Social,Android,True
6079,08-Jun-25,Canada,Calgary,Male,25-34,2,Referral,Android,True
6095,26-May-25,Australia,Melbourne,Male,25-34,2,Referral,Android,True
6110,06-Apr-25,UK,Manchester,Male,25-34,2,Paid Search,Android,True
6111,13-Jun-25,UK,Leeds,Male,25-34,2,Email,Android,True
6269,15-Feb-25,Germany,Hamburg,Male,25-34,2,Organic Search,Android,True
6338,04-Jan-25,Germany,Hamburg,Male,25-34,2,App Store,Android,True
6340,06-Aug-25,Australia,Melbourne,Male,25-34,2,Referral,Android,True
6384,10-Sep-25,Germany,Hamburg,Male,25-34,2,Organic Search,Android,True
6390,25-Aug-25,UK,Leeds,Male,25-34,2,Influencer,Android,True
6393,19-Jul-25,Canada,Calgary,Male,25-34,2,Email,Android,True
6412,29-Jan-25,Canada,Montreal,Male,25-34,2,Social,Android,True
6413,10-Jun-25,Germany,Munich,Male,25-34,2,Direct,Android,True
6434,14-Jan-26,Australia,Brisbane,Male,25-34,2,App Store,Android,True
6469,05-Dec-25,UK,Birmingham,Male,25-34,2,Referral,Android,True
6501,14-Aug-25,Canada,Calgary,Male,25-34,2,Email,Android,True
6512,11-Dec-25,Australia,Melbourne,Male,25-34,2,App Store,Android,True
6553,02-Jan-26,Germany,Berlin,Male,25-34,2,Social,Android,True
6610,24-Aug-25,UK,Birmingham,Male,25-34,2,Social,Android,True
6631,13-Dec-25,UAE,Abu Dhabi,Male,25-34,2,Email,Android,True
6722,01-Sep-25,Canada,Vancouver,Male,25-34,2,Referral,Android,True
6750,19-Apr-25,UK,Manchester,Male,25-34,2,Referral,Android,True
6758,01-Jan-26,Canada,Calgary,Male,25-34,2,Email,Android,True
6782,07-Dec-25,UK,Leeds,Male,25-34,2,Social,Android,True
6803,11-Mar-25,Australia,Brisbane,Male,25-34,2,Influencer,Android,True
6827,24-Dec-25,Canada,Vancouver,Male,25-34,2,Direct,Android,True
6905,25-Oct-25,UK,London,Male,25-34,2,App Store,Android,True
6929,26-Apr-25,UK,London,Male,25-34,2,Influencer,Android,True
6937,27-Jan-25,Australia,Melbourne,Male,25-34,2,Email,Android,True
7003,18-Nov-25,UAE,Dubai,Male,25-34,2,Organic Search,Android,True
7098,22-Jan-25,Australia,Brisbane,Male,25-34,2,Email,Android,True
7117,24-Apr-25,UAE,Dubai,Male,25-34,2,Email,Android,True
7164,09-May-25,Canada,Calgary,Male,25-34,2,Referral,Android,True
7193,29-Apr-25,UAE,Dubai,Male,25-34,2,Organic Search,Android,True
7243,11-Oct-25,Canada,Montreal,Male,25-34,2,Influencer,Android,True
7269,25-May-25,Canada,Montreal,Male,25-34,2,Email,Android,True
7270,04-Aug-25,UAE,Abu Dhabi,Male,25-34,2,Direct,Android,True
7393,24-Aug-25,UK,Leeds,Male,25-34,2,App Store,Android,True
7603,21-Jun-25,Australia,Melbourne,Male,25-34,2,Email,Android,True
7624,06-Nov-25,Australia,Melbourne,Male,25-34,2,Referral,Android,True
7681,16-Aug-25,UK,Birmingham,Male,25-34,2,Social,Android,True
7705,27-Oct-25,Canada,Montreal,Male,25-34,2,Direct,Android,True
7756,08-Oct-25,Australia,Sydney,Male,25-34,2,Paid Search,Android,True
7760,09-Jan-25,Canada,Calgary,Male,25-34,2,Influencer,Android,True
7873,19-Aug-25,Canada,Calgary,Male,25-34,2,Email,Android,True
7890,27-May-25,Canada,Toronto,Male,25-34,2,Social,Android,True
7912,26-Aug-25,UK,Leeds,Male,25-34,2,Direct,Android,True
7952,10-Jul-25,Canada,Vancouver,Male,25-34,2,Influencer,Android,True
7963,10-Apr-25,Australia,Sydney,Male,25-34,2,Direct,Android,True
54,22-Sep-25,Singapore,Singapore,Male,25-34,2,Social,Android,True
139,26-Jul-25,Singapore,Singapore,Male,25-34,2,Email,Android,True
216,10-May-25,Singapore,Singapore,Male,25-34,2,Direct,Android,True
286,11-May-25,Singapore,Singapore,Male,25-34,2,Paid Search,Android,True
326,31-Dec-25,Singapore,Singapore,Male,25-34,2,Direct,Android,True
334,07-Apr-25,Singapore,Singapore,Male,25-34,2,Paid Search,Android,False
382,07-May-25,Singapore,Singapore,Male,25-34,2,Paid Search,Android,True
426,28-Sep-25,Singapore,Singapore,Male,25-34,2,Referral,Android,True
561,06-Sep-25,Singapore,Singapore,Male,25-34,2,Referral,Android,True
1029,28-Apr-25,Singapore,Singapore,Male,25-34,2,Influencer,Android,True
1045,19-May-25,Singapore,Singapore,Male,25-34,2,App Store,Android,False
1159,16-Feb-25,Singapore,Singapore,Male,25-34,2,Direct,Android,True
1406,14-Jun-25,Singapore,Singapore,Male,25-34,2,Influencer,Android,True
1445,06-Jul-25,Singapore,Singapore,Male,25-34,2,Email,Android,False
1461,28-May-25,Singapore,Singapore,Male,25-34,2,Email,Android,True
1462,15-Aug-25,Singapore,Singapore,Male,25-34,2,Organic Search,Android,True
1467,03-Jun-25,Singapore,Singapore,Male,25-34,2,Social,Android,True
1826,30-Oct-25,Singapore,Singapore,Male,25-34,2,App Store,Android,True
1977,29-Apr-25,Singapore,Singapore,Male,25-34,2,App Store,Android,False
2063,07-Mar-25,Singapore,Singapore,Male,25-34,2,Organic Search,Android,True
2171,24-Nov-25,Singapore,Singapore,Male,25-34,2,Organic Search,Android,True
2356,19-Mar-25,Singapore,Singapore,Male,25-34,2,Referral,Android,False
2500,14-Mar-25,Singapore,Singapore,Male,25-34,2,Email,Android,True
2527,20-Mar-25,Singapore,Singapore,Male,25-34,2,Paid Search,Android,True
2781,13-Feb-25,Singapore,Singapore,Male,25-34,2,Email,Android,False
2851,25-Dec-25,Singapore,Singapore,Male,25-34,2,Paid Search,Android,True
2909,17-Jul-25,Singapore,Singapore,Male,25-34,2,Referral,Android,True
3082,01-Aug-25,Singapore,Singapore,Male,25-34,2,Email,Android,True
3136,11-Apr-25,Singapore,Singapore,Male,25-34,2,App Store,Android,True
3239,27-Apr-25,Singapore,Singapore,Male,25-34,2,Direct,Android,True
3243,21-Dec-25,Singapore,Singapore,Male,25-34,2,App Store,Android,True
3328,12-Sep-25,Singapore,Singapore,Male,25-34,2,Paid Search,Android,True
3449,13-Apr-25,Singapore,Singapore,Male,25-34,2,Referral,Android,True
3502,25-Sep-25,Singapore,Singapore,Male,25-34,2,Organic Search,Android,True
3745,21-Sep-25,Singapore,Singapore,Male,25-34,2,App Store,Android,True
3748,23-Nov-25,Singapore,Singapore,Male,25-34,2,Paid Search,Android,True
3751,08-Mar-25,Singapore,Singapore,Male,25-34,2,Social,Android,True
3770,14-Apr-25,Singapore,Singapore,Male,25-34,2,Paid Search,Android,False
3784,02-Mar-25,Singapore,Singapore,Male,25-34,2,Paid Search,Android,False
3825,03-Dec-25,Singapore,Singapore,Male,25-34,2,Influencer,Android,True
3838,01-Jan-26,Singapore,Singapore,Male,25-34,2,Referral,Android,False
3923,21-Dec-25,Singapore,Singapore,Male,25-34,2,Paid Search,Android,True
4018,02-Jun-25,Singapore,Singapore,Male,25-34,2,Organic Search,Android,True
4156,12-Oct-25,Singapore,Singapore,Male,25-34,2,Paid Search,Android,True
4284,22-Apr-25,Singapore,Singapore,Male,25-34,2,Referral,Android,False
4391,01-Jan-25,Singapore,Singapore,Male,25-34,2,Direct,Android,True
4396,22-Mar-25,Singapore,Singapore,Male,25-34,2,App Store,Android,True
4496,16-Oct-25,Singapore,Singapore,Male,25-34,2,App Store,Android,True
4938,13-Nov-25,Singapore,Singapore,Male,25-34,2,Organic Search,Android,True
5002,14-Jul-25,Singapore,Singapore,Male,25-34,2,Direct,Android,True
5042,01-Jan-26,Singapore,Singapore,Male,25-34,2,Organic Search,Android,True
5115,25-Sep-25,Singapore,Singapore,Male,25-34,2,Organic Search,Android,True
5351,14-Aug-25,Singapore,Singapore,Male,25-34,2,Paid Search,Android,True
5624,26-Dec-25,Singapore,Singapore,Male,25-34,2,Organic Search,Android,True
5666,17-Jan-25,Singapore,Singapore,Male,25-34,2,Email,Android,True
5682,26-Sep-25,Singapore,Singapore,Male,25-34,2,Influencer,Android,True
5744,16-May-25,Singapore,Singapore,Male,25-34,2,Influencer,Android,True
5769,22-Jun-25,Singapore,Singapore,Male,25-34,2,App Store,Android,True
5947,19-Aug-25,Singapore,Singapore,Male,25-34,2,Referral,Android,True
5973,09-Mar-25,Singapore,Singapore,Male,25-34,2,Organic Search,Android,True
6134,13-Feb-25,Singapore,Singapore,Male,25-34,2,Paid Search,Android,True
6158,15-Oct-25,Singapore,Singapore,Male,25-34,2,Direct,Android,True
6164,12-Oct-25,Singapore,Singapore,Male,25-34,2,Influencer,Android,True
6335,01-Jan-25,Singapore,Singapore,Male,25-34,2,Email,Android,True
6472,29-Jan-25,Singapore,Singapore,Male,25-34,2,Social,Android,True
6834,20-Aug-25,Singapore,Singapore,Male,25-34,2,Influencer,Android,False
6900,21-Jun-25,Singapore,Singapore,Male,25-34,2,Organic Search,Android,True
6959,30-Nov-25,Singapore,Singapore,Male,25-34,2,Direct,Android,True
7048,17-Aug-25,Singapore,Singapore,Male,25-34,2,Direct,Android,True
7060,19-Nov-25,Singapore,Singapore,Male,25-34,2,App Store,Android,True
7135,15-Mar-25,Singapore,Singapore,Male,25-34,2,Social,Android,True
7642,14-Jan-26,Singapore,Singapore,Male,25-34,2,Paid Search,Android,True
7676,09-Feb-25,Singapore,Singapore,Male,25-34,2,Organic Search,Android,True
7866,10-Jan-25,Singapore,Singapore,Male,25-34,2,Email,Android,True
7946,20-Jul-25,Singapore,Singapore,Male,25-34,2,Email,Android,True
30,11-Dec-25,Singapore,Singapore,Male,25-34,2,Email,iOS,True
125,09-Apr-25,Singapore,Singapore,Male,25-34,2,Influencer,iOS,True
189,17-Jul-25,Singapore,Singapore,Male,25-34,2,Organic Search,iOS,False
192,14-Jun-25,Singapore,Singapore,Male,25-34,2,Social,iOS,True
310,09-Mar-25,Singapore,Singapore,Male,25-34,2,Referral,Web,True
389,08-Feb-25,Singapore,Singapore,Male,25-34,2,Social,iOS,False
458,17-Aug-25,Singapore,Singapore,Male,25-34,2,Paid Search,Web,True
515,14-Sep-25,Singapore,Singapore,Male,25-34,2,Email,iOS,True
526,27-Jun-25,Singapore,Singapore,Male,25-34,2,Email,Web,True
751,08-Nov-25,Singapore,Singapore,Male,25-34,2,Organic Search,iOS,True
811,02-Nov-25,Singapore,Singapore,Male,25-34,2,Direct,iOS,True
830,21-Oct-25,Singapore,Singapore,Male,25-34,2,Paid Search,iOS,False
867,02-Dec-25,Singapore,Singapore,Male,25-34,2,Influencer,Web,True
943,01-Oct-25,Singapore,Singapore,Male,25-34,2,Influencer,iOS,True
1054,21-Jun-25,Singapore,Singapore,Male,25-34,2,Email,Web,True
1160,20-Nov-25,Singapore,Singapore,Male,25-34,2,App Store,iOS,True
1394,03-Aug-25,Singapore,Singapore,Male,25-34,2,Social,iOS,True
1396,16-Mar-25,Singapore,Singapore,Male,25-34,2,Email,iOS,True
1489,13-Feb-25,Singapore,Singapore,Male,25-34,2,App Store,iOS,True
1539,08-Jun-25,Singapore,Singapore,Male,25-34,2,Paid Search,iOS,True
1576,02-Sep-25,Singapore,Singapore,Male,25-34,2,Direct,iOS,True
1625,08-Jan-26,Singapore,Singapore,Male,25-34,2,App Store,iOS,True
1672,14-Jul-25,Singapore,Singapore,Male,25-34,2,Paid Search,iOS,False
1846,01-Mar-25,Singapore,Singapore,Male,25-34,2,Paid Search,Web,True
1853,23-Jun-25,Singapore,Singapore,Male,25-34,2,Email,Web,True
1916,21-Aug-25,Singapore,Singapore,Male,25-34,2,Email,Web,True
2133,04-Jul-25,Singapore,Singapore,Male,25-34,2,Organic Search,iOS,False
2345,18-Apr-25,Singapore,Singapore,Male,25-34,2,Influencer,Web,True
2386,13-Jun-25,Singapore,Singapore,Male,25-34,2,App Store,iOS,True
2493,04-Aug-25,Singapore,Singapore,Male,25-34,2,Paid Search,Web,True
2576,15-Jan-26,Singapore,Singapore,Male,25-34,2,App Store,iOS,True
2582,27-Jun-25,Singapore,Singapore,Male,25-34,2,Referral,iOS,True
2631,09-Aug-25,Singapore,Singapore,Male,25-34,2,Paid Search,iOS,True
2668,28-Mar-25,Singapore,Singapore,Male,25-34,2,Influencer,iOS,False
2879,01-Nov-25,Singapore,Singapore,Male,25-34,2,Referral,iOS,True
2885,17-Mar-25,Singapore,Singapore,Male,25-34,2,Direct,iOS,True
3014,10-Mar-25,Singapore,Singapore,Male,25-34,2,Referral,iOS,False
3089,17-Jun-25,Singapore,Singapore,Male,25-34,2,App Store,Web,True
3092,26-Jan-25,Singapore,Singapore,Male,25-34,2,Influencer,iOS,True
3165,10-Oct-25,Singapore,Singapore,Male,25-34,2,Influencer,iOS,True
3191,04-Oct-25,Singapore,Singapore,Male,25-34,2,Influencer,iOS,True
3287,10-Jan-26,Singapore,Singapore,Male,25-34,2,Paid Search,iOS,True
3342,09-Dec-25,Singapore,Singapore,Male,25-34,2,Direct,Web,True
3382,06-Aug-25,Singapore,Singapore,Male,25-34,2,Email,iOS,True
3753,19-Oct-25,Singapore,Singapore,Male,25-34,2,Paid Search,iOS,True
4100,10-Jun-25,Singapore,Singapore,Male,25-34,2,Organic Search,iOS,True
4195,24-Feb-25,Singapore,Singapore,Male,25-34,2,Organic Search,iOS,True
4353,06-Nov-25,Singapore,Singapore,Male,25-34,2,Social,iOS,True
4532,11-Dec-25,Singapore,Singapore,Male,25-34,2,Direct,iOS,True
4600,15-Jun-25,Singapore,Singapore,Male,25-34,2,App Store,Web,True
4697,05-Jul-25,Singapore,Singapore,Male,25-34,2,Direct,iOS,True
4728,10-Mar-25,Singapore,Singapore,Male,25-34,2,App Store,iOS,False
4934,18-Feb-25,Singapore,Singapore,Male,25-34,2,Social,iOS,True
4936,08-Jun-25,Singapore,Singapore,Male,25-34,2,Social,iOS,True
4972,24-Sep-25,Singapore,Singapore,Male,25-34,2,Paid Search,Web,False
5160,15-Jun-25,Singapore,Singapore,Male,25-34,2,Paid Search,Web,True
5172,26-Jan-25,Singapore,Singapore,Male,25-34,2,Social,Web,True
5196,14-Mar-25,Singapore,Singapore,Male,25-34,2,Referral,iOS,True
5203,29-Apr-25,Singapore,Singapore,Male,25-34,2,Direct,Web,True
5408,03-Sep-25,Singapore,Singapore,Male,25-34,2,Direct,Web,True
5431,22-Feb-25,Singapore,Singapore,Male,25-34,2,Referral,Web,True
5502,27-Feb-25,Singapore,Singapore,Male,25-34,2,Email,iOS,False
5645,21-Feb-25,Singapore,Singapore,Male,25-34,2,Organic Search,iOS,True
5647,17-Mar-25,Singapore,Singapore,Male,25-34,2,Referral,iOS,True
5699,26-May-25,Singapore,Singapore,Male,25-34,2,Influencer,iOS,True
5765,01-Mar-25,Singapore,Singapore,Male,25-34,2,Email,iOS,True
6002,23-Nov-25,Singapore,Singapore,Male,25-34,2,Social,iOS,True
6258,20-Sep-25,Singapore,Singapore,Male,25-34,2,Email,Web,True
6284,07-Jan-25,Singapore,Singapore,Male,25-34,2,Organic Search,Web,True
6321,28-Mar-25,Singapore,Singapore,Male,25-34,2,Social,Web,True
6325,03-Dec-25,Singapore,Singapore,Male,25-34,2,Paid Search,Web,True
6386,18-Jan-26,Singapore,Singapore,Male,25-34,2,Influencer,Web,True
6438,08-Apr-25,Singapore,Singapore,Male,25-34,2,Direct,iOS,True
6801,16-Apr-25,Singapore,Singapore,Male,25-34,2,App Store,iOS,False
6840,24-Mar-25,Singapore,Singapore,Male,25-34,2,Social,iOS,True
6841,11-Feb-25,Singapore,Singapore,Male,25-34,2,Direct,iOS,True
6859,26-Jan-25,Singapore,Singapore,Male,25-34,2,Influencer,Web,True
6867,19-Mar-25,Singapore,Singapore,Male,25-34,2,App Store,iOS,True
6932,19-Feb-25,Singapore,Singapore,Male,25-34,2,Social,Web,False
7016,18-Jan-25,Singapore,Singapore,Male,25-34,2,Referral,iOS,False
7191,28-Mar-25,Singapore,Singapore,Male,25-34,2,Influencer,iOS,True
7218,12-Aug-25,Singapore,Singapore,Male,25-34,2,Direct,iOS,False
7255,03-Aug-25,Singapore,Singapore,Male,25-34,2,Referral,iOS,True
7277,17-May-25,Singapore,Singapore,Male,25-34,2,App Store,iOS,True
7502,19-Sep-25,Singapore,Singapore,Male,25-34,2,Email,Web,True
7540,27-Mar-25,Singapore,Singapore,Male,25-34,2,Email,iOS,True
7614,23-Oct-25,Singapore,Singapore,Male,25-34,2,Social,iOS,True
7618,29-Jul-25,Singapore,Singapore,Male,25-34,2,Paid Search,Web,True
7630,05-Nov-25,Singapore,Singapore,Male,25-34,2,Referral,iOS,True
7696,24-May-25,Singapore,Singapore,Male,25-34,2,Organic Search,Web,True
7746,18-Sep-25,Singapore,Singapore,Male,25-34,2,Social,Web,True
7913,07-Jan-26,Singapore,Singapore,Male,25-34,2,Direct,Web,True
113,19-Aug-25,Singapore,Singapore,Female,25-34,2,Direct,iOS,True
332,04-Oct-25,Singapore,Singapore,Female,25-34,2,App Store,iOS,True
337,13-Nov-25,Singapore,Singapore,Female,25-34,2,Paid Search,iOS,False
368,08-May-25,Singapore,Singapore,Female,25-34,2,Referral,iOS,True
397,09-Nov-25,Singapore,Singapore,Female,25-34,2,Referral,iOS,True
603,02-Jan-26,Singapore,Singapore,Female,25-34,2,Referral,iOS,True
731,28-Jan-25,Singapore,Singapore,Female,25-34,2,Direct,Web,True
795,22-Jun-25,Singapore,Singapore,Female,25-34,2,Social,iOS,True
920,10-Sep-25,Singapore,Singapore,Female,25-34,2,App Store,iOS,True
954,19-Aug-25,Singapore,Singapore,Female,25-34,2,Social,iOS,True
986,17-Aug-25,Singapore,Singapore,Female,25-34,2,Paid Search,iOS,True
1059,17-Nov-25,Singapore,Singapore,Female,25-34,2,Direct,iOS,True
1153,03-Jul-25,Singapore,Singapore,Female,25-34,2,Paid Search,Web,False
1226,27-Apr-25,Singapore,Singapore,Female,25-34,2,Referral,Web,True
1458,07-Sep-25,Singapore,Singapore,Female,25-34,2,Direct,iOS,False
1479,18-Oct-25,Singapore,Singapore,Female,25-34,2,Influencer,Web,True
1490,01-Nov-25,Singapore,Singapore,Female,25-34,2,Direct,Web,True
1513,31-Dec-25,Singapore,Singapore,Female,25-34,2,Paid Search,iOS,True
1545,11-May-25,Singapore,Singapore,Female,25-34,2,Social,Web,True
1680,14-Aug-25,Singapore,Singapore,Female,25-34,2,App Store,Web,True
1780,09-Jan-26,Singapore,Singapore,Female,25-34,2,Paid Search,Web,True
1848,03-Apr-25,Singapore,Singapore,Female,25-34,2,Social,Web,True
1852,27-Jan-25,Singapore,Singapore,Female,25-34,2,Paid Search,iOS,True
1968,28-Oct-25,Singapore,Singapore,Female,25-34,2,Influencer,iOS,True
2352,23-May-25,Singapore,Singapore,Female,25-34,2,Organic Search,iOS,True
2445,14-Apr-25,Singapore,Singapore,Female,25-34,2,Referral,iOS,False
2511,10-Sep-25,Singapore,Singapore,Female,25-34,2,App Store,Web,False
2578,09-Aug-25,Singapore,Singapore,Female,25-34,2,Paid Search,Web,True
2760,15-May-25,Singapore,Singapore,Female,25-34,2,Paid Search,Web,True
2788,10-Jul-25,Singapore,Singapore,Female,25-34,2,Paid Search,iOS,True
2964,26-Feb-25,Singapore,Singapore,Female,25-34,2,Email,Web,True
3088,16-Jan-26,Singapore,Singapore,Female,25-34,2,Direct,Web,True
3240,29-Oct-25,Singapore,Singapore,Female,25-34,2,Email,Web,True
3298,04-Nov-25,Singapore,Singapore,Female,25-34,2,Referral,iOS,True
3404,12-Feb-25,Singapore,Singapore,Female,25-34,2,Paid Search,Web,True
3537,17-Feb-25,Singapore,Singapore,Female,25-34,2,Organic Search,Web,True
3615,14-Jan-26,Singapore,Singapore,Female,25-34,2,Paid Search,iOS,False
3628,20-Nov-25,Singapore,Singapore,Female,25-34,2,Social,iOS,True
3746,09-Oct-25,Singapore,Singapore,Female,25-34,2,Direct,iOS,True
3816,07-Jun-25,Singapore,Singapore,Female,25-34,2,Email,iOS,True
3820,02-Oct-25,Singapore,Singapore,Female,25-34,2,Paid Search,iOS,True
3832,21-Feb-25,Singapore,Singapore,Female,25-34,2,Email,Web,False
3839,22-Feb-25,Singapore,Singapore,Female,25-34,2,App Store,iOS,False
3922,10-Feb-25,Singapore,Singapore,Female,25-34,2,App Store,Web,False
4104,02-Mar-25,Singapore,Singapore,Female,25-34,2,Social,Web,True
4392,13-Jan-26,Singapore,Singapore,Female,25-34,2,Influencer,Web,True
4461,07-Jan-25,Singapore,Singapore,Female,25-34,2,App Store,iOS,True
4464,24-Apr-25,Singapore,Singapore,Female,25-34,2,App Store,iOS,True
4511,21-Jul-25,Singapore,Singapore,Female,25-34,2,Referral,Web,True
4514,06-Aug-25,Singapore,Singapore,Female,25-34,2,Direct,Web,True
4640,14-Nov-25,Singapore,Singapore,Female,25-34,2,Referral,Web,True
5015,26-Jul-25,Singapore,Singapore,Female,25-34,2,Organic Search,iOS,True
5079,22-Dec-25,Singapore,Singapore,Female,25-34,2,Influencer,Web,True
5090,18-May-25,Singapore,Singapore,Female,25-34,2,App Store,iOS,True
5209,10-Aug-25,Singapore,Singapore,Female,25-34,2,Direct,iOS,False
5410,13-Oct-25,Singapore,Singapore,Female,25-34,2,Organic Search,Web,False
5541,10-Jan-25,Singapore,Singapore,Female,25-34,2,Influencer,Web,True
5577,10-Sep-25,Singapore,Singapore,Female,25-34,2,Direct,Web,True
5663,09-Jul-25,Singapore,Singapore,Female,25-34,2,Social,Web,True
5832,25-Jan-25,Singapore,Singapore,Female,25-34,2,Influencer,iOS,True
5998,09-May-25,Singapore,Singapore,Female,25-34,2,Email,iOS,True
6030,24-May-25,Singapore,Singapore,Female,25-34,2,Influencer,Web,True
6160,31-Jul-25,Singapore,Singapore,Female,25-34,2,Organic Search,iOS,True
6230,26-Jan-25,Singapore,Singapore,Female,25-34,2,Email,iOS,True
6491,29-Nov-25,Singapore,Singapore,Female,25-34,2,Social,Web,True
6585,06-Jul-25,Singapore,Singapore,Female,25-34,2,Referral,Web,True
6620,05-Mar-25,Singapore,Singapore,Female,25-34,2,Influencer,Web,True
6675,08-Jan-26,Singapore,Singapore,Female,25-34,2,Organic Search,Web,True
6730,19-Apr-25,Singapore,Singapore,Female,25-34,2,Referral,Web,True
6863,11-Oct-25,Singapore,Singapore,Female,25-34,2,App Store,iOS,True
6888,08-Nov-25,Singapore,Singapore,Female,25-34,2,Direct,Web,True
6947,20-Dec-25,Singapore,Singapore,Female,25-34,2,Paid Search,iOS,True
7002,04-Jul-25,Singapore,Singapore,Female,25-34,2,App Store,Web,True
7123,28-Jun-25,Singapore,Singapore,Female,25-34,2,Social,Web,True
7237,27-Jul-25,Singapore,Singapore,Female,25-34,2,Paid Search,iOS,True
7313,20-Mar-25,Singapore,Singapore,Female,25-34,2,Direct,Web,True
7475,29-Apr-25,Singapore,Singapore,Female,25-34,2,Referral,Web,True
7499,22-Mar-25,Singapore,Singapore,Female,25-34,2,Organic Search,iOS,True
7516,10-Jan-25,Singapore,Singapore,Female,25-34,2,App Store,iOS,True
7526,08-Dec-25,Singapore,Singapore,Female,25-34,2,Organic Search,Web,True
7599,29-Mar-25,Singapore,Singapore,Female,25-34,2,Organic Search,Web,True
7634,05-Jan-25,Singapore,Singapore,Female,25-34,2,Organic Search,iOS,True
7680,28-Aug-25,Singapore,Singapore,Female,25-34,2,Referral,iOS,True
7766,14-Aug-25,Singapore,Singapore,Female,25-34,2,Organic Search,iOS,True
7833,05-Jul-25,Singapore,Singapore,Female,25-34,2,Email,iOS,False
86,25-Aug-25,Singapore,Singapore,Female,25-34,2,Organic Search,Android,True
302,01-Jan-26,Singapore,Singapore,Female,25-34,2,Email,Android,True
339,27-May-25,Singapore,Singapore,Female,25-34,2,Social,Android,False
357,29-Oct-25,Singapore,Singapore,Female,25-34,2,Referral,Android,True
544,30-Aug-25,Singapore,Singapore,Female,25-34,2,Paid Search,Android,True
709,01-Jan-25,Singapore,Singapore,Female,25-34,2,Paid Search,Android,True
821,26-Jul-25,Singapore,Singapore,Female,25-34,2,Organic Search,Android,True
1001,07-Nov-25,Singapore,Singapore,Female,25-34,2,Referral,Android,True
1006,09-Feb-25,Singapore,Singapore,Female,25-34,2,Referral,Android,True
1079,23-Oct-25,Singapore,Singapore,Female,25-34,2,Paid Search,Android,True
1655,03-Jan-25,Singapore,Singapore,Female,25-34,2,App Store,Android,True
1832,27-Feb-25,Singapore,Singapore,Female,25-34,2,Referral,Android,True
2240,13-May-25,Singapore,Singapore,Female,25-34,2,Referral,Android,True
2254,02-Dec-25,Singapore,Singapore,Female,25-34,2,Direct,Android,True
2300,09-Jan-26,Singapore,Singapore,Female,25-34,2,Paid Search,Android,True
2721,26-Sep-25,Singapore,Singapore,Female,25-34,2,App Store,Android,True
2765,13-Sep-25,Singapore,Singapore,Female,25-34,2,Influencer,Android,True
3107,16-Jul-25,Singapore,Singapore,Female,25-34,2,Social,Android,True
3111,15-Mar-25,Singapore,Singapore,Female,25-34,2,Organic Search,Android,True
3189,17-Mar-25,Singapore,Singapore,Female,25-34,2,App Store,Android,True
3478,12-Oct-25,Singapore,Singapore,Female,25-34,2,Direct,Android,True
3575,17-Sep-25,Singapore,Singapore,Female,25-34,2,Email,Android,True
3926,13-Sep-25,Singapore,Singapore,Female,25-34,2,App Store,Android,True
4131,05-Jun-25,Singapore,Singapore,Female,25-34,2,App Store,Android,False
4318,23-Dec-25,Singapore,Singapore,Female,25-34,2,Referral,Android,True
4390,17-Jul-25,Singapore,Singapore,Female,25-34,2,Paid Search,Android,True
4411,03-Jan-26,Singapore,Singapore,Female,25-34,2,Email,Android,True
4568,06-Mar-25,Singapore,Singapore,Female,25-34,2,Organic Search,Android,True
4655,18-Mar-25,Singapore,Singapore,Female,25-34,2,Influencer,Android,False
4698,04-Jul-25,Singapore,Singapore,Female,25-34,2,Email,Android,True
4750,05-Feb-25,Singapore,Singapore,Female,25-34,2,App Store,Android,True
4882,30-Jun-25,Singapore,Singapore,Female,25-34,2,Influencer,Android,True
4999,03-Mar-25,Singapore,Singapore,Female,25-34,2,Referral,Android,True
5081,26-Jul-25,Singapore,Singapore,Female,25-34,2,Paid Search,Android,True
5244,11-Jul-25,Singapore,Singapore,Female,25-34,2,Influencer,Android,False
5278,26-Aug-25,Singapore,Singapore,Female,25-34,2,Referral,Android,True
5444,22-Sep-25,Singapore,Singapore,Female,25-34,2,Referral,Android,True
5718,23-Nov-25,Singapore,Singapore,Female,25-34,2,App Store,Android,False
5833,15-Mar-25,Singapore,Singapore,Female,25-34,2,Influencer,Android,True
5881,20-Sep-25,Singapore,Singapore,Female,25-34,2,Social,Android,True
5942,22-Dec-25,Singapore,Singapore,Female,25-34,2,App Store,Android,True
5952,01-Dec-25,Singapore,Singapore,Female,25-34,2,App Store,Android,False
6100,28-Nov-25,Singapore,Singapore,Female,25-34,2,Paid Search,Android,True
6219,21-Feb-25,Singapore,Singapore,Female,25-34,2,Direct,Android,True
6241,03-Jun-25,Singapore,Singapore,Female,25-34,2,Direct,Android,True
6371,30-Jan-25,Singapore,Singapore,Female,25-34,2,Social,Android,True
6432,11-Jan-25,Singapore,Singapore,Female,25-34,2,Organic Search,Android,True
6439,03-Apr-25,Singapore,Singapore,Female,25-34,2,Email,Android,True
6448,08-Sep-25,Singapore,Singapore,Female,25-34,2,Organic Search,Android,False
6503,23-Apr-25,Singapore,Singapore,Female,25-34,2,App Store,Android,True
6626,26-May-25,Singapore,Singapore,Female,25-34,2,Direct,Android,True
6640,06-Dec-25,Singapore,Singapore,Female,25-34,2,Influencer,Android,True
6651,23-Oct-25,Singapore,Singapore,Female,25-34,2,Organic Search,Android,False
6695,25-Jan-25,Singapore,Singapore,Female,25-34,2,Paid Search,Android,True
6909,14-Jun-25,Singapore,Singapore,Female,25-34,2,Referral,Android,True
7036,11-Mar-25,Singapore,Singapore,Female,25-34,2,Email,Android,True
7039,28-Mar-25,Singapore,Singapore,Female,25-34,2,Social,Android,True
7209,01-Feb-25,Singapore,Singapore,Female,25-34,2,Paid Search,Android,True
7271,17-Aug-25,Singapore,Singapore,Female,25-34,2,Direct,Android,True
7421,13-Feb-25,Singapore,Singapore,Female,25-34,2,Influencer,Android,False
7551,30-Apr-25,Singapore,Singapore,Female,25-34,2,Social,Android,True
7584,05-Mar-25,Singapore,Singapore,Female,25-34,2,Organic Search,Android,True
7816,04-Jul-25,Singapore,Singapore,Female,25-34,2,Social,Android,False
7867,24-Dec-25,Singapore,Singapore,Female,25-34,2,Paid Search,Android,True
7957,25-Nov-25,Singapore,Singapore,Female,25-34,2,App Store,Android,True
557,16-Mar-25,Singapore,Singapore,Other,25-34,2,App Store,iOS,True
698,09-Sep-25,Singapore,Singapore,Other,25-34,2,Paid Search,Android,False
738,20-Jul-25,Singapore,Singapore,Other,25-34,2,App Store,Android,True
745,23-Mar-25,Singapore,Singapore,Other,25-34,2,App Store,Android,True
765,24-Sep-25,Singapore,Singapore,Other,25-34,2,App Store,Android,True
1562,19-Jun-25,Singapore,Singapore,Other,25-34,2,App Store,Web,False
1687,06-Feb-25,Singapore,Singapore,Other,25-34,2,Social,iOS,True
2115,17-Jul-25,Singapore,Singapore,Other,25-34,2,Paid Search,Android,True
2406,27-Oct-25,Singapore,Singapore,Other,25-34,2,Referral,iOS,True
3123,12-Nov-25,Singapore,Singapore,Other,25-34,2,App Store,Android,True
3757,06-Feb-25,Singapore,Singapore,Other,25-34,2,Paid Search,Android,True
4539,15-Jun-25,Singapore,Singapore,Other,25-34,2,Influencer,Android,True
4625,08-Feb-25,Singapore,Singapore,Other,25-34,2,Email,Android,True
4677,06-Jul-25,Singapore,Singapore,Other,25-34,2,Influencer,Android,True
4786,26-Mar-25,Singapore,Singapore,Other,25-34,2,Social,iOS,True
5202,11-Aug-25,Singapore,Singapore,Other,25-34,2,Email,Android,True
5564,03-Jan-26,Singapore,Singapore,Other,25-34,2,Paid Search,Android,True
7423,14-May-25,Singapore,Singapore,Other,25-34,2,Referral,iOS,True
7691,25-Aug-25,Singapore,Singapore,Other,25-34,2,App Store,iOS,True
7722,29-Nov-25,Singapore,Singapore,Other,25-34,2,Social,Web,True
7817,02-Jan-26,Singapore,Singapore,Other,25-34,2,Direct,Android,True
259,08-Feb-25,UK,Manchester,Other,35-44,3,Direct,Android,True
272,01-Mar-25,UK,Manchester,Other,35-44,3,Direct,Android,True
362,26-Apr-25,Canada,Toronto,Other,35-44,3,Social,Web,False
853,10-Mar-25,Canada,Calgary,Other,35-44,3,Paid Search,Web,True
1570,15-Aug-25,Canada,Vancouver,Other,35-44,3,App Store,iOS,True
1751,04-Jun-25,Germany,Munich,Other,35-44,3,Direct,Android,True
1837,16-Nov-25,UAE,Dubai,Other,35-44,3,Influencer,Web,True
2213,01-Aug-25,Canada,Toronto,Other,35-44,3,Referral,Android,True
2377,12-Apr-25,Canada,Montreal,Other,35-44,3,Influencer,Android,True
2705,19-Mar-25,UK,Glasgow,Other,35-44,3,Direct,Web,True
3016,28-Mar-25,UK,Leeds,Other,35-44,3,App Store,Android,True
3389,29-Aug-25,Canada,Calgary,Other,35-44,3,Social,Web,False
3530,21-Jun-25,UAE,Dubai,Other,35-44,3,Email,Web,False
3844,17-Sep-25,UK,Glasgow,Other,35-44,3,Paid Search,iOS,True
3942,19-Apr-25,UK,Leeds,Other,35-44,3,Paid Search,Web,True
4111,29-Jul-25,UAE,Abu Dhabi,Other,35-44,3,App Store,Android,False
4492,16-Jul-25,Australia,Sydney,Other,35-44,3,Paid Search,iOS,True
4589,17-May-25,UK,Glasgow,Other,35-44,3,Referral,iOS,False
4853,20-Jun-25,UK,Glasgow,Other,35-44,3,App Store,iOS,True
4927,02-May-25,Germany,Munich,Other,35-44,3,Influencer,iOS,True
5016,06-Oct-25,Germany,Frankfurt,Other,35-44,3,Direct,Android,True
5038,27-Jun-25,UAE,Dubai,Other,35-44,3,Organic Search,Android,True
5292,22-Sep-25,UK,Glasgow,Other,35-44,3,App Store,Android,True
5380,25-Mar-25,UK,Leeds,Other,35-44,3,Direct,Web,True
5483,05-Dec-25,UK,Manchester,Other,35-44,3,Email,Android,True
5499,26-Jun-25,Canada,Toronto,Other,35-44,3,Direct,Android,True
5734,08-Aug-25,UAE,Dubai,Other,35-44,3,Referral,Android,True
5773,18-Apr-25,Canada,Toronto,Other,35-44,3,Influencer,Android,True
5810,27-Sep-25,UAE,Abu Dhabi,Other,35-44,3,Direct,iOS,False
5869,27-Aug-25,Germany,Berlin,Other,35-44,3,Organic Search,Android,True
6197,22-Apr-25,UAE,Dubai,Other,35-44,3,Referral,iOS,True
6475,21-Apr-25,Germany,Munich,Other,35-44,3,Direct,Android,False
6747,03-Apr-25,UAE,Dubai,Other,35-44,3,Direct,Android,True
7249,19-Oct-25,Germany,Berlin,Other,35-44,3,Influencer,Android,False
7300,14-Mar-25,UK,Glasgow,Other,35-44,3,Direct,iOS,False
7643,05-Jul-25,Canada,Toronto,Other,35-44,3,Paid Search,iOS,True
7663,05-Jan-25,Canada,Toronto,Other,35-44,3,Organic Search,Android,True
7948,18-Nov-25,Australia,Sydney,Other,35-44,3,Email,Android,True
7974,07-Jun-25,UK,London,Other,35-44,3,Paid Search,iOS,True
147,19-Aug-25,Canada,Montreal,Female,35-44,3,Organic Search,Web,True
240,17-Jul-25,Germany,Hamburg,Female,35-44,3,Influencer,Web,False
353,21-Aug-25,Canada,Vancouver,Female,35-44,3,Email,Web,True
406,02-Apr-25,Germany,Hamburg,Female,35-44,3,Referral,Web,False
818,22-Apr-25,Australia,Brisbane,Female,35-44,3,Email,Web,True
1070,14-Nov-25,Australia,Brisbane,Female,35-44,3,Social,Web,True
1084,24-Nov-25,Canada,Vancouver,Female,35-44,3,Social,Web,True
1098,03-Mar-25,Canada,Vancouver,Female,35-44,3,Influencer,Web,True
1145,19-Dec-25,Australia,Perth,Female,35-44,3,Influencer,Web,True
1183,29-Oct-25,Australia,Brisbane,Female,35-44,3,Social,Web,True
1456,08-Nov-25,Canada,Toronto,Female,35-44,3,App Store,Web,True
1556,10-Jun-25,Australia,Sydney,Female,35-44,3,Referral,Web,True
1747,22-Oct-25,UK,Manchester,Female,35-44,3,Influencer,Web,True
1760,31-Dec-25,Canada,Toronto,Female,35-44,3,Direct,Web,True
1770,06-Feb-25,UAE,Abu Dhabi,Female,35-44,3,Referral,Web,True
1773,18-Dec-25,Australia,Brisbane,Female,35-44,3,App Store,Web,True
1845,13-Mar-25,Australia,Perth,Female,35-44,3,Social,Web,True
1927,23-May-25,Canada,Calgary,Female,35-44,3,Direct,Web,True
2156,27-Mar-25,Canada,Montreal,Female,35-44,3,Email,Web,False
2361,18-Oct-25,Germany,Hamburg,Female,35-44,3,Social,Web,True
2784,08-Jul-25,Australia,Brisbane,Female,35-44,3,Paid Search,Web,True
2925,19-Feb-25,Canada,Toronto,Female,35-44,3,Influencer,Web,True
3170,15-Jul-25,UAE,Abu Dhabi,Female,35-44,3,App Store,Web,True
3452,02-Jun-25,Germany,Frankfurt,Female,35-44,3,Referral,Web,False
3581,02-Nov-25,UK,Manchester,Female,35-44,3,Email,Web,True
3649,05-Jan-25,Germany,Munich,Female,35-44,3,App Store,Web,True
3711,24-Nov-25,UAE,Dubai,Female,35-44,3,Social,Web,True
3759,20-Aug-25,Australia,Sydney,Female,35-44,3,Email,Web,True
3964,13-Jan-25,Canada,Vancouver,Female,35-44,3,Organic Search,Web,True
4035,27-Nov-25,UK,Manchester,Female,35-44,3,App Store,Web,True
4057,08-Nov-25,Germany,Frankfurt,Female,35-44,3,Social,Web,True
4151,09-Jan-26,Canada,Montreal,Female,35-44,3,Email,Web,True
4182,13-Feb-25,Canada,Calgary,Female,35-44,3,Paid Search,Web,True
4244,23-Sep-25,Australia,Perth,Female,35-44,3,Email,Web,True
4476,10-Oct-25,UK,Manchester,Female,35-44,3,Social,Web,True
4586,09-Mar-25,Canada,Calgary,Female,35-44,3,Referral,Web,True
4636,17-Oct-25,UAE,Abu Dhabi,Female,35-44,3,Social,Web,True
4662,21-Sep-25,Canada,Toronto,Female,35-44,3,Organic Search,Web,True
4767,28-Apr-25,UK,Leeds,Female,35-44,3,App Store,Web,True
4849,12-Jul-25,Australia,Perth,Female,35-44,3,Referral,Web,True
4924,01-Mar-25,Germany,Munich,Female,35-44,3,Referral,Web,True
4984,18-May-25,UAE,Abu Dhabi,Female,35-44,3,Paid Search,Web,False
5175,26-Oct-25,Germany,Munich,Female,35-44,3,Social,Web,True
5480,25-Apr-25,Canada,Montreal,Female,35-44,3,Referral,Web,True
5536,07-Sep-25,Germany,Frankfurt,Female,35-44,3,Influencer,Web,True
6248,18-Aug-25,UK,Leeds,Female,35-44,3,Direct,Web,True
6352,26-Oct-25,UK,London,Female,35-44,3,Email,Web,True
6378,10-Aug-25,UK,Manchester,Female,35-44,3,Social,Web,False
6407,16-Dec-25,Canada,Toronto,Female,35-44,3,App Store,Web,True
6650,31-Mar-25,Germany,Munich,Female,35-44,3,Social,Web,True
7076,09-Jan-25,Australia,Brisbane,Female,35-44,3,Social,Web,True
7126,16-Jan-25,UAE,Abu Dhabi,Female,35-44,3,Direct,Web,True
7165,27-Aug-25,Australia,Perth,Female,35-44,3,Direct,Web,True
7303,11-Aug-25,UAE,Dubai,Female,35-44,3,Direct,Web,True
7420,11-Jun-25,UAE,Abu Dhabi,Female,35-44,3,Direct,Web,True
7480,02-May-25,Germany,Hamburg,Female,35-44,3,App Store,Web,True
7505,24-Sep-25,Canada,Montreal,Female,35-44,3,Paid Search,Web,True
7510,08-Jan-25,UK,London,Female,35-44,3,Social,Web,False
7651,15-Sep-25,Canada,Calgary,Female,35-44,3,Email,Web,True
7776,26-Apr-25,Australia,Melbourne,Female,35-44,3,Direct,Web,True
7834,09-Dec-25,Canada,Toronto,Female,35-44,3,Organic Search,Web,True
7835,03-Sep-25,Germany,Hamburg,Female,35-44,3,Paid Search,Web,True
7901,23-Sep-25,UK,Glasgow,Female,35-44,3,Direct,Web,True
2021,19-Sep-25,UK,Birmingham,Female,35-44,3,Direct,iOS,False
2189,18-Jun-25,Canada,Montreal,Female,35-44,3,Social,iOS,False
2628,20-Aug-25,Australia,Brisbane,Female,35-44,3,Organic Search,iOS,False
2928,23-Apr-25,UAE,Dubai,Female,35-44,3,App Store,iOS,False
3924,30-Oct-25,Germany,Frankfurt,Female,35-44,3,Direct,iOS,False
4506,05-Sep-25,Australia,Sydney,Female,35-44,3,Organic Search,iOS,False
5617,24-Dec-25,Canada,Toronto,Female,35-44,3,App Store,iOS,False
6052,22-Jan-25,Germany,Berlin,Female,35-44,3,Social,iOS,False
6055,29-Dec-25,Canada,Montreal,Female,35-44,3,Direct,iOS,False
144,28-Jun-25,UAE,Abu Dhabi,Female,35-44,3,Paid Search,iOS,True
181,13-Aug-25,Canada,Montreal,Female,35-44,3,Paid Search,iOS,True
377,07-Oct-25,Australia,Perth,Female,35-44,3,Influencer,iOS,True
496,07-Dec-25,Germany,Hamburg,Female,35-44,3,Influencer,iOS,True
672,06-May-25,Australia,Perth,Female,35-44,3,Referral,iOS,True
721,08-Jan-26,UK,Birmingham,Female,35-44,3,Direct,iOS,True
872,03-Jul-25,UAE,Dubai,Female,35-44,3,Organic Search,iOS,True
908,16-Dec-25,Germany,Hamburg,Female,35-44,3,App Store,iOS,True
937,07-Jan-25,UAE,Abu Dhabi,Female,35-44,3,Direct,iOS,True
1078,01-Jan-25,Germany,Hamburg,Female,35-44,3,Paid Search,iOS,True
1203,13-Jan-26,Australia,Perth,Female,35-44,3,Referral,iOS,True
1329,15-Oct-25,Australia,Brisbane,Female,35-44,3,App Store,iOS,True
1415,09-Nov-25,UAE,Dubai,Female,35-44,3,Social,iOS,True
1441,23-Oct-25,UAE,Abu Dhabi,Female,35-44,3,Email,iOS,True
1578,04-Jul-25,UAE,Dubai,Female,35-44,3,Influencer,iOS,True
1651,04-Dec-25,UAE,Dubai,Female,35-44,3,Social,iOS,True
1706,25-Aug-25,UK,Leeds,Female,35-44,3,Referral,iOS,True
1750,15-Feb-25,UK,Birmingham,Female,35-44,3,Organic Search,iOS,True
1794,16-Jan-26,Germany,Berlin,Female,35-44,3,Paid Search,iOS,True
1868,24-Aug-25,Germany,Hamburg,Female,35-44,3,Organic Search,iOS,True
1903,09-Jun-25,Germany,Hamburg,Female,35-44,3,Social,iOS,True
1987,18-Dec-25,Germany,Berlin,Female,35-44,3,Influencer,iOS,True
1998,28-Nov-25,Canada,Vancouver,Female,35-44,3,Direct,iOS,True
2030,25-Aug-25,UK,Glasgow,Female,35-44,3,Organic Search,iOS,True
2049,14-Nov-25,Australia,Brisbane,Female,35-44,3,Social,iOS,True
2068,28-Oct-25,Canada,Calgary,Female,35-44,3,Influencer,iOS,True
2259,19-Oct-25,UK,Manchester,Female,35-44,3,Organic Search,iOS,True
2321,05-May-25,UK,Manchester,Female,35-44,3,Social,iOS,True
2337,21-Jul-25,Germany,Hamburg,Female,35-44,3,App Store,iOS,True
2383,20-Aug-25,Australia,Melbourne,Female,35-44,3,Influencer,iOS,True
2417,28-Jul-25,UK,London,Female,35-44,3,Social,iOS,True
2421,26-Apr-25,Canada,Toronto,Female,35-44,3,Email,iOS,True
2453,13-Oct-25,Germany,Frankfurt,Female,35-44,3,Social,iOS,True
2456,19-Aug-25,UK,Glasgow,Female,35-44,3,Influencer,iOS,True
2504,10-May-25,Canada,Toronto,Female,35-44,3,Influencer,iOS,True
2744,23-Apr-25,Australia,Melbourne,Female,35-44,3,Email,iOS,True
2795,02-Jan-26,Australia,Perth,Female,35-44,3,App Store,iOS,True
3080,11-Jan-26,Australia,Melbourne,Female,35-44,3,Paid Search,iOS,True
3141,17-Sep-25,Australia,Sydney,Female,35-44,3,App Store,iOS,True
3229,10-Jul-25,Australia,Sydney,Female,35-44,3,Email,iOS,True
3313,20-Apr-25,UK,Manchester,Female,35-44,3,Referral,iOS,True
3323,25-Sep-25,UK,London,Female,35-44,3,App Store,iOS,True
3465,07-May-25,UK,Leeds,Female,35-44,3,Paid Search,iOS,True
3538,09-Jun-25,Australia,Melbourne,Female,35-44,3,Email,iOS,True
3654,27-May-25,UK,London,Female,35-44,3,Paid Search,iOS,True
3813,22-Oct-25,Australia,Brisbane,Female,35-44,3,Organic Search,iOS,True
3914,30-Jul-25,Canada,Calgary,Female,35-44,3,Social,iOS,True
3968,23-Feb-25,Canada,Toronto,Female,35-44,3,Email,iOS,True
4082,21-Feb-25,Germany,Frankfurt,Female,35-44,3,Influencer,iOS,True
4361,11-Jun-25,UAE,Dubai,Female,35-44,3,Direct,iOS,True
4404,04-Nov-25,UK,Manchester,Female,35-44,3,Paid Search,iOS,True
4450,12-Feb-25,Canada,Montreal,Female,35-44,3,Referral,iOS,True
4467,28-Jun-25,Germany,Munich,Female,35-44,3,Referral,iOS,True
4502,14-Jan-25,UK,Glasgow,Female,35-44,3,Direct,iOS,True
4551,02-Jan-26,Canada,Toronto,Female,35-44,3,Email,iOS,True
4607,01-Sep-25,Canada,Vancouver,Female,35-44,3,Influencer,iOS,True
4987,02-Dec-25,Canada,Vancouver,Female,35-44,3,Email,iOS,True
5006,09-May-25,Germany,Hamburg,Female,35-44,3,Paid Search,iOS,True
5149,22-May-25,Canada,Calgary,Female,35-44,3,Direct,iOS,True
5216,25-Sep-25,UAE,Abu Dhabi,Female,35-44,3,Social,iOS,True
5287,09-Nov-25,UK,Leeds,Female,35-44,3,App Store,iOS,True
5335,06-Nov-25,UK,Manchester,Female,35-44,3,Social,iOS,True
5359,06-Jan-25,Germany,Berlin,Female,35-44,3,Organic Search,iOS,True
5464,09-Aug-25,UK,London,Female,35-44,3,Influencer,iOS,True
5609,05-Jan-25,UK,Birmingham,Female,35-44,3,Influencer,iOS,True
5671,03-Dec-25,Australia,Perth,Female,35-44,3,Direct,iOS,True
5691,05-Aug-25,Germany,Hamburg,Female,35-44,3,Social,iOS,True
5711,12-Jun-25,Canada,Montreal,Female,35-44,3,Email,iOS,True
5963,05-Oct-25,UK,Glasgow,Female,35-44,3,Social,iOS,True
6315,16-Feb-25,Australia,Perth,Female,35-44,3,Influencer,iOS,True
6486,26-Mar-25,UAE,Abu Dhabi,Female,35-44,3,Email,iOS,True
6532,28-Jun-25,Australia,Sydney,Female,35-44,3,Referral,iOS,True
6672,18-Nov-25,Australia,Brisbane,Female,35-44,3,Direct,iOS,True
6856,23-Jun-25,UK,Birmingham,Female,35-44,3,Organic Search,iOS,True
6879,22-Apr-25,UAE,Dubai,Female,35-44,3,App Store,iOS,True
6885,06-Jun-25,UK,Glasgow,Female,35-44,3,Email,iOS,True
6886,10-Jul-25,UK,Leeds,Female,35-44,3,App Store,iOS,True
6901,28-Mar-25,Australia,Sydney,Female,35-44,3,App Store,iOS,True
6984,08-May-25,Germany,Munich,Female,35-44,3,Organic Search,iOS,True
7005,29-Dec-25,Australia,Melbourne,Female,35-44,3,Direct,iOS,True
7153,27-May-25,UK,Leeds,Female,35-44,3,Email,iOS,True
7287,07-Dec-25,UAE,Abu Dhabi,Female,35-44,3,App Store,iOS,True
7345,28-Apr-25,Australia,Brisbane,Female,35-44,3,Email,iOS,True
7346,20-Sep-25,Australia,Perth,Female,35-44,3,Referral,iOS,True
7352,14-Nov-25,Australia,Sydney,Female,35-44,3,Referral,iOS,True
7428,12-Jan-25,UK,Glasgow,Female,35-44,3,Paid Search,iOS,True
7536,21-Oct-25,UAE,Dubai,Female,35-44,3,Influencer,iOS,True
7579,29-Jun-25,Germany,Hamburg,Female,35-44,3,Organic Search,iOS,True
27,22-Jan-25,Germany,Frankfurt,Female,35-44,3,Email,Android,False
290,10-Jun-25,Germany,Berlin,Female,35-44,3,Organic Search,Android,False
545,04-Feb-25,Canada,Calgary,Female,35-44,3,Email,Android,False
1073,08-Jan-26,UK,Leeds,Female,35-44,3,Direct,Android,False
1877,13-Mar-25,Germany,Berlin,Female,35-44,3,Social,Android,False
2325,27-Jul-25,Australia,Melbourne,Female,35-44,3,Referral,Android,False
2580,04-May-25,UK,Manchester,Female,35-44,3,App Store,Android,False
2584,26-Apr-25,Canada,Vancouver,Female,35-44,3,Direct,Android,False
2715,29-May-25,Australia,Perth,Female,35-44,3,Paid Search,Android,False
3547,15-Jul-25,UK,Birmingham,Female,35-44,3,Referral,Android,False
3553,02-Oct-25,UK,Leeds,Female,35-44,3,Referral,Android,False
3610,01-Nov-25,Canada,Montreal,Female,35-44,3,Paid Search,Android,False
4010,19-Jun-25,UK,Birmingham,Female,35-44,3,Organic Search,Android,False
4456,11-Jan-26,UAE,Abu Dhabi,Female,35-44,3,App Store,Android,False
5481,04-Mar-25,UAE,Abu Dhabi,Female,35-44,3,App Store,Android,False
5818,21-Jul-25,UK,London,Female,35-44,3,Organic Search,Android,False
6035,15-Jun-25,UK,Leeds,Female,35-44,3,Email,Android,False
6770,15-Mar-25,Canada,Montreal,Female,35-44,3,Social,Android,False
7053,26-May-25,Germany,Munich,Female,35-44,3,Organic Search,Android,False
7265,10-Dec-25,Germany,Munich,Female,35-44,3,Organic Search,Android,False
53,30-Aug-25,UK,Manchester,Female,35-44,3,App Store,Android,True
88,02-Jan-26,UAE,Dubai,Female,35-44,3,Organic Search,Android,True
150,06-Apr-25,Canada,Vancouver,Female,35-44,3,App Store,Android,True
200,09-Jun-25,Germany,Frankfurt,Female,35-44,3,Organic Search,Android,True
231,22-Jul-25,Canada,Vancouver,Female,35-44,3,Influencer,Android,True
265,25-Oct-25,Germany,Munich,Female,35-44,3,Social,Android,True
363,10-Jul-25,Australia,Perth,Female,35-44,3,Paid Search,Android,True
472,17-Feb-25,Germany,Hamburg,Female,35-44,3,Organic Search,Android,True
580,05-Aug-25,UAE,Dubai,Female,35-44,3,Direct,Android,True
638,19-Jun-25,UAE,Abu Dhabi,Female,35-44,3,Paid Search,Android,True
667,06-May-25,Germany,Berlin,Female,35-44,3,Paid Search,Android,True
725,13-Jun-25,Germany,Hamburg,Female,35-44,3,App Store,Android,True
801,14-Dec-25,Germany,Munich,Female,35-44,3,Email,Android,True
804,08-Feb-25,UK,Manchester,Female,35-44,3,Organic Search,Android,True
1137,11-Sep-25,Australia,Melbourne,Female,35-44,3,Referral,Android,True
1186,21-May-25,UAE,Abu Dhabi,Female,35-44,3,Paid Search,Android,True
1210,14-Sep-25,Australia,Brisbane,Female,35-44,3,Influencer,Android,True
1221,29-May-25,Germany,Berlin,Female,35-44,3,Referral,Android,True
1256,18-Feb-25,UK,Leeds,Female,35-44,3,Referral,Android,True
1288,13-Jul-25,UK,Birmingham,Female,35-44,3,Paid Search,Android,True
1340,31-May-25,Australia,Melbourne,Female,35-44,3,Social,Android,True
1596,12-Jul-25,Canada,Montreal,Female,35-44,3,Referral,Android,True
1631,09-Nov-25,UAE,Abu Dhabi,Female,35-44,3,Paid Search,Android,True
1907,02-Apr-25,UK,Leeds,Female,35-44,3,Organic Search,Android,True
2001,01-Aug-25,UK,Glasgow,Female,35-44,3,Influencer,Android,True
2174,16-Oct-25,UAE,Abu Dhabi,Female,35-44,3,Influencer,Android,True
2253,17-Apr-25,Canada,Calgary,Female,35-44,3,Email,Android,True
2310,10-Jan-26,Canada,Toronto,Female,35-44,3,Organic Search,Android,True
2555,27-Jun-25,Germany,Frankfurt,Female,35-44,3,Email,Android,True
2605,06-Mar-25,UAE,Dubai,Female,35-44,3,Direct,Android,True
2659,09-Dec-25,Canada,Montreal,Female,35-44,3,Direct,Android,True
2674,28-May-25,Australia,Perth,Female,35-44,3,App Store,Android,True
2712,12-Sep-25,Australia,Sydney,Female,35-44,3,Paid Search,Android,True
2720,09-Jan-26,UK,Leeds,Female,35-44,3,Social,Android,True
2732,30-Sep-25,UAE,Dubai,Female,35-44,3,Paid Search,Android,True
2832,16-Mar-25,Canada,Toronto,Female,35-44,3,App Store,Android,True
2848,20-Oct-25,Germany,Munich,Female,35-44,3,Social,Android,True
2896,23-Apr-25,Canada,Calgary,Female,35-44,3,Social,Android,True
2962,30-Dec-25,UAE,Abu Dhabi,Female,35-44,3,Email,Android,True
3030,22-Mar-25,UK,Glasgow,Female,35-44,3,Organic Search,Android,True
3255,11-Jan-26,Germany,Munich,Female,35-44,3,App Store,Android,True
3352,03-Apr-25,Germany,Hamburg,Female,35-44,3,Email,Android,True
3367,08-Dec-25,UK,London,Female,35-44,3,Referral,Android,True
3534,23-Jan-25,Canada,Vancouver,Female,35-44,3,Influencer,Android,True
3606,05-Oct-25,Canada,Calgary,Female,35-44,3,Direct,Android,True
3608,10-Mar-25,UAE,Dubai,Female,35-44,3,Direct,Android,True
3630,07-Oct-25,Australia,Perth,Female,35-44,3,Organic Search,Android,True
3682,11-Mar-25,UK,Leeds,Female,35-44,3,Referral,Android,True
3704,24-Nov-25,UAE,Dubai,Female,35-44,3,Email,Android,True
3728,25-Oct-25,UK,Glasgow,Female,35-44,3,Organic Search,Android,True
3786,03-May-25,Canada,Calgary,Female,35-44,3,Organic Search,Android,True
3817,26-Sep-25,Germany,Hamburg,Female,35-44,3,App Store,Android,True
4274,06-Oct-25,UAE,Abu Dhabi,Female,35-44,3,App Store,Android,True
4371,21-Apr-25,Australia,Brisbane,Female,35-44,3,Organic Search,Android,True
4373,03-May-25,Australia,Perth,Female,35-44,3,App Store,Android,True
4471,23-Apr-25,Australia,Melbourne,Female,35-44,3,Social,Android,True
4612,12-May-25,Germany,Hamburg,Female,35-44,3,Paid Search,Android,True
4657,24-Dec-25,Canada,Toronto,Female,35-44,3,Organic Search,Android,True
4693,20-Dec-25,Canada,Calgary,Female,35-44,3,Organic Search,Android,True
5020,23-Dec-25,Canada,Vancouver,Female,35-44,3,Social,Android,True
5100,02-Mar-25,UAE,Dubai,Female,35-44,3,Referral,Android,True
5116,19-Feb-25,Canada,Montreal,Female,35-44,3,Email,Android,True
5198,31-Jul-25,Canada,Vancouver,Female,35-44,3,Social,Android,True
5369,15-Dec-25,UAE,Abu Dhabi,Female,35-44,3,Paid Search,Android,True
5373,04-Nov-25,UK,Glasgow,Female,35-44,3,Paid Search,Android,True
5385,24-Apr-25,UAE,Abu Dhabi,Female,35-44,3,Direct,Android,True
5416,04-Apr-25,Australia,Perth,Female,35-44,3,Referral,Android,True
5552,30-Jun-25,UAE,Dubai,Female,35-44,3,App Store,Android,True
5620,14-Mar-25,Germany,Berlin,Female,35-44,3,Social,Android,True
5725,21-May-25,Germany,Berlin,Female,35-44,3,Organic Search,Android,True
5748,08-Jun-25,Australia,Melbourne,Female,35-44,3,Social,Android,True
5817,06-Oct-25,Canada,Toronto,Female,35-44,3,Paid Search,Android,True
5900,19-Oct-25,UK,Manchester,Female,35-44,3,Email,Android,True
6009,17-Nov-25,UAE,Abu Dhabi,Female,35-44,3,Social,Android,True
6015,07-Oct-25,Germany,Hamburg,Female,35-44,3,Influencer,Android,True
6020,02-Nov-25,Canada,Vancouver,Female,35-44,3,Organic Search,Android,True
6090,25-Dec-25,Canada,Vancouver,Female,35-44,3,Direct,Android,True
6140,19-Apr-25,Germany,Berlin,Female,35-44,3,Influencer,Android,True
6155,24-Mar-25,Germany,Hamburg,Female,35-44,3,Referral,Android,True
6157,09-Jul-25,Australia,Brisbane,Female,35-44,3,Referral,Android,True
6364,31-Jan-25,Canada,Vancouver,Female,35-44,3,Paid Search,Android,True
6418,15-Sep-25,Germany,Berlin,Female,35-44,3,Organic Search,Android,True
6504,01-Jan-25,UAE,Dubai,Female,35-44,3,Referral,Android,True
6573,04-Aug-25,Germany,Frankfurt,Female,35-44,3,Social,Android,True
6663,25-Jan-25,UK,Leeds,Female,35-44,3,Social,Android,True
6684,10-Dec-25,Germany,Munich,Female,35-44,3,Organic Search,Android,True
6727,10-Jul-25,Canada,Vancouver,Female,35-44,3,Direct,Android,True
6931,04-Dec-25,Canada,Toronto,Female,35-44,3,Organic Search,Android,True
6951,10-Aug-25,UK,Glasgow,Female,35-44,3,Social,Android,True
7045,18-Jan-25,UK,Manchester,Female,35-44,3,Social,Android,True
7078,28-Nov-25,Germany,Munich,Female,35-44,3,Organic Search,Android,True
7134,10-Apr-25,Canada,Toronto,Female,35-44,3,Paid Search,Android,True
7177,07-Apr-25,Germany,Berlin,Female,35-44,3,Social,Android,True
7295,31-Jul-25,UAE,Dubai,Female,35-44,3,Direct,Android,True
7325,04-Dec-25,Germany,Munich,Female,35-44,3,Influencer,Android,True
7406,15-Jan-26,UAE,Abu Dhabi,Female,35-44,3,Social,Android,True
7559,16-Oct-25,Germany,Berlin,Female,35-44,3,Influencer,Android,True
7625,27-Jul-25,Germany,Hamburg,Female,35-44,3,Social,Android,True
7664,26-Nov-25,UK,Manchester,Female,35-44,3,Referral,Android,True
7701,02-Dec-25,UK,Birmingham,Female,35-44,3,Social,Android,True
7706,31-Mar-25,Germany,Frankfurt,Female,35-44,3,Email,Android,True
7803,04-Sep-25,Australia,Melbourne,Female,35-44,3,Direct,Android,True
7878,18-Feb-25,Australia,Melbourne,Female,35-44,3,Social,Android,True
7907,21-Jan-25,Germany,Frankfurt,Female,35-44,3,Referral,Android,True
7908,02-Apr-25,UAE,Abu Dhabi,Female,35-44,3,Email,Android,True
7920,18-Jan-25,UK,Manchester,Female,35-44,3,Referral,Android,True
111,14-Jan-26,Australia,Melbourne,Male,35-44,3,Email,iOS,True
124,20-Oct-25,UK,London,Male,35-44,3,Paid Search,iOS,True
187,16-Sep-25,Canada,Toronto,Male,35-44,3,Paid Search,iOS,True
297,15-Aug-25,Australia,Sydney,Male,35-44,3,Organic Search,iOS,True
393,21-Dec-25,Australia,Perth,Male,35-44,3,Influencer,iOS,True
431,01-Mar-25,Germany,Frankfurt,Male,35-44,3,Direct,iOS,True
436,19-Sep-25,Canada,Calgary,Male,35-44,3,App Store,iOS,True
600,11-Aug-25,UAE,Abu Dhabi,Male,35-44,3,Paid Search,iOS,True
716,26-Nov-25,Australia,Melbourne,Male,35-44,3,Direct,iOS,True
747,13-Sep-25,Canada,Calgary,Male,35-44,3,Paid Search,iOS,True
776,09-Apr-25,Canada,Montreal,Male,35-44,3,Referral,iOS,True
787,21-Jul-25,Germany,Frankfurt,Male,35-44,3,Email,iOS,True
873,08-Oct-25,UK,London,Male,35-44,3,Organic Search,iOS,True
892,21-Aug-25,Germany,Berlin,Male,35-44,3,Organic Search,iOS,True
1014,04-Jan-25,UK,Birmingham,Male,35-44,3,App Store,iOS,True
1117,25-May-25,Australia,Sydney,Male,35-44,3,Email,iOS,True
1303,15-Jan-26,Germany,Berlin,Male,35-44,3,Paid Search,iOS,True
1500,05-Dec-25,Canada,Toronto,Male,35-44,3,Influencer,iOS,True
1551,15-Jan-25,UK,Leeds,Male,35-44,3,Email,iOS,True
1572,08-Feb-25,UK,Glasgow,Male,35-44,3,Paid Search,iOS,True
1652,03-Mar-25,UK,Manchester,Male,35-44,3,Influencer,iOS,True
1704,09-Feb-25,UK,Birmingham,Male,35-44,3,App Store,iOS,True
1955,10-Nov-25,Australia,Melbourne,Male,35-44,3,Paid Search,iOS,True
1967,25-Jan-25,UK,Birmingham,Male,35-44,3,Referral,iOS,True
1970,02-May-25,Australia,Melbourne,Male,35-44,3,Paid Search,iOS,True
2041,25-Oct-25,Germany,Munich,Male,35-44,3,App Store,iOS,True
2116,02-Sep-25,UK,London,Male,35-44,3,Organic Search,iOS,True
2191,25-Jun-25,Australia,Sydney,Male,35-44,3,Referral,iOS,True
2233,24-Nov-25,Canada,Montreal,Male,35-44,3,Social,iOS,True
2249,29-Oct-25,UK,Glasgow,Male,35-44,3,Organic Search,iOS,True
2281,26-May-25,Germany,Berlin,Male,35-44,3,Referral,iOS,True
2357,18-Mar-25,UK,Manchester,Male,35-44,3,Organic Search,iOS,True
2468,27-Dec-25,UK,Leeds,Male,35-44,3,App Store,iOS,True
2977,30-Apr-25,Canada,Vancouver,Male,35-44,3,Organic Search,iOS,True
3168,11-May-25,UK,Manchester,Male,35-44,3,Paid Search,iOS,True
3186,04-Aug-25,UAE,Abu Dhabi,Male,35-44,3,Referral,iOS,True
3187,14-Aug-25,Germany,Hamburg,Male,35-44,3,Referral,iOS,True
3415,06-Nov-25,Australia,Brisbane,Male,35-44,3,Paid Search,iOS,True
3750,15-May-25,Canada,Toronto,Male,35-44,3,Organic Search,iOS,True
3836,14-Jan-25,UAE,Dubai,Male,35-44,3,Direct,iOS,True
4413,19-Apr-25,UAE,Dubai,Male,35-44,3,Referral,iOS,True
4525,23-Mar-25,Canada,Vancouver,Male,35-44,3,Influencer,iOS,True
4722,30-Aug-25,Germany,Munich,Male,35-44,3,Social,iOS,True
4890,16-May-25,Canada,Toronto,Male,35-44,3,Direct,iOS,True
4942,20-Jul-25,Australia,Melbourne,Male,35-44,3,Social,iOS,True
5082,13-Sep-25,Germany,Munich,Male,35-44,3,Paid Search,iOS,True
5146,30-Aug-25,Australia,Melbourne,Male,35-44,3,Paid Search,iOS,True
5207,05-Apr-25,Germany,Hamburg,Male,35-44,3,App Store,iOS,True
5254,13-Jan-25,Germany,Munich,Male,35-44,3,Email,iOS,True
5473,21-Aug-25,Germany,Frankfurt,Male,35-44,3,Paid Search,iOS,True
5569,07-Jun-25,Canada,Vancouver,Male,35-44,3,Email,iOS,True
5656,01-Dec-25,Germany,Berlin,Male,35-44,3,Social,iOS,True
5715,13-Nov-25,UK,Leeds,Male,35-44,3,App Store,iOS,True
5717,25-May-25,Canada,Montreal,Male,35-44,3,Social,iOS,True
5766,08-Apr-25,Australia,Perth,Male,35-44,3,Organic Search,iOS,True
5801,30-May-25,Australia,Brisbane,Male,35-44,3,Email,iOS,True
6073,08-Feb-25,Germany,Frankfurt,Male,35-44,3,Social,iOS,True
6202,16-Jul-25,UAE,Abu Dhabi,Male,35-44,3,Email,iOS,True
6288,14-Dec-25,Germany,Munich,Male,35-44,3,Direct,iOS,True
6337,07-Jul-25,UK,Leeds,Male,35-44,3,App Store,iOS,True
6482,02-May-25,UK,London,Male,35-44,3,Email,iOS,True
6548,16-Jul-25,Germany,Frankfurt,Male,35-44,3,Organic Search,iOS,True
6666,14-May-25,UK,Glasgow,Male,35-44,3,App Store,iOS,True
6676,21-Dec-25,UAE,Abu Dhabi,Male,35-44,3,App Store,iOS,True
6705,11-Dec-25,UK,Manchester,Male,35-44,3,Paid Search,iOS,True
6726,04-Jan-25,Australia,Sydney,Male,35-44,3,Social,iOS,True
6790,14-Oct-25,UK,Manchester,Male,35-44,3,App Store,iOS,True
7022,12-May-25,Germany,Frankfurt,Male,35-44,3,Referral,iOS,True
7068,12-Jul-25,Germany,Berlin,Male,35-44,3,Email,iOS,True
7147,29-Oct-25,UK,Glasgow,Male,35-44,3,Organic Search,iOS,True
7181,11-Jul-25,Canada,Vancouver,Male,35-44,3,Direct,iOS,True
7187,24-Feb-25,UK,London,Male,35-44,3,Influencer,iOS,True
7261,25-Jun-25,UK,Manchester,Male,35-44,3,Influencer,iOS,True
7264,10-Feb-25,Australia,Melbourne,Male,35-44,3,Influencer,iOS,True
7276,14-Nov-25,Australia,Sydney,Male,35-44,3,Direct,iOS,True
7284,04-Apr-25,Australia,Melbourne,Male,35-44,3,Paid Search,iOS,True
7330,30-Sep-25,UAE,Dubai,Male,35-44,3,Paid Search,iOS,True
7392,08-Apr-25,UAE,Dubai,Male,35-44,3,Email,iOS,True
7412,02-Jul-25,UK,Manchester,Male,35-44,3,Direct,iOS,True
7424,11-Jul-25,Germany,Hamburg,Male,35-44,3,Social,iOS,True
7531,20-Jan-25,Germany,Munich,Male,35-44,3,Social,iOS,True
7542,26-Nov-25,Germany,Hamburg,Male,35-44,3,Social,iOS,True
7560,18-Jan-25,UK,Glasgow,Male,35-44,3,Direct,iOS,True
7596,03-Sep-25,Canada,Montreal,Male,35-44,3,Organic Search,iOS,True
7639,16-Sep-25,Canada,Toronto,Male,35-44,3,Email,iOS,True
7733,02-Feb-25,Canada,Vancouver,Male,35-44,3,App Store,iOS,True
1453,01-Jun-25,Germany,Hamburg,Male,35-44,3,Referral,iOS,False
2143,04-Nov-25,Germany,Frankfurt,Male,35-44,3,Direct,iOS,False
2230,03-Jan-25,UK,Birmingham,Male,35-44,3,App Store,iOS,False
3921,28-Jan-25,UK,Leeds,Male,35-44,3,Social,iOS,False
4354,29-May-25,Germany,Frankfurt,Male,35-44,3,Influencer,iOS,False
4362,12-Sep-25,Australia,Sydney,Male,35-44,3,Social,iOS,False
4774,12-Oct-25,UAE,Dubai,Male,35-44,3,Influencer,iOS,False
4787,14-May-25,Germany,Frankfurt,Male,35-44,3,Organic Search,iOS,False
5466,07-Dec-25,Canada,Toronto,Male,35-44,3,Referral,iOS,False
5628,24-Sep-25,UK,London,Male,35-44,3,Social,iOS,False
5630,28-Nov-25,UK,Glasgow,Male,35-44,3,Organic Search,iOS,False
5790,19-Nov-25,Germany,Hamburg,Male,35-44,3,Email,iOS,False
5873,07-Jul-25,UAE,Dubai,Male,35-44,3,Paid Search,iOS,False
6059,11-Jun-25,Canada,Vancouver,Male,35-44,3,Influencer,iOS,False
7904,09-Nov-25,UK,London,Male,35-44,3,Paid Search,iOS,False
4,17-Apr-25,UK,Manchester,Male,35-44,3,Referral,Web,True
60,21-Sep-25,Canada,Montreal,Male,35-44,3,Influencer,Web,True
76,27-Sep-25,UK,Leeds,Male,35-44,3,Referral,Web,True
246,06-Jul-25,UK,Glasgow,Male,35-44,3,Direct,Web,True
258,08-May-25,UAE,Abu Dhabi,Male,35-44,3,Organic Search,Web,False
463,09-May-25,UK,Birmingham,Male,35-44,3,Paid Search,Web,True
623,03-Aug-25,Australia,Melbourne,Male,35-44,3,App Store,Web,True
687,13-Feb-25,Germany,Munich,Male,35-44,3,Direct,Web,True
828,09-Sep-25,Australia,Brisbane,Male,35-44,3,Paid Search,Web,True
1031,02-Oct-25,Germany,Berlin,Male,35-44,3,Social,Web,False
1100,30-Mar-25,Canada,Toronto,Male,35-44,3,Paid Search,Web,False
1141,10-Jan-25,UAE,Dubai,Male,35-44,3,App Store,Web,True
1348,23-Mar-25,UAE,Dubai,Male,35-44,3,Paid Search,Web,True
1609,29-Oct-25,UK,Manchester,Male,35-44,3,Email,Web,True
1634,16-Sep-25,UK,Leeds,Male,35-44,3,Referral,Web,True
1648,02-Mar-25,UK,Birmingham,Male,35-44,3,Influencer,Web,True
1663,09-Mar-25,Germany,Hamburg,Male,35-44,3,Direct,Web,True
1766,15-Nov-25,Canada,Montreal,Male,35-44,3,Direct,Web,False
1791,13-Jun-25,Australia,Brisbane,Male,35-44,3,Referral,Web,True
1866,30-Sep-25,Canada,Montreal,Male,35-44,3,Referral,Web,True
2262,28-Sep-25,Canada,Montreal,Male,35-44,3,Referral,Web,True
2334,10-Apr-25,UK,Glasgow,Male,35-44,3,Email,Web,True
2479,19-Sep-25,Australia,Brisbane,Male,35-44,3,Direct,Web,True
2559,09-Apr-25,UAE,Abu Dhabi,Male,35-44,3,Influencer,Web,True
2860,12-Mar-25,UAE,Dubai,Male,35-44,3,Email,Web,True
2930,11-Sep-25,Australia,Perth,Male,35-44,3,Influencer,Web,True
2968,05-Feb-25,Germany,Munich,Male,35-44,3,App Store,Web,True
3018,01-Nov-25,UK,Birmingham,Male,35-44,3,Email,Web,True
3180,30-Jul-25,Canada,Montreal,Male,35-44,3,Direct,Web,True
3202,10-Nov-25,Germany,Frankfurt,Male,35-44,3,Influencer,Web,True
3337,04-Feb-25,Australia,Perth,Male,35-44,3,Influencer,Web,True
3378,29-Jul-25,UK,Leeds,Male,35-44,3,Social,Web,True
3442,28-Nov-25,Canada,Vancouver,Male,35-44,3,App Store,Web,True
3603,06-May-25,UK,Manchester,Male,35-44,3,Paid Search,Web,True
3785,24-Mar-25,UK,Glasgow,Male,35-44,3,Organic Search,Web,True
3826,02-Jul-25,Canada,Calgary,Male,35-44,3,Social,Web,True
3935,31-Jan-25,Australia,Brisbane,Male,35-44,3,Referral,Web,True
3946,11-Jun-25,Canada,Vancouver,Male,35-44,3,Influencer,Web,True
3994,16-Aug-25,UK,London,Male,35-44,3,Social,Web,False
4013,10-Aug-25,Germany,Munich,Male,35-44,3,Paid Search,Web,True
4243,09-Dec-25,Germany,Hamburg,Male,35-44,3,Direct,Web,False
4348,16-Aug-25,UAE,Abu Dhabi,Male,35-44,3,Referral,Web,True
4656,23-Jun-25,Canada,Calgary,Male,35-44,3,Organic Search,Web,True
4709,26-Jul-25,UK,London,Male,35-44,3,App Store,Web,True
4848,05-Nov-25,Canada,Calgary,Male,35-44,3,Organic Search,Web,True
4981,04-Apr-25,Germany,Munich,Male,35-44,3,Paid Search,Web,True
5075,18-Oct-25,Canada,Montreal,Male,35-44,3,Social,Web,True
5130,16-Mar-25,Australia,Perth,Male,35-44,3,Paid Search,Web,True
5374,11-Dec-25,Germany,Berlin,Male,35-44,3,Paid Search,Web,True
5806,03-Jan-25,Canada,Montreal,Male,35-44,3,Direct,Web,True
5839,25-Jan-25,Australia,Perth,Male,35-44,3,Social,Web,True
6033,30-Jan-25,UK,Manchester,Male,35-44,3,Email,Web,True
6139,18-Sep-25,UK,London,Male,35-44,3,Influencer,Web,True
6156,20-Apr-25,UK,Leeds,Male,35-44,3,Influencer,Web,True
6222,08-Dec-25,Germany,Frankfurt,Male,35-44,3,Organic Search,Web,False
6547,26-Sep-25,Germany,Hamburg,Male,35-44,3,Email,Web,True
6842,30-Sep-25,Canada,Toronto,Male,35-44,3,App Store,Web,True
6852,14-May-25,UAE,Dubai,Male,35-44,3,Social,Web,True
6858,27-Nov-25,Canada,Vancouver,Male,35-44,3,App Store,Web,True
7150,16-Jan-25,Canada,Montreal,Male,35-44,3,Influencer,Web,True
7219,06-Jan-25,Canada,Toronto,Male,35-44,3,Referral,Web,True
7360,06-Jun-25,Canada,Toronto,Male,35-44,3,App Store,Web,True
7389,19-Mar-25,Canada,Calgary,Male,35-44,3,Influencer,Web,True
7532,04-Aug-25,Germany,Hamburg,Male,35-44,3,Influencer,Web,False
7563,01-Sep-25,Australia,Sydney,Male,35-44,3,Email,Web,True
7925,19-Dec-25,Australia,Sydney,Male,35-44,3,Social,Web,True
7983,21-Nov-25,Australia,Sydney,Male,35-44,3,Social,Web,True
158,13-Jan-25,UK,Leeds,Male,35-44,3,Direct,Android,False
1247,10-Dec-25,Australia,Sydney,Male,35-44,3,Social,Android,False
1604,02-Mar-25,Australia,Brisbane,Male,35-44,3,Social,Android,False
2713,05-Jan-26,Canada,Calgary,Male,35-44,3,Email,Android,False
3513,06-Oct-25,Australia,Melbourne,Male,35-44,3,Email,Android,False
3577,04-Jun-25,UK,Glasgow,Male,35-44,3,Referral,Android,False
4233,30-Jun-25,UAE,Dubai,Male,35-44,3,Organic Search,Android,False
4808,16-Feb-25,Canada,Montreal,Male,35-44,3,Influencer,Android,False
5799,22-Jan-25,Australia,Sydney,Male,35-44,3,Referral,Android,False
5890,12-Feb-25,Canada,Montreal,Male,35-44,3,Organic Search,Android,False
6365,17-Sep-25,Canada,Montreal,Male,35-44,3,Paid Search,Android,False
6581,04-Dec-25,Australia,Perth,Male,35-44,3,Social,Android,False
6794,28-Jul-25,Germany,Hamburg,Male,35-44,3,Paid Search,Android,False
7314,04-Jun-25,Canada,Vancouver,Male,35-44,3,Email,Android,False
7354,18-Feb-25,Germany,Munich,Male,35-44,3,Referral,Android,False
7688,31-May-25,UAE,Dubai,Male,35-44,3,Referral,Android,False
7850,19-Jan-25,UAE,Abu Dhabi,Male,35-44,3,Influencer,Android,False
7980,03-Nov-25,Germany,Berlin,Male,35-44,3,Referral,Android,False
1,13-Apr-25,UAE,Abu Dhabi,Male,35-44,3,Referral,Android,True
58,02-Apr-25,UK,Manchester,Male,35-44,3,Paid Search,Android,True
171,28-Jan-25,Germany,Frankfurt,Male,35-44,3,Influencer,Android,True
225,21-Jun-25,Australia,Perth,Male,35-44,3,Direct,Android,True
244,20-Jul-25,Germany,Berlin,Male,35-44,3,App Store,Android,True
295,06-Dec-25,Germany,Frankfurt,Male,35-44,3,Direct,Android,True
298,22-Apr-25,Germany,Munich,Male,35-44,3,Paid Search,Android,True
358,30-Jun-25,Germany,Munich,Male,35-44,3,Organic Search,Android,True
423,29-Jun-25,UAE,Abu Dhabi,Male,35-44,3,Organic Search,Android,True
454,02-Oct-25,Canada,Vancouver,Male,35-44,3,Direct,Android,True
501,10-Aug-25,Germany,Munich,Male,35-44,3,Organic Search,Android,True
625,23-Aug-25,UAE,Abu Dhabi,Male,35-44,3,Paid Search,Android,True
630,09-Jan-25,Germany,Munich,Male,35-44,3,Direct,Android,True
779,16-Jul-25,UK,Glasgow,Male,35-44,3,Organic Search,Android,True
831,02-Nov-25,Canada,Calgary,Male,35-44,3,Organic Search,Android,True
901,09-Oct-25,UK,Manchester,Male,35-44,3,Email,Android,True
914,26-Jan-25,Germany,Berlin,Male,35-44,3,Email,Android,True
959,25-May-25,Australia,Melbourne,Male,35-44,3,Organic Search,Android,True
970,21-Apr-25,Canada,Toronto,Male,35-44,3,App Store,Android,True
1108,14-Jan-25,UK,Birmingham,Male,35-44,3,Referral,Android,True
1157,18-Sep-25,Germany,Berlin,Male,35-44,3,Direct,Android,True
1212,11-Apr-25,Canada,Montreal,Male,35-44,3,Paid Search,Android,True
1333,01-Jul-25,Germany,Hamburg,Male,35-44,3,Email,Android,True
1370,30-Apr-25,UK,Manchester,Male,35-44,3,App Store,Android,True
1416,14-Oct-25,Germany,Berlin,Male,35-44,3,Paid Search,Android,True
1434,30-Jun-25,Australia,Brisbane,Male,35-44,3,Organic Search,Android,True
1487,02-Oct-25,Canada,Toronto,Male,35-44,3,Social,Android,True
1535,07-Jan-26,UAE,Dubai,Male,35-44,3,Influencer,Android,True
1557,16-Jan-25,Canada,Calgary,Male,35-44,3,Organic Search,Android,True
1624,06-Nov-25,Canada,Calgary,Male,35-44,3,Influencer,Android,True
1639,23-Feb-25,UAE,Abu Dhabi,Male,35-44,3,Organic Search,Android,True
1667,15-Apr-25,Canada,Montreal,Male,35-44,3,Email,Android,True
1674,28-Nov-25,Australia,Brisbane,Male,35-44,3,Organic Search,Android,True
1684,08-Sep-25,UAE,Abu Dhabi,Male,35-44,3,Social,Android,True
1738,29-Dec-25,Australia,Perth,Male,35-44,3,Direct,Android,True
1778,17-Jan-25,UAE,Abu Dhabi,Male,35-44,3,Email,Android,True
1787,11-Jul-25,UK,London,Male,35-44,3,Paid Search,Android,True
1823,24-Aug-25,UK,Manchester,Male,35-44,3,Direct,Android,True
1864,10-Aug-25,Canada,Calgary,Male,35-44,3,Referral,Android,True
2096,01-Nov-25,Canada,Montreal,Male,35-44,3,Paid Search,Android,True
2187,14-Mar-25,Germany,Frankfurt,Male,35-44,3,Social,Android,True
2204,23-Mar-25,UK,Glasgow,Male,35-44,3,Social,Android,True
2265,21-May-25,Canada,Montreal,Male,35-44,3,App Store,Android,True
2434,24-Feb-25,Australia,Sydney,Male,35-44,3,Direct,Android,True
2435,12-Jan-25,Germany,Berlin,Male,35-44,3,Organic Search,Android,True
2461,14-Aug-25,Germany,Hamburg,Male,35-44,3,Direct,Android,True
2629,15-Aug-25,Australia,Perth,Male,35-44,3,Direct,Android,True
2654,17-Oct-25,Germany,Frankfurt,Male,35-44,3,App Store,Android,True
2682,28-Jan-25,UAE,Dubai,Male,35-44,3,Referral,Android,True
2688,08-Jan-25,Canada,Vancouver,Male,35-44,3,Paid Search,Android,True
2718,13-Dec-25,Germany,Berlin,Male,35-44,3,Social,Android,True
2737,04-May-25,UAE,Dubai,Male,35-44,3,Paid Search,Android,True
2751,25-Sep-25,Canada,Vancouver,Male,35-44,3,Direct,Android,True
2865,04-Aug-25,UAE,Abu Dhabi,Male,35-44,3,Referral,Android,True
2866,17-Aug-25,Canada,Toronto,Male,35-44,3,Influencer,Android,True
2894,16-Dec-25,Canada,Toronto,Male,35-44,3,Email,Android,True
2897,02-Jul-25,Australia,Brisbane,Male,35-44,3,Direct,Android,True
2953,09-May-25,Germany,Hamburg,Male,35-44,3,Organic Search,Android,True
3006,03-Jun-25,UK,London,Male,35-44,3,Paid Search,Android,True
3162,28-Feb-25,UK,Glasgow,Male,35-44,3,Paid Search,Android,True
3214,16-Oct-25,Germany,Frankfurt,Male,35-44,3,Organic Search,Android,True
3319,16-Jan-25,Canada,Calgary,Male,35-44,3,Paid Search,Android,True
3343,28-Nov-25,Germany,Berlin,Male,35-44,3,Social,Android,True
3491,16-Sep-25,Canada,Vancouver,Male,35-44,3,Social,Android,True
3735,01-Jun-25,Germany,Munich,Male,35-44,3,Paid Search,Android,True
3778,13-Mar-25,UK,Glasgow,Male,35-44,3,Organic Search,Android,True
3793,22-Aug-25,Germany,Berlin,Male,35-44,3,Organic Search,Android,True
3799,13-Jan-25,Germany,Munich,Male,35-44,3,Paid Search,Android,True
3837,27-Jun-25,UK,London,Male,35-44,3,Referral,Android,True
3871,21-Sep-25,Australia,Melbourne,Male,35-44,3,Referral,Android,True
4001,29-Apr-25,Germany,Frankfurt,Male,35-44,3,Email,Android,True
4205,10-Jan-25,Australia,Perth,Male,35-44,3,Influencer,Android,True
4275,28-Dec-25,UK,Glasgow,Male,35-44,3,Email,Android,True
4330,28-Nov-25,Australia,Perth,Male,35-44,3,Email,Android,True
4337,30-Jan-25,UK,Birmingham,Male,35-44,3,Organic Search,Android,True
4432,08-Jul-25,UK,Glasgow,Male,35-44,3,Influencer,Android,True
4507,29-Jan-25,UK,London,Male,35-44,3,Referral,Android,True
4526,07-Aug-25,Germany,Hamburg,Male,35-44,3,Referral,Android,True
4585,28-Oct-25,UAE,Abu Dhabi,Male,35-44,3,Email,Android,True
4593,14-Mar-25,UK,Birmingham,Male,35-44,3,App Store,Android,True
4637,23-Oct-25,UAE,Abu Dhabi,Male,35-44,3,Email,Android,True
4671,19-Dec-25,UK,London,Male,35-44,3,Organic Search,Android,True
4694,04-Mar-25,Australia,Perth,Male,35-44,3,Organic Search,Android,True
4782,22-Apr-25,UAE,Dubai,Male,35-44,3,Paid Search,Android,True
4789,18-Jan-25,Canada,Calgary,Male,35-44,3,Organic Search,Android,True
4806,16-Jun-25,Canada,Vancouver,Male,35-44,3,Paid Search,Android,True
4818,24-Jun-25,Canada,Toronto,Male,35-44,3,Influencer,Android,True
4921,28-Feb-25,Canada,Toronto,Male,35-44,3,Paid Search,Android,True
5078,24-Apr-25,Australia,Sydney,Male,35-44,3,Organic Search,Android,True
5245,03-Apr-25,Germany,Berlin,Male,35-44,3,App Store,Android,True
5334,05-Apr-25,Canada,Calgary,Male,35-44,3,Direct,Android,True
5381,18-Jan-26,Canada,Calgary,Male,35-44,3,Organic Search,Android,True
5390,27-Feb-25,Australia,Perth,Male,35-44,3,Email,Android,True
5520,31-Oct-25,Germany,Munich,Male,35-44,3,Direct,Android,True
5558,06-Dec-25,Germany,Berlin,Male,35-44,3,Email,Android,True
5583,04-Oct-25,Germany,Frankfurt,Male,35-44,3,Organic Search,Android,True
5596,02-Aug-25,Canada,Montreal,Male,35-44,3,App Store,Android,True
5688,16-Jul-25,UAE,Dubai,Male,35-44,3,Referral,Android,True
5703,13-Jan-25,UK,London,Male,35-44,3,Email,Android,True
5712,02-May-25,Australia,Sydney,Male,35-44,3,Email,Android,True
5768,17-Jan-26,UAE,Abu Dhabi,Male,35-44,3,Organic Search,Android,True
5782,06-Apr-25,Germany,Munich,Male,35-44,3,Referral,Android,True
5815,21-Aug-25,Canada,Calgary,Male,35-44,3,Social,Android,True
5986,18-May-25,UAE,Abu Dhabi,Male,35-44,3,Paid Search,Android,True
6133,15-Jan-25,Germany,Frankfurt,Male,35-44,3,Organic Search,Android,True
6146,14-Jan-26,Australia,Sydney,Male,35-44,3,Influencer,Android,True
6179,10-Dec-25,Australia,Perth,Male,35-44,3,Organic Search,Android,True
6187,18-Jan-26,Germany,Hamburg,Male,35-44,3,Influencer,Android,True
6211,31-Aug-25,Australia,Perth,Male,35-44,3,Referral,Android,True
6243,11-Jan-25,UAE,Abu Dhabi,Male,35-44,3,Influencer,Android,True
6385,14-Sep-25,Germany,Munich,Male,35-44,3,Organic Search,Android,True
6414,23-Aug-25,Germany,Munich,Male,35-44,3,App Store,Android,True
6497,23-Nov-25,Canada,Montreal,Male,35-44,3,Referral,Android,True
6576,20-Feb-25,UK,London,Male,35-44,3,Paid Search,Android,True
6660,27-Apr-25,UAE,Abu Dhabi,Male,35-44,3,Referral,Android,True
6662,28-Jan-25,Germany,Hamburg,Male,35-44,3,App Store,Android,True
6680,26-May-25,Canada,Toronto,Male,35-44,3,Social,Android,True
6717,10-Jan-25,UK,Birmingham,Male,35-44,3,Referral,Android,True
6741,18-Sep-25,Germany,Munich,Male,35-44,3,Organic Search,Android,True
6988,10-May-25,UAE,Abu Dhabi,Male,35-44,3,Social,Android,True
7061,12-Mar-25,UK,Leeds,Male,35-44,3,Direct,Android,True
7108,30-Sep-25,Germany,Frankfurt,Male,35-44,3,Influencer,Android,True
7118,16-Jan-26,UAE,Abu Dhabi,Male,35-44,3,Influencer,Android,True
7184,10-Mar-25,Australia,Melbourne,Male,35-44,3,Email,Android,True
7267,30-Apr-25,Australia,Sydney,Male,35-44,3,Organic Search,Android,True
7318,12-Dec-25,UK,Glasgow,Male,35-44,3,Social,Android,True
7321,03-Jun-25,Germany,Frankfurt,Male,35-44,3,Paid Search,Android,True
7408,25-Mar-25,Australia,Brisbane,Male,35-44,3,App Store,Android,True
7508,25-Nov-25,UAE,Dubai,Male,35-44,3,Direct,Android,True
7669,01-Jan-26,Canada,Calgary,Male,35-44,3,Influencer,Android,True
7675,20-Sep-25,UK,Manchester,Male,35-44,3,Influencer,Android,True
7731,20-Nov-25,UAE,Abu Dhabi,Male,35-44,3,Influencer,Android,True
7798,20-Nov-25,UK,London,Male,35-44,3,Influencer,Android,True
7855,27-Apr-25,Australia,Perth,Male,35-44,3,Email,Android,True
7892,10-Jun-25,UK,London,Male,35-44,3,Influencer,Android,True
7910,21-Mar-25,Canada,Montreal,Male,35-44,3,Social,Android,True
7961,04-Mar-25,Germany,Frankfurt,Male,35-44,3,Social,Android,True
7996,09-May-25,Germany,Hamburg,Male,35-44,3,Social,Android,True
9,02-May-25,USA,San Francisco,Female,35-44,3,Paid Search,Android,False
35,28-Sep-25,USA,Miami,Other,35-44,3,Influencer,iOS,True
68,16-Apr-25,USA,Chicago,Female,35-44,3,Referral,Web,True
81,09-Sep-25,USA,San Francisco,Other,35-44,3,Paid Search,Android,True
93,07-Jul-25,USA,New York,Male,35-44,3,Direct,iOS,True
103,10-Dec-25,USA,Austin,Male,35-44,3,Organic Search,Android,False
110,16-Oct-25,USA,Los Angeles,Female,35-44,3,App Store,Android,True
122,03-Mar-25,USA,Seattle,Male,35-44,3,App Store,iOS,True
131,11-Apr-25,USA,Seattle,Female,35-44,3,Referral,iOS,True
134,05-Jan-25,USA,Los Angeles,Female,35-44,3,Social,Web,True
167,14-Feb-25,USA,Seattle,Female,35-44,3,Paid Search,Web,True
219,09-Dec-25,USA,San Francisco,Male,35-44,3,Referral,Web,True
383,04-Jun-25,USA,New York,Male,35-44,3,App Store,Web,True
437,31-Dec-25,USA,Los Angeles,Other,35-44,3,Referral,Android,False
449,07-Jun-25,USA,Boston,Female,35-44,3,Social,Android,False
453,15-Nov-25,USA,San Francisco,Other,35-44,3,Email,iOS,True
465,02-May-25,USA,Los Angeles,Other,35-44,3,App Store,iOS,False
477,08-Jul-25,USA,Seattle,Male,35-44,3,Organic Search,iOS,True
502,23-Dec-25,USA,San Francisco,Female,35-44,3,Paid Search,Android,True
513,27-May-25,USA,Austin,Female,35-44,3,Referral,iOS,True
520,02-Dec-25,USA,Chicago,Male,35-44,3,Paid Search,Android,True
522,15-Sep-25,USA,New York,Male,35-44,3,Email,Android,True
568,05-Feb-25,USA,Los Angeles,Male,35-44,3,Direct,iOS,False
590,08-Dec-25,USA,Los Angeles,Female,35-44,3,Paid Search,Web,False
592,19-Jan-25,USA,New York,Male,35-44,3,Paid Search,Android,True
641,13-Jul-25,USA,Boston,Female,35-44,3,Email,Web,True
648,17-Nov-25,USA,Seattle,Female,35-44,3,Email,Android,True
690,22-Jun-25,USA,Los Angeles,Female,35-44,3,Social,Android,True
710,08-Jan-26,USA,Seattle,Male,35-44,3,Paid Search,iOS,True
718,29-Sep-25,USA,New York,Female,35-44,3,App Store,Android,True
739,31-Jul-25,USA,Chicago,Female,35-44,3,Social,Android,True
768,04-Mar-25,USA,Los Angeles,Male,35-44,3,Paid Search,Android,True
774,08-Apr-25,USA,Los Angeles,Female,35-44,3,Referral,Android,True
775,15-Apr-25,USA,San Francisco,Male,35-44,3,Direct,Android,True
838,06-Sep-25,USA,Austin,Female,35-44,3,App Store,Android,False
840,01-Dec-25,USA,New York,Female,35-44,3,Social,Android,True
845,22-Mar-25,USA,Chicago,Male,35-44,3,Organic Search,Android,True
893,12-Jan-25,USA,San Francisco,Male,35-44,3,App Store,iOS,True
915,19-Oct-25,USA,Miami,Female,35-44,3,Email,iOS,True
924,07-May-25,USA,Miami,Male,35-44,3,Organic Search,iOS,True
939,21-Apr-25,USA,Austin,Male,35-44,3,Social,iOS,True
955,27-Mar-25,USA,Miami,Male,35-44,3,Referral,Web,True
956,06-May-25,USA,San Francisco,Male,35-44,3,Organic Search,iOS,True
972,21-Apr-25,USA,Seattle,Female,35-44,3,App Store,Android,True
985,31-Dec-25,USA,Los Angeles,Male,35-44,3,Social,Web,True
989,30-May-25,USA,Los Angeles,Male,35-44,3,Paid Search,Android,True
1036,20-May-25,USA,Los Angeles,Male,35-44,3,Email,iOS,True
1067,05-Apr-25,USA,New York,Female,35-44,3,App Store,Android,True
1075,17-May-25,USA,Los Angeles,Female,35-44,3,Direct,Android,True
1085,24-Sep-25,USA,Seattle,Male,35-44,3,Social,Android,True
1104,23-Oct-25,USA,Chicago,Female,35-44,3,Referral,Web,False
1113,23-Jan-25,USA,Miami,Male,35-44,3,Referral,iOS,True
1116,02-Jun-25,USA,Boston,Male,35-44,3,Email,iOS,True
1172,28-May-25,USA,San Francisco,Female,35-44,3,Email,iOS,True
1184,29-Dec-25,USA,Seattle,Male,35-44,3,Social,Android,True
1232,31-Mar-25,USA,Los Angeles,Female,35-44,3,Email,Android,True
1270,12-Aug-25,USA,Los Angeles,Male,35-44,3,Paid Search,iOS,False
1332,14-Jun-25,USA,San Francisco,Female,35-44,3,Paid Search,Web,True
1383,08-Oct-25,USA,Austin,Female,35-44,3,Referral,Web,True
1405,17-Jan-25,USA,Seattle,Male,35-44,3,Paid Search,Android,True
1409,17-Mar-25,USA,Austin,Female,35-44,3,Social,Android,True
1410,28-Mar-25,USA,Los Angeles,Male,35-44,3,Social,Android,True
1427,15-Feb-25,USA,Los Angeles,Female,35-44,3,App Store,Android,True
1435,19-Oct-25,USA,Austin,Other,35-44,3,Influencer,Android,True
1448,15-Aug-25,USA,Seattle,Female,35-44,3,Organic Search,iOS,True
1460,27-Aug-25,USA,San Francisco,Male,35-44,3,Organic Search,iOS,True
1474,02-Mar-25,USA,Boston,Female,35-44,3,Paid Search,Android,True
1503,22-Mar-25,USA,Chicago,Male,35-44,3,Social,Android,True
1521,27-Mar-25,USA,Seattle,Female,35-44,3,Referral,Android,False
1527,17-May-25,USA,Seattle,Male,35-44,3,Influencer,Web,True
1544,08-Apr-25,USA,Miami,Female,35-44,3,Paid Search,Android,True
1579,29-Sep-25,USA,Seattle,Female,35-44,3,Direct,Android,True
1603,20-Oct-25,USA,Austin,Male,35-44,3,Direct,Android,True
1633,29-Aug-25,USA,Miami,Female,35-44,3,Referral,iOS,True
1665,08-Apr-25,USA,San Francisco,Male,35-44,3,Organic Search,iOS,True
1681,04-May-25,USA,San Francisco,Male,35-44,3,Direct,Web,True
1710,27-May-25,USA,Austin,Female,35-44,3,Social,iOS,True
1753,21-Aug-25,USA,Los Angeles,Female,35-44,3,Email,Android,False
1762,22-Nov-25,USA,Austin,Female,35-44,3,Organic Search,Web,True
1776,07-Aug-25,USA,Seattle,Male,35-44,3,Social,Web,True
1807,08-Feb-25,USA,New York,Male,35-44,3,Organic Search,iOS,True
1809,10-Jan-26,USA,Austin,Male,35-44,3,Influencer,iOS,True
1830,27-May-25,USA,Seattle,Male,35-44,3,Email,iOS,True
1867,17-Jan-26,USA,Miami,Male,35-44,3,Influencer,Web,True
1887,05-Apr-25,USA,Chicago,Male,35-44,3,Referral,iOS,True
1939,10-Feb-25,USA,Miami,Female,35-44,3,Paid Search,iOS,True
1962,28-Dec-25,USA,Austin,Female,35-44,3,Direct,Android,True
1980,15-Oct-25,USA,Miami,Female,35-44,3,Social,iOS,True
2017,20-Dec-25,USA,San Francisco,Other,35-44,3,Paid Search,iOS,True
2031,18-Jan-25,USA,Austin,Female,35-44,3,Email,Android,True
2039,28-Aug-25,USA,Boston,Female,35-44,3,Direct,Web,True
2093,24-Jun-25,USA,Miami,Female,35-44,3,App Store,Web,True
2102,26-Jul-25,USA,Miami,Female,35-44,3,Social,Android,True
2103,18-Apr-25,USA,Miami,Other,35-44,3,Organic Search,Web,True
2107,10-May-25,USA,San Francisco,Female,35-44,3,App Store,Android,True
2110,09-Oct-25,USA,Austin,Male,35-44,3,Influencer,Web,True
2152,06-Jun-25,USA,Seattle,Female,35-44,3,Direct,iOS,True
2161,29-Apr-25,USA,Boston,Male,35-44,3,Email,Android,True
2165,26-Jan-25,USA,Seattle,Other,35-44,3,Referral,Android,True
2181,10-Mar-25,USA,Austin,Female,35-44,3,App Store,Android,True
2247,09-Dec-25,USA,Chicago,Female,35-44,3,Paid Search,Web,True
2331,19-Feb-25,USA,Austin,Female,35-44,3,Referral,iOS,True
2358,11-Sep-25,USA,Austin,Male,35-44,3,App Store,Android,True
2372,07-Jul-25,USA,Boston,Female,35-44,3,Social,iOS,True
2381,19-Apr-25,USA,New York,Female,35-44,3,Referral,Web,True
2420,13-Oct-25,USA,New York,Male,35-44,3,Referral,Web,True
2443,14-Dec-25,USA,Chicago,Male,35-44,3,Paid Search,iOS,True
2448,26-Dec-25,USA,New York,Male,35-44,3,Direct,Web,True
2450,30-Dec-25,USA,Los Angeles,Male,35-44,3,Influencer,Android,False
2475,09-Jul-25,USA,Los Angeles,Male,35-44,3,App Store,Android,True
2515,05-Apr-25,USA,San Francisco,Male,35-44,3,Social,Android,True
2521,26-Aug-25,USA,San Francisco,Male,35-44,3,Influencer,Android,True
2536,31-Jan-25,USA,San Francisco,Male,35-44,3,Social,Android,True
2547,31-May-25,USA,New York,Female,35-44,3,Social,Android,True
2564,06-Jan-26,USA,San Francisco,Male,35-44,3,Social,Web,True
2566,21-Mar-25,USA,Seattle,Male,35-44,3,Referral,Android,False
2567,09-Sep-25,USA,Seattle,Male,35-44,3,Social,Android,True
2591,14-Jan-25,USA,San Francisco,Male,35-44,3,Email,Android,True
2615,07-Jul-25,USA,New York,Female,35-44,3,App Store,iOS,False
2658,20-Mar-25,USA,Chicago,Female,35-44,3,Organic Search,Web,True
2742,15-Oct-25,USA,Boston,Female,35-44,3,Paid Search,iOS,True
2747,01-Feb-25,USA,Los Angeles,Male,35-44,3,Direct,Android,True
2785,19-Dec-25,USA,Miami,Female,35-44,3,Referral,Android,True
2792,30-Jan-25,USA,Los Angeles,Male,35-44,3,Direct,Android,True
2854,17-Sep-25,USA,Miami,Male,35-44,3,Referral,Android,True
2905,09-Nov-25,USA,Miami,Female,35-44,3,Organic Search,iOS,False
2906,28-Apr-25,USA,Austin,Female,35-44,3,Organic Search,Web,True
2937,04-Feb-25,USA,Austin,Female,35-44,3,Email,Android,True
2938,29-Oct-25,USA,Miami,Female,35-44,3,Organic Search,Android,True
2947,11-Mar-25,USA,Seattle,Female,35-44,3,Direct,Android,True
2963,07-Jul-25,USA,Seattle,Male,35-44,3,Social,Web,True
2999,07-May-25,USA,Austin,Female,35-44,3,Organic Search,iOS,True
3013,23-Mar-25,USA,Los Angeles,Female,35-44,3,Paid Search,Web,True
3038,27-Mar-25,USA,Austin,Male,35-44,3,Paid Search,Android,True
3041,08-Apr-25,USA,San Francisco,Female,35-44,3,Referral,Web,True
3081,20-Aug-25,USA,Miami,Female,35-44,3,Paid Search,Web,True
3120,14-Apr-25,USA,Miami,Female,35-44,3,Email,iOS,True
3128,16-Sep-25,USA,Seattle,Female,35-44,3,App Store,Web,True
3166,21-Nov-25,USA,Austin,Male,35-44,3,Social,Android,True
3173,17-Jan-26,USA,New York,Female,35-44,3,Email,Android,True
3213,13-Dec-25,USA,Boston,Other,35-44,3,Organic Search,Android,False
3238,09-Nov-25,USA,Chicago,Male,35-44,3,Referral,Android,True
3318,02-Jul-25,USA,Los Angeles,Male,35-44,3,Direct,Android,True
3333,23-Dec-25,USA,San Francisco,Female,35-44,3,Referral,iOS,False
3372,14-Sep-25,USA,Los Angeles,Female,35-44,3,Paid Search,iOS,True
3414,29-Dec-25,USA,Miami,Female,35-44,3,Social,Android,False
3427,28-Feb-25,USA,New York,Female,35-44,3,Influencer,Android,True
3482,27-Nov-25,USA,New York,Male,35-44,3,Direct,Web,False
3494,27-Apr-25,USA,Miami,Male,35-44,3,Direct,iOS,True
3521,14-Mar-25,USA,Miami,Other,35-44,3,Direct,Web,True
3544,17-Oct-25,USA,New York,Male,35-44,3,Referral,Web,True
3546,07-Jan-25,USA,Chicago,Female,35-44,3,Organic Search,iOS,True
3566,31-Jan-25,USA,Los Angeles,Male,35-44,3,Referral,Web,True
3590,19-Jun-25,USA,Boston,Female,35-44,3,Social,Android,True
3602,28-Feb-25,USA,Chicago,Male,35-44,3,Referral,Android,True
3623,18-Jan-26,USA,Seattle,Male,35-44,3,Email,iOS,True
3636,09-Apr-25,USA,Seattle,Male,35-44,3,Paid Search,Android,True
3657,27-Apr-25,USA,San Francisco,Male,35-44,3,Direct,iOS,True
3674,06-Jan-26,USA,San Francisco,Male,35-44,3,Email,Android,True
3709,13-Aug-25,USA,Los Angeles,Male,35-44,3,Direct,iOS,True
3743,19-Jan-25,USA,Miami,Female,35-44,3,Referral,iOS,True
3749,30-Jan-25,USA,Miami,Female,35-44,3,App Store,Web,True
3766,13-Jun-25,USA,San Francisco,Female,35-44,3,Email,Web,True
3768,13-Jul-25,USA,Chicago,Female,35-44,3,Social,Web,True
3771,23-Jan-25,USA,Boston,Female,35-44,3,Social,iOS,True
3775,24-Dec-25,USA,New York,Male,35-44,3,Paid Search,iOS,True
3791,10-Jan-26,USA,Los Angeles,Female,35-44,3,Direct,Web,True
3854,07-May-25,USA,Chicago,Male,35-44,3,Influencer,Android,True
3856,27-Dec-25,USA,Seattle,Other,35-44,3,Direct,Web,True
3866,21-Oct-25,USA,Miami,Female,35-44,3,Referral,iOS,False
3872,21-Nov-25,USA,Miami,Female,35-44,3,Email,Android,True
3888,24-Mar-25,USA,Austin,Female,35-44,3,Referral,Web,True
3889,26-Jun-25,USA,Los Angeles,Female,35-44,3,Email,Android,True
3899,24-Jun-25,USA,New York,Male,35-44,3,App Store,Web,True
3901,01-Aug-25,USA,San Francisco,Female,35-44,3,Paid Search,iOS,True
3908,30-Sep-25,USA,Chicago,Female,35-44,3,Organic Search,Android,True
3918,11-Apr-25,USA,New York,Male,35-44,3,Organic Search,Web,True
3929,27-Dec-25,USA,Miami,Female,35-44,3,Referral,iOS,True
4005,14-Apr-25,USA,Miami,Female,35-44,3,App Store,Android,True
4033,03-Nov-25,USA,Boston,Female,35-44,3,Influencer,Android,True
4056,13-May-25,USA,New York,Male,35-44,3,Social,Android,False
4072,28-Oct-25,USA,Seattle,Female,35-44,3,App Store,iOS,True
4084,04-Aug-25,USA,New York,Female,35-44,3,App Store,Android,True
4123,10-Jun-25,USA,Miami,Male,35-44,3,Social,iOS,True
4153,17-Sep-25,USA,Seattle,Other,35-44,3,Direct,Android,True
4163,02-Sep-25,USA,Miami,Male,35-44,3,Paid Search,Android,True
4171,04-Apr-25,USA,San Francisco,Male,35-44,3,Email,iOS,True
4185,05-Feb-25,USA,Boston,Female,35-44,3,Direct,iOS,True
4192,09-Sep-25,USA,San Francisco,Female,35-44,3,Social,Android,True
4215,03-Apr-25,USA,Miami,Female,35-44,3,App Store,Android,True
4218,19-Nov-25,USA,Boston,Male,35-44,3,Referral,Web,True
4224,25-Dec-25,USA,New York,Female,35-44,3,Direct,Web,True
4248,15-Apr-25,USA,San Francisco,Female,35-44,3,Email,Android,True
4252,20-Dec-25,USA,Los Angeles,Female,35-44,3,Direct,Android,True
4266,07-Jul-25,USA,Seattle,Female,35-44,3,Organic Search,Android,True
4349,08-Feb-25,USA,Miami,Female,35-44,3,Influencer,Web,False
4380,20-Feb-25,USA,Seattle,Male,35-44,3,App Store,iOS,False
4403,06-Dec-25,USA,Miami,Female,35-44,3,Email,iOS,True
4409,18-Feb-25,USA,Seattle,Male,35-44,3,Direct,iOS,True
4445,16-Nov-25,USA,Austin,Female,35-44,3,App Store,iOS,True
4454,31-May-25,USA,San Francisco,Male,35-44,3,Direct,Android,True
4533,18-Oct-25,USA,Boston,Female,35-44,3,Social,iOS,True
4564,21-Aug-25,USA,Austin,Male,35-44,3,Paid Search,iOS,False
4577,14-Jan-26,USA,Miami,Female,35-44,3,Organic Search,Android,True
4580,22-Dec-25,USA,Austin,Female,35-44,3,Direct,Web,False
4604,10-Oct-25,USA,Miami,Male,35-44,3,Paid Search,iOS,True
4620,12-Jan-26,USA,New York,Male,35-44,3,Referral,Android,True
4628,31-May-25,USA,Austin,Male,35-44,3,App Store,iOS,True
4632,13-Aug-25,USA,Austin,Female,35-44,3,Paid Search,Android,True
4682,03-May-25,USA,New York,Male,35-44,3,Social,Web,True
4686,24-Apr-25,USA,Austin,Female,35-44,3,Email,Android,True
4715,12-Apr-25,USA,New York,Male,35-44,3,Direct,Android,True
4761,17-May-25,USA,Boston,Female,35-44,3,Paid Search,Android,True
4771,09-Nov-25,USA,San Francisco,Male,35-44,3,App Store,iOS,True
4796,23-Aug-25,USA,Austin,Male,35-44,3,Direct,iOS,True
4810,07-May-25,USA,Miami,Male,35-44,3,Email,Web,True
4858,29-Jan-25,USA,Miami,Male,35-44,3,Influencer,Web,True
4885,20-Aug-25,USA,Austin,Female,35-44,3,Paid Search,iOS,True
4894,27-Aug-25,USA,San Francisco,Male,35-44,3,Influencer,Web,True
4898,01-Dec-25,USA,Miami,Male,35-44,3,Paid Search,Web,True
4899,08-Aug-25,USA,Los Angeles,Male,35-44,3,Paid Search,Android,True
4907,14-Feb-25,USA,Miami,Female,35-44,3,App Store,Android,True
4918,25-Jul-25,USA,Los Angeles,Female,35-44,3,Referral,iOS,True
4956,28-Feb-25,USA,Miami,Female,35-44,3,Email,Android,True
4976,14-Apr-25,USA,Miami,Male,35-44,3,Influencer,Web,False
4985,27-Oct-25,USA,San Francisco,Male,35-44,3,Paid Search,Web,True
4993,12-Dec-25,USA,Los Angeles,Female,35-44,3,Paid Search,Web,False
4998,04-Jan-26,USA,New York,Female,35-44,3,Paid Search,Android,True
5049,15-Sep-25,USA,Los Angeles,Female,35-44,3,Email,iOS,True
5083,23-Aug-25,USA,Miami,Male,35-44,3,Paid Search,Android,True
5088,07-Dec-25,USA,Seattle,Female,35-44,3,Social,iOS,True
5093,09-Mar-25,USA,Los Angeles,Female,35-44,3,Email,Web,True
5097,19-Jan-25,USA,Austin,Male,35-44,3,App Store,Android,True
5103,17-Feb-25,USA,San Francisco,Male,35-44,3,Email,Android,True
5124,08-Jul-25,USA,San Francisco,Female,35-44,3,Email,Android,True
5143,23-May-25,USA,Boston,Female,35-44,3,Social,iOS,True
5220,16-Dec-25,USA,Chicago,Male,35-44,3,Email,Android,True
5243,20-Apr-25,USA,New York,Male,35-44,3,Direct,Android,True
5261,04-Dec-25,USA,Boston,Female,35-44,3,Paid Search,Android,False
5262,15-Jun-25,USA,New York,Male,35-44,3,Email,Web,True
5284,06-Mar-25,USA,Boston,Female,35-44,3,Direct,Android,False
5288,16-Apr-25,USA,San Francisco,Male,35-44,3,Organic Search,Web,False
5291,14-Aug-25,USA,San Francisco,Female,35-44,3,Direct,Android,True
5312,20-Jul-25,USA,Seattle,Male,35-44,3,App Store,Android,True
5325,12-Aug-25,USA,Seattle,Male,35-44,3,Social,Android,True
5353,06-Apr-25,USA,Los Angeles,Other,35-44,3,Email,iOS,True
5358,04-Jul-25,USA,Austin,Other,35-44,3,App Store,Web,True
5395,23-Jun-25,USA,Miami,Female,35-44,3,Organic Search,Android,False
5398,11-Nov-25,USA,Miami,Female,35-44,3,Email,Android,True
5424,03-Dec-25,USA,Chicago,Female,35-44,3,Direct,Android,True
5435,17-May-25,USA,Seattle,Female,35-44,3,Influencer,iOS,True
5447,20-May-25,USA,Los Angeles,Male,35-44,3,Organic Search,Android,True
5462,17-Dec-25,USA,San Francisco,Female,35-44,3,Social,Android,True
5469,12-Apr-25,USA,New York,Female,35-44,3,Direct,iOS,True
5496,09-Mar-25,USA,Chicago,Female,35-44,3,Referral,Web,False
5510,07-Jul-25,USA,Chicago,Male,35-44,3,App Store,Android,True
5606,22-Jul-25,USA,Austin,Male,35-44,3,Influencer,Web,True
5638,13-Apr-25,USA,Miami,Male,35-44,3,Referral,Android,True
5675,01-Jan-26,USA,Seattle,Female,35-44,3,Paid Search,Android,True
5700,30-Sep-25,USA,Seattle,Male,35-44,3,Direct,iOS,True
5704,13-Feb-25,USA,Miami,Female,35-44,3,Organic Search,Android,True
5710,10-Apr-25,USA,New York,Male,35-44,3,Paid Search,Web,True
5796,24-Oct-25,USA,Los Angeles,Male,35-44,3,Paid Search,iOS,True
5852,17-Jan-26,USA,Miami,Female,35-44,3,Paid Search,Android,True
5864,06-Jul-25,USA,Chicago,Male,35-44,3,App Store,Android,True
5871,25-Oct-25,USA,San Francisco,Female,35-44,3,Social,Android,True
5874,29-Nov-25,USA,San Francisco,Male,35-44,3,App Store,iOS,False
5916,16-Aug-25,USA,New York,Female,35-44,3,App Store,Android,False
5939,14-Nov-25,USA,Miami,Female,35-44,3,Referral,iOS,True
5972,15-May-25,USA,Chicago,Male,35-44,3,Email,Android,True
6029,01-Nov-25,USA,Los Angeles,Male,35-44,3,Paid Search,iOS,True
6063,12-Jan-25,USA,Chicago,Male,35-44,3,App Store,Android,True
6072,03-Oct-25,USA,Austin,Male,35-44,3,Paid Search,iOS,True
6075,07-Mar-25,USA,Seattle,Female,35-44,3,Email,Web,False
6125,17-Jul-25,USA,New York,Female,35-44,3,Direct,iOS,True
6224,30-Jul-25,USA,Austin,Female,35-44,3,Direct,Web,True
6228,28-Aug-25,USA,San Francisco,Other,35-44,3,Paid Search,iOS,True
6237,08-Feb-25,USA,Los Angeles,Male,35-44,3,Direct,iOS,True
6257,11-Jan-26,USA,San Francisco,Other,35-44,3,Direct,iOS,True
6286,02-May-25,USA,Chicago,Male,35-44,3,Paid Search,Web,True
6336,24-Aug-25,USA,Boston,Other,35-44,3,Referral,iOS,False
6416,27-Apr-25,USA,Chicago,Male,35-44,3,Organic Search,iOS,True
6450,17-Dec-25,USA,Miami,Male,35-44,3,Social,iOS,True
6485,28-Jun-25,USA,San Francisco,Male,35-44,3,App Store,Web,True
6517,12-Jan-26,USA,Seattle,Female,35-44,3,Organic Search,Android,True
6658,11-Apr-25,USA,Miami,Female,35-44,3,Paid Search,Web,True
6669,07-Feb-25,USA,San Francisco,Female,35-44,3,Direct,iOS,True
6674,16-Sep-25,USA,New York,Male,35-44,3,App Store,iOS,False
6699,09-May-25,USA,Chicago,Male,35-44,3,Email,Android,False
6772,04-Nov-25,USA,Boston,Male,35-44,3,Influencer,iOS,True
6779,13-Apr-25,USA,Miami,Male,35-44,3,Organic Search,Web,False
6817,14-Nov-25,USA,Los Angeles,Male,35-44,3,Referral,Web,True
6907,27-Jun-25,USA,Boston,Male,35-44,3,App Store,Android,True
6908,04-Mar-25,USA,Boston,Male,35-44,3,Referral,Android,False
6919,09-Apr-25,USA,New York,Male,35-44,3,Paid Search,Web,False
6940,19-Oct-25,USA,Miami,Female,35-44,3,Email,Android,True
6944,09-Jul-25,USA,Miami,Female,35-44,3,Social,Android,True
6987,02-Dec-25,USA,San Francisco,Female,35-44,3,Referral,Android,True
6995,28-May-25,USA,Boston,Male,35-44,3,Paid Search,Web,True
7006,10-Apr-25,USA,Chicago,Male,35-44,3,Paid Search,iOS,True
7074,12-Oct-25,USA,Miami,Female,35-44,3,Direct,iOS,True
7105,22-Apr-25,USA,San Francisco,Male,35-44,3,Direct,Android,True
7132,02-Dec-25,USA,Austin,Other,35-44,3,Direct,iOS,True
7141,23-Jan-25,USA,Seattle,Male,35-44,3,Social,Android,False
7146,11-Jun-25,USA,San Francisco,Female,35-44,3,Paid Search,Android,True
7220,13-Apr-25,USA,Los Angeles,Male,35-44,3,Direct,Android,True
7278,20-Nov-25,USA,San Francisco,Male,35-44,3,Influencer,Android,True
7384,18-Feb-25,USA,Chicago,Male,35-44,3,Influencer,iOS,False
7401,24-Jul-25,USA,New York,Male,35-44,3,Referral,Android,True
7416,10-Apr-25,USA,Austin,Male,35-44,3,Paid Search,iOS,True
7417,19-Mar-25,USA,Chicago,Male,35-44,3,App Store,Web,True
7491,02-Aug-25,USA,Los Angeles,Male,35-44,3,Paid Search,Android,True
7500,26-Nov-25,USA,New York,Female,35-44,3,Referral,Android,True
7547,30-Aug-25,USA,Austin,Male,35-44,3,Referral,Android,True
7550,23-Sep-25,USA,Los Angeles,Other,35-44,3,Organic Search,Android,True
7554,11-Mar-25,USA,San Francisco,Male,35-44,3,Direct,Android,True
7558,08-Feb-25,USA,Seattle,Female,35-44,3,Social,Web,False
7574,25-Jan-25,USA,Los Angeles,Female,35-44,3,Organic Search,Android,False
7578,26-Feb-25,USA,San Francisco,Female,35-44,3,Influencer,iOS,False
7594,18-Oct-25,USA,San Francisco,Male,35-44,3,Social,iOS,False
7665,04-Nov-25,USA,Boston,Female,35-44,3,App Store,iOS,True
7677,21-Dec-25,USA,Chicago,Female,35-44,3,App Store,Web,True
7679,23-May-25,USA,Los Angeles,Female,35-44,3,Social,Web,True
7692,25-Aug-25,USA,San Francisco,Male,35-44,3,App Store,iOS,True
7741,15-Mar-25,USA,San Francisco,Female,35-44,3,Referral,Web,False
7800,03-Aug-25,USA,Chicago,Other,35-44,3,Organic Search,Android,True
7805,27-Aug-25,USA,Boston,Female,35-44,3,Referral,Android,True
7854,06-Sep-25,USA,Los Angeles,Female,35-44,3,App Store,Android,True
7859,21-Nov-25,USA,San Francisco,Male,35-44,3,Paid Search,Android,True
7879,22-Sep-25,USA,Seattle,Male,35-44,3,Organic Search,iOS,True
7937,21-Jun-25,USA,Austin,Female,35-44,3,Paid Search,iOS,False
7942,17-Jul-25,USA,New York,Female,35-44,3,Direct,iOS,True
7960,15-Sep-25,USA,New York,Female,35-44,3,App Store,Web,True
7973,16-Jul-25,USA,San Francisco,Male,35-44,3,Paid Search,Web,False
325,18-Aug-25,USA,New York,Other,18-24,1,Social,iOS,True
409,15-Oct-25,USA,New York,Other,18-24,1,Organic Search,Android,True
917,08-Jan-25,USA,Los Angeles,Other,18-24,1,App Store,Android,True
1267,18-Feb-25,USA,Austin,Other,18-24,1,Direct,Web,True
1307,27-Jun-25,USA,Austin,Other,18-24,1,Referral,iOS,True
1522,07-Sep-25,USA,San Francisco,Other,18-24,1,Referral,Web,True
1563,03-Feb-25,USA,San Francisco,Other,18-24,1,App Store,Android,False
1682,07-Feb-25,USA,Los Angeles,Other,18-24,1,Email,Android,True
2101,02-Jan-26,USA,Los Angeles,Other,18-24,1,Social,iOS,True
2209,09-May-25,USA,New York,Other,18-24,1,Direct,iOS,True
2644,29-Jan-25,USA,San Francisco,Other,18-24,1,Organic Search,iOS,False
2648,10-Nov-25,USA,Miami,Other,18-24,1,Email,Android,True
2694,08-Aug-25,USA,New York,Other,18-24,1,Organic Search,iOS,True
3639,14-Apr-25,USA,Miami,Other,18-24,1,Email,Web,True
5208,08-Jan-26,USA,Miami,Other,18-24,1,Paid Search,iOS,True
5308,07-Aug-25,USA,New York,Other,18-24,1,Referral,Web,True
6008,14-Dec-25,USA,Miami,Other,18-24,1,Influencer,Web,True
6567,05-Nov-25,USA,Chicago,Other,18-24,1,Direct,Web,True
6749,17-Sep-25,USA,Los Angeles,Other,18-24,1,Referral,Web,True
7023,17-Sep-25,USA,Los Angeles,Other,18-24,1,Referral,Android,True
7622,06-Oct-25,USA,Chicago,Other,18-24,1,Direct,iOS,False
43,11-May-25,USA,Miami,Female,18-24,1,App Store,iOS,False
97,15-Jan-25,USA,Austin,Female,18-24,1,Paid Search,Android,True
214,23-Apr-25,USA,Austin,Female,18-24,1,Email,iOS,True
385,14-Apr-25,USA,Boston,Female,18-24,1,Paid Search,iOS,True
468,17-Oct-25,USA,Seattle,Female,18-24,1,Paid Search,Web,True
482,04-Sep-25,USA,Austin,Female,18-24,1,App Store,Web,False
507,21-Nov-25,USA,Miami,Female,18-24,1,Influencer,Android,True
510,29-Jun-25,USA,Los Angeles,Female,18-24,1,Email,iOS,True
534,06-Mar-25,USA,Chicago,Female,18-24,1,App Store,Android,True
621,13-May-25,USA,Austin,Female,18-24,1,Social,Android,True
634,07-Jan-25,USA,Austin,Female,18-24,1,Social,iOS,False
678,01-Jan-25,USA,San Francisco,Female,18-24,1,Direct,Android,True
683,08-Nov-25,USA,New York,Female,18-24,1,Organic Search,iOS,True
793,01-Jan-25,USA,Miami,Female,18-24,1,Direct,Android,True
846,13-May-25,USA,New York,Female,18-24,1,Organic Search,Android,True
979,06-Jan-25,USA,Los Angeles,Female,18-24,1,App Store,Android,True
1019,04-Apr-25,USA,Miami,Female,18-24,1,Organic Search,Android,True
1039,31-Mar-25,USA,Miami,Female,18-24,1,Paid Search,Web,True
1041,16-Nov-25,USA,Austin,Female,18-24,1,Referral,Web,True
1047,29-Nov-25,USA,Chicago,Female,18-24,1,Referral,iOS,True
1049,10-Jun-25,USA,Miami,Female,18-24,1,Email,Web,True
1130,06-Jun-25,USA,Los Angeles,Female,18-24,1,Direct,Android,True
1142,05-Jan-25,USA,Seattle,Female,18-24,1,Referral,Web,True
1196,11-Jan-26,USA,Los Angeles,Female,18-24,1,Paid Search,Android,True
1214,20-Apr-25,USA,Los Angeles,Female,18-24,1,Referral,Android,True
1250,12-Oct-25,USA,Boston,Female,18-24,1,Referral,Web,True
1464,03-Dec-25,USA,Seattle,Female,18-24,1,Organic Search,Android,True
1589,22-May-25,USA,Seattle,Female,18-24,1,Email,Web,True
1702,09-Feb-25,USA,Chicago,Female,18-24,1,Paid Search,Android,True
1711,02-Dec-25,USA,New York,Female,18-24,1,Influencer,Web,True
1815,10-May-25,USA,Los Angeles,Female,18-24,1,Email,Android,False
1819,27-Jan-25,USA,Boston,Female,18-24,1,Influencer,Web,True
1828,25-Mar-25,USA,New York,Female,18-24,1,Email,Web,True
1836,12-Jun-25,USA,Boston,Female,18-24,1,Social,Android,True
1859,12-Nov-25,USA,Boston,Female,18-24,1,Influencer,Web,True
1895,24-Sep-25,USA,San Francisco,Female,18-24,1,Social,Android,True
1971,27-May-25,USA,Boston,Female,18-24,1,Email,iOS,False
2053,14-Jan-25,USA,San Francisco,Female,18-24,1,Paid Search,Android,True
2091,01-May-25,USA,Austin,Female,18-24,1,Referral,Android,True
2114,04-Feb-25,USA,Boston,Female,18-24,1,Direct,Android,True
2119,10-Jun-25,USA,Miami,Female,18-24,1,Social,Android,True
2148,08-Jan-25,USA,Los Angeles,Female,18-24,1,Organic Search,iOS,True
2167,30-Oct-25,USA,Los Angeles,Female,18-24,1,Paid Search,Web,False
2252,21-Jan-25,USA,Chicago,Female,18-24,1,Organic Search,iOS,True
2309,21-May-25,USA,Chicago,Female,18-24,1,Influencer,iOS,True
2395,12-Nov-25,USA,Los Angeles,Female,18-24,1,Email,iOS,True
2398,27-Jan-25,USA,Austin,Female,18-24,1,Paid Search,iOS,True
2469,07-Dec-25,USA,Austin,Female,18-24,1,Paid Search,Android,True
2509,25-Jan-25,USA,Miami,Female,18-24,1,Organic Search,iOS,True
2525,27-Apr-25,USA,Seattle,Female,18-24,1,Direct,Android,False
2633,21-Jan-25,USA,Seattle,Female,18-24,1,App Store,Web,True
2796,08-Oct-25,USA,Los Angeles,Female,18-24,1,Direct,Android,True
2800,16-May-25,USA,Los Angeles,Female,18-24,1,Paid Search,iOS,True
2859,29-Apr-25,USA,Austin,Female,18-24,1,Organic Search,Android,True
3003,28-May-25,USA,Austin,Female,18-24,1,App Store,Web,True
3148,29-Oct-25,USA,New York,Female,18-24,1,Email,Web,True
3181,01-Mar-25,USA,Miami,Female,18-24,1,Referral,iOS,False
3279,11-Oct-25,USA,Austin,Female,18-24,1,Referral,Web,True
3288,01-May-25,USA,Seattle,Female,18-24,1,Direct,Web,True
3289,02-Oct-25,USA,Boston,Female,18-24,1,Influencer,Web,False
3356,07-Feb-25,USA,Chicago,Female,18-24,1,Email,iOS,False
3373,13-Mar-25,USA,Austin,Female,18-24,1,Organic Search,iOS,True
3396,26-Jun-25,USA,Austin,Female,18-24,1,App Store,Android,True
3401,04-Jan-26,USA,Seattle,Female,18-24,1,App Store,iOS,True
3509,03-Mar-25,USA,Los Angeles,Female,18-24,1,App Store,Android,True
3528,14-Jul-25,USA,San Francisco,Female,18-24,1,Social,Android,False
3589,06-Feb-25,USA,New York,Female,18-24,1,Organic Search,Android,True
3779,16-Sep-25,USA,Seattle,Female,18-24,1,Social,Android,True
3931,13-Jan-25,USA,Miami,Female,18-24,1,Email,iOS,True
3967,28-Apr-25,USA,Boston,Female,18-24,1,Direct,iOS,True
4022,01-Sep-25,USA,Los Angeles,Female,18-24,1,Paid Search,Android,True
4078,17-Dec-25,USA,Los Angeles,Female,18-24,1,Paid Search,Android,True
4098,05-Sep-25,USA,Miami,Female,18-24,1,Email,Web,True
4124,28-Jul-25,USA,Los Angeles,Female,18-24,1,Email,Android,False
4133,18-Jun-25,USA,New York,Female,18-24,1,App Store,iOS,True
4146,30-Mar-25,USA,New York,Female,18-24,1,Organic Search,Android,True
4216,23-Nov-25,USA,Chicago,Female,18-24,1,Organic Search,Web,True
4320,18-May-25,USA,Boston,Female,18-24,1,Email,Web,True
4343,04-Jul-25,USA,Chicago,Female,18-24,1,Organic Search,iOS,True
4360,01-Feb-25,USA,Boston,Female,18-24,1,App Store,Android,True
4547,10-Feb-25,USA,Chicago,Female,18-24,1,Influencer,iOS,False
4554,17-Oct-25,USA,Miami,Female,18-24,1,Email,iOS,False
4705,29-Dec-25,USA,Seattle,Female,18-24,1,Organic Search,iOS,True
4800,11-Jun-25,USA,Chicago,Female,18-24,1,Paid Search,Android,True
4805,25-Jul-25,USA,Los Angeles,Female,18-24,1,Social,Android,True
4870,03-Apr-25,USA,Boston,Female,18-24,1,App Store,Android,True
4881,19-May-25,USA,New York,Female,18-24,1,Referral,iOS,True
5000,21-Oct-25,USA,Boston,Female,18-24,1,Referral,iOS,True
5003,15-Jun-25,USA,Chicago,Female,18-24,1,Influencer,Android,False
5076,27-Mar-25,USA,Seattle,Female,18-24,1,Referral,iOS,False
5085,03-Jan-25,USA,Miami,Female,18-24,1,Direct,Web,False
5133,09-Dec-25,USA,Boston,Female,18-24,1,App Store,Web,True
5173,16-Mar-25,USA,Boston,Female,18-24,1,Organic Search,Android,True
5270,10-Jan-26,USA,New York,Female,18-24,1,Influencer,Web,True
5327,31-Dec-25,USA,Seattle,Female,18-24,1,Organic Search,Android,True
5396,24-Nov-25,USA,Austin,Female,18-24,1,App Store,Web,True
5621,28-Feb-25,USA,Seattle,Female,18-24,1,Paid Search,Android,True
5676,14-Jan-25,USA,San Francisco,Female,18-24,1,Email,iOS,True
5741,14-Oct-25,USA,Chicago,Female,18-24,1,Paid Search,iOS,True
5745,07-Oct-25,USA,Boston,Female,18-24,1,App Store,Android,True
5756,05-May-25,USA,Los Angeles,Female,18-24,1,Direct,iOS,True
5863,18-Jan-25,USA,Boston,Female,18-24,1,Referral,iOS,True
5989,12-Nov-25,USA,San Francisco,Female,18-24,1,Referral,Android,True
6045,27-Dec-25,USA,Chicago,Female,18-24,1,Direct,Android,True
6191,03-Dec-25,USA,Austin,Female,18-24,1,Paid Search,Android,True
6266,20-May-25,USA,Miami,Female,18-24,1,App Store,Web,False
6343,12-Mar-25,USA,San Francisco,Female,18-24,1,App Store,Android,True
6387,12-Dec-25,USA,Miami,Female,18-24,1,Organic Search,Android,True
6429,30-Dec-25,USA,Los Angeles,Female,18-24,1,Referral,Web,False
6443,14-May-25,USA,Seattle,Female,18-24,1,Email,iOS,False
6600,29-Nov-25,USA,Austin,Female,18-24,1,Organic Search,Android,True
6612,26-Mar-25,USA,Austin,Female,18-24,1,Paid Search,Android,True
6632,28-Oct-25,USA,Los Angeles,Female,18-24,1,Organic Search,Android,True
6648,14-Oct-25,USA,Chicago,Female,18-24,1,Organic Search,iOS,True
6671,22-May-25,USA,Miami,Female,18-24,1,Social,Android,True
6816,02-Jan-26,USA,Austin,Female,18-24,1,Direct,Android,True
6853,12-Oct-25,USA,New York,Female,18-24,1,Referral,Web,True
6918,24-Jun-25,USA,New York,Female,18-24,1,Social,iOS,True
6934,01-Dec-25,USA,Chicago,Female,18-24,1,Organic Search,Android,True
7029,01-Feb-25,USA,New York,Female,18-24,1,Social,iOS,False
7051,08-Jul-25,USA,Miami,Female,18-24,1,Direct,Web,True
7151,23-Nov-25,USA,Chicago,Female,18-24,1,Referral,Web,True
7178,05-Feb-25,USA,Austin,Female,18-24,1,Referral,iOS,True
7221,10-Jan-25,USA,San Francisco,Female,18-24,1,Referral,Android,True
7292,31-Dec-25,USA,Los Angeles,Female,18-24,1,Direct,iOS,True
7422,26-Aug-25,USA,Chicago,Female,18-24,1,Email,Android,True
7436,17-Feb-25,USA,New York,Female,18-24,1,Referral,iOS,True
7470,14-Jan-25,USA,Miami,Female,18-24,1,Influencer,Android,True
7511,07-Sep-25,USA,Los Angeles,Female,18-24,1,Organic Search,Android,True
7519,08-Jan-25,USA,San Francisco,Female,18-24,1,Direct,Android,True
7552,19-Jul-25,USA,Boston,Female,18-24,1,Influencer,Android,True
7553,05-Sep-25,USA,Austin,Female,18-24,1,Social,iOS,True
7717,08-Nov-25,USA,New York,Female,18-24,1,Organic Search,iOS,False
7734,12-Mar-25,USA,New York,Female,18-24,1,Email,iOS,True
7743,12-Jan-26,USA,Seattle,Female,18-24,1,Organic Search,Android,True
7781,16-Jun-25,USA,Boston,Female,18-24,1,App Store,Web,True
7807,17-Jun-25,USA,Seattle,Female,18-24,1,App Store,Android,True
7951,28-Apr-25,USA,Miami,Female,18-24,1,Email,Android,True
23,11-Jul-25,USA,New York,Male,18-24,1,Organic Search,Web,True
152,19-Aug-25,USA,Boston,Male,18-24,1,App Store,iOS,True
179,19-Aug-25,USA,Seattle,Male,18-24,1,Referral,Web,True
209,23-Apr-25,USA,Boston,Male,18-24,1,App Store,Android,True
212,22-Mar-25,USA,New York,Male,18-24,1,Influencer,Android,False
222,06-May-25,USA,San Francisco,Male,18-24,1,Social,Android,True
224,22-Feb-25,USA,Seattle,Male,18-24,1,Direct,iOS,True
309,10-Jun-25,USA,Austin,Male,18-24,1,App Store,Android,True
349,08-Jan-26,USA,New York,Male,18-24,1,Email,Web,False
422,01-Nov-25,USA,San Francisco,Male,18-24,1,Organic Search,Android,True
493,26-Aug-25,USA,Los Angeles,Male,18-24,1,Direct,iOS,True
541,05-Apr-25,USA,Seattle,Male,18-24,1,App Store,Web,True
701,15-Aug-25,USA,Chicago,Male,18-24,1,Organic Search,Android,True
769,05-Aug-25,USA,Boston,Male,18-24,1,Influencer,Android,True
803,13-Mar-25,USA,Los Angeles,Male,18-24,1,Paid Search,Android,False
919,21-Dec-25,USA,San Francisco,Male,18-24,1,Paid Search,iOS,True
930,04-Aug-25,USA,New York,Male,18-24,1,Referral,Web,True
935,08-Nov-25,USA,Chicago,Male,18-24,1,Social,Android,True
949,29-Apr-25,USA,Miami,Male,18-24,1,Direct,Android,True
966,19-Apr-25,USA,Boston,Male,18-24,1,Organic Search,iOS,True
1012,08-Aug-25,USA,Austin,Male,18-24,1,Social,Android,True
1249,26-Jun-25,USA,Miami,Male,18-24,1,Social,Android,True
1273,14-Jan-26,USA,Seattle,Male,18-24,1,Referral,iOS,True
1283,18-Jan-25,USA,San Francisco,Male,18-24,1,Paid Search,Android,True
1289,23-Apr-25,USA,Seattle,Male,18-24,1,Email,Android,True
1325,18-Oct-25,USA,San Francisco,Male,18-24,1,Direct,iOS,True
1345,05-Feb-25,USA,Chicago,Male,18-24,1,Email,Android,True
1408,13-Jan-26,USA,Chicago,Male,18-24,1,Social,iOS,True
1422,25-Aug-25,USA,Seattle,Male,18-24,1,Influencer,Android,True
1475,14-Apr-25,USA,Miami,Male,18-24,1,Direct,iOS,True
1511,23-May-25,USA,Miami,Male,18-24,1,Direct,Android,True
1515,16-Feb-25,USA,Miami,Male,18-24,1,Email,Android,True
1517,23-Sep-25,USA,Boston,Male,18-24,1,App Store,Android,True
1538,14-Jan-25,USA,Miami,Male,18-24,1,Email,iOS,True
1595,02-Jun-25,USA,Austin,Male,18-24,1,Social,Web,True
1677,09-Feb-25,USA,Chicago,Male,18-24,1,Organic Search,iOS,True
1679,18-Sep-25,USA,Austin,Male,18-24,1,App Store,Android,True
1737,09-Jun-25,USA,Austin,Male,18-24,1,Direct,Android,False
1789,12-Oct-25,USA,Boston,Male,18-24,1,Influencer,iOS,True
1795,07-Jan-25,USA,Chicago,Male,18-24,1,Referral,iOS,False
1841,01-Oct-25,USA,Boston,Male,18-24,1,Referral,iOS,True
1921,13-Jul-25,USA,New York,Male,18-24,1,Referral,Android,True
1925,23-Jun-25,USA,Austin,Male,18-24,1,Email,iOS,True
1950,08-Sep-25,USA,Boston,Male,18-24,1,Paid Search,Web,True
1994,04-Feb-25,USA,New York,Male,18-24,1,Social,Android,True
2134,08-Feb-25,USA,Miami,Male,18-24,1,Paid Search,Android,True
2183,31-Mar-25,USA,Chicago,Male,18-24,1,Paid Search,Web,True
2241,31-Oct-25,USA,Seattle,Male,18-24,1,Organic Search,Android,True
2255,30-Oct-25,USA,Austin,Male,18-24,1,Influencer,Web,True
2268,30-Nov-25,USA,New York,Male,18-24,1,App Store,Android,True
2270,08-Jan-26,USA,Los Angeles,Male,18-24,1,Direct,Android,True
2302,06-Nov-25,USA,New York,Male,18-24,1,Social,Android,False
2355,18-May-25,USA,Los Angeles,Male,18-24,1,Paid Search,Android,True
2408,27-Feb-25,USA,Miami,Male,18-24,1,App Store,iOS,True
2449,05-Sep-25,USA,Los Angeles,Male,18-24,1,App Store,iOS,True
2522,16-Jan-26,USA,San Francisco,Male,18-24,1,Paid Search,Android,True
2612,22-Jun-25,USA,Chicago,Male,18-24,1,Referral,iOS,True
2639,30-Apr-25,USA,Chicago,Male,18-24,1,Direct,Android,True
2651,11-Oct-25,USA,Austin,Male,18-24,1,App Store,iOS,False
2686,16-Dec-25,USA,Austin,Male,18-24,1,Email,Android,True
2696,11-Aug-25,USA,Austin,Male,18-24,1,Referral,Web,False
2730,10-Jan-25,USA,Boston,Male,18-24,1,Referral,Web,True
2738,24-Apr-25,USA,Chicago,Male,18-24,1,Email,Android,True
2764,22-Jul-25,USA,Boston,Male,18-24,1,Paid Search,Android,True
2786,03-Jul-25,USA,San Francisco,Male,18-24,1,Referral,iOS,True
2819,22-Apr-25,USA,Seattle,Male,18-24,1,Paid Search,Android,False
2831,20-Jan-25,USA,New York,Male,18-24,1,Email,Android,True
2843,12-May-25,USA,Austin,Male,18-24,1,Organic Search,iOS,False
2857,20-Jan-25,USA,Miami,Male,18-24,1,Referral,iOS,False
2942,18-Feb-25,USA,Boston,Male,18-24,1,Direct,Web,True
2994,21-Jan-25,USA,Los Angeles,Male,18-24,1,Social,iOS,True
3032,02-Mar-25,USA,New York,Male,18-24,1,Social,Android,True
3037,18-Jun-25,USA,Miami,Male,18-24,1,Referral,Android,True
3115,26-Mar-25,USA,Miami,Male,18-24,1,App Store,iOS,True
3172,03-Jun-25,USA,San Francisco,Male,18-24,1,App Store,Web,False
3175,15-Aug-25,USA,Seattle,Male,18-24,1,Email,Android,True
3192,05-Jun-25,USA,Miami,Male,18-24,1,Paid Search,Android,True
3228,08-May-25,USA,Seattle,Male,18-24,1,Direct,iOS,False
3347,15-Jan-25,USA,Austin,Male,18-24,1,Direct,Android,True
3351,04-Nov-25,USA,Austin,Male,18-24,1,Social,Android,False
3369,11-Jun-25,USA,Austin,Male,18-24,1,Direct,Web,True
3387,03-Apr-25,USA,Seattle,Male,18-24,1,Direct,Android,True
3439,17-Jun-25,USA,Miami,Male,18-24,1,Referral,Android,True
3456,07-Jun-25,USA,Seattle,Male,18-24,1,Email,Android,True
3543,16-Jun-25,USA,San Francisco,Male,18-24,1,Direct,iOS,True
3614,05-Nov-25,USA,Miami,Male,18-24,1,Influencer,Android,True
3692,30-Aug-25,USA,Seattle,Male,18-24,1,Social,iOS,True
3722,22-Jan-25,USA,Miami,Male,18-24,1,Paid Search,iOS,True
3834,09-Jun-25,USA,Chicago,Male,18-24,1,Organic Search,Android,True
3875,06-Jun-25,USA,Seattle,Male,18-24,1,App Store,Android,True
3951,01-Oct-25,USA,Boston,Male,18-24,1,Referral,Android,True
3988,25-Sep-25,USA,San Francisco,Male,18-24,1,Organic Search,Web,True
4071,25-Jan-25,USA,Chicago,Male,18-24,1,Influencer,Web,True
4091,09-Oct-25,USA,Austin,Male,18-24,1,App Store,Android,True
4096,04-Nov-25,USA,San Francisco,Male,18-24,1,Influencer,iOS,True
4117,03-Jan-25,USA,New York,Male,18-24,1,Referral,iOS,True
4147,01-Oct-25,USA,New York,Male,18-24,1,App Store,iOS,True
4272,13-May-25,USA,Seattle,Male,18-24,1,Organic Search,Web,True
4306,31-Dec-25,USA,Boston,Male,18-24,1,Referral,Web,True
4322,13-Apr-25,USA,San Francisco,Male,18-24,1,Influencer,Android,True
4342,25-Jul-25,USA,Boston,Male,18-24,1,Paid Search,iOS,True
4446,27-May-25,USA,San Francisco,Male,18-24,1,Organic Search,iOS,True
4477,20-May-25,USA,Miami,Male,18-24,1,Social,iOS,True
4696,19-May-25,USA,San Francisco,Male,18-24,1,Email,iOS,True
4741,21-Feb-25,USA,Los Angeles,Male,18-24,1,Social,iOS,True
4811,27-May-25,USA,Chicago,Male,18-24,1,Influencer,Android,True
4828,27-Aug-25,USA,Los Angeles,Male,18-24,1,App Store,Android,True
4897,19-Oct-25,USA,Miami,Male,18-24,1,Paid Search,Android,True
4925,07-Jan-26,USA,Chicago,Male,18-24,1,Paid Search,Android,True
4965,12-Dec-25,USA,Austin,Male,18-24,1,App Store,Android,True
4995,26-May-25,USA,Boston,Male,18-24,1,Email,Web,True
5005,02-Mar-25,USA,Los Angeles,Male,18-24,1,Paid Search,iOS,True
5024,28-Jan-25,USA,Austin,Male,18-24,1,Direct,Android,True
5074,31-Oct-25,USA,Miami,Male,18-24,1,Influencer,iOS,True
5195,13-Sep-25,USA,Seattle,Male,18-24,1,Social,iOS,False
5255,05-Feb-25,USA,Austin,Male,18-24,1,Organic Search,Android,True
5257,09-Oct-25,USA,Boston,Male,18-24,1,App Store,Web,True
5282,09-Dec-25,USA,San Francisco,Male,18-24,1,Direct,Android,True
5355,04-Sep-25,USA,Austin,Male,18-24,1,Referral,iOS,True
5372,09-Jul-25,USA,Boston,Male,18-24,1,Paid Search,Android,True
5400,06-Jul-25,USA,Boston,Male,18-24,1,Paid Search,Android,True
5448,25-Aug-25,USA,Austin,Male,18-24,1,Email,Web,True
5467,25-Feb-25,USA,Chicago,Male,18-24,1,Paid Search,iOS,True
5512,05-Jul-25,USA,Chicago,Male,18-24,1,Paid Search,Android,True
5535,08-Mar-25,USA,Miami,Male,18-24,1,Referral,iOS,True
5555,24-Jun-25,USA,Austin,Male,18-24,1,Organic Search,Web,True
5591,30-Oct-25,USA,Los Angeles,Male,18-24,1,Organic Search,Android,True
5655,01-Jul-25,USA,Miami,Male,18-24,1,Social,Android,True
5696,17-Jul-25,USA,Chicago,Male,18-24,1,Email,Android,True
5716,16-Jan-26,USA,New York,Male,18-24,1,App Store,Web,True
5747,20-Jun-25,USA,Chicago,Male,18-24,1,Email,iOS,True
5857,25-Oct-25,USA,New York,Male,18-24,1,Influencer,Android,True
5940,09-Jan-26,USA,New York,Male,18-24,1,Organic Search,Android,True
5978,08-Jul-25,USA,Miami,Male,18-24,1,Paid Search,Web,True
6037,08-Oct-25,USA,Boston,Male,18-24,1,Paid Search,Android,True
6039,16-Jan-26,USA,Miami,Male,18-24,1,Email,Android,True
6141,10-Oct-25,USA,San Francisco,Male,18-24,1,Influencer,Android,True
6188,27-Feb-25,USA,Los Angeles,Male,18-24,1,Referral,Web,True
6214,22-Jun-25,USA,Seattle,Male,18-24,1,Influencer,iOS,True
6267,20-Feb-25,USA,Seattle,Male,18-24,1,Email,iOS,True
6313,24-Dec-25,USA,San Francisco,Male,18-24,1,Referral,Android,True
6324,05-Oct-25,USA,Miami,Male,18-24,1,Email,iOS,True
6329,18-May-25,USA,Miami,Male,18-24,1,Organic Search,Web,True
6350,01-Sep-25,USA,New York,Male,18-24,1,Email,Android,True
6531,02-Apr-25,USA,San Francisco,Male,18-24,1,App Store,iOS,True
6556,28-Oct-25,USA,Chicago,Male,18-24,1,App Store,iOS,True
6606,28-Jan-25,USA,Seattle,Male,18-24,1,Paid Search,Android,False
6683,16-Jan-26,USA,Seattle,Male,18-24,1,Direct,Web,True
6823,05-Aug-25,USA,Boston,Male,18-24,1,Referral,iOS,False
6839,21-Mar-25,USA,Seattle,Male,18-24,1,Referral,Web,True
6895,07-Jan-25,USA,Miami,Male,18-24,1,Influencer,Web,False
6972,30-Mar-25,USA,Los Angeles,Male,18-24,1,Organic Search,iOS,True
6999,14-Jun-25,USA,San Francisco,Male,18-24,1,Referral,iOS,True
7000,20-Jul-25,USA,New York,Male,18-24,1,Social,Web,True
7015,07-Apr-25,USA,Boston,Male,18-24,1,Referral,Web,True
7064,16-Apr-25,USA,Los Angeles,Male,18-24,1,Email,Android,True
7085,24-Nov-25,USA,New York,Male,18-24,1,Influencer,Android,True
7144,18-Apr-25,USA,San Francisco,Male,18-24,1,Paid Search,Android,True
7169,14-Feb-25,USA,San Francisco,Male,18-24,1,Social,Android,True
7192,21-Oct-25,USA,Chicago,Male,18-24,1,Social,iOS,True
7233,19-Jun-25,USA,Los Angeles,Male,18-24,1,Referral,Web,True
7397,07-Mar-25,USA,Los Angeles,Male,18-24,1,Organic Search,Web,True
7425,22-Dec-25,USA,Seattle,Male,18-24,1,Social,Android,True
7492,01-May-25,USA,Chicago,Male,18-24,1,Email,iOS,False
7522,10-Sep-25,USA,Boston,Male,18-24,1,Referral,Android,True
7598,11-Sep-25,USA,Miami,Male,18-24,1,Influencer,Android,True
7616,20-Nov-25,USA,Seattle,Male,18-24,1,Paid Search,iOS,False
7659,07-Jul-25,USA,Miami,Male,18-24,1,App Store,Android,True
7698,12-Sep-25,USA,Chicago,Male,18-24,1,Social,iOS,True
7710,08-Aug-25,USA,San Francisco,Male,18-24,1,Social,Android,True
7843,06-Feb-25,USA,New York,Male,18-24,1,Organic Search,iOS,True
7852,27-Oct-25,USA,Seattle,Male,18-24,1,Referral,Web,True
7945,28-Mar-25,USA,New York,Male,18-24,1,Influencer,iOS,True
7976,15-Jul-25,USA,Miami,Male,18-24,1,Direct,Android,True
7977,04-Aug-25,USA,San Francisco,Male,18-24,1,Organic Search,Web,False
364,10-Sep-25,Canada,Montreal,Male,18-24,1,Referral,Web,False
519,07-Oct-25,UK,London,Male,18-24,1,Direct,Web,True
576,04-Jan-26,Australia,Brisbane,Male,18-24,1,Direct,Web,True
619,11-Aug-25,UK,London,Male,18-24,1,Email,Web,True
819,12-Sep-25,Canada,Toronto,Male,18-24,1,Organic Search,Web,True
902,06-Sep-25,UK,Manchester,Male,18-24,1,Paid Search,Web,True
931,31-Dec-25,UAE,Abu Dhabi,Male,18-24,1,Email,Web,True
976,24-Mar-25,UK,Manchester,Male,18-24,1,Influencer,Web,True
1167,19-Oct-25,UK,Birmingham,Male,18-24,1,Email,Web,True
1239,30-Dec-25,UAE,Abu Dhabi,Male,18-24,1,Social,Web,True
1508,25-Jan-25,UAE,Abu Dhabi,Male,18-24,1,Email,Web,True
1691,22-Mar-25,UAE,Dubai,Male,18-24,1,Direct,Web,True
1825,21-Jan-25,UAE,Dubai,Male,18-24,1,Social,Web,True
2076,03-Apr-25,Canada,Calgary,Male,18-24,1,Paid Search,Web,True
2418,18-Oct-25,UK,Birmingham,Male,18-24,1,Social,Web,False
2638,17-Jan-25,Germany,Frankfurt,Male,18-24,1,Direct,Web,True
2640,09-May-25,Canada,Calgary,Male,18-24,1,Referral,Web,True
2722,30-Jun-25,UK,Glasgow,Male,18-24,1,Email,Web,True
2733,02-Jul-25,UK,Leeds,Male,18-24,1,Referral,Web,True
3102,16-Jun-25,Germany,Berlin,Male,18-24,1,Social,Web,True
3217,29-Sep-25,Canada,Vancouver,Male,18-24,1,Referral,Web,True
3812,22-Feb-25,Australia,Melbourne,Male,18-24,1,Social,Web,True
3886,03-Nov-25,UAE,Dubai,Male,18-24,1,Email,Web,True
3944,22-Jun-25,UAE,Abu Dhabi,Male,18-24,1,Social,Web,True
4188,12-Sep-25,Germany,Hamburg,Male,18-24,1,Organic Search,Web,True
4788,18-Apr-25,UK,Glasgow,Male,18-24,1,Paid Search,Web,True
5132,13-May-25,UAE,Dubai,Male,18-24,1,App Store,Web,False
5230,24-Dec-25,Canada,Toronto,Male,18-24,1,App Store,Web,True
5561,28-Mar-25,UAE,Abu Dhabi,Male,18-24,1,Direct,Web,True
5605,19-Jul-25,Australia,Brisbane,Male,18-24,1,Social,Web,True
5644,31-Jan-25,Canada,Vancouver,Male,18-24,1,App Store,Web,True
5735,09-Jul-25,UK,Manchester,Male,18-24,1,App Store,Web,True
6051,25-Aug-25,UK,Leeds,Male,18-24,1,Influencer,Web,True
6190,09-May-25,Germany,Munich,Male,18-24,1,Referral,Web,True
6212,02-Oct-25,Canada,Montreal,Male,18-24,1,Influencer,Web,True
6459,16-Jul-25,UAE,Abu Dhabi,Male,18-24,1,Email,Web,True
6592,26-Jun-25,UK,Leeds,Male,18-24,1,Social,Web,True
6707,14-Feb-25,UAE,Abu Dhabi,Male,18-24,1,Paid Search,Web,True
6773,18-Jul-25,Canada,Calgary,Male,18-24,1,Direct,Web,True
6810,06-Dec-25,UK,Birmingham,Male,18-24,1,Referral,Web,True
7439,25-Mar-25,UK,London,Male,18-24,1,Referral,Web,True
7590,24-Jun-25,Germany,Munich,Male,18-24,1,Paid Search,Web,False
7666,29-Nov-25,Canada,Calgary,Male,18-24,1,App Store,Web,False
7686,18-Apr-25,Germany,Hamburg,Male,18-24,1,Email,Web,True
7699,09-Mar-25,Germany,Frankfurt,Male,18-24,1,Email,Web,True
7821,04-Jan-26,UK,Manchester,Male,18-24,1,Social,Web,True
38,20-Feb-25,Australia,Melbourne,Male,18-24,1,Referral,iOS,True
210,11-Apr-25,Germany,Munich,Male,18-24,1,App Store,iOS,True
284,31-Oct-25,Canada,Calgary,Male,18-24,1,Organic Search,iOS,True
419,10-Nov-25,Canada,Calgary,Male,18-24,1,Influencer,iOS,True
466,01-Jan-25,UK,Leeds,Male,18-24,1,App Store,iOS,True
480,05-Oct-25,Germany,Hamburg,Male,18-24,1,Organic Search,iOS,False
518,16-Jan-25,Australia,Perth,Male,18-24,1,Social,iOS,True
606,10-Mar-25,UK,London,Male,18-24,1,Referral,iOS,True
860,12-Feb-25,UK,Birmingham,Male,18-24,1,Social,iOS,True
906,27-Aug-25,Germany,Frankfurt,Male,18-24,1,Paid Search,iOS,True
1102,11-Feb-25,Australia,Perth,Male,18-24,1,Referral,iOS,True
1352,11-Jan-25,UK,London,Male,18-24,1,Referral,iOS,False
1399,08-May-25,Germany,Munich,Male,18-24,1,Influencer,iOS,True
1404,03-Feb-25,Australia,Sydney,Male,18-24,1,App Store,iOS,True
1585,06-Dec-25,Canada,Calgary,Male,18-24,1,Influencer,iOS,False
1643,09-Jan-25,Germany,Berlin,Male,18-24,1,Social,iOS,True
1660,16-Jan-26,UK,Birmingham,Male,18-24,1,Email,iOS,True
1720,29-Dec-25,Australia,Perth,Male,18-24,1,Influencer,iOS,True
1723,30-Jun-25,UK,London,Male,18-24,1,Email,iOS,True
1874,02-Aug-25,Canada,Vancouver,Male,18-24,1,Influencer,iOS,False
2121,25-Jul-25,UK,Leeds,Male,18-24,1,Paid Search,iOS,True
2136,03-Jul-25,UK,Glasgow,Male,18-24,1,Referral,iOS,True
2164,25-May-25,UAE,Dubai,Male,18-24,1,Direct,iOS,True
2180,31-Oct-25,Canada,Toronto,Male,18-24,1,App Store,iOS,False
2235,27-Apr-25,Canada,Toronto,Male,18-24,1,Paid Search,iOS,True
2248,22-Nov-25,Germany,Frankfurt,Male,18-24,1,Paid Search,iOS,True
2548,14-Oct-25,Canada,Vancouver,Male,18-24,1,Paid Search,iOS,True
2606,13-Jan-25,Australia,Sydney,Male,18-24,1,Referral,iOS,True
2853,07-Feb-25,UK,London,Male,18-24,1,Referral,iOS,True
2985,25-Nov-25,UK,Glasgow,Male,18-24,1,Direct,iOS,False
3112,08-Jan-25,Australia,Brisbane,Male,18-24,1,Referral,iOS,True
3155,21-Jan-25,UAE,Abu Dhabi,Male,18-24,1,Direct,iOS,True
3223,28-May-25,UK,Birmingham,Male,18-24,1,Referral,iOS,True
3251,08-Sep-25,Germany,Frankfurt,Male,18-24,1,Referral,iOS,True
3293,13-Oct-25,UK,Glasgow,Male,18-24,1,Organic Search,iOS,True
3586,30-Jan-25,UK,London,Male,18-24,1,Referral,iOS,False
3705,26-Apr-25,UAE,Dubai,Male,18-24,1,Referral,iOS,True
3827,23-Jan-25,UK,London,Male,18-24,1,Influencer,iOS,True
4021,07-Jan-25,Australia,Brisbane,Male,18-24,1,Influencer,iOS,True
4138,17-Feb-25,UK,Leeds,Male,18-24,1,Social,iOS,False
4209,04-Sep-25,UK,London,Male,18-24,1,Direct,iOS,True
4326,03-Jan-25,UK,Birmingham,Male,18-24,1,Influencer,iOS,True
4678,07-Dec-25,UAE,Abu Dhabi,Male,18-24,1,Influencer,iOS,True
4760,13-Nov-25,Canada,Toronto,Male,18-24,1,Influencer,iOS,True
4765,08-Feb-25,Canada,Toronto,Male,18-24,1,Paid Search,iOS,True
4841,21-Nov-25,UK,Manchester,Male,18-24,1,Email,iOS,True
4844,07-Jan-25,Canada,Montreal,Male,18-24,1,App Store,iOS,True
4862,24-May-25,UAE,Abu Dhabi,Male,18-24,1,Email,iOS,True
4979,09-Feb-25,Australia,Sydney,Male,18-24,1,Paid Search,iOS,True
4997,12-Aug-25,UK,Birmingham,Male,18-24,1,Referral,iOS,True
5102,03-Oct-25,Australia,Brisbane,Male,18-24,1,Email,iOS,True
5142,12-Jul-25,Canada,Vancouver,Male,18-24,1,Social,iOS,True
5166,13-Jan-25,UK,London,Male,18-24,1,Direct,iOS,True
5280,22-Apr-25,Germany,Berlin,Male,18-24,1,App Store,iOS,True
5296,18-Jan-25,Australia,Perth,Male,18-24,1,Social,iOS,True
5399,21-Apr-25,Australia,Melbourne,Male,18-24,1,Direct,iOS,False
5429,21-Jul-25,Germany,Berlin,Male,18-24,1,Social,iOS,True
5542,30-Jul-25,Germany,Frankfurt,Male,18-24,1,Organic Search,iOS,True
5634,16-Jan-26,Canada,Vancouver,Male,18-24,1,App Store,iOS,True
5680,06-Nov-25,Canada,Montreal,Male,18-24,1,Influencer,iOS,True
5737,11-Oct-25,Canada,Vancouver,Male,18-24,1,Direct,iOS,True
5905,17-Mar-25,UK,Manchester,Male,18-24,1,Influencer,iOS,True
5920,05-Mar-25,UK,Manchester,Male,18-24,1,Direct,iOS,False
6163,20-Jul-25,Germany,Munich,Male,18-24,1,Social,iOS,False
6167,05-Oct-25,Australia,Melbourne,Male,18-24,1,Direct,iOS,True
6227,12-Dec-25,Canada,Calgary,Male,18-24,1,Referral,iOS,True
6292,23-Aug-25,UAE,Abu Dhabi,Male,18-24,1,Email,iOS,True
6409,03-Sep-25,UK,Glasgow,Male,18-24,1,Email,iOS,True
6506,27-Jul-25,Canada,Montreal,Male,18-24,1,Influencer,iOS,True
6539,08-Aug-25,UK,Birmingham,Male,18-24,1,Organic Search,iOS,True
6564,22-Jul-25,UAE,Dubai,Male,18-24,1,Social,iOS,True
6594,09-Apr-25,Germany,Munich,Male,18-24,1,Direct,iOS,True
6641,13-Dec-25,Germany,Munich,Male,18-24,1,Social,iOS,True
6670,16-Mar-25,Germany,Berlin,Male,18-24,1,Direct,iOS,True
6746,15-Sep-25,UAE,Abu Dhabi,Male,18-24,1,Email,iOS,True
6818,24-May-25,UK,Leeds,Male,18-24,1,Email,iOS,True
6845,07-Jan-25,Australia,Melbourne,Male,18-24,1,Influencer,iOS,True
6954,26-Sep-25,UAE,Dubai,Male,18-24,1,Referral,iOS,True
7091,24-Mar-25,UAE,Dubai,Male,18-24,1,Organic Search,iOS,True
7097,13-Oct-25,UK,Birmingham,Male,18-24,1,Organic Search,iOS,False
7437,19-Jan-25,UK,Birmingham,Male,18-24,1,Referral,iOS,True
7649,23-Mar-25,Germany,Hamburg,Male,18-24,1,Referral,iOS,True
7933,02-Jun-25,Canada,Toronto,Male,18-24,1,Referral,iOS,False
3,28-Sep-25,UAE,Abu Dhabi,Male,18-24,1,Referral,Android,True
40,24-Feb-25,Australia,Brisbane,Male,18-24,1,Email,Android,True
57,06-Dec-25,Australia,Sydney,Male,18-24,1,Influencer,Android,True
108,22-Mar-25,Germany,Frankfurt,Male,18-24,1,Direct,Android,True
126,21-Jun-25,UK,Glasgow,Male,18-24,1,Email,Android,True
161,06-Jul-25,UAE,Dubai,Male,18-24,1,Email,Android,False
401,17-Nov-25,Australia,Melbourne,Male,18-24,1,Direct,Android,True
408,18-Nov-25,Canada,Montreal,Male,18-24,1,Referral,Android,True
448,16-Apr-25,Germany,Berlin,Male,18-24,1,App Store,Android,True
533,19-Nov-25,Canada,Calgary,Male,18-24,1,Paid Search,Android,True
553,15-Apr-25,Australia,Brisbane,Male,18-24,1,Referral,Android,True
607,09-Apr-25,UK,Leeds,Male,18-24,1,Direct,Android,True
614,08-Feb-25,UK,Birmingham,Male,18-24,1,Organic Search,Android,True
636,21-May-25,Canada,Calgary,Male,18-24,1,Email,Android,True
664,12-Dec-25,Australia,Brisbane,Male,18-24,1,Referral,Android,True
727,16-May-25,Germany,Frankfurt,Male,18-24,1,Paid Search,Android,False
799,15-Oct-25,Canada,Vancouver,Male,18-24,1,App Store,Android,True
858,06-May-25,UK,Manchester,Male,18-24,1,Paid Search,Android,True
876,14-Jul-25,Australia,Sydney,Male,18-24,1,Social,Android,True
950,28-Jan-25,UK,Leeds,Male,18-24,1,Referral,Android,False
1064,22-Sep-25,UK,Glasgow,Male,18-24,1,Paid Search,Android,True
1251,04-Mar-25,UK,Birmingham,Male,18-24,1,App Store,Android,True
1446,22-Oct-25,Germany,Hamburg,Male,18-24,1,App Store,Android,True
1447,20-Aug-25,Australia,Brisbane,Male,18-24,1,Social,Android,True
1531,11-Nov-25,Canada,Toronto,Male,18-24,1,Direct,Android,True
1569,06-Apr-25,Germany,Frankfurt,Male,18-24,1,Paid Search,Android,True
1588,03-Jan-25,UK,London,Male,18-24,1,Paid Search,Android,True
1790,23-Jul-25,Canada,Vancouver,Male,18-24,1,Referral,Android,False
1811,06-Jun-25,UAE,Dubai,Male,18-24,1,Paid Search,Android,True
1843,27-Jul-25,Canada,Montreal,Male,18-24,1,App Store,Android,True
1878,05-Mar-25,Germany,Frankfurt,Male,18-24,1,Influencer,Android,False
1981,03-Nov-25,UK,Manchester,Male,18-24,1,App Store,Android,True
1988,08-Nov-25,Australia,Melbourne,Male,18-24,1,Email,Android,True
2078,28-Nov-25,UK,Birmingham,Male,18-24,1,Direct,Android,True
2127,08-Sep-25,Canada,Calgary,Male,18-24,1,Paid Search,Android,True
2150,09-May-25,UK,Glasgow,Male,18-24,1,Referral,Android,True
2163,24-Apr-25,Australia,Sydney,Male,18-24,1,Paid Search,Android,True
2205,06-Oct-25,Australia,Brisbane,Male,18-24,1,Influencer,Android,True
2251,14-Jan-26,Australia,Melbourne,Male,18-24,1,Organic Search,Android,False
2257,04-May-25,UAE,Abu Dhabi,Male,18-24,1,Paid Search,Android,True
2290,18-Apr-25,UAE,Dubai,Male,18-24,1,Email,Android,True
2314,08-Aug-25,Australia,Sydney,Male,18-24,1,Social,Android,True
2323,13-Mar-25,Canada,Toronto,Male,18-24,1,Email,Android,True
2348,29-Apr-25,UK,Manchester,Male,18-24,1,Influencer,Android,True
2510,08-Oct-25,UK,Birmingham,Male,18-24,1,Paid Search,Android,True
2549,05-Jan-25,Australia,Sydney,Male,18-24,1,Organic Search,Android,True
2560,29-May-25,UK,London,Male,18-24,1,Email,Android,True
2574,11-Apr-25,Canada,Vancouver,Male,18-24,1,Organic Search,Android,True
2662,10-Mar-25,UAE,Dubai,Male,18-24,1,Direct,Android,True
2759,26-Aug-25,UK,Leeds,Male,18-24,1,Influencer,Android,False
2782,05-Oct-25,UAE,Abu Dhabi,Male,18-24,1,Email,Android,True
2847,03-Jun-25,Australia,Melbourne,Male,18-24,1,App Store,Android,True
2856,26-Feb-25,UK,Manchester,Male,18-24,1,Social,Android,True
2868,05-Jul-25,Australia,Perth,Male,18-24,1,Paid Search,Android,False
2988,03-Jul-25,Germany,Hamburg,Male,18-24,1,Paid Search,Android,True
3078,02-Aug-25,Canada,Vancouver,Male,18-24,1,Organic Search,Android,True
3135,08-Jan-25,UK,Birmingham,Male,18-24,1,Paid Search,Android,True
3140,11-Apr-25,Australia,Brisbane,Male,18-24,1,Social,Android,True
3157,26-Sep-25,Canada,Toronto,Male,18-24,1,Paid Search,Android,True
3281,23-Nov-25,UK,Leeds,Male,18-24,1,Influencer,Android,True
3292,13-Jun-25,UK,Leeds,Male,18-24,1,Referral,Android,True
3305,10-Aug-25,Australia,Sydney,Male,18-24,1,Social,Android,True
3400,29-Oct-25,UK,Glasgow,Male,18-24,1,App Store,Android,True
3417,21-Aug-25,Canada,Toronto,Male,18-24,1,Social,Android,True
3562,25-Jun-25,UK,Leeds,Male,18-24,1,App Store,Android,False
3579,22-Aug-25,Germany,Frankfurt,Male,18-24,1,App Store,Android,True
3609,14-Jun-25,Canada,Toronto,Male,18-24,1,Direct,Android,False
3613,08-Dec-25,Australia,Perth,Male,18-24,1,Social,Android,True
3690,11-Jul-25,UAE,Dubai,Male,18-24,1,Influencer,Android,True
3767,04-Feb-25,Canada,Montreal,Male,18-24,1,Paid Search,Android,True
3794,15-Jan-26,Germany,Hamburg,Male,18-24,1,App Store,Android,True
3824,31-Jan-25,Australia,Perth,Male,18-24,1,Social,Android,True
3882,17-May-25,UAE,Dubai,Male,18-24,1,Paid Search,Android,False
3925,26-May-25,UAE,Abu Dhabi,Male,18-24,1,Social,Android,True
4006,02-Apr-25,Germany,Hamburg,Male,18-24,1,Influencer,Android,True
4237,24-Apr-25,Australia,Perth,Male,18-24,1,Social,Android,True
4246,22-Jul-25,Australia,Sydney,Male,18-24,1,Organic Search,Android,True
4288,13-Jan-26,UK,Glasgow,Male,18-24,1,Organic Search,Android,True
4331,07-Feb-25,UAE,Abu Dhabi,Male,18-24,1,Referral,Android,False
4617,14-Dec-25,Germany,Frankfurt,Male,18-24,1,Organic Search,Android,True
4621,10-Feb-25,Germany,Frankfurt,Male,18-24,1,Organic Search,Android,True
4751,20-Apr-25,Australia,Sydney,Male,18-24,1,App Store,Android,True
4755,22-Oct-25,Germany,Berlin,Male,18-24,1,Paid Search,Android,True
4863,25-Jan-25,UK,Leeds,Male,18-24,1,Direct,Android,True
4933,13-Sep-25,Australia,Brisbane,Male,18-24,1,Referral,Android,True
4948,22-Oct-25,UK,London,Male,18-24,1,Email,Android,True
4957,12-Mar-25,Germany,Berlin,Male,18-24,1,Direct,Android,True
4991,27-Jun-25,Germany,Munich,Male,18-24,1,Social,Android,False
5007,22-Jun-25,UAE,Abu Dhabi,Male,18-24,1,Paid Search,Android,True
5057,27-Jan-25,Germany,Hamburg,Male,18-24,1,Paid Search,Android,True
5154,26-Jul-25,UK,Manchester,Male,18-24,1,Paid Search,Android,True
5259,04-Jan-25,Australia,Perth,Male,18-24,1,Direct,Android,True
5316,23-Nov-25,UAE,Dubai,Male,18-24,1,Direct,Android,True
5338,13-Mar-25,UK,Manchester,Male,18-24,1,Influencer,Android,True
5383,14-Feb-25,Canada,Toronto,Male,18-24,1,Social,Android,True
5442,08-Apr-25,Australia,Melbourne,Male,18-24,1,Organic Search,Android,True
5484,25-Dec-25,Australia,Melbourne,Male,18-24,1,App Store,Android,True
5586,11-Mar-25,UK,London,Male,18-24,1,Social,Android,True
5607,02-Mar-25,UK,Manchester,Male,18-24,1,Referral,Android,True
5653,06-Sep-25,UK,Birmingham,Male,18-24,1,Paid Search,Android,True
5684,02-Sep-25,UK,Leeds,Male,18-24,1,Referral,Android,True
5840,30-Nov-25,Canada,Calgary,Male,18-24,1,Direct,Android,True
5879,20-Mar-25,Australia,Sydney,Male,18-24,1,Organic Search,Android,True
5944,29-Jun-25,UK,Leeds,Male,18-24,1,Social,Android,True
5987,10-May-25,UK,Birmingham,Male,18-24,1,Email,Android,False
6102,05-Feb-25,Australia,Brisbane,Male,18-24,1,Social,Android,True
6108,22-Dec-25,UK,Manchester,Male,18-24,1,App Store,Android,True
6142,07-Jan-26,Australia,Sydney,Male,18-24,1,Referral,Android,True
6153,21-Dec-25,UAE,Dubai,Male,18-24,1,Email,Android,True
6217,07-Jul-25,Canada,Vancouver,Male,18-24,1,Organic Search,Android,True
6271,29-Mar-25,Australia,Perth,Male,18-24,1,Influencer,Android,True
6277,28-Apr-25,Germany,Munich,Male,18-24,1,Paid Search,Android,True
6295,26-Jan-25,Germany,Frankfurt,Male,18-24,1,Influencer,Android,True
6423,16-Sep-25,Germany,Frankfurt,Male,18-24,1,Email,Android,True
6526,30-Nov-25,Australia,Sydney,Male,18-24,1,Organic Search,Android,True
6687,09-Jul-25,UK,Manchester,Male,18-24,1,Email,Android,True
6768,25-Sep-25,UK,Manchester,Male,18-24,1,Organic Search,Android,True
6795,10-May-25,UAE,Dubai,Male,18-24,1,Referral,Android,True
6814,11-Nov-25,Australia,Melbourne,Male,18-24,1,Paid Search,Android,False
6990,26-Mar-25,Canada,Vancouver,Male,18-24,1,Referral,Android,True
6997,03-Nov-25,Germany,Berlin,Male,18-24,1,App Store,Android,True
7210,14-Oct-25,UAE,Dubai,Male,18-24,1,Direct,Android,True
7256,05-Oct-25,UK,Glasgow,Male,18-24,1,Organic Search,Android,True
7355,25-Jan-25,Germany,Munich,Male,18-24,1,App Store,Android,True
7468,29-Apr-25,Germany,Hamburg,Male,18-24,1,Email,Android,True
7469,14-Jan-25,UK,London,Male,18-24,1,Influencer,Android,True
7485,25-Sep-25,Canada,Montreal,Male,18-24,1,App Store,Android,True
7496,19-Jan-25,UK,Manchester,Male,18-24,1,Paid Search,Android,True
7497,10-May-25,Canada,Montreal,Male,18-24,1,Influencer,Android,True
7506,18-Jan-26,UK,Birmingham,Male,18-24,1,Direct,Android,True
7548,21-Oct-25,Germany,Berlin,Male,18-24,1,Referral,Android,True
7638,12-Oct-25,UK,Manchester,Male,18-24,1,Email,Android,True
7693,07-Aug-25,UK,Leeds,Male,18-24,1,Social,Android,True
7732,30-Jun-25,Australia,Melbourne,Male,18-24,1,Paid Search,Android,True
7813,26-Jun-25,Germany,Hamburg,Male,18-24,1,Paid Search,Android,True
7891,02-Nov-25,Australia,Perth,Male,18-24,1,Direct,Android,True
7950,30-Jul-25,UK,Glasgow,Male,18-24,1,Direct,Android,True
7968,03-Sep-25,Germany,Hamburg,Male,18-24,1,Email,Android,True
317,02-Feb-25,Canada,Calgary,Other,18-24,1,Referral,Web,True
1021,13-Jul-25,Australia,Melbourne,Other,18-24,1,Referral,Android,False
1191,12-Nov-25,UK,Manchester,Other,18-24,1,Referral,iOS,True
1417,14-May-25,UK,London,Other,18-24,1,Referral,Android,False
1546,20-Oct-25,Canada,Calgary,Other,18-24,1,Direct,iOS,True
1555,29-Jul-25,Canada,Toronto,Other,18-24,1,Referral,Web,True
1565,04-Sep-25,UAE,Abu Dhabi,Other,18-24,1,Organic Search,iOS,True
1693,09-Feb-25,UK,London,Other,18-24,1,Email,iOS,True
1700,19-Nov-25,Canada,Montreal,Other,18-24,1,Direct,Android,True
1705,13-Dec-25,Canada,Toronto,Other,18-24,1,Email,iOS,True
1844,27-Jan-25,UK,Manchester,Other,18-24,1,Email,Android,True
1949,21-Apr-25,UK,Birmingham,Other,18-24,1,Referral,Web,True
2117,28-Feb-25,UAE,Dubai,Other,18-24,1,Influencer,iOS,True
2138,21-Oct-25,Germany,Hamburg,Other,18-24,1,Email,Android,True
2155,05-Jan-25,UK,Glasgow,Other,18-24,1,Direct,Web,True
2215,06-Mar-25,Australia,Sydney,Other,18-24,1,Influencer,iOS,True
2465,24-Apr-25,Australia,Sydney,Other,18-24,1,Email,iOS,True
3077,07-Jan-26,UAE,Abu Dhabi,Other,18-24,1,Organic Search,Android,True
3167,25-Jan-25,Germany,Munich,Other,18-24,1,Referral,iOS,True
3234,23-May-25,Australia,Perth,Other,18-24,1,Social,Web,True
3311,27-Dec-25,UK,Glasgow,Other,18-24,1,Referral,Android,True
3345,23-Jun-25,Australia,Perth,Other,18-24,1,Organic Search,Web,True
3421,01-Nov-25,Australia,Brisbane,Other,18-24,1,Referral,Android,True
3468,27-Aug-25,UK,Leeds,Other,18-24,1,Influencer,Web,True
3496,03-Apr-25,Canada,Montreal,Other,18-24,1,App Store,iOS,True
3585,02-Sep-25,Germany,Munich,Other,18-24,1,App Store,Android,True
3805,30-Apr-25,UAE,Abu Dhabi,Other,18-24,1,Paid Search,Web,True
3849,29-Apr-25,UK,Birmingham,Other,18-24,1,Email,Android,True
3913,06-Dec-25,Australia,Sydney,Other,18-24,1,Direct,Android,False
4491,02-Aug-25,UAE,Dubai,Other,18-24,1,Direct,Web,True
4534,27-Jul-25,Germany,Berlin,Other,18-24,1,App Store,Android,True
4676,25-Feb-25,UAE,Abu Dhabi,Other,18-24,1,Organic Search,iOS,False
5009,13-Jan-26,Australia,Perth,Other,18-24,1,Referral,Android,True
5109,28-Jan-25,Australia,Brisbane,Other,18-24,1,Paid Search,Android,True
5361,01-Feb-25,Canada,Montreal,Other,18-24,1,Email,Web,True
5406,10-Jan-26,UAE,Dubai,Other,18-24,1,Social,iOS,True
6388,28-Mar-25,Australia,Melbourne,Other,18-24,1,Referral,iOS,True
6709,21-Jan-25,Canada,Montreal,Other,18-24,1,Social,Web,False
7391,17-Jan-26,Canada,Montreal,Other,18-24,1,Social,iOS,True
105,16-May-25,Australia,Sydney,Female,18-24,1,Paid Search,Web,True
300,02-Jun-25,Canada,Calgary,Female,18-24,1,Referral,Web,True
370,08-Oct-25,Germany,Munich,Female,18-24,1,App Store,Web,True
555,10-Nov-25,Canada,Toronto,Female,18-24,1,Email,Web,True
660,01-Jul-25,UAE,Dubai,Female,18-24,1,Email,Web,False
760,06-Mar-25,UK,Birmingham,Female,18-24,1,Paid Search,Web,True
903,16-Feb-25,Canada,Montreal,Female,18-24,1,Paid Search,Web,True
1008,05-Feb-25,UK,Glasgow,Female,18-24,1,App Store,Web,True
1028,22-Nov-25,Australia,Sydney,Female,18-24,1,Email,Web,True
1164,05-Apr-25,Canada,Calgary,Female,18-24,1,Social,Web,False
1227,03-Jun-25,UK,Leeds,Female,18-24,1,Direct,Web,True
1322,07-Apr-25,UK,Manchester,Female,18-24,1,Organic Search,Web,True
1341,26-Mar-25,Germany,Hamburg,Female,18-24,1,Email,Web,True
1709,04-Aug-25,UAE,Abu Dhabi,Female,18-24,1,Influencer,Web,True
2095,14-Jun-25,Canada,Vancouver,Female,18-24,1,Email,Web,True
2207,31-Dec-25,Australia,Melbourne,Female,18-24,1,Email,Web,True
2473,19-Nov-25,Canada,Vancouver,Female,18-24,1,Email,Web,True
2592,17-Aug-25,UK,Leeds,Female,18-24,1,Direct,Web,True
2613,09-Jun-25,UAE,Dubai,Female,18-24,1,Direct,Web,False
2959,01-Jul-25,Canada,Calgary,Female,18-24,1,Organic Search,Web,True
2978,02-Dec-25,Germany,Berlin,Female,18-24,1,Paid Search,Web,True
3022,10-Jun-25,UAE,Abu Dhabi,Female,18-24,1,Referral,Web,False
3059,27-Mar-25,UK,Leeds,Female,18-24,1,App Store,Web,False
3106,27-Jun-25,Canada,Montreal,Female,18-24,1,Organic Search,Web,True
3227,09-Dec-25,Canada,Toronto,Female,18-24,1,Organic Search,Web,True
3258,22-May-25,Canada,Montreal,Female,18-24,1,Organic Search,Web,False
3519,09-Apr-25,Germany,Berlin,Female,18-24,1,Organic Search,Web,True
3729,16-Nov-25,UAE,Dubai,Female,18-24,1,App Store,Web,True
3870,02-Nov-25,Australia,Brisbane,Female,18-24,1,Influencer,Web,True
3989,01-Jul-25,Germany,Munich,Female,18-24,1,Paid Search,Web,True
4060,23-May-25,Australia,Melbourne,Female,18-24,1,Email,Web,True
4142,31-Mar-25,Canada,Vancouver,Female,18-24,1,Referral,Web,True
4531,08-Apr-25,UK,London,Female,18-24,1,App Store,Web,True
4605,23-Feb-25,Germany,Frankfurt,Female,18-24,1,Organic Search,Web,True
4710,09-May-25,Canada,Vancouver,Female,18-24,1,Paid Search,Web,True
4855,08-Sep-25,UAE,Dubai,Female,18-24,1,Direct,Web,True
5025,14-Sep-25,Canada,Vancouver,Female,18-24,1,Influencer,Web,True
5047,18-Mar-25,UK,London,Female,18-24,1,Influencer,Web,True
5305,09-Feb-25,Canada,Vancouver,Female,18-24,1,Influencer,Web,True
5323,06-Jul-25,UAE,Dubai,Female,18-24,1,Paid Search,Web,False
5622,28-Aug-25,Germany,Munich,Female,18-24,1,Direct,Web,True
5690,01-Nov-25,Germany,Frankfurt,Female,18-24,1,Organic Search,Web,True
5804,24-Sep-25,UK,Leeds,Female,18-24,1,Paid Search,Web,True
5993,16-Jan-25,Australia,Perth,Female,18-24,1,Influencer,Web,True
6379,19-Oct-25,Germany,Munich,Female,18-24,1,Referral,Web,False
6958,24-Aug-25,Canada,Montreal,Female,18-24,1,Social,Web,True
7020,01-Jan-25,Canada,Montreal,Female,18-24,1,Email,Web,True
7021,04-Aug-25,Germany,Berlin,Female,18-24,1,Email,Web,False
7127,14-Jan-26,Germany,Berlin,Female,18-24,1,Direct,Web,True
7156,05-May-25,Canada,Toronto,Female,18-24,1,Direct,Web,True
7382,18-Apr-25,Canada,Calgary,Female,18-24,1,App Store,Web,True
7394,09-Oct-25,Canada,Calgary,Female,18-24,1,Email,Web,True
7562,09-Nov-25,Canada,Montreal,Female,18-24,1,Paid Search,Web,True
7818,27-Jan-25,Germany,Munich,Female,18-24,1,Email,Web,True
7888,20-Jun-25,Australia,Melbourne,Female,18-24,1,Social,Web,True
304,13-Jul-25,UK,Birmingham,Female,18-24,1,Influencer,iOS,False
373,27-Feb-25,Australia,Sydney,Female,18-24,1,Paid Search,iOS,False
571,31-May-25,Germany,Berlin,Female,18-24,1,Organic Search,iOS,False
759,09-Jan-26,UAE,Abu Dhabi,Female,18-24,1,Organic Search,iOS,False
2388,16-May-25,Canada,Toronto,Female,18-24,1,Influencer,iOS,False
2927,17-Apr-25,Germany,Frankfurt,Female,18-24,1,Referral,iOS,False
2960,23-Jun-25,UAE,Dubai,Female,18-24,1,Paid Search,iOS,False
3204,06-Oct-25,Canada,Toronto,Female,18-24,1,Influencer,iOS,False
3428,02-Jul-25,UAE,Abu Dhabi,Female,18-24,1,Direct,iOS,False
5532,25-Aug-25,UK,Birmingham,Female,18-24,1,Paid Search,iOS,False
5539,09-Oct-25,Canada,Vancouver,Female,18-24,1,Organic Search,iOS,False
5664,24-Jun-25,UK,Leeds,Female,18-24,1,Social,iOS,False
6597,17-Jun-25,UAE,Dubai,Female,18-24,1,Organic Search,iOS,False
6681,29-Aug-25,UAE,Dubai,Female,18-24,1,Paid Search,iOS,False
6739,10-Mar-25,Australia,Brisbane,Female,18-24,1,Direct,iOS,False
7788,10-Dec-25,UK,Manchester,Female,18-24,1,Referral,iOS,False
250,28-May-25,Germany,Berlin,Female,18-24,1,Paid Search,iOS,True
320,10-Jan-26,Australia,Perth,Female,18-24,1,Influencer,iOS,True
330,27-Jan-25,UK,Manchester,Female,18-24,1,Organic Search,iOS,True
342,11-Jul-25,Canada,Montreal,Female,18-24,1,Email,iOS,True
445,26-Sep-25,UK,Leeds,Female,18-24,1,App Store,iOS,True
601,21-Feb-25,Germany,Berlin,Female,18-24,1,App Store,iOS,True
643,29-Jan-25,UAE,Dubai,Female,18-24,1,Referral,iOS,True
676,18-Jan-26,Germany,Frankfurt,Female,18-24,1,Paid Search,iOS,True
913,03-Dec-25,UK,Glasgow,Female,18-24,1,Paid Search,iOS,True
971,03-Feb-25,Germany,Berlin,Female,18-24,1,Direct,iOS,True
1198,24-Nov-25,UK,Birmingham,Female,18-24,1,Organic Search,iOS,True
1310,17-Nov-25,Germany,Berlin,Female,18-24,1,Referral,iOS,True
1350,30-Oct-25,Germany,Hamburg,Female,18-24,1,Organic Search,iOS,True
1418,07-Aug-25,Germany,Munich,Female,18-24,1,Social,iOS,True
1591,07-Jun-25,Canada,Montreal,Female,18-24,1,Social,iOS,True
1707,16-Oct-25,Australia,Melbourne,Female,18-24,1,Social,iOS,True
1765,12-Aug-25,Canada,Montreal,Female,18-24,1,Email,iOS,True
1788,24-Jun-25,Australia,Melbourne,Female,18-24,1,Referral,iOS,True
2104,08-Sep-25,Canada,Toronto,Female,18-24,1,Paid Search,iOS,True
2366,11-Feb-25,Canada,Calgary,Female,18-24,1,Social,iOS,True
2375,09-Mar-25,Australia,Brisbane,Female,18-24,1,Direct,iOS,True
2447,05-Jan-25,UK,Leeds,Female,18-24,1,Direct,iOS,True
2569,17-Sep-25,Canada,Montreal,Female,18-24,1,Email,iOS,True
2645,07-Apr-25,Canada,Calgary,Female,18-24,1,Referral,iOS,True
2798,17-Aug-25,Germany,Munich,Female,18-24,1,App Store,iOS,True
2799,21-Apr-25,UAE,Dubai,Female,18-24,1,Email,iOS,True
2886,30-Jan-25,Canada,Toronto,Female,18-24,1,Paid Search,iOS,True
2941,16-Nov-25,UK,Glasgow,Female,18-24,1,Influencer,iOS,True
3105,14-Jan-26,Canada,Vancouver,Female,18-24,1,App Store,iOS,True
3147,12-Jan-25,Germany,Berlin,Female,18-24,1,Email,iOS,True
3169,19-Dec-25,Canada,Montreal,Female,18-24,1,Organic Search,iOS,True
3359,28-Jun-25,Australia,Perth,Female,18-24,1,Direct,iOS,True
3446,28-Aug-25,UK,Leeds,Female,18-24,1,Paid Search,iOS,True
3454,23-Jun-25,Canada,Montreal,Female,18-24,1,Referral,iOS,True
3533,04-Mar-25,Canada,Toronto,Female,18-24,1,Email,iOS,True
3595,14-May-25,Australia,Perth,Female,18-24,1,Email,iOS,True
3659,24-Sep-25,Australia,Sydney,Female,18-24,1,Social,iOS,True
3912,21-Jan-25,Germany,Frankfurt,Female,18-24,1,Social,iOS,True
4040,02-Aug-25,UAE,Dubai,Female,18-24,1,Referral,iOS,True
4079,17-Nov-25,Canada,Toronto,Female,18-24,1,Paid Search,iOS,True
4122,18-Apr-25,Canada,Vancouver,Female,18-24,1,Direct,iOS,True
4129,11-Jan-25,Australia,Sydney,Female,18-24,1,App Store,iOS,True
4135,09-Mar-25,UK,Birmingham,Female,18-24,1,Social,iOS,True
4323,26-Mar-25,UK,Glasgow,Female,18-24,1,Email,iOS,True
4363,11-Sep-25,UK,Glasgow,Female,18-24,1,Influencer,iOS,True
4453,05-Apr-25,UAE,Dubai,Female,18-24,1,Referral,iOS,True
4579,05-Oct-25,Canada,Calgary,Female,18-24,1,Organic Search,iOS,True
4773,02-Aug-25,UAE,Dubai,Female,18-24,1,Direct,iOS,True
4878,05-Dec-25,Australia,Sydney,Female,18-24,1,Email,iOS,True
4886,26-May-25,Germany,Frankfurt,Female,18-24,1,Organic Search,iOS,True
4911,03-May-25,Germany,Berlin,Female,18-24,1,Paid Search,iOS,True
4959,22-Sep-25,UK,Birmingham,Female,18-24,1,Organic Search,iOS,True
5043,06-Jul-25,Germany,Hamburg,Female,18-24,1,Organic Search,iOS,True
5110,16-Jul-25,UAE,Dubai,Female,18-24,1,Influencer,iOS,True
5145,02-Aug-25,UK,Leeds,Female,18-24,1,Organic Search,iOS,True
5222,08-Apr-25,Germany,Frankfurt,Female,18-24,1,Influencer,iOS,True
5253,05-May-25,Canada,Calgary,Female,18-24,1,Direct,iOS,True
5275,11-Jul-25,Germany,Munich,Female,18-24,1,Influencer,iOS,True
5375,07-May-25,Germany,Berlin,Female,18-24,1,Email,iOS,True
5412,13-Jan-25,Australia,Perth,Female,18-24,1,App Store,iOS,True
5452,25-Sep-25,Australia,Perth,Female,18-24,1,App Store,iOS,True
5470,11-Jul-25,Germany,Munich,Female,18-24,1,Direct,iOS,True
5513,09-Sep-25,Australia,Perth,Female,18-24,1,Direct,iOS,True
5531,22-May-25,Canada,Montreal,Female,18-24,1,App Store,iOS,True
5549,28-Sep-25,UK,London,Female,18-24,1,Influencer,iOS,True
5625,07-Jul-25,Australia,Perth,Female,18-24,1,Referral,iOS,True
5757,09-Nov-25,Germany,Frankfurt,Female,18-24,1,Direct,iOS,True
5758,13-Oct-25,UAE,Abu Dhabi,Female,18-24,1,Organic Search,iOS,True
5791,16-Apr-25,UAE,Abu Dhabi,Female,18-24,1,Referral,iOS,True
5906,11-Apr-25,Germany,Hamburg,Female,18-24,1,Referral,iOS,True
5948,07-Feb-25,UK,Leeds,Female,18-24,1,App Store,iOS,True
5966,17-Oct-25,Germany,Frankfurt,Female,18-24,1,Email,iOS,True
6107,02-Dec-25,Germany,Hamburg,Female,18-24,1,Influencer,iOS,True
6180,23-Feb-25,Germany,Berlin,Female,18-24,1,Referral,iOS,True
6213,12-Apr-25,Canada,Toronto,Female,18-24,1,Influencer,iOS,True
6223,12-Feb-25,UAE,Abu Dhabi,Female,18-24,1,Email,iOS,True
6291,28-Jan-25,UAE,Dubai,Female,18-24,1,App Store,iOS,True
6417,28-Sep-25,Canada,Vancouver,Female,18-24,1,Organic Search,iOS,True
6616,06-Mar-25,UAE,Abu Dhabi,Female,18-24,1,Social,iOS,True
6799,25-Dec-25,Germany,Berlin,Female,18-24,1,Social,iOS,True
6824,04-Feb-25,UAE,Abu Dhabi,Female,18-24,1,Social,iOS,True
6892,03-Sep-25,UAE,Abu Dhabi,Female,18-24,1,Social,iOS,True
7024,05-May-25,UK,Glasgow,Female,18-24,1,Influencer,iOS,True
7102,08-Apr-25,Australia,Melbourne,Female,18-24,1,Referral,iOS,True
7128,02-Mar-25,UAE,Abu Dhabi,Female,18-24,1,Influencer,iOS,True
7159,22-Nov-25,Canada,Montreal,Female,18-24,1,Direct,iOS,True
7247,10-May-25,Canada,Calgary,Female,18-24,1,Direct,iOS,True
7248,07-May-25,Australia,Brisbane,Female,18-24,1,App Store,iOS,True
7262,27-Apr-25,Australia,Perth,Female,18-24,1,App Store,iOS,True
7289,02-Jul-25,UK,Leeds,Female,18-24,1,Social,iOS,True
7356,23-Sep-25,UK,Glasgow,Female,18-24,1,App Store,iOS,True
7704,28-Dec-25,Germany,Berlin,Female,18-24,1,Organic Search,iOS,True
7762,05-Nov-25,Canada,Vancouver,Female,18-24,1,Influencer,iOS,True
7777,10-Mar-25,UAE,Abu Dhabi,Female,18-24,1,Paid Search,iOS,True
7838,31-May-25,Canada,Vancouver,Female,18-24,1,App Store,iOS,True
7972,05-Feb-25,UK,Manchester,Female,18-24,1,Paid Search,iOS,True
741,28-Aug-25,UK,Glasgow,Female,18-24,1,Referral,Android,False
1335,07-Nov-25,UK,Manchester,Female,18-24,1,Influencer,Android,False
1774,30-Aug-25,UAE,Dubai,Female,18-24,1,Referral,Android,False
2151,21-Sep-25,Australia,Sydney,Female,18-24,1,App Store,Android,False
2368,05-May-25,UK,London,Female,18-24,1,App Store,Android,False
2524,21-May-25,Australia,Melbourne,Female,18-24,1,Email,Android,False
2741,21-Jun-25,Canada,Toronto,Female,18-24,1,Paid Search,Android,False
3663,20-May-25,Australia,Melbourne,Female,18-24,1,App Store,Android,False
3706,03-Dec-25,Australia,Perth,Female,18-24,1,Social,Android,False
4312,18-Jun-25,UK,Manchester,Female,18-24,1,Social,Android,False
4996,14-Nov-25,UK,London,Female,18-24,1,Social,Android,False
5326,14-Nov-25,Australia,Melbourne,Female,18-24,1,Social,Android,False
5751,21-Sep-25,Canada,Montreal,Female,18-24,1,Paid Search,Android,False
6069,18-Dec-25,UK,London,Female,18-24,1,Organic Search,Android,False
6105,25-Jul-25,Australia,Perth,Female,18-24,1,Social,Android,False
6635,30-Oct-25,Germany,Hamburg,Female,18-24,1,Paid Search,Android,False
6913,15-Aug-25,UAE,Dubai,Female,18-24,1,App Store,Android,False
63,22-Mar-25,Australia,Perth,Female,18-24,1,Paid Search,Android,True
268,09-Sep-25,UK,London,Female,18-24,1,Influencer,Android,True
321,22-Jan-25,UK,Birmingham,Female,18-24,1,Direct,Android,True
360,09-Apr-25,Canada,Montreal,Female,18-24,1,Referral,Android,True
388,25-Jun-25,UAE,Abu Dhabi,Female,18-24,1,Paid Search,Android,True
494,23-Jul-25,Australia,Brisbane,Female,18-24,1,Direct,Android,True
616,30-Jun-25,Canada,Montreal,Female,18-24,1,Social,Android,True
631,15-Mar-25,Canada,Montreal,Female,18-24,1,Email,Android,True
649,08-Dec-25,Germany,Munich,Female,18-24,1,Email,Android,True
680,09-Jul-25,UK,London,Female,18-24,1,Influencer,Android,True
729,12-Nov-25,Australia,Sydney,Female,18-24,1,Direct,Android,True
842,04-Sep-25,UAE,Abu Dhabi,Female,18-24,1,Social,Android,True
883,04-Oct-25,UK,London,Female,18-24,1,Organic Search,Android,True
944,21-Oct-25,Australia,Melbourne,Female,18-24,1,Email,Android,True
1009,11-Aug-25,UK,Birmingham,Female,18-24,1,Email,Android,True
1077,04-Feb-25,UK,Leeds,Female,18-24,1,Influencer,Android,True
1136,16-Oct-25,Germany,Frankfurt,Female,18-24,1,Organic Search,Android,True
1144,26-Nov-25,Germany,Hamburg,Female,18-24,1,Paid Search,Android,True
1222,05-Nov-25,Australia,Perth,Female,18-24,1,Influencer,Android,True
1243,01-Jun-25,Australia,Brisbane,Female,18-24,1,Influencer,Android,True
1268,23-Nov-25,UAE,Abu Dhabi,Female,18-24,1,Referral,Android,True
1342,27-May-25,Germany,Hamburg,Female,18-24,1,Social,Android,True
1668,19-Nov-25,UAE,Dubai,Female,18-24,1,Influencer,Android,True
1777,11-Jul-25,Canada,Calgary,Female,18-24,1,App Store,Android,True
1865,25-Jul-25,Germany,Berlin,Female,18-24,1,App Store,Android,True
1918,26-Apr-25,Australia,Sydney,Female,18-24,1,Organic Search,Android,True
1945,14-Dec-25,Canada,Toronto,Female,18-24,1,Referral,Android,True
2098,13-Feb-25,Germany,Munich,Female,18-24,1,Referral,Android,True
2146,15-Jan-26,UAE,Dubai,Female,18-24,1,Direct,Android,True
2208,27-Nov-25,Canada,Calgary,Female,18-24,1,Organic Search,Android,True
2575,25-Dec-25,Australia,Perth,Female,18-24,1,Referral,Android,True
2649,20-Aug-25,Germany,Frankfurt,Female,18-24,1,Organic Search,Android,True
2687,18-Dec-25,UK,Manchester,Female,18-24,1,Organic Search,Android,True
2701,18-Feb-25,Australia,Perth,Female,18-24,1,Paid Search,Android,True
2892,22-Jun-25,Germany,Hamburg,Female,18-24,1,Referral,Android,True
2903,08-Sep-25,Australia,Sydney,Female,18-24,1,Social,Android,True
2980,16-Apr-25,Germany,Munich,Female,18-24,1,Influencer,Android,True
3073,03-Jun-25,Australia,Perth,Female,18-24,1,Direct,Android,True
3084,02-Aug-25,Canada,Vancouver,Female,18-24,1,Paid Search,Android,True
3393,25-Aug-25,UAE,Dubai,Female,18-24,1,Direct,Android,True
3489,08-Feb-25,Germany,Munich,Female,18-24,1,App Store,Android,True
3490,28-Jan-25,Germany,Munich,Female,18-24,1,Referral,Android,True
3495,02-Jan-25,UK,London,Female,18-24,1,Influencer,Android,True
3550,12-Jul-25,Canada,Montreal,Female,18-24,1,Paid Search,Android,True
3573,16-Mar-25,Germany,Berlin,Female,18-24,1,Direct,Android,True
3605,12-Aug-25,Australia,Melbourne,Female,18-24,1,Social,Android,True
3632,21-Apr-25,Canada,Calgary,Female,18-24,1,Organic Search,Android,True
3665,29-May-25,Germany,Frankfurt,Female,18-24,1,Direct,Android,True
3755,06-Feb-25,UK,Manchester,Female,18-24,1,Paid Search,Android,True
3869,29-Mar-25,Australia,Perth,Female,18-24,1,App Store,Android,True
3892,25-Feb-25,Germany,Berlin,Female,18-24,1,Referral,Android,True
3957,06-Nov-25,UAE,Dubai,Female,18-24,1,Social,Android,True
3970,22-Feb-25,Germany,Berlin,Female,18-24,1,Direct,Android,True
4012,24-Jun-25,UK,Birmingham,Female,18-24,1,Influencer,Android,True
4103,12-Aug-25,Germany,Frankfurt,Female,18-24,1,App Store,Android,True
4191,19-Jun-25,UK,London,Female,18-24,1,Influencer,Android,True
4238,14-Sep-25,Australia,Melbourne,Female,18-24,1,Email,Android,True
4251,05-Oct-25,Australia,Melbourne,Female,18-24,1,Social,Android,True
4259,08-Nov-25,Australia,Perth,Female,18-24,1,Direct,Android,True
4328,08-Dec-25,UAE,Dubai,Female,18-24,1,App Store,Android,True
4350,16-Jan-25,Australia,Perth,Female,18-24,1,Email,Android,True
4364,09-Jan-25,Australia,Sydney,Female,18-24,1,Referral,Android,True
4395,09-Nov-25,UAE,Dubai,Female,18-24,1,Referral,Android,True
4478,07-Apr-25,Canada,Vancouver,Female,18-24,1,Social,Android,True
4549,18-Apr-25,Germany,Munich,Female,18-24,1,Organic Search,Android,True
4854,25-Jan-25,Australia,Sydney,Female,18-24,1,Organic Search,Android,True
5023,10-Jun-25,Australia,Brisbane,Female,18-24,1,Influencer,Android,True
5070,26-Sep-25,Germany,Hamburg,Female,18-24,1,Email,Android,True
5080,02-Jul-25,Germany,Munich,Female,18-24,1,Paid Search,Android,True
5099,15-Mar-25,Germany,Munich,Female,18-24,1,Email,Android,True
5336,12-May-25,Canada,Calgary,Female,18-24,1,Direct,Android,True
5582,25-Jan-25,Germany,Munich,Female,18-24,1,Organic Search,Android,True
5687,06-Jan-25,Australia,Sydney,Female,18-24,1,Direct,Android,True
5754,06-Jan-26,Germany,Hamburg,Female,18-24,1,Email,Android,True
5830,05-Sep-25,UK,Birmingham,Female,18-24,1,Social,Android,True
5850,22-Jun-25,UAE,Dubai,Female,18-24,1,Paid Search,Android,True
5858,23-Feb-25,UAE,Dubai,Female,18-24,1,Influencer,Android,True
5877,11-Nov-25,Germany,Berlin,Female,18-24,1,Influencer,Android,True
5912,16-Jan-26,Germany,Frankfurt,Female,18-24,1,Influencer,Android,True
6021,20-Jun-25,Canada,Montreal,Female,18-24,1,Social,Android,True
6132,15-Oct-25,UK,Manchester,Female,18-24,1,Social,Android,True
6143,09-Dec-25,Canada,Calgary,Female,18-24,1,Social,Android,True
6183,09-Apr-25,UK,Manchester,Female,18-24,1,App Store,Android,True
6411,04-Sep-25,Australia,Sydney,Female,18-24,1,Paid Search,Android,True
6446,26-Mar-25,UAE,Dubai,Female,18-24,1,Referral,Android,True
6451,16-Jun-25,UAE,Abu Dhabi,Female,18-24,1,Organic Search,Android,True
6490,16-Jan-25,UAE,Dubai,Female,18-24,1,App Store,Android,True
6533,25-Feb-25,UAE,Dubai,Female,18-24,1,App Store,Android,True
6582,17-Mar-25,Germany,Frankfurt,Female,18-24,1,App Store,Android,True
6613,09-Oct-25,UK,Leeds,Female,18-24,1,Influencer,Android,True
6661,02-Apr-25,UK,Leeds,Female,18-24,1,Paid Search,Android,True
6665,24-Oct-25,Germany,Hamburg,Female,18-24,1,Referral,Android,True
6904,27-Nov-25,Australia,Melbourne,Female,18-24,1,Email,Android,True
6906,08-Jan-26,Canada,Montreal,Female,18-24,1,Organic Search,Android,True
6914,17-Feb-25,UAE,Dubai,Female,18-24,1,Direct,Android,True
6953,29-Aug-25,UAE,Dubai,Female,18-24,1,Social,Android,True
7026,10-Oct-25,UK,Manchester,Female,18-24,1,Influencer,Android,True
7131,26-Jan-25,Canada,Montreal,Female,18-24,1,Organic Search,Android,True
7142,30-Jun-25,UAE,Abu Dhabi,Female,18-24,1,Organic Search,Android,True
7174,13-Feb-25,UK,Glasgow,Female,18-24,1,Organic Search,Android,True
7208,10-Nov-25,UAE,Dubai,Female,18-24,1,Paid Search,Android,True
7217,29-Jun-25,Australia,Brisbane,Female,18-24,1,App Store,Android,True
7291,15-Mar-25,Canada,Montreal,Female,18-24,1,Referral,Android,True
7309,17-Apr-25,Australia,Perth,Female,18-24,1,Referral,Android,True
7335,11-May-25,UAE,Abu Dhabi,Female,18-24,1,Paid Search,Android,True
7444,31-Oct-25,UAE,Dubai,Female,18-24,1,Email,Android,True
7535,09-May-25,Germany,Frankfurt,Female,18-24,1,Paid Search,Android,True
7564,18-Dec-25,UK,Glasgow,Female,18-24,1,Influencer,Android,True
7580,20-Aug-25,Canada,Vancouver,Female,18-24,1,App Store,Android,True
7711,09-Jan-25,Australia,Perth,Female,18-24,1,Email,Android,True
7775,17-Mar-25,Canada,Montreal,Female,18-24,1,Referral,Android,True
7797,28-Feb-25,Australia,Sydney,Female,18-24,1,Influencer,Android,True
7971,08-Feb-25,Canada,Toronto,Female,18-24,1,App Store,Android,True
7986,30-Jul-25,Germany,Frankfurt,Female,18-24,1,Email,Android,True
306,12-Jun-25,Australia,Melbourne,Female,45-54,4,Email,Web,False
369,18-Jan-25,UK,Birmingham,Female,45-54,4,App Store,iOS,False
475,08-Jan-26,Australia,Perth,Female,45-54,4,Influencer,Web,False
2122,12-Jan-25,Germany,Munich,Female,45-54,4,App Store,Android,False
2299,25-Mar-25,UK,London,Female,45-54,4,Referral,Android,False
2330,09-Mar-25,Canada,Calgary,Female,45-54,4,Social,Web,False
2610,30-Jun-25,Australia,Brisbane,Female,45-54,4,Direct,Web,False
2676,20-Aug-25,Germany,Frankfurt,Female,45-54,4,Paid Search,iOS,False
2728,14-Aug-25,Germany,Frankfurt,Female,45-54,4,App Store,iOS,False
3334,21-Jun-25,Australia,Brisbane,Female,45-54,4,App Store,iOS,False
3535,26-Dec-25,Canada,Toronto,Female,45-54,4,Paid Search,Android,False
3879,06-Mar-25,Canada,Montreal,Female,45-54,4,Direct,Web,False
4556,14-May-25,Germany,Hamburg,Female,45-54,4,Referral,iOS,False
4834,22-Oct-25,UAE,Dubai,Female,45-54,4,Email,iOS,False
5281,12-Nov-25,UK,Manchester,Female,45-54,4,Paid Search,Web,False
5436,01-Jul-25,UAE,Dubai,Female,45-54,4,Influencer,Android,False
5635,08-Aug-25,Germany,Hamburg,Female,45-54,4,App Store,Android,False
5854,15-Sep-25,Australia,Perth,Female,45-54,4,Social,Web,False
5988,13-Jul-25,UAE,Abu Dhabi,Female,45-54,4,Paid Search,Web,False
6116,31-May-25,UAE,Dubai,Female,45-54,4,App Store,Android,False
7014,01-Jan-26,UAE,Dubai,Female,45-54,4,Direct,Android,False
7290,01-Jun-25,Canada,Toronto,Female,45-54,4,Social,Web,False
7914,01-Jul-25,Germany,Hamburg,Female,45-54,4,Referral,Web,False
196,21-Jun-25,Germany,Munich,Female,45-54,4,Organic Search,iOS,True
514,06-Apr-25,UK,Leeds,Female,45-54,4,Email,iOS,True
658,02-Oct-25,Canada,Vancouver,Female,45-54,4,Organic Search,iOS,True
682,04-Jan-26,Germany,Frankfurt,Female,45-54,4,Influencer,Android,True
705,21-Aug-25,UK,Manchester,Female,45-54,4,Social,iOS,True
752,13-Oct-25,UAE,Abu Dhabi,Female,45-54,4,Organic Search,Web,True
767,09-Oct-25,UAE,Abu Dhabi,Female,45-54,4,Paid Search,iOS,True
884,05-Jan-25,Canada,Calgary,Female,45-54,4,Direct,Android,True
981,09-Oct-25,UK,Birmingham,Female,45-54,4,Referral,iOS,True
1133,06-Jun-25,UAE,Abu Dhabi,Female,45-54,4,Direct,iOS,True
1140,18-Nov-25,Germany,Munich,Female,45-54,4,Social,iOS,True
1155,06-Jun-25,Germany,Berlin,Female,45-54,4,Organic Search,Web,True
1195,13-May-25,UK,Manchester,Female,45-54,4,Social,Android,True
1299,15-Oct-25,UAE,Abu Dhabi,Female,45-54,4,Influencer,Web,True
1318,27-Aug-25,UAE,Dubai,Female,45-54,4,Influencer,Android,True
1392,19-Apr-25,UAE,Dubai,Female,45-54,4,Paid Search,Web,True
1412,28-Dec-25,Australia,Melbourne,Female,45-54,4,Referral,iOS,True
1465,31-Dec-25,Canada,Vancouver,Female,45-54,4,Influencer,Android,True
1484,12-Apr-25,Canada,Montreal,Female,45-54,4,Paid Search,Android,True
1763,15-Mar-25,Australia,Sydney,Female,45-54,4,Organic Search,Web,True
1814,15-Oct-25,UK,Leeds,Female,45-54,4,Referral,Android,True
1861,15-Feb-25,UK,Leeds,Female,45-54,4,Organic Search,Android,True
1883,01-Oct-25,UK,Manchester,Female,45-54,4,Direct,Android,True
2011,19-Feb-25,UK,Leeds,Female,45-54,4,Organic Search,Android,True
2026,03-Sep-25,Australia,Perth,Female,45-54,4,App Store,iOS,True
2201,12-May-25,Australia,Perth,Female,45-54,4,Referral,Android,True
2491,18-Oct-25,Canada,Toronto,Female,45-54,4,Influencer,Web,True
2585,10-Jul-25,Germany,Munich,Female,45-54,4,Direct,iOS,True
2618,13-Sep-25,Canada,Montreal,Female,45-54,4,Organic Search,Android,True
2634,11-Feb-25,UAE,Dubai,Female,45-54,4,App Store,Android,True
2756,06-May-25,Germany,Munich,Female,45-54,4,Paid Search,iOS,True
2890,11-Jul-25,UAE,Dubai,Female,45-54,4,Referral,iOS,True
2919,25-Dec-25,Australia,Brisbane,Female,45-54,4,Organic Search,iOS,True
2923,02-Mar-25,Germany,Frankfurt,Female,45-54,4,Social,Android,True
2981,05-Aug-25,UK,London,Female,45-54,4,Direct,Android,True
3021,07-Dec-25,Australia,Brisbane,Female,45-54,4,Direct,iOS,True
3237,15-Aug-25,Germany,Frankfurt,Female,45-54,4,Referral,iOS,True
3340,08-Jan-25,Canada,Calgary,Female,45-54,4,App Store,iOS,True
3536,16-Mar-25,UK,Birmingham,Female,45-54,4,Email,Android,True
3540,28-Apr-25,Germany,Berlin,Female,45-54,4,Paid Search,Android,True
3596,15-Jul-25,UK,Leeds,Female,45-54,4,Paid Search,Web,True
3617,11-Feb-25,UK,Leeds,Female,45-54,4,Influencer,iOS,True
3675,27-May-25,UK,London,Female,45-54,4,Social,iOS,True
3731,04-Oct-25,Australia,Brisbane,Female,45-54,4,Direct,iOS,True
3891,22-Apr-25,Canada,Toronto,Female,45-54,4,Referral,iOS,True
3905,24-Jan-25,UK,Manchester,Female,45-54,4,Paid Search,iOS,True
3920,25-Dec-25,UK,Leeds,Female,45-54,4,App Store,Android,True
3976,13-Jan-25,Canada,Montreal,Female,45-54,4,Organic Search,iOS,True
3995,13-Jan-26,UAE,Abu Dhabi,Female,45-54,4,App Store,Web,True
3996,07-Jul-25,UAE,Dubai,Female,45-54,4,Paid Search,Android,True
3998,18-Aug-25,UAE,Dubai,Female,45-54,4,Direct,Android,True
4055,29-Apr-25,Germany,Berlin,Female,45-54,4,Referral,Android,True
4067,31-Mar-25,Australia,Brisbane,Female,45-54,4,Direct,Android,True
4145,23-Dec-25,Australia,Melbourne,Female,45-54,4,Social,Web,True
4186,11-Apr-25,Australia,Perth,Female,45-54,4,Organic Search,Android,True
4232,15-Dec-25,Canada,Calgary,Female,45-54,4,Email,Web,True
4370,17-Feb-25,Germany,Frankfurt,Female,45-54,4,App Store,Web,True
4381,19-Oct-25,UAE,Abu Dhabi,Female,45-54,4,Email,iOS,True
4394,06-May-25,Canada,Montreal,Female,45-54,4,Organic Search,iOS,True
4412,24-Jun-25,UK,Manchester,Female,45-54,4,Organic Search,iOS,True
4449,14-Jan-26,UAE,Abu Dhabi,Female,45-54,4,Direct,iOS,True
4485,28-Feb-25,UK,Birmingham,Female,45-54,4,Influencer,Android,True
4515,03-Mar-25,UAE,Abu Dhabi,Female,45-54,4,Social,Android,True
4609,07-May-25,UK,Glasgow,Female,45-54,4,Direct,iOS,True
4635,26-Oct-25,Canada,Toronto,Female,45-54,4,Email,iOS,True
4690,01-Dec-25,UK,London,Female,45-54,4,Influencer,iOS,True
4699,24-Jul-25,UAE,Dubai,Female,45-54,4,Referral,iOS,True
4700,17-Sep-25,Canada,Calgary,Female,45-54,4,App Store,Web,True
4714,01-May-25,Australia,Perth,Female,45-54,4,Referral,iOS,True
4732,10-Oct-25,Australia,Perth,Female,45-54,4,Influencer,Android,True
4837,09-Oct-25,Canada,Montreal,Female,45-54,4,App Store,Web,True
4943,07-Sep-25,UK,London,Female,45-54,4,App Store,Web,True
4967,02-Sep-25,Germany,Berlin,Female,45-54,4,Paid Search,iOS,True
5019,06-Dec-25,UK,Birmingham,Female,45-54,4,Referral,Web,True
5060,26-Oct-25,Canada,Montreal,Female,45-54,4,Direct,iOS,True
5096,18-Jan-26,UAE,Dubai,Female,45-54,4,Influencer,Android,True
5139,05-Mar-25,UK,London,Female,45-54,4,Direct,iOS,True
5148,03-Apr-25,UK,London,Female,45-54,4,Referral,Android,True
5162,05-Jun-25,UK,Leeds,Female,45-54,4,Email,Web,True
5194,29-Mar-25,Germany,Berlin,Female,45-54,4,Email,iOS,True
5235,20-Oct-25,Germany,Berlin,Female,45-54,4,Direct,Web,True
5318,15-Aug-25,Australia,Melbourne,Female,45-54,4,Email,iOS,True
5441,27-Nov-25,Germany,Berlin,Female,45-54,4,Organic Search,iOS,True
5487,06-Jan-25,UK,Leeds,Female,45-54,4,Organic Search,iOS,True
5516,26-Dec-25,Germany,Berlin,Female,45-54,4,Organic Search,Android,True
5529,14-Oct-25,UK,Leeds,Female,45-54,4,Email,Web,True
5642,11-Jun-25,Germany,Frankfurt,Female,45-54,4,Influencer,iOS,True
5730,20-Nov-25,UAE,Abu Dhabi,Female,45-54,4,Email,iOS,True
5746,28-Sep-25,UAE,Dubai,Female,45-54,4,Influencer,Android,True
5798,18-Oct-25,Germany,Berlin,Female,45-54,4,Referral,Android,True
5803,04-Sep-25,UK,Birmingham,Female,45-54,4,Paid Search,Web,True
5834,25-Jul-25,UAE,Abu Dhabi,Female,45-54,4,Referral,iOS,True
5859,27-Nov-25,UK,Birmingham,Female,45-54,4,Referral,Android,True
5917,02-Oct-25,Australia,Perth,Female,45-54,4,Paid Search,Android,True
5918,16-Apr-25,UK,Birmingham,Female,45-54,4,App Store,iOS,True
5961,16-Mar-25,Australia,Melbourne,Female,45-54,4,App Store,Android,True
6087,05-Jun-25,Germany,Munich,Female,45-54,4,Organic Search,Android,True
6168,21-Nov-25,Germany,Frankfurt,Female,45-54,4,Paid Search,Web,True
6185,15-Feb-25,Germany,Frankfurt,Female,45-54,4,Email,iOS,True
6204,23-Jul-25,Canada,Vancouver,Female,45-54,4,Paid Search,iOS,True
6320,16-Nov-25,UAE,Abu Dhabi,Female,45-54,4,Direct,Web,True
6349,19-Oct-25,Germany,Hamburg,Female,45-54,4,Paid Search,Web,True
6358,05-Jun-25,Australia,Perth,Female,45-54,4,Referral,Android,True
6464,22-Oct-25,UK,Glasgow,Female,45-54,4,Influencer,Web,True
6518,06-Oct-25,Canada,Montreal,Female,45-54,4,Direct,iOS,True
6534,04-Jun-25,UAE,Abu Dhabi,Female,45-54,4,Email,Android,True
6654,18-Mar-25,Australia,Sydney,Female,45-54,4,Influencer,Android,True
6690,06-May-25,UK,Birmingham,Female,45-54,4,Direct,Android,True
6708,14-May-25,UK,Manchester,Female,45-54,4,App Store,Web,True
6829,07-Jan-25,UAE,Dubai,Female,45-54,4,App Store,iOS,True
6831,01-Nov-25,UAE,Abu Dhabi,Female,45-54,4,App Store,Android,True
6878,03-Oct-25,Canada,Toronto,Female,45-54,4,Direct,iOS,True
6890,04-Feb-25,UAE,Dubai,Female,45-54,4,Email,Android,True
6938,28-Sep-25,Canada,Vancouver,Female,45-54,4,Referral,Android,True
6942,21-Sep-25,Australia,Perth,Female,45-54,4,Organic Search,iOS,True
6971,23-Dec-25,Canada,Calgary,Female,45-54,4,Influencer,Android,True
6982,02-Nov-25,UK,Leeds,Female,45-54,4,Email,iOS,True
7009,02-Aug-25,UK,Leeds,Female,45-54,4,Social,Android,True
7038,17-Oct-25,Canada,Montreal,Female,45-54,4,Referral,Android,True
7046,01-Jul-25,UAE,Dubai,Female,45-54,4,Direct,iOS,True
7224,14-Aug-25,Australia,Perth,Female,45-54,4,Social,Android,True
7319,26-Jan-25,Australia,Brisbane,Female,45-54,4,App Store,Android,True
7385,20-May-25,Germany,Frankfurt,Female,45-54,4,Paid Search,Android,True
7518,22-Apr-25,Canada,Vancouver,Female,45-54,4,Direct,Web,True
7569,20-Apr-25,Canada,Calgary,Female,45-54,4,Paid Search,Web,True
7645,12-Sep-25,UK,Leeds,Female,45-54,4,Email,Android,True
7652,07-May-25,UK,Manchester,Female,45-54,4,Referral,Android,True
7667,18-Jun-25,Germany,Berlin,Female,45-54,4,Influencer,Android,True
7683,17-Jul-25,UK,Leeds,Female,45-54,4,App Store,Android,True
7748,24-Mar-25,Canada,Montreal,Female,45-54,4,Paid Search,Android,True
7862,11-Feb-25,Canada,Toronto,Female,45-54,4,Email,iOS,True
17,11-May-25,Germany,Munich,Male,45-54,4,Social,iOS,True
204,23-Apr-25,Canada,Montreal,Male,45-54,4,Organic Search,Web,True
392,26-Jan-25,Germany,Hamburg,Male,45-54,4,App Store,iOS,True
547,03-Dec-25,UK,Leeds,Male,45-54,4,Social,iOS,True
650,25-May-25,Germany,Munich,Male,45-54,4,Organic Search,iOS,True
963,09-Mar-25,Australia,Brisbane,Male,45-54,4,Direct,iOS,True
977,11-Feb-25,Australia,Brisbane,Male,45-54,4,Organic Search,iOS,True
1328,19-Mar-25,UK,Manchester,Male,45-54,4,Email,iOS,False
1492,26-Nov-25,UK,Glasgow,Male,45-54,4,App Store,Web,True
1552,11-Jan-26,Canada,Toronto,Male,45-54,4,Paid Search,iOS,True
1586,06-Mar-25,Australia,Perth,Male,45-54,4,Paid Search,Web,True
1627,01-Jan-26,Canada,Vancouver,Male,45-54,4,App Store,iOS,True
1886,01-Jan-26,Australia,Perth,Male,45-54,4,Organic Search,iOS,True
2012,26-Jun-25,Australia,Sydney,Male,45-54,4,Influencer,Web,True
2073,28-Apr-25,Australia,Melbourne,Male,45-54,4,Paid Search,Web,True
2081,14-Sep-25,UK,Leeds,Male,45-54,4,Email,Web,False
2176,27-May-25,Germany,Frankfurt,Male,45-54,4,Referral,Web,True
2182,27-Dec-25,Canada,Montreal,Male,45-54,4,Paid Search,Web,True
2285,31-Mar-25,Canada,Vancouver,Male,45-54,4,Paid Search,iOS,True
2294,12-Mar-25,Canada,Calgary,Male,45-54,4,Referral,iOS,True
2373,29-Oct-25,UK,Leeds,Male,45-54,4,Social,Web,True
2480,23-May-25,UAE,Dubai,Male,45-54,4,Paid Search,iOS,True
2749,29-Apr-25,Canada,Calgary,Male,45-54,4,Paid Search,Web,True
2958,24-Oct-25,Australia,Melbourne,Male,45-54,4,Paid Search,Web,True
3075,09-Mar-25,Germany,Munich,Male,45-54,4,Email,iOS,True
3156,07-Jun-25,Australia,Brisbane,Male,45-54,4,Email,Web,True
3460,06-Dec-25,Australia,Sydney,Male,45-54,4,Referral,iOS,True
3471,13-Aug-25,Germany,Frankfurt,Male,45-54,4,Email,Web,False
3487,20-Jul-25,Canada,Montreal,Male,45-54,4,Social,iOS,True
3551,16-Feb-25,Germany,Frankfurt,Male,45-54,4,Influencer,Web,True
3554,06-Jun-25,UK,Glasgow,Male,45-54,4,Email,iOS,True
3593,04-Feb-25,Canada,Montreal,Male,45-54,4,Email,iOS,True
3740,10-Aug-25,UK,London,Male,45-54,4,Paid Search,iOS,True
3764,07-May-25,Canada,Toronto,Male,45-54,4,Direct,Web,True
3867,28-Jul-25,Australia,Perth,Male,45-54,4,Organic Search,Web,True
3947,04-Aug-25,Australia,Sydney,Male,45-54,4,Referral,iOS,True
3984,12-Jun-25,Germany,Berlin,Male,45-54,4,Organic Search,iOS,True
4028,12-Feb-25,Australia,Sydney,Male,45-54,4,App Store,Web,True
4044,14-Jul-25,UK,London,Male,45-54,4,Email,iOS,True
4287,20-Nov-25,Germany,Frankfurt,Male,45-54,4,Direct,Web,True
4423,04-Jan-26,UK,London,Male,45-54,4,Direct,iOS,True
4524,18-Jun-25,Australia,Brisbane,Male,45-54,4,Direct,iOS,True
4550,25-Mar-25,UK,Birmingham,Male,45-54,4,Influencer,Web,True
4567,15-Sep-25,Australia,Brisbane,Male,45-54,4,Social,iOS,True
4905,18-Nov-25,Germany,Munich,Male,45-54,4,Organic Search,Web,True
5122,22-Jul-25,Canada,Calgary,Male,45-54,4,App Store,Web,True
5136,01-Jul-25,Australia,Perth,Male,45-54,4,Social,Web,True
5181,28-Jul-25,UK,Birmingham,Male,45-54,4,App Store,Web,True
5266,11-Jan-26,UAE,Abu Dhabi,Male,45-54,4,App Store,iOS,False
5285,04-Sep-25,UK,London,Male,45-54,4,Email,Web,True
5311,27-Jul-25,Australia,Perth,Male,45-54,4,Direct,iOS,True
5438,01-Jan-25,Canada,Toronto,Male,45-54,4,Email,Web,True
5522,07-Apr-25,Canada,Toronto,Male,45-54,4,Paid Search,Web,False
5618,15-Dec-25,Canada,Vancouver,Male,45-54,4,Social,iOS,True
6011,30-Jun-25,Australia,Sydney,Male,45-54,4,Influencer,iOS,True
6181,06-Aug-25,Canada,Montreal,Male,45-54,4,Direct,Web,True
6254,24-Nov-25,UAE,Abu Dhabi,Male,45-54,4,Social,Web,True
6410,28-Nov-25,Australia,Melbourne,Male,45-54,4,Email,Web,True
6558,24-Jun-25,Australia,Melbourne,Male,45-54,4,Paid Search,iOS,True
6583,08-Aug-25,Germany,Berlin,Male,45-54,4,Social,iOS,False
6628,13-Aug-25,Canada,Vancouver,Male,45-54,4,App Store,Web,True
6731,17-May-25,UAE,Abu Dhabi,Male,45-54,4,Referral,iOS,True
6805,05-Jul-25,UK,Manchester,Male,45-54,4,App Store,iOS,True
6985,23-Apr-25,UAE,Dubai,Male,45-54,4,Social,iOS,True
7099,31-Jul-25,Australia,Perth,Male,45-54,4,App Store,iOS,True
7109,21-Oct-25,Germany,Munich,Male,45-54,4,Referral,iOS,True
7149,19-Mar-25,Germany,Frankfurt,Male,45-54,4,Email,iOS,True
7205,31-May-25,UK,Manchester,Male,45-54,4,Referral,iOS,True
7368,26-Oct-25,Canada,Montreal,Male,45-54,4,Influencer,iOS,True
7498,12-Jan-25,Australia,Perth,Male,45-54,4,Paid Search,iOS,True
7533,09-Dec-25,UK,London,Male,45-54,4,Direct,Web,True
7905,12-Mar-25,Australia,Melbourne,Male,45-54,4,Organic Search,iOS,True
19,05-Nov-25,UK,Manchester,Male,45-54,4,Organic Search,Android,True
201,06-Apr-25,Canada,Vancouver,Male,45-54,4,App Store,Android,True
275,31-Oct-25,Australia,Melbourne,Male,45-54,4,Social,Android,True
313,31-Oct-25,UAE,Abu Dhabi,Male,45-54,4,Referral,Android,True
654,12-May-25,Germany,Munich,Male,45-54,4,Referral,Android,False
665,19-Jan-25,Germany,Munich,Male,45-54,4,Influencer,Android,True
693,29-May-25,UAE,Dubai,Male,45-54,4,Influencer,Android,True
753,30-Aug-25,UAE,Dubai,Male,45-54,4,Social,Android,True
865,31-May-25,Canada,Vancouver,Male,45-54,4,App Store,Android,True
911,17-Feb-25,Australia,Sydney,Male,45-54,4,App Store,Android,True
1004,31-Aug-25,Australia,Brisbane,Male,45-54,4,Email,Android,True
1089,12-Nov-25,Australia,Melbourne,Male,45-54,4,Influencer,Android,True
1481,17-Aug-25,UAE,Abu Dhabi,Male,45-54,4,Organic Search,Android,True
1724,19-Jun-25,Germany,Munich,Male,45-54,4,App Store,Android,True
1805,04-Jan-25,UAE,Dubai,Male,45-54,4,Influencer,Android,True
1900,17-Mar-25,Canada,Toronto,Male,45-54,4,Influencer,Android,True
2474,29-Jun-25,Germany,Hamburg,Male,45-54,4,Paid Search,Android,True
2565,20-Sep-25,UK,Glasgow,Male,45-54,4,Email,Android,True
2636,15-Apr-25,Australia,Perth,Male,45-54,4,Social,Android,True
2671,01-Jun-25,Australia,Sydney,Male,45-54,4,Paid Search,Android,False
2839,05-Jul-25,UAE,Abu Dhabi,Male,45-54,4,Organic Search,Android,True
2869,24-Feb-25,Canada,Toronto,Male,45-54,4,App Store,Android,True
2881,01-Jan-26,Canada,Vancouver,Male,45-54,4,Paid Search,Android,True
2912,28-Aug-25,UK,Birmingham,Male,45-54,4,Organic Search,Android,True
3070,01-Feb-25,Canada,Toronto,Male,45-54,4,Referral,Android,True
3327,19-Feb-25,UK,London,Male,45-54,4,Paid Search,Android,True
3349,27-May-25,UAE,Abu Dhabi,Male,45-54,4,Direct,Android,True
3440,18-Apr-25,Germany,Hamburg,Male,45-54,4,Email,Android,False
3443,13-Mar-25,Australia,Sydney,Male,45-54,4,Referral,Android,True
3444,19-Apr-25,UK,Glasgow,Male,45-54,4,Influencer,Android,True
3469,25-Mar-25,Germany,Hamburg,Male,45-54,4,Organic Search,Android,True
3532,10-Feb-25,UK,Birmingham,Male,45-54,4,Direct,Android,False
3762,08-May-25,UAE,Dubai,Male,45-54,4,Paid Search,Android,True
3777,21-Dec-25,UK,Glasgow,Male,45-54,4,Social,Android,True
3850,17-Oct-25,UK,Glasgow,Male,45-54,4,App Store,Android,True
3857,23-Jul-25,Australia,Brisbane,Male,45-54,4,Referral,Android,True
4075,30-Jun-25,Australia,Sydney,Male,45-54,4,Social,Android,True
4090,30-Aug-25,Australia,Perth,Male,45-54,4,Paid Search,Android,True
4180,03-Apr-25,Australia,Melbourne,Male,45-54,4,Organic Search,Android,False
4273,12-May-25,Canada,Calgary,Male,45-54,4,Organic Search,Android,True
4351,22-Jan-25,Australia,Perth,Male,45-54,4,Referral,Android,True
4443,13-Jan-25,Australia,Sydney,Male,45-54,4,Direct,Android,True
4521,27-Feb-25,Australia,Melbourne,Male,45-54,4,Paid Search,Android,True
4584,04-Jan-26,Australia,Melbourne,Male,45-54,4,Email,Android,False
4958,02-Apr-25,Australia,Melbourne,Male,45-54,4,Organic Search,Android,False
5098,20-Jun-25,UK,Leeds,Male,45-54,4,Organic Search,Android,True
5219,25-Oct-25,Canada,Toronto,Male,45-54,4,Direct,Android,True
5500,26-Oct-25,UK,Leeds,Male,45-54,4,App Store,Android,True
5530,10-Jan-26,UAE,Abu Dhabi,Male,45-54,4,App Store,Android,True
5557,17-Dec-25,Germany,Berlin,Male,45-54,4,Paid Search,Android,True
5738,18-Dec-25,Canada,Vancouver,Male,45-54,4,Organic Search,Android,True
5793,26-Oct-25,UK,Birmingham,Male,45-54,4,Email,Android,False
5831,03-Jan-26,UAE,Abu Dhabi,Male,45-54,4,Paid Search,Android,False
5921,14-Jun-25,Australia,Sydney,Male,45-54,4,App Store,Android,True
6317,05-Mar-25,Canada,Toronto,Male,45-54,4,Organic Search,Android,True
6444,25-Jan-25,UK,London,Male,45-54,4,App Store,Android,True
6481,08-Jan-25,UAE,Dubai,Male,45-54,4,Direct,Android,True
6484,24-Jun-25,UK,Glasgow,Male,45-54,4,Email,Android,True
6544,06-Jan-25,Germany,Munich,Male,45-54,4,Referral,Android,True
6689,02-Jun-25,UAE,Dubai,Male,45-54,4,Influencer,Android,True
6715,08-Feb-25,UK,Manchester,Male,45-54,4,Influencer,Android,False
6765,13-Jun-25,UK,Leeds,Male,45-54,4,Organic Search,Android,True
6881,02-Aug-25,UK,London,Male,45-54,4,Referral,Android,True
7196,03-Jun-25,UK,London,Male,45-54,4,Direct,Android,True
7227,06-May-25,UK,Birmingham,Male,45-54,4,Referral,Android,True
7234,03-Nov-25,UK,Birmingham,Male,45-54,4,Organic Search,Android,False
7286,22-Jul-25,UK,Manchester,Male,45-54,4,Social,Android,True
7322,03-Jun-25,Australia,Brisbane,Male,45-54,4,Referral,Android,False
7509,02-Jan-25,UAE,Dubai,Male,45-54,4,Referral,Android,True
7583,14-Oct-25,Australia,Brisbane,Male,45-54,4,Referral,Android,True
7648,05-Jun-25,UK,Manchester,Male,45-54,4,App Store,Android,True
7831,17-Dec-25,Germany,Frankfurt,Male,45-54,4,App Store,Android,True
7876,30-Jan-25,UK,London,Male,45-54,4,Organic Search,Android,True
293,23-Apr-25,UAE,Dubai,Other,45-54,4,Paid Search,iOS,False
350,06-Jan-25,UAE,Abu Dhabi,Other,45-54,4,Influencer,Android,True
556,24-Apr-25,Canada,Montreal,Other,45-54,4,Social,iOS,True
668,22-Jun-25,UK,Manchester,Other,45-54,4,Influencer,Android,True
1229,04-Mar-25,UK,Birmingham,Other,45-54,4,Direct,Android,True
1260,26-Jun-25,Canada,Vancouver,Other,45-54,4,Social,Web,True
2100,05-Jun-25,Germany,Hamburg,Other,45-54,4,Referral,Android,True
2498,07-Jan-25,Germany,Berlin,Other,45-54,4,Direct,Android,False
2642,01-Mar-25,Canada,Montreal,Other,45-54,4,Organic Search,Android,True
2727,15-Jan-26,UK,Birmingham,Other,45-54,4,Email,Android,True
2883,01-Jun-25,Germany,Munich,Other,45-54,4,Email,Web,True
3493,04-Jun-25,Australia,Perth,Other,45-54,4,Email,iOS,True
3637,09-Sep-25,UK,Glasgow,Other,45-54,4,Social,Android,True
3737,03-Jul-25,Australia,Sydney,Other,45-54,4,App Store,Android,True
3980,15-Sep-25,Germany,Munich,Other,45-54,4,Paid Search,iOS,True
4030,15-May-25,UK,Manchester,Other,45-54,4,Direct,iOS,True
4139,03-Jul-25,UK,London,Other,45-54,4,Referral,Android,True
4311,14-Nov-25,Germany,Hamburg,Other,45-54,4,Paid Search,Android,True
4639,02-Mar-25,Australia,Melbourne,Other,45-54,4,Email,Android,True
5171,19-Oct-25,UAE,Abu Dhabi,Other,45-54,4,Social,iOS,True
5495,01-Sep-25,UAE,Dubai,Other,45-54,4,Organic Search,Android,True
6265,01-Jan-26,Canada,Calgary,Other,45-54,4,Paid Search,Android,True
6530,15-Nov-25,Australia,Brisbane,Other,45-54,4,Direct,Web,True
6793,02-Jul-25,Canada,Calgary,Other,45-54,4,Paid Search,iOS,True
6864,16-Mar-25,UAE,Abu Dhabi,Other,45-54,4,Organic Search,Android,True
7096,03-Mar-25,UK,Glasgow,Other,45-54,4,Paid Search,Android,True
7398,22-Aug-25,Australia,Brisbane,Other,45-54,4,Direct,Web,True
7837,26-Jul-25,Germany,Frankfurt,Other,45-54,4,Social,Android,True
7845,14-Feb-25,Canada,Montreal,Other,45-54,4,Paid Search,Android,True
7934,07-May-25,UK,Leeds,Other,45-54,4,Email,Web,True
2,15-Dec-25,USA,New York,Male,45-54,4,Referral,Web,True
37,24-Jun-25,USA,San Francisco,Male,45-54,4,Referral,Web,False
46,21-Jan-25,USA,Austin,Other,45-54,4,Email,iOS,False
84,01-Aug-25,USA,Austin,Female,45-54,4,Direct,Android,True
151,10-Aug-25,USA,Seattle,Other,45-54,4,Social,iOS,True
207,25-Sep-25,USA,Chicago,Male,45-54,4,Email,Web,True
237,21-Nov-25,USA,Boston,Female,45-54,4,Organic Search,iOS,True
314,15-May-25,USA,Los Angeles,Male,45-54,4,Organic Search,iOS,True
340,04-Jan-25,USA,San Francisco,Female,45-54,4,Email,Web,True
359,05-Apr-25,USA,San Francisco,Male,45-54,4,Email,iOS,True
386,26-Oct-25,USA,Austin,Male,45-54,4,Referral,Web,False
403,22-May-25,USA,Austin,Male,45-54,4,Influencer,Android,True
447,04-May-25,USA,Miami,Male,45-54,4,Email,iOS,True
488,12-Oct-25,USA,Miami,Male,45-54,4,Paid Search,Web,True
491,16-Feb-25,USA,Seattle,Female,45-54,4,Referral,Android,True
531,11-Apr-25,USA,Los Angeles,Female,45-54,4,Direct,Android,True
542,29-Oct-25,USA,San Francisco,Female,45-54,4,Referral,iOS,True
670,30-Aug-25,USA,San Francisco,Male,45-54,4,Paid Search,Android,True
684,27-Apr-25,USA,Seattle,Male,45-54,4,Influencer,iOS,True
694,21-Mar-25,USA,Austin,Other,45-54,4,Referral,Android,True
708,23-May-25,USA,Miami,Male,45-54,4,Referral,iOS,False
734,10-Feb-25,USA,Austin,Male,45-54,4,Paid Search,Android,True
791,19-Mar-25,USA,Miami,Male,45-54,4,App Store,iOS,True
841,30-Jan-25,USA,Chicago,Male,45-54,4,Email,Web,True
905,02-Aug-25,USA,New York,Other,45-54,4,Organic Search,Android,True
929,19-Mar-25,USA,Seattle,Other,45-54,4,Email,Web,True
1026,27-Oct-25,USA,Los Angeles,Female,45-54,4,Social,Web,False
1120,14-Apr-25,USA,Los Angeles,Male,45-54,4,Paid Search,Web,True
1124,14-May-25,USA,Miami,Female,45-54,4,App Store,Android,False
1179,19-Jul-25,USA,Boston,Male,45-54,4,Referral,iOS,True
1213,12-Dec-25,USA,San Francisco,Female,45-54,4,Referral,iOS,True
1218,15-Nov-25,USA,Austin,Female,45-54,4,Organic Search,iOS,True
1230,01-Sep-25,USA,Boston,Male,45-54,4,Organic Search,Web,False
1330,30-Apr-25,USA,Los Angeles,Female,45-54,4,Organic Search,Web,True
1420,08-Apr-25,USA,San Francisco,Female,45-54,4,Social,iOS,True
1442,11-Jan-25,USA,Austin,Male,45-54,4,Organic Search,Web,True
1457,16-Oct-25,USA,New York,Female,45-54,4,Email,iOS,True
1498,21-Mar-25,USA,Miami,Female,45-54,4,App Store,Android,True
1537,30-Sep-25,USA,Miami,Female,45-54,4,Direct,iOS,True
1547,20-Jun-25,USA,Seattle,Male,45-54,4,Referral,Web,True
1560,07-Nov-25,USA,Austin,Male,45-54,4,Paid Search,Android,True
1583,23-Sep-25,USA,Chicago,Female,45-54,4,Influencer,Android,True
1614,14-Aug-25,USA,Austin,Male,45-54,4,Email,iOS,True
1656,09-Jun-25,USA,Miami,Female,45-54,4,Influencer,Android,True
1695,12-Aug-25,USA,Austin,Male,45-54,4,Social,Web,True
1698,25-Apr-25,USA,Austin,Female,45-54,4,Email,iOS,True
1740,08-Feb-25,USA,New York,Male,45-54,4,Influencer,Android,True
1759,10-Dec-25,USA,Seattle,Female,45-54,4,App Store,Web,True
1785,02-Nov-25,USA,Austin,Male,45-54,4,App Store,iOS,True
1803,14-Aug-25,USA,Los Angeles,Female,45-54,4,Email,Android,True
1896,02-Aug-25,USA,San Francisco,Female,45-54,4,Referral,Web,True
1913,02-Jan-25,USA,Los Angeles,Female,45-54,4,Social,iOS,False
1975,22-Jun-25,USA,New York,Male,45-54,4,App Store,Android,True
1992,21-Jul-25,USA,Los Angeles,Female,45-54,4,Paid Search,iOS,True
2042,14-Jan-25,USA,Seattle,Female,45-54,4,Email,Android,True
2051,16-Jan-26,USA,San Francisco,Female,45-54,4,Paid Search,Android,True
2149,07-Dec-25,USA,Chicago,Female,45-54,4,Organic Search,Android,True
2185,11-Jul-25,USA,Miami,Other,45-54,4,Email,Android,False
2192,26-Sep-25,USA,Chicago,Female,45-54,4,Direct,Web,True
2216,17-Mar-25,USA,Boston,Female,45-54,4,Influencer,iOS,True
2274,27-Aug-25,USA,Los Angeles,Male,45-54,4,Paid Search,Android,True
2286,11-Dec-25,USA,San Francisco,Female,45-54,4,Social,Android,True
2346,14-Aug-25,USA,Miami,Female,45-54,4,Organic Search,iOS,False
2463,19-Oct-25,USA,Seattle,Male,45-54,4,Direct,Android,True
2482,12-Nov-25,USA,Seattle,Male,45-54,4,Social,iOS,True
2483,11-Apr-25,USA,Boston,Male,45-54,4,Referral,Web,True
2505,25-Jul-25,USA,Chicago,Female,45-54,4,Referral,iOS,False
2568,07-Apr-25,USA,Seattle,Female,45-54,4,Influencer,Android,True
2596,03-Mar-25,USA,Miami,Female,45-54,4,Paid Search,Web,True
2646,10-Jan-25,USA,Austin,Female,45-54,4,Direct,iOS,False
2706,15-Apr-25,USA,Boston,Male,45-54,4,Direct,iOS,True
2707,18-Jun-25,USA,San Francisco,Female,45-54,4,Paid Search,Android,False
2719,15-Sep-25,USA,Seattle,Male,45-54,4,App Store,Web,False
2735,11-Nov-25,USA,New York,Male,45-54,4,Direct,iOS,False
2793,22-Oct-25,USA,Seattle,Female,45-54,4,Direct,Web,True
2816,19-Aug-25,USA,Boston,Male,45-54,4,Referral,iOS,True
2829,01-May-25,USA,Austin,Female,45-54,4,Referral,iOS,True
2951,19-Aug-25,USA,Seattle,Female,45-54,4,Paid Search,Android,True
2965,31-Jan-25,USA,Chicago,Female,45-54,4,Referral,iOS,True
3040,17-Jan-25,USA,New York,Male,45-54,4,Organic Search,Web,True
3182,12-Jan-26,USA,New York,Female,45-54,4,Referral,iOS,True
3198,03-Feb-25,USA,Chicago,Male,45-54,4,Email,Android,True
3199,10-Feb-25,USA,Boston,Male,45-54,4,Email,Web,True
3224,04-May-25,USA,Chicago,Female,45-54,4,Influencer,Android,True
3300,22-May-25,USA,Seattle,Male,45-54,4,Direct,iOS,False
3335,20-Jul-25,USA,Austin,Female,45-54,4,Paid Search,iOS,True
3362,14-Dec-25,USA,Miami,Male,45-54,4,Influencer,iOS,True
3476,10-Feb-25,USA,New York,Female,45-54,4,Influencer,iOS,True
3548,25-Feb-25,USA,Boston,Male,45-54,4,App Store,Android,False
3631,05-May-25,USA,San Francisco,Female,45-54,4,Referral,Android,True
3672,11-Mar-25,USA,Seattle,Male,45-54,4,Referral,Web,True
3701,12-Jun-25,USA,Seattle,Male,45-54,4,Referral,Android,True
3776,16-Mar-25,USA,Boston,Male,45-54,4,Paid Search,Android,False
4160,30-Sep-25,USA,Seattle,Female,45-54,4,Paid Search,Android,True
4176,25-Mar-25,USA,Los Angeles,Male,45-54,4,Direct,Android,True
4202,30-Dec-25,USA,Seattle,Other,45-54,4,Referral,iOS,True
4235,23-Mar-25,USA,San Francisco,Male,45-54,4,Paid Search,iOS,True
4319,09-Nov-25,USA,Boston,Male,45-54,4,Organic Search,iOS,True
4401,11-Mar-25,USA,Los Angeles,Male,45-54,4,Social,Android,True
4406,03-Jan-25,USA,Miami,Female,45-54,4,Organic Search,iOS,True
4416,06-Mar-25,USA,Boston,Female,45-54,4,Email,Android,True
4452,28-May-25,USA,Seattle,Male,45-54,4,Direct,iOS,True
4458,06-Jan-26,USA,Chicago,Female,45-54,4,Organic Search,Web,True
4499,01-Jul-25,USA,Miami,Male,45-54,4,Paid Search,Web,False
4590,13-Jun-25,USA,Seattle,Male,45-54,4,Organic Search,Android,True
4592,18-May-25,USA,Chicago,Female,45-54,4,Email,Android,True
4618,30-Sep-25,USA,Los Angeles,Female,45-54,4,Referral,Android,True
4642,10-Jun-25,USA,Chicago,Female,45-54,4,Social,Android,True
4681,29-Dec-25,USA,Seattle,Male,45-54,4,Paid Search,iOS,False
4684,18-Aug-25,USA,San Francisco,Male,45-54,4,Referral,Android,True
4798,18-May-25,USA,Seattle,Male,45-54,4,Email,iOS,True
4861,15-Jan-26,USA,Miami,Male,45-54,4,Direct,iOS,True
4909,20-Jan-25,USA,Miami,Male,45-54,4,Social,Android,True
4974,16-Jan-25,USA,Miami,Male,45-54,4,Social,Android,True
4982,10-Aug-25,USA,Chicago,Male,45-54,4,Direct,Android,False
5046,14-Apr-25,USA,Austin,Other,45-54,4,Paid Search,Android,True
5061,14-Oct-25,USA,Los Angeles,Female,45-54,4,Paid Search,Android,True
5087,16-Jul-25,USA,Seattle,Female,45-54,4,Referral,Web,True
5089,05-May-25,USA,Boston,Male,45-54,4,Social,Web,True
5094,02-Mar-25,USA,Chicago,Female,45-54,4,Paid Search,Web,True
5167,18-Nov-25,USA,Seattle,Male,45-54,4,Direct,Web,True
5178,08-Jan-25,USA,Chicago,Male,45-54,4,Referral,iOS,True
5183,06-Dec-25,USA,Chicago,Female,45-54,4,Organic Search,iOS,True
5264,10-Dec-25,USA,Los Angeles,Female,45-54,4,Influencer,Android,True
5314,07-Feb-25,USA,Chicago,Female,45-54,4,Social,Web,True
5329,17-Aug-25,USA,Chicago,Male,45-54,4,Influencer,Android,True
5376,14-Oct-25,USA,Austin,Male,45-54,4,Direct,iOS,False
5457,09-Jul-25,USA,Los Angeles,Male,45-54,4,Referral,Android,True
5491,07-Feb-25,USA,Austin,Male,45-54,4,Email,Android,True
5504,04-Nov-25,USA,San Francisco,Male,45-54,4,Direct,iOS,True
5559,20-May-25,USA,Miami,Female,45-54,4,Direct,Web,True
5672,19-Mar-25,USA,Chicago,Male,45-54,4,Influencer,iOS,False
5731,23-Oct-25,USA,San Francisco,Female,45-54,4,Social,Android,True
5780,28-Sep-25,USA,San Francisco,Male,45-54,4,Direct,iOS,True
5781,13-Jan-26,USA,Austin,Female,45-54,4,App Store,Android,True
5837,10-Jan-26,USA,Chicago,Male,45-54,4,Referral,Web,True
5853,05-Mar-25,USA,Miami,Female,45-54,4,Social,Web,False
6003,02-Jan-26,USA,San Francisco,Female,45-54,4,Direct,Web,True
6005,05-Apr-25,USA,San Francisco,Female,45-54,4,Direct,Web,True
6031,12-Nov-25,USA,Los Angeles,Male,45-54,4,Direct,Android,False
6036,11-Oct-25,USA,New York,Male,45-54,4,Influencer,iOS,False
6171,13-Mar-25,USA,Miami,Male,45-54,4,Referral,Android,False
6172,04-Sep-25,USA,Austin,Male,45-54,4,Organic Search,iOS,True
6195,08-Jan-25,USA,Chicago,Female,45-54,4,Direct,iOS,True
6218,27-Mar-25,USA,Boston,Female,45-54,4,Referral,Android,True
6234,20-Jan-25,USA,New York,Female,45-54,4,Referral,Android,False
6270,05-Nov-25,USA,New York,Female,45-54,4,Influencer,iOS,False
6274,26-Sep-25,USA,Austin,Male,45-54,4,Email,Android,True
6275,30-Mar-25,USA,Miami,Male,45-54,4,Paid Search,iOS,True
6341,17-Sep-25,USA,New York,Female,45-54,4,Influencer,Web,True
6361,16-Feb-25,USA,Chicago,Female,45-54,4,Paid Search,Android,True
6458,03-Aug-25,USA,San Francisco,Female,45-54,4,Direct,Android,True
6499,23-Nov-25,USA,Los Angeles,Male,45-54,4,App Store,Web,True
6565,27-May-25,USA,Boston,Male,45-54,4,App Store,Android,True
6593,06-Feb-25,USA,Miami,Female,45-54,4,App Store,Web,False
6693,09-Aug-25,USA,Chicago,Male,45-54,4,Influencer,iOS,True
6736,09-Apr-25,USA,Boston,Male,45-54,4,Organic Search,iOS,True
6744,26-May-25,USA,Miami,Male,45-54,4,Paid Search,iOS,True
6778,06-Oct-25,USA,New York,Female,45-54,4,Referral,Android,True
6851,03-Aug-25,USA,Seattle,Female,45-54,4,Referral,iOS,True
6862,17-Jan-26,USA,Boston,Male,45-54,4,Email,iOS,True
6903,03-May-25,USA,Austin,Female,45-54,4,App Store,iOS,True
7114,10-Jan-26,USA,Los Angeles,Male,45-54,4,Referral,iOS,True
7206,12-Mar-25,USA,San Francisco,Female,45-54,4,Social,iOS,True
7225,07-Jun-25,USA,Austin,Female,45-54,4,Direct,iOS,False
7230,15-Mar-25,USA,Seattle,Female,45-54,4,Email,Android,True
7231,25-Apr-25,USA,Seattle,Female,45-54,4,Referral,Android,True
7320,05-Aug-25,USA,San Francisco,Female,45-54,4,Referral,iOS,True
7465,16-Apr-25,USA,San Francisco,Female,45-54,4,Paid Search,Android,True
7477,03-Feb-25,USA,Boston,Male,45-54,4,Email,iOS,True
7646,17-Mar-25,USA,Seattle,Female,45-54,4,Social,Android,True
7668,30-Jun-25,USA,San Francisco,Female,45-54,4,Influencer,iOS,True
7727,27-Feb-25,USA,Miami,Male,45-54,4,Direct,iOS,True
7761,02-Mar-25,USA,Miami,Other,45-54,4,Paid Search,Android,True
7770,12-Sep-25,USA,San Francisco,Other,45-54,4,Organic Search,Web,True
7829,08-Nov-25,USA,Austin,Male,45-54,4,Direct,iOS,True
25,10-Jun-25,USA,Austin,Female,55+,5,Influencer,iOS,True
52,14-Jan-25,USA,New York,Male,55+,5,Paid Search,Android,True
85,27-Jul-25,USA,New York,Male,55+,5,Email,Android,True
128,02-Aug-25,USA,Austin,Male,55+,5,Email,Web,True
642,05-Jan-25,USA,New York,Female,55+,5,Social,Android,True
836,13-Dec-25,USA,Chicago,Male,55+,5,Influencer,Web,False
878,03-Apr-25,USA,Los Angeles,Male,55+,5,Organic Search,Android,False
882,20-Feb-25,USA,Chicago,Male,55+,5,Social,iOS,True
991,17-Jul-25,USA,New York,Other,55+,5,Paid Search,Web,False
1044,17-Jan-26,USA,San Francisco,Male,55+,5,Email,iOS,True
1052,18-Sep-25,USA,Seattle,Female,55+,5,Email,Android,True
1206,23-Oct-25,USA,San Francisco,Male,55+,5,App Store,Web,True
1343,22-Apr-25,USA,Austin,Female,55+,5,Referral,Android,True
1431,29-Dec-25,USA,Seattle,Male,55+,5,App Store,iOS,True
1494,07-Nov-25,USA,Boston,Female,55+,5,Social,iOS,False
1554,15-Dec-25,USA,Miami,Female,55+,5,Influencer,Web,True
1566,26-Sep-25,USA,Miami,Female,55+,5,Organic Search,iOS,True
1580,24-Aug-25,USA,Austin,Male,55+,5,Direct,Android,False
1615,02-Jun-25,USA,Austin,Male,55+,5,Social,iOS,True
1699,05-Jul-25,USA,Miami,Male,55+,5,Organic Search,iOS,True
1722,11-Dec-25,USA,Miami,Male,55+,5,Social,Android,True
1902,15-Feb-25,USA,Miami,Female,55+,5,App Store,Web,True
1974,22-Dec-25,USA,San Francisco,Male,55+,5,Social,Android,True
2004,20-Oct-25,USA,Los Angeles,Male,55+,5,App Store,iOS,True
2005,04-Jan-25,USA,Miami,Female,55+,5,Paid Search,iOS,True
2008,17-Jan-26,USA,New York,Female,55+,5,Referral,iOS,True
2052,21-Apr-25,USA,Los Angeles,Female,55+,5,Paid Search,Web,True
2059,25-May-25,USA,New York,Male,55+,5,Email,iOS,True
2166,16-May-25,USA,New York,Female,55+,5,Referral,iOS,True
2179,22-Feb-25,USA,Chicago,Male,55+,5,Email,Android,True
2186,04-Mar-25,USA,Austin,Male,55+,5,App Store,iOS,True
2198,08-Apr-25,USA,New York,Male,55+,5,Paid Search,iOS,True
2258,08-Oct-25,USA,Miami,Female,55+,5,Email,Android,True
2291,15-Mar-25,USA,Miami,Male,55+,5,Influencer,iOS,True
2407,16-Jan-26,USA,Miami,Male,55+,5,Paid Search,iOS,True
2484,01-Sep-25,USA,Miami,Male,55+,5,Organic Search,Web,False
2822,22-Aug-25,USA,San Francisco,Male,55+,5,Referral,iOS,True
2966,25-Mar-25,USA,Boston,Male,55+,5,Paid Search,Web,False
3007,11-Jan-26,USA,Austin,Male,55+,5,Social,iOS,True
3067,31-Aug-25,USA,Chicago,Female,55+,5,Paid Search,iOS,True
3220,05-Jun-25,USA,Miami,Female,55+,5,Email,Web,True
3273,03-Aug-25,USA,Austin,Male,55+,5,Email,Android,True
3274,30-May-25,USA,Boston,Male,55+,5,Influencer,Web,True
3291,13-Nov-25,USA,Austin,Female,55+,5,Referral,iOS,True
3341,28-Oct-25,USA,Boston,Female,55+,5,Email,Android,True
3361,07-Nov-25,USA,Miami,Male,55+,5,Paid Search,iOS,True
3459,24-Jun-25,USA,Austin,Male,55+,5,Organic Search,iOS,True
3568,31-Dec-25,USA,Miami,Male,55+,5,Referral,iOS,True
3691,06-Sep-25,USA,New York,Female,55+,5,App Store,iOS,True
3702,17-Feb-25,USA,Seattle,Male,55+,5,Referral,Web,False
3861,15-Dec-25,USA,Austin,Male,55+,5,Referral,iOS,True
3863,01-Oct-25,USA,New York,Male,55+,5,Influencer,Android,True
3937,17-May-25,USA,Boston,Other,55+,5,Referral,iOS,True
3990,07-Jan-26,USA,Los Angeles,Male,55+,5,Influencer,Web,True
4025,12-Jan-25,USA,New York,Female,55+,5,Referral,Android,True
4026,16-Jan-25,USA,Miami,Female,55+,5,Referral,iOS,True
4051,06-Aug-25,USA,Seattle,Male,55+,5,Social,Android,False
4257,13-Sep-25,USA,New York,Female,55+,5,Influencer,Android,True
4422,08-May-25,USA,Miami,Female,55+,5,Social,iOS,True
4447,23-Jul-25,USA,San Francisco,Female,55+,5,Paid Search,Android,True
4483,28-Apr-25,USA,Miami,Female,55+,5,Social,Android,True
4529,12-Mar-25,USA,Miami,Female,55+,5,App Store,Android,True
4602,26-Nov-25,USA,Boston,Male,55+,5,Direct,Android,True
4608,07-Dec-25,USA,Seattle,Male,55+,5,Referral,Android,True
4769,28-Mar-25,USA,San Francisco,Female,55+,5,Paid Search,Web,True
4775,27-Aug-25,USA,Austin,Male,55+,5,Paid Search,Android,True
4777,28-Mar-25,USA,Chicago,Male,55+,5,App Store,Web,True
4906,29-Nov-25,USA,Seattle,Male,55+,5,Referral,Android,True
4914,19-Nov-25,USA,Miami,Male,55+,5,Social,Android,True
5026,14-Jun-25,USA,Austin,Female,55+,5,Paid Search,Android,True
5065,13-Dec-25,USA,Los Angeles,Male,55+,5,Influencer,iOS,True
5134,28-Feb-25,USA,Los Angeles,Male,55+,5,Social,Android,True
5201,27-Aug-25,USA,Los Angeles,Female,55+,5,App Store,Android,True
5428,29-Jun-25,USA,Austin,Male,55+,5,Organic Search,iOS,True
5460,13-Apr-25,USA,Austin,Female,55+,5,Social,iOS,False
5478,01-Nov-25,USA,Austin,Male,55+,5,App Store,iOS,True
5508,16-Aug-25,USA,Miami,Male,55+,5,Paid Search,Web,True
5534,17-Oct-25,USA,San Francisco,Female,55+,5,Email,Android,True
5590,30-Dec-25,USA,Boston,Female,55+,5,Paid Search,iOS,True
5598,31-May-25,USA,Boston,Male,55+,5,Direct,iOS,False
5651,21-Apr-25,USA,San Francisco,Other,55+,5,Paid Search,iOS,True
5826,03-Aug-25,USA,San Francisco,Male,55+,5,Email,Android,True
5875,03-Sep-25,USA,Boston,Male,55+,5,Paid Search,iOS,True
5885,04-Mar-25,USA,Los Angeles,Male,55+,5,Direct,iOS,True
5946,25-Nov-25,USA,Boston,Male,55+,5,Paid Search,iOS,False
6081,19-Mar-25,USA,Seattle,Female,55+,5,Paid Search,Web,True
6173,09-May-25,USA,San Francisco,Male,55+,5,Email,Android,True
6232,18-Mar-25,USA,Miami,Male,55+,5,Organic Search,Android,True
6293,02-Jan-26,USA,Chicago,Female,55+,5,App Store,iOS,False
6382,30-Jun-25,USA,Austin,Male,55+,5,Direct,iOS,True
6427,24-Aug-25,USA,Los Angeles,Male,55+,5,Paid Search,Android,True
6788,11-Aug-25,USA,Boston,Female,55+,5,Organic Search,Web,True
6797,13-Jan-25,USA,New York,Female,55+,5,Referral,Android,True
7047,23-Apr-25,USA,Seattle,Male,55+,5,Referral,iOS,True
7049,20-Jun-25,USA,Miami,Female,55+,5,Influencer,Web,True
7229,07-Apr-25,USA,Austin,Male,55+,5,Direct,Android,True
7254,30-Mar-25,USA,Miami,Male,55+,5,Paid Search,Web,False
7266,01-Jan-26,USA,New York,Female,55+,5,Email,Web,True
7268,07-Apr-25,USA,San Francisco,Male,55+,5,Direct,iOS,False
7317,19-Jan-25,USA,Seattle,Male,55+,5,Organic Search,Android,True
7377,31-Jul-25,USA,Seattle,Female,55+,5,Social,Web,True
7427,18-Jan-25,USA,Boston,Male,55+,5,Direct,Android,False
7456,28-Sep-25,USA,San Francisco,Female,55+,5,Organic Search,iOS,False
7458,17-Jan-25,USA,Boston,Male,55+,5,Email,Android,True
7481,25-May-25,USA,Boston,Female,55+,5,Direct,Android,False
7486,25-Dec-25,USA,Boston,Male,55+,5,Direct,Android,True
7490,26-Mar-25,USA,Los Angeles,Male,55+,5,Email,Android,True
7503,05-May-25,USA,Boston,Other,55+,5,Social,iOS,True
7660,25-Nov-25,USA,Seattle,Female,55+,5,Organic Search,Android,True
7832,13-Feb-25,USA,Austin,Female,55+,5,Social,iOS,True
7928,04-Oct-25,USA,Los Angeles,Male,55+,5,Email,Android,True
7989,17-Jan-25,USA,Miami,Female,55+,5,App Store,Android,True
7997,01-Dec-25,USA,Chicago,Female,55+,5,Paid Search,Web,True
766,07-Dec-25,Canada,Vancouver,Other,55+,5,Organic Search,iOS,True
1174,11-Sep-25,UK,Manchester,Other,55+,5,App Store,Android,True
1306,15-Oct-25,UK,London,Other,55+,5,Social,iOS,True
2196,08-Jun-25,Germany,Berlin,Other,55+,5,Organic Search,Android,True
3406,19-Dec-25,UAE,Dubai,Other,55+,5,Paid Search,Android,True
3592,23-Dec-25,UK,Leeds,Other,55+,5,Referral,Android,False
4217,29-Aug-25,UAE,Dubai,Other,55+,5,Referral,iOS,False
5277,08-May-25,Canada,Toronto,Other,55+,5,Organic Search,iOS,True
5554,09-Oct-25,Germany,Berlin,Other,55+,5,Paid Search,Android,True
5681,10-Oct-25,UAE,Dubai,Other,55+,5,Direct,iOS,True
6345,08-Jul-25,Australia,Perth,Other,55+,5,Influencer,iOS,False
6835,28-Jun-25,UK,Manchester,Other,55+,5,Referral,iOS,True
62,25-Jul-25,UK,Leeds,Male,55+,5,App Store,Web,False
115,28-Jan-25,Canada,Toronto,Male,55+,5,Direct,iOS,False
145,04-Mar-25,UAE,Abu Dhabi,Male,55+,5,App Store,Web,False
149,21-Feb-25,UK,Glasgow,Male,55+,5,App Store,Web,True
227,09-Jun-25,Australia,Perth,Male,55+,5,Email,iOS,False
269,24-May-25,Germany,Frankfurt,Male,55+,5,Email,Web,True
287,01-Jun-25,Canada,Montreal,Male,55+,5,Organic Search,Android,True
410,03-Aug-25,UK,Manchester,Male,55+,5,App Store,Android,True
586,03-Mar-25,UAE,Abu Dhabi,Male,55+,5,App Store,iOS,True
617,11-Feb-25,Germany,Hamburg,Male,55+,5,Referral,Web,True
646,16-May-25,UK,Manchester,Male,55+,5,Direct,Android,True
1092,01-Aug-25,Germany,Munich,Male,55+,5,Direct,iOS,True
1235,29-Jul-25,UK,Glasgow,Male,55+,5,Organic Search,Web,True
1536,13-Apr-25,Germany,Frankfurt,Male,55+,5,Direct,iOS,True
1605,15-Jan-26,Germany,Hamburg,Male,55+,5,Direct,Android,True
1623,04-Mar-25,UK,London,Male,55+,5,Organic Search,iOS,False
1666,24-Sep-25,UK,London,Male,55+,5,Social,iOS,True
1854,19-Feb-25,Germany,Frankfurt,Male,55+,5,Social,iOS,True
1871,09-Jan-25,UK,Manchester,Male,55+,5,Direct,iOS,True
1983,23-Mar-25,UAE,Dubai,Male,55+,5,Direct,Web,True
2006,08-Aug-25,UK,Manchester,Male,55+,5,Paid Search,Web,True
2029,11-May-25,Australia,Melbourne,Male,55+,5,Influencer,Android,False
2074,27-Sep-25,UK,Leeds,Male,55+,5,App Store,Android,True
2199,16-Jan-26,UK,Manchester,Male,55+,5,Social,Web,True
2287,16-Dec-25,Canada,Toronto,Male,55+,5,App Store,Web,True
2313,02-Aug-25,UAE,Dubai,Male,55+,5,Influencer,Android,True
2393,26-Sep-25,Canada,Calgary,Male,55+,5,Direct,Web,True
2863,14-Jan-25,UK,Manchester,Male,55+,5,Social,iOS,True
2924,18-May-25,Canada,Montreal,Male,55+,5,Direct,iOS,True
3011,10-Nov-25,Germany,Hamburg,Male,55+,5,Social,Web,True
3061,10-Dec-25,Germany,Frankfurt,Male,55+,5,App Store,Android,True
3215,31-Jul-25,UAE,Abu Dhabi,Male,55+,5,Paid Search,Android,True
3306,10-Feb-25,UK,London,Male,55+,5,Organic Search,Web,True
3329,29-May-25,Germany,Berlin,Male,55+,5,Social,iOS,False
3561,21-Nov-25,Canada,Vancouver,Male,55+,5,Paid Search,iOS,True
3703,25-Nov-25,Australia,Perth,Male,55+,5,Paid Search,iOS,False
3763,20-Jul-25,UK,Manchester,Male,55+,5,Organic Search,Android,True
3987,17-Jan-25,Australia,Melbourne,Male,55+,5,Influencer,Android,True
4017,12-Aug-25,UK,Birmingham,Male,55+,5,App Store,Android,True
4039,14-Feb-25,Canada,Montreal,Male,55+,5,Referral,Android,False
4297,24-Jan-25,UAE,Dubai,Male,55+,5,App Store,iOS,True
4325,31-Jul-25,Australia,Melbourne,Male,55+,5,Social,iOS,True
4402,19-Sep-25,UAE,Abu Dhabi,Male,55+,5,Referral,Android,True
4474,22-Feb-25,Germany,Berlin,Male,55+,5,Influencer,Android,True
4488,19-Feb-25,Germany,Berlin,Male,55+,5,Direct,Web,True
4565,10-Apr-25,Canada,Calgary,Male,55+,5,Referral,iOS,True
4825,21-May-25,UAE,Dubai,Male,55+,5,Direct,iOS,True
5153,12-Feb-25,UAE,Dubai,Male,55+,5,Paid Search,iOS,True
5169,18-Aug-25,Canada,Vancouver,Male,55+,5,Organic Search,Android,True
5237,23-Oct-25,Germany,Frankfurt,Male,55+,5,Social,iOS,True
5352,27-Jul-25,Australia,Sydney,Male,55+,5,Paid Search,iOS,True
5397,21-Sep-25,UK,London,Male,55+,5,Direct,Web,False
5411,25-Dec-25,Australia,Perth,Male,55+,5,App Store,Android,True
5556,11-Jun-25,UK,London,Male,55+,5,Direct,Web,True
5579,07-Sep-25,UAE,Abu Dhabi,Male,55+,5,Influencer,Android,False
5595,15-Aug-25,UK,Birmingham,Male,55+,5,Email,Web,True
5724,13-Jun-25,Australia,Perth,Male,55+,5,Influencer,iOS,True
5936,02-Oct-25,Australia,Sydney,Male,55+,5,Organic Search,Android,True
5971,05-Apr-25,Germany,Berlin,Male,55+,5,Social,Android,True
6000,07-Dec-25,UAE,Dubai,Male,55+,5,Direct,Android,True
6296,23-Feb-25,Australia,Melbourne,Male,55+,5,Referral,Web,True
6462,26-Nov-25,UK,Leeds,Male,55+,5,Referral,Web,True
6571,09-Jan-26,Germany,Hamburg,Male,55+,5,Email,Web,False
6643,13-Dec-25,Canada,Montreal,Male,55+,5,Influencer,Web,True
6668,06-Sep-25,Canada,Montreal,Male,55+,5,App Store,Android,True
6813,02-Aug-25,Australia,Melbourne,Male,55+,5,Influencer,Web,False
7081,28-Jun-25,Germany,Munich,Male,55+,5,App Store,iOS,True
7112,05-Oct-25,Australia,Brisbane,Male,55+,5,Influencer,iOS,False
7176,09-Oct-25,Canada,Montreal,Male,55+,5,Organic Search,Android,True
7308,16-Feb-25,Australia,Perth,Male,55+,5,Referral,iOS,True
7331,17-Mar-25,Australia,Brisbane,Male,55+,5,Email,iOS,False
7433,08-Jan-26,Germany,Munich,Male,55+,5,Social,Android,True
7517,31-Jul-25,UAE,Dubai,Male,55+,5,App Store,Android,True
7600,13-Mar-25,Germany,Berlin,Male,55+,5,Paid Search,iOS,True
7673,05-Sep-25,Canada,Montreal,Male,55+,5,Direct,Android,True
7871,02-Apr-25,Australia,Melbourne,Male,55+,5,Direct,iOS,True
16,01-Jun-25,UK,Manchester,Female,55+,5,Organic Search,Web,True
20,15-Sep-25,Germany,Munich,Female,55+,5,Paid Search,Web,True
119,25-Sep-25,UAE,Abu Dhabi,Female,55+,5,Organic Search,Web,True
169,14-May-25,Canada,Montreal,Female,55+,5,Email,Android,False
233,03-May-25,UK,London,Female,55+,5,App Store,Android,True
292,16-Mar-25,Canada,Montreal,Female,55+,5,Paid Search,Android,True
379,15-Oct-25,UAE,Dubai,Female,55+,5,Organic Search,iOS,True
500,11-Sep-25,Canada,Montreal,Female,55+,5,Social,Web,True
529,02-Feb-25,UK,London,Female,55+,5,App Store,Web,True
540,12-Jan-25,Australia,Perth,Female,55+,5,Paid Search,Android,True
784,23-Jan-25,Australia,Brisbane,Female,55+,5,App Store,Android,True
808,28-Apr-25,UK,Leeds,Female,55+,5,Referral,iOS,True
863,21-Apr-25,Germany,Munich,Female,55+,5,Organic Search,Web,True
871,26-Dec-25,Australia,Sydney,Female,55+,5,Paid Search,iOS,True
960,13-Jan-25,UK,Birmingham,Female,55+,5,Paid Search,Android,True
987,12-Jan-26,Canada,Calgary,Female,55+,5,Email,iOS,False
1005,31-Jan-25,Germany,Berlin,Female,55+,5,Influencer,iOS,True
1127,11-Feb-25,UAE,Abu Dhabi,Female,55+,5,Paid Search,Web,True
1150,16-Aug-25,UAE,Dubai,Female,55+,5,Organic Search,Web,True
1321,20-Feb-25,UAE,Dubai,Female,55+,5,Direct,Web,True
1371,28-Feb-25,Germany,Munich,Female,55+,5,Organic Search,Android,False
1374,12-Aug-25,Canada,Toronto,Female,55+,5,Direct,Android,True
1496,12-Jan-25,UK,Glasgow,Female,55+,5,Referral,Web,True
1568,01-Oct-25,Germany,Hamburg,Female,55+,5,Social,Android,True
1630,14-Aug-25,Germany,Munich,Female,55+,5,Organic Search,Android,True
1908,28-May-25,UK,London,Female,55+,5,Organic Search,Android,True
1911,30-Aug-25,Canada,Montreal,Female,55+,5,Organic Search,Web,True
2113,29-Apr-25,Canada,Montreal,Female,55+,5,Social,Android,True
2336,16-Jun-25,UK,Glasgow,Female,55+,5,Referral,iOS,True
2392,15-Jul-25,Canada,Vancouver,Female,55+,5,Direct,Android,True
2770,22-Jan-25,Canada,Vancouver,Female,55+,5,Social,Android,True
2818,07-Mar-25,Germany,Munich,Female,55+,5,Paid Search,Android,True
2873,11-Jun-25,Canada,Vancouver,Female,55+,5,Organic Search,Android,True
2901,23-Apr-25,UK,Manchester,Female,55+,5,Direct,iOS,True
2973,08-Aug-25,UAE,Dubai,Female,55+,5,Direct,Web,True
3066,11-Jul-25,Canada,Calgary,Female,55+,5,Referral,Android,True
3103,06-Oct-25,Australia,Perth,Female,55+,5,Direct,Android,True
3139,17-Apr-25,Canada,Calgary,Female,55+,5,Referral,Android,True
3218,07-Mar-25,Germany,Frankfurt,Female,55+,5,App Store,iOS,True
3253,01-Apr-25,UK,Leeds,Female,55+,5,Social,Android,True
3338,04-Aug-25,UAE,Abu Dhabi,Female,55+,5,App Store,Android,True
3611,11-Jun-25,UK,London,Female,55+,5,Direct,Android,True
3721,24-Apr-25,Australia,Melbourne,Female,55+,5,Referral,iOS,True
3822,08-Oct-25,Germany,Hamburg,Female,55+,5,Social,Web,True
3961,09-Sep-25,Australia,Sydney,Female,55+,5,Organic Search,iOS,True
4149,07-Nov-25,Canada,Toronto,Female,55+,5,Email,Web,True
4187,05-Jun-25,UK,Manchester,Female,55+,5,Social,iOS,True
4276,25-Mar-25,UK,Glasgow,Female,55+,5,App Store,iOS,True
4283,27-May-25,UK,Manchester,Female,55+,5,App Store,Android,True
4296,13-Jun-25,Australia,Melbourne,Female,55+,5,Direct,Android,True
4327,28-Jun-25,UAE,Dubai,Female,55+,5,App Store,Web,True
4407,03-Dec-25,Canada,Toronto,Female,55+,5,Organic Search,iOS,False
4457,22-Jan-25,Canada,Vancouver,Female,55+,5,Direct,iOS,True
4725,25-Mar-25,Australia,Brisbane,Female,55+,5,Influencer,Web,True
4889,12-Aug-25,Australia,Perth,Female,55+,5,Paid Search,Web,True
4963,04-Oct-25,UAE,Dubai,Female,55+,5,Influencer,iOS,False
5035,12-Nov-25,UK,Manchester,Female,55+,5,Influencer,Android,True
5394,06-Oct-25,UK,Glasgow,Female,55+,5,Social,Android,False
5443,27-Jul-25,UK,Birmingham,Female,55+,5,Social,iOS,False
5445,15-Oct-25,Australia,Brisbane,Female,55+,5,App Store,Web,True
5639,11-Aug-25,Canada,Vancouver,Female,55+,5,Direct,Android,False
5726,10-Nov-25,Australia,Perth,Female,55+,5,App Store,iOS,True
5949,11-Mar-25,UK,Manchester,Female,55+,5,Paid Search,Web,False
5958,05-Jan-25,Germany,Munich,Female,55+,5,Organic Search,iOS,True
5990,30-Sep-25,UAE,Abu Dhabi,Female,55+,5,Social,Android,True
6025,14-Jul-25,Australia,Perth,Female,55+,5,Direct,Android,True
6027,04-Jan-26,UK,London,Female,55+,5,App Store,Android,True
6097,11-Jun-25,Germany,Hamburg,Female,55+,5,Referral,Web,True
6122,31-Aug-25,UK,Glasgow,Female,55+,5,Organic Search,iOS,True
6260,25-Dec-25,Australia,Sydney,Female,55+,5,App Store,Web,True
6279,26-Apr-25,UK,London,Female,55+,5,Organic Search,iOS,True
6283,01-Nov-25,UK,Birmingham,Female,55+,5,Organic Search,Android,True
6487,14-Feb-25,UAE,Abu Dhabi,Female,55+,5,Direct,Android,True
6655,26-Jun-25,UK,Leeds,Female,55+,5,Paid Search,Android,True
6682,07-Jan-26,Australia,Perth,Female,55+,5,Influencer,Android,True
6745,21-Apr-25,UAE,Abu Dhabi,Female,55+,5,Direct,Android,True
6821,20-Nov-25,UK,Manchester,Female,55+,5,Email,iOS,False
6880,12-Aug-25,UAE,Abu Dhabi,Female,55+,5,Email,Android,True
6925,05-Apr-25,UK,Birmingham,Female,55+,5,Influencer,iOS,True
6975,03-Apr-25,UAE,Abu Dhabi,Female,55+,5,Email,iOS,False
7137,20-Jun-25,Germany,Hamburg,Female,55+,5,Paid Search,iOS,True
7183,04-Jul-25,UK,Leeds,Female,55+,5,Social,Android,True
7375,01-May-25,UAE,Abu Dhabi,Female,55+,5,Referral,Web,True
7432,10-Aug-25,Germany,Frankfurt,Female,55+,5,Referral,Android,False
7449,11-Jul-25,UK,London,Female,55+,5,Influencer,iOS,True
7463,24-Sep-25,Canada,Vancouver,Female,55+,5,Organic Search,iOS,True
7823,24-Apr-25,Germany,Munich,Female,55+,5,Referral,Android,True
7846,25-Jul-25,Germany,Berlin,Female,55+,5,Organic Search,Android,True
15,26-Dec-25,Singapore,Singapore,Male,45-54,4,App Store,iOS,True
33,19-Jun-25,Singapore,Singapore,Male,45-54,4,Influencer,iOS,True
117,20-Jul-25,Singapore,Singapore,Male,45-54,4,Organic Search,Web,True
235,21-Oct-25,Singapore,Singapore,Male,45-54,4,Social,Web,True
371,11-Aug-25,Singapore,Singapore,Male,45-54,4,Social,iOS,True
413,02-Jun-25,Singapore,Singapore,Male,45-54,4,Social,iOS,True
421,08-Dec-25,Singapore,Singapore,Male,45-54,4,Direct,iOS,True
539,12-Oct-25,Singapore,Singapore,Male,45-54,4,Paid Search,iOS,True
549,21-Sep-25,Singapore,Singapore,Male,45-54,4,Influencer,Web,True
923,30-Oct-25,Singapore,Singapore,Male,45-54,4,Influencer,Web,True
1101,25-Aug-25,Singapore,Singapore,Male,45-54,4,Paid Search,iOS,True
1208,02-Aug-25,Singapore,Singapore,Male,45-54,4,App Store,Android,True
1236,13-Dec-25,Singapore,Singapore,Male,45-54,4,Email,iOS,True
1271,21-May-25,Singapore,Singapore,Male,45-54,4,Social,Android,True
1364,08-Dec-25,Singapore,Singapore,Male,45-54,4,Paid Search,Web,True
1804,12-Oct-25,Singapore,Singapore,Male,45-54,4,Direct,iOS,True
1879,24-Jul-25,Singapore,Singapore,Male,45-54,4,App Store,Web,True
2083,03-Oct-25,Singapore,Singapore,Male,45-54,4,Referral,Android,True
2221,01-Nov-25,Singapore,Singapore,Male,45-54,4,Referral,Android,True
2226,21-Dec-25,Singapore,Singapore,Male,45-54,4,Referral,Android,True
2415,15-Sep-25,Singapore,Singapore,Male,45-54,4,Organic Search,iOS,True
2626,09-Sep-25,Singapore,Singapore,Male,45-54,4,Paid Search,Web,True
2690,18-May-25,Singapore,Singapore,Male,45-54,4,Direct,iOS,True
2692,21-Apr-25,Singapore,Singapore,Male,45-54,4,Email,Web,True
2714,23-Sep-25,Singapore,Singapore,Male,45-54,4,Paid Search,Web,True
2717,20-May-25,Singapore,Singapore,Male,45-54,4,Direct,iOS,True
2755,29-May-25,Singapore,Singapore,Male,45-54,4,Email,Android,True
2830,12-Jan-26,Singapore,Singapore,Male,45-54,4,App Store,iOS,True
2918,16-Mar-25,Singapore,Singapore,Male,45-54,4,Influencer,Android,True
3248,25-Apr-25,Singapore,Singapore,Male,45-54,4,Organic Search,iOS,True
3656,01-Apr-25,Singapore,Singapore,Male,45-54,4,Direct,Web,True
3683,02-Jul-25,Singapore,Singapore,Male,45-54,4,Direct,iOS,True
3698,27-Aug-25,Singapore,Singapore,Male,45-54,4,Paid Search,iOS,True
4095,25-Mar-25,Singapore,Singapore,Male,45-54,4,Organic Search,iOS,True
4264,06-Jan-26,Singapore,Singapore,Male,45-54,4,Direct,Android,True
4436,05-Dec-25,Singapore,Singapore,Male,45-54,4,Email,Web,True
4557,26-Jul-25,Singapore,Singapore,Male,45-54,4,App Store,Android,True
4599,25-Jun-25,Singapore,Singapore,Male,45-54,4,Influencer,Web,True
4606,27-Jun-25,Singapore,Singapore,Male,45-54,4,Referral,Android,True
4821,14-Jul-25,Singapore,Singapore,Male,45-54,4,Organic Search,iOS,True
4838,17-Jan-25,Singapore,Singapore,Male,45-54,4,Influencer,Android,True
4876,18-Jul-25,Singapore,Singapore,Male,45-54,4,Email,Android,True
4900,26-Apr-25,Singapore,Singapore,Male,45-54,4,Paid Search,Web,True
4989,06-Aug-25,Singapore,Singapore,Male,45-54,4,Email,Android,True
5018,22-Nov-25,Singapore,Singapore,Male,45-54,4,Social,Android,True
5205,21-Sep-25,Singapore,Singapore,Male,45-54,4,Social,Android,True
5263,18-Jan-26,Singapore,Singapore,Male,45-54,4,Organic Search,iOS,True
5290,03-Jul-25,Singapore,Singapore,Male,45-54,4,App Store,Android,True
5488,27-May-25,Singapore,Singapore,Male,45-54,4,Paid Search,iOS,True
5685,12-Jun-25,Singapore,Singapore,Male,45-54,4,Paid Search,iOS,True
5883,02-Jan-26,Singapore,Singapore,Male,45-54,4,App Store,Android,True
5974,27-May-25,Singapore,Singapore,Male,45-54,4,Direct,iOS,False
6205,31-Jul-25,Singapore,Singapore,Male,45-54,4,App Store,Android,True
6402,06-Sep-25,Singapore,Singapore,Male,45-54,4,Referral,Web,True
6420,08-Jan-26,Singapore,Singapore,Male,45-54,4,Paid Search,Web,True
6488,16-May-25,Singapore,Singapore,Male,45-54,4,Organic Search,Web,False
6769,06-Feb-25,Singapore,Singapore,Male,45-54,4,App Store,Android,True
7019,07-Apr-25,Singapore,Singapore,Male,45-54,4,Email,Web,True
7063,26-May-25,Singapore,Singapore,Male,45-54,4,App Store,iOS,True
7070,01-Nov-25,Singapore,Singapore,Male,45-54,4,Email,Web,True
7090,24-Jan-25,Singapore,Singapore,Male,45-54,4,Referral,Android,True
7186,10-May-25,Singapore,Singapore,Male,45-54,4,Email,Web,True
7445,15-May-25,Singapore,Singapore,Male,45-54,4,Referral,Web,True
7489,16-Apr-25,Singapore,Singapore,Male,45-54,4,Email,Android,True
71,10-Jul-25,Singapore,Singapore,Female,45-54,4,App Store,iOS,False
446,05-Jan-26,Singapore,Singapore,Female,45-54,4,Paid Search,iOS,True
479,10-Mar-25,Singapore,Singapore,Female,45-54,4,Influencer,Android,True
596,17-Mar-25,Singapore,Singapore,Female,45-54,4,Influencer,iOS,True
633,18-Aug-25,Singapore,Singapore,Female,45-54,4,Social,Web,True
679,14-Dec-25,Singapore,Singapore,Female,45-54,4,Social,Android,True
855,19-Sep-25,Singapore,Singapore,Female,45-54,4,Influencer,Android,True
982,16-Nov-25,Singapore,Singapore,Female,45-54,4,App Store,iOS,True
1037,16-Feb-25,Singapore,Singapore,Female,45-54,4,Direct,Android,True
1082,16-Nov-25,Singapore,Singapore,Female,45-54,4,Social,Web,True
1334,11-Aug-25,Singapore,Singapore,Female,45-54,4,Influencer,iOS,True
1367,22-Mar-25,Singapore,Singapore,Female,45-54,4,Email,iOS,False
1450,08-Apr-25,Singapore,Singapore,Female,45-54,4,Organic Search,iOS,True
1520,09-Oct-25,Singapore,Singapore,Female,45-54,4,App Store,iOS,True
1618,17-Sep-25,Singapore,Singapore,Female,45-54,4,Social,iOS,True
1943,24-Nov-25,Singapore,Singapore,Female,45-54,4,Direct,Web,True
1984,30-Jul-25,Singapore,Singapore,Female,45-54,4,Influencer,Web,True
1997,19-Dec-25,Singapore,Singapore,Female,45-54,4,Organic Search,Android,True
2010,01-Jun-25,Singapore,Singapore,Female,45-54,4,Email,Android,True
2364,26-May-25,Singapore,Singapore,Female,45-54,4,Paid Search,Android,True
2385,19-Dec-25,Singapore,Singapore,Other,45-54,4,Organic Search,Android,True
2533,06-Apr-25,Singapore,Singapore,Female,45-54,4,Social,Android,True
2667,19-Jul-25,Singapore,Singapore,Other,45-54,4,Influencer,Android,True
3055,24-May-25,Singapore,Singapore,Other,45-54,4,Influencer,Web,True
3062,21-Oct-25,Singapore,Singapore,Female,45-54,4,Social,Android,True
3195,09-Jul-25,Singapore,Singapore,Female,45-54,4,Organic Search,iOS,True
3498,16-Dec-25,Singapore,Singapore,Female,45-54,4,Organic Search,Android,True
3529,05-Jun-25,Singapore,Singapore,Female,45-54,4,App Store,Android,True
3715,19-Nov-25,Singapore,Singapore,Female,45-54,4,Paid Search,Web,True
3873,12-Jan-26,Singapore,Singapore,Female,45-54,4,Influencer,Web,True
3953,28-Jan-25,Singapore,Singapore,Female,45-54,4,Referral,Web,True
4014,21-Aug-25,Singapore,Singapore,Female,45-54,4,Email,Android,True
4154,18-Apr-25,Singapore,Singapore,Female,45-54,4,Social,iOS,False
4479,05-Jan-25,Singapore,Singapore,Female,45-54,4,Paid Search,Android,True
4638,22-Jul-25,Singapore,Singapore,Female,45-54,4,Paid Search,Android,True
4950,28-Jul-25,Singapore,Singapore,Female,45-54,4,Referral,Android,True
5062,01-Apr-25,Singapore,Singapore,Female,45-54,4,Email,iOS,True
5187,23-Aug-25,Singapore,Singapore,Female,45-54,4,Referral,iOS,True
5252,18-Feb-25,Singapore,Singapore,Other,45-54,4,Referral,iOS,True
5276,23-Sep-25,Singapore,Singapore,Female,45-54,4,Social,Android,True
5298,16-Apr-25,Singapore,Singapore,Female,45-54,4,Referral,Web,True
5507,15-Apr-25,Singapore,Singapore,Female,45-54,4,Organic Search,iOS,True
5599,11-Jul-25,Singapore,Singapore,Female,45-54,4,Organic Search,iOS,True
5886,15-Jan-26,Singapore,Singapore,Female,45-54,4,Paid Search,iOS,True
5995,02-Sep-25,Singapore,Singapore,Female,45-54,4,Email,Android,True
5997,29-Mar-25,Singapore,Singapore,Female,45-54,4,Organic Search,Web,True
6289,03-Aug-25,Singapore,Singapore,Female,45-54,4,Direct,Android,True
6498,15-Jan-25,Singapore,Singapore,Female,45-54,4,Social,Android,True
6525,12-Feb-25,Singapore,Singapore,Female,45-54,4,Organic Search,Web,True
6605,16-Jan-25,Singapore,Singapore,Other,45-54,4,Email,iOS,False
6701,02-Dec-25,Singapore,Singapore,Female,45-54,4,App Store,Android,True
6751,26-Nov-25,Singapore,Singapore,Other,45-54,4,Email,Android,True
6898,07-Aug-25,Singapore,Singapore,Other,45-54,4,Social,Android,True
6928,24-Jan-25,Singapore,Singapore,Female,45-54,4,Influencer,Android,True
6960,12-Jan-26,Singapore,Singapore,Female,45-54,4,Social,Android,True
7216,27-Sep-25,Singapore,Singapore,Female,45-54,4,Paid Search,iOS,True
7351,06-Nov-25,Singapore,Singapore,Female,45-54,4,Influencer,Android,True
7707,23-Dec-25,Singapore,Singapore,Female,45-54,4,Direct,iOS,True
7849,04-Nov-25,Singapore,Singapore,Female,45-54,4,Paid Search,Android,True
7863,24-Oct-25,Singapore,Singapore,Female,45-54,4,Email,Android,True
315,14-Jul-25,Singapore,Singapore,Female,55+,5,Email,Web,False
677,27-Dec-25,Singapore,Singapore,Female,55+,5,Paid Search,Android,True
859,23-Aug-25,Singapore,Singapore,Male,55+,5,Social,iOS,True
1060,15-Nov-25,Singapore,Singapore,Other,55+,5,Social,Android,True
1146,28-Apr-25,Singapore,Singapore,Male,55+,5,Paid Search,iOS,True
1201,02-Apr-25,Singapore,Singapore,Male,55+,5,App Store,iOS,True
1209,24-Sep-25,Singapore,Singapore,Male,55+,5,Social,Android,True
1356,20-Jan-25,Singapore,Singapore,Male,55+,5,Social,iOS,True
1393,08-Apr-25,Singapore,Singapore,Female,55+,5,Email,iOS,True
1468,14-Mar-25,Singapore,Singapore,Female,55+,5,Paid Search,Web,True
1736,23-Jan-25,Singapore,Singapore,Male,55+,5,Influencer,iOS,True
1933,03-May-25,Singapore,Singapore,Female,55+,5,Organic Search,iOS,True
2137,27-Jun-25,Singapore,Singapore,Male,55+,5,Organic Search,iOS,True
2223,18-Oct-25,Singapore,Singapore,Female,55+,5,Referral,Web,True
2261,20-Feb-25,Singapore,Singapore,Female,55+,5,Social,Web,False
2430,27-Jul-25,Singapore,Singapore,Male,55+,5,Organic Search,iOS,True
2552,10-May-25,Singapore,Singapore,Male,55+,5,Influencer,iOS,True
2647,30-Aug-25,Singapore,Singapore,Male,55+,5,Social,iOS,True
3027,23-Nov-25,Singapore,Singapore,Female,55+,5,Direct,iOS,True
3086,02-Apr-25,Singapore,Singapore,Male,55+,5,App Store,iOS,True
3145,01-Feb-25,Singapore,Singapore,Female,55+,5,Direct,Android,True
3244,09-Sep-25,Singapore,Singapore,Female,55+,5,App Store,iOS,True
3973,22-Feb-25,Singapore,Singapore,Female,55+,5,Referral,Web,True
4019,02-Feb-25,Singapore,Singapore,Male,55+,5,Paid Search,Web,True
4105,02-May-25,Singapore,Singapore,Male,55+,5,Influencer,Android,True
4543,07-Aug-25,Singapore,Singapore,Male,55+,5,Direct,Android,True
4624,17-Jun-25,Singapore,Singapore,Male,55+,5,Organic Search,Web,True
4650,07-Feb-25,Singapore,Singapore,Male,55+,5,Referral,iOS,True
4654,15-Nov-25,Singapore,Singapore,Other,55+,5,Direct,Android,False
4702,13-Sep-25,Singapore,Singapore,Female,55+,5,Social,iOS,True
4758,04-Jan-26,Singapore,Singapore,Male,55+,5,Social,iOS,True
4823,24-Jun-25,Singapore,Singapore,Female,55+,5,Organic Search,Android,True
4842,09-Oct-25,Singapore,Singapore,Male,55+,5,Organic Search,Android,True
4928,17-Apr-25,Singapore,Singapore,Other,55+,5,Email,iOS,False
4975,08-Jan-25,Singapore,Singapore,Male,55+,5,Social,Android,True
4988,22-Mar-25,Singapore,Singapore,Male,55+,5,Email,Web,True
5032,12-Jun-25,Singapore,Singapore,Male,55+,5,App Store,Web,True
5189,14-Feb-25,Singapore,Singapore,Female,55+,5,Influencer,iOS,True
5215,29-Apr-25,Singapore,Singapore,Other,55+,5,Influencer,iOS,True
5283,25-May-25,Singapore,Singapore,Female,55+,5,Organic Search,Android,True
5320,18-Jan-25,Singapore,Singapore,Male,55+,5,Influencer,iOS,True
5475,06-Jan-26,Singapore,Singapore,Male,55+,5,Direct,Web,True
5604,29-Jun-25,Singapore,Singapore,Female,55+,5,App Store,iOS,True
5708,27-Aug-25,Singapore,Singapore,Male,55+,5,Paid Search,iOS,True
5813,23-Apr-25,Singapore,Singapore,Male,55+,5,Social,Android,True
5893,10-Sep-25,Singapore,Singapore,Female,55+,5,Email,Android,True
6016,17-Sep-25,Singapore,Singapore,Female,55+,5,Email,Android,True
6065,17-Mar-25,Singapore,Singapore,Female,55+,5,Direct,Web,True
6127,28-Mar-25,Singapore,Singapore,Female,55+,5,App Store,Web,True
6259,24-Sep-25,Singapore,Singapore,Male,55+,5,Email,Android,True
6470,23-Sep-25,Singapore,Singapore,Female,55+,5,Paid Search,iOS,True
6529,11-Nov-25,Singapore,Singapore,Female,55+,5,Referral,iOS,True
6622,29-Dec-25,Singapore,Singapore,Female,55+,5,Organic Search,iOS,True
6637,19-Jun-25,Singapore,Singapore,Female,55+,5,App Store,iOS,True
6753,05-Apr-25,Singapore,Singapore,Female,55+,5,Social,Android,True
6923,10-Sep-25,Singapore,Singapore,Other,55+,5,Referral,Web,False
7032,16-Apr-25,Singapore,Singapore,Male,55+,5,Influencer,Web,True
7058,10-Nov-25,Singapore,Singapore,Male,55+,5,Paid Search,Android,True
7585,20-Aug-25,Singapore,Singapore,Male,55+,5,Social,Web,True
7650,18-Mar-25,Singapore,Singapore,Female,55+,5,Referral,Android,True
7670,27-Jun-25,Singapore,Singapore,Male,55+,5,Organic Search,Android,True
7763,26-May-25,Singapore,Singapore,Other,55+,5,Direct,Android,True
7786,08-Sep-25,Singapore,Singapore,Female,55+,5,Direct,iOS,True
7896,09-Aug-25,Singapore,Singapore,Male,55+,5,App Store,Web,True
1096,14-Jan-26,Singapore,Singapore,Other,35-44,3,Referral,iOS,False
1813,07-Jan-26,Singapore,Singapore,Other,35-44,3,Direct,Android,True
2139,06-Dec-25,Singapore,Singapore,Other,35-44,3,App Store,Android,False
2598,03-Sep-25,Singapore,Singapore,Other,35-44,3,Influencer,Web,False
3738,13-Oct-25,Singapore,Singapore,Other,35-44,3,Influencer,Android,True
3845,24-Jul-25,Singapore,Singapore,Other,35-44,3,App Store,Web,False
4659,11-Jan-26,Singapore,Singapore,Other,35-44,3,Influencer,Web,True
5331,07-Jul-25,Singapore,Singapore,Other,35-44,3,Paid Search,Android,True
5465,01-Aug-25,Singapore,Singapore,Other,35-44,3,Organic Search,iOS,True
5855,28-Nov-25,Singapore,Singapore,Other,35-44,3,Influencer,iOS,True
5934,30-Jan-25,Singapore,Singapore,Other,35-44,3,App Store,Android,True
6431,13-Jan-26,Singapore,Singapore,Other,35-44,3,Social,iOS,True
6587,28-Jan-25,Singapore,Singapore,Other,35-44,3,Paid Search,Android,True
7145,01-Dec-25,Singapore,Singapore,Other,35-44,3,Referral,Android,True
7851,31-Dec-25,Singapore,Singapore,Other,35-44,3,Organic Search,Android,True
425,22-Nov-25,Singapore,Singapore,Female,35-44,3,Referral,Android,True
899,28-Oct-25,Singapore,Singapore,Female,35-44,3,Referral,iOS,True
1114,04-Mar-25,Singapore,Singapore,Female,35-44,3,Paid Search,Android,True
1135,07-Apr-25,Singapore,Singapore,Female,35-44,3,Referral,Android,True
1170,10-Oct-25,Singapore,Singapore,Female,35-44,3,Paid Search,iOS,True
1275,14-Nov-25,Singapore,Singapore,Female,35-44,3,Referral,Web,True
1337,26-Nov-25,Singapore,Singapore,Female,35-44,3,Referral,Android,True
1472,09-May-25,Singapore,Singapore,Female,35-44,3,Influencer,iOS,True
1486,12-Jan-25,Singapore,Singapore,Female,35-44,3,Organic Search,Android,True
1512,28-Feb-25,Singapore,Singapore,Female,35-44,3,App Store,Web,True
1622,15-Dec-25,Singapore,Singapore,Female,35-44,3,Paid Search,iOS,False
1650,27-Jun-25,Singapore,Singapore,Female,35-44,3,Paid Search,iOS,False
1772,15-Jul-25,Singapore,Singapore,Female,35-44,3,Direct,Android,True
1799,02-Jan-26,Singapore,Singapore,Female,35-44,3,Direct,iOS,True
1923,25-Dec-25,Singapore,Singapore,Female,35-44,3,Referral,Android,False
1960,24-Oct-25,Singapore,Singapore,Female,35-44,3,Organic Search,Web,True
2090,11-Oct-25,Singapore,Singapore,Female,35-44,3,Referral,Android,True
2246,12-Feb-25,Singapore,Singapore,Female,35-44,3,Influencer,iOS,True
2322,19-Jun-25,Singapore,Singapore,Female,35-44,3,Paid Search,Android,True
2347,10-Jun-25,Singapore,Singapore,Female,35-44,3,Social,iOS,True
2349,29-May-25,Singapore,Singapore,Female,35-44,3,Influencer,Android,False
2501,12-Jun-25,Singapore,Singapore,Female,35-44,3,Paid Search,Web,True
2604,11-Jan-26,Singapore,Singapore,Female,35-44,3,Social,Web,False
2729,11-Jan-25,Singapore,Singapore,Female,35-44,3,Referral,Android,False
2811,16-Nov-25,Singapore,Singapore,Female,35-44,3,Social,iOS,False
2815,29-Oct-25,Singapore,Singapore,Female,35-44,3,Paid Search,iOS,True
3121,29-Jul-25,Singapore,Singapore,Female,35-44,3,Direct,Android,True
3158,11-Jun-25,Singapore,Singapore,Female,35-44,3,Direct,iOS,True
3391,22-May-25,Singapore,Singapore,Female,35-44,3,Influencer,Web,True
3431,11-Jul-25,Singapore,Singapore,Female,35-44,3,Social,Android,True
3462,26-May-25,Singapore,Singapore,Female,35-44,3,Social,iOS,True
3466,23-Mar-25,Singapore,Singapore,Female,35-44,3,Email,Android,True
3557,01-Nov-25,Singapore,Singapore,Female,35-44,3,Email,Android,True
3670,15-Feb-25,Singapore,Singapore,Female,35-44,3,Paid Search,Android,False
3676,03-Jun-25,Singapore,Singapore,Female,35-44,3,Email,Android,True
3788,16-Jan-25,Singapore,Singapore,Female,35-44,3,Influencer,iOS,True
3828,01-Feb-25,Singapore,Singapore,Female,35-44,3,App Store,iOS,True
3855,16-Mar-25,Singapore,Singapore,Female,35-44,3,App Store,iOS,True
3965,09-Nov-25,Singapore,Singapore,Female,35-44,3,App Store,Android,True
4093,05-Jan-26,Singapore,Singapore,Female,35-44,3,Referral,Android,True
4094,05-Jan-25,Singapore,Singapore,Female,35-44,3,App Store,iOS,True
4424,05-Dec-25,Singapore,Singapore,Female,35-44,3,Email,Android,True
4555,19-Nov-25,Singapore,Singapore,Female,35-44,3,Organic Search,Web,True
4668,22-Oct-25,Singapore,Singapore,Female,35-44,3,Influencer,Android,True
4707,29-Mar-25,Singapore,Singapore,Female,35-44,3,Paid Search,Android,True
4792,03-Sep-25,Singapore,Singapore,Female,35-44,3,Referral,Android,True
4873,30-Dec-25,Singapore,Singapore,Female,35-44,3,Social,Android,True
5071,04-Jan-26,Singapore,Singapore,Female,35-44,3,Influencer,Web,True
5091,05-Dec-25,Singapore,Singapore,Female,35-44,3,Paid Search,Android,True
5156,23-Oct-25,Singapore,Singapore,Female,35-44,3,Organic Search,Android,True
5204,09-Nov-25,Singapore,Singapore,Female,35-44,3,App Store,iOS,True
5231,04-Aug-25,Singapore,Singapore,Female,35-44,3,Social,Android,True
5271,11-Jan-25,Singapore,Singapore,Female,35-44,3,Paid Search,Android,True
5340,29-Nov-25,Singapore,Singapore,Female,35-44,3,Social,Android,True
5450,04-Jun-25,Singapore,Singapore,Female,35-44,3,Influencer,Web,True
5463,30-Sep-25,Singapore,Singapore,Female,35-44,3,Referral,Web,True
5476,19-May-25,Singapore,Singapore,Female,35-44,3,Referral,Web,True
5805,08-Sep-25,Singapore,Singapore,Female,35-44,3,Organic Search,Android,True
5851,28-Jul-25,Singapore,Singapore,Female,35-44,3,Referral,iOS,True
5896,08-Jan-25,Singapore,Singapore,Female,35-44,3,Social,Android,True
5985,07-Jan-26,Singapore,Singapore,Female,35-44,3,Email,Android,True
6082,13-Jul-25,Singapore,Singapore,Female,35-44,3,Influencer,Web,True
6086,11-Apr-25,Singapore,Singapore,Female,35-44,3,Influencer,Web,False
6118,03-May-25,Singapore,Singapore,Female,35-44,3,Direct,Android,True
6175,09-Dec-25,Singapore,Singapore,Female,35-44,3,Social,Web,True
6177,16-Mar-25,Singapore,Singapore,Female,35-44,3,Social,iOS,True
6246,02-Oct-25,Singapore,Singapore,Female,35-44,3,Paid Search,iOS,False
6261,13-Nov-25,Singapore,Singapore,Female,35-44,3,App Store,iOS,True
6461,22-Feb-25,Singapore,Singapore,Female,35-44,3,Influencer,Android,True
6474,06-Jan-25,Singapore,Singapore,Female,35-44,3,Influencer,Web,True
6477,18-Mar-25,Singapore,Singapore,Female,35-44,3,Email,Android,False
6541,29-Oct-25,Singapore,Singapore,Female,35-44,3,Direct,iOS,True
6543,19-Nov-25,Singapore,Singapore,Female,35-44,3,App Store,iOS,True
6820,27-Dec-25,Singapore,Singapore,Female,35-44,3,App Store,iOS,True
6935,20-Mar-25,Singapore,Singapore,Female,35-44,3,Paid Search,Android,True
7037,14-Nov-25,Singapore,Singapore,Female,35-44,3,Direct,Android,True
7170,07-Apr-25,Singapore,Singapore,Female,35-44,3,Email,Android,False
7235,23-Jul-25,Singapore,Singapore,Female,35-44,3,Influencer,Android,True
7326,30-Jun-25,Singapore,Singapore,Female,35-44,3,Social,Android,True
7409,03-Oct-25,Singapore,Singapore,Female,35-44,3,Influencer,iOS,True
7587,01-Aug-25,Singapore,Singapore,Female,35-44,3,Email,iOS,True
7613,13-Jan-25,Singapore,Singapore,Female,35-44,3,Direct,Android,True
7647,18-Apr-25,Singapore,Singapore,Female,35-44,3,Email,iOS,True
7678,12-Sep-25,Singapore,Singapore,Female,35-44,3,Referral,iOS,True
7815,21-Mar-25,Singapore,Singapore,Female,35-44,3,Referral,Web,True
464,27-Feb-25,Singapore,Singapore,Male,35-44,3,Influencer,Web,False
593,26-Jun-25,Singapore,Singapore,Male,35-44,3,Direct,Web,False
1090,13-Oct-25,Singapore,Singapore,Male,35-44,3,App Store,Android,False
1480,11-May-25,Singapore,Singapore,Male,35-44,3,Organic Search,Android,False
1938,11-Aug-25,Singapore,Singapore,Male,35-44,3,App Store,Web,False
2446,28-Apr-25,Singapore,Singapore,Male,35-44,3,App Store,Android,False
4126,27-Nov-25,Singapore,Singapore,Male,35-44,3,Organic Search,Android,False
4469,24-Nov-25,Singapore,Singapore,Male,35-44,3,Influencer,Android,False
7366,21-Aug-25,Singapore,Singapore,Male,35-44,3,Organic Search,iOS,False
7841,14-Jun-25,Singapore,Singapore,Male,35-44,3,Organic Search,iOS,False
50,30-Mar-25,Singapore,Singapore,Male,35-44,3,Organic Search,iOS,True
180,09-Jul-25,Singapore,Singapore,Male,35-44,3,Referral,Web,True
198,11-Nov-25,Singapore,Singapore,Male,35-44,3,Paid Search,iOS,True
206,21-Feb-25,Singapore,Singapore,Male,35-44,3,Influencer,Android,True
341,04-Feb-25,Singapore,Singapore,Male,35-44,3,Social,Android,True
390,19-Jun-25,Singapore,Singapore,Male,35-44,3,Direct,Android,True
435,15-Jul-25,Singapore,Singapore,Male,35-44,3,Organic Search,Android,True
572,09-Jul-25,Singapore,Singapore,Male,35-44,3,Social,iOS,True
594,10-Apr-25,Singapore,Singapore,Male,35-44,3,Direct,Android,True
740,08-Aug-25,Singapore,Singapore,Male,35-44,3,Direct,iOS,True
868,05-Apr-25,Singapore,Singapore,Male,35-44,3,Email,iOS,True
891,13-May-25,Singapore,Singapore,Male,35-44,3,Direct,iOS,True
1007,17-Aug-25,Singapore,Singapore,Male,35-44,3,Direct,Android,True
1022,01-Dec-25,Singapore,Singapore,Male,35-44,3,Social,Web,True
1074,11-Jan-26,Singapore,Singapore,Male,35-44,3,Influencer,iOS,True
1103,30-Mar-25,Singapore,Singapore,Male,35-44,3,Direct,Android,True
1122,08-Feb-25,Singapore,Singapore,Male,35-44,3,Social,Web,True
1187,14-Apr-25,Singapore,Singapore,Male,35-44,3,Paid Search,Web,True
1292,15-Jun-25,Singapore,Singapore,Male,35-44,3,App Store,Android,True
1373,08-May-25,Singapore,Singapore,Male,35-44,3,Organic Search,iOS,True
1451,24-Feb-25,Singapore,Singapore,Male,35-44,3,App Store,Android,True
1497,14-Nov-25,Singapore,Singapore,Male,35-44,3,App Store,Web,True
1548,02-Jul-25,Singapore,Singapore,Male,35-44,3,Referral,iOS,True
1727,04-Jun-25,Singapore,Singapore,Male,35-44,3,Referral,iOS,True
1781,12-Jul-25,Singapore,Singapore,Male,35-44,3,Email,Web,True
1869,06-Dec-25,Singapore,Singapore,Male,35-44,3,Direct,Android,True
1985,30-May-25,Singapore,Singapore,Male,35-44,3,Paid Search,Android,True
2025,05-Jul-25,Singapore,Singapore,Male,35-44,3,Paid Search,Web,True
2308,14-Jan-26,Singapore,Singapore,Male,35-44,3,Social,Android,True
2601,29-May-25,Singapore,Singapore,Male,35-44,3,Direct,Android,True
2775,29-Jan-25,Singapore,Singapore,Male,35-44,3,App Store,iOS,True
2876,08-Jun-25,Singapore,Singapore,Male,35-44,3,Referral,iOS,True
3194,06-Aug-25,Singapore,Singapore,Male,35-44,3,Organic Search,Android,True
3210,19-May-25,Singapore,Singapore,Male,35-44,3,Referral,iOS,True
3346,16-Feb-25,Singapore,Singapore,Male,35-44,3,App Store,Android,True
3520,10-Jan-26,Singapore,Singapore,Male,35-44,3,Social,Android,True
3688,04-Aug-25,Singapore,Singapore,Male,35-44,3,Influencer,Web,True
3818,21-Jan-25,Singapore,Singapore,Male,35-44,3,Influencer,Android,True
3860,29-Aug-25,Singapore,Singapore,Male,35-44,3,Referral,iOS,True
4179,08-Dec-25,Singapore,Singapore,Male,35-44,3,App Store,iOS,True
4242,26-Apr-25,Singapore,Singapore,Male,35-44,3,Social,Web,True
4245,11-Nov-25,Singapore,Singapore,Male,35-44,3,Referral,iOS,True
4377,17-Nov-25,Singapore,Singapore,Male,35-44,3,Referral,Web,True
4385,13-Jul-25,Singapore,Singapore,Male,35-44,3,Influencer,iOS,True
4427,19-Mar-25,Singapore,Singapore,Male,35-44,3,Influencer,Android,True
4661,26-Aug-25,Singapore,Singapore,Male,35-44,3,Direct,Android,True
4680,27-Feb-25,Singapore,Singapore,Male,35-44,3,App Store,iOS,True
4770,17-Mar-25,Singapore,Singapore,Male,35-44,3,Influencer,Android,True
4902,18-Feb-25,Singapore,Singapore,Male,35-44,3,Email,Android,True
4990,02-Jan-25,Singapore,Singapore,Male,35-44,3,Influencer,Web,True
5269,31-Jan-25,Singapore,Singapore,Male,35-44,3,Organic Search,Android,True
5322,15-Jul-25,Singapore,Singapore,Male,35-44,3,Social,iOS,True
5432,29-Jun-25,Singapore,Singapore,Male,35-44,3,Organic Search,iOS,True
5633,14-Jan-26,Singapore,Singapore,Male,35-44,3,Social,Android,True
5650,11-Apr-25,Singapore,Singapore,Male,35-44,3,Paid Search,Web,True
5767,20-Jun-25,Singapore,Singapore,Male,35-44,3,Influencer,Web,True
5784,21-Jul-25,Singapore,Singapore,Male,35-44,3,Organic Search,Android,True
6044,29-Nov-25,Singapore,Singapore,Male,35-44,3,App Store,Web,True
6066,12-Dec-25,Singapore,Singapore,Male,35-44,3,Direct,iOS,True
6210,17-Sep-25,Singapore,Singapore,Male,35-44,3,Influencer,Web,True
6282,16-Mar-25,Singapore,Singapore,Male,35-44,3,Influencer,iOS,True
6301,30-Nov-25,Singapore,Singapore,Male,35-44,3,Paid Search,iOS,True
6480,08-Mar-25,Singapore,Singapore,Male,35-44,3,App Store,Android,True
6542,06-Sep-25,Singapore,Singapore,Male,35-44,3,Referral,iOS,True
6617,14-May-25,Singapore,Singapore,Male,35-44,3,Organic Search,iOS,True
6633,29-Mar-25,Singapore,Singapore,Male,35-44,3,Social,Android,True
6877,28-Jun-25,Singapore,Singapore,Male,35-44,3,Referral,Android,True
6956,03-Feb-25,Singapore,Singapore,Male,35-44,3,Referral,iOS,True
7075,30-Nov-25,Singapore,Singapore,Male,35-44,3,App Store,Android,True
7133,06-Mar-25,Singapore,Singapore,Male,35-44,3,Organic Search,Android,True
7139,12-Jan-26,Singapore,Singapore,Male,35-44,3,Referral,Android,True
7198,20-Mar-25,Singapore,Singapore,Male,35-44,3,Paid Search,Android,True
7242,04-Jun-25,Singapore,Singapore,Male,35-44,3,Influencer,Android,True
7250,24-Apr-25,Singapore,Singapore,Male,35-44,3,Organic Search,Web,True
7350,08-Jul-25,Singapore,Singapore,Male,35-44,3,Referral,iOS,True
7372,18-Jul-25,Singapore,Singapore,Male,35-44,3,Direct,iOS,True
7474,30-Dec-25,Singapore,Singapore,Male,35-44,3,Influencer,Web,True
7537,03-Sep-25,Singapore,Singapore,Male,35-44,3,Paid Search,Web,True
7539,13-Feb-25,Singapore,Singapore,Male,35-44,3,App Store,iOS,True
7611,13-Jun-25,Singapore,Singapore,Male,35-44,3,Paid Search,iOS,True
7628,07-Oct-25,Singapore,Singapore,Male,35-44,3,Referral,Android,True
7723,13-Apr-25,Singapore,Singapore,Male,35-44,3,Paid Search,Android,True
7736,15-Apr-25,Singapore,Singapore,Male,35-44,3,Direct,Android,True
7824,30-Aug-25,Singapore,Singapore,Male,35-44,3,Direct,iOS,True
7936,24-Feb-25,Singapore,Singapore,Male,35-44,3,Organic Search,Android,True
87,04-Dec-25,Singapore,Singapore,Female,18-24,1,Paid Search,Android,True
197,01-Jun-25,Singapore,Singapore,Female,18-24,1,Organic Search,Android,True
221,13-Aug-25,Singapore,Singapore,Female,18-24,1,App Store,iOS,True
249,16-Sep-25,Singapore,Singapore,Female,18-24,1,Organic Search,iOS,True
416,09-Jul-25,Singapore,Singapore,Female,18-24,1,Direct,Android,True
610,22-Feb-25,Singapore,Singapore,Female,18-24,1,Direct,iOS,True
615,19-Apr-25,Singapore,Singapore,Female,18-24,1,Influencer,Android,False
737,25-May-25,Singapore,Singapore,Female,18-24,1,Direct,iOS,True
983,14-Aug-25,Singapore,Singapore,Female,18-24,1,Paid Search,Web,True
1000,01-Jun-25,Singapore,Singapore,Female,18-24,1,App Store,Web,True
1048,16-Sep-25,Singapore,Singapore,Female,18-24,1,App Store,Android,False
1165,25-Apr-25,Singapore,Singapore,Female,18-24,1,Influencer,Web,False
1204,20-Feb-25,Singapore,Singapore,Female,18-24,1,App Store,Android,False
1274,30-Jul-25,Singapore,Singapore,Female,18-24,1,Email,iOS,True
1414,27-Jan-25,Singapore,Singapore,Female,18-24,1,Organic Search,Web,True
1424,22-Jun-25,Singapore,Singapore,Female,18-24,1,Email,Web,True
1688,12-Nov-25,Singapore,Singapore,Female,18-24,1,Social,iOS,False
1730,13-May-25,Singapore,Singapore,Female,18-24,1,Direct,iOS,True
1748,12-Aug-25,Singapore,Singapore,Female,18-24,1,Social,iOS,True
1757,20-Dec-25,Singapore,Singapore,Female,18-24,1,Referral,Android,True
1881,13-Mar-25,Singapore,Singapore,Female,18-24,1,Social,Android,True
1899,10-Feb-25,Singapore,Singapore,Female,18-24,1,Paid Search,Android,True
2015,07-Sep-25,Singapore,Singapore,Female,18-24,1,Referral,Android,True
2206,05-Dec-25,Singapore,Singapore,Female,18-24,1,Influencer,Android,True
2305,22-Jun-25,Singapore,Singapore,Female,18-24,1,Direct,Web,True
2319,13-Jan-26,Singapore,Singapore,Female,18-24,1,Social,Android,True
2328,13-Dec-25,Singapore,Singapore,Female,18-24,1,Paid Search,Android,False
2343,24-Jun-25,Singapore,Singapore,Female,18-24,1,App Store,iOS,True
2412,10-May-25,Singapore,Singapore,Female,18-24,1,Direct,Web,True
2454,29-May-25,Singapore,Singapore,Female,18-24,1,Direct,iOS,True
2680,19-May-25,Singapore,Singapore,Female,18-24,1,Referral,iOS,True
2740,01-Aug-25,Singapore,Singapore,Female,18-24,1,Paid Search,Android,True
2878,01-Mar-25,Singapore,Singapore,Female,18-24,1,App Store,Android,True
3029,16-Oct-25,Singapore,Singapore,Female,18-24,1,Influencer,Web,True
3178,07-Jan-26,Singapore,Singapore,Female,18-24,1,Email,iOS,True
3363,28-Jan-25,Singapore,Singapore,Female,18-24,1,Direct,Web,True
3402,09-Jul-25,Singapore,Singapore,Female,18-24,1,Social,Web,True
3565,17-Nov-25,Singapore,Singapore,Female,18-24,1,Referral,Android,True
3571,10-Dec-25,Singapore,Singapore,Female,18-24,1,Social,Web,True
3627,25-Dec-25,Singapore,Singapore,Female,18-24,1,Direct,Android,True
3792,11-Jun-25,Singapore,Singapore,Female,18-24,1,Social,Web,True
3852,05-Sep-25,Singapore,Singapore,Female,18-24,1,Social,Android,True
3853,20-Dec-25,Singapore,Singapore,Female,18-24,1,Influencer,Android,True
3909,08-Oct-25,Singapore,Singapore,Female,18-24,1,Referral,Android,True
4048,24-Jul-25,Singapore,Singapore,Female,18-24,1,Paid Search,iOS,True
4074,24-Sep-25,Singapore,Singapore,Female,18-24,1,Organic Search,Android,True
4102,15-Jan-25,Singapore,Singapore,Female,18-24,1,Email,iOS,True
4150,24-Dec-25,Singapore,Singapore,Female,18-24,1,Social,Web,False
4664,28-Jul-25,Singapore,Singapore,Female,18-24,1,Paid Search,iOS,False
4778,21-May-25,Singapore,Singapore,Female,18-24,1,Social,Web,True
4931,23-Aug-25,Singapore,Singapore,Female,18-24,1,Email,Android,True
4940,17-Feb-25,Singapore,Singapore,Female,18-24,1,Social,iOS,True
5251,28-Jan-25,Singapore,Singapore,Female,18-24,1,Direct,Web,True
5274,09-Jul-25,Singapore,Singapore,Female,18-24,1,Influencer,Android,True
5309,23-Mar-25,Singapore,Singapore,Female,18-24,1,Referral,Android,True
5575,07-Jan-26,Singapore,Singapore,Female,18-24,1,Organic Search,iOS,True
5592,01-Apr-25,Singapore,Singapore,Female,18-24,1,Social,Android,True
5643,04-Sep-25,Singapore,Singapore,Female,18-24,1,Paid Search,Android,True
5714,26-Dec-25,Singapore,Singapore,Female,18-24,1,Organic Search,iOS,True
5800,12-Jul-25,Singapore,Singapore,Female,18-24,1,Direct,Android,True
5880,13-Mar-25,Singapore,Singapore,Female,18-24,1,Influencer,Web,True
6129,13-Nov-25,Singapore,Singapore,Female,18-24,1,Paid Search,iOS,True
6268,27-Apr-25,Singapore,Singapore,Female,18-24,1,App Store,iOS,True
6285,01-Jan-26,Singapore,Singapore,Female,18-24,1,Direct,Android,True
6479,27-May-25,Singapore,Singapore,Female,18-24,1,Social,Android,True
6545,07-Oct-25,Singapore,Singapore,Female,18-24,1,Direct,Web,True
6551,28-Apr-25,Singapore,Singapore,Female,18-24,1,Referral,Android,False
6578,02-Aug-25,Singapore,Singapore,Female,18-24,1,Paid Search,Web,False
6638,15-May-25,Singapore,Singapore,Female,18-24,1,Email,Web,True
6688,01-Jan-25,Singapore,Singapore,Female,18-24,1,Direct,Android,True
6809,09-Jan-26,Singapore,Singapore,Female,18-24,1,Organic Search,iOS,True
6961,15-Dec-25,Singapore,Singapore,Female,18-24,1,Paid Search,Android,True
7041,28-Dec-25,Singapore,Singapore,Female,18-24,1,Paid Search,iOS,False
7415,18-Nov-25,Singapore,Singapore,Female,18-24,1,Influencer,iOS,True
7464,24-Nov-25,Singapore,Singapore,Female,18-24,1,Influencer,Web,True
7521,28-Dec-25,Singapore,Singapore,Female,18-24,1,Direct,iOS,True
7528,24-Aug-25,Singapore,Singapore,Female,18-24,1,Referral,Android,True
7623,08-Sep-25,Singapore,Singapore,Female,18-24,1,Organic Search,Android,True
7635,01-Jul-25,Singapore,Singapore,Female,18-24,1,Social,Android,True
7702,08-Jun-25,Singapore,Singapore,Female,18-24,1,Social,Web,True
7715,01-Jul-25,Singapore,Singapore,Female,18-24,1,Social,Android,True
7735,25-Feb-25,Singapore,Singapore,Female,18-24,1,App Store,Android,True
7768,17-Sep-25,Singapore,Singapore,Female,18-24,1,Email,Android,True
29,24-Aug-25,Singapore,Singapore,Other,18-24,1,Social,Web,True
640,02-May-25,Singapore,Singapore,Other,18-24,1,Email,iOS,True
1947,25-Mar-25,Singapore,Singapore,Other,18-24,1,Influencer,iOS,True
3726,19-Nov-25,Singapore,Singapore,Other,18-24,1,Social,Web,True
4052,04-Jan-25,Singapore,Singapore,Other,18-24,1,Direct,Android,False
4923,12-May-25,Singapore,Singapore,Other,18-24,1,Direct,Android,True
5012,22-Dec-25,Singapore,Singapore,Other,18-24,1,Organic Search,Web,True
5342,06-Jul-25,Singapore,Singapore,Other,18-24,1,Influencer,Android,True
6334,10-Jun-25,Singapore,Singapore,Other,18-24,1,Direct,iOS,True
6538,20-Aug-25,Singapore,Singapore,Other,18-24,1,Paid Search,Android,False
6871,23-Feb-25,Singapore,Singapore,Other,18-24,1,App Store,Android,True
6920,26-Apr-25,Singapore,Singapore,Other,18-24,1,Influencer,Android,True
6949,08-Jul-25,Singapore,Singapore,Other,18-24,1,App Store,Android,False
7007,08-Dec-25,Singapore,Singapore,Other,18-24,1,App Store,Android,True
7893,21-May-25,Singapore,Singapore,Other,18-24,1,Social,Web,True
34,07-Jul-25,Singapore,Singapore,Male,18-24,1,Paid Search,Android,True
205,14-Nov-25,Singapore,Singapore,Male,18-24,1,Email,iOS,True
375,26-Dec-25,Singapore,Singapore,Male,18-24,1,Paid Search,iOS,True
376,23-Jun-25,Singapore,Singapore,Male,18-24,1,Influencer,iOS,True
420,27-Feb-25,Singapore,Singapore,Male,18-24,1,Direct,Android,True
439,16-Dec-25,Singapore,Singapore,Male,18-24,1,Influencer,Web,True
511,11-Aug-25,Singapore,Singapore,Male,18-24,1,Paid Search,Android,True
524,06-Dec-25,Singapore,Singapore,Male,18-24,1,Referral,Android,True
589,05-Aug-25,Singapore,Singapore,Male,18-24,1,Direct,Android,True
777,07-Nov-25,Singapore,Singapore,Male,18-24,1,Social,Android,True
833,04-Dec-25,Singapore,Singapore,Male,18-24,1,Direct,iOS,True
894,12-Dec-25,Singapore,Singapore,Male,18-24,1,Paid Search,Android,True
916,14-Sep-25,Singapore,Singapore,Male,18-24,1,App Store,Android,True
975,24-Aug-25,Singapore,Singapore,Male,18-24,1,Referral,Android,False
1033,13-Aug-25,Singapore,Singapore,Male,18-24,1,Direct,iOS,True
1264,04-Mar-25,Singapore,Singapore,Male,18-24,1,Direct,Android,True
1360,10-Aug-25,Singapore,Singapore,Male,18-24,1,Email,iOS,True
1376,05-Jan-26,Singapore,Singapore,Male,18-24,1,Influencer,iOS,True
1386,03-Sep-25,Singapore,Singapore,Male,18-24,1,Paid Search,iOS,True
1519,18-Jul-25,Singapore,Singapore,Male,18-24,1,Referral,iOS,True
1523,27-Sep-25,Singapore,Singapore,Male,18-24,1,Direct,iOS,True
1587,26-Jun-25,Singapore,Singapore,Male,18-24,1,Influencer,Android,True
1590,11-Jan-26,Singapore,Singapore,Male,18-24,1,Direct,Android,False
1610,10-Dec-25,Singapore,Singapore,Male,18-24,1,Social,iOS,True
1686,31-Mar-25,Singapore,Singapore,Male,18-24,1,Influencer,iOS,True
1719,26-Sep-25,Singapore,Singapore,Male,18-24,1,Email,iOS,True
1739,07-Jun-25,Singapore,Singapore,Male,18-24,1,Email,Android,True
1743,15-Sep-25,Singapore,Singapore,Male,18-24,1,Referral,Android,True
1768,01-Dec-25,Singapore,Singapore,Male,18-24,1,Paid Search,Android,True
1827,23-Dec-25,Singapore,Singapore,Male,18-24,1,Direct,iOS,True
1847,25-May-25,Singapore,Singapore,Male,18-24,1,Email,Android,True
1856,15-Dec-25,Singapore,Singapore,Male,18-24,1,Social,Android,True
1931,26-Dec-25,Singapore,Singapore,Male,18-24,1,Direct,Android,True
2035,21-Dec-25,Singapore,Singapore,Male,18-24,1,Referral,iOS,True
2178,22-May-25,Singapore,Singapore,Male,18-24,1,Social,Android,True
2193,14-Mar-25,Singapore,Singapore,Male,18-24,1,Referral,Android,False
2194,02-Sep-25,Singapore,Singapore,Male,18-24,1,Email,iOS,False
2231,26-Mar-25,Singapore,Singapore,Male,18-24,1,Email,Android,False
2256,27-Apr-25,Singapore,Singapore,Male,18-24,1,Referral,Android,True
2424,27-Oct-25,Singapore,Singapore,Male,18-24,1,Paid Search,Web,False
2538,20-Jan-25,Singapore,Singapore,Male,18-24,1,Direct,iOS,True
2570,17-Sep-25,Singapore,Singapore,Male,18-24,1,Direct,iOS,True
2597,07-Aug-25,Singapore,Singapore,Male,18-24,1,Paid Search,Android,True
2723,09-Jun-25,Singapore,Singapore,Male,18-24,1,Social,Android,True
2772,12-Oct-25,Singapore,Singapore,Male,18-24,1,Email,Web,True
2955,09-Nov-25,Singapore,Singapore,Male,18-24,1,Organic Search,iOS,True
2972,08-Dec-25,Singapore,Singapore,Male,18-24,1,Organic Search,Android,True
3020,11-Dec-25,Singapore,Singapore,Male,18-24,1,App Store,Android,True
3039,26-Jun-25,Singapore,Singapore,Male,18-24,1,Email,iOS,True
3110,25-Sep-25,Singapore,Singapore,Male,18-24,1,Influencer,iOS,True
3124,25-Sep-25,Singapore,Singapore,Male,18-24,1,Organic Search,Android,True
3131,29-Dec-25,Singapore,Singapore,Male,18-24,1,Email,Web,True
3144,02-Oct-25,Singapore,Singapore,Male,18-24,1,Email,iOS,True
3221,16-Feb-25,Singapore,Singapore,Male,18-24,1,Referral,Web,True
3324,04-Feb-25,Singapore,Singapore,Male,18-24,1,Paid Search,Android,True
3418,22-Sep-25,Singapore,Singapore,Male,18-24,1,App Store,Android,True
3474,31-Aug-25,Singapore,Singapore,Male,18-24,1,Social,iOS,True
3527,15-Oct-25,Singapore,Singapore,Male,18-24,1,App Store,Android,True
3625,27-Oct-25,Singapore,Singapore,Male,18-24,1,App Store,Android,True
3949,20-Sep-25,Singapore,Singapore,Male,18-24,1,Social,iOS,True
4112,19-Mar-25,Singapore,Singapore,Male,18-24,1,Influencer,Android,True
4157,28-Feb-25,Singapore,Singapore,Male,18-24,1,Direct,Android,True
4159,20-Dec-25,Singapore,Singapore,Male,18-24,1,Organic Search,iOS,True
4177,29-Mar-25,Singapore,Singapore,Male,18-24,1,Organic Search,Android,True
4212,09-May-25,Singapore,Singapore,Male,18-24,1,App Store,iOS,True
4240,03-Jun-25,Singapore,Singapore,Male,18-24,1,Paid Search,Web,True
4304,26-Apr-25,Singapore,Singapore,Male,18-24,1,Referral,Android,True
4388,06-Apr-25,Singapore,Singapore,Male,18-24,1,App Store,Web,True
4405,02-Sep-25,Singapore,Singapore,Male,18-24,1,Referral,Android,True
4442,02-Dec-25,Singapore,Singapore,Male,18-24,1,App Store,Web,True
4459,09-Nov-25,Singapore,Singapore,Male,18-24,1,Organic Search,Web,True
4490,19-Jan-25,Singapore,Singapore,Male,18-24,1,Direct,Web,True
4611,28-Sep-25,Singapore,Singapore,Male,18-24,1,Email,Web,True
4730,15-Jul-25,Singapore,Singapore,Male,18-24,1,Direct,Web,True
4850,29-Aug-25,Singapore,Singapore,Male,18-24,1,Organic Search,iOS,True
4891,22-Jan-25,Singapore,Singapore,Male,18-24,1,Email,iOS,True
4910,09-Aug-25,Singapore,Singapore,Male,18-24,1,Influencer,iOS,True
5017,10-Jan-26,Singapore,Singapore,Male,18-24,1,Organic Search,Android,True
5077,15-Jun-25,Singapore,Singapore,Male,18-24,1,Organic Search,Android,True
5174,30-Dec-25,Singapore,Singapore,Male,18-24,1,Influencer,Web,True
5324,11-Dec-25,Singapore,Singapore,Male,18-24,1,Referral,Web,True
5455,20-Aug-25,Singapore,Singapore,Male,18-24,1,App Store,Android,True
5493,20-Oct-25,Singapore,Singapore,Male,18-24,1,Social,iOS,False
5640,05-Jul-25,Singapore,Singapore,Male,18-24,1,Referral,Android,False
5670,15-Jun-25,Singapore,Singapore,Male,18-24,1,Organic Search,Android,True
5727,08-May-25,Singapore,Singapore,Male,18-24,1,Referral,Android,True
5802,03-Jan-26,Singapore,Singapore,Male,18-24,1,Influencer,Android,True
5809,28-Mar-25,Singapore,Singapore,Male,18-24,1,Email,iOS,False
5827,30-Jan-25,Singapore,Singapore,Male,18-24,1,Social,Android,True
5910,29-Jun-25,Singapore,Singapore,Male,18-24,1,Paid Search,Web,True
5914,12-Oct-25,Singapore,Singapore,Male,18-24,1,Social,Android,True
5941,09-Aug-25,Singapore,Singapore,Male,18-24,1,Social,Web,True
5960,06-May-25,Singapore,Singapore,Male,18-24,1,Paid Search,Android,True
6050,27-Jul-25,Singapore,Singapore,Male,18-24,1,Email,Android,True
6060,09-Jun-25,Singapore,Singapore,Male,18-24,1,Referral,iOS,False
6074,01-Mar-25,Singapore,Singapore,Male,18-24,1,Direct,Android,True
6238,25-Sep-25,Singapore,Singapore,Male,18-24,1,Social,Android,True
6312,05-Aug-25,Singapore,Singapore,Male,18-24,1,Organic Search,Web,True
6326,29-Jul-25,Singapore,Singapore,Male,18-24,1,Paid Search,iOS,True
6455,29-Apr-25,Singapore,Singapore,Male,18-24,1,Paid Search,Android,True
6572,14-Feb-25,Singapore,Singapore,Male,18-24,1,Influencer,Android,True
6588,14-Jan-26,Singapore,Singapore,Male,18-24,1,Influencer,iOS,False
6692,14-Aug-25,Singapore,Singapore,Male,18-24,1,Influencer,Android,True
6742,03-Oct-25,Singapore,Singapore,Male,18-24,1,Social,Web,True
6755,08-Jan-25,Singapore,Singapore,Male,18-24,1,Referral,Android,True
6865,15-Jun-25,Singapore,Singapore,Male,18-24,1,Direct,iOS,True
7353,09-May-25,Singapore,Singapore,Male,18-24,1,Referral,iOS,True
7395,29-May-25,Singapore,Singapore,Male,18-24,1,Referral,Android,True
7405,31-Oct-25,Singapore,Singapore,Male,18-24,1,Referral,iOS,True
7452,23-Jan-25,Singapore,Singapore,Male,18-24,1,Influencer,Android,True
7576,06-Oct-25,Singapore,Singapore,Male,18-24,1,Paid Search,Web,True
7602,30-Jan-25,Singapore,Singapore,Male,18-24,1,Influencer,Web,True
7764,04-Mar-25,Singapore,Singapore,Male,18-24,1,Organic Search,Web,True
7774,02-Dec-25,Singapore,Singapore,Male,18-24,1,App Store,iOS,True
7924,19-Jan-25,Singapore,Singapore,Male,18-24,1,App Store,Web,True
7935,25-Aug-25,Singapore,Singapore,Male,18-24,1,Organic Search,iOS,False
7978,12-Oct-25,Singapore,Singapore,Male,18-24,1,Paid Search,iOS,True
7985,26-Feb-25,Singapore,Singapore,Male,18-24,1,Influencer,Android,True
247,22-Nov-25,India,Mumbai,Female,45-54,4,App Store,Web,False
301,15-Dec-25,India,Hyderabad,Male,45-54,4,Direct,Web,True
366,13-Sep-25,India,Bengaluru,Male,45-54,4,Social,Web,True
584,30-Sep-25,India,Hyderabad,Female,45-54,4,Organic Search,Web,True
635,23-Jun-25,India,Pune,Female,45-54,4,Organic Search,Web,True
703,20-Jan-25,India,Bengaluru,Female,45-54,4,Email,Web,True
761,26-May-25,India,Delhi,Female,45-54,4,Referral,Web,True
800,03-Feb-25,India,Bengaluru,Female,45-54,4,App Store,Web,True
887,13-Nov-25,India,Kolkata,Male,45-54,4,Influencer,Web,True
1313,19-Nov-25,India,Bengaluru,Other,45-54,4,Direct,Web,False
1388,23-Aug-25,India,Bengaluru,Male,45-54,4,Direct,Web,True
1398,26-May-25,India,Bengaluru,Male,45-54,4,Influencer,Web,True
1421,25-Sep-25,India,Delhi,Female,45-54,4,Organic Search,Web,False
1436,06-Jan-26,India,Chennai,Male,45-54,4,Influencer,Web,True
1541,18-Apr-25,India,Mumbai,Male,45-54,4,Organic Search,Web,True
1716,28-Feb-25,India,Delhi,Female,45-54,4,Email,Web,True
1758,07-Jul-25,India,Hyderabad,Male,45-54,4,Email,Web,False
1824,02-Apr-25,India,Mumbai,Female,45-54,4,App Store,Web,True
1873,15-Nov-25,India,Bengaluru,Female,45-54,4,Social,Web,True
1986,06-Feb-25,India,Bengaluru,Female,45-54,4,Organic Search,Web,True
2067,13-Jun-25,India,Delhi,Female,45-54,4,Organic Search,Web,True
2340,13-Jun-25,India,Chennai,Male,45-54,4,Paid Search,Web,True
2353,09-Jun-25,India,Hyderabad,Female,45-54,4,Direct,Web,False
2411,22-Nov-25,India,Mumbai,Female,45-54,4,App Store,Web,True
2637,11-Jul-25,India,Hyderabad,Female,45-54,4,Direct,Web,True
2888,27-Apr-25,India,Delhi,Male,45-54,4,Influencer,Web,True
2915,16-Feb-25,India,Pune,Female,45-54,4,App Store,Web,False
3058,16-Jun-25,India,Pune,Female,45-54,4,App Store,Web,True
3225,01-Jan-25,India,Kolkata,Male,45-54,4,Organic Search,Web,False
3358,06-Jun-25,India,Mumbai,Other,45-54,4,App Store,Web,True
3522,02-May-25,India,Kolkata,Other,45-54,4,Organic Search,Web,True
3601,18-Mar-25,India,Kolkata,Female,45-54,4,Referral,Web,True
3669,20-Jan-25,India,Chennai,Other,45-54,4,Organic Search,Web,True
3963,15-Aug-25,India,Kolkata,Male,45-54,4,Paid Search,Web,True
4024,06-May-25,India,Mumbai,Other,45-54,4,Influencer,Web,True
4087,16-Feb-25,India,Delhi,Male,45-54,4,App Store,Web,True
4106,04-Oct-25,India,Pune,Male,45-54,4,Paid Search,Web,True
4487,14-Nov-25,India,Delhi,Male,45-54,4,Influencer,Web,True
4537,07-Oct-25,India,Hyderabad,Male,45-54,4,Direct,Web,True
4688,17-Apr-25,India,Kolkata,Male,45-54,4,Influencer,Web,True
4830,17-Feb-25,India,Hyderabad,Male,45-54,4,Social,Web,True
5034,05-Jan-25,India,Chennai,Male,45-54,4,Influencer,Web,True
5092,25-Jan-25,India,Chennai,Male,45-54,4,Organic Search,Web,True
5289,30-Jun-25,India,Bengaluru,Female,45-54,4,Influencer,Web,True
5345,08-Aug-25,India,Hyderabad,Female,45-54,4,Influencer,Web,True
5472,19-Jul-25,India,Hyderabad,Male,45-54,4,Social,Web,False
5649,09-Feb-25,India,Mumbai,Male,45-54,4,App Store,Web,True
5683,29-Aug-25,India,Pune,Male,45-54,4,Paid Search,Web,True
5689,27-Feb-25,India,Kolkata,Male,45-54,4,Social,Web,True
5925,28-May-25,India,Mumbai,Female,45-54,4,App Store,Web,True
6093,30-Nov-25,India,Mumbai,Female,45-54,4,Referral,Web,True
6249,04-Jan-26,India,Pune,Male,45-54,4,Email,Web,False
6311,20-Apr-25,India,Delhi,Other,45-54,4,Referral,Web,True
6356,12-Jan-26,India,Bengaluru,Female,45-54,4,Direct,Web,True
6419,29-Jun-25,India,Bengaluru,Male,45-54,4,Paid Search,Web,True
6457,30-May-25,India,Kolkata,Male,45-54,4,Organic Search,Web,True
6619,25-Apr-25,India,Chennai,Male,45-54,4,Organic Search,Web,True
6639,19-Feb-25,India,Delhi,Female,45-54,4,Organic Search,Web,True
6642,14-May-25,India,Bengaluru,Male,45-54,4,Influencer,Web,True
6766,11-Jan-26,India,Kolkata,Male,45-54,4,Paid Search,Web,True
6974,04-Apr-25,India,Delhi,Male,45-54,4,Referral,Web,True
7253,28-Sep-25,India,Kolkata,Male,45-54,4,Influencer,Web,True
7307,11-Jan-26,India,Kolkata,Male,45-54,4,Email,Web,True
7359,19-Jul-25,India,Delhi,Male,45-54,4,Social,Web,True
7494,04-Dec-25,India,Ahmedabad,Male,45-54,4,Organic Search,Web,True
7661,01-Feb-25,India,Delhi,Male,45-54,4,Referral,Web,True
7827,17-Mar-25,India,Ahmedabad,Female,45-54,4,Direct,Web,True
7923,03-Apr-25,India,Kolkata,Female,45-54,4,App Store,Web,True
7938,19-Apr-25,India,Bengaluru,Female,45-54,4,Email,Web,True
59,02-Jan-26,India,Hyderabad,Other,45-54,4,Referral,iOS,True
190,17-May-25,India,Mumbai,Male,45-54,4,Email,iOS,True
245,04-May-25,India,Kolkata,Male,45-54,4,Referral,iOS,True
263,24-Sep-25,India,Ahmedabad,Female,45-54,4,Direct,iOS,True
484,03-Jun-25,India,Mumbai,Female,45-54,4,Referral,iOS,True
756,05-Jan-25,India,Pune,Female,45-54,4,Influencer,iOS,True
796,24-Jul-25,India,Mumbai,Male,45-54,4,Direct,iOS,True
809,16-Sep-25,India,Delhi,Female,45-54,4,Email,iOS,True
839,15-Jun-25,India,Pune,Female,45-54,4,Referral,iOS,True
852,06-Dec-25,India,Ahmedabad,Female,45-54,4,Direct,iOS,True
854,03-Feb-25,India,Hyderabad,Female,45-54,4,Social,iOS,True
925,25-Feb-25,India,Bengaluru,Male,45-54,4,Referral,iOS,False
958,25-Jan-25,India,Bengaluru,Male,45-54,4,App Store,iOS,True
1086,27-Dec-25,India,Ahmedabad,Female,45-54,4,Organic Search,iOS,True
1233,16-Mar-25,India,Hyderabad,Male,45-54,4,Influencer,iOS,True
1459,05-Feb-25,India,Ahmedabad,Male,45-54,4,Direct,iOS,True
1514,26-Jan-25,India,Delhi,Male,45-54,4,App Store,iOS,True
1516,15-Oct-25,India,Ahmedabad,Female,45-54,4,Organic Search,iOS,False
1540,01-Jun-25,India,Delhi,Female,45-54,4,Referral,iOS,True
1671,17-May-25,India,Mumbai,Male,45-54,4,Paid Search,iOS,True
1718,18-Jun-25,India,Hyderabad,Male,45-54,4,Direct,iOS,True
1833,15-Jan-26,India,Bengaluru,Female,45-54,4,Social,iOS,True
1849,05-Nov-25,India,Hyderabad,Male,45-54,4,Paid Search,iOS,True
1891,28-Oct-25,India,Hyderabad,Female,45-54,4,Paid Search,iOS,True
1920,13-Apr-25,India,Mumbai,Female,45-54,4,Referral,iOS,True
1964,12-Jan-25,India,Delhi,Female,45-54,4,Social,iOS,True
2135,11-Aug-25,India,Bengaluru,Female,45-54,4,Organic Search,iOS,True
2200,12-Apr-25,India,Chennai,Female,45-54,4,Email,iOS,False
2333,19-Jan-25,India,Kolkata,Male,45-54,4,Influencer,iOS,False
2396,10-May-25,India,Bengaluru,Male,45-54,4,Paid Search,iOS,True
2641,10-May-25,India,Pune,Male,45-54,4,Email,iOS,True
2652,22-Jul-25,India,Pune,Male,45-54,4,Referral,iOS,True
2734,02-Jun-25,India,Mumbai,Other,45-54,4,Social,iOS,False
2797,08-May-25,India,Ahmedabad,Female,45-54,4,Influencer,iOS,True
2982,24-Jul-25,India,Bengaluru,Male,45-54,4,Paid Search,iOS,False
3134,09-May-25,India,Bengaluru,Female,45-54,4,Referral,iOS,False
3241,22-May-25,India,Mumbai,Female,45-54,4,App Store,iOS,True
3304,30-Nov-25,India,Chennai,Female,45-54,4,Paid Search,iOS,False
3314,27-Mar-25,India,Chennai,Female,45-54,4,Social,iOS,True
3397,21-May-25,India,Chennai,Male,45-54,4,Direct,iOS,True
3511,07-May-25,India,Bengaluru,Other,45-54,4,Direct,iOS,True
3780,07-Jul-25,India,Pune,Male,45-54,4,Referral,iOS,True
3782,17-Oct-25,India,Chennai,Male,45-54,4,Organic Search,iOS,True
3843,10-Jul-25,India,Kolkata,Female,45-54,4,App Store,iOS,True
4027,27-Jul-25,India,Chennai,Male,45-54,4,Email,iOS,True
4222,09-Apr-25,India,Bengaluru,Male,45-54,4,Social,iOS,True
4498,25-Mar-25,India,Pune,Female,45-54,4,Referral,iOS,True
4535,02-Jan-25,India,Kolkata,Male,45-54,4,App Store,iOS,True
4619,12-Feb-25,India,Pune,Male,45-54,4,Referral,iOS,True
4817,17-May-25,India,Kolkata,Female,45-54,4,Social,iOS,True
4836,10-Dec-25,India,Ahmedabad,Male,45-54,4,Email,iOS,True
4847,13-Apr-25,India,Kolkata,Male,45-54,4,Email,iOS,True
4851,03-Mar-25,India,Pune,Male,45-54,4,Social,iOS,True
4953,11-Jul-25,India,Chennai,Male,45-54,4,Social,iOS,True
4992,06-Jan-26,India,Chennai,Male,45-54,4,App Store,iOS,True
5022,23-Jul-25,India,Mumbai,Male,45-54,4,Influencer,iOS,False
5028,22-Jan-25,India,Ahmedabad,Female,45-54,4,Direct,iOS,True
5030,16-Jan-26,India,Mumbai,Female,45-54,4,Influencer,iOS,True
5048,18-Aug-25,India,Hyderabad,Other,45-54,4,Direct,iOS,True
5101,02-Jun-25,India,Mumbai,Female,45-54,4,Referral,iOS,True
5104,30-Jul-25,India,Delhi,Male,45-54,4,App Store,iOS,False
5140,23-Nov-25,India,Kolkata,Male,45-54,4,App Store,iOS,True
5188,07-Jan-25,India,Kolkata,Female,45-54,4,Referral,iOS,False
5377,11-Sep-25,India,Ahmedabad,Female,45-54,4,Referral,iOS,True
5482,14-Apr-25,India,Chennai,Female,45-54,4,Organic Search,iOS,True
5594,29-May-25,India,Delhi,Female,45-54,4,Organic Search,iOS,True
5705,10-Jan-26,India,Mumbai,Female,45-54,4,Social,iOS,True
5728,03-Jan-26,India,Mumbai,Female,45-54,4,Organic Search,iOS,True
5772,02-May-25,India,Pune,Male,45-54,4,Organic Search,iOS,True
5794,06-Apr-25,India,Mumbai,Female,45-54,4,Influencer,iOS,True
5797,02-Aug-25,India,Bengaluru,Other,45-54,4,Social,iOS,True
5887,12-Jan-25,India,Kolkata,Female,45-54,4,App Store,iOS,True
5898,31-Mar-25,India,Bengaluru,Male,45-54,4,Influencer,iOS,True
5902,28-Apr-25,India,Pune,Female,45-54,4,Social,iOS,True
5904,24-Jun-25,India,Bengaluru,Other,45-54,4,Paid Search,iOS,False
5923,07-Nov-25,India,Bengaluru,Female,45-54,4,Referral,iOS,True
6058,02-Dec-25,India,Hyderabad,Male,45-54,4,Paid Search,iOS,True
6080,26-Feb-25,India,Ahmedabad,Male,45-54,4,Email,iOS,False
6091,07-Oct-25,India,Hyderabad,Male,45-54,4,Referral,iOS,True
6099,10-Nov-25,India,Delhi,Male,45-54,4,Paid Search,iOS,True
6225,19-Jul-25,India,Ahmedabad,Male,45-54,4,Direct,iOS,True
6367,08-Feb-25,India,Mumbai,Male,45-54,4,Direct,iOS,True
6441,21-Jun-25,India,Chennai,Other,45-54,4,App Store,iOS,True
6527,11-Oct-25,India,Delhi,Male,45-54,4,Email,iOS,True
6653,28-Oct-25,India,Hyderabad,Female,45-54,4,Email,iOS,True
6657,28-May-25,India,Mumbai,Female,45-54,4,Paid Search,iOS,True
6847,10-Jan-25,India,Kolkata,Female,45-54,4,Direct,iOS,False
6855,03-Dec-25,India,Delhi,Female,45-54,4,App Store,iOS,True
6873,25-Dec-25,India,Bengaluru,Male,45-54,4,Referral,iOS,True
6922,03-Jan-26,India,Pune,Female,45-54,4,Paid Search,iOS,True
7035,07-Jul-25,India,Bengaluru,Male,45-54,4,Social,iOS,True
7160,30-May-25,India,Hyderabad,Other,45-54,4,App Store,iOS,True
7228,28-Jul-25,India,Pune,Male,45-54,4,Social,iOS,True
7513,04-May-25,India,Pune,Female,45-54,4,Influencer,iOS,True
7515,16-Aug-25,India,Mumbai,Male,45-54,4,Email,iOS,True
7629,03-Feb-25,India,Ahmedabad,Female,45-54,4,Email,iOS,True
7636,13-Jan-25,India,Mumbai,Female,45-54,4,Email,iOS,True
7708,13-Sep-25,India,Chennai,Male,45-54,4,Paid Search,iOS,False
7738,11-Apr-25,India,Chennai,Female,45-54,4,Organic Search,iOS,True
7779,22-Aug-25,India,Delhi,Female,45-54,4,Social,iOS,True
74,11-Jun-25,India,Kolkata,Other,45-54,4,Email,Android,True
815,10-Aug-25,India,Kolkata,Other,45-54,4,Influencer,Android,True
1285,19-Mar-25,India,Kolkata,Other,45-54,4,Paid Search,Android,True
3015,11-May-25,India,Kolkata,Other,45-54,4,Email,Android,True
3093,04-Jan-26,India,Delhi,Other,45-54,4,Organic Search,Android,True
3384,16-May-25,India,Pune,Other,45-54,4,Referral,Android,True
3492,25-Mar-25,India,Chennai,Other,45-54,4,Email,Android,False
4581,08-Apr-25,India,Bengaluru,Other,45-54,4,App Store,Android,True
4759,01-Aug-25,India,Bengaluru,Other,45-54,4,Direct,Android,True
4784,04-Sep-25,India,Hyderabad,Other,45-54,4,Organic Search,Android,True
6442,18-Jan-26,India,Pune,Other,45-54,4,Organic Search,Android,True
6804,14-Jul-25,India,Bengaluru,Other,45-54,4,App Store,Android,True
7093,04-Jul-25,India,Hyderabad,Other,45-54,4,Organic Search,Android,True
7575,27-Nov-25,India,Ahmedabad,Other,45-54,4,Email,Android,True
7632,26-Feb-25,India,Delhi,Other,45-54,4,Organic Search,Android,True
7814,15-Jan-26,India,Chennai,Other,45-54,4,App Store,Android,True
92,09-Sep-25,India,Mumbai,Female,45-54,4,Email,Android,True
257,04-Nov-25,India,Hyderabad,Female,45-54,4,Referral,Android,True
270,12-Dec-25,India,Bengaluru,Female,45-54,4,App Store,Android,True
283,27-May-25,India,Mumbai,Female,45-54,4,Paid Search,Android,True
316,08-May-25,India,Mumbai,Female,45-54,4,Social,Android,True
351,09-Apr-25,India,Mumbai,Female,45-54,4,Paid Search,Android,True
418,30-May-25,India,Bengaluru,Female,45-54,4,Social,Android,True
530,28-Jun-25,India,Delhi,Female,45-54,4,Referral,Android,False
609,14-Jan-26,India,Pune,Female,45-54,4,Email,Android,False
1131,16-Oct-25,India,Mumbai,Female,45-54,4,Social,Android,True
1259,27-Dec-25,India,Delhi,Female,45-54,4,Referral,Android,True
1657,15-Aug-25,India,Kolkata,Female,45-54,4,Direct,Android,True
1767,01-Mar-25,India,Delhi,Female,45-54,4,Referral,Android,True
1894,12-Apr-25,India,Hyderabad,Female,45-54,4,Referral,Android,True
2109,20-Jan-25,India,Hyderabad,Female,45-54,4,Organic Search,Android,True
2210,10-Dec-25,India,Kolkata,Female,45-54,4,Organic Search,Android,True
2272,27-Jan-25,India,Bengaluru,Female,45-54,4,Direct,Android,True
2389,19-Dec-25,India,Chennai,Female,45-54,4,Referral,Android,True
2428,30-Oct-25,India,Ahmedabad,Female,45-54,4,Social,Android,True
2457,15-Oct-25,India,Chennai,Female,45-54,4,Referral,Android,True
2532,08-May-25,India,Mumbai,Female,45-54,4,Social,Android,True
2677,10-Nov-25,India,Kolkata,Female,45-54,4,App Store,Android,True
2768,23-Aug-25,India,Ahmedabad,Female,45-54,4,Email,Android,True
2808,03-Jan-25,India,Kolkata,Female,45-54,4,Organic Search,Android,True
2870,11-Jan-26,India,Hyderabad,Female,45-54,4,Social,Android,True
2908,10-Jun-25,India,Mumbai,Female,45-54,4,Social,Android,True
3099,11-Feb-25,India,Kolkata,Female,45-54,4,App Store,Android,True
3163,04-Sep-25,India,Ahmedabad,Female,45-54,4,Paid Search,Android,False
3286,04-May-25,India,Ahmedabad,Female,45-54,4,Paid Search,Android,True
3303,15-Aug-25,India,Bengaluru,Female,45-54,4,Influencer,Android,True
3477,15-Sep-25,India,Bengaluru,Female,45-54,4,Paid Search,Android,True
3518,26-May-25,India,Ahmedabad,Female,45-54,4,App Store,Android,True
3556,06-May-25,India,Chennai,Female,45-54,4,Influencer,Android,True
3664,03-Sep-25,India,Ahmedabad,Female,45-54,4,Email,Android,True
3707,03-Dec-25,India,Mumbai,Female,45-54,4,Referral,Android,True
3708,04-Jan-26,India,Mumbai,Female,45-54,4,Referral,Android,True
3807,24-Feb-25,India,Ahmedabad,Female,45-54,4,Social,Android,True
4036,21-Sep-25,India,Pune,Female,45-54,4,Paid Search,Android,True
4315,07-Jul-25,India,Chennai,Female,45-54,4,Organic Search,Android,True
4597,15-Oct-25,India,Delhi,Female,45-54,4,Influencer,Android,True
4706,06-Nov-25,India,Delhi,Female,45-54,4,Email,Android,True
4793,16-Oct-25,India,Chennai,Female,45-54,4,Influencer,Android,False
4831,02-Sep-25,India,Delhi,Female,45-54,4,Organic Search,Android,True
5031,06-Apr-25,India,Pune,Female,45-54,4,Referral,Android,True
5064,31-Dec-25,India,Delhi,Female,45-54,4,Referral,Android,True
5126,24-Feb-25,India,Kolkata,Female,45-54,4,Paid Search,Android,True
5328,03-Dec-25,India,Chennai,Female,45-54,4,Social,Android,True
5789,14-Jan-26,India,Kolkata,Female,45-54,4,Referral,Android,True
6150,19-Dec-25,India,Bengaluru,Female,45-54,4,Social,Android,True
6304,14-Dec-25,India,Chennai,Female,45-54,4,Direct,Android,False
6389,31-Mar-25,India,Bengaluru,Female,45-54,4,Email,Android,False
6428,05-Jul-25,India,Hyderabad,Female,45-54,4,Social,Android,True
6483,06-Dec-25,India,Ahmedabad,Female,45-54,4,App Store,Android,True
6537,17-May-25,India,Pune,Female,45-54,4,App Store,Android,False
6615,26-Mar-25,India,Bengaluru,Female,45-54,4,App Store,Android,True
6763,09-Apr-25,India,Bengaluru,Female,45-54,4,App Store,Android,True
6861,25-Apr-25,India,Kolkata,Female,45-54,4,Email,Android,True
6910,06-Jul-25,India,Chennai,Female,45-54,4,Direct,Android,True
7008,16-Nov-25,India,Hyderabad,Female,45-54,4,Referral,Android,True
7100,06-May-25,India,Bengaluru,Female,45-54,4,Direct,Android,True
7207,03-Jan-25,India,Mumbai,Female,45-54,4,Direct,Android,True
7288,29-May-25,India,Hyderabad,Female,45-54,4,Referral,Android,True
7337,18-Feb-25,India,Hyderabad,Female,45-54,4,Direct,Android,False
7338,24-Feb-25,India,Delhi,Female,45-54,4,Paid Search,Android,True
7343,22-Dec-25,India,Delhi,Female,45-54,4,App Store,Android,False
7662,28-Sep-25,India,Pune,Female,45-54,4,App Store,Android,True
7754,02-Dec-25,India,Mumbai,Female,45-54,4,Organic Search,Android,True
7820,02-Aug-25,India,Pune,Female,45-54,4,Paid Search,Android,True
69,17-Sep-25,India,Delhi,Male,45-54,4,Referral,Android,False
271,22-Apr-25,India,Hyderabad,Male,45-54,4,Social,Android,True
441,21-Dec-25,India,Mumbai,Male,45-54,4,Referral,Android,False
569,06-Apr-25,India,Mumbai,Male,45-54,4,Paid Search,Android,True
644,14-Jun-25,India,Chennai,Male,45-54,4,Paid Search,Android,True
661,16-Jun-25,India,Ahmedabad,Male,45-54,4,Influencer,Android,True
789,25-May-25,India,Ahmedabad,Male,45-54,4,Influencer,Android,True
837,04-Nov-25,India,Kolkata,Male,45-54,4,Paid Search,Android,True
995,16-Dec-25,India,Ahmedabad,Male,45-54,4,Paid Search,Android,True
1126,28-Jun-25,India,Pune,Male,45-54,4,Influencer,Android,False
1129,21-Apr-25,India,Ahmedabad,Male,45-54,4,Direct,Android,True
1163,10-May-25,India,Kolkata,Male,45-54,4,App Store,Android,True
1241,28-Jun-25,India,Chennai,Male,45-54,4,Paid Search,Android,True
1263,08-Dec-25,India,Bengaluru,Male,45-54,4,Referral,Android,True
1470,23-Oct-25,India,Pune,Male,45-54,4,Paid Search,Android,False
1478,08-Feb-25,India,Mumbai,Male,45-54,4,Direct,Android,True
1482,18-Apr-25,India,Bengaluru,Male,45-54,4,Paid Search,Android,True
1708,19-Sep-25,India,Kolkata,Male,45-54,4,App Store,Android,True
1741,23-Mar-25,India,Ahmedabad,Male,45-54,4,Paid Search,Android,False
1802,26-Jan-25,India,Chennai,Male,45-54,4,Organic Search,Android,True
1812,16-Mar-25,India,Pune,Male,45-54,4,Organic Search,Android,True
1831,14-Sep-25,India,Ahmedabad,Male,45-54,4,Influencer,Android,True
1924,31-Mar-25,India,Chennai,Male,45-54,4,Paid Search,Android,True
2013,06-Apr-25,India,Pune,Male,45-54,4,Referral,Android,True
2058,22-Nov-25,India,Delhi,Male,45-54,4,Social,Android,True
2202,12-Apr-25,India,Mumbai,Male,45-54,4,Organic Search,Android,False
2203,19-Jan-25,India,Bengaluru,Male,45-54,4,Referral,Android,True
2403,19-Jul-25,India,Chennai,Male,45-54,4,Email,Android,True
2685,18-Sep-25,India,Ahmedabad,Male,45-54,4,Referral,Android,True
2689,16-Nov-25,India,Bengaluru,Male,45-54,4,Direct,Android,True
2827,28-Jul-25,India,Chennai,Male,45-54,4,App Store,Android,True
2986,28-Oct-25,India,Mumbai,Male,45-54,4,Referral,Android,True
3004,23-May-25,India,Delhi,Male,45-54,4,Referral,Android,False
3076,01-Jan-26,India,Delhi,Male,45-54,4,Email,Android,False
3484,29-Jul-25,India,Kolkata,Male,45-54,4,Direct,Android,True
3505,07-Nov-25,India,Pune,Male,45-54,4,Influencer,Android,True
3507,23-Dec-25,India,Pune,Male,45-54,4,Social,Android,True
3516,04-Oct-25,India,Bengaluru,Male,45-54,4,Email,Android,False
3604,19-Apr-25,India,Ahmedabad,Male,45-54,4,Paid Search,Android,True
3673,17-Jan-25,India,Chennai,Male,45-54,4,Direct,Android,True
3681,18-Dec-25,India,Pune,Male,45-54,4,App Store,Android,True
3801,21-Apr-25,India,Chennai,Male,45-54,4,Social,Android,False
4034,09-Jun-25,India,Delhi,Male,45-54,4,Email,Android,True
4369,20-Nov-25,India,Bengaluru,Male,45-54,4,Direct,Android,True
4384,29-Mar-25,India,Pune,Male,45-54,4,Direct,Android,True
4523,14-Nov-25,India,Delhi,Male,45-54,4,App Store,Android,True
4572,05-Nov-25,India,Chennai,Male,45-54,4,App Store,Android,True
4658,17-Nov-25,India,Bengaluru,Male,45-54,4,Paid Search,Android,True
4865,05-Jun-25,India,Chennai,Male,45-54,4,Organic Search,Android,False
5120,15-Jun-25,India,Pune,Male,45-54,4,Organic Search,Android,True
5191,04-Jun-25,India,Hyderabad,Male,45-54,4,Email,Android,False
5363,13-Sep-25,India,Chennai,Male,45-54,4,Influencer,Android,True
5913,20-Oct-25,India,Chennai,Male,45-54,4,Email,Android,True
5919,21-Jan-25,India,Chennai,Male,45-54,4,Social,Android,True
6023,14-Jul-25,India,Pune,Male,45-54,4,App Store,Android,True
6056,10-Oct-25,India,Ahmedabad,Male,45-54,4,Direct,Android,False
6298,19-Dec-25,India,Kolkata,Male,45-54,4,Organic Search,Android,True
6308,03-Apr-25,India,Delhi,Male,45-54,4,Referral,Android,True
6473,04-Feb-25,India,Pune,Male,45-54,4,Paid Search,Android,True
6489,09-Dec-25,India,Bengaluru,Male,45-54,4,Social,Android,False
6591,06-May-25,India,Mumbai,Male,45-54,4,Referral,Android,True
6629,09-Nov-25,India,Ahmedabad,Male,45-54,4,Referral,Android,True
6647,09-Nov-25,India,Mumbai,Male,45-54,4,Direct,Android,True
6830,30-Jan-25,India,Ahmedabad,Male,45-54,4,Email,Android,False
6854,06-May-25,India,Kolkata,Male,45-54,4,Influencer,Android,True
6941,04-Sep-25,India,Pune,Male,45-54,4,Email,Android,True
6952,07-Jan-26,India,Pune,Male,45-54,4,Paid Search,Android,True
7140,06-Jul-25,India,Mumbai,Male,45-54,4,Influencer,Android,True
7222,12-Mar-25,India,Ahmedabad,Male,45-54,4,Influencer,Android,True
7263,15-Jun-25,India,Pune,Male,45-54,4,App Store,Android,True
7419,05-Dec-25,India,Pune,Male,45-54,4,Paid Search,Android,True
7482,11-Aug-25,India,Kolkata,Male,45-54,4,Influencer,Android,False
7561,08-Aug-25,India,Bengaluru,Male,45-54,4,Paid Search,Android,True
7601,16-Jan-26,India,Mumbai,Male,45-54,4,Influencer,Android,True
7718,09-Apr-25,India,Pune,Male,45-54,4,Organic Search,Android,True
7944,08-Jan-26,India,Chennai,Male,45-54,4,Influencer,Android,True
31,18-Feb-25,India,Mumbai,Male,55+,5,Referral,iOS,True
41,01-Sep-25,India,Kolkata,Female,55+,5,Social,Web,True
47,25-Nov-25,India,Hyderabad,Male,55+,5,Direct,iOS,True
49,01-Oct-25,India,Delhi,Female,55+,5,Paid Search,iOS,True
70,06-Nov-25,India,Mumbai,Female,55+,5,Organic Search,iOS,True
114,10-Feb-25,India,Mumbai,Female,55+,5,Paid Search,Android,True
135,06-Aug-25,India,Ahmedabad,Male,55+,5,Direct,Android,True
260,04-Dec-25,India,Ahmedabad,Male,55+,5,Paid Search,Web,True
311,16-Oct-25,India,Delhi,Female,55+,5,Social,Web,True
318,25-Jun-25,India,Bengaluru,Female,55+,5,Direct,Android,True
338,31-Oct-25,India,Delhi,Female,55+,5,Paid Search,iOS,True
343,18-Feb-25,India,Kolkata,Female,55+,5,App Store,Android,True
396,12-Nov-25,India,Mumbai,Male,55+,5,Email,Android,True
473,30-Mar-25,India,Delhi,Male,55+,5,Paid Search,Android,True
550,03-Apr-25,India,Ahmedabad,Female,55+,5,Direct,Android,True
558,11-Jan-26,India,Ahmedabad,Male,55+,5,Paid Search,Web,True
573,12-Aug-25,India,Bengaluru,Female,55+,5,App Store,Web,True
700,13-Jun-25,India,Pune,Female,55+,5,App Store,iOS,True
726,31-Mar-25,India,Mumbai,Female,55+,5,Organic Search,Android,True
736,11-Jul-25,India,Hyderabad,Other,55+,5,Direct,Web,False
742,15-Feb-25,India,Chennai,Female,55+,5,App Store,iOS,False
763,27-Aug-25,India,Mumbai,Female,55+,5,Organic Search,iOS,True
812,25-Sep-25,India,Ahmedabad,Female,55+,5,Referral,Android,True
823,07-Dec-25,India,Delhi,Male,55+,5,Influencer,Web,True
869,09-Jan-26,India,Mumbai,Female,55+,5,Social,Web,True
877,04-Jun-25,India,Pune,Female,55+,5,Organic Search,Android,True
890,01-Jan-25,India,Hyderabad,Male,55+,5,Organic Search,iOS,True
952,08-Feb-25,India,Ahmedabad,Female,55+,5,App Store,Web,True
957,27-Oct-25,India,Hyderabad,Other,55+,5,Email,Android,True
965,21-Aug-25,India,Chennai,Male,55+,5,Influencer,Android,True
968,21-Apr-25,India,Kolkata,Female,55+,5,Email,Android,True
973,21-Sep-25,India,Delhi,Male,55+,5,Email,iOS,True
1128,15-Jan-25,India,Mumbai,Female,55+,5,Referral,Android,False
1171,10-Mar-25,India,Kolkata,Female,55+,5,Organic Search,iOS,True
1242,01-Jul-25,India,Delhi,Other,55+,5,Referral,iOS,False
1248,10-Jun-25,India,Mumbai,Female,55+,5,Social,iOS,True
1272,03-Aug-25,India,Bengaluru,Male,55+,5,Email,iOS,False
1282,19-Jan-25,India,Mumbai,Male,55+,5,Email,iOS,False
1284,14-Sep-25,India,Chennai,Female,55+,5,App Store,Android,True
1338,20-Sep-25,India,Chennai,Male,55+,5,Referral,Android,True
1339,10-Jun-25,India,Kolkata,Female,55+,5,Email,Web,True
1346,12-Oct-25,India,Bengaluru,Male,55+,5,Social,iOS,True
1361,14-Aug-25,India,Kolkata,Female,55+,5,Organic Search,iOS,True
1380,09-Jan-25,India,Chennai,Female,55+,5,Social,Android,True
1411,27-Apr-25,India,Chennai,Female,55+,5,Paid Search,Android,False
1440,24-Sep-25,India,Pune,Male,55+,5,Social,iOS,True
1528,06-Jan-26,India,Pune,Female,55+,5,Referral,Web,False
1529,25-Jun-25,India,Pune,Male,55+,5,Social,Android,True
1641,03-Aug-25,India,Pune,Female,55+,5,App Store,Web,True
1692,24-Apr-25,India,Bengaluru,Male,55+,5,Social,Web,True
1696,14-Nov-25,India,Ahmedabad,Female,55+,5,Referral,iOS,False
1725,22-Dec-25,India,Mumbai,Male,55+,5,Direct,iOS,True
1860,13-Jan-26,India,Hyderabad,Female,55+,5,Paid Search,iOS,True
1919,03-Jun-25,India,Ahmedabad,Male,55+,5,Paid Search,iOS,True
1922,15-Jun-25,India,Hyderabad,Female,55+,5,Social,Web,True
2022,22-Oct-25,India,Chennai,Other,55+,5,Social,iOS,True
2040,28-Mar-25,India,Bengaluru,Female,55+,5,Organic Search,iOS,True
2070,14-Oct-25,India,Ahmedabad,Male,55+,5,App Store,iOS,True
2086,01-Jan-25,India,Mumbai,Male,55+,5,Social,iOS,True
2123,03-Oct-25,India,Chennai,Male,55+,5,App Store,Android,True
2130,05-Aug-25,India,Hyderabad,Male,55+,5,App Store,Android,False
2140,31-May-25,India,Chennai,Male,55+,5,Social,iOS,False
2172,11-Dec-25,India,Hyderabad,Female,55+,5,Social,Web,True
2227,20-Apr-25,India,Mumbai,Male,55+,5,Social,iOS,True
2237,03-Jun-25,India,Kolkata,Male,55+,5,Influencer,Android,True
2278,24-May-25,India,Hyderabad,Male,55+,5,Organic Search,Web,True
2365,19-Nov-25,India,Hyderabad,Other,55+,5,Email,iOS,True
2394,18-Feb-25,India,Mumbai,Female,55+,5,Email,Android,True
2419,20-Dec-25,India,Kolkata,Male,55+,5,App Store,Android,True
2426,29-Nov-25,India,Kolkata,Female,55+,5,Organic Search,Web,True
2470,15-Sep-25,India,Bengaluru,Male,55+,5,Paid Search,iOS,True
2477,15-Jul-25,India,Hyderabad,Male,55+,5,Organic Search,Android,True
2492,07-Jun-25,India,Ahmedabad,Male,55+,5,Direct,iOS,True
2526,25-Jan-25,India,Ahmedabad,Male,55+,5,Organic Search,Web,True
2577,04-Nov-25,India,Delhi,Male,55+,5,Paid Search,Web,True
2590,02-Apr-25,India,Ahmedabad,Male,55+,5,Referral,Android,True
2595,02-Jul-25,India,Kolkata,Male,55+,5,Social,Android,True
2748,10-Aug-25,India,Delhi,Female,55+,5,Paid Search,Android,True
2763,12-Aug-25,India,Delhi,Male,55+,5,Social,Android,True
2767,30-May-25,India,Mumbai,Female,55+,5,Referral,Web,True
2776,01-Aug-25,India,Hyderabad,Male,55+,5,Direct,Android,True
2803,24-May-25,India,Chennai,Male,55+,5,Paid Search,Android,True
2867,02-Dec-25,India,Pune,Male,55+,5,Organic Search,iOS,True
2907,28-Oct-25,India,Mumbai,Female,55+,5,Organic Search,Web,True
2933,03-Dec-25,India,Hyderabad,Female,55+,5,Direct,iOS,False
3043,08-Apr-25,India,Pune,Male,55+,5,Paid Search,iOS,True
3130,24-Apr-25,India,Pune,Female,55+,5,Direct,Android,True
3138,25-Jun-25,India,Kolkata,Male,55+,5,Referral,Web,True
3179,14-May-25,India,Hyderabad,Male,55+,5,Direct,Android,True
3256,15-Feb-25,India,Hyderabad,Female,55+,5,Email,Android,True
3270,27-Sep-25,India,Hyderabad,Male,55+,5,Influencer,Android,True
3271,03-Jun-25,India,Mumbai,Male,55+,5,Paid Search,iOS,True
3277,02-Oct-25,India,Kolkata,Female,55+,5,Social,Web,True
3375,19-Sep-25,India,Bengaluru,Female,55+,5,Referral,iOS,True
3426,03-Nov-25,India,Chennai,Female,55+,5,Social,Android,True
3436,15-Feb-25,India,Mumbai,Other,55+,5,App Store,Android,False
3499,23-Oct-25,India,Chennai,Male,55+,5,Organic Search,Android,True
3572,08-Mar-25,India,Mumbai,Female,55+,5,Email,Android,True
3591,04-May-25,India,Hyderabad,Male,55+,5,Social,Web,True
3646,07-Dec-25,India,Ahmedabad,Female,55+,5,Referral,Android,True
3761,07-Jul-25,India,Delhi,Male,55+,5,Organic Search,Web,True
3800,03-Jul-25,India,Delhi,Male,55+,5,Paid Search,iOS,True
3880,17-Apr-25,India,Kolkata,Male,55+,5,Social,Android,True
3885,04-Dec-25,India,Delhi,Female,55+,5,Direct,Web,True
3893,28-Jun-25,India,Hyderabad,Female,55+,5,App Store,Android,True
3904,11-Apr-25,India,Ahmedabad,Male,55+,5,Organic Search,iOS,True
3985,21-Apr-25,India,Pune,Female,55+,5,Organic Search,iOS,True
4041,28-Feb-25,India,Bengaluru,Male,55+,5,Direct,Web,True
4054,14-Apr-25,India,Kolkata,Female,55+,5,Social,iOS,True
4107,15-Feb-25,India,Delhi,Male,55+,5,Email,Android,True
4127,29-Nov-25,India,Hyderabad,Male,55+,5,Direct,iOS,True
4148,19-Jan-25,India,Pune,Female,55+,5,Organic Search,Web,True
4249,13-Jan-26,India,Bengaluru,Female,55+,5,Social,Web,True
4277,30-Aug-25,India,Delhi,Male,55+,5,Influencer,Android,True
4301,17-Oct-25,India,Mumbai,Male,55+,5,App Store,Web,True
4329,30-Oct-25,India,Kolkata,Female,55+,5,Paid Search,iOS,True
4340,25-Jan-25,India,Chennai,Male,55+,5,Referral,Web,True
4341,22-Apr-25,India,Pune,Female,55+,5,Referral,Web,True
4420,01-Feb-25,India,Hyderabad,Male,55+,5,Paid Search,Android,False
4465,29-Sep-25,India,Delhi,Female,55+,5,Email,iOS,True
4470,04-May-25,India,Delhi,Male,55+,5,Paid Search,iOS,True
4561,18-Dec-25,India,Bengaluru,Male,55+,5,Influencer,Web,False
4562,17-Feb-25,India,Delhi,Female,55+,5,Paid Search,Android,True
4644,16-Jan-25,India,Delhi,Female,55+,5,Organic Search,Android,True
4646,04-Apr-25,India,Bengaluru,Male,55+,5,Email,iOS,True
4669,04-Jan-26,India,Ahmedabad,Male,55+,5,Organic Search,iOS,True
4675,04-Dec-25,India,Bengaluru,Male,55+,5,Social,Web,True
4826,03-Sep-25,India,Mumbai,Female,55+,5,Organic Search,iOS,True
4867,30-Apr-25,India,Mumbai,Other,55+,5,Email,Web,True
4896,26-Dec-25,India,Ahmedabad,Male,55+,5,Influencer,Android,True
4926,27-Nov-25,India,Ahmedabad,Male,55+,5,Email,Android,False
4930,13-Dec-25,India,Bengaluru,Male,55+,5,Direct,Android,True
4945,23-Dec-25,India,Bengaluru,Female,55+,5,App Store,Android,True
4947,14-Nov-25,India,Mumbai,Male,55+,5,Social,iOS,True
5056,25-Jun-25,India,Hyderabad,Male,55+,5,Influencer,Web,True
5059,20-May-25,India,Ahmedabad,Male,55+,5,Social,Web,False
5137,05-Dec-25,India,Mumbai,Male,55+,5,Direct,iOS,True
5138,17-Nov-25,India,Bengaluru,Male,55+,5,App Store,Android,True
5213,19-Aug-25,India,Ahmedabad,Female,55+,5,Email,Android,True
5221,11-Jan-25,India,Bengaluru,Male,55+,5,Influencer,Android,True
5249,18-May-25,India,Bengaluru,Female,55+,5,Organic Search,Android,True
5293,05-Oct-25,India,Delhi,Male,55+,5,Email,Android,True
5294,30-Mar-25,India,Ahmedabad,Female,55+,5,Direct,iOS,True
5307,06-Aug-25,India,Ahmedabad,Male,55+,5,Social,iOS,True
5339,08-Oct-25,India,Ahmedabad,Female,55+,5,Influencer,Web,True
5347,10-Aug-25,India,Bengaluru,Male,55+,5,Influencer,Android,True
5370,12-Sep-25,India,Ahmedabad,Female,55+,5,Social,Android,True
5434,04-Nov-25,India,Ahmedabad,Male,55+,5,Email,Android,True
5477,10-Dec-25,India,Ahmedabad,Male,55+,5,Paid Search,Web,True
5570,13-Jan-26,India,Ahmedabad,Female,55+,5,Paid Search,Android,True
5576,21-Oct-25,India,Mumbai,Male,55+,5,Email,iOS,True
5580,01-Jan-26,India,Hyderabad,Female,55+,5,Direct,Android,False
5612,30-Jun-25,India,Hyderabad,Female,55+,5,Direct,iOS,True
5654,10-Jul-25,India,Bengaluru,Male,55+,5,Paid Search,Web,True
5659,15-Jun-25,India,Mumbai,Male,55+,5,Social,iOS,True
5698,30-Aug-25,India,Mumbai,Male,55+,5,Influencer,iOS,True
5721,06-Mar-25,India,Hyderabad,Male,55+,5,Influencer,Android,True
5775,03-Apr-25,India,Ahmedabad,Male,55+,5,Direct,iOS,True
5820,05-May-25,India,Pune,Female,55+,5,Influencer,Web,True
5888,21-May-25,India,Bengaluru,Female,55+,5,Social,Android,True
5955,15-Oct-25,India,Mumbai,Male,55+,5,Direct,Android,True
5959,09-Dec-25,India,Mumbai,Female,55+,5,Paid Search,Android,True
5980,05-Apr-25,India,Hyderabad,Female,55+,5,Paid Search,Web,True
5999,10-Jan-26,India,Pune,Male,55+,5,Paid Search,iOS,False
6014,16-Apr-25,India,Pune,Male,55+,5,Influencer,Android,True
6040,23-Sep-25,India,Pune,Female,55+,5,Referral,Android,True
6041,25-Oct-25,India,Mumbai,Female,55+,5,Influencer,iOS,True
6096,04-Aug-25,India,Chennai,Male,55+,5,App Store,Android,True
6137,13-Feb-25,India,Pune,Other,55+,5,Paid Search,Android,True
6159,08-Sep-25,India,Delhi,Female,55+,5,Social,Web,True
6169,07-Aug-25,India,Pune,Female,55+,5,Organic Search,iOS,False
6186,12-Jul-25,India,Pune,Male,55+,5,Direct,Android,False
6208,14-Mar-25,India,Mumbai,Female,55+,5,Organic Search,Android,True
6245,08-Apr-25,India,Kolkata,Male,55+,5,Email,Android,True
6280,28-Apr-25,India,Mumbai,Female,55+,5,Social,iOS,True
6287,11-Jan-25,India,Hyderabad,Male,55+,5,Organic Search,Android,True
6302,04-Feb-25,India,Bengaluru,Female,55+,5,Influencer,iOS,True
6322,05-Aug-25,India,Mumbai,Female,55+,5,Referral,iOS,True
6360,21-Dec-25,India,Chennai,Male,55+,5,Email,Web,True
6373,05-Oct-25,India,Hyderabad,Male,55+,5,Paid Search,Android,True
6375,07-Mar-25,India,Chennai,Male,55+,5,Social,iOS,True
6395,27-Mar-25,India,Bengaluru,Male,55+,5,Referral,Android,True
6398,05-Apr-25,India,Chennai,Female,55+,5,Referral,iOS,True
6437,04-Jan-26,India,Mumbai,Other,55+,5,Organic Search,Android,True
6466,28-Sep-25,India,Hyderabad,Other,55+,5,Paid Search,Android,True
6468,02-Jan-26,India,Bengaluru,Male,55+,5,App Store,iOS,True
6478,15-Dec-25,India,Ahmedabad,Male,55+,5,Direct,Android,False
6515,03-Jan-26,India,Hyderabad,Male,55+,5,Influencer,Android,True
6528,26-May-25,India,Pune,Other,55+,5,Paid Search,iOS,True
6561,24-Apr-25,India,Pune,Female,55+,5,Email,Android,True
6563,06-Sep-25,India,Hyderabad,Male,55+,5,Influencer,iOS,False
6568,26-Jan-25,India,Chennai,Male,55+,5,Social,iOS,True
6569,26-Aug-25,India,Hyderabad,Female,55+,5,Email,Web,False
6599,21-Oct-25,India,Hyderabad,Other,55+,5,Paid Search,Android,True
6627,09-Dec-25,India,Chennai,Male,55+,5,Direct,iOS,True
6630,13-Apr-25,India,Chennai,Other,55+,5,Referral,Android,True
6679,19-Jan-25,India,Bengaluru,Other,55+,5,Organic Search,Web,True
6711,11-Mar-25,India,Delhi,Female,55+,5,Referral,iOS,True
6748,13-Jan-25,India,Ahmedabad,Female,55+,5,Referral,Android,True
6777,01-Mar-25,India,Mumbai,Male,55+,5,Organic Search,iOS,True
6787,16-Jul-25,India,Delhi,Female,55+,5,Social,Web,True
6800,08-Aug-25,India,Kolkata,Male,55+,5,Social,iOS,True
6828,10-Apr-25,India,Ahmedabad,Female,55+,5,Paid Search,iOS,False
6876,24-Nov-25,India,Bengaluru,Male,55+,5,Email,Android,True
6902,10-Feb-25,India,Delhi,Female,55+,5,Direct,iOS,True
6912,28-Jul-25,India,Chennai,Female,55+,5,App Store,Android,True
6967,14-Jan-25,India,Ahmedabad,Female,55+,5,Paid Search,Android,False
6986,30-Sep-25,India,Delhi,Female,55+,5,Referral,Web,True
7001,16-Jul-25,India,Delhi,Male,55+,5,Organic Search,Android,True
7040,05-Jan-26,India,Bengaluru,Male,55+,5,Direct,Web,True
7094,12-Nov-25,India,Delhi,Male,55+,5,Paid Search,Android,False
7166,27-Feb-25,India,Bengaluru,Male,55+,5,Email,Web,True
7201,03-Feb-25,India,Pune,Male,55+,5,Organic Search,Android,True
7280,30-Sep-25,India,Mumbai,Male,55+,5,Paid Search,Android,False
7282,02-Nov-25,India,Kolkata,Other,55+,5,Organic Search,iOS,True
7299,17-Jan-25,India,Hyderabad,Other,55+,5,Influencer,iOS,True
7304,12-May-25,India,Delhi,Male,55+,5,Paid Search,Android,True
7332,26-Jun-25,India,Delhi,Female,55+,5,Email,Android,False
7455,09-Jan-25,India,Kolkata,Male,55+,5,Organic Search,iOS,True
7549,20-Feb-25,India,Ahmedabad,Female,55+,5,Influencer,Web,True
7572,22-Aug-25,India,Bengaluru,Male,55+,5,Organic Search,iOS,True
7586,16-Oct-25,India,Pune,Female,55+,5,Email,Web,True
7604,05-Nov-25,India,Hyderabad,Female,55+,5,Social,Android,False
7641,14-Apr-25,India,Bengaluru,Male,55+,5,Influencer,Android,True
7687,26-Jan-25,India,Bengaluru,Male,55+,5,Direct,iOS,True
7689,09-Aug-25,India,Mumbai,Female,55+,5,Email,iOS,True
7712,12-Jan-25,India,Pune,Male,55+,5,Influencer,Android,True
7747,09-Aug-25,India,Mumbai,Male,55+,5,Direct,iOS,True
7749,01-Jul-25,India,Delhi,Female,55+,5,Direct,Web,True
7750,03-Nov-25,India,Pune,Male,55+,5,Referral,Android,True
7765,01-May-25,India,Kolkata,Male,55+,5,Direct,Android,True
7791,03-Sep-25,India,Delhi,Male,55+,5,Email,Web,True
7792,31-Mar-25,India,Mumbai,Female,55+,5,Influencer,Web,True
7858,13-Jul-25,India,Pune,Female,55+,5,Organic Search,Android,True
7861,23-Sep-25,India,Mumbai,Female,55+,5,Referral,Android,True
7899,13-Jan-26,India,Delhi,Female,55+,5,Email,iOS,True
7958,17-Jan-25,India,Hyderabad,Male,55+,5,Influencer,Web,True
7975,23-Jul-25,India,Kolkata,Other,55+,5,Direct,Android,True
7984,26-May-25,India,Mumbai,Male,55+,5,App Store,Android,True
118,24-Nov-25,India,Mumbai,Other,35-44,3,Influencer,Android,True
344,17-Jan-25,India,Pune,Other,35-44,3,Social,iOS,True
1375,28-Jul-25,India,Pune,Other,35-44,3,Referral,Android,True
1561,15-Aug-25,India,Ahmedabad,Other,35-44,3,App Store,Web,True
1637,05-Jan-25,India,Hyderabad,Other,35-44,3,Influencer,Web,True
1732,14-Feb-25,India,Bengaluru,Other,35-44,3,Social,iOS,True
1771,05-Oct-25,India,Chennai,Other,35-44,3,Referral,Android,True
2002,08-Jun-25,India,Ahmedabad,Other,35-44,3,Organic Search,iOS,True
2077,23-Sep-25,India,Bengaluru,Other,35-44,3,Direct,iOS,True
2211,06-Nov-25,India,Hyderabad,Other,35-44,3,Influencer,Android,False
2380,16-Jun-25,India,Delhi,Other,35-44,3,Social,Android,True
2757,29-Oct-25,India,Mumbai,Other,35-44,3,Influencer,Android,False
2836,08-Nov-25,India,Delhi,Other,35-44,3,Paid Search,Web,True
2911,28-May-25,India,Hyderabad,Other,35-44,3,Influencer,Android,True
3254,20-Dec-25,India,Pune,Other,35-44,3,Direct,Android,True
3624,21-Jan-25,India,Bengaluru,Other,35-44,3,Referral,Android,True
4140,16-Nov-25,India,Hyderabad,Other,35-44,3,App Store,Android,True
4241,31-Dec-25,India,Pune,Other,35-44,3,Paid Search,iOS,False
4415,11-Jul-25,India,Delhi,Other,35-44,3,App Store,iOS,True
4595,15-Feb-25,India,Pune,Other,35-44,3,Email,Web,True
4912,22-Aug-25,India,Bengaluru,Other,35-44,3,Influencer,Android,True
5228,03-Oct-25,India,Pune,Other,35-44,3,Direct,iOS,True
5310,29-Nov-25,India,Hyderabad,Other,35-44,3,Social,Android,True
5501,13-Jun-25,India,Delhi,Other,35-44,3,Email,iOS,True
5658,22-Jan-25,India,Chennai,Other,35-44,3,Paid Search,Android,True
6028,01-Jul-25,India,Chennai,Other,35-44,3,Influencer,iOS,True
6281,17-Sep-25,India,Kolkata,Other,35-44,3,Email,Android,False
6557,05-Jan-26,India,Mumbai,Other,35-44,3,Email,Web,True
6723,16-Jan-26,India,Ahmedabad,Other,35-44,3,Paid Search,Android,False
6936,11-Mar-25,India,Bengaluru,Other,35-44,3,Direct,Android,True
7115,26-Feb-25,India,Chennai,Other,35-44,3,Influencer,iOS,True
7301,14-Jan-25,India,Delhi,Other,35-44,3,Direct,iOS,True
7411,15-Feb-25,India,Delhi,Other,35-44,3,Influencer,iOS,True
7839,05-Jun-25,India,Kolkata,Other,35-44,3,App Store,Android,True
7927,25-Aug-25,India,Delhi,Other,35-44,3,App Store,iOS,True
7,21-Jan-25,India,Delhi,Male,35-44,3,Influencer,Web,False
36,09-Jul-25,India,Pune,Male,35-44,3,Influencer,iOS,True
55,12-Dec-25,India,Ahmedabad,Male,35-44,3,App Store,Android,False
73,13-Feb-25,India,Delhi,Male,35-44,3,Referral,Android,True
102,09-Jan-25,India,Kolkata,Male,35-44,3,Influencer,iOS,True
121,17-Feb-25,India,Mumbai,Male,35-44,3,Email,Web,True
153,25-Aug-25,India,Mumbai,Male,35-44,3,Direct,iOS,True
193,13-Aug-25,India,Ahmedabad,Male,35-44,3,Direct,iOS,False
262,09-May-25,India,Kolkata,Male,35-44,3,Paid Search,Android,True
267,20-Sep-25,India,Kolkata,Male,35-44,3,Organic Search,Web,True
280,09-Jan-25,India,Kolkata,Male,35-44,3,Paid Search,Android,True
282,09-Apr-25,India,Chennai,Male,35-44,3,Organic Search,Android,True
303,04-Dec-25,India,Kolkata,Male,35-44,3,Email,Android,True
333,13-Oct-25,India,Kolkata,Male,35-44,3,Direct,iOS,True
400,20-Jan-25,India,Pune,Male,35-44,3,Referral,iOS,True
407,20-Dec-25,India,Kolkata,Male,35-44,3,Referral,iOS,True
411,08-Dec-25,India,Kolkata,Male,35-44,3,Influencer,iOS,True
428,11-Apr-25,India,Bengaluru,Male,35-44,3,Influencer,Android,True
429,21-Sep-25,India,Bengaluru,Male,35-44,3,Email,Android,True
434,13-Apr-25,India,Bengaluru,Male,35-44,3,Influencer,iOS,True
442,07-Nov-25,India,Hyderabad,Male,35-44,3,Organic Search,Web,True
452,30-Apr-25,India,Hyderabad,Male,35-44,3,Social,Android,True
485,24-May-25,India,Bengaluru,Male,35-44,3,Social,iOS,True
495,06-Aug-25,India,Delhi,Male,35-44,3,Influencer,Web,True
523,09-Jun-25,India,Pune,Male,35-44,3,Organic Search,iOS,True
566,26-Jun-25,India,Ahmedabad,Male,35-44,3,Direct,Web,True
613,26-Feb-25,India,Mumbai,Male,35-44,3,Organic Search,iOS,True
651,23-Nov-25,India,Mumbai,Male,35-44,3,Paid Search,Android,True
655,19-Oct-25,India,Delhi,Male,35-44,3,Email,Android,True
704,16-Feb-25,India,Bengaluru,Male,35-44,3,Referral,iOS,True
712,09-Jan-26,India,Bengaluru,Male,35-44,3,Email,Android,True
732,08-Aug-25,India,Pune,Male,35-44,3,Social,Android,True
798,04-Jan-26,India,Ahmedabad,Male,35-44,3,Direct,Android,True
807,11-Jun-25,India,Mumbai,Male,35-44,3,Influencer,iOS,True
844,20-Feb-25,India,Bengaluru,Male,35-44,3,Email,Android,True
879,09-Jun-25,India,Delhi,Male,35-44,3,App Store,Web,True
962,25-Jan-25,India,Hyderabad,Male,35-44,3,Organic Search,Android,True
964,08-Mar-25,India,Hyderabad,Male,35-44,3,Paid Search,iOS,True
978,11-Apr-25,India,Ahmedabad,Male,35-44,3,Organic Search,Web,True
1023,22-Jul-25,India,Chennai,Male,35-44,3,Influencer,Web,True
1030,20-Nov-25,India,Kolkata,Male,35-44,3,Organic Search,iOS,True
1050,27-Jun-25,India,Bengaluru,Male,35-44,3,Paid Search,iOS,True
1056,17-Jun-25,India,Pune,Male,35-44,3,Paid Search,iOS,True
1069,10-Mar-25,India,Mumbai,Male,35-44,3,Referral,iOS,False
1091,18-Oct-25,India,Delhi,Male,35-44,3,App Store,Android,True
1121,14-Apr-25,India,Mumbai,Male,35-44,3,Influencer,Android,True
1147,21-Oct-25,India,Hyderabad,Male,35-44,3,App Store,Android,False
1189,21-Apr-25,India,Ahmedabad,Male,35-44,3,Organic Search,iOS,True
1205,29-Jan-25,India,Delhi,Male,35-44,3,Referral,Android,True
1300,23-Sep-25,India,Kolkata,Male,35-44,3,Direct,Web,True
1301,01-Jan-26,India,Mumbai,Male,35-44,3,Referral,iOS,True
1311,09-Nov-25,India,Hyderabad,Male,35-44,3,App Store,Android,True
1317,06-Sep-25,India,Kolkata,Male,35-44,3,Organic Search,Android,False
1353,22-Aug-25,India,Pune,Male,35-44,3,Referral,iOS,True
1365,30-Dec-25,India,Kolkata,Male,35-44,3,Influencer,iOS,True
1368,21-Jul-25,India,Ahmedabad,Male,35-44,3,Organic Search,Web,True
1378,28-Jul-25,India,Bengaluru,Male,35-44,3,Organic Search,Web,True
1387,05-Oct-25,India,Chennai,Male,35-44,3,Email,Web,True
1389,04-Jan-25,India,Hyderabad,Male,35-44,3,Social,iOS,False
1407,02-Jun-25,India,Delhi,Male,35-44,3,Direct,Web,True
1419,17-Jun-25,India,Pune,Male,35-44,3,App Store,Android,True
1444,23-Apr-25,India,Delhi,Male,35-44,3,Influencer,Android,True
1463,01-Sep-25,India,Kolkata,Male,35-44,3,App Store,iOS,True
1504,03-Aug-25,India,Delhi,Male,35-44,3,Influencer,Android,True
1510,25-Sep-25,India,Chennai,Male,35-44,3,Referral,Android,True
1526,07-Jan-25,India,Hyderabad,Male,35-44,3,Influencer,Android,True
1530,24-Nov-25,India,Hyderabad,Male,35-44,3,Referral,iOS,True
1543,28-Oct-25,India,Ahmedabad,Male,35-44,3,Referral,iOS,True
1550,08-Feb-25,India,Bengaluru,Male,35-44,3,Direct,iOS,True
1567,21-May-25,India,Mumbai,Male,35-44,3,App Store,iOS,True
1613,29-Nov-25,India,Kolkata,Male,35-44,3,Email,iOS,True
1628,26-Nov-25,India,Pune,Male,35-44,3,Organic Search,iOS,True
1629,17-Apr-25,India,Chennai,Male,35-44,3,Organic Search,Web,True
1685,25-Jun-25,India,Delhi,Male,35-44,3,Influencer,Android,True
1694,28-Oct-25,India,Mumbai,Male,35-44,3,Influencer,Web,True
1703,20-Dec-25,India,Kolkata,Male,35-44,3,Referral,iOS,True
1728,07-Jul-25,India,Kolkata,Male,35-44,3,Email,iOS,True
1755,26-Dec-25,India,Hyderabad,Male,35-44,3,Referral,Android,True
1769,10-Aug-25,India,Hyderabad,Male,35-44,3,Paid Search,Android,True
1779,12-Jan-25,India,Hyderabad,Male,35-44,3,Organic Search,iOS,True
1829,19-Sep-25,India,Chennai,Male,35-44,3,Direct,iOS,True
1851,20-Mar-25,India,Bengaluru,Male,35-44,3,Email,Web,True
1870,16-Aug-25,India,Hyderabad,Male,35-44,3,Organic Search,Android,True
1880,28-Jul-25,India,Mumbai,Male,35-44,3,Email,Android,True
1901,12-Jan-26,India,Kolkata,Male,35-44,3,Email,Web,True
1915,16-Oct-25,India,Pune,Male,35-44,3,Email,Web,True
1937,25-Dec-25,India,Kolkata,Male,35-44,3,Social,iOS,True
1948,14-Nov-25,India,Hyderabad,Male,35-44,3,Influencer,Android,True
1973,26-Aug-25,India,Kolkata,Male,35-44,3,App Store,Web,True
2044,02-Jan-25,India,Ahmedabad,Male,35-44,3,App Store,Android,True
2099,08-Nov-25,India,Ahmedabad,Male,35-44,3,Direct,Android,True
2190,30-Mar-25,India,Hyderabad,Male,35-44,3,Influencer,iOS,False
2195,18-Mar-25,India,Delhi,Male,35-44,3,Organic Search,iOS,True
2239,12-Jan-25,India,Mumbai,Male,35-44,3,Email,Web,True
2250,30-Dec-25,India,Bengaluru,Male,35-44,3,Organic Search,Android,False
2306,28-Dec-25,India,Kolkata,Male,35-44,3,Email,iOS,True
2332,01-Jun-25,India,Pune,Male,35-44,3,Organic Search,iOS,True
2444,25-Apr-25,India,Mumbai,Male,35-44,3,Referral,Web,True
2481,08-Dec-25,India,Ahmedabad,Male,35-44,3,Paid Search,iOS,True
2497,02-Dec-25,India,Pune,Male,35-44,3,Direct,Android,True
2514,13-Jun-25,India,Delhi,Male,35-44,3,Organic Search,iOS,True
2529,22-Jun-25,India,Ahmedabad,Male,35-44,3,Direct,iOS,True
2553,17-Jan-26,India,Hyderabad,Male,35-44,3,Email,Android,True
2593,27-Mar-25,India,Bengaluru,Male,35-44,3,Influencer,iOS,True
2664,11-Apr-25,India,Chennai,Male,35-44,3,Social,Android,True
2678,01-Jan-26,India,Kolkata,Male,35-44,3,Referral,iOS,True
2679,16-Aug-25,India,Ahmedabad,Male,35-44,3,Social,Android,True
2804,13-Mar-25,India,Kolkata,Male,35-44,3,App Store,iOS,True
2809,14-Apr-25,India,Pune,Male,35-44,3,Social,Android,True
2812,28-Dec-25,India,Chennai,Male,35-44,3,App Store,Android,True
2835,11-Mar-25,India,Hyderabad,Male,35-44,3,Direct,iOS,True
2850,06-Nov-25,India,Chennai,Male,35-44,3,Social,Web,True
2862,09-Aug-25,India,Ahmedabad,Male,35-44,3,Email,Android,True
2874,07-Jun-25,India,Kolkata,Male,35-44,3,Referral,iOS,True
2935,20-Feb-25,India,Ahmedabad,Male,35-44,3,App Store,iOS,True
2943,15-Mar-25,India,Pune,Male,35-44,3,Direct,Android,True
2948,31-Mar-25,India,Chennai,Male,35-44,3,Social,Android,True
2975,08-Aug-25,India,Chennai,Male,35-44,3,Social,Android,True
2979,01-Jul-25,India,Hyderabad,Male,35-44,3,Referral,Android,True
2983,11-Mar-25,India,Hyderabad,Male,35-44,3,App Store,iOS,True
3047,05-Jan-25,India,Ahmedabad,Male,35-44,3,Paid Search,iOS,True
3051,26-Feb-25,India,Bengaluru,Male,35-44,3,Direct,Android,True
3132,09-Feb-25,India,Ahmedabad,Male,35-44,3,Direct,Web,True
3184,30-Dec-25,India,Mumbai,Male,35-44,3,Direct,iOS,True
3203,16-Mar-25,India,Ahmedabad,Male,35-44,3,App Store,Web,True
3259,10-Apr-25,India,Kolkata,Male,35-44,3,Organic Search,iOS,True
3278,20-Jul-25,India,Delhi,Male,35-44,3,Direct,Android,False
3280,22-Jun-25,India,Delhi,Male,35-44,3,Paid Search,iOS,True
3307,15-Jul-25,India,Mumbai,Male,35-44,3,Influencer,Web,True
3371,27-Dec-25,India,Kolkata,Male,35-44,3,Social,Web,False
3395,08-Nov-25,India,Pune,Male,35-44,3,Social,Android,True
3457,03-Aug-25,India,Delhi,Male,35-44,3,Email,Web,True
3472,28-Nov-25,India,Delhi,Male,35-44,3,Direct,Android,True
3485,20-Feb-25,India,Ahmedabad,Male,35-44,3,App Store,Android,True
3524,07-Jul-25,India,Delhi,Male,35-44,3,Influencer,Web,True
3549,17-Nov-25,India,Chennai,Male,35-44,3,Email,Web,True
3620,20-Feb-25,India,Hyderabad,Male,35-44,3,Email,Web,False
3685,16-Aug-25,India,Pune,Male,35-44,3,Social,Android,False
3686,12-Apr-25,India,Pune,Male,35-44,3,Influencer,iOS,False
3724,02-Aug-25,India,Mumbai,Male,35-44,3,Organic Search,Android,True
3765,14-Sep-25,India,Pune,Male,35-44,3,Email,iOS,False
3815,21-Aug-25,India,Ahmedabad,Male,35-44,3,Direct,iOS,True
3819,22-Feb-25,India,Ahmedabad,Male,35-44,3,Paid Search,Web,True
3847,21-Sep-25,India,Kolkata,Male,35-44,3,Direct,iOS,True
3848,12-Jan-25,India,Delhi,Male,35-44,3,Email,Web,True
3865,02-Aug-25,India,Chennai,Male,35-44,3,Direct,Android,True
3878,01-May-25,India,Kolkata,Male,35-44,3,Social,Android,True
3884,10-Apr-25,India,Pune,Male,35-44,3,Influencer,iOS,True
3934,10-Apr-25,India,Bengaluru,Male,35-44,3,Direct,iOS,True
3948,21-Sep-25,India,Delhi,Male,35-44,3,Influencer,Android,True
4000,06-Dec-25,India,Chennai,Male,35-44,3,Paid Search,Web,True
4038,05-Aug-25,India,Mumbai,Male,35-44,3,Direct,Android,False
4063,05-Oct-25,India,Delhi,Male,35-44,3,Influencer,iOS,True
4101,14-Aug-25,India,Mumbai,Male,35-44,3,Influencer,Web,True
4208,05-Sep-25,India,Mumbai,Male,35-44,3,Referral,iOS,False
4228,17-Jan-25,India,Pune,Male,35-44,3,Social,Web,True
4253,25-Aug-25,India,Hyderabad,Male,35-44,3,Paid Search,iOS,True
4271,09-Feb-25,India,Hyderabad,Male,35-44,3,Email,iOS,False
4307,10-Mar-25,India,Hyderabad,Male,35-44,3,Organic Search,Web,True
4314,06-Sep-25,India,Ahmedabad,Male,35-44,3,Email,iOS,True
4338,09-Jul-25,India,Delhi,Male,35-44,3,Organic Search,Android,True
4345,14-Jan-26,India,Mumbai,Male,35-44,3,Referral,iOS,True
4352,01-Aug-25,India,Mumbai,Male,35-44,3,Paid Search,Web,True
4382,22-Mar-25,India,Chennai,Male,35-44,3,Referral,Android,True
4429,16-Oct-25,India,Kolkata,Male,35-44,3,Email,iOS,True
4430,27-Sep-25,India,Delhi,Male,35-44,3,Direct,Web,True
4501,03-Aug-25,India,Kolkata,Male,35-44,3,Email,Android,True
4545,18-Aug-25,India,Delhi,Male,35-44,3,Direct,iOS,True
4553,05-Nov-25,India,Hyderabad,Male,35-44,3,Influencer,Web,True
4689,06-Feb-25,India,Hyderabad,Male,35-44,3,Email,iOS,True
4692,18-Jan-25,India,Mumbai,Male,35-44,3,App Store,Android,True
4733,08-Nov-25,India,Mumbai,Male,35-44,3,Direct,iOS,True
4752,26-Jun-25,India,Pune,Male,35-44,3,Direct,Android,True
4764,04-Feb-25,India,Bengaluru,Male,35-44,3,Paid Search,Web,True
4816,29-Dec-25,India,Mumbai,Male,35-44,3,Paid Search,Web,True
4827,03-Apr-25,India,Chennai,Male,35-44,3,Social,Android,True
4877,25-Jul-25,India,Bengaluru,Male,35-44,3,Email,Web,False
4879,27-May-25,India,Chennai,Male,35-44,3,App Store,Android,True
4880,28-Sep-25,India,Chennai,Male,35-44,3,Social,Android,True
4917,01-Jul-25,India,Ahmedabad,Male,35-44,3,Paid Search,iOS,True
4962,03-Aug-25,India,Bengaluru,Male,35-44,3,Organic Search,iOS,True
5214,05-Nov-25,India,Chennai,Male,35-44,3,Influencer,iOS,True
5246,16-Dec-25,India,Kolkata,Male,35-44,3,Email,Android,True
5247,25-Feb-25,India,Pune,Male,35-44,3,Direct,Android,False
5306,28-May-25,India,Ahmedabad,Male,35-44,3,Direct,Android,True
5313,28-Nov-25,India,Hyderabad,Male,35-44,3,Social,Android,True
5321,22-Oct-25,India,Chennai,Male,35-44,3,App Store,iOS,True
5343,10-Jul-25,India,Pune,Male,35-44,3,Influencer,Web,True
5422,22-Apr-25,India,Ahmedabad,Male,35-44,3,Email,Android,True
5451,09-Jul-25,India,Bengaluru,Male,35-44,3,Email,iOS,True
5490,28-Jan-25,India,Chennai,Male,35-44,3,Email,Web,True
5524,05-Jan-26,India,Hyderabad,Male,35-44,3,Email,Android,True
5525,17-May-25,India,Pune,Male,35-44,3,Email,Android,True
5527,03-Jul-25,India,Kolkata,Male,35-44,3,Organic Search,Web,True
5538,14-Mar-25,India,Ahmedabad,Male,35-44,3,App Store,iOS,False
5574,02-Aug-25,India,Pune,Male,35-44,3,Referral,Android,True
5588,29-Dec-25,India,Delhi,Male,35-44,3,Organic Search,Android,True
5593,18-Jan-25,India,Hyderabad,Male,35-44,3,Influencer,Android,True
5626,03-Nov-25,India,Delhi,Male,35-44,3,Organic Search,Android,True
5736,12-Dec-25,India,Bengaluru,Male,35-44,3,Organic Search,iOS,True
5760,26-May-25,India,Bengaluru,Male,35-44,3,Influencer,Web,True
5788,11-Jan-26,India,Mumbai,Male,35-44,3,Direct,Web,False
5814,08-Sep-25,India,Chennai,Male,35-44,3,Email,Android,False
5822,10-Mar-25,India,Chennai,Male,35-44,3,Referral,Android,False
5823,16-Feb-25,India,Ahmedabad,Male,35-44,3,Email,iOS,True
5856,01-May-25,India,Delhi,Male,35-44,3,Influencer,Web,True
5868,30-Dec-25,India,Chennai,Male,35-44,3,Social,Android,True
5933,22-Dec-25,India,Pune,Male,35-44,3,Referral,iOS,True
5937,03-Feb-25,India,Kolkata,Male,35-44,3,Direct,Android,True
5951,27-Aug-25,India,Bengaluru,Male,35-44,3,Direct,Web,True
5957,04-Dec-25,India,Bengaluru,Male,35-44,3,Direct,Android,False
6006,28-Jul-25,India,Kolkata,Male,35-44,3,Referral,iOS,True
6007,13-Aug-25,India,Delhi,Male,35-44,3,Influencer,iOS,True
6038,06-Apr-25,India,Mumbai,Male,35-44,3,App Store,Android,True
6094,23-Dec-25,India,Hyderabad,Male,35-44,3,Influencer,Web,True
6106,07-May-25,India,Hyderabad,Male,35-44,3,Email,Android,False
6124,25-Jul-25,India,Kolkata,Male,35-44,3,Organic Search,Web,True
6178,23-Feb-25,India,Ahmedabad,Male,35-44,3,Organic Search,iOS,True
6209,16-Jun-25,India,Bengaluru,Male,35-44,3,Organic Search,Web,True
6252,21-Dec-25,India,Chennai,Male,35-44,3,Organic Search,iOS,True
6276,16-Jan-26,India,Pune,Male,35-44,3,App Store,Android,True
6376,18-Apr-25,India,Hyderabad,Male,35-44,3,Organic Search,Web,True
6377,25-Sep-25,India,Delhi,Male,35-44,3,Social,iOS,True
6514,03-Jun-25,India,Kolkata,Male,35-44,3,Referral,iOS,True
6523,09-Jul-25,India,Delhi,Male,35-44,3,Referral,Web,True
6607,22-Jun-25,India,Hyderabad,Male,35-44,3,Direct,iOS,True
6720,01-Oct-25,India,Kolkata,Male,35-44,3,Direct,Android,True
6729,09-Jan-25,India,Kolkata,Male,35-44,3,Influencer,iOS,False
6732,03-Jun-25,India,Pune,Male,35-44,3,Email,Android,True
6872,03-Jul-25,India,Mumbai,Male,35-44,3,Influencer,iOS,True
6897,01-Jan-25,India,Pune,Male,35-44,3,Influencer,Web,True
6917,07-Jan-26,India,Bengaluru,Male,35-44,3,Social,Web,True
6946,27-Dec-25,India,Bengaluru,Male,35-44,3,Direct,Android,True
6963,23-Mar-25,India,Chennai,Male,35-44,3,Email,iOS,True
6981,29-Sep-25,India,Pune,Male,35-44,3,Paid Search,Web,True
7034,16-Aug-25,India,Hyderabad,Male,35-44,3,Social,Web,True
7073,29-Dec-25,India,Ahmedabad,Male,35-44,3,Paid Search,Android,True
7083,08-May-25,India,Chennai,Male,35-44,3,Social,Web,True
7157,22-Mar-25,India,Mumbai,Male,35-44,3,Influencer,iOS,True
7161,15-Oct-25,India,Chennai,Male,35-44,3,Organic Search,iOS,True
7214,01-Jan-25,India,Kolkata,Male,35-44,3,Direct,Web,True
7238,10-Feb-25,India,Mumbai,Male,35-44,3,Organic Search,Android,True
7246,06-Jul-25,India,Mumbai,Male,35-44,3,Organic Search,Web,True
7298,23-Mar-25,India,Mumbai,Male,35-44,3,Direct,iOS,True
7311,22-Sep-25,India,Pune,Male,35-44,3,Paid Search,iOS,True
7324,02-Apr-25,India,Hyderabad,Male,35-44,3,Influencer,Android,True
7344,08-Jan-26,India,Bengaluru,Male,35-44,3,App Store,Android,False
7379,09-Mar-25,India,Ahmedabad,Male,35-44,3,Organic Search,Android,True
7396,31-Oct-25,India,Chennai,Male,35-44,3,Organic Search,Web,True
7410,06-Jul-25,India,Hyderabad,Male,35-44,3,Referral,Android,True
7453,30-Jun-25,India,Delhi,Male,35-44,3,Influencer,iOS,True
7457,03-Apr-25,India,Chennai,Male,35-44,3,Direct,iOS,True
7520,19-Oct-25,India,Mumbai,Male,35-44,3,Paid Search,Android,True
7566,25-Oct-25,India,Kolkata,Male,35-44,3,Referral,Android,True
7588,15-Sep-25,India,Ahmedabad,Male,35-44,3,Direct,Web,True
7620,16-Dec-25,India,Delhi,Male,35-44,3,Social,iOS,True
7621,02-Oct-25,India,Delhi,Male,35-44,3,Influencer,Android,True
7653,09-Oct-25,India,Delhi,Male,35-44,3,Email,iOS,False
7690,07-Dec-25,India,Kolkata,Male,35-44,3,Direct,Android,True
7737,19-Jul-25,India,Ahmedabad,Male,35-44,3,Paid Search,Android,True
7778,20-Dec-25,India,Ahmedabad,Male,35-44,3,Direct,Android,True
7787,13-Dec-25,India,Kolkata,Male,35-44,3,Social,Web,False
7795,30-May-25,India,Delhi,Male,35-44,3,Paid Search,iOS,True
7802,20-Aug-25,India,Ahmedabad,Male,35-44,3,Paid Search,Android,True
7811,08-Apr-25,India,Kolkata,Male,35-44,3,Influencer,iOS,True
7836,25-Mar-25,India,Mumbai,Male,35-44,3,Paid Search,iOS,True
7853,07-Jan-25,India,Mumbai,Male,35-44,3,Direct,Web,True
7880,25-May-25,India,Delhi,Male,35-44,3,Direct,Web,True
7916,05-Jun-25,India,Pune,Male,35-44,3,Direct,Android,True
7926,12-Jul-25,India,Chennai,Male,35-44,3,Influencer,Android,True
7929,15-Aug-25,India,Pune,Male,35-44,3,Referral,iOS,True
7956,03-Oct-25,India,Delhi,Male,35-44,3,Email,Android,True
7982,14-Jan-25,India,Mumbai,Male,35-44,3,Referral,iOS,False
80,03-Aug-25,India,Pune,Female,35-44,3,Referral,iOS,True
107,19-May-25,India,Bengaluru,Female,35-44,3,Direct,Web,True
130,15-Aug-25,India,Chennai,Female,35-44,3,App Store,Android,True
157,05-Feb-25,India,Ahmedabad,Female,35-44,3,Referral,iOS,True
163,27-Mar-25,India,Pune,Female,35-44,3,Social,iOS,True
186,21-Aug-25,India,Ahmedabad,Female,35-44,3,App Store,Android,True
203,29-Jun-25,India,Pune,Female,35-44,3,Social,iOS,True
230,20-Nov-25,India,Chennai,Female,35-44,3,App Store,Android,True
232,03-Jul-25,India,Bengaluru,Female,35-44,3,Social,iOS,True
255,18-Dec-25,India,Delhi,Female,35-44,3,Referral,Android,True
308,18-Jun-25,India,Mumbai,Female,35-44,3,Organic Search,Android,True
323,07-Jun-25,India,Chennai,Female,35-44,3,Organic Search,iOS,True
328,21-Sep-25,India,Delhi,Female,35-44,3,Referral,iOS,True
345,21-Jun-25,India,Chennai,Female,35-44,3,Influencer,iOS,True
354,06-Feb-25,India,Bengaluru,Female,35-44,3,Social,iOS,True
394,02-Nov-25,India,Hyderabad,Female,35-44,3,Paid Search,iOS,False
430,22-Feb-25,India,Bengaluru,Female,35-44,3,Referral,iOS,True
478,11-Jul-25,India,Bengaluru,Female,35-44,3,Social,Android,False
486,27-Mar-25,India,Pune,Female,35-44,3,Social,Android,True
498,10-Apr-25,India,Kolkata,Female,35-44,3,App Store,Android,True
499,16-Oct-25,India,Pune,Female,35-44,3,Paid Search,Web,True
503,23-Jan-25,India,Bengaluru,Female,35-44,3,Organic Search,Web,True
537,12-Feb-25,India,Kolkata,Female,35-44,3,Email,Web,False
548,31-Mar-25,India,Kolkata,Female,35-44,3,Direct,Android,True
559,05-Aug-25,India,Kolkata,Female,35-44,3,Direct,iOS,True
632,10-Sep-25,India,Delhi,Female,35-44,3,Influencer,Android,True
674,28-May-25,India,Ahmedabad,Female,35-44,3,Referral,Android,True
697,22-Jul-25,India,Hyderabad,Female,35-44,3,Social,Android,True
702,27-May-25,India,Delhi,Female,35-44,3,Influencer,Android,True
730,27-Jun-25,India,Ahmedabad,Female,35-44,3,Paid Search,Android,True
770,08-Dec-25,India,Kolkata,Female,35-44,3,Influencer,Android,True
773,26-Jun-25,India,Mumbai,Female,35-44,3,App Store,Web,True
810,14-Jan-26,India,Bengaluru,Female,35-44,3,Organic Search,Android,True
827,11-Jul-25,India,Chennai,Female,35-44,3,Organic Search,iOS,True
861,28-Aug-25,India,Bengaluru,Female,35-44,3,Referral,Web,True
1002,17-May-25,India,Ahmedabad,Female,35-44,3,Organic Search,Android,True
1003,04-Sep-25,India,Ahmedabad,Female,35-44,3,Social,Android,True
1032,31-Jul-25,India,Ahmedabad,Female,35-44,3,Email,Android,True
1076,17-Mar-25,India,Hyderabad,Female,35-44,3,Paid Search,iOS,True
1087,17-Aug-25,India,Hyderabad,Female,35-44,3,Influencer,Web,True
1154,15-Jan-25,India,Hyderabad,Female,35-44,3,Referral,Android,True
1192,20-Jun-25,India,Chennai,Female,35-44,3,Organic Search,Web,False
1244,25-Jan-25,India,Pune,Female,35-44,3,App Store,Android,True
1287,24-Jun-25,India,Pune,Female,35-44,3,Paid Search,Android,True
1302,11-Jun-25,India,Kolkata,Female,35-44,3,Referral,Android,True
1349,02-Jan-25,India,Pune,Female,35-44,3,Email,Android,True
1395,20-Oct-25,India,Pune,Female,35-44,3,Direct,Android,True
1403,10-Feb-25,India,Ahmedabad,Female,35-44,3,Paid Search,Android,True
1426,02-May-25,India,Chennai,Female,35-44,3,Influencer,Android,True
1466,20-Jul-25,India,Mumbai,Female,35-44,3,Organic Search,Android,True
1577,24-Aug-25,India,Bengaluru,Female,35-44,3,Social,Android,True
1621,28-May-25,India,Delhi,Female,35-44,3,Organic Search,Android,True
1676,09-Jan-25,India,Kolkata,Female,35-44,3,Email,Android,True
1713,02-Apr-25,India,Pune,Female,35-44,3,Paid Search,iOS,True
1733,10-Nov-25,India,Ahmedabad,Female,35-44,3,Email,iOS,True
1754,17-Jan-25,India,Bengaluru,Female,35-44,3,Direct,Android,True
1840,12-Jan-25,India,Chennai,Female,35-44,3,Paid Search,Android,True
1882,04-Oct-25,India,Bengaluru,Female,35-44,3,Direct,Web,True
1884,16-Nov-25,India,Delhi,Female,35-44,3,Email,Android,True
1910,21-Jul-25,India,Bengaluru,Female,35-44,3,Organic Search,iOS,True
1942,21-Sep-25,India,Mumbai,Female,35-44,3,Social,iOS,False
1944,27-Jun-25,India,Delhi,Female,35-44,3,Social,iOS,True
2007,30-Dec-25,India,Kolkata,Female,35-44,3,Social,Android,True
2023,31-Aug-25,India,Hyderabad,Female,35-44,3,Email,iOS,False
2024,06-Jan-26,India,Bengaluru,Female,35-44,3,Email,Android,True
2055,25-Mar-25,India,Hyderabad,Female,35-44,3,Referral,iOS,True
2060,14-Jan-26,India,Kolkata,Female,35-44,3,Paid Search,Android,True
2069,30-Oct-25,India,Chennai,Female,35-44,3,App Store,iOS,True
2145,22-Aug-25,India,Mumbai,Female,35-44,3,Direct,iOS,True
2157,24-Jun-25,India,Mumbai,Female,35-44,3,Paid Search,iOS,True
2160,07-Nov-25,India,Delhi,Female,35-44,3,Social,iOS,True
2218,23-May-25,India,Ahmedabad,Female,35-44,3,Social,Web,True
2238,02-Jun-25,India,Pune,Female,35-44,3,Social,Android,True
2263,20-Nov-25,India,Hyderabad,Female,35-44,3,Paid Search,Web,True
2275,05-Jun-25,India,Mumbai,Female,35-44,3,Paid Search,Web,True
2280,07-Jun-25,India,Bengaluru,Female,35-44,3,Referral,Android,True
2320,01-May-25,India,Kolkata,Female,35-44,3,Influencer,Android,True
2327,03-Jun-25,India,Mumbai,Female,35-44,3,Email,Android,False
2338,11-Dec-25,India,Chennai,Female,35-44,3,Organic Search,Android,True
2362,20-Sep-25,India,Pune,Female,35-44,3,Organic Search,Android,True
2369,16-Jun-25,India,Mumbai,Female,35-44,3,Direct,iOS,True
2378,11-Feb-25,India,Delhi,Female,35-44,3,Paid Search,Android,True
2425,05-Feb-25,India,Chennai,Female,35-44,3,Email,iOS,False
2487,18-Feb-25,India,Pune,Female,35-44,3,Social,iOS,True
2488,11-Feb-25,India,Delhi,Female,35-44,3,Influencer,Web,False
2507,13-Sep-25,India,Bengaluru,Female,35-44,3,Social,Android,True
2543,12-Feb-25,India,Bengaluru,Female,35-44,3,Paid Search,Android,True
2586,03-Mar-25,India,Delhi,Female,35-44,3,Referral,iOS,True
2608,30-Aug-25,India,Chennai,Female,35-44,3,App Store,iOS,True
2684,18-Sep-25,India,Hyderabad,Female,35-44,3,Referral,iOS,True
2691,07-Feb-25,India,Hyderabad,Female,35-44,3,Direct,iOS,False
2693,03-Jan-26,India,Chennai,Female,35-44,3,Direct,iOS,True
2695,03-Dec-25,India,Ahmedabad,Female,35-44,3,Influencer,iOS,True
2709,13-Jan-26,India,Ahmedabad,Female,35-44,3,Referral,Web,True
2739,05-Oct-25,India,Hyderabad,Female,35-44,3,Referral,Web,True
2743,23-Jun-25,India,Chennai,Female,35-44,3,Referral,Android,True
2746,02-May-25,India,Ahmedabad,Female,35-44,3,Paid Search,Web,True
2750,08-Feb-25,India,Hyderabad,Female,35-44,3,Influencer,Android,True
2777,10-Oct-25,India,Delhi,Female,35-44,3,Paid Search,Android,True
2807,18-Sep-25,India,Kolkata,Female,35-44,3,Referral,Android,True
2840,12-May-25,India,Bengaluru,Female,35-44,3,Paid Search,Android,True
2931,28-Apr-25,India,Bengaluru,Female,35-44,3,Social,Web,True
2950,06-May-25,India,Hyderabad,Female,35-44,3,Direct,Web,True
2997,07-Jan-25,India,Hyderabad,Female,35-44,3,Paid Search,iOS,True
3012,21-Jan-25,India,Chennai,Female,35-44,3,Paid Search,Android,True
3060,17-Mar-25,India,Hyderabad,Female,35-44,3,Influencer,iOS,True
3069,18-Feb-25,India,Hyderabad,Female,35-44,3,Influencer,Web,False
3083,20-Mar-25,India,Ahmedabad,Female,35-44,3,Social,Web,True
3097,13-Feb-25,India,Pune,Female,35-44,3,Email,iOS,True
3114,13-Jun-25,India,Mumbai,Female,35-44,3,App Store,Android,False
3119,26-Aug-25,India,Delhi,Female,35-44,3,Social,Android,True
3205,25-Jun-25,India,Ahmedabad,Female,35-44,3,Email,Web,True
3206,30-May-25,India,Delhi,Female,35-44,3,Email,iOS,True
3208,21-Nov-25,India,Pune,Female,35-44,3,Influencer,Android,True
3219,05-Sep-25,India,Kolkata,Female,35-44,3,Organic Search,Web,True
3231,04-Jan-25,India,Hyderabad,Female,35-44,3,Social,Android,True
3235,10-Jul-25,India,Bengaluru,Female,35-44,3,Direct,Android,True
3245,29-Nov-25,India,Mumbai,Female,35-44,3,Paid Search,Android,True
3321,04-Jan-26,India,Hyderabad,Female,35-44,3,Paid Search,Android,False
3336,20-Nov-25,India,Hyderabad,Female,35-44,3,App Store,Web,False
3365,17-Mar-25,India,Bengaluru,Female,35-44,3,Influencer,Web,True
3366,08-Mar-25,India,Hyderabad,Female,35-44,3,App Store,Web,True
3386,28-Dec-25,India,Ahmedabad,Female,35-44,3,App Store,Android,True
3403,16-May-25,India,Kolkata,Female,35-44,3,Social,Android,False
3416,17-Jan-26,India,Ahmedabad,Female,35-44,3,Email,iOS,True
3424,10-Dec-25,India,Bengaluru,Female,35-44,3,App Store,Android,True
3441,19-Jan-25,India,Hyderabad,Female,35-44,3,Email,Web,True
3455,09-Dec-25,India,Bengaluru,Female,35-44,3,Referral,Android,True
3480,21-Jul-25,India,Kolkata,Female,35-44,3,Social,iOS,False
3501,22-Mar-25,India,Ahmedabad,Female,35-44,3,Organic Search,iOS,False
3542,15-Jan-26,India,Kolkata,Female,35-44,3,Direct,Android,True
3578,29-Dec-25,India,Pune,Female,35-44,3,Paid Search,Android,True
3640,02-Aug-25,India,Kolkata,Female,35-44,3,App Store,Web,True
3687,16-Mar-25,India,Mumbai,Female,35-44,3,Influencer,Android,True
3696,02-Apr-25,India,Chennai,Female,35-44,3,Paid Search,Android,True
3697,24-Jun-25,India,Bengaluru,Female,35-44,3,Influencer,Android,False
3719,14-Oct-25,India,Chennai,Female,35-44,3,Referral,Android,True
3769,10-Jul-25,India,Delhi,Female,35-44,3,App Store,Android,True
3802,17-Oct-25,India,Bengaluru,Female,35-44,3,Email,Android,True
3917,25-Oct-25,India,Kolkata,Female,35-44,3,App Store,Android,True
3927,15-Aug-25,India,Chennai,Female,35-44,3,Direct,Web,True
3972,30-Oct-25,India,Ahmedabad,Female,35-44,3,Organic Search,Android,True
4029,08-Jan-26,India,Hyderabad,Female,35-44,3,Paid Search,Android,False
4043,14-Apr-25,India,Bengaluru,Female,35-44,3,Social,Web,False
4061,15-Oct-25,India,Chennai,Female,35-44,3,App Store,Android,True
4081,24-Jun-25,India,Ahmedabad,Female,35-44,3,Influencer,iOS,True
4121,23-Aug-25,India,Delhi,Female,35-44,3,App Store,iOS,True
4136,21-Dec-25,India,Mumbai,Female,35-44,3,Influencer,Web,True
4137,09-Sep-25,India,Delhi,Female,35-44,3,Influencer,Web,True
4143,28-Nov-25,India,Kolkata,Female,35-44,3,Influencer,Android,False
4169,08-Jan-25,India,Kolkata,Female,35-44,3,App Store,Web,True
4172,17-Nov-25,India,Chennai,Female,35-44,3,Organic Search,Web,True
4173,08-Feb-25,India,Bengaluru,Female,35-44,3,App Store,iOS,True
4189,20-Jun-25,India,Bengaluru,Female,35-44,3,Direct,Web,True
4201,15-Dec-25,India,Chennai,Female,35-44,3,Paid Search,iOS,True
4214,30-Mar-25,India,Kolkata,Female,35-44,3,Email,iOS,True
4247,10-Feb-25,India,Delhi,Female,35-44,3,Paid Search,Web,True
4263,09-Oct-25,India,Delhi,Female,35-44,3,Influencer,Android,True
4281,10-Feb-25,India,Pune,Female,35-44,3,Influencer,Android,True
4332,27-Aug-25,India,Delhi,Female,35-44,3,Direct,Android,True
4365,19-May-25,India,Ahmedabad,Female,35-44,3,Organic Search,iOS,True
4397,08-Sep-25,India,Bengaluru,Female,35-44,3,Influencer,iOS,True
4417,03-Dec-25,India,Mumbai,Female,35-44,3,Paid Search,Android,True
4451,30-Mar-25,India,Mumbai,Female,35-44,3,Organic Search,Web,True
4503,03-Aug-25,India,Kolkata,Female,35-44,3,Social,iOS,True
4527,26-Jun-25,India,Delhi,Female,35-44,3,Influencer,Web,False
4583,11-Oct-25,India,Ahmedabad,Female,35-44,3,Organic Search,iOS,True
4587,07-Jan-25,India,Pune,Female,35-44,3,Organic Search,Web,True
4601,25-May-25,India,Ahmedabad,Female,35-44,3,Direct,iOS,True
4629,21-Apr-25,India,Pune,Female,35-44,3,Influencer,Android,True
4634,10-Mar-25,India,Chennai,Female,35-44,3,Organic Search,Web,True
4647,31-Oct-25,India,Chennai,Female,35-44,3,Social,Android,False
4648,18-May-25,India,Pune,Female,35-44,3,App Store,Android,True
4674,17-May-25,India,Hyderabad,Female,35-44,3,Referral,Android,True
4734,22-Aug-25,India,Ahmedabad,Female,35-44,3,Social,Web,True
4795,06-May-25,India,Bengaluru,Female,35-44,3,Referral,Android,True
4871,27-Mar-25,India,Bengaluru,Female,35-44,3,Referral,Web,False
4939,26-Jul-25,India,Mumbai,Female,35-44,3,App Store,Web,True
4941,16-May-25,India,Bengaluru,Female,35-44,3,Email,Web,True
4949,10-Nov-25,India,Mumbai,Female,35-44,3,App Store,Android,True
4980,25-Aug-25,India,Delhi,Female,35-44,3,Social,Web,False
5040,05-Aug-25,India,Kolkata,Female,35-44,3,Direct,Android,True
5086,27-Jul-25,India,Hyderabad,Female,35-44,3,Influencer,iOS,True
5114,29-May-25,India,Ahmedabad,Female,35-44,3,Paid Search,Android,False
5121,14-Jan-25,India,Mumbai,Female,35-44,3,App Store,iOS,True
5295,25-Jun-25,India,Pune,Female,35-44,3,Paid Search,iOS,True
5302,13-Jan-25,India,Bengaluru,Female,35-44,3,Referral,Android,True
5317,06-Sep-25,India,Pune,Female,35-44,3,Social,Android,False
5319,17-Feb-25,India,Ahmedabad,Female,35-44,3,Organic Search,iOS,True
5344,30-Apr-25,India,Pune,Female,35-44,3,Direct,Android,True
5388,03-Dec-25,India,Mumbai,Female,35-44,3,Organic Search,Android,True
5402,17-Aug-25,India,Hyderabad,Female,35-44,3,Influencer,iOS,True
5403,05-Jun-25,India,Delhi,Female,35-44,3,App Store,Android,True
5417,04-Dec-25,India,Bengaluru,Female,35-44,3,Email,iOS,False
5509,04-Sep-25,India,Mumbai,Female,35-44,3,Referral,iOS,False
5514,21-Dec-25,India,Delhi,Female,35-44,3,Influencer,Web,False
5537,28-Apr-25,India,Mumbai,Female,35-44,3,App Store,Android,True
5581,29-Oct-25,India,Mumbai,Female,35-44,3,Direct,Android,True
5613,07-Nov-25,India,Chennai,Female,35-44,3,Social,Android,True
5629,18-Apr-25,India,Delhi,Female,35-44,3,Direct,iOS,False
5665,30-Sep-25,India,Hyderabad,Female,35-44,3,Social,iOS,True
5678,13-Mar-25,India,Kolkata,Female,35-44,3,Organic Search,Android,True
5693,30-Oct-25,India,Bengaluru,Female,35-44,3,Social,iOS,False
5694,05-Jan-25,India,Bengaluru,Female,35-44,3,Referral,Android,True
5702,14-Jan-25,India,Chennai,Female,35-44,3,Social,Web,True
5752,12-Mar-25,India,Hyderabad,Female,35-44,3,Organic Search,Android,True
5785,31-Jul-25,India,Mumbai,Female,35-44,3,Social,Web,True
5807,12-Nov-25,India,Ahmedabad,Female,35-44,3,Direct,iOS,True
5819,24-Mar-25,India,Pune,Female,35-44,3,App Store,Android,True
5836,04-Apr-25,India,Bengaluru,Female,35-44,3,Social,Web,True
5838,07-May-25,India,Ahmedabad,Female,35-44,3,Paid Search,Web,True
5889,11-Sep-25,India,Mumbai,Female,35-44,3,Referral,iOS,True
5909,12-Mar-25,India,Chennai,Female,35-44,3,Referral,Web,True
5922,27-Jan-25,India,Mumbai,Female,35-44,3,App Store,Web,True
5927,22-Nov-25,India,Mumbai,Female,35-44,3,Email,Web,True
5932,26-May-25,India,Bengaluru,Female,35-44,3,Paid Search,Web,False
5979,05-Dec-25,India,Hyderabad,Female,35-44,3,Organic Search,iOS,True
5992,24-May-25,India,Chennai,Female,35-44,3,Email,Web,True
6018,19-Jan-25,India,Ahmedabad,Female,35-44,3,Paid Search,Android,False
6019,23-Oct-25,India,Hyderabad,Female,35-44,3,Email,iOS,True
6078,13-Jun-25,India,Delhi,Female,35-44,3,Social,Android,True
6088,06-Dec-25,India,Mumbai,Female,35-44,3,Organic Search,iOS,True
6089,05-May-25,India,Bengaluru,Female,35-44,3,App Store,iOS,True
6135,18-Jun-25,India,Bengaluru,Female,35-44,3,Social,iOS,True
6196,29-Jan-25,India,Bengaluru,Female,35-44,3,Email,Web,True
6244,21-Oct-25,India,Kolkata,Female,35-44,3,Direct,Web,True
6247,07-Jan-26,India,Delhi,Female,35-44,3,Influencer,Web,True
6273,12-Jan-26,India,Chennai,Female,35-44,3,Direct,Android,True
6346,18-Oct-25,India,Hyderabad,Female,35-44,3,Organic Search,Android,False
6370,12-May-25,India,Chennai,Female,35-44,3,App Store,Web,True
6374,22-Jul-25,India,Delhi,Female,35-44,3,Social,iOS,True
6399,11-Sep-25,India,Pune,Female,35-44,3,App Store,Web,True
6436,15-Jul-25,India,Kolkata,Female,35-44,3,Direct,Web,False
6447,24-Feb-25,India,Hyderabad,Female,35-44,3,Organic Search,iOS,True
6493,09-Jan-25,India,Mumbai,Female,35-44,3,Influencer,Web,True
6664,27-Feb-25,India,Hyderabad,Female,35-44,3,Referral,Web,True
6710,02-May-25,India,Hyderabad,Female,35-44,3,Paid Search,iOS,True
6718,30-Jan-25,India,Kolkata,Female,35-44,3,Paid Search,Web,True
6735,23-May-25,India,Hyderabad,Female,35-44,3,Social,iOS,True
6743,20-Mar-25,India,Hyderabad,Female,35-44,3,Paid Search,Android,True
6822,15-Jan-25,India,Bengaluru,Female,35-44,3,Organic Search,Android,True
6825,02-Jul-25,India,Delhi,Female,35-44,3,App Store,iOS,True
6832,24-May-25,India,Bengaluru,Female,35-44,3,Influencer,iOS,True
6833,21-Apr-25,India,Chennai,Female,35-44,3,Organic Search,Android,True
6837,29-Jul-25,India,Ahmedabad,Female,35-44,3,Direct,Web,True
6860,18-Jan-26,India,Ahmedabad,Female,35-44,3,App Store,iOS,True
6868,31-Mar-25,India,Chennai,Female,35-44,3,App Store,iOS,True
6874,10-Aug-25,India,Chennai,Female,35-44,3,Influencer,iOS,True
6884,19-Apr-25,India,Hyderabad,Female,35-44,3,Social,iOS,True
6891,14-Jan-26,India,Hyderabad,Female,35-44,3,App Store,Android,False
6926,30-Sep-25,India,Mumbai,Female,35-44,3,Social,Android,True
6976,06-Dec-25,India,Delhi,Female,35-44,3,Influencer,iOS,True
6980,18-Oct-25,India,Bengaluru,Female,35-44,3,Referral,Web,False
7043,23-Apr-25,India,Mumbai,Female,35-44,3,Social,iOS,True
7087,01-Jul-25,India,Bengaluru,Female,35-44,3,Email,Web,True
7111,20-Apr-25,India,Ahmedabad,Female,35-44,3,Direct,iOS,True
7122,17-Nov-25,India,Ahmedabad,Female,35-44,3,Influencer,iOS,True
7162,27-Dec-25,India,Bengaluru,Female,35-44,3,Direct,Android,False
7197,04-Feb-25,India,Pune,Female,35-44,3,Influencer,Android,False
7200,09-Dec-25,India,Pune,Female,35-44,3,Influencer,iOS,True
7203,18-Jun-25,India,Mumbai,Female,35-44,3,Organic Search,Web,True
7223,31-Mar-25,India,Mumbai,Female,35-44,3,Organic Search,iOS,True
7245,16-Nov-25,India,Pune,Female,35-44,3,Paid Search,Android,True
7274,18-Dec-25,India,Bengaluru,Female,35-44,3,Referral,iOS,True
7434,20-Feb-25,India,Delhi,Female,35-44,3,Referral,Android,True
7440,04-Jun-25,India,Mumbai,Female,35-44,3,Paid Search,iOS,True
7443,23-Dec-25,India,Delhi,Female,35-44,3,Email,iOS,True
7450,13-Jan-26,India,Bengaluru,Female,35-44,3,Email,Web,True
7466,16-Jan-26,India,Mumbai,Female,35-44,3,Social,Android,True
7473,21-Oct-25,India,Bengaluru,Female,35-44,3,Referral,iOS,True
7617,11-Feb-25,India,Mumbai,Female,35-44,3,Referral,Android,True
7627,20-May-25,India,Mumbai,Female,35-44,3,Referral,Web,True
7655,23-Jul-25,India,Bengaluru,Female,35-44,3,Paid Search,iOS,True
7657,31-May-25,India,Ahmedabad,Female,35-44,3,Email,Android,True
7682,07-Dec-25,India,Pune,Female,35-44,3,Email,iOS,True
7713,21-Nov-25,India,Bengaluru,Female,35-44,3,Paid Search,Android,True
7720,01-Jan-26,India,Kolkata,Female,35-44,3,Paid Search,Web,False
7724,16-Apr-25,India,Bengaluru,Female,35-44,3,Organic Search,Android,True
7767,15-Apr-25,India,Ahmedabad,Female,35-44,3,App Store,iOS,True
7769,15-Dec-25,India,Hyderabad,Female,35-44,3,Email,iOS,True
7780,01-Jan-25,India,Chennai,Female,35-44,3,App Store,iOS,True
7826,01-Nov-25,India,Delhi,Female,35-44,3,Direct,iOS,True
7828,07-Nov-25,India,Mumbai,Female,35-44,3,Paid Search,Android,True
7840,16-Jan-25,India,Hyderabad,Female,35-44,3,Organic Search,Android,False
7842,25-May-25,India,Chennai,Female,35-44,3,Direct,iOS,True
7856,09-Mar-25,India,Chennai,Female,35-44,3,Email,Android,True
7885,04-Nov-25,India,Ahmedabad,Female,35-44,3,Referral,Web,True
7889,04-Mar-25,India,Hyderabad,Female,35-44,3,Social,Android,False
7919,04-Oct-25,India,Pune,Female,35-44,3,Influencer,Web,True
7940,03-Jul-25,India,Pune,Female,35-44,3,Referral,iOS,True
7949,02-Oct-25,India,Mumbai,Female,35-44,3,Social,Android,True
10,03-Aug-25,India,Chennai,Female,18-24,1,Influencer,Web,True
42,16-Nov-25,India,Chennai,Female,18-24,1,App Store,Web,True
136,12-Sep-25,India,Mumbai,Female,18-24,1,Direct,Web,True
319,06-Jan-26,India,Ahmedabad,Female,18-24,1,Direct,Web,True
352,15-Jan-26,India,Ahmedabad,Female,18-24,1,Paid Search,Web,True
980,29-Jun-25,India,Delhi,Female,18-24,1,App Store,Web,True
1010,06-Jan-25,India,Mumbai,Female,18-24,1,Email,Web,True
1281,24-May-25,India,Bengaluru,Female,18-24,1,Email,Web,True
1525,27-Apr-25,India,Hyderabad,Female,18-24,1,Paid Search,Web,True
1574,29-Jan-25,India,Bengaluru,Female,18-24,1,Referral,Web,True
1935,19-Sep-25,India,Chennai,Female,18-24,1,Referral,Web,True
2066,18-Sep-25,India,Chennai,Female,18-24,1,Organic Search,Web,True
2173,29-Oct-25,India,Ahmedabad,Female,18-24,1,Paid Search,Web,False
2222,12-Aug-25,India,Ahmedabad,Female,18-24,1,Organic Search,Web,True
2359,15-Sep-25,India,Mumbai,Female,18-24,1,Paid Search,Web,True
2416,12-Apr-25,India,Kolkata,Female,18-24,1,Paid Search,Web,False
2557,25-Feb-25,India,Chennai,Female,18-24,1,Paid Search,Web,True
2562,05-Jun-25,India,Bengaluru,Female,18-24,1,Influencer,Web,True
2834,11-Aug-25,India,Chennai,Female,18-24,1,Email,Web,True
2970,30-Dec-25,India,Mumbai,Female,18-24,1,App Store,Web,True
3033,02-Mar-25,India,Bengaluru,Female,18-24,1,App Store,Web,True
3050,22-Apr-25,India,Chennai,Female,18-24,1,Referral,Web,True
3065,09-Apr-25,India,Bengaluru,Female,18-24,1,Email,Web,True
3252,07-Aug-25,India,Hyderabad,Female,18-24,1,Social,Web,True
3357,03-Oct-25,India,Chennai,Female,18-24,1,Email,Web,True
3655,05-Mar-25,India,Bengaluru,Female,18-24,1,App Store,Web,True
3736,04-Feb-25,India,Mumbai,Female,18-24,1,Referral,Web,True
3868,09-Dec-25,India,Pune,Female,18-24,1,Email,Web,True
3943,09-Dec-25,India,Ahmedabad,Female,18-24,1,Social,Web,True
4077,09-Mar-25,India,Kolkata,Female,18-24,1,Social,Web,True
4155,06-Jan-26,India,Chennai,Female,18-24,1,Email,Web,True
4178,30-Aug-25,India,Mumbai,Female,18-24,1,Paid Search,Web,True
4497,21-May-25,India,Kolkata,Female,18-24,1,Social,Web,True
4570,03-Jun-25,India,Bengaluru,Female,18-24,1,Direct,Web,True
4615,14-Mar-25,India,Delhi,Female,18-24,1,Influencer,Web,True
4718,13-May-25,India,Ahmedabad,Female,18-24,1,Paid Search,Web,True
4742,10-Dec-25,India,Kolkata,Female,18-24,1,Paid Search,Web,False
4819,16-Oct-25,India,Delhi,Female,18-24,1,Paid Search,Web,True
5414,09-Aug-25,India,Kolkata,Female,18-24,1,Referral,Web,True
5461,20-Jun-25,India,Delhi,Female,18-24,1,Paid Search,Web,False
5674,12-Jun-25,India,Mumbai,Female,18-24,1,App Store,Web,True
5884,10-Jan-26,India,Chennai,Female,18-24,1,Referral,Web,True
5899,27-Jul-25,India,Pune,Female,18-24,1,Influencer,Web,True
6026,10-Oct-25,India,Bengaluru,Female,18-24,1,Social,Web,True
6145,13-Sep-25,India,Kolkata,Female,18-24,1,Direct,Web,False
6151,02-Sep-25,India,Delhi,Female,18-24,1,Paid Search,Web,True
6262,20-Nov-25,India,Delhi,Female,18-24,1,Direct,Web,False
6330,16-Jan-26,India,Ahmedabad,Female,18-24,1,Social,Web,False
6993,21-Nov-25,India,Delhi,Female,18-24,1,Email,Web,True
7042,25-Feb-25,India,Bengaluru,Female,18-24,1,App Store,Web,True
7116,18-Oct-25,India,Chennai,Female,18-24,1,Direct,Web,True
7136,11-Jul-25,India,Chennai,Female,18-24,1,Organic Search,Web,True
7138,30-Sep-25,India,Delhi,Female,18-24,1,Organic Search,Web,True
7180,24-Feb-25,India,Chennai,Female,18-24,1,Organic Search,Web,True
7349,22-Dec-25,India,Hyderabad,Female,18-24,1,Social,Web,True
7488,20-Dec-25,India,Mumbai,Female,18-24,1,Paid Search,Web,True
7656,16-Jan-25,India,Kolkata,Female,18-24,1,Direct,Web,True
7965,17-Jan-25,India,Bengaluru,Female,18-24,1,Social,Web,True
66,02-Jan-25,India,Delhi,Female,18-24,1,Referral,iOS,True
109,12-Jun-25,India,Bengaluru,Female,18-24,1,Influencer,iOS,False
178,14-Dec-25,India,Pune,Female,18-24,1,Organic Search,iOS,True
273,04-Jan-26,India,Chennai,Female,18-24,1,Paid Search,iOS,True
490,10-Mar-25,India,Delhi,Female,18-24,1,Direct,iOS,True
595,21-Aug-25,India,Chennai,Female,18-24,1,Direct,iOS,True
647,31-Dec-25,India,Hyderabad,Female,18-24,1,App Store,iOS,True
653,28-Oct-25,India,Pune,Female,18-24,1,Direct,iOS,True
692,30-Oct-25,India,Pune,Female,18-24,1,Social,iOS,True
717,12-Aug-25,India,Pune,Female,18-24,1,Referral,iOS,True
757,29-Apr-25,India,Chennai,Female,18-24,1,Social,iOS,True
895,15-Feb-25,India,Hyderabad,Female,18-24,1,Influencer,iOS,True
900,14-Mar-25,India,Mumbai,Female,18-24,1,Referral,iOS,True
1018,04-Jan-26,India,Delhi,Female,18-24,1,Influencer,iOS,True
1066,04-Apr-25,India,Hyderabad,Female,18-24,1,Organic Search,iOS,True
1071,24-Aug-25,India,Ahmedabad,Female,18-24,1,Social,iOS,True
1132,19-Aug-25,India,Delhi,Female,18-24,1,Social,iOS,True
1138,15-Jul-25,India,Bengaluru,Female,18-24,1,Email,iOS,True
1162,22-Jun-25,India,Ahmedabad,Female,18-24,1,Direct,iOS,True
1391,29-Jan-25,India,Mumbai,Female,18-24,1,Email,iOS,True
1443,13-Jun-25,India,Delhi,Female,18-24,1,Influencer,iOS,True
1564,08-Sep-25,India,Hyderabad,Female,18-24,1,Referral,iOS,True
1592,20-Nov-25,India,Pune,Female,18-24,1,Paid Search,iOS,True
1598,01-Nov-25,India,Chennai,Female,18-24,1,Paid Search,iOS,True
1608,15-Nov-25,India,Hyderabad,Female,18-24,1,Paid Search,iOS,False
1885,04-Dec-25,India,Pune,Female,18-24,1,Email,iOS,True
1912,19-Dec-25,India,Bengaluru,Female,18-24,1,Direct,iOS,True
1928,16-Apr-25,India,Kolkata,Female,18-24,1,Social,iOS,True
2118,21-Nov-25,India,Delhi,Female,18-24,1,Paid Search,iOS,True
2126,04-Aug-25,India,Bengaluru,Female,18-24,1,Direct,iOS,True
2141,06-May-25,India,Chennai,Female,18-24,1,App Store,iOS,True
2169,04-Jan-26,India,Ahmedabad,Female,18-24,1,App Store,iOS,False
2224,12-Apr-25,India,Delhi,Female,18-24,1,Paid Search,iOS,False
2266,02-Oct-25,India,Chennai,Female,18-24,1,Paid Search,iOS,True
2342,10-Mar-25,India,Bengaluru,Female,18-24,1,Social,iOS,False
2374,19-Jan-25,India,Kolkata,Female,18-24,1,Social,iOS,True
2499,14-Jan-25,India,Kolkata,Female,18-24,1,Social,iOS,True
2589,04-Jun-25,India,Pune,Female,18-24,1,App Store,iOS,True
2627,23-Mar-25,India,Kolkata,Female,18-24,1,Direct,iOS,True
2663,28-Mar-25,India,Ahmedabad,Female,18-24,1,Influencer,iOS,True
2814,10-Jan-25,India,Hyderabad,Female,18-24,1,Direct,iOS,True
2893,16-Aug-25,India,Chennai,Female,18-24,1,Social,iOS,True
2934,31-Dec-25,India,Chennai,Female,18-24,1,Paid Search,iOS,True
2987,16-Aug-25,India,Bengaluru,Female,18-24,1,Direct,iOS,True
3053,26-Nov-25,India,Kolkata,Female,18-24,1,App Store,iOS,True
3129,10-Oct-25,India,Pune,Female,18-24,1,Referral,iOS,True
3143,03-Sep-25,India,Ahmedabad,Female,18-24,1,Social,iOS,True
3201,04-Dec-25,India,Chennai,Female,18-24,1,Referral,iOS,True
3262,04-Feb-25,India,Mumbai,Female,18-24,1,Email,iOS,True
3350,26-Jan-25,India,Kolkata,Female,18-24,1,Referral,iOS,True
3510,18-Feb-25,India,Bengaluru,Female,18-24,1,Social,iOS,True
3552,28-May-25,India,Bengaluru,Female,18-24,1,Organic Search,iOS,True
3564,23-Jul-25,India,Ahmedabad,Female,18-24,1,Organic Search,iOS,False
3842,30-Jan-25,India,Kolkata,Female,18-24,1,Email,iOS,True
3897,05-Aug-25,India,Hyderabad,Female,18-24,1,App Store,iOS,True
3903,13-Jan-25,India,Chennai,Female,18-24,1,Paid Search,iOS,False
4007,05-Jul-25,India,Delhi,Female,18-24,1,App Store,iOS,True
4009,30-Jun-25,India,Delhi,Female,18-24,1,Email,iOS,True
4015,11-Jun-25,India,Mumbai,Female,18-24,1,Direct,iOS,True
4073,05-Dec-25,India,Pune,Female,18-24,1,Email,iOS,True
4114,29-Oct-25,India,Mumbai,Female,18-24,1,Influencer,iOS,False
4358,14-Oct-25,India,Bengaluru,Female,18-24,1,Direct,iOS,True
4375,12-Apr-25,India,Chennai,Female,18-24,1,Paid Search,iOS,True
4630,16-Feb-25,India,Hyderabad,Female,18-24,1,Influencer,iOS,True
4641,10-Nov-25,India,Mumbai,Female,18-24,1,Referral,iOS,True
4653,13-Jun-25,India,Kolkata,Female,18-24,1,Direct,iOS,True
4839,12-Mar-25,India,Kolkata,Female,18-24,1,App Store,iOS,True
4887,17-Feb-25,India,Kolkata,Female,18-24,1,Email,iOS,True
4955,29-Jan-25,India,Bengaluru,Female,18-24,1,Direct,iOS,True
5054,13-Sep-25,India,Delhi,Female,18-24,1,Direct,iOS,True
5206,26-Jul-25,India,Mumbai,Female,18-24,1,App Store,iOS,True
5517,03-Jul-25,India,Kolkata,Female,18-24,1,Organic Search,iOS,True
5543,19-Nov-25,India,Kolkata,Female,18-24,1,Organic Search,iOS,True
5544,01-Jun-25,India,Mumbai,Female,18-24,1,Direct,iOS,True
5641,03-Jul-25,India,Ahmedabad,Female,18-24,1,Social,iOS,True
5677,27-Aug-25,India,Hyderabad,Female,18-24,1,Paid Search,iOS,True
5701,06-Sep-25,India,Mumbai,Female,18-24,1,Social,iOS,False
5763,08-Jan-26,India,Hyderabad,Female,18-24,1,Organic Search,iOS,True
5841,21-Dec-25,India,Delhi,Female,18-24,1,Influencer,iOS,True
5862,31-Aug-25,India,Ahmedabad,Female,18-24,1,Influencer,iOS,True
6076,17-Nov-25,India,Delhi,Female,18-24,1,Email,iOS,True
6083,12-Oct-25,India,Pune,Female,18-24,1,Direct,iOS,True
6114,21-Oct-25,India,Mumbai,Female,18-24,1,Influencer,iOS,True
6194,22-Nov-25,India,Kolkata,Female,18-24,1,Direct,iOS,True
6240,24-Sep-25,India,Mumbai,Female,18-24,1,Email,iOS,True
6314,16-Apr-25,India,Delhi,Female,18-24,1,Email,iOS,True
6554,04-Dec-25,India,Hyderabad,Female,18-24,1,Direct,iOS,True
6595,08-Apr-25,India,Hyderabad,Female,18-24,1,Social,iOS,True
6667,27-Nov-25,India,Ahmedabad,Female,18-24,1,App Store,iOS,True
6724,25-Nov-25,India,Ahmedabad,Female,18-24,1,App Store,iOS,True
6752,08-Jul-25,India,Kolkata,Female,18-24,1,Referral,iOS,True
6762,24-Sep-25,India,Delhi,Female,18-24,1,Influencer,iOS,True
6780,23-Oct-25,India,Chennai,Female,18-24,1,Direct,iOS,True
7066,23-Oct-25,India,Mumbai,Female,18-24,1,Email,iOS,True
7251,18-Jul-25,India,Bengaluru,Female,18-24,1,Referral,iOS,True
7361,14-Dec-25,India,Delhi,Female,18-24,1,Organic Search,iOS,True
7364,02-Dec-25,India,Chennai,Female,18-24,1,Referral,iOS,True
7459,03-Jun-25,India,Delhi,Female,18-24,1,App Store,iOS,True
7610,06-Aug-25,India,Hyderabad,Female,18-24,1,Referral,iOS,True
7654,29-Mar-25,India,Delhi,Female,18-24,1,App Store,iOS,True
7684,06-Mar-25,India,Kolkata,Female,18-24,1,Referral,iOS,True
7685,11-Jan-25,India,Kolkata,Female,18-24,1,Organic Search,iOS,True
7714,01-Sep-25,India,Hyderabad,Female,18-24,1,Email,iOS,True
7771,26-Jul-25,India,Kolkata,Female,18-24,1,Paid Search,iOS,True
7903,19-Sep-25,India,Hyderabad,Female,18-24,1,Direct,iOS,True
7994,06-Oct-25,India,Ahmedabad,Female,18-24,1,Email,iOS,True
90,07-Oct-25,India,Chennai,Female,18-24,1,Paid Search,Android,True
159,09-Jun-25,India,Hyderabad,Female,18-24,1,App Store,Android,False
162,31-Aug-25,India,Ahmedabad,Female,18-24,1,Referral,Android,False
184,01-May-25,India,Pune,Female,18-24,1,Paid Search,Android,False
199,09-Jan-26,India,Hyderabad,Female,18-24,1,Organic Search,Android,True
296,11-Sep-25,India,Bengaluru,Female,18-24,1,Email,Android,True
355,07-Oct-25,India,Delhi,Female,18-24,1,App Store,Android,True
402,21-Sep-25,India,Chennai,Female,18-24,1,Influencer,Android,True
438,07-Jan-26,India,Ahmedabad,Female,18-24,1,Email,Android,True
471,28-Apr-25,India,Kolkata,Female,18-24,1,Organic Search,Android,True
476,29-Sep-25,India,Chennai,Female,18-24,1,Organic Search,Android,True
552,25-Apr-25,India,Delhi,Female,18-24,1,Direct,Android,True
666,08-Feb-25,India,Pune,Female,18-24,1,Social,Android,True
755,31-Dec-25,India,Delhi,Female,18-24,1,Email,Android,True
788,24-Mar-25,India,Hyderabad,Female,18-24,1,Paid Search,Android,True
797,17-Sep-25,India,Mumbai,Female,18-24,1,Social,Android,True
805,03-Jun-25,India,Mumbai,Female,18-24,1,App Store,Android,True
927,14-Jan-25,India,Ahmedabad,Female,18-24,1,Social,Android,False
1051,10-Jan-25,India,Pune,Female,18-24,1,App Store,Android,True
1123,17-Jul-25,India,Pune,Female,18-24,1,Influencer,Android,True
1278,12-Oct-25,India,Hyderabad,Female,18-24,1,Influencer,Android,False
1347,07-Jul-25,India,Mumbai,Female,18-24,1,Paid Search,Android,True
1483,21-Jun-25,India,Delhi,Female,18-24,1,Direct,Android,False
1485,20-Dec-25,India,Ahmedabad,Female,18-24,1,Email,Android,True
1501,21-Sep-25,India,Kolkata,Female,18-24,1,Referral,Android,True
1505,09-Jan-26,India,Bengaluru,Female,18-24,1,App Store,Android,True
1635,11-Jan-26,India,Bengaluru,Female,18-24,1,App Store,Android,True
1876,10-Dec-25,India,Mumbai,Female,18-24,1,Influencer,Android,True
1940,05-Jan-26,India,Bengaluru,Female,18-24,1,Email,Android,True
2028,25-Sep-25,India,Mumbai,Female,18-24,1,App Store,Android,True
2046,20-Oct-25,India,Ahmedabad,Female,18-24,1,Referral,Android,True
2087,09-Nov-25,India,Mumbai,Female,18-24,1,Organic Search,Android,True
2124,30-Jun-25,India,Kolkata,Female,18-24,1,Referral,Android,True
2326,18-Feb-25,India,Pune,Female,18-24,1,Influencer,Android,True
2344,18-Feb-25,India,Bengaluru,Female,18-24,1,Social,Android,True
2371,07-Oct-25,India,Mumbai,Female,18-24,1,Organic Search,Android,True
2485,12-Jan-25,India,Delhi,Female,18-24,1,Referral,Android,True
2495,14-May-25,India,Chennai,Female,18-24,1,Paid Search,Android,False
2516,27-Sep-25,India,Pune,Female,18-24,1,Influencer,Android,True
2530,12-Jan-25,India,Pune,Female,18-24,1,Organic Search,Android,True
2600,20-Mar-25,India,Mumbai,Female,18-24,1,App Store,Android,False
2609,01-Aug-25,India,Ahmedabad,Female,18-24,1,Influencer,Android,True
2621,09-Oct-25,India,Ahmedabad,Female,18-24,1,Organic Search,Android,True
2670,19-Apr-25,India,Ahmedabad,Female,18-24,1,Email,Android,True
2838,11-Apr-25,India,Mumbai,Female,18-24,1,App Store,Android,True
3049,22-Jan-25,India,Chennai,Female,18-24,1,Social,Android,True
3072,20-Jan-25,India,Hyderabad,Female,18-24,1,Referral,Android,True
3285,08-Sep-25,India,Hyderabad,Female,18-24,1,Email,Android,True
3330,21-Nov-25,India,Pune,Female,18-24,1,Influencer,Android,False
3380,25-Sep-25,India,Kolkata,Female,18-24,1,App Store,Android,True
3453,13-Dec-25,India,Bengaluru,Female,18-24,1,Referral,Android,True
3463,20-Nov-25,India,Bengaluru,Female,18-24,1,Email,Android,True
3642,01-Jun-25,India,Ahmedabad,Female,18-24,1,App Store,Android,True
3667,05-Jan-25,India,Hyderabad,Female,18-24,1,Influencer,Android,False
3783,14-Feb-25,India,Ahmedabad,Female,18-24,1,Referral,Android,True
3823,02-Aug-25,India,Kolkata,Female,18-24,1,Direct,Android,True
3876,05-Jun-25,India,Hyderabad,Female,18-24,1,Influencer,Android,True
3887,21-May-25,India,Kolkata,Female,18-24,1,Paid Search,Android,True
3978,12-Apr-25,India,Ahmedabad,Female,18-24,1,App Store,Android,True
4070,26-Jan-25,India,Pune,Female,18-24,1,Direct,Android,True
4089,23-Jun-25,India,Pune,Female,18-24,1,Paid Search,Android,True
4109,03-Mar-25,India,Bengaluru,Female,18-24,1,App Store,Android,True
4158,05-May-25,India,Mumbai,Female,18-24,1,Organic Search,Android,True
4193,26-Dec-25,India,Chennai,Female,18-24,1,Direct,Android,True
4256,16-Jul-25,India,Delhi,Female,18-24,1,App Store,Android,True
4258,19-May-25,India,Hyderabad,Female,18-24,1,Direct,Android,True
4267,18-Jul-25,India,Bengaluru,Female,18-24,1,Referral,Android,True
4291,02-Jan-26,India,Mumbai,Female,18-24,1,App Store,Android,True
4610,02-Jan-26,India,Delhi,Female,18-24,1,App Store,Android,True
4643,27-Nov-25,India,Bengaluru,Female,18-24,1,Influencer,Android,True
4701,02-Aug-25,India,Bengaluru,Female,18-24,1,Influencer,Android,False
4703,15-May-25,India,Mumbai,Female,18-24,1,Referral,Android,False
4763,19-Apr-25,India,Mumbai,Female,18-24,1,Referral,Android,True
4856,10-Sep-25,India,Chennai,Female,18-24,1,App Store,Android,True
4932,03-Mar-25,India,Ahmedabad,Female,18-24,1,Email,Android,True
4964,05-Mar-25,India,Ahmedabad,Female,18-24,1,Social,Android,False
5004,10-Aug-25,India,Delhi,Female,18-24,1,Social,Android,True
5123,15-Oct-25,India,Ahmedabad,Female,18-24,1,App Store,Android,False
5297,06-Jan-26,India,Chennai,Female,18-24,1,Organic Search,Android,True
5299,28-Sep-25,India,Bengaluru,Female,18-24,1,Influencer,Android,True
5332,12-Dec-25,India,Bengaluru,Female,18-24,1,Paid Search,Android,False
5430,30-Dec-25,India,Bengaluru,Female,18-24,1,App Store,Android,True
5433,09-Nov-25,India,Hyderabad,Female,18-24,1,Social,Android,True
5503,26-Sep-25,India,Bengaluru,Female,18-24,1,Email,Android,True
5551,15-Apr-25,India,Delhi,Female,18-24,1,Direct,Android,True
5553,13-Feb-25,India,Kolkata,Female,18-24,1,Organic Search,Android,True
5566,03-Sep-25,India,Pune,Female,18-24,1,Paid Search,Android,True
5706,19-Jan-25,India,Delhi,Female,18-24,1,Organic Search,Android,True
5792,19-May-25,India,Ahmedabad,Female,18-24,1,Email,Android,True
5895,19-Oct-25,India,Delhi,Female,18-24,1,Referral,Android,True
6034,25-Mar-25,India,Kolkata,Female,18-24,1,Social,Android,True
6085,12-Jan-25,India,Chennai,Female,18-24,1,Influencer,Android,True
6215,20-Jun-25,India,Ahmedabad,Female,18-24,1,Influencer,Android,True
6327,18-Jun-25,India,Pune,Female,18-24,1,Social,Android,True
6344,27-Jun-25,India,Pune,Female,18-24,1,Influencer,Android,True
6368,31-Oct-25,India,Kolkata,Female,18-24,1,Referral,Android,True
6426,29-Jul-25,India,Hyderabad,Female,18-24,1,Paid Search,Android,True
6445,04-Jul-25,India,Pune,Female,18-24,1,Email,Android,False
6456,22-Sep-25,India,Hyderabad,Female,18-24,1,Paid Search,Android,True
6467,03-May-25,India,Ahmedabad,Female,18-24,1,Paid Search,Android,True
6495,30-Nov-25,India,Chennai,Female,18-24,1,Direct,Android,False
6550,28-May-25,India,Kolkata,Female,18-24,1,Paid Search,Android,True
6621,09-Dec-25,India,Hyderabad,Female,18-24,1,App Store,Android,True
6623,18-Dec-25,India,Kolkata,Female,18-24,1,Referral,Android,True
6776,08-Nov-25,India,Kolkata,Female,18-24,1,Email,Android,True
6807,23-Mar-25,India,Ahmedabad,Female,18-24,1,App Store,Android,True
6812,21-Nov-25,India,Hyderabad,Female,18-24,1,Email,Android,False
6826,27-Sep-25,India,Chennai,Female,18-24,1,Direct,Android,False
6866,08-Jul-25,India,Pune,Female,18-24,1,Email,Android,True
6998,15-Apr-25,India,Chennai,Female,18-24,1,Organic Search,Android,True
7077,08-Sep-25,India,Chennai,Female,18-24,1,Organic Search,Android,True
7155,10-Jan-25,India,Bengaluru,Female,18-24,1,Email,Android,True
7168,30-Jul-25,India,Hyderabad,Female,18-24,1,Social,Android,True
7172,23-Jan-25,India,Kolkata,Female,18-24,1,App Store,Android,True
7241,03-Mar-25,India,Pune,Female,18-24,1,Organic Search,Android,True
7296,11-Apr-25,India,Mumbai,Female,18-24,1,Influencer,Android,True
7376,28-Oct-25,India,Ahmedabad,Female,18-24,1,Paid Search,Android,True
7388,26-Sep-25,India,Kolkata,Female,18-24,1,Social,Android,True
7400,20-Mar-25,India,Hyderabad,Female,18-24,1,App Store,Android,True
7476,26-Aug-25,India,Kolkata,Female,18-24,1,Referral,Android,True
7527,29-May-25,India,Kolkata,Female,18-24,1,Direct,Android,False
7541,13-Feb-25,India,Delhi,Female,18-24,1,Referral,Android,True
7577,14-Aug-25,India,Ahmedabad,Female,18-24,1,Influencer,Android,True
7605,09-Dec-25,India,Ahmedabad,Female,18-24,1,App Store,Android,False
7875,26-Mar-25,India,Pune,Female,18-24,1,Influencer,Android,True
7887,15-Jun-25,India,Chennai,Female,18-24,1,Organic Search,Android,True
7917,05-Jan-25,India,Ahmedabad,Female,18-24,1,Organic Search,Android,False
7988,29-Jul-25,India,Delhi,Female,18-24,1,App Store,Android,True
8000,22-Sep-25,India,Ahmedabad,Female,18-24,1,Paid Search,Android,True
28,10-Sep-25,India,Ahmedabad,Other,18-24,1,Paid Search,Android,False
1305,24-Feb-25,India,Bengaluru,Other,18-24,1,Email,Android,True
1571,14-Jan-26,India,Kolkata,Other,18-24,1,Organic Search,Android,True
1616,18-Jul-25,India,Hyderabad,Other,18-24,1,Social,Android,False
1735,31-Jan-25,India,Hyderabad,Other,18-24,1,Organic Search,Android,True
1839,07-Oct-25,India,Mumbai,Other,18-24,1,Influencer,Android,True
2229,22-Sep-25,India,Chennai,Other,18-24,1,Organic Search,iOS,True
2438,03-Jan-25,India,Delhi,Other,18-24,1,Referral,Android,True
2490,23-Mar-25,India,Delhi,Other,18-24,1,Direct,Web,True
2780,29-Mar-25,India,Mumbai,Other,18-24,1,Email,Android,True
3242,08-Feb-25,India,Mumbai,Other,18-24,1,App Store,Android,True
3420,06-Feb-25,India,Delhi,Other,18-24,1,Organic Search,iOS,True
3864,06-Apr-25,India,Bengaluru,Other,18-24,1,Paid Search,iOS,True
4068,18-Jul-25,India,Hyderabad,Other,18-24,1,Influencer,Android,True
4184,15-Mar-25,India,Kolkata,Other,18-24,1,Paid Search,iOS,True
4627,02-Sep-25,India,Hyderabad,Other,18-24,1,App Store,Android,True
4665,14-Mar-25,India,Ahmedabad,Other,18-24,1,Referral,Android,True
4859,27-Apr-25,India,Mumbai,Other,18-24,1,Paid Search,Web,True
5515,26-Aug-25,India,Mumbai,Other,18-24,1,Organic Search,Web,True
5526,02-Jan-26,India,Hyderabad,Other,18-24,1,Influencer,iOS,True
5597,26-Dec-25,India,Hyderabad,Other,18-24,1,Referral,iOS,True
5778,16-Apr-25,India,Pune,Other,18-24,1,Email,Android,True
5976,12-Jun-25,India,Kolkata,Other,18-24,1,Paid Search,Android,True
6154,30-Sep-25,India,Delhi,Other,18-24,1,Email,Web,True
6574,21-Aug-25,India,Bengaluru,Other,18-24,1,Paid Search,Android,True
6596,07-May-25,India,Chennai,Other,18-24,1,Influencer,Android,False
6933,25-Jul-25,India,Hyderabad,Other,18-24,1,Referral,Android,True
6964,11-Jul-25,India,Chennai,Other,18-24,1,Organic Search,Web,True
7129,23-Feb-25,India,Hyderabad,Other,18-24,1,Referral,iOS,True
7240,15-Jan-25,India,Kolkata,Other,18-24,1,Referral,Web,True
7283,03-Jan-26,India,Bengaluru,Other,18-24,1,Paid Search,Android,True
7462,12-Jan-26,India,Ahmedabad,Other,18-24,1,Organic Search,Web,True
8,13-Apr-25,India,Kolkata,Male,18-24,1,Organic Search,Android,False
188,25-Dec-25,India,Mumbai,Male,18-24,1,App Store,Web,False
560,04-Oct-25,India,Ahmedabad,Male,18-24,1,App Store,Android,False
605,08-Jan-26,India,Pune,Male,18-24,1,Direct,Android,False
711,23-Feb-25,India,Ahmedabad,Male,18-24,1,Paid Search,Android,False
792,01-Jan-26,India,Hyderabad,Male,18-24,1,Email,Android,False
806,07-Sep-25,India,Kolkata,Male,18-24,1,Influencer,iOS,False
1429,10-May-25,India,Hyderabad,Male,18-24,1,Social,Web,False
1452,21-Apr-25,India,Chennai,Male,18-24,1,Social,Android,False
1454,03-Sep-25,India,Pune,Male,18-24,1,Influencer,Android,False
1721,14-Feb-25,India,Bengaluru,Male,18-24,1,Paid Search,iOS,False
2545,10-May-25,India,Delhi,Male,18-24,1,Influencer,Web,False
2619,02-Jul-25,India,Kolkata,Male,18-24,1,Paid Search,Web,False
2716,13-Jun-25,India,Kolkata,Male,18-24,1,Influencer,Android,False
2724,17-Dec-25,India,Pune,Male,18-24,1,Direct,Web,False
2998,11-Mar-25,India,Chennai,Male,18-24,1,Social,iOS,False
3096,11-Sep-25,India,Mumbai,Male,18-24,1,App Store,Web,False
3438,01-Jan-25,India,Mumbai,Male,18-24,1,Email,iOS,False
3643,07-Sep-25,India,Hyderabad,Male,18-24,1,Influencer,iOS,False
3894,05-Jul-25,India,Pune,Male,18-24,1,Email,Web,False
3895,06-Aug-25,India,Bengaluru,Male,18-24,1,App Store,Web,False
3938,25-Nov-25,India,Pune,Male,18-24,1,Organic Search,iOS,False
4003,29-Sep-25,India,Pune,Male,18-24,1,Social,Web,False
4031,16-Aug-25,India,Kolkata,Male,18-24,1,Email,iOS,False
4393,16-Jun-25,India,Chennai,Male,18-24,1,Email,Android,False
4462,25-Jul-25,India,Bengaluru,Male,18-24,1,Organic Search,Web,False
4738,02-Mar-25,India,Kolkata,Male,18-24,1,App Store,Web,False
4749,18-Dec-25,India,Chennai,Male,18-24,1,Referral,Android,False
4960,18-Jan-26,India,Chennai,Male,18-24,1,Paid Search,Web,False
4983,23-Jul-25,India,Ahmedabad,Male,18-24,1,Email,Web,False
5186,14-Nov-25,India,Pune,Male,18-24,1,App Store,iOS,False
5423,24-Feb-25,India,Pune,Male,18-24,1,Referral,Android,False
6126,03-Dec-25,India,Bengaluru,Male,18-24,1,Referral,Android,False
6300,27-Sep-25,India,Kolkata,Male,18-24,1,App Store,Android,False
6339,12-May-25,India,Chennai,Male,18-24,1,App Store,Web,False
6520,14-May-25,India,Bengaluru,Male,18-24,1,Email,Web,False
6916,03-Jan-25,India,Mumbai,Male,18-24,1,Influencer,iOS,False
6991,16-Dec-25,India,Kolkata,Male,18-24,1,Direct,iOS,False
7031,11-Oct-25,India,Bengaluru,Male,18-24,1,Influencer,iOS,False
7293,01-Oct-25,India,Kolkata,Male,18-24,1,Social,Web,False
7487,04-Jan-25,India,Bengaluru,Male,18-24,1,Influencer,Android,False
7507,20-May-25,India,Hyderabad,Male,18-24,1,Social,Android,False
7808,17-Feb-25,India,Hyderabad,Male,18-24,1,Email,Web,False
39,30-Dec-25,India,Kolkata,Male,18-24,1,Organic Search,Web,True
99,06-Mar-25,India,Delhi,Male,18-24,1,Paid Search,Web,True
132,11-May-25,India,Delhi,Male,18-24,1,Influencer,Web,True
138,10-Oct-25,India,Chennai,Male,18-24,1,Direct,Android,True
191,14-Nov-25,India,Hyderabad,Male,18-24,1,Email,Android,True
220,12-Aug-25,India,Chennai,Male,18-24,1,Organic Search,iOS,True
241,28-Aug-25,India,Chennai,Male,18-24,1,Social,Web,True
274,02-Jan-25,India,Pune,Male,18-24,1,Organic Search,Android,True
378,24-Apr-25,India,Mumbai,Male,18-24,1,Paid Search,iOS,True
424,19-Jun-25,India,Bengaluru,Male,18-24,1,Social,Android,True
427,23-Feb-25,India,Kolkata,Male,18-24,1,Social,Web,True
455,02-Apr-25,India,Mumbai,Male,18-24,1,Influencer,Android,True
469,06-Apr-25,India,Hyderabad,Male,18-24,1,Social,iOS,True
474,25-Aug-25,India,Delhi,Male,18-24,1,Social,Web,True
532,25-Sep-25,India,Mumbai,Male,18-24,1,Email,Android,True
546,03-Aug-25,India,Ahmedabad,Male,18-24,1,Paid Search,Android,True
565,15-Aug-25,India,Kolkata,Male,18-24,1,Direct,Android,True
582,27-Dec-25,India,Mumbai,Male,18-24,1,Social,iOS,True
622,12-Jun-25,India,Hyderabad,Male,18-24,1,Direct,iOS,True
669,21-May-25,India,Kolkata,Male,18-24,1,Paid Search,Web,True
782,24-Dec-25,India,Kolkata,Male,18-24,1,App Store,Android,True
817,09-Nov-25,India,Delhi,Male,18-24,1,App Store,Android,True
826,13-Apr-25,India,Mumbai,Male,18-24,1,Paid Search,Web,True
888,22-Jan-25,India,Ahmedabad,Male,18-24,1,Influencer,iOS,True
918,23-Apr-25,India,Chennai,Male,18-24,1,Paid Search,iOS,True
947,15-Jan-25,India,Hyderabad,Male,18-24,1,Direct,Android,True
999,05-Apr-25,India,Pune,Male,18-24,1,Paid Search,iOS,True
1065,07-Feb-25,India,Pune,Male,18-24,1,Email,Android,True
1088,27-Sep-25,India,Delhi,Male,18-24,1,Paid Search,Android,True
1107,14-Apr-25,India,Delhi,Male,18-24,1,App Store,iOS,True
1119,05-Nov-25,India,Pune,Male,18-24,1,Referral,Android,True
1173,11-Jan-25,India,Pune,Male,18-24,1,Organic Search,Android,True
1199,07-May-25,India,Ahmedabad,Male,18-24,1,Organic Search,iOS,True
1237,17-Jan-25,India,Kolkata,Male,18-24,1,Organic Search,Android,True
1240,08-Sep-25,India,Delhi,Male,18-24,1,Referral,iOS,True
1309,08-Jan-25,India,Bengaluru,Male,18-24,1,Direct,iOS,True
1327,29-Mar-25,India,Hyderabad,Male,18-24,1,App Store,Android,True
1355,29-Apr-25,India,Delhi,Male,18-24,1,Paid Search,Android,True
1401,11-Feb-25,India,Mumbai,Male,18-24,1,Organic Search,Web,True
1469,20-Jul-25,India,Hyderabad,Male,18-24,1,Social,Android,True
1477,25-Jan-25,India,Bengaluru,Male,18-24,1,App Store,Android,True
1488,11-Apr-25,India,Chennai,Male,18-24,1,Email,Android,True
1499,04-Aug-25,India,Mumbai,Male,18-24,1,Direct,iOS,True
1549,30-Dec-25,India,Bengaluru,Male,18-24,1,Influencer,iOS,True
1659,30-Apr-25,India,Delhi,Male,18-24,1,Influencer,iOS,True
1717,31-Oct-25,India,Kolkata,Male,18-24,1,Influencer,Android,True
1761,12-Jun-25,India,Chennai,Male,18-24,1,Email,Android,True
1821,03-Dec-25,India,Bengaluru,Male,18-24,1,Social,Android,True
1834,15-Jan-25,India,Pune,Male,18-24,1,Referral,Web,True
1842,28-Sep-25,India,Delhi,Male,18-24,1,Direct,Android,True
1862,15-Jan-25,India,Ahmedabad,Male,18-24,1,Social,Android,True
1893,16-Oct-25,India,Chennai,Male,18-24,1,App Store,Web,True
1904,21-Mar-25,India,Ahmedabad,Male,18-24,1,Email,Android,True
1978,05-Nov-25,India,Ahmedabad,Male,18-24,1,Paid Search,Web,True
2045,10-Jan-26,India,Pune,Male,18-24,1,Organic Search,iOS,True
2072,14-Jul-25,India,Kolkata,Male,18-24,1,Influencer,Android,True
2105,05-Jan-26,India,Bengaluru,Male,18-24,1,Referral,Android,True
2108,20-Oct-25,India,Hyderabad,Male,18-24,1,Influencer,Android,True
2144,02-Dec-25,India,Pune,Male,18-24,1,Organic Search,iOS,True
2159,12-Jul-25,India,Ahmedabad,Male,18-24,1,Email,Android,True
2269,16-Jan-26,India,Mumbai,Male,18-24,1,Organic Search,iOS,True
2279,16-Apr-25,India,Mumbai,Male,18-24,1,Social,iOS,True
2297,25-Oct-25,India,Chennai,Male,18-24,1,Organic Search,Web,True
2360,16-Nov-25,India,Mumbai,Male,18-24,1,Email,iOS,True
2401,21-Sep-25,India,Mumbai,Male,18-24,1,Influencer,Web,True
2429,07-Nov-25,India,Bengaluru,Male,18-24,1,Referral,Android,True
2476,03-Jun-25,India,Pune,Male,18-24,1,Organic Search,Android,True
2512,06-Nov-25,India,Hyderabad,Male,18-24,1,App Store,iOS,True
2541,09-Jun-25,India,Mumbai,Male,18-24,1,Organic Search,iOS,True
2551,11-Dec-25,India,Ahmedabad,Male,18-24,1,App Store,Android,True
2563,09-Jul-25,India,Mumbai,Male,18-24,1,App Store,Android,True
2579,04-Nov-25,India,Bengaluru,Male,18-24,1,App Store,iOS,True
2603,10-Nov-25,India,Pune,Male,18-24,1,Direct,iOS,True
2611,04-Dec-25,India,Delhi,Male,18-24,1,Social,Android,True
2622,15-Jul-25,India,Ahmedabad,Male,18-24,1,Social,Android,True
2624,21-Feb-25,India,Chennai,Male,18-24,1,Referral,iOS,True
2673,13-May-25,India,Delhi,Male,18-24,1,Referral,Web,True
2703,17-Jan-26,India,Mumbai,Male,18-24,1,Direct,iOS,True
2711,09-Jul-25,India,Kolkata,Male,18-24,1,App Store,iOS,True
2753,18-Jan-25,India,Kolkata,Male,18-24,1,Influencer,iOS,True
2754,29-May-25,India,Mumbai,Male,18-24,1,Social,iOS,True
2789,28-Apr-25,India,Chennai,Male,18-24,1,Organic Search,iOS,True
2813,20-Dec-25,India,Pune,Male,18-24,1,Paid Search,Web,True
2825,23-Feb-25,India,Kolkata,Male,18-24,1,Direct,Web,True
2889,22-Dec-25,India,Mumbai,Male,18-24,1,Direct,iOS,True
2939,10-Mar-25,India,Mumbai,Male,18-24,1,Direct,Web,True
2952,22-Oct-25,India,Pune,Male,18-24,1,Referral,iOS,True
2984,13-Feb-25,India,Hyderabad,Male,18-24,1,Influencer,Android,True
3034,20-Dec-25,India,Ahmedabad,Male,18-24,1,Email,iOS,True
3042,17-Jul-25,India,Kolkata,Male,18-24,1,Email,Web,True
3063,28-Feb-25,India,Ahmedabad,Male,18-24,1,Direct,Android,True
3087,27-Sep-25,India,Ahmedabad,Male,18-24,1,Organic Search,iOS,True
3101,19-Sep-25,India,Hyderabad,Male,18-24,1,Direct,Web,True
3108,03-Nov-25,India,Kolkata,Male,18-24,1,Paid Search,iOS,True
3122,11-Feb-25,India,Hyderabad,Male,18-24,1,Referral,iOS,True
3153,19-Apr-25,India,Delhi,Male,18-24,1,Social,iOS,True
3247,29-Jul-25,India,Pune,Male,18-24,1,Influencer,iOS,True
3249,13-Aug-25,India,Ahmedabad,Male,18-24,1,App Store,iOS,True
3301,22-Jul-25,India,Hyderabad,Male,18-24,1,Direct,Web,True
3374,28-Mar-25,India,Delhi,Male,18-24,1,App Store,Android,True
3376,02-Aug-25,India,Mumbai,Male,18-24,1,Paid Search,iOS,True
3392,18-Oct-25,India,Mumbai,Male,18-24,1,Social,iOS,True
3399,18-Feb-25,India,Kolkata,Male,18-24,1,App Store,Web,True
3408,22-Oct-25,India,Delhi,Male,18-24,1,Social,Android,True
3447,28-Oct-25,India,Chennai,Male,18-24,1,Influencer,Android,True
3503,23-Aug-25,India,Mumbai,Male,18-24,1,Email,Android,True
3555,21-Jul-25,India,Bengaluru,Male,18-24,1,Influencer,Android,True
3583,11-Nov-25,India,Pune,Male,18-24,1,Email,iOS,True
3597,01-Oct-25,India,Ahmedabad,Male,18-24,1,Organic Search,Web,True
3598,20-Jul-25,India,Chennai,Male,18-24,1,Organic Search,iOS,True
3600,12-Oct-25,India,Chennai,Male,18-24,1,Direct,Android,True
3612,31-Dec-25,India,Chennai,Male,18-24,1,Email,iOS,True
3626,19-May-25,India,Mumbai,Male,18-24,1,Direct,iOS,True
3638,04-Dec-25,India,Pune,Male,18-24,1,Social,Android,True
3648,11-Oct-25,India,Ahmedabad,Male,18-24,1,Paid Search,Web,True
3733,13-Jul-25,India,Chennai,Male,18-24,1,Influencer,iOS,True
3833,28-May-25,India,Kolkata,Male,18-24,1,Referral,iOS,True
3877,19-May-25,India,Mumbai,Male,18-24,1,Organic Search,Android,True
3906,30-Dec-25,India,Kolkata,Male,18-24,1,Email,iOS,True
3939,15-Jun-25,India,Hyderabad,Male,18-24,1,Paid Search,Web,True
3955,29-May-25,India,Pune,Male,18-24,1,Paid Search,Web,True
3981,03-Dec-25,India,Pune,Male,18-24,1,Organic Search,Android,True
3992,29-Jan-25,India,Bengaluru,Male,18-24,1,Influencer,iOS,True
4023,09-Nov-25,India,Chennai,Male,18-24,1,Organic Search,Web,True
4083,12-Apr-25,India,Delhi,Male,18-24,1,App Store,iOS,True
4116,10-Aug-25,India,Hyderabad,Male,18-24,1,Organic Search,Android,True
4166,08-Jan-25,India,Kolkata,Male,18-24,1,Direct,Android,True
4168,28-Dec-25,India,Hyderabad,Male,18-24,1,Direct,Web,True
4230,22-Jun-25,India,Bengaluru,Male,18-24,1,Direct,Web,True
4236,20-Nov-25,India,Ahmedabad,Male,18-24,1,Email,Android,True
4239,27-Feb-25,India,Kolkata,Male,18-24,1,App Store,iOS,True
4260,29-May-25,India,Delhi,Male,18-24,1,Referral,Android,True
4262,17-Mar-25,India,Ahmedabad,Male,18-24,1,Email,Android,True
4294,09-Feb-25,India,Pune,Male,18-24,1,Organic Search,Web,True
4324,13-Nov-25,India,Kolkata,Male,18-24,1,Organic Search,iOS,True
4355,29-Aug-25,India,Chennai,Male,18-24,1,Organic Search,Android,True
4357,28-Feb-25,India,Delhi,Male,18-24,1,Paid Search,iOS,True
4366,10-Jan-25,India,Delhi,Male,18-24,1,Referral,iOS,True
4378,10-Jul-25,India,Chennai,Male,18-24,1,Direct,Android,True
4379,05-Aug-25,India,Chennai,Male,18-24,1,Social,Web,True
4418,28-Sep-25,India,Pune,Male,18-24,1,Paid Search,Web,True
4440,12-Jul-25,India,Ahmedabad,Male,18-24,1,Influencer,iOS,True
4463,10-Jan-26,India,Pune,Male,18-24,1,Direct,Web,True
4472,12-Jan-25,India,Delhi,Male,18-24,1,Organic Search,Android,True
4484,11-Jan-26,India,Mumbai,Male,18-24,1,Direct,Android,True
4493,14-Jan-26,India,Hyderabad,Male,18-24,1,Influencer,iOS,True
4495,16-Jun-25,India,Chennai,Male,18-24,1,Social,Android,True
4516,06-Jun-25,India,Chennai,Male,18-24,1,Referral,Android,True
4540,22-Jan-25,India,Delhi,Male,18-24,1,Paid Search,Android,True
4574,11-Nov-25,India,Kolkata,Male,18-24,1,Influencer,Android,True
4603,05-Jan-26,India,Mumbai,Male,18-24,1,Social,iOS,True
4614,14-Jan-26,India,Mumbai,Male,18-24,1,Organic Search,Android,True
4622,19-Jun-25,India,Pune,Male,18-24,1,Influencer,Web,True
4645,04-Dec-25,India,Kolkata,Male,18-24,1,App Store,Android,True
4663,28-Jun-25,India,Mumbai,Male,18-24,1,Paid Search,Android,True
4691,02-Apr-25,India,Pune,Male,18-24,1,App Store,Web,True
4746,29-Oct-25,India,Ahmedabad,Male,18-24,1,Referral,Android,True
4780,15-Feb-25,India,Bengaluru,Male,18-24,1,Paid Search,iOS,True
4832,16-Nov-25,India,Bengaluru,Male,18-24,1,Paid Search,Android,True
4840,26-Sep-25,India,Bengaluru,Male,18-24,1,Email,iOS,True
4852,17-Jan-25,India,Delhi,Male,18-24,1,App Store,Android,True
4920,09-Feb-25,India,Delhi,Male,18-24,1,Email,Android,True
4935,14-Dec-25,India,Ahmedabad,Male,18-24,1,App Store,Web,True
4951,21-Dec-25,India,Kolkata,Male,18-24,1,Email,Android,True
5010,20-Apr-25,India,Mumbai,Male,18-24,1,Organic Search,iOS,True
5013,05-Oct-25,India,Mumbai,Male,18-24,1,Referral,Android,True
5041,25-Feb-25,India,Chennai,Male,18-24,1,Social,Web,True
5111,10-Jul-25,India,Bengaluru,Male,18-24,1,Organic Search,iOS,True
5117,03-Sep-25,India,Chennai,Male,18-24,1,Organic Search,iOS,True
5129,11-Jan-26,India,Kolkata,Male,18-24,1,App Store,iOS,True
5217,30-Sep-25,India,Chennai,Male,18-24,1,Organic Search,iOS,True
5256,11-Apr-25,India,Pune,Male,18-24,1,Social,Web,True
5260,11-Aug-25,India,Pune,Male,18-24,1,Referral,iOS,True
5273,06-Apr-25,India,Hyderabad,Male,18-24,1,Social,Android,True
5300,15-Nov-25,India,Delhi,Male,18-24,1,Influencer,iOS,True
5315,30-Jul-25,India,Mumbai,Male,18-24,1,Influencer,iOS,True
5330,18-Mar-25,India,Chennai,Male,18-24,1,Email,Android,True
5356,13-Mar-25,India,Chennai,Male,18-24,1,Social,Android,True
5367,11-Nov-25,India,Kolkata,Male,18-24,1,Email,Android,True
5382,13-Jan-25,India,Ahmedabad,Male,18-24,1,Organic Search,Web,True
5384,07-May-25,India,Bengaluru,Male,18-24,1,Social,Android,True
5407,02-Jan-25,India,Hyderabad,Male,18-24,1,App Store,Web,True
5413,06-Apr-25,India,Delhi,Male,18-24,1,Organic Search,Android,True
5471,06-Nov-25,India,Bengaluru,Male,18-24,1,Social,Web,True
5498,06-Aug-25,India,Bengaluru,Male,18-24,1,App Store,Android,True
5560,12-May-25,India,Kolkata,Male,18-24,1,Email,Android,True
5600,09-Feb-25,India,Mumbai,Male,18-24,1,App Store,Web,True
5657,28-Jul-25,India,Ahmedabad,Male,18-24,1,Paid Search,iOS,True
5695,20-Jan-25,India,Bengaluru,Male,18-24,1,Social,Android,True
5709,03-Dec-25,India,Delhi,Male,18-24,1,Referral,Android,True
5843,17-Feb-25,India,Pune,Male,18-24,1,Email,iOS,True
5867,19-Sep-25,India,Delhi,Male,18-24,1,Paid Search,iOS,True
5903,15-Dec-25,India,Ahmedabad,Male,18-24,1,Influencer,iOS,True
5938,21-May-25,India,Mumbai,Male,18-24,1,Direct,Web,True
5969,17-May-25,India,Mumbai,Male,18-24,1,Paid Search,iOS,True
6043,13-Aug-25,India,Bengaluru,Male,18-24,1,Social,iOS,True
6049,03-Sep-25,India,Pune,Male,18-24,1,Direct,Web,True
6068,10-Jan-25,India,Chennai,Male,18-24,1,Email,Web,True
6119,06-Jul-25,India,Pune,Male,18-24,1,Referral,Web,True
6136,06-Nov-25,India,Chennai,Male,18-24,1,Email,Web,True
6138,08-Apr-25,India,Mumbai,Male,18-24,1,Email,Android,True
6149,12-Feb-25,India,Ahmedabad,Male,18-24,1,Social,Web,True
6189,21-Apr-25,India,Ahmedabad,Male,18-24,1,Direct,iOS,True
6221,31-Dec-25,India,Ahmedabad,Male,18-24,1,Paid Search,iOS,True
6235,30-Jul-25,India,Mumbai,Male,18-24,1,App Store,Android,True
6236,28-Aug-25,India,Kolkata,Male,18-24,1,Email,iOS,True
6272,27-Jul-25,India,Chennai,Male,18-24,1,Social,Android,True
6303,13-Oct-25,India,Hyderabad,Male,18-24,1,Organic Search,iOS,True
6354,01-Feb-25,India,Ahmedabad,Male,18-24,1,Social,Android,True
6391,11-Mar-25,India,Delhi,Male,18-24,1,Referral,iOS,True
6397,11-Apr-25,India,Delhi,Male,18-24,1,Influencer,Android,True
6435,29-Jul-25,India,Chennai,Male,18-24,1,Referral,iOS,True
6509,04-Jan-26,India,Delhi,Male,18-24,1,App Store,Android,True
6511,12-Jan-25,India,Hyderabad,Male,18-24,1,Email,Android,True
6524,21-May-25,India,Hyderabad,Male,18-24,1,Paid Search,Web,True
6552,04-Dec-25,India,Kolkata,Male,18-24,1,Direct,Android,True
6659,03-Sep-25,India,Bengaluru,Male,18-24,1,Referral,Web,True
6677,13-Aug-25,India,Pune,Male,18-24,1,Referral,Android,True
6706,16-Jan-26,India,Delhi,Male,18-24,1,Influencer,Android,True
6713,27-Dec-25,India,Ahmedabad,Male,18-24,1,App Store,Android,True
6737,12-Jan-26,India,Hyderabad,Male,18-24,1,Paid Search,iOS,True
6771,14-Mar-25,India,Kolkata,Male,18-24,1,Influencer,Android,True
6774,10-May-25,India,Chennai,Male,18-24,1,Paid Search,Android,True
6784,06-Jun-25,India,Ahmedabad,Male,18-24,1,Referral,iOS,True
6791,03-Oct-25,India,Delhi,Male,18-24,1,Social,Android,True
6869,25-Jun-25,India,Delhi,Male,18-24,1,Direct,Android,True
6894,14-Apr-25,India,Hyderabad,Male,18-24,1,Paid Search,iOS,True
6950,13-Sep-25,India,Delhi,Male,18-24,1,Social,iOS,True
6957,20-Mar-25,India,Hyderabad,Male,18-24,1,Organic Search,iOS,True
7004,22-Sep-25,India,Delhi,Male,18-24,1,Organic Search,Web,True
7044,13-Jan-25,India,Mumbai,Male,18-24,1,Direct,Android,True
7067,11-Mar-25,India,Chennai,Male,18-24,1,Referral,Android,True
7103,31-Jan-25,India,Ahmedabad,Male,18-24,1,Referral,Web,True
7110,26-Jul-25,India,Hyderabad,Male,18-24,1,Influencer,iOS,True
7113,25-Feb-25,India,Ahmedabad,Male,18-24,1,Social,Android,True
7130,17-Jun-25,India,Delhi,Male,18-24,1,Direct,Web,True
7148,25-Jul-25,India,Kolkata,Male,18-24,1,Influencer,Web,True
7158,20-May-25,India,Bengaluru,Male,18-24,1,Social,Android,True
7195,30-Nov-25,India,Bengaluru,Male,18-24,1,Social,Android,True
7275,12-Jan-26,India,Bengaluru,Male,18-24,1,Direct,Android,True
7297,14-Feb-25,India,Bengaluru,Male,18-24,1,Organic Search,iOS,True
7327,11-May-25,India,Delhi,Male,18-24,1,Direct,Web,True
7374,26-Jan-25,India,Hyderabad,Male,18-24,1,Influencer,Android,True
7378,04-Mar-25,India,Mumbai,Male,18-24,1,Influencer,Android,True
7431,03-Sep-25,India,Ahmedabad,Male,18-24,1,Email,iOS,True
7435,12-Mar-25,India,Chennai,Male,18-24,1,Email,Android,True
7442,17-Apr-25,India,Ahmedabad,Male,18-24,1,Email,Android,True
7448,23-May-25,India,Chennai,Male,18-24,1,Influencer,Android,True
7483,06-Jan-26,India,Ahmedabad,Male,18-24,1,Influencer,Android,True
7567,10-Oct-25,India,Pune,Male,18-24,1,Paid Search,Web,True
7570,29-Jun-25,India,Ahmedabad,Male,18-24,1,Paid Search,Android,True
7612,10-Jun-25,India,Ahmedabad,Male,18-24,1,Social,Web,True
7728,19-Mar-25,India,Mumbai,Male,18-24,1,Referral,iOS,True
7757,03-Aug-25,India,Hyderabad,Male,18-24,1,Direct,Android,True
7772,28-Jan-25,India,Ahmedabad,Male,18-24,1,Social,Android,True
7810,26-Oct-25,India,Ahmedabad,Male,18-24,1,Paid Search,Android,True
7882,27-Feb-25,India,Hyderabad,Male,18-24,1,Paid Search,Android,True
